Protein ID,Gene,adj_p,note
A0A024R1R8,TMA7B,,no Adjusted P-value columns in this combined_protein.tsv
A0A0B4J2F0,PIGBOS1,,no Adjusted P-value columns in this combined_protein.tsv
A0A0J9YX57,MAGEB6B,,no Adjusted P-value columns in this combined_protein.tsv
A0A2R8Y4L2,HNRNPA1L3,,no Adjusted P-value columns in this combined_protein.tsv
A0A7I2V3R4,RNF228,,no Adjusted P-value columns in this combined_protein.tsv
A0AVT1,UBA6,,no Adjusted P-value columns in this combined_protein.tsv
A0FGR8,ESYT2,,no Adjusted P-value columns in this combined_protein.tsv
A0JLT2,MED19,,no Adjusted P-value columns in this combined_protein.tsv
A0MZ66,SHTN1,,no Adjusted P-value columns in this combined_protein.tsv
A1L020,MEX3A,,no Adjusted P-value columns in this combined_protein.tsv
A2RRP1,NBAS,,no Adjusted P-value columns in this combined_protein.tsv
A2RTX5,TARS3,,no Adjusted P-value columns in this combined_protein.tsv
A3KN83,SBNO1,,no Adjusted P-value columns in this combined_protein.tsv
A4D126,CRPPA,,no Adjusted P-value columns in this combined_protein.tsv
A4D1E9,GTPBP10,,no Adjusted P-value columns in this combined_protein.tsv
A4D1P6,WDR91,,no Adjusted P-value columns in this combined_protein.tsv
A5D8V6,VPS37C,,no Adjusted P-value columns in this combined_protein.tsv
A5PLN9,TRAPPC13,,no Adjusted P-value columns in this combined_protein.tsv
A5YKK6,CNOT1,,no Adjusted P-value columns in this combined_protein.tsv
A5Z2X5,YPR010C-A,,no Adjusted P-value columns in this combined_protein.tsv
A6NCE7,MAP1LC3B2,,no Adjusted P-value columns in this combined_protein.tsv
A6NDG6,PGP,,no Adjusted P-value columns in this combined_protein.tsv
A6NDU8,RIMOC1,,no Adjusted P-value columns in this combined_protein.tsv
A6NED2,RCCD1,,no Adjusted P-value columns in this combined_protein.tsv
A6NFI3,ZNF316,,no Adjusted P-value columns in this combined_protein.tsv
A6NGK3,GAGE10,,no Adjusted P-value columns in this combined_protein.tsv
A6NHL2,TUBAL3,,no Adjusted P-value columns in this combined_protein.tsv
A6NHR9,SMCHD1,,no Adjusted P-value columns in this combined_protein.tsv
A6NIH7,UNC119B,,no Adjusted P-value columns in this combined_protein.tsv
A6NJ78,METTL15,,no Adjusted P-value columns in this combined_protein.tsv
A8CG34,POM121C,,no Adjusted P-value columns in this combined_protein.tsv
A8MPS7,YDJC,,no Adjusted P-value columns in this combined_protein.tsv
A8MT69,CENPX,,no Adjusted P-value columns in this combined_protein.tsv
A8MWD9,SNRPGP15,,no Adjusted P-value columns in this combined_protein.tsv
A8MXV4,NUDT19,,no Adjusted P-value columns in this combined_protein.tsv
B2RUZ4,SMIM1,,no Adjusted P-value columns in this combined_protein.tsv
B3EWF7,EPM2A,,no Adjusted P-value columns in this combined_protein.tsv
C9J7I0,UMAD1,,no Adjusted P-value columns in this combined_protein.tsv
C9JLW8,MCRIP1,,no Adjusted P-value columns in this combined_protein.tsv
D6VTK4,STE2,,no Adjusted P-value columns in this combined_protein.tsv
E9PAV3,NACA,,no Adjusted P-value columns in this combined_protein.tsv
E9PRG8,RSMC,,no Adjusted P-value columns in this combined_protein.tsv
L0R6Q1,SLC35A4,,no Adjusted P-value columns in this combined_protein.tsv
L0R819,ASDURF,,no Adjusted P-value columns in this combined_protein.tsv
L0R8F8,MIEF1,,no Adjusted P-value columns in this combined_protein.tsv
O00115,DNASE2,,no Adjusted P-value columns in this combined_protein.tsv
O00116,AGPS,,no Adjusted P-value columns in this combined_protein.tsv
O00139,KIF2A,,no Adjusted P-value columns in this combined_protein.tsv
O00148,DDX39A,,no Adjusted P-value columns in this combined_protein.tsv
O00151,PDLIM1,,no Adjusted P-value columns in this combined_protein.tsv
O00154,ACOT7,,no Adjusted P-value columns in this combined_protein.tsv
O00159,MYO1C,,no Adjusted P-value columns in this combined_protein.tsv
O00161,SNAP23,,no Adjusted P-value columns in this combined_protein.tsv
O00165,HAX1,,no Adjusted P-value columns in this combined_protein.tsv
O00170,AIP,,no Adjusted P-value columns in this combined_protein.tsv
O00178,GTPBP1,,no Adjusted P-value columns in this combined_protein.tsv
O00186,STXBP3,,no Adjusted P-value columns in this combined_protein.tsv
O00193,SMAP,,no Adjusted P-value columns in this combined_protein.tsv
O00203,AP3B1,,no Adjusted P-value columns in this combined_protein.tsv
O00214,LGALS8,,no Adjusted P-value columns in this combined_protein.tsv
O00217,NDUFS8,,no Adjusted P-value columns in this combined_protein.tsv
O00231,PSMD11,,no Adjusted P-value columns in this combined_protein.tsv
O00232,PSMD12,,no Adjusted P-value columns in this combined_protein.tsv
O00233,PSMD9,,no Adjusted P-value columns in this combined_protein.tsv
O00244,ATOX1,,no Adjusted P-value columns in this combined_protein.tsv
O00255,MEN1,,no Adjusted P-value columns in this combined_protein.tsv
O00264,PGRMC1,,no Adjusted P-value columns in this combined_protein.tsv
O00267,SUPT5H,,no Adjusted P-value columns in this combined_protein.tsv
O00268,TAF4,,no Adjusted P-value columns in this combined_protein.tsv
O00273,DFFA,,no Adjusted P-value columns in this combined_protein.tsv
O00291,HIP1,,no Adjusted P-value columns in this combined_protein.tsv
O00299,CLIC1,,no Adjusted P-value columns in this combined_protein.tsv
O00303,EIF3F,,no Adjusted P-value columns in this combined_protein.tsv
O00308,WWP2,,no Adjusted P-value columns in this combined_protein.tsv
O00330,PDHX,,no Adjusted P-value columns in this combined_protein.tsv
O00399,DCTN6,,no Adjusted P-value columns in this combined_protein.tsv
O00401,WASL,,no Adjusted P-value columns in this combined_protein.tsv
O00408,PDE2A,,no Adjusted P-value columns in this combined_protein.tsv
O00410,IPO5,,no Adjusted P-value columns in this combined_protein.tsv
O00411,POLRMT,,no Adjusted P-value columns in this combined_protein.tsv
O00418,EEF2K,,no Adjusted P-value columns in this combined_protein.tsv
O00422,SAP18,,no Adjusted P-value columns in this combined_protein.tsv
O00425,IGF2BP3,,no Adjusted P-value columns in this combined_protein.tsv
O00429,DNM1L,,no Adjusted P-value columns in this combined_protein.tsv
O00442,RTCA,,no Adjusted P-value columns in this combined_protein.tsv
O00443,PIK3C2A,,no Adjusted P-value columns in this combined_protein.tsv
O00459,PIK3R2,,no Adjusted P-value columns in this combined_protein.tsv
O00461,GOLIM4,,no Adjusted P-value columns in this combined_protein.tsv
O00470,MEIS1,,no Adjusted P-value columns in this combined_protein.tsv
O00471,EXOC5,,no Adjusted P-value columns in this combined_protein.tsv
O00479,HMGN4,,no Adjusted P-value columns in this combined_protein.tsv
O00483,COXFA4,,no Adjusted P-value columns in this combined_protein.tsv
O00487,PSMD14,,no Adjusted P-value columns in this combined_protein.tsv
O00488,ZNF593,,no Adjusted P-value columns in this combined_protein.tsv
O00505,KPNA3,,no Adjusted P-value columns in this combined_protein.tsv
O00506,STK25,,no Adjusted P-value columns in this combined_protein.tsv
O00507,USP9Y,,no Adjusted P-value columns in this combined_protein.tsv
O00541,PES1,,no Adjusted P-value columns in this combined_protein.tsv
O00560,SDCBP,,no Adjusted P-value columns in this combined_protein.tsv
O00566,MPHOSPH10,,no Adjusted P-value columns in this combined_protein.tsv
O00567,NOP56,,no Adjusted P-value columns in this combined_protein.tsv
O00571,DDX3X,,no Adjusted P-value columns in this combined_protein.tsv
O00584,RNASET2,,no Adjusted P-value columns in this combined_protein.tsv
O00625,PIR,,no Adjusted P-value columns in this combined_protein.tsv
O00629,KPNA4,,no Adjusted P-value columns in this combined_protein.tsv
O00635,TRIM38,,no Adjusted P-value columns in this combined_protein.tsv
O00716,E2F3,,no Adjusted P-value columns in this combined_protein.tsv
O00743,PPP6C,,no Adjusted P-value columns in this combined_protein.tsv
O00764,PDXK,,no Adjusted P-value columns in this combined_protein.tsv
O00767,SCD,,no Adjusted P-value columns in this combined_protein.tsv
O13297,CET1,,no Adjusted P-value columns in this combined_protein.tsv
O13329,FOB1,,no Adjusted P-value columns in this combined_protein.tsv
O13516,RPS9A,,no Adjusted P-value columns in this combined_protein.tsv
O13539,THP2,,no Adjusted P-value columns in this combined_protein.tsv
O13547,CCW14,,no Adjusted P-value columns in this combined_protein.tsv
O13563,RPN13,,no Adjusted P-value columns in this combined_protein.tsv
O13585,YPR089W,,no Adjusted P-value columns in this combined_protein.tsv
O14455,RPL36B,,no Adjusted P-value columns in this combined_protein.tsv
O14467,MBF1,,no Adjusted P-value columns in this combined_protein.tsv
O14497,ARID1A,,no Adjusted P-value columns in this combined_protein.tsv
O14519,CDK2AP1,,no Adjusted P-value columns in this combined_protein.tsv
O14526,FCHO1,,no Adjusted P-value columns in this combined_protein.tsv
O14530,TXNDC9,,no Adjusted P-value columns in this combined_protein.tsv
O14543,SOCS3,,no Adjusted P-value columns in this combined_protein.tsv
O14545,TRAFD1,,no Adjusted P-value columns in this combined_protein.tsv
O14548,COX7A2L,,no Adjusted P-value columns in this combined_protein.tsv
O14561,NDUFAB1,,no Adjusted P-value columns in this combined_protein.tsv
O14562,UBFD1,,no Adjusted P-value columns in this combined_protein.tsv
O14578,CIT,,no Adjusted P-value columns in this combined_protein.tsv
O14579,COPE,,no Adjusted P-value columns in this combined_protein.tsv
O14617,AP3D1,,no Adjusted P-value columns in this combined_protein.tsv
O14618,CCS,,no Adjusted P-value columns in this combined_protein.tsv
O14641,DVL2,,no Adjusted P-value columns in this combined_protein.tsv
O14646,CHD1,,no Adjusted P-value columns in this combined_protein.tsv
O14653,GOSR2,,no Adjusted P-value columns in this combined_protein.tsv
O14656,TOR1A,,no Adjusted P-value columns in this combined_protein.tsv
O14657,TOR1B,,no Adjusted P-value columns in this combined_protein.tsv
O14662,STX16,,no Adjusted P-value columns in this combined_protein.tsv
O14686,KMT2D,,no Adjusted P-value columns in this combined_protein.tsv
O14733,MAP2K7,,no Adjusted P-value columns in this combined_protein.tsv
O14734,ACOT8,,no Adjusted P-value columns in this combined_protein.tsv
O14737,PDCD5,,no Adjusted P-value columns in this combined_protein.tsv
O14744,PRMT5,,no Adjusted P-value columns in this combined_protein.tsv
O14745,NHERF1,,no Adjusted P-value columns in this combined_protein.tsv
O14757,CHEK1,,no Adjusted P-value columns in this combined_protein.tsv
O14773,TPP1,,no Adjusted P-value columns in this combined_protein.tsv
O14776,TCERG1,,no Adjusted P-value columns in this combined_protein.tsv
O14777,NDC80,,no Adjusted P-value columns in this combined_protein.tsv
O14787,TNPO2,,no Adjusted P-value columns in this combined_protein.tsv
O14802,POLR3A,,no Adjusted P-value columns in this combined_protein.tsv
O14818,PSMA7,,no Adjusted P-value columns in this combined_protein.tsv
O14828,SCAMP3,,no Adjusted P-value columns in this combined_protein.tsv
O14841,OPLAH,,no Adjusted P-value columns in this combined_protein.tsv
O14874,BCKDK,,no Adjusted P-value columns in this combined_protein.tsv
O14880,MGST3,,no Adjusted P-value columns in this combined_protein.tsv
O14893,GEMIN2,,no Adjusted P-value columns in this combined_protein.tsv
O14907,TAX1BP3,,no Adjusted P-value columns in this combined_protein.tsv
O14908,GIPC1,,no Adjusted P-value columns in this combined_protein.tsv
O14920,IKBKB,,no Adjusted P-value columns in this combined_protein.tsv
O14925,TIMM23,,no Adjusted P-value columns in this combined_protein.tsv
O14929,HAT1,,no Adjusted P-value columns in this combined_protein.tsv
O14949,UQCRQ,,no Adjusted P-value columns in this combined_protein.tsv
O14950,MYL12B,,no Adjusted P-value columns in this combined_protein.tsv
O14957,UQCR11,,no Adjusted P-value columns in this combined_protein.tsv
O14964,HGS,,no Adjusted P-value columns in this combined_protein.tsv
O14965,AURKA,,no Adjusted P-value columns in this combined_protein.tsv
O14972,VPS26C,,no Adjusted P-value columns in this combined_protein.tsv
O14974,PPP1R12A,,no Adjusted P-value columns in this combined_protein.tsv
O14976,GAK,,no Adjusted P-value columns in this combined_protein.tsv
O14979,HNRNPDL,,no Adjusted P-value columns in this combined_protein.tsv
O14980,XPO1,,no Adjusted P-value columns in this combined_protein.tsv
O14981,BTAF1,,no Adjusted P-value columns in this combined_protein.tsv
O15014,ZNF609,,no Adjusted P-value columns in this combined_protein.tsv
O15020,SPTBN2,,no Adjusted P-value columns in this combined_protein.tsv
O15027,SEC16A,,no Adjusted P-value columns in this combined_protein.tsv
O15042,U2SURP,,no Adjusted P-value columns in this combined_protein.tsv
O15047,SETD1A,,no Adjusted P-value columns in this combined_protein.tsv
O15067,PFAS,,no Adjusted P-value columns in this combined_protein.tsv
O15084,ANKRD28,,no Adjusted P-value columns in this combined_protein.tsv
O15091,PRORP,,no Adjusted P-value columns in this combined_protein.tsv
O15111,CHUK,,no Adjusted P-value columns in this combined_protein.tsv
O15116,LSM1,,no Adjusted P-value columns in this combined_protein.tsv
O15117,FYB1,,no Adjusted P-value columns in this combined_protein.tsv
O15118,NPC1,,no Adjusted P-value columns in this combined_protein.tsv
O15126,SCAMP1,,no Adjusted P-value columns in this combined_protein.tsv
O15127,SCAMP2,,no Adjusted P-value columns in this combined_protein.tsv
O15143,ARPC1B,,no Adjusted P-value columns in this combined_protein.tsv
O15144,ARPC2,,no Adjusted P-value columns in this combined_protein.tsv
O15145,ARPC3,,no Adjusted P-value columns in this combined_protein.tsv
O15155,BET1,,no Adjusted P-value columns in this combined_protein.tsv
O15160,POLR1C,,no Adjusted P-value columns in this combined_protein.tsv
O15164,TRIM24,,no Adjusted P-value columns in this combined_protein.tsv
O15173,PGRMC2,,no Adjusted P-value columns in this combined_protein.tsv
O15182,CETN3,,no Adjusted P-value columns in this combined_protein.tsv
O15212,PFDN6,,no Adjusted P-value columns in this combined_protein.tsv
O15213,WDR46,,no Adjusted P-value columns in this combined_protein.tsv
O15226,NKRF,,no Adjusted P-value columns in this combined_protein.tsv
O15228,GNPAT,,no Adjusted P-value columns in this combined_protein.tsv
O15234,CASC3,,no Adjusted P-value columns in this combined_protein.tsv
O15235,MRPS12,,no Adjusted P-value columns in this combined_protein.tsv
O15247,CLIC2,,no Adjusted P-value columns in this combined_protein.tsv
O15258,RER1,,no Adjusted P-value columns in this combined_protein.tsv
O15260,SURF4,,no Adjusted P-value columns in this combined_protein.tsv
O15269,SPTLC1,,no Adjusted P-value columns in this combined_protein.tsv
O15270,SPTLC2,,no Adjusted P-value columns in this combined_protein.tsv
O15294,OGT,,no Adjusted P-value columns in this combined_protein.tsv
O15305,PMM2,,no Adjusted P-value columns in this combined_protein.tsv
O15318,POLR3G,,no Adjusted P-value columns in this combined_protein.tsv
O15347,HMGB3,,no Adjusted P-value columns in this combined_protein.tsv
O15355,PPM1G,,no Adjusted P-value columns in this combined_protein.tsv
O15357,INPPL1,,no Adjusted P-value columns in this combined_protein.tsv
O15371,EIF3D,,no Adjusted P-value columns in this combined_protein.tsv
O15372,EIF3H,,no Adjusted P-value columns in this combined_protein.tsv
O15379,HDAC3,,no Adjusted P-value columns in this combined_protein.tsv
O15381,NVL,,no Adjusted P-value columns in this combined_protein.tsv
O15382,BCAT2,,no Adjusted P-value columns in this combined_protein.tsv
O15392,BIRC5,,no Adjusted P-value columns in this combined_protein.tsv
O15397,IPO8,,no Adjusted P-value columns in this combined_protein.tsv
O15400,STX7,,no Adjusted P-value columns in this combined_protein.tsv
O15439,ABCC4,,no Adjusted P-value columns in this combined_protein.tsv
O15446,POLR1G,,no Adjusted P-value columns in this combined_protein.tsv
O15479,MAGEB2,,no Adjusted P-value columns in this combined_protein.tsv
O15498,YKT6,,no Adjusted P-value columns in this combined_protein.tsv
O15504,NUP42,,no Adjusted P-value columns in this combined_protein.tsv
O15511,ARPC5,,no Adjusted P-value columns in this combined_protein.tsv
O15514,POLR2D,,no Adjusted P-value columns in this combined_protein.tsv
O15525,MAFG,,no Adjusted P-value columns in this combined_protein.tsv
O15530,PDPK1,,no Adjusted P-value columns in this combined_protein.tsv
O15541,RNF113A,,no Adjusted P-value columns in this combined_protein.tsv
O15550,KDM6A,,no Adjusted P-value columns in this combined_protein.tsv
O43137,YBR085C-A,,no Adjusted P-value columns in this combined_protein.tsv
O43143,DHX15,,no Adjusted P-value columns in this combined_protein.tsv
O43148,RNMT,,no Adjusted P-value columns in this combined_protein.tsv
O43156,TTI1,,no Adjusted P-value columns in this combined_protein.tsv
O43159,RRP8,,no Adjusted P-value columns in this combined_protein.tsv
O43164,PJA2,,no Adjusted P-value columns in this combined_protein.tsv
O43169,CYB5B,,no Adjusted P-value columns in this combined_protein.tsv
O43172,PRPF4,,no Adjusted P-value columns in this combined_protein.tsv
O43175,PHGDH,,no Adjusted P-value columns in this combined_protein.tsv
O43181,NDUFS4,,no Adjusted P-value columns in this combined_protein.tsv
O43182,ARHGAP6,,no Adjusted P-value columns in this combined_protein.tsv
O43237,DYNC1LI2,,no Adjusted P-value columns in this combined_protein.tsv
O43242,PSMD3,,no Adjusted P-value columns in this combined_protein.tsv
O43251,RBFOX2,,no Adjusted P-value columns in this combined_protein.tsv
O43252,PAPSS1,,no Adjusted P-value columns in this combined_protein.tsv
O43264,ZW10,,no Adjusted P-value columns in this combined_protein.tsv
O43290,SART1,,no Adjusted P-value columns in this combined_protein.tsv
O43314,PPIP5K2,,no Adjusted P-value columns in this combined_protein.tsv
O43318,MAP3K7,,no Adjusted P-value columns in this combined_protein.tsv
O43324,EEF1E1,,no Adjusted P-value columns in this combined_protein.tsv
O43353,RIPK2,,no Adjusted P-value columns in this combined_protein.tsv
O43379,WDR62,,no Adjusted P-value columns in this combined_protein.tsv
O43390,HNRNPR,,no Adjusted P-value columns in this combined_protein.tsv
O43395,PRPF3,,no Adjusted P-value columns in this combined_protein.tsv
O43396,TXNL1,,no Adjusted P-value columns in this combined_protein.tsv
O43399,TPD52L2,,no Adjusted P-value columns in this combined_protein.tsv
O43402,EMC8,,no Adjusted P-value columns in this combined_protein.tsv
O43414,ERI3,,no Adjusted P-value columns in this combined_protein.tsv
O43422,THAP12,,no Adjusted P-value columns in this combined_protein.tsv
O43427,FIBP,,no Adjusted P-value columns in this combined_protein.tsv
O43432,EIF4G3,,no Adjusted P-value columns in this combined_protein.tsv
O43439,CBFA2T2,,no Adjusted P-value columns in this combined_protein.tsv
O43447,PPIH,,no Adjusted P-value columns in this combined_protein.tsv
O43463,SUV39H1,,no Adjusted P-value columns in this combined_protein.tsv
O43464,HTRA2,,no Adjusted P-value columns in this combined_protein.tsv
O43482,OIP5,,no Adjusted P-value columns in this combined_protein.tsv
O43488,AKR7A2,,no Adjusted P-value columns in this combined_protein.tsv
O43491,EPB41L2,,no Adjusted P-value columns in this combined_protein.tsv
O43493,TGOLN2,,no Adjusted P-value columns in this combined_protein.tsv
O43502,RAD51C,,no Adjusted P-value columns in this combined_protein.tsv
O43504,LAMTOR5,,no Adjusted P-value columns in this combined_protein.tsv
O43513,MED7,,no Adjusted P-value columns in this combined_protein.tsv
O43516,WIPF1,,no Adjusted P-value columns in this combined_protein.tsv
O43520,ATP8B1,,no Adjusted P-value columns in this combined_protein.tsv
O43583,DENR,,no Adjusted P-value columns in this combined_protein.tsv
O43592,XPOT,,no Adjusted P-value columns in this combined_protein.tsv
O43598,DNPH1,,no Adjusted P-value columns in this combined_protein.tsv
O43615,TIMM44,,no Adjusted P-value columns in this combined_protein.tsv
O43617,TRAPPC3,,no Adjusted P-value columns in this combined_protein.tsv
O43633,CHMP2A,,no Adjusted P-value columns in this combined_protein.tsv
O43639,NCK2,,no Adjusted P-value columns in this combined_protein.tsv
O43660,PLRG1,,no Adjusted P-value columns in this combined_protein.tsv
O43663,PRC1,,no Adjusted P-value columns in this combined_protein.tsv
O43665,RGS10,,no Adjusted P-value columns in this combined_protein.tsv
O43670,ZNF207,,no Adjusted P-value columns in this combined_protein.tsv
O43674,NDUFB5,,no Adjusted P-value columns in this combined_protein.tsv
O43676,NDUFB3,,no Adjusted P-value columns in this combined_protein.tsv
O43678,NDUFA2,,no Adjusted P-value columns in this combined_protein.tsv
O43681,GET3,,no Adjusted P-value columns in this combined_protein.tsv
O43683,BUB1,,no Adjusted P-value columns in this combined_protein.tsv
O43684,BUB3,,no Adjusted P-value columns in this combined_protein.tsv
O43707,ACTN4,,no Adjusted P-value columns in this combined_protein.tsv
O43708,GSTZ1,,no Adjusted P-value columns in this combined_protein.tsv
O43709,BUD23,,no Adjusted P-value columns in this combined_protein.tsv
O43715,TRIAP1,,no Adjusted P-value columns in this combined_protein.tsv
O43716,GATC,,no Adjusted P-value columns in this combined_protein.tsv
O43719,HTATSF1,,no Adjusted P-value columns in this combined_protein.tsv
O43747,AP1G1,,no Adjusted P-value columns in this combined_protein.tsv
O43752,STX6,,no Adjusted P-value columns in this combined_protein.tsv
O43760,SYNGR2,,no Adjusted P-value columns in this combined_protein.tsv
O43765,SGTA,,no Adjusted P-value columns in this combined_protein.tsv
O43766,LIAS,,no Adjusted P-value columns in this combined_protein.tsv
O43768,ENSA,,no Adjusted P-value columns in this combined_protein.tsv
O43772,SLC25A20,,no Adjusted P-value columns in this combined_protein.tsv
O43776,NARS1,,no Adjusted P-value columns in this combined_protein.tsv
O43805,SSNA1,,no Adjusted P-value columns in this combined_protein.tsv
O43808,SLC25A17,,no Adjusted P-value columns in this combined_protein.tsv
O43809,NUDT21,,no Adjusted P-value columns in this combined_protein.tsv
O43813,LANCL1,,no Adjusted P-value columns in this combined_protein.tsv
O43815,STRN,,no Adjusted P-value columns in this combined_protein.tsv
O43818,RRP9,,no Adjusted P-value columns in this combined_protein.tsv
O43819,SCO2,,no Adjusted P-value columns in this combined_protein.tsv
O43823,AKAP8,,no Adjusted P-value columns in this combined_protein.tsv
O43837,IDH3B,,no Adjusted P-value columns in this combined_protein.tsv
O43847,NRDC,,no Adjusted P-value columns in this combined_protein.tsv
O43852,CALU,,no Adjusted P-value columns in this combined_protein.tsv
O43865,AHCYL1,,no Adjusted P-value columns in this combined_protein.tsv
O43913,ORC5,,no Adjusted P-value columns in this combined_protein.tsv
O43920,NDUFS5,,no Adjusted P-value columns in this combined_protein.tsv
O43929,ORC4,,no Adjusted P-value columns in this combined_protein.tsv
O43933,PEX1,,no Adjusted P-value columns in this combined_protein.tsv
O60200,MDM35,,no Adjusted P-value columns in this combined_protein.tsv
O60216,RAD21,,no Adjusted P-value columns in this combined_protein.tsv
O60220,TIMM8A,,no Adjusted P-value columns in this combined_protein.tsv
O60231,DHX16,,no Adjusted P-value columns in this combined_protein.tsv
O60232,ZNRD2,,no Adjusted P-value columns in this combined_protein.tsv
O60234,GMFG,,no Adjusted P-value columns in this combined_protein.tsv
O60244,MED14,,no Adjusted P-value columns in this combined_protein.tsv
O60256,PRPSAP2,,no Adjusted P-value columns in this combined_protein.tsv
O60264,SMARCA5,,no Adjusted P-value columns in this combined_protein.tsv
O60271,SPAG9,,no Adjusted P-value columns in this combined_protein.tsv
O60287,URB1,,no Adjusted P-value columns in this combined_protein.tsv
O60293,ZFC3H1,,no Adjusted P-value columns in this combined_protein.tsv
O60294,LCMT2,,no Adjusted P-value columns in this combined_protein.tsv
O60306,AQR,,no Adjusted P-value columns in this combined_protein.tsv
O60313,OPA1,,no Adjusted P-value columns in this combined_protein.tsv
O60318,MCM3AP,,no Adjusted P-value columns in this combined_protein.tsv
O60341,KDM1A,,no Adjusted P-value columns in this combined_protein.tsv
O60343,TBC1D4,,no Adjusted P-value columns in this combined_protein.tsv
O60427,FADS1,,no Adjusted P-value columns in this combined_protein.tsv
O60437,PPL,,no Adjusted P-value columns in this combined_protein.tsv
O60476,MAN1A2,,no Adjusted P-value columns in this combined_protein.tsv
O60488,ACSL4,,no Adjusted P-value columns in this combined_protein.tsv
O60493,SNX3,,no Adjusted P-value columns in this combined_protein.tsv
O60502,OGA,,no Adjusted P-value columns in this combined_protein.tsv
O60506,SYNCRIP,,no Adjusted P-value columns in this combined_protein.tsv
O60508,CDC40,,no Adjusted P-value columns in this combined_protein.tsv
O60547,GMDS,,no Adjusted P-value columns in this combined_protein.tsv
O60563,CCNT1,,no Adjusted P-value columns in this combined_protein.tsv
O60566,BUB1B,,no Adjusted P-value columns in this combined_protein.tsv
O60568,PLOD3,,no Adjusted P-value columns in this combined_protein.tsv
O60573,EIF4E2,,no Adjusted P-value columns in this combined_protein.tsv
O60610,DIAPH1,,no Adjusted P-value columns in this combined_protein.tsv
O60613,SELENOF,,no Adjusted P-value columns in this combined_protein.tsv
O60645,EXOC3,,no Adjusted P-value columns in this combined_protein.tsv
O60664,PLIN3,,no Adjusted P-value columns in this combined_protein.tsv
O60671,RAD1,,no Adjusted P-value columns in this combined_protein.tsv
O60678,PRMT3,,no Adjusted P-value columns in this combined_protein.tsv
O60684,KPNA6,,no Adjusted P-value columns in this combined_protein.tsv
O60701,UGDH,,no Adjusted P-value columns in this combined_protein.tsv
O60716,CTNND1,,no Adjusted P-value columns in this combined_protein.tsv
O60732,MAGEC1,,no Adjusted P-value columns in this combined_protein.tsv
O60739,EIF1B,,no Adjusted P-value columns in this combined_protein.tsv
O60749,SNX2,,no Adjusted P-value columns in this combined_protein.tsv
O60762,DPM1,,no Adjusted P-value columns in this combined_protein.tsv
O60763,USO1,,no Adjusted P-value columns in this combined_protein.tsv
O60783,MRPS14,,no Adjusted P-value columns in this combined_protein.tsv
O60784,TOM1,,no Adjusted P-value columns in this combined_protein.tsv
O60814,H2BC12,,no Adjusted P-value columns in this combined_protein.tsv
O60825,PFKFB2,,no Adjusted P-value columns in this combined_protein.tsv
O60826,CCDC22,,no Adjusted P-value columns in this combined_protein.tsv
O60828,PQBP1,,no Adjusted P-value columns in this combined_protein.tsv
O60830,TIMM17B,,no Adjusted P-value columns in this combined_protein.tsv
O60832,DKC1,,no Adjusted P-value columns in this combined_protein.tsv
O60841,EIF5B,,no Adjusted P-value columns in this combined_protein.tsv
O60869,EDF1,,no Adjusted P-value columns in this combined_protein.tsv
O60870,KIN,,no Adjusted P-value columns in this combined_protein.tsv
O60884,DNAJA2,,no Adjusted P-value columns in this combined_protein.tsv
O60885,BRD4,,no Adjusted P-value columns in this combined_protein.tsv
O60888,CUTA,,no Adjusted P-value columns in this combined_protein.tsv
O60907,TBL1X,,no Adjusted P-value columns in this combined_protein.tsv
O60921,HUS1,,no Adjusted P-value columns in this combined_protein.tsv
O60925,PFDN1,,no Adjusted P-value columns in this combined_protein.tsv
O60927,PPP1R11,,no Adjusted P-value columns in this combined_protein.tsv
O60934,NBN,,no Adjusted P-value columns in this combined_protein.tsv
O60942,RNGTT,,no Adjusted P-value columns in this combined_protein.tsv
O74700,TIM9,,no Adjusted P-value columns in this combined_protein.tsv
O75027,ABCB7,,no Adjusted P-value columns in this combined_protein.tsv
O75044,SRGAP2,,no Adjusted P-value columns in this combined_protein.tsv
O75061,DNAJC6,,no Adjusted P-value columns in this combined_protein.tsv
O75063,FAM20B,,no Adjusted P-value columns in this combined_protein.tsv
O75081,CBFA2T3,,no Adjusted P-value columns in this combined_protein.tsv
O75083,WDR1,,no Adjusted P-value columns in this combined_protein.tsv
O75113,N4BP1,,no Adjusted P-value columns in this combined_protein.tsv
O75116,ROCK2,,no Adjusted P-value columns in this combined_protein.tsv
O75122,CLASP2,,no Adjusted P-value columns in this combined_protein.tsv
O75127,PTCD1,,no Adjusted P-value columns in this combined_protein.tsv
O75131,CPNE3,,no Adjusted P-value columns in this combined_protein.tsv
O75146,HIP1R,,no Adjusted P-value columns in this combined_protein.tsv
O75150,RNF40,,no Adjusted P-value columns in this combined_protein.tsv
O75152,ZC3H11A,,no Adjusted P-value columns in this combined_protein.tsv
O75153,CLUH,,no Adjusted P-value columns in this combined_protein.tsv
O75155,CAND2,,no Adjusted P-value columns in this combined_protein.tsv
O75157,TSC22D2,,no Adjusted P-value columns in this combined_protein.tsv
O75170,PPP6R2,,no Adjusted P-value columns in this combined_protein.tsv
O75175,CNOT3,,no Adjusted P-value columns in this combined_protein.tsv
O75177,SS18L1,,no Adjusted P-value columns in this combined_protein.tsv
O75179,ANKRD17,,no Adjusted P-value columns in this combined_protein.tsv
O75190,DNAJB6,,no Adjusted P-value columns in this combined_protein.tsv
O75191,XYLB,,no Adjusted P-value columns in this combined_protein.tsv
O75208,COQ9,,no Adjusted P-value columns in this combined_protein.tsv
O75223,GGCT,,no Adjusted P-value columns in this combined_protein.tsv
O75251,NDUFS7,,no Adjusted P-value columns in this combined_protein.tsv
O75306,NDUFS2,,no Adjusted P-value columns in this combined_protein.tsv
O75312,ZPR1,,no Adjusted P-value columns in this combined_protein.tsv
O75319,DUSP11,,no Adjusted P-value columns in this combined_protein.tsv
O75323,NIPSNAP2,,no Adjusted P-value columns in this combined_protein.tsv
O75330,HMMR,,no Adjusted P-value columns in this combined_protein.tsv
O75340,PDCD6,,no Adjusted P-value columns in this combined_protein.tsv
O75347,TBCA,,no Adjusted P-value columns in this combined_protein.tsv
O75348,ATP6V1G1,,no Adjusted P-value columns in this combined_protein.tsv
O75351,VPS4B,,no Adjusted P-value columns in this combined_protein.tsv
O75352,MPDU1,,no Adjusted P-value columns in this combined_protein.tsv
O75362,ZNF217,,no Adjusted P-value columns in this combined_protein.tsv
O75367,MACROH2A1,,no Adjusted P-value columns in this combined_protein.tsv
O75368,SH3BGRL,,no Adjusted P-value columns in this combined_protein.tsv
O75369,FLNB,,no Adjusted P-value columns in this combined_protein.tsv
O75376,NCOR1,,no Adjusted P-value columns in this combined_protein.tsv
O75379,VAMP4,,no Adjusted P-value columns in this combined_protein.tsv
O75380,NDUFS6,,no Adjusted P-value columns in this combined_protein.tsv
O75381,PEX14,,no Adjusted P-value columns in this combined_protein.tsv
O75390,CS,,no Adjusted P-value columns in this combined_protein.tsv
O75391,SPAG7,,no Adjusted P-value columns in this combined_protein.tsv
O75394,MRPL33,,no Adjusted P-value columns in this combined_protein.tsv
O75396,SEC22B,,no Adjusted P-value columns in this combined_protein.tsv
O75400,PRPF40A,,no Adjusted P-value columns in this combined_protein.tsv
O75410,TACC1,,no Adjusted P-value columns in this combined_protein.tsv
O75414,NME6,,no Adjusted P-value columns in this combined_protein.tsv
O75419,CDC45,,no Adjusted P-value columns in this combined_protein.tsv
O75427,LRCH4,,no Adjusted P-value columns in this combined_protein.tsv
O75431,MTX2,,no Adjusted P-value columns in this combined_protein.tsv
O75436,VPS26A,,no Adjusted P-value columns in this combined_protein.tsv
O75438,NDUFB1,,no Adjusted P-value columns in this combined_protein.tsv
O75439,PMPCB,,no Adjusted P-value columns in this combined_protein.tsv
O75446,SAP30,,no Adjusted P-value columns in this combined_protein.tsv
O75448,MED24,,no Adjusted P-value columns in this combined_protein.tsv
O75449,KATNA1,,no Adjusted P-value columns in this combined_protein.tsv
O75459,PAGE1,,no Adjusted P-value columns in this combined_protein.tsv
O75475,PSIP1,,no Adjusted P-value columns in this combined_protein.tsv
O75489,NDUFS3,,no Adjusted P-value columns in this combined_protein.tsv
O75494,SRSF10,,no Adjusted P-value columns in this combined_protein.tsv
O75496,GMNN,,no Adjusted P-value columns in this combined_protein.tsv
O75506,HSBP1,,no Adjusted P-value columns in this combined_protein.tsv
O75521,ECI2,,no Adjusted P-value columns in this combined_protein.tsv
O75528,TADA3,,no Adjusted P-value columns in this combined_protein.tsv
O75529,TAF5L,,no Adjusted P-value columns in this combined_protein.tsv
O75530,EED,,no Adjusted P-value columns in this combined_protein.tsv
O75531,BANF1,,no Adjusted P-value columns in this combined_protein.tsv
O75533,SF3B1,,no Adjusted P-value columns in this combined_protein.tsv
O75534,CSDE1,,no Adjusted P-value columns in this combined_protein.tsv
O75569,PRKRA,,no Adjusted P-value columns in this combined_protein.tsv
O75575,CRCP,,no Adjusted P-value columns in this combined_protein.tsv
O75586,MED6,,no Adjusted P-value columns in this combined_protein.tsv
O75600,GCAT,,no Adjusted P-value columns in this combined_protein.tsv
O75607,NPM3,,no Adjusted P-value columns in this combined_protein.tsv
O75608,LYPLA1,,no Adjusted P-value columns in this combined_protein.tsv
O75616,ERAL1,,no Adjusted P-value columns in this combined_protein.tsv
O75629,CREG1,,no Adjusted P-value columns in this combined_protein.tsv
O75643,SNRNP200,,no Adjusted P-value columns in this combined_protein.tsv
O75663,TIPRL,,no Adjusted P-value columns in this combined_protein.tsv
O75674,TOM1L1,,no Adjusted P-value columns in this combined_protein.tsv
O75683,SURF6,,no Adjusted P-value columns in this combined_protein.tsv
O75688,PPM1B,,no Adjusted P-value columns in this combined_protein.tsv
O75691,UTP20,,no Adjusted P-value columns in this combined_protein.tsv
O75694,NUP155,,no Adjusted P-value columns in this combined_protein.tsv
O75717,WDHD1,,no Adjusted P-value columns in this combined_protein.tsv
O75718,CRTAP,,no Adjusted P-value columns in this combined_protein.tsv
O75746,SLC25A12,,no Adjusted P-value columns in this combined_protein.tsv
O75791,GRAP2,,no Adjusted P-value columns in this combined_protein.tsv
O75792,RNASEH2A,,no Adjusted P-value columns in this combined_protein.tsv
O75794,CDC123,,no Adjusted P-value columns in this combined_protein.tsv
O75817,POP7,,no Adjusted P-value columns in this combined_protein.tsv
O75818,RPP40,,no Adjusted P-value columns in this combined_protein.tsv
O75821,EIF3G,,no Adjusted P-value columns in this combined_protein.tsv
O75822,EIF3J,,no Adjusted P-value columns in this combined_protein.tsv
O75828,CBR3,,no Adjusted P-value columns in this combined_protein.tsv
O75832,PSMD10,,no Adjusted P-value columns in this combined_protein.tsv
O75844,ZMPSTE24,,no Adjusted P-value columns in this combined_protein.tsv
O75874,IDH1,,no Adjusted P-value columns in this combined_protein.tsv
O75879,GATB,,no Adjusted P-value columns in this combined_protein.tsv
O75880,SCO1,,no Adjusted P-value columns in this combined_protein.tsv
O75909,CCNK,,no Adjusted P-value columns in this combined_protein.tsv
O75911,DHRS3,,no Adjusted P-value columns in this combined_protein.tsv
O75925,PIAS1,,no Adjusted P-value columns in this combined_protein.tsv
O75934,BCAS2,,no Adjusted P-value columns in this combined_protein.tsv
O75935,DCTN3,,no Adjusted P-value columns in this combined_protein.tsv
O75937,DNAJC8,,no Adjusted P-value columns in this combined_protein.tsv
O75940,SMNDC1,,no Adjusted P-value columns in this combined_protein.tsv
O75943,RAD17,,no Adjusted P-value columns in this combined_protein.tsv
O75947,ATP5PD,,no Adjusted P-value columns in this combined_protein.tsv
O75955,FLOT1,,no Adjusted P-value columns in this combined_protein.tsv
O75964,ATP5MG,,no Adjusted P-value columns in this combined_protein.tsv
O75976,CPD,,no Adjusted P-value columns in this combined_protein.tsv
O76003,GLRX3,,no Adjusted P-value columns in this combined_protein.tsv
O76021,RSL1D1,,no Adjusted P-value columns in this combined_protein.tsv
O76031,CLPX,,no Adjusted P-value columns in this combined_protein.tsv
O76070,SNCG,,no Adjusted P-value columns in this combined_protein.tsv
O76071,CIAO1,,no Adjusted P-value columns in this combined_protein.tsv
O76080,ZFAND5,,no Adjusted P-value columns in this combined_protein.tsv
O76087,GAGE7,,no Adjusted P-value columns in this combined_protein.tsv
O76094,SRP72,,no Adjusted P-value columns in this combined_protein.tsv
O76095,JTB,,no Adjusted P-value columns in this combined_protein.tsv
O77727,KRT15,,no Adjusted P-value columns in this combined_protein.tsv
O94742,SEM1,,no Adjusted P-value columns in this combined_protein.tsv
O94761,RECQL4,,no Adjusted P-value columns in this combined_protein.tsv
O94762,RECQL5,,no Adjusted P-value columns in this combined_protein.tsv
O94763,URI1,,no Adjusted P-value columns in this combined_protein.tsv
O94776,MTA2,,no Adjusted P-value columns in this combined_protein.tsv
O94782,USP1,,no Adjusted P-value columns in this combined_protein.tsv
O94788,ALDH1A2,,no Adjusted P-value columns in this combined_protein.tsv
O94817,ATG12,,no Adjusted P-value columns in this combined_protein.tsv
O94822,LTN1,,no Adjusted P-value columns in this combined_protein.tsv
O94826,TOMM70,,no Adjusted P-value columns in this combined_protein.tsv
O94829,IPO13,,no Adjusted P-value columns in this combined_protein.tsv
O94830,DDHD2,,no Adjusted P-value columns in this combined_protein.tsv
O94832,MYO1D,,no Adjusted P-value columns in this combined_protein.tsv
O94842,TOX4,,no Adjusted P-value columns in this combined_protein.tsv
O94854,MACF1,,no Adjusted P-value columns in this combined_protein.tsv
O94855,SEC24D,,no Adjusted P-value columns in this combined_protein.tsv
O94874,UFL1,,no Adjusted P-value columns in this combined_protein.tsv
O94880,PHF14,,no Adjusted P-value columns in this combined_protein.tsv
O94886,TMEM63A,,no Adjusted P-value columns in this combined_protein.tsv
O94888,UBXN7,,no Adjusted P-value columns in this combined_protein.tsv
O94889,KLHL18,,no Adjusted P-value columns in this combined_protein.tsv
O94903,PLPBP,,no Adjusted P-value columns in this combined_protein.tsv
O94905,ERLIN2,,no Adjusted P-value columns in this combined_protein.tsv
O94906,PRPF6,,no Adjusted P-value columns in this combined_protein.tsv
O94913,PCF11,,no Adjusted P-value columns in this combined_protein.tsv
O94916,NFAT5,,no Adjusted P-value columns in this combined_protein.tsv
O94925,GLS,,no Adjusted P-value columns in this combined_protein.tsv
O94927,HAUS5,,no Adjusted P-value columns in this combined_protein.tsv
O94964,MTCL2,,no Adjusted P-value columns in this combined_protein.tsv
O94966,USP19,,no Adjusted P-value columns in this combined_protein.tsv
O94973,AP2A2,,no Adjusted P-value columns in this combined_protein.tsv
O94979,SEC31A,,no Adjusted P-value columns in this combined_protein.tsv
O94992,HEXIM1,,no Adjusted P-value columns in this combined_protein.tsv
O95059,RPP14,,no Adjusted P-value columns in this combined_protein.tsv
O95067,CCNB2,,no Adjusted P-value columns in this combined_protein.tsv
O95071,UBR5,,no Adjusted P-value columns in this combined_protein.tsv
O95081,AGFG2,,no Adjusted P-value columns in this combined_protein.tsv
O95104,SCAF4,,no Adjusted P-value columns in this combined_protein.tsv
O95139,NDUFB6,,no Adjusted P-value columns in this combined_protein.tsv
O95140,MFN2,,no Adjusted P-value columns in this combined_protein.tsv
O95149,SNUPN,,no Adjusted P-value columns in this combined_protein.tsv
O95155,UBE4B,,no Adjusted P-value columns in this combined_protein.tsv
O95159,ZFPL1,,no Adjusted P-value columns in this combined_protein.tsv
O95163,ELP1,,no Adjusted P-value columns in this combined_protein.tsv
O95167,NDUFA3,,no Adjusted P-value columns in this combined_protein.tsv
O95168,NDUFB4,,no Adjusted P-value columns in this combined_protein.tsv
O95169,NDUFB8,,no Adjusted P-value columns in this combined_protein.tsv
O95182,NDUFA7,,no Adjusted P-value columns in this combined_protein.tsv
O95197,RTN3,,no Adjusted P-value columns in this combined_protein.tsv
O95202,LETM1,,no Adjusted P-value columns in this combined_protein.tsv
O95218,ZRANB2,,no Adjusted P-value columns in this combined_protein.tsv
O95219,SNX4,,no Adjusted P-value columns in this combined_protein.tsv
O95229,ZWINT,,no Adjusted P-value columns in this combined_protein.tsv
O95232,LUC7L3,,no Adjusted P-value columns in this combined_protein.tsv
O95235,KIF20A,,no Adjusted P-value columns in this combined_protein.tsv
O95239,KIF4A,,no Adjusted P-value columns in this combined_protein.tsv
O95249,GOSR1,,no Adjusted P-value columns in this combined_protein.tsv
O95251,KAT7,,no Adjusted P-value columns in this combined_protein.tsv
O95273,CCNDBP1,,no Adjusted P-value columns in this combined_protein.tsv
O95292,VAPB,,no Adjusted P-value columns in this combined_protein.tsv
O95295,SNAPIN,,no Adjusted P-value columns in this combined_protein.tsv
O95297,MPZL1,,no Adjusted P-value columns in this combined_protein.tsv
O95298,NDUFC2,,no Adjusted P-value columns in this combined_protein.tsv
O95299,NDUFA10,,no Adjusted P-value columns in this combined_protein.tsv
O95319,CELF2,,no Adjusted P-value columns in this combined_protein.tsv
O95336,PGLS,,no Adjusted P-value columns in this combined_protein.tsv
O95347,SMC2,,no Adjusted P-value columns in this combined_protein.tsv
O95352,ATG7,,no Adjusted P-value columns in this combined_protein.tsv
O95363,FARS2,,no Adjusted P-value columns in this combined_protein.tsv
O95365,ZBTB7A,,no Adjusted P-value columns in this combined_protein.tsv
O95372,LYPLA2,,no Adjusted P-value columns in this combined_protein.tsv
O95373,IPO7,,no Adjusted P-value columns in this combined_protein.tsv
O95376,ARIH2,,no Adjusted P-value columns in this combined_protein.tsv
O95379,TNFAIP8,,no Adjusted P-value columns in this combined_protein.tsv
O95391,SLU7,,no Adjusted P-value columns in this combined_protein.tsv
O95394,PGM3,,no Adjusted P-value columns in this combined_protein.tsv
O95396,MOCS3,,no Adjusted P-value columns in this combined_protein.tsv
O95400,CD2BP2,,no Adjusted P-value columns in this combined_protein.tsv
O95429,BAG4,,no Adjusted P-value columns in this combined_protein.tsv
O95433,AHSA1,,no Adjusted P-value columns in this combined_protein.tsv
O95453,PARN,,no Adjusted P-value columns in this combined_protein.tsv
O95456,PSMG1,,no Adjusted P-value columns in this combined_protein.tsv
O95466,FMNL1,,no Adjusted P-value columns in this combined_protein.tsv
O95478,NSA2,,no Adjusted P-value columns in this combined_protein.tsv
O95486,SEC24A,,no Adjusted P-value columns in this combined_protein.tsv
O95487,SEC24B,,no Adjusted P-value columns in this combined_protein.tsv
O95544,NADK,,no Adjusted P-value columns in this combined_protein.tsv
O95551,TDP2,,no Adjusted P-value columns in this combined_protein.tsv
O95563,MPC2,,no Adjusted P-value columns in this combined_protein.tsv
O95573,ACSL3,,no Adjusted P-value columns in this combined_protein.tsv
O95602,POLR1A,,no Adjusted P-value columns in this combined_protein.tsv
O95619,YEATS4,,no Adjusted P-value columns in this combined_protein.tsv
O95628,CNOT4,,no Adjusted P-value columns in this combined_protein.tsv
O95630,STAMBP,,no Adjusted P-value columns in this combined_protein.tsv
O95639,CPSF4,,no Adjusted P-value columns in this combined_protein.tsv
O95671,ASMTL,,no Adjusted P-value columns in this combined_protein.tsv
O95684,CEP43,,no Adjusted P-value columns in this combined_protein.tsv
O95707,POP4,,no Adjusted P-value columns in this combined_protein.tsv
O95714,HERC2,,no Adjusted P-value columns in this combined_protein.tsv
O95721,SNAP29,,no Adjusted P-value columns in this combined_protein.tsv
O95747,OXSR1,,no Adjusted P-value columns in this combined_protein.tsv
O95749,GGPS1,,no Adjusted P-value columns in this combined_protein.tsv
O95757,HSPA4L,,no Adjusted P-value columns in this combined_protein.tsv
O95758,PTBP3,,no Adjusted P-value columns in this combined_protein.tsv
O95777,LSM8,,no Adjusted P-value columns in this combined_protein.tsv
O95782,AP2A1,,no Adjusted P-value columns in this combined_protein.tsv
O95785,WIZ,,no Adjusted P-value columns in this combined_protein.tsv
O95793,STAU1,,no Adjusted P-value columns in this combined_protein.tsv
O95801,TTC4,,no Adjusted P-value columns in this combined_protein.tsv
O95810,CAVIN2,,no Adjusted P-value columns in this combined_protein.tsv
O95816,BAG2,,no Adjusted P-value columns in this combined_protein.tsv
O95817,BAG3,,no Adjusted P-value columns in this combined_protein.tsv
O95819,MAP4K4,,no Adjusted P-value columns in this combined_protein.tsv
O95825,CRYZL1,,no Adjusted P-value columns in this combined_protein.tsv
O95831,AIFM1,,no Adjusted P-value columns in this combined_protein.tsv
O95834,EML2,,no Adjusted P-value columns in this combined_protein.tsv
O95835,LATS1,,no Adjusted P-value columns in this combined_protein.tsv
O95857,TSPAN13,,no Adjusted P-value columns in this combined_protein.tsv
O95861,BPNT1,,no Adjusted P-value columns in this combined_protein.tsv
O95865,DDAH2,,no Adjusted P-value columns in this combined_protein.tsv
O95881,TXNDC12,,no Adjusted P-value columns in this combined_protein.tsv
O95905,ECD,,no Adjusted P-value columns in this combined_protein.tsv
O95926,SYF2,,no Adjusted P-value columns in this combined_protein.tsv
O95983,MBD3,,no Adjusted P-value columns in this combined_protein.tsv
O95985,TOP3B,,no Adjusted P-value columns in this combined_protein.tsv
O95989,NUDT3,,no Adjusted P-value columns in this combined_protein.tsv
O95997,PTTG1,,no Adjusted P-value columns in this combined_protein.tsv
O95999,BCL10,,no Adjusted P-value columns in this combined_protein.tsv
O96000,NDUFB10,,no Adjusted P-value columns in this combined_protein.tsv
O96007,MOCS2,,no Adjusted P-value columns in this combined_protein.tsv
O96008,TOMM40,,no Adjusted P-value columns in this combined_protein.tsv
O96013,PAK4,,no Adjusted P-value columns in this combined_protein.tsv
O96017,CHEK2,,no Adjusted P-value columns in this combined_protein.tsv
O96019,ACTL6A,,no Adjusted P-value columns in this combined_protein.tsv
O96028,NSD2,,no Adjusted P-value columns in this combined_protein.tsv
P00004,CYCS,,no Adjusted P-value columns in this combined_protein.tsv
P00044,CYC1,,no Adjusted P-value columns in this combined_protein.tsv
P00045,CYC7,,no Adjusted P-value columns in this combined_protein.tsv
P00127,QCR6,,no Adjusted P-value columns in this combined_protein.tsv
P00128,QCR7,,no Adjusted P-value columns in this combined_protein.tsv
P00156,MT-CYB,,no Adjusted P-value columns in this combined_protein.tsv
P00167,CYB5A,,no Adjusted P-value columns in this combined_protein.tsv
P00175,CYB2,,no Adjusted P-value columns in this combined_protein.tsv
P00330,ADH1,,no Adjusted P-value columns in this combined_protein.tsv
P00338,LDHA,,no Adjusted P-value columns in this combined_protein.tsv
P00350,gnd,,no Adjusted P-value columns in this combined_protein.tsv
P00352,ALDH1A1,,no Adjusted P-value columns in this combined_protein.tsv
P00358,TDH2,,no Adjusted P-value columns in this combined_protein.tsv
P00359,TDH3,,no Adjusted P-value columns in this combined_protein.tsv
P00360,TDH1,,no Adjusted P-value columns in this combined_protein.tsv
P00363,frdA,,no Adjusted P-value columns in this combined_protein.tsv
P00367,GLUD1,,no Adjusted P-value columns in this combined_protein.tsv
P00370,gdhA,,no Adjusted P-value columns in this combined_protein.tsv
P00374,DHFR,,no Adjusted P-value columns in this combined_protein.tsv
P00387,CYB5R3,,no Adjusted P-value columns in this combined_protein.tsv
P00390,GSR,,no Adjusted P-value columns in this combined_protein.tsv
P00403,MT-CO2,,no Adjusted P-value columns in this combined_protein.tsv
P00414,MT-CO3,,no Adjusted P-value columns in this combined_protein.tsv
P00427,COX6,,no Adjusted P-value columns in this combined_protein.tsv
P00431,CCP1,,no Adjusted P-value columns in this combined_protein.tsv
P00441,SOD1,,no Adjusted P-value columns in this combined_protein.tsv
P00445,SOD1,,no Adjusted P-value columns in this combined_protein.tsv
P00447,SOD2,,no Adjusted P-value columns in this combined_protein.tsv
P00448,sodA,,no Adjusted P-value columns in this combined_protein.tsv
P00452,nrdA,,no Adjusted P-value columns in this combined_protein.tsv
P00490,malP,,no Adjusted P-value columns in this combined_protein.tsv
P00491,PNP,,no Adjusted P-value columns in this combined_protein.tsv
P00492,HPRT1,,no Adjusted P-value columns in this combined_protein.tsv
P00498,HIS1,,no Adjusted P-value columns in this combined_protein.tsv
P00505,GOT2,,no Adjusted P-value columns in this combined_protein.tsv
P00509,aspC,,no Adjusted P-value columns in this combined_protein.tsv
P00519,ABL1,,no Adjusted P-value columns in this combined_protein.tsv
P00546,CDC28,,no Adjusted P-value columns in this combined_protein.tsv
P00549,CDC19,,no Adjusted P-value columns in this combined_protein.tsv
P00550,mtlA,,no Adjusted P-value columns in this combined_protein.tsv
P00558,PGK1,,no Adjusted P-value columns in this combined_protein.tsv
P00560,PGK1,,no Adjusted P-value columns in this combined_protein.tsv
P00561,thrA,,no Adjusted P-value columns in this combined_protein.tsv
P00562,metL,,no Adjusted P-value columns in this combined_protein.tsv
P00568,AK1,,no Adjusted P-value columns in this combined_protein.tsv
P00572,CDC8,,no Adjusted P-value columns in this combined_protein.tsv
P00579,rpoD,,no Adjusted P-value columns in this combined_protein.tsv
P00582,polA,,no Adjusted P-value columns in this combined_protein.tsv
P00635,PHO5,,no Adjusted P-value columns in this combined_protein.tsv
P00722,lacZ,,no Adjusted P-value columns in this combined_protein.tsv
P00724,SUC2,,no Adjusted P-value columns in this combined_protein.tsv
P00729,PRC1,,no Adjusted P-value columns in this combined_protein.tsv
P00734,F2,,no Adjusted P-value columns in this combined_protein.tsv
P00761,,,no Adjusted P-value columns in this combined_protein.tsv
P00812,CAR1,,no Adjusted P-value columns in this combined_protein.tsv
P00815,HIS4,,no Adjusted P-value columns in this combined_protein.tsv
P00817,IPP1,,no Adjusted P-value columns in this combined_protein.tsv
P00830,ATP2,,no Adjusted P-value columns in this combined_protein.tsv
P00846,MT-ATP6,,no Adjusted P-value columns in this combined_protein.tsv
P00864,ppc,,no Adjusted P-value columns in this combined_protein.tsv
P00887,aroH,,no Adjusted P-value columns in this combined_protein.tsv
P00890,CIT1,,no Adjusted P-value columns in this combined_protein.tsv
P00899,TRP2,,no Adjusted P-value columns in this combined_protein.tsv
P00909,trpC,,no Adjusted P-value columns in this combined_protein.tsv
P00912,TRP1,,no Adjusted P-value columns in this combined_protein.tsv
P00915,CA1,,no Adjusted P-value columns in this combined_protein.tsv
P00924,ENO1,,no Adjusted P-value columns in this combined_protein.tsv
P00925,ENO2,,no Adjusted P-value columns in this combined_protein.tsv
P00926,dsdA,,no Adjusted P-value columns in this combined_protein.tsv
P00927,ILV1,,no Adjusted P-value columns in this combined_protein.tsv
P00931,TRP5,,no Adjusted P-value columns in this combined_protein.tsv
P00935,metB,,no Adjusted P-value columns in this combined_protein.tsv
P00937,TRP3,,no Adjusted P-value columns in this combined_protein.tsv
P00942,TPI1,,no Adjusted P-value columns in this combined_protein.tsv
P00944,xylA,,no Adjusted P-value columns in this combined_protein.tsv
P00946,manA,,no Adjusted P-value columns in this combined_protein.tsv
P00950,GPM1,,no Adjusted P-value columns in this combined_protein.tsv
P00954,trpS,,no Adjusted P-value columns in this combined_protein.tsv
P00956,ileS,,no Adjusted P-value columns in this combined_protein.tsv
P00957,alaS,,no Adjusted P-value columns in this combined_protein.tsv
P00958,MES1,,no Adjusted P-value columns in this combined_protein.tsv
P00959,metG,,no Adjusted P-value columns in this combined_protein.tsv
P00960,glyQ,,no Adjusted P-value columns in this combined_protein.tsv
P00961,glyS,,no Adjusted P-value columns in this combined_protein.tsv
P00962,glnS,,no Adjusted P-value columns in this combined_protein.tsv
P00963,asnA,,no Adjusted P-value columns in this combined_protein.tsv
P00966,ASS1,,no Adjusted P-value columns in this combined_protein.tsv
P00968,carB,,no Adjusted P-value columns in this combined_protein.tsv
P01008,SERPINC1,,no Adjusted P-value columns in this combined_protein.tsv
P01009,SERPINA1,,no Adjusted P-value columns in this combined_protein.tsv
P01019,AGT,,no Adjusted P-value columns in this combined_protein.tsv
P01023,A2M,,no Adjusted P-value columns in this combined_protein.tsv
P01024,C3,,no Adjusted P-value columns in this combined_protein.tsv
P01033,TIMP1,,no Adjusted P-value columns in this combined_protein.tsv
P01034,CST3,,no Adjusted P-value columns in this combined_protein.tsv
P01094,PAI3,,no Adjusted P-value columns in this combined_protein.tsv
P01097,INH1,,no Adjusted P-value columns in this combined_protein.tsv
P01098,STF1,,no Adjusted P-value columns in this combined_protein.tsv
P01111,NRAS,,no Adjusted P-value columns in this combined_protein.tsv
P01112,HRAS,,no Adjusted P-value columns in this combined_protein.tsv
P01119,RAS1,,no Adjusted P-value columns in this combined_protein.tsv
P01120,RAS2,,no Adjusted P-value columns in this combined_protein.tsv
P01123,YPT1,,no Adjusted P-value columns in this combined_protein.tsv
P01137,TGFB1,,no Adjusted P-value columns in this combined_protein.tsv
P01591,JCHAIN,,no Adjusted P-value columns in this combined_protein.tsv
P02008,HBZ,,no Adjusted P-value columns in this combined_protein.tsv
P02042,HBD,,no Adjusted P-value columns in this combined_protein.tsv
P02100,HBE1,,no Adjusted P-value columns in this combined_protein.tsv
P02293,HTB1,,no Adjusted P-value columns in this combined_protein.tsv
P02309,HHF1,,no Adjusted P-value columns in this combined_protein.tsv
P02358,rpsF,,no Adjusted P-value columns in this combined_protein.tsv
P02359,rpsG,,no Adjusted P-value columns in this combined_protein.tsv
P02400,RPP2B,,no Adjusted P-value columns in this combined_protein.tsv
P02406,RPL28,,no Adjusted P-value columns in this combined_protein.tsv
P02407,RPS17A,,no Adjusted P-value columns in this combined_protein.tsv
P02413,rplO,,no Adjusted P-value columns in this combined_protein.tsv
P02545,LMNA,,no Adjusted P-value columns in this combined_protein.tsv
P02549,SPTA1,,no Adjusted P-value columns in this combined_protein.tsv
P02557,TUB2,,no Adjusted P-value columns in this combined_protein.tsv
P02647,APOA1,,no Adjusted P-value columns in this combined_protein.tsv
P02649,APOE,,no Adjusted P-value columns in this combined_protein.tsv
P02654,APOC1,,no Adjusted P-value columns in this combined_protein.tsv
P02655,APOC2,,no Adjusted P-value columns in this combined_protein.tsv
P02656,APOC3,,no Adjusted P-value columns in this combined_protein.tsv
P02724,GYPA,,no Adjusted P-value columns in this combined_protein.tsv
P02748,C9,,no Adjusted P-value columns in this combined_protein.tsv
P02751,FN1,,no Adjusted P-value columns in this combined_protein.tsv
P02765,AHSG,,no Adjusted P-value columns in this combined_protein.tsv
P02766,TTR,,no Adjusted P-value columns in this combined_protein.tsv
P02769,ALB,,no Adjusted P-value columns in this combined_protein.tsv
P02786,TFRC,,no Adjusted P-value columns in this combined_protein.tsv
P02788,LTF,,no Adjusted P-value columns in this combined_protein.tsv
P02792,FTL,,no Adjusted P-value columns in this combined_protein.tsv
P02794,FTH1,,no Adjusted P-value columns in this combined_protein.tsv
P02795,MT2A,,no Adjusted P-value columns in this combined_protein.tsv
P02829,HSP82,,no Adjusted P-value columns in this combined_protein.tsv
P02924,araF,,no Adjusted P-value columns in this combined_protein.tsv
P02925,rbsB,,no Adjusted P-value columns in this combined_protein.tsv
P02992,TUF1,,no Adjusted P-value columns in this combined_protein.tsv
P02994,TEF1,,no Adjusted P-value columns in this combined_protein.tsv
P03018,uvrD,,no Adjusted P-value columns in this combined_protein.tsv
P03813,ygeA,,no Adjusted P-value columns in this combined_protein.tsv
P03817,mioC,,no Adjusted P-value columns in this combined_protein.tsv
P03841,malM,,no Adjusted P-value columns in this combined_protein.tsv
P03871,REP1,,no Adjusted P-value columns in this combined_protein.tsv
P03872,REP2,,no Adjusted P-value columns in this combined_protein.tsv
P03874,CBP2,,no Adjusted P-value columns in this combined_protein.tsv
P03886,MT-ND1,,no Adjusted P-value columns in this combined_protein.tsv
P03905,MT-ND4,,no Adjusted P-value columns in this combined_protein.tsv
P03915,MT-ND5,,no Adjusted P-value columns in this combined_protein.tsv
P03928,MT-ATP8,,no Adjusted P-value columns in this combined_protein.tsv
P03965,CPA2,,no Adjusted P-value columns in this combined_protein.tsv
P04003,C4BPA,,no Adjusted P-value columns in this combined_protein.tsv
P04004,VTN,,no Adjusted P-value columns in this combined_protein.tsv
P04036,dapB,,no Adjusted P-value columns in this combined_protein.tsv
P04037,COX4,,no Adjusted P-value columns in this combined_protein.tsv
P04039,COX8,,no Adjusted P-value columns in this combined_protein.tsv
P04040,CAT,,no Adjusted P-value columns in this combined_protein.tsv
P04046,ADE4,,no Adjusted P-value columns in this combined_protein.tsv
P04049,RAF1,,no Adjusted P-value columns in this combined_protein.tsv
P04050,RPO21,,no Adjusted P-value columns in this combined_protein.tsv
P04051,RPO31,,no Adjusted P-value columns in this combined_protein.tsv
P04066,FUCA1,,no Adjusted P-value columns in this combined_protein.tsv
P04075,ALDOA,,no Adjusted P-value columns in this combined_protein.tsv
P04076,ARG4,,no Adjusted P-value columns in this combined_protein.tsv
P04079,guaA,,no Adjusted P-value columns in this combined_protein.tsv
P04080,CSTB,,no Adjusted P-value columns in this combined_protein.tsv
P04083,ANXA1,,no Adjusted P-value columns in this combined_protein.tsv
P04114,APOB,,no Adjusted P-value columns in this combined_protein.tsv
P04128,fimA,,no Adjusted P-value columns in this combined_protein.tsv
P04147,PAB1,,no Adjusted P-value columns in this combined_protein.tsv
P04150,NR3C1,,no Adjusted P-value columns in this combined_protein.tsv
P04161,ADE8,,no Adjusted P-value columns in this combined_protein.tsv
P04179,SOD2,,no Adjusted P-value columns in this combined_protein.tsv
P04181,OAT,,no Adjusted P-value columns in this combined_protein.tsv
P04183,TK1,,no Adjusted P-value columns in this combined_protein.tsv
P04335,frsA,,no Adjusted P-value columns in this combined_protein.tsv
P04387,GAL80,,no Adjusted P-value columns in this combined_protein.tsv
P04406,GAPDH,,no Adjusted P-value columns in this combined_protein.tsv
P04424,ASL,,no Adjusted P-value columns in this combined_protein.tsv
P04425,gshB,,no Adjusted P-value columns in this combined_protein.tsv
P04449,RPL24A,,no Adjusted P-value columns in this combined_protein.tsv
P04456,RPL25,,no Adjusted P-value columns in this combined_protein.tsv
P04632,CAPNS1,,no Adjusted P-value columns in this combined_protein.tsv
P04693,tyrB,,no Adjusted P-value columns in this combined_protein.tsv
P04786,TOP1,,no Adjusted P-value columns in this combined_protein.tsv
P04792,HSPB1,,no Adjusted P-value columns in this combined_protein.tsv
P04801,THS1,,no Adjusted P-value columns in this combined_protein.tsv
P04802,DPS1,,no Adjusted P-value columns in this combined_protein.tsv
P04805,gltX,,no Adjusted P-value columns in this combined_protein.tsv
P04806,HXK1,,no Adjusted P-value columns in this combined_protein.tsv
P04807,HXK2,,no Adjusted P-value columns in this combined_protein.tsv
P04816,livK,,no Adjusted P-value columns in this combined_protein.tsv
P04818,TYMS,,no Adjusted P-value columns in this combined_protein.tsv
P04819,CDC9,,no Adjusted P-value columns in this combined_protein.tsv
P04821,CDC25,,no Adjusted P-value columns in this combined_protein.tsv
P04825,pepN,,no Adjusted P-value columns in this combined_protein.tsv
P04840,POR1,,no Adjusted P-value columns in this combined_protein.tsv
P04843,RPN1,,no Adjusted P-value columns in this combined_protein.tsv
P04844,RPN2,,no Adjusted P-value columns in this combined_protein.tsv
P04899,GNAI2,,no Adjusted P-value columns in this combined_protein.tsv
P04908,H2AC4,,no Adjusted P-value columns in this combined_protein.tsv
P04911,HTA1,,no Adjusted P-value columns in this combined_protein.tsv
P04920,SLC4A2,,no Adjusted P-value columns in this combined_protein.tsv
P04921,GYPC,,no Adjusted P-value columns in this combined_protein.tsv
P04949,fliC,,no Adjusted P-value columns in this combined_protein.tsv
P04951,kdsB,,no Adjusted P-value columns in this combined_protein.tsv
P04982,rbsD,,no Adjusted P-value columns in this combined_protein.tsv
P04983,rbsA,,no Adjusted P-value columns in this combined_protein.tsv
P04994,xseA,,no Adjusted P-value columns in this combined_protein.tsv
P05020,pyrC,,no Adjusted P-value columns in this combined_protein.tsv
P05023,ATP1A1,,no Adjusted P-value columns in this combined_protein.tsv
P05030,PMA1,,no Adjusted P-value columns in this combined_protein.tsv
P05042,fumC,,no Adjusted P-value columns in this combined_protein.tsv
P05055,pnp,,no Adjusted P-value columns in this combined_protein.tsv
P05066,PHR1,,no Adjusted P-value columns in this combined_protein.tsv
P05091,ALDH2,,no Adjusted P-value columns in this combined_protein.tsv
P05114,HMGN1,,no Adjusted P-value columns in this combined_protein.tsv
P05141,SLC25A5,,no Adjusted P-value columns in this combined_protein.tsv
P05150,ARG3,,no Adjusted P-value columns in this combined_protein.tsv
P05161,ISG15,,no Adjusted P-value columns in this combined_protein.tsv
P05166,PCCB,,no Adjusted P-value columns in this combined_protein.tsv
P05194,aroD,,no Adjusted P-value columns in this combined_protein.tsv
P05198,EIF2S1,,no Adjusted P-value columns in this combined_protein.tsv
P05204,HMGN2,,no Adjusted P-value columns in this combined_protein.tsv
P05317,RPP0,,no Adjusted P-value columns in this combined_protein.tsv
P05318,RPP1A,,no Adjusted P-value columns in this combined_protein.tsv
P05319,RPP2A,,no Adjusted P-value columns in this combined_protein.tsv
P05362,ICAM1,,no Adjusted P-value columns in this combined_protein.tsv
P05373,HEM2,,no Adjusted P-value columns in this combined_protein.tsv
P05374,CHO2,,no Adjusted P-value columns in this combined_protein.tsv
P05375,OPI3,,no Adjusted P-value columns in this combined_protein.tsv
P05386,RPLP1,,no Adjusted P-value columns in this combined_protein.tsv
P05387,RPLP2,,no Adjusted P-value columns in this combined_protein.tsv
P05388,RPLP0,,no Adjusted P-value columns in this combined_protein.tsv
P05423,POLR3D,,no Adjusted P-value columns in this combined_protein.tsv
P05453,SUP35,,no Adjusted P-value columns in this combined_protein.tsv
P05455,SSB,,no Adjusted P-value columns in this combined_protein.tsv
P05458,ptrA,,no Adjusted P-value columns in this combined_protein.tsv
P05459,pdxB,,no Adjusted P-value columns in this combined_protein.tsv
P05556,ITGB1,,no Adjusted P-value columns in this combined_protein.tsv
P05626,ATP4,,no Adjusted P-value columns in this combined_protein.tsv
P05637,apaH,,no Adjusted P-value columns in this combined_protein.tsv
P05694,MET6,,no Adjusted P-value columns in this combined_protein.tsv
P05738,RPL9A,,no Adjusted P-value columns in this combined_protein.tsv
P05739,RPL6B,,no Adjusted P-value columns in this combined_protein.tsv
P05740,RPL17A,,no Adjusted P-value columns in this combined_protein.tsv
P05743,RPL26A,,no Adjusted P-value columns in this combined_protein.tsv
P05744,RPL33A,,no Adjusted P-value columns in this combined_protein.tsv
P05745,RPL36A,,no Adjusted P-value columns in this combined_protein.tsv
P05748,RPL15A,,no Adjusted P-value columns in this combined_protein.tsv
P05749,RPL22A,,no Adjusted P-value columns in this combined_protein.tsv
P05750,RPS3,,no Adjusted P-value columns in this combined_protein.tsv
P05755,RPS9B,,no Adjusted P-value columns in this combined_protein.tsv
P05756,RPS13,,no Adjusted P-value columns in this combined_protein.tsv
P05759,RPS31,,no Adjusted P-value columns in this combined_protein.tsv
P05771,PRKCB,,no Adjusted P-value columns in this combined_protein.tsv
P05783,KRT18,,no Adjusted P-value columns in this combined_protein.tsv
P05787,KRT8,,no Adjusted P-value columns in this combined_protein.tsv
P05791,ilvD,,no Adjusted P-value columns in this combined_protein.tsv
P05793,ilvC,,no Adjusted P-value columns in this combined_protein.tsv
P05937,CALB1,,no Adjusted P-value columns in this combined_protein.tsv
P05986,TPK3,,no Adjusted P-value columns in this combined_protein.tsv
P06100,CDC36,,no Adjusted P-value columns in this combined_protein.tsv
P06101,CDC37,,no Adjusted P-value columns in this combined_protein.tsv
P06102,NOT3,,no Adjusted P-value columns in this combined_protein.tsv
P06103,PRT1,,no Adjusted P-value columns in this combined_protein.tsv
P06105,SCP160,,no Adjusted P-value columns in this combined_protein.tsv
P06115,CTT1,,no Adjusted P-value columns in this combined_protein.tsv
P06132,UROD,,no Adjusted P-value columns in this combined_protein.tsv
P06149,dld,,no Adjusted P-value columns in this combined_protein.tsv
P06168,ILV5,,no Adjusted P-value columns in this combined_protein.tsv
P06169,PDC1,,no Adjusted P-value columns in this combined_protein.tsv
P06174,HEM4,,no Adjusted P-value columns in this combined_protein.tsv
P06182,CYC3,,no Adjusted P-value columns in this combined_protein.tsv
P06197,PIS1,,no Adjusted P-value columns in this combined_protein.tsv
P06208,LEU4,,no Adjusted P-value columns in this combined_protein.tsv
P06242,KIN28,,no Adjusted P-value columns in this combined_protein.tsv
P06244,TPK1,,no Adjusted P-value columns in this combined_protein.tsv
P06245,TPK2,,no Adjusted P-value columns in this combined_protein.tsv
P06280,GLA,,no Adjusted P-value columns in this combined_protein.tsv
P06367,RPS14A,,no Adjusted P-value columns in this combined_protein.tsv
P06396,GSN,,no Adjusted P-value columns in this combined_protein.tsv
P06400,RB1,,no Adjusted P-value columns in this combined_protein.tsv
P06454,PTMA,,no Adjusted P-value columns in this combined_protein.tsv
P06493,CDK1,,no Adjusted P-value columns in this combined_protein.tsv
P06576,ATP5F1B,,no Adjusted P-value columns in this combined_protein.tsv
P06610,btuE,,no Adjusted P-value columns in this combined_protein.tsv
P06612,topA,,no Adjusted P-value columns in this combined_protein.tsv
P06634,DED1,,no Adjusted P-value columns in this combined_protein.tsv
P06700,SIR2,,no Adjusted P-value columns in this combined_protein.tsv
P06701,SIR3,,no Adjusted P-value columns in this combined_protein.tsv
P06704,CDC31,,no Adjusted P-value columns in this combined_protein.tsv
P06710,dnaX,,no Adjusted P-value columns in this combined_protein.tsv
P06715,gor,,no Adjusted P-value columns in this combined_protein.tsv
P06720,melA,,no Adjusted P-value columns in this combined_protein.tsv
P06721,metC,,no Adjusted P-value columns in this combined_protein.tsv
P06727,APOA4,,no Adjusted P-value columns in this combined_protein.tsv
P06730,EIF4E,,no Adjusted P-value columns in this combined_protein.tsv
P06733,ENO1,,no Adjusted P-value columns in this combined_protein.tsv
P06738,GPH1,,no Adjusted P-value columns in this combined_protein.tsv
P06744,GPI,,no Adjusted P-value columns in this combined_protein.tsv
P06746,POLB,,no Adjusted P-value columns in this combined_protein.tsv
P06748,NPM1,,no Adjusted P-value columns in this combined_protein.tsv
P06753,TPM3,,no Adjusted P-value columns in this combined_protein.tsv
P06773,DCD1,,no Adjusted P-value columns in this combined_protein.tsv
P06774,HAP2,,no Adjusted P-value columns in this combined_protein.tsv
P06778,RAD52,,no Adjusted P-value columns in this combined_protein.tsv
P06779,RAD7,,no Adjusted P-value columns in this combined_protein.tsv
P06780,RHO1,,no Adjusted P-value columns in this combined_protein.tsv
P06781,RHO2,,no Adjusted P-value columns in this combined_protein.tsv
P06782,SNF1,,no Adjusted P-value columns in this combined_protein.tsv
P06785,CDC21,,no Adjusted P-value columns in this combined_protein.tsv
P06786,TOP2,,no Adjusted P-value columns in this combined_protein.tsv
P06787,CMD1,,no Adjusted P-value columns in this combined_protein.tsv
P06843,SPT2,,no Adjusted P-value columns in this combined_protein.tsv
P06844,SPT3,,no Adjusted P-value columns in this combined_protein.tsv
P06846,ebgR,,no Adjusted P-value columns in this combined_protein.tsv
P06865,HEXA,,no Adjusted P-value columns in this combined_protein.tsv
P06959,aceF,,no Adjusted P-value columns in this combined_protein.tsv
P06961,cca,,no Adjusted P-value columns in this combined_protein.tsv
P06968,dut,,no Adjusted P-value columns in this combined_protein.tsv
P06983,hemC,,no Adjusted P-value columns in this combined_protein.tsv
P06986,hisC,,no Adjusted P-value columns in this combined_protein.tsv
P06987,hisB,,no Adjusted P-value columns in this combined_protein.tsv
P06988,hisD,,no Adjusted P-value columns in this combined_protein.tsv
P06989,hisI,,no Adjusted P-value columns in this combined_protein.tsv
P06992,rsmA,,no Adjusted P-value columns in this combined_protein.tsv
P06999,pfkB,,no Adjusted P-value columns in this combined_protein.tsv
P07003,poxB,,no Adjusted P-value columns in this combined_protein.tsv
P07004,proA,,no Adjusted P-value columns in this combined_protein.tsv
P07012,prfB,,no Adjusted P-value columns in this combined_protein.tsv
P07014,sdhB,,no Adjusted P-value columns in this combined_protein.tsv
P07017,tar,,no Adjusted P-value columns in this combined_protein.tsv
P07023,tyrA,,no Adjusted P-value columns in this combined_protein.tsv
P07024,ushA,,no Adjusted P-value columns in this combined_protein.tsv
P07108,DBI,,no Adjusted P-value columns in this combined_protein.tsv
P07118,valS,,no Adjusted P-value columns in this combined_protein.tsv
P07143,CYT1,,no Adjusted P-value columns in this combined_protein.tsv
P07149,FAS1,,no Adjusted P-value columns in this combined_protein.tsv
P07170,ADK1,,no Adjusted P-value columns in this combined_protein.tsv
P07172,HIS5,,no Adjusted P-value columns in this combined_protein.tsv
P07195,LDHB,,no Adjusted P-value columns in this combined_protein.tsv
P07199,CENPB,,no Adjusted P-value columns in this combined_protein.tsv
P07205,PGK2,,no Adjusted P-value columns in this combined_protein.tsv
P07213,TOM70,,no Adjusted P-value columns in this combined_protein.tsv
P07236,MST1,,no Adjusted P-value columns in this combined_protein.tsv
P07237,P4HB,,no Adjusted P-value columns in this combined_protein.tsv
P07244,ADE57,,no Adjusted P-value columns in this combined_protein.tsv
P07245,ADE3,,no Adjusted P-value columns in this combined_protein.tsv
P07246,ADH3,,no Adjusted P-value columns in this combined_protein.tsv
P07248,ADR1,,no Adjusted P-value columns in this combined_protein.tsv
P07250,ARG82,,no Adjusted P-value columns in this combined_protein.tsv
P07251,ATP1,,no Adjusted P-value columns in this combined_protein.tsv
P07253,CBP6,,no Adjusted P-value columns in this combined_protein.tsv
P07256,COR1,,no Adjusted P-value columns in this combined_protein.tsv
P07257,QCR2,,no Adjusted P-value columns in this combined_protein.tsv
P07259,URA2,,no Adjusted P-value columns in this combined_protein.tsv
P07260,CDC33,,no Adjusted P-value columns in this combined_protein.tsv
P07262,GDH1,,no Adjusted P-value columns in this combined_protein.tsv
P07263,HTS1,,no Adjusted P-value columns in this combined_protein.tsv
P07264,LEU1,,no Adjusted P-value columns in this combined_protein.tsv
P07267,PEP4,,no Adjusted P-value columns in this combined_protein.tsv
P07269,PHO2,,no Adjusted P-value columns in this combined_protein.tsv
P07270,PHO4,,no Adjusted P-value columns in this combined_protein.tsv
P07273,DST1,,no Adjusted P-value columns in this combined_protein.tsv
P07274,PFY1,,no Adjusted P-value columns in this combined_protein.tsv
P07275,PUT2,,no Adjusted P-value columns in this combined_protein.tsv
P07277,ERG12,,no Adjusted P-value columns in this combined_protein.tsv
P07278,BCY1,,no Adjusted P-value columns in this combined_protein.tsv
P07280,RPS19A,,no Adjusted P-value columns in this combined_protein.tsv
P07283,SEC53,,no Adjusted P-value columns in this combined_protein.tsv
P07284,SES1,,no Adjusted P-value columns in this combined_protein.tsv
P07285,TRP4,,no Adjusted P-value columns in this combined_protein.tsv
P07311,ACYP1,,no Adjusted P-value columns in this combined_protein.tsv
P07339,CTSD,,no Adjusted P-value columns in this combined_protein.tsv
P07342,ILV2,,no Adjusted P-value columns in this combined_protein.tsv
P07347,ARD1,,no Adjusted P-value columns in this combined_protein.tsv
P07355,ANXA2,,no Adjusted P-value columns in this combined_protein.tsv
P07384,CAPN1,,no Adjusted P-value columns in this combined_protein.tsv
P07395,pheT,,no Adjusted P-value columns in this combined_protein.tsv
P07437,TUBB,,no Adjusted P-value columns in this combined_protein.tsv
P07464,lacA,,no Adjusted P-value columns in this combined_protein.tsv
P07477,PRSS1,,no Adjusted P-value columns in this combined_protein.tsv
P07560,SEC4,,no Adjusted P-value columns in this combined_protein.tsv
P07602,PSAP,,no Adjusted P-value columns in this combined_protein.tsv
P07639,aroB,,no Adjusted P-value columns in this combined_protein.tsv
P07650,deoA,,no Adjusted P-value columns in this combined_protein.tsv
P07686,HEXB,,no Adjusted P-value columns in this combined_protein.tsv
P07702,LYS2,,no Adjusted P-value columns in this combined_protein.tsv
P07703,RPC40,,no Adjusted P-value columns in this combined_protein.tsv
P07711,CTSL,,no Adjusted P-value columns in this combined_protein.tsv
P07737,PFN1,,no Adjusted P-value columns in this combined_protein.tsv
P07738,BPGM,,no Adjusted P-value columns in this combined_protein.tsv
P07741,APRT,,no Adjusted P-value columns in this combined_protein.tsv
P07762,glgB,,no Adjusted P-value columns in this combined_protein.tsv
P07806,VAS1,,no Adjusted P-value columns in this combined_protein.tsv
P07807,DFR1,,no Adjusted P-value columns in this combined_protein.tsv
P07813,leuS,,no Adjusted P-value columns in this combined_protein.tsv
P07814,EPRS1,,no Adjusted P-value columns in this combined_protein.tsv
P07858,CTSB,,no Adjusted P-value columns in this combined_protein.tsv
P07862,ddlB,,no Adjusted P-value columns in this combined_protein.tsv
P07900,HSP90AA1,,no Adjusted P-value columns in this combined_protein.tsv
P07910,HNRNPC,,no Adjusted P-value columns in this combined_protein.tsv
P07913,tdh,,no Adjusted P-value columns in this combined_protein.tsv
P07919,UQCRH,,no Adjusted P-value columns in this combined_protein.tsv
P07947,YES1,,no Adjusted P-value columns in this combined_protein.tsv
P07948,LYN,,no Adjusted P-value columns in this combined_protein.tsv
P07954,FH,,no Adjusted P-value columns in this combined_protein.tsv
P07991,CAR2,,no Adjusted P-value columns in this combined_protein.tsv
P07996,THBS1,,no Adjusted P-value columns in this combined_protein.tsv
P08004,CHS1,,no Adjusted P-value columns in this combined_protein.tsv
P08018,PBS2,,no Adjusted P-value columns in this combined_protein.tsv
P08047,SP1,,no Adjusted P-value columns in this combined_protein.tsv
P08067,RIP1,,no Adjusted P-value columns in this combined_protein.tsv
P08133,ANXA6,,no Adjusted P-value columns in this combined_protein.tsv
P08134,RHOC,,no Adjusted P-value columns in this combined_protein.tsv
P08174,CD55,,no Adjusted P-value columns in this combined_protein.tsv
P08178,purM,,no Adjusted P-value columns in this combined_protein.tsv
P08179,purN,,no Adjusted P-value columns in this combined_protein.tsv
P08192,folC,,no Adjusted P-value columns in this combined_protein.tsv
P08194,glpT,,no Adjusted P-value columns in this combined_protein.tsv
P08195,SLC3A2,,no Adjusted P-value columns in this combined_protein.tsv
P08200,icd,,no Adjusted P-value columns in this combined_protein.tsv
P08202,araA,,no Adjusted P-value columns in this combined_protein.tsv
P08237,PFKM,,no Adjusted P-value columns in this combined_protein.tsv
P08238,HSP90AB1,,no Adjusted P-value columns in this combined_protein.tsv
P08240,SRPRA,,no Adjusted P-value columns in this combined_protein.tsv
P08243,ASNS,,no Adjusted P-value columns in this combined_protein.tsv
P08244,pyrF,,no Adjusted P-value columns in this combined_protein.tsv
P08312,pheS,,no Adjusted P-value columns in this combined_protein.tsv
P08331,cpdB,,no Adjusted P-value columns in this combined_protein.tsv
P08369,creD,,no Adjusted P-value columns in this combined_protein.tsv
P08373,murB,,no Adjusted P-value columns in this combined_protein.tsv
P08390,usg,,no Adjusted P-value columns in this combined_protein.tsv
P08397,HMBS,,no Adjusted P-value columns in this combined_protein.tsv
P08417,FUM1,,no Adjusted P-value columns in this combined_protein.tsv
P08456,CHO1,,no Adjusted P-value columns in this combined_protein.tsv
P08466,NUC1,,no Adjusted P-value columns in this combined_protein.tsv
P08473,MME,,no Adjusted P-value columns in this combined_protein.tsv
P08518,RPB2,,no Adjusted P-value columns in this combined_protein.tsv
P08524,ERG20,,no Adjusted P-value columns in this combined_protein.tsv
P08536,MET3,,no Adjusted P-value columns in this combined_protein.tsv
P08539,GPA1,,no Adjusted P-value columns in this combined_protein.tsv
P08559,PDHA1,,no Adjusted P-value columns in this combined_protein.tsv
P08566,ARO1,,no Adjusted P-value columns in this combined_protein.tsv
P08574,CYC1,,no Adjusted P-value columns in this combined_protein.tsv
P08575,PTPRC,,no Adjusted P-value columns in this combined_protein.tsv
P08579,SNRPB2,,no Adjusted P-value columns in this combined_protein.tsv
P08621,SNRNP70,,no Adjusted P-value columns in this combined_protein.tsv
P08622,dnaJ,,no Adjusted P-value columns in this combined_protein.tsv
P08648,ITGA5,,no Adjusted P-value columns in this combined_protein.tsv
P08651,NFIC,,no Adjusted P-value columns in this combined_protein.tsv
P08670,VIM,,no Adjusted P-value columns in this combined_protein.tsv
P08678,CYR1,,no Adjusted P-value columns in this combined_protein.tsv
P08679,CIT2,,no Adjusted P-value columns in this combined_protein.tsv
P08697,SERPINF2,,no Adjusted P-value columns in this combined_protein.tsv
P08708,RPS17,,no Adjusted P-value columns in this combined_protein.tsv
P08727,KRT19,,no Adjusted P-value columns in this combined_protein.tsv
P08754,GNAI3,,no Adjusted P-value columns in this combined_protein.tsv
P08758,ANXA5,,no Adjusted P-value columns in this combined_protein.tsv
P08839,ptsI,,no Adjusted P-value columns in this combined_protein.tsv
P08865,RPSA,,no Adjusted P-value columns in this combined_protein.tsv
P08957,hsdM,,no Adjusted P-value columns in this combined_protein.tsv
P08962,CD63,,no Adjusted P-value columns in this combined_protein.tsv
P08964,MYO1,,no Adjusted P-value columns in this combined_protein.tsv
P08997,aceB,,no Adjusted P-value columns in this combined_protein.tsv
P09001,MRPL3,,no Adjusted P-value columns in this combined_protein.tsv
P09012,SNRPA,,no Adjusted P-value columns in this combined_protein.tsv
P09029,purK,,no Adjusted P-value columns in this combined_protein.tsv
P09030,xthA,,no Adjusted P-value columns in this combined_protein.tsv
P09032,GCD1,,no Adjusted P-value columns in this combined_protein.tsv
P09053,avtA,,no Adjusted P-value columns in this combined_protein.tsv
P09064,SUI3,,no Adjusted P-value columns in this combined_protein.tsv
P09104,ENO2,,no Adjusted P-value columns in this combined_protein.tsv
P09105,HBQ1,,no Adjusted P-value columns in this combined_protein.tsv
P09110,ACAA1,,no Adjusted P-value columns in this combined_protein.tsv
P09127,hemX,,no Adjusted P-value columns in this combined_protein.tsv
P09132,SRP19,,no Adjusted P-value columns in this combined_protein.tsv
P09147,galE,,no Adjusted P-value columns in this combined_protein.tsv
P09148,galT,,no Adjusted P-value columns in this combined_protein.tsv
P09151,leuA,,no Adjusted P-value columns in this combined_protein.tsv
P09158,speE,,no Adjusted P-value columns in this combined_protein.tsv
P09211,GSTP1,,no Adjusted P-value columns in this combined_protein.tsv
P09232,PRB1,,no Adjusted P-value columns in this combined_protein.tsv
P09234,SNRPC,,no Adjusted P-value columns in this combined_protein.tsv
P09323,nagE,,no Adjusted P-value columns in this combined_protein.tsv
P09368,PUT1,,no Adjusted P-value columns in this combined_protein.tsv
P09372,grpE,,no Adjusted P-value columns in this combined_protein.tsv
P09373,pflB,,no Adjusted P-value columns in this combined_protein.tsv
P09382,LGALS1,,no Adjusted P-value columns in this combined_protein.tsv
P09394,glpQ,,no Adjusted P-value columns in this combined_protein.tsv
P09417,QDPR,,no Adjusted P-value columns in this combined_protein.tsv
P09424,mtlD,,no Adjusted P-value columns in this combined_protein.tsv
P09429,HMGB1,,no Adjusted P-value columns in this combined_protein.tsv
P09436,ILS1,,no Adjusted P-value columns in this combined_protein.tsv
P09440,MIS1,,no Adjusted P-value columns in this combined_protein.tsv
P09457,ATP5,,no Adjusted P-value columns in this combined_protein.tsv
P09493,TPM1,,no Adjusted P-value columns in this combined_protein.tsv
P09496,CLTA,,no Adjusted P-value columns in this combined_protein.tsv
P09497,CLTB,,no Adjusted P-value columns in this combined_protein.tsv
P09525,ANXA4,,no Adjusted P-value columns in this combined_protein.tsv
P09543,CNP,,no Adjusted P-value columns in this combined_protein.tsv
P09546,putA,,no Adjusted P-value columns in this combined_protein.tsv
P09547,SWI1,,no Adjusted P-value columns in this combined_protein.tsv
P09549,dedD,,no Adjusted P-value columns in this combined_protein.tsv
P09551,argT,,no Adjusted P-value columns in this combined_protein.tsv
P09620,KEX1,,no Adjusted P-value columns in this combined_protein.tsv
P09622,DLD,,no Adjusted P-value columns in this combined_protein.tsv
P09624,LPD1,,no Adjusted P-value columns in this combined_protein.tsv
P09651,HNRNPA1,,no Adjusted P-value columns in this combined_protein.tsv
P09661,SNRPA1,,no Adjusted P-value columns in this combined_protein.tsv
P09668,CTSH,,no Adjusted P-value columns in this combined_protein.tsv
P09669,COX6C,,no Adjusted P-value columns in this combined_protein.tsv
P09733,TUB1,,no Adjusted P-value columns in this combined_protein.tsv
P09734,TUB3,,no Adjusted P-value columns in this combined_protein.tsv
P09831,gltB,,no Adjusted P-value columns in this combined_protein.tsv
P09832,gltD,,no Adjusted P-value columns in this combined_protein.tsv
P09874,PARP1,,no Adjusted P-value columns in this combined_protein.tsv
P09880,TRL1,,no Adjusted P-value columns in this combined_protein.tsv
P09884,POLA1,,no Adjusted P-value columns in this combined_protein.tsv
P09938,RNR2,,no Adjusted P-value columns in this combined_protein.tsv
P09950,HEM1,,no Adjusted P-value columns in this combined_protein.tsv
P09959,SWI6,,no Adjusted P-value columns in this combined_protein.tsv
P09960,LTA4H,,no Adjusted P-value columns in this combined_protein.tsv
P09972,ALDOC,,no Adjusted P-value columns in this combined_protein.tsv
P0A698,uvrA,,no Adjusted P-value columns in this combined_protein.tsv
P0A6A3,ackA,,no Adjusted P-value columns in this combined_protein.tsv
P0A6A8,acpP,,no Adjusted P-value columns in this combined_protein.tsv
P0A6B4,alr,,no Adjusted P-value columns in this combined_protein.tsv
P0A6B7,iscS,,no Adjusted P-value columns in this combined_protein.tsv
P0A6D0,argR,,no Adjusted P-value columns in this combined_protein.tsv
P0A6D3,aroA,,no Adjusted P-value columns in this combined_protein.tsv
P0A6D7,aroK,,no Adjusted P-value columns in this combined_protein.tsv
P0A6E4,argG,,no Adjusted P-value columns in this combined_protein.tsv
P0A6E6,atpC,,no Adjusted P-value columns in this combined_protein.tsv
P0A6F1,carA,,no Adjusted P-value columns in this combined_protein.tsv
P0A6F3,glpK,,no Adjusted P-value columns in this combined_protein.tsv
P0A6F5,groEL,,no Adjusted P-value columns in this combined_protein.tsv
P0A6F9,groES,,no Adjusted P-value columns in this combined_protein.tsv
P0A6G3,pncC,,no Adjusted P-value columns in this combined_protein.tsv
P0A6G7,clpP,,no Adjusted P-value columns in this combined_protein.tsv
P0A6H1,clpX,,no Adjusted P-value columns in this combined_protein.tsv
P0A6H5,hslU,,no Adjusted P-value columns in this combined_protein.tsv
P0A6I0,cmk,,no Adjusted P-value columns in this combined_protein.tsv
P0A6I3,coaA,,no Adjusted P-value columns in this combined_protein.tsv
P0A6I9,coaE,,no Adjusted P-value columns in this combined_protein.tsv
P0A6J5,dadA,,no Adjusted P-value columns in this combined_protein.tsv
P0A6J8,ddlA,,no Adjusted P-value columns in this combined_protein.tsv
P0A6K1,dapF,,no Adjusted P-value columns in this combined_protein.tsv
P0A6K3,def,,no Adjusted P-value columns in this combined_protein.tsv
P0A6K6,deoB,,no Adjusted P-value columns in this combined_protein.tsv
P0A6L0,deoC,,no Adjusted P-value columns in this combined_protein.tsv
P0A6L2,dapA,,no Adjusted P-value columns in this combined_protein.tsv
P0A6L4,nanA,,no Adjusted P-value columns in this combined_protein.tsv
P0A6L7,uxaB,,no Adjusted P-value columns in this combined_protein.tsv
P0A6L9,hscB,,no Adjusted P-value columns in this combined_protein.tsv
P0A6M4,dtd,,no Adjusted P-value columns in this combined_protein.tsv
P0A6M8,fusA,,no Adjusted P-value columns in this combined_protein.tsv
P0A6N4,efp,,no Adjusted P-value columns in this combined_protein.tsv
P0A6N8,efpL,,no Adjusted P-value columns in this combined_protein.tsv
P0A6P1,tsf,,no Adjusted P-value columns in this combined_protein.tsv
P0A6P5,der,,no Adjusted P-value columns in this combined_protein.tsv
P0A6P7,engB,,no Adjusted P-value columns in this combined_protein.tsv
P0A6P9,eno,,no Adjusted P-value columns in this combined_protein.tsv
P0A6Q3,fabA,,no Adjusted P-value columns in this combined_protein.tsv
P0A6R0,fabH,,no Adjusted P-value columns in this combined_protein.tsv
P0A6R3,fis,,no Adjusted P-value columns in this combined_protein.tsv
P0A6S0,flgH,,no Adjusted P-value columns in this combined_protein.tsv
P0A6S7,gpsA,,no Adjusted P-value columns in this combined_protein.tsv
P0A6T1,pgi,,no Adjusted P-value columns in this combined_protein.tsv
P0A6T3,galK,,no Adjusted P-value columns in this combined_protein.tsv
P0A6T5,folE,,no Adjusted P-value columns in this combined_protein.tsv
P0A6T9,gcvH,,no Adjusted P-value columns in this combined_protein.tsv
P0A6U5,rsmG,,no Adjusted P-value columns in this combined_protein.tsv
P0A6U8,glgA,,no Adjusted P-value columns in this combined_protein.tsv
P0A6V1,glgC,,no Adjusted P-value columns in this combined_protein.tsv
P0A6V5,glpE,,no Adjusted P-value columns in this combined_protein.tsv
P0A6V8,glk,,no Adjusted P-value columns in this combined_protein.tsv
P0A6W5,greA,,no Adjusted P-value columns in this combined_protein.tsv
P0A6W9,gshA,,no Adjusted P-value columns in this combined_protein.tsv
P0A6X7,ihfA,,no Adjusted P-value columns in this combined_protein.tsv
P0A6Y1,ihfB,,no Adjusted P-value columns in this combined_protein.tsv
P0A6Y5,hslO,,no Adjusted P-value columns in this combined_protein.tsv
P0A6Y8,dnaK,,no Adjusted P-value columns in this combined_protein.tsv
P0A6Z1,hscA,,no Adjusted P-value columns in this combined_protein.tsv
P0A6Z3,htpG,,no Adjusted P-value columns in this combined_protein.tsv
P0A6Z6,nikR,,no Adjusted P-value columns in this combined_protein.tsv
P0A705,infB,,no Adjusted P-value columns in this combined_protein.tsv
P0A707,infC,,no Adjusted P-value columns in this combined_protein.tsv
P0A715,kdsA,,no Adjusted P-value columns in this combined_protein.tsv
P0A717,prs,,no Adjusted P-value columns in this combined_protein.tsv
P0A720,tmk,,no Adjusted P-value columns in this combined_protein.tsv
P0A722,lpxA,,no Adjusted P-value columns in this combined_protein.tsv
P0A729,yceF,,no Adjusted P-value columns in this combined_protein.tsv
P0A731,mgsA,,no Adjusted P-value columns in this combined_protein.tsv
P0A734,minE,,no Adjusted P-value columns in this combined_protein.tsv
P0A738,moaC,,no Adjusted P-value columns in this combined_protein.tsv
P0A742,mscL,,no Adjusted P-value columns in this combined_protein.tsv
P0A744,msrA,,no Adjusted P-value columns in this combined_protein.tsv
P0A746,msrB,,no Adjusted P-value columns in this combined_protein.tsv
P0A749,murA,,no Adjusted P-value columns in this combined_protein.tsv
P0A759,nagB,,no Adjusted P-value columns in this combined_protein.tsv
P0A761,nanE,,no Adjusted P-value columns in this combined_protein.tsv
P0A763,ndk,,no Adjusted P-value columns in this combined_protein.tsv
P0A776,rppH,,no Adjusted P-value columns in this combined_protein.tsv
P0A780,nusB,,no Adjusted P-value columns in this combined_protein.tsv
P0A784,orn,,no Adjusted P-value columns in this combined_protein.tsv
P0A786,pyrB,,no Adjusted P-value columns in this combined_protein.tsv
P0A794,pdxJ,,no Adjusted P-value columns in this combined_protein.tsv
P0A796,pfkA,,no Adjusted P-value columns in this combined_protein.tsv
P0A799,pgk,,no Adjusted P-value columns in this combined_protein.tsv
P0A7A2,gpmB,,no Adjusted P-value columns in this combined_protein.tsv
P0A7A9,ppa,,no Adjusted P-value columns in this combined_protein.tsv
P0A7B1,ppk,,no Adjusted P-value columns in this combined_protein.tsv
P0A7B5,proB,,no Adjusted P-value columns in this combined_protein.tsv
P0A7B8,hslV,,no Adjusted P-value columns in this combined_protein.tsv
P0A7C2,lexA,,no Adjusted P-value columns in this combined_protein.tsv
P0A7C6,pepE,,no Adjusted P-value columns in this combined_protein.tsv
P0A7D1,pth,,no Adjusted P-value columns in this combined_protein.tsv
P0A7D4,purA,,no Adjusted P-value columns in this combined_protein.tsv
P0A7D7,purC,,no Adjusted P-value columns in this combined_protein.tsv
P0A7E3,pyrE,,no Adjusted P-value columns in this combined_protein.tsv
P0A7E5,pyrG,,no Adjusted P-value columns in this combined_protein.tsv
P0A7E9,pyrH,,no Adjusted P-value columns in this combined_protein.tsv
P0A7F3,pyrI,,no Adjusted P-value columns in this combined_protein.tsv
P0A7F6,speD,,no Adjusted P-value columns in this combined_protein.tsv
P0A7G2,rbfA,,no Adjusted P-value columns in this combined_protein.tsv
P0A7G6,recA,,no Adjusted P-value columns in this combined_protein.tsv
P0A7I0,prfA,,no Adjusted P-value columns in this combined_protein.tsv
P0A7I4,prfC,,no Adjusted P-value columns in this combined_protein.tsv
P0A7I7,ribA,,no Adjusted P-value columns in this combined_protein.tsv
P0A7J0,ribB,,no Adjusted P-value columns in this combined_protein.tsv
P0A7J3,rplJ,,no Adjusted P-value columns in this combined_protein.tsv
P0A7J7,rplK,,no Adjusted P-value columns in this combined_protein.tsv
P0A7K2,rplL,,no Adjusted P-value columns in this combined_protein.tsv
P0A7K6,rplS,,no Adjusted P-value columns in this combined_protein.tsv
P0A7L0,rplA,,no Adjusted P-value columns in this combined_protein.tsv
P0A7L3,rplT,,no Adjusted P-value columns in this combined_protein.tsv
P0A7L8,rpmA,,no Adjusted P-value columns in this combined_protein.tsv
P0A7M2,rpmB,,no Adjusted P-value columns in this combined_protein.tsv
P0A7M6,rpmC,,no Adjusted P-value columns in this combined_protein.tsv
P0A7M9,rpmE,,no Adjusted P-value columns in this combined_protein.tsv
P0A7N9,rpmG,,no Adjusted P-value columns in this combined_protein.tsv
P0A7Q6,rpmJ1,,no Adjusted P-value columns in this combined_protein.tsv
P0A7R1,rplI,,no Adjusted P-value columns in this combined_protein.tsv
P0A7R5,rpsJ,,no Adjusted P-value columns in this combined_protein.tsv
P0A7R9,rpsK,,no Adjusted P-value columns in this combined_protein.tsv
P0A7S3,rpsL,,no Adjusted P-value columns in this combined_protein.tsv
P0A7S9,rpsM,,no Adjusted P-value columns in this combined_protein.tsv
P0A7T3,rpsP,,no Adjusted P-value columns in this combined_protein.tsv
P0A7T7,rpsR,,no Adjusted P-value columns in this combined_protein.tsv
P0A7U3,rpsS,,no Adjusted P-value columns in this combined_protein.tsv
P0A7U7,rpsT,,no Adjusted P-value columns in this combined_protein.tsv
P0A7V0,rpsB,,no Adjusted P-value columns in this combined_protein.tsv
P0A7V3,rpsC,,no Adjusted P-value columns in this combined_protein.tsv
P0A7V8,rpsD,,no Adjusted P-value columns in this combined_protein.tsv
P0A7W1,rpsE,,no Adjusted P-value columns in this combined_protein.tsv
P0A7W7,rpsH,,no Adjusted P-value columns in this combined_protein.tsv
P0A7X3,rpsI,,no Adjusted P-value columns in this combined_protein.tsv
P0A7X6,rimM,,no Adjusted P-value columns in this combined_protein.tsv
P0A7Y0,rnc,,no Adjusted P-value columns in this combined_protein.tsv
P0A7Z0,rpiA,,no Adjusted P-value columns in this combined_protein.tsv
P0A7Z4,rpoA,,no Adjusted P-value columns in this combined_protein.tsv
P0A800,rpoZ,,no Adjusted P-value columns in this combined_protein.tsv
P0A805,frr,,no Adjusted P-value columns in this combined_protein.tsv
P0A809,ruvA,,no Adjusted P-value columns in this combined_protein.tsv
P0A817,metK,,no Adjusted P-value columns in this combined_protein.tsv
P0A821,selA,,no Adjusted P-value columns in this combined_protein.tsv
P0A825,glyA,,no Adjusted P-value columns in this combined_protein.tsv
P0A832,smpB,,no Adjusted P-value columns in this combined_protein.tsv
P0A836,sucC,,no Adjusted P-value columns in this combined_protein.tsv
P0A840,surE,,no Adjusted P-value columns in this combined_protein.tsv
P0A847,tgt,,no Adjusted P-value columns in this combined_protein.tsv
P0A850,tig,,no Adjusted P-value columns in this combined_protein.tsv
P0A853,tnaA,,no Adjusted P-value columns in this combined_protein.tsv
P0A855,tolB,,no Adjusted P-value columns in this combined_protein.tsv
P0A858,tpiA,,no Adjusted P-value columns in this combined_protein.tsv
P0A862,tpx,,no Adjusted P-value columns in this combined_protein.tsv
P0A867,talA,,no Adjusted P-value columns in this combined_protein.tsv
P0A870,talB,,no Adjusted P-value columns in this combined_protein.tsv
P0A873,trmD,,no Adjusted P-value columns in this combined_protein.tsv
P0A877,trpA,,no Adjusted P-value columns in this combined_protein.tsv
P0A879,trpB,,no Adjusted P-value columns in this combined_protein.tsv
P0A881,trpR,,no Adjusted P-value columns in this combined_protein.tsv
P0A884,thyA,,no Adjusted P-value columns in this combined_protein.tsv
P0A887,ubiE,,no Adjusted P-value columns in this combined_protein.tsv
P0A890,tusA,,no Adjusted P-value columns in this combined_protein.tsv
P0A8A0,yebC,,no Adjusted P-value columns in this combined_protein.tsv
P0A8A2,yeeN,,no Adjusted P-value columns in this combined_protein.tsv
P0A8A8,rimP,,no Adjusted P-value columns in this combined_protein.tsv
P0A8B5,ybaB,,no Adjusted P-value columns in this combined_protein.tsv
P0A8C4,ygfB,,no Adjusted P-value columns in this combined_protein.tsv
P0A8D3,yaiI,,no Adjusted P-value columns in this combined_protein.tsv
P0A8D6,ymdB,,no Adjusted P-value columns in this combined_protein.tsv
P0A8E1,ycfP,,no Adjusted P-value columns in this combined_protein.tsv
P0A8E5,yacL,,no Adjusted P-value columns in this combined_protein.tsv
P0A8E7,yajQ,,no Adjusted P-value columns in this combined_protein.tsv
P0A8F0,upp,,no Adjusted P-value columns in this combined_protein.tsv
P0A8F8,uvrB,,no Adjusted P-value columns in this combined_protein.tsv
P0A8G3,uxaC,,no Adjusted P-value columns in this combined_protein.tsv
P0A8G6,wrbA,,no Adjusted P-value columns in this combined_protein.tsv
P0A8G9,xseB,,no Adjusted P-value columns in this combined_protein.tsv
P0A8H6,yihI,,no Adjusted P-value columns in this combined_protein.tsv
P0A8H8,yacG,,no Adjusted P-value columns in this combined_protein.tsv
P0A8I3,yaaA,,no Adjusted P-value columns in this combined_protein.tsv
P0A8I5,trmB,,no Adjusted P-value columns in this combined_protein.tsv
P0A8J4,ybeD,,no Adjusted P-value columns in this combined_protein.tsv
P0A8J8,rhlB,,no Adjusted P-value columns in this combined_protein.tsv
P0A8K5,yaeP,,no Adjusted P-value columns in this combined_protein.tsv
P0A8L1,serS,,no Adjusted P-value columns in this combined_protein.tsv
P0A8M0,asnS,,no Adjusted P-value columns in this combined_protein.tsv
P0A8M3,thrS,,no Adjusted P-value columns in this combined_protein.tsv
P0A8M6,tmaR,,no Adjusted P-value columns in this combined_protein.tsv
P0A8N3,lysS,,no Adjusted P-value columns in this combined_protein.tsv
P0A8N5,lysU,,no Adjusted P-value columns in this combined_protein.tsv
P0A8P3,yggX,,no Adjusted P-value columns in this combined_protein.tsv
P0A8R0,rraA,,no Adjusted P-value columns in this combined_protein.tsv
P0A8R4,slyX,,no Adjusted P-value columns in this combined_protein.tsv
P0A8S1,argP,,no Adjusted P-value columns in this combined_protein.tsv
P0A8T1,prmA,,no Adjusted P-value columns in this combined_protein.tsv
P0A8T7,rpoC,,no Adjusted P-value columns in this combined_protein.tsv
P0A8U6,metJ,,no Adjusted P-value columns in this combined_protein.tsv
P0A8V0,rbn,,no Adjusted P-value columns in this combined_protein.tsv
P0A8V2,rpoB,,no Adjusted P-value columns in this combined_protein.tsv
P0A8W0,nanR,,no Adjusted P-value columns in this combined_protein.tsv
P0A8W2,slyA,,no Adjusted P-value columns in this combined_protein.tsv
P0A8W5,yqgE,,no Adjusted P-value columns in this combined_protein.tsv
P0A8W8,yfbU,,no Adjusted P-value columns in this combined_protein.tsv
P0A8X0,darP,,no Adjusted P-value columns in this combined_protein.tsv
P0A8X2,yceI,,no Adjusted P-value columns in this combined_protein.tsv
P0A8Y3,yihX,,no Adjusted P-value columns in this combined_protein.tsv
P0A8Y5,yidA,,no Adjusted P-value columns in this combined_protein.tsv
P0A8Z0,yciA,,no Adjusted P-value columns in this combined_protein.tsv
P0A901,blc,,no Adjusted P-value columns in this combined_protein.tsv
P0A910,ompA,,no Adjusted P-value columns in this combined_protein.tsv
P0A912,pal,,no Adjusted P-value columns in this combined_protein.tsv
P0A940,bamA,,no Adjusted P-value columns in this combined_protein.tsv
P0A951,speG,,no Adjusted P-value columns in this combined_protein.tsv
P0A953,fabB,,no Adjusted P-value columns in this combined_protein.tsv
P0A955,eda,,no Adjusted P-value columns in this combined_protein.tsv
P0A962,ansA,,no Adjusted P-value columns in this combined_protein.tsv
P0A964,cheW,,no Adjusted P-value columns in this combined_protein.tsv
P0A972,cspE,,no Adjusted P-value columns in this combined_protein.tsv
P0A988,dnaN,,no Adjusted P-value columns in this combined_protein.tsv
P0A991,fbaB,,no Adjusted P-value columns in this combined_protein.tsv
P0A993,fbp,,no Adjusted P-value columns in this combined_protein.tsv
P0A996,glpC,,no Adjusted P-value columns in this combined_protein.tsv
P0A998,ftnA,,no Adjusted P-value columns in this combined_protein.tsv
P0A9A6,ftsZ,,no Adjusted P-value columns in this combined_protein.tsv
P0A9A9,fur,,no Adjusted P-value columns in this combined_protein.tsv
P0A9B2,gapA,,no Adjusted P-value columns in this combined_protein.tsv
P0A9C0,glpA,,no Adjusted P-value columns in this combined_protein.tsv
P0A9C3,galM,,no Adjusted P-value columns in this combined_protein.tsv
P0A9C5,glnA,,no Adjusted P-value columns in this combined_protein.tsv
P0A9C9,glpX,,no Adjusted P-value columns in this combined_protein.tsv
P0A9D2,gstA,,no Adjusted P-value columns in this combined_protein.tsv
P0A9D4,cysE,,no Adjusted P-value columns in this combined_protein.tsv
P0A9D8,dapD,,no Adjusted P-value columns in this combined_protein.tsv
P0A9E2,soxS,,no Adjusted P-value columns in this combined_protein.tsv
P0A9E5,fnr,,no Adjusted P-value columns in this combined_protein.tsv
P0A9F1,mntR,,no Adjusted P-value columns in this combined_protein.tsv
P0A9G6,aceA,,no Adjusted P-value columns in this combined_protein.tsv
P0A9G8,modE,,no Adjusted P-value columns in this combined_protein.tsv
P0A9H1,mug,,no Adjusted P-value columns in this combined_protein.tsv
P0A9I3,gcvR,,no Adjusted P-value columns in this combined_protein.tsv
P0A9J0,rng,,no Adjusted P-value columns in this combined_protein.tsv
P0A9J6,rbsK,,no Adjusted P-value columns in this combined_protein.tsv
P0A9J8,pheA,,no Adjusted P-value columns in this combined_protein.tsv
P0A9K3,ybeZ,,no Adjusted P-value columns in this combined_protein.tsv
P0A9K9,slyD,,no Adjusted P-value columns in this combined_protein.tsv
P0A9L3,fklB,,no Adjusted P-value columns in this combined_protein.tsv
P0A9L5,ppiC,,no Adjusted P-value columns in this combined_protein.tsv
P0A9L8,proC,,no Adjusted P-value columns in this combined_protein.tsv
P0A9M0,lon,,no Adjusted P-value columns in this combined_protein.tsv
P0A9M2,hpt,,no Adjusted P-value columns in this combined_protein.tsv
P0A9M5,gpt,,no Adjusted P-value columns in this combined_protein.tsv
P0A9M8,pta,,no Adjusted P-value columns in this combined_protein.tsv
P0A9N4,pflA,,no Adjusted P-value columns in this combined_protein.tsv
P0A9P0,lpdA,,no Adjusted P-value columns in this combined_protein.tsv
P0A9P4,trxB,,no Adjusted P-value columns in this combined_protein.tsv
P0A9Q1,arcA,,no Adjusted P-value columns in this combined_protein.tsv
P0A9Q5,accD,,no Adjusted P-value columns in this combined_protein.tsv
P0A9Q7,adhE,,no Adjusted P-value columns in this combined_protein.tsv
P0A9Q9,asd,,no Adjusted P-value columns in this combined_protein.tsv
P0A9R4,fdx,,no Adjusted P-value columns in this combined_protein.tsv
P0A9S1,fucO,,no Adjusted P-value columns in this combined_protein.tsv
P0A9S5,gldA,,no Adjusted P-value columns in this combined_protein.tsv
P0A9T0,serA,,no Adjusted P-value columns in this combined_protein.tsv
P0A9T4,tas,,no Adjusted P-value columns in this combined_protein.tsv
P0A9U3,ybiT,,no Adjusted P-value columns in this combined_protein.tsv
P0A9U6,puuR,,no Adjusted P-value columns in this combined_protein.tsv
P0A9W3,ettA,,no Adjusted P-value columns in this combined_protein.tsv
P0A9X4,mreB,,no Adjusted P-value columns in this combined_protein.tsv
P0A9X9,cspA,,no Adjusted P-value columns in this combined_protein.tsv
P0A9Y6,cspC,,no Adjusted P-value columns in this combined_protein.tsv
P0A9Z1,glnB,,no Adjusted P-value columns in this combined_protein.tsv
P0AA04,ptsH,,no Adjusted P-value columns in this combined_protein.tsv
P0AA10,rplM,,no Adjusted P-value columns in this combined_protein.tsv
P0AA16,ompR,,no Adjusted P-value columns in this combined_protein.tsv
P0AA25,trxA,,no Adjusted P-value columns in this combined_protein.tsv
P0AA31,yedF,,no Adjusted P-value columns in this combined_protein.tsv
P0AA39,rluC,,no Adjusted P-value columns in this combined_protein.tsv
P0AA43,rsuA,,no Adjusted P-value columns in this combined_protein.tsv
P0AAB4,ubiD,,no Adjusted P-value columns in this combined_protein.tsv
P0AAB6,galF,,no Adjusted P-value columns in this combined_protein.tsv
P0AAB8,uspD,,no Adjusted P-value columns in this combined_protein.tsv
P0AAC0,uspE,,no Adjusted P-value columns in this combined_protein.tsv
P0AAC8,iscA,,no Adjusted P-value columns in this combined_protein.tsv
P0AAE0,cycA,,no Adjusted P-value columns in this combined_protein.tsv
P0AAG0,dppD,,no Adjusted P-value columns in this combined_protein.tsv
P0AAI3,ftsH,,no Adjusted P-value columns in this combined_protein.tsv
P0AAI5,fabF,,no Adjusted P-value columns in this combined_protein.tsv
P0AAI9,fabD,,no Adjusted P-value columns in this combined_protein.tsv
P0AAJ5,fdoH,,no Adjusted P-value columns in this combined_protein.tsv
P0AAN5,yaiA,,no Adjusted P-value columns in this combined_protein.tsv
P0AAP3,frmR,,no Adjusted P-value columns in this combined_protein.tsv
P0AAQ2,yajD,,no Adjusted P-value columns in this combined_protein.tsv
P0AAR3,ybaK,,no Adjusted P-value columns in this combined_protein.tsv
P0AAS7,ybcJ,,no Adjusted P-value columns in this combined_protein.tsv
P0AAT6,rsfS,,no Adjusted P-value columns in this combined_protein.tsv
P0AAT9,ybeL,,no Adjusted P-value columns in this combined_protein.tsv
P0AAV4,pxpB,,no Adjusted P-value columns in this combined_protein.tsv
P0AAV6,ybgS,,no Adjusted P-value columns in this combined_protein.tsv
P0AAX8,ybiS,,no Adjusted P-value columns in this combined_protein.tsv
P0AAZ7,ycaR,,no Adjusted P-value columns in this combined_protein.tsv
P0AB24,efeO,,no Adjusted P-value columns in this combined_protein.tsv
P0AB28,yceD,,no Adjusted P-value columns in this combined_protein.tsv
P0AB52,ychN,,no Adjusted P-value columns in this combined_protein.tsv
P0AB55,yciI,,no Adjusted P-value columns in this combined_protein.tsv
P0AB61,yciN,,no Adjusted P-value columns in this combined_protein.tsv
P0AB65,yccX,,no Adjusted P-value columns in this combined_protein.tsv
P0AB71,fbaA,,no Adjusted P-value columns in this combined_protein.tsv
P0AB77,kbl,,no Adjusted P-value columns in this combined_protein.tsv
P0AB80,ilvE,,no Adjusted P-value columns in this combined_protein.tsv
P0AB87,fucA,,no Adjusted P-value columns in this combined_protein.tsv
P0AB89,purB,,no Adjusted P-value columns in this combined_protein.tsv
P0AB91,aroG,,no Adjusted P-value columns in this combined_protein.tsv
P0AB96,arsC,,no Adjusted P-value columns in this combined_protein.tsv
P0ABA0,atpF,,no Adjusted P-value columns in this combined_protein.tsv
P0ABA4,atpH,,no Adjusted P-value columns in this combined_protein.tsv
P0ABA6,atpG,,no Adjusted P-value columns in this combined_protein.tsv
P0ABB0,atpA,,no Adjusted P-value columns in this combined_protein.tsv
P0ABB4,atpD,,no Adjusted P-value columns in this combined_protein.tsv
P0ABC7,hflK,,no Adjusted P-value columns in this combined_protein.tsv
P0ABD3,bfr,,no Adjusted P-value columns in this combined_protein.tsv
P0ABD5,accA,,no Adjusted P-value columns in this combined_protein.tsv
P0ABD8,accB,,no Adjusted P-value columns in this combined_protein.tsv
P0ABE2,bolA,,no Adjusted P-value columns in this combined_protein.tsv
P0ABF1,pcnB,,no Adjusted P-value columns in this combined_protein.tsv
P0ABF6,cdd,,no Adjusted P-value columns in this combined_protein.tsv
P0ABH7,gltA,,no Adjusted P-value columns in this combined_protein.tsv
P0ABH9,clpA,,no Adjusted P-value columns in this combined_protein.tsv
P0ABI8,cyoB,,no Adjusted P-value columns in this combined_protein.tsv
P0ABJ1,cyoA,,no Adjusted P-value columns in this combined_protein.tsv
P0ABK5,cysK,,no Adjusted P-value columns in this combined_protein.tsv
P0ABP8,deoD,,no Adjusted P-value columns in this combined_protein.tsv
P0ABQ0,coaBC,,no Adjusted P-value columns in this combined_protein.tsv
P0ABQ2,garR,,no Adjusted P-value columns in this combined_protein.tsv
P0ABQ4,folA,,no Adjusted P-value columns in this combined_protein.tsv
P0ABS1,dksA,,no Adjusted P-value columns in this combined_protein.tsv
P0ABS5,dnaG,,no Adjusted P-value columns in this combined_protein.tsv
P0ABT2,dps,,no Adjusted P-value columns in this combined_protein.tsv
P0ABU0,menB,,no Adjusted P-value columns in this combined_protein.tsv
P0ABU2,ychF,,no Adjusted P-value columns in this combined_protein.tsv
P0ABU5,elbB,,no Adjusted P-value columns in this combined_protein.tsv
P0ABZ6,surA,,no Adjusted P-value columns in this combined_protein.tsv
P0AC13,folP,,no Adjusted P-value columns in this combined_protein.tsv
P0AC19,folX,,no Adjusted P-value columns in this combined_protein.tsv
P0AC33,fumA,,no Adjusted P-value columns in this combined_protein.tsv
P0AC38,aspA,,no Adjusted P-value columns in this combined_protein.tsv
P0AC41,sdhA,,no Adjusted P-value columns in this combined_protein.tsv
P0AC51,zur,,no Adjusted P-value columns in this combined_protein.tsv
P0AC53,zwf,,no Adjusted P-value columns in this combined_protein.tsv
P0AC59,grxB,,no Adjusted P-value columns in this combined_protein.tsv
P0AC62,grxC,,no Adjusted P-value columns in this combined_protein.tsv
P0AC69,grxD,,no Adjusted P-value columns in this combined_protein.tsv
P0AC81,gloA,,no Adjusted P-value columns in this combined_protein.tsv
P0AC84,gloB,,no Adjusted P-value columns in this combined_protein.tsv
P0AC86,glgP,,no Adjusted P-value columns in this combined_protein.tsv
P0ACA1,yibF,,no Adjusted P-value columns in this combined_protein.tsv
P0ACA3,sspA,,no Adjusted P-value columns in this combined_protein.tsv
P0ACA7,gstB,,no Adjusted P-value columns in this combined_protein.tsv
P0ACB2,hemB,,no Adjusted P-value columns in this combined_protein.tsv
P0ACB7,hemY,,no Adjusted P-value columns in this combined_protein.tsv
P0ACC3,erpA,,no Adjusted P-value columns in this combined_protein.tsv
P0ACC7,glmU,,no Adjusted P-value columns in this combined_protein.tsv
P0ACD4,iscU,,no Adjusted P-value columns in this combined_protein.tsv
P0ACE7,hinT,,no Adjusted P-value columns in this combined_protein.tsv
P0ACF0,hupA,,no Adjusted P-value columns in this combined_protein.tsv
P0ACF4,hupB,,no Adjusted P-value columns in this combined_protein.tsv
P0ACF8,hns,,no Adjusted P-value columns in this combined_protein.tsv
P0ACG8,hslR,,no Adjusted P-value columns in this combined_protein.tsv
P0ACI0,rob,,no Adjusted P-value columns in this combined_protein.tsv
P0ACI6,asnC,,no Adjusted P-value columns in this combined_protein.tsv
P0ACJ0,lrp,,no Adjusted P-value columns in this combined_protein.tsv
P0ACJ8,crp,,no Adjusted P-value columns in this combined_protein.tsv
P0ACK2,agaR,,no Adjusted P-value columns in this combined_protein.tsv
P0ACL2,exuR,,no Adjusted P-value columns in this combined_protein.tsv
P0ACN4,allR,,no Adjusted P-value columns in this combined_protein.tsv
P0ACP5,gntR,,no Adjusted P-value columns in this combined_protein.tsv
P0ACQ4,oxyR,,no Adjusted P-value columns in this combined_protein.tsv
P0ACR9,mprA,,no Adjusted P-value columns in this combined_protein.tsv
P0ACS7,rpiR,,no Adjusted P-value columns in this combined_protein.tsv
P0ACT6,uidR,,no Adjusted P-value columns in this combined_protein.tsv
P0ACU5,fabR,,no Adjusted P-value columns in this combined_protein.tsv
P0ACU7,yjdC,,no Adjusted P-value columns in this combined_protein.tsv
P0ACV6,mpaA,,no Adjusted P-value columns in this combined_protein.tsv
P0ACV8,ymjA,,no Adjusted P-value columns in this combined_protein.tsv
P0ACX3,ydhR,,no Adjusted P-value columns in this combined_protein.tsv
P0ACY1,ydjA,,no Adjusted P-value columns in this combined_protein.tsv
P0ACY3,yeaG,,no Adjusted P-value columns in this combined_protein.tsv
P0AD05,yecA,,no Adjusted P-value columns in this combined_protein.tsv
P0AD12,yeeZ,,no Adjusted P-value columns in this combined_protein.tsv
P0AD24,yejL,,no Adjusted P-value columns in this combined_protein.tsv
P0AD33,yfcZ,,no Adjusted P-value columns in this combined_protein.tsv
P0AD49,raiA,,no Adjusted P-value columns in this combined_protein.tsv
P0AD57,ispB,,no Adjusted P-value columns in this combined_protein.tsv
P0AD59,ivy,,no Adjusted P-value columns in this combined_protein.tsv
P0AD61,pykF,,no Adjusted P-value columns in this combined_protein.tsv
P0AD96,livJ,,no Adjusted P-value columns in this combined_protein.tsv
P0ADA1,tesA,,no Adjusted P-value columns in this combined_protein.tsv
P0ADA3,nlpD,,no Adjusted P-value columns in this combined_protein.tsv
P0ADB1,osmE,,no Adjusted P-value columns in this combined_protein.tsv
P0ADB7,ecnB,,no Adjusted P-value columns in this combined_protein.tsv
P0ADE6,kbp,,no Adjusted P-value columns in this combined_protein.tsv
P0ADE8,ygfZ,,no Adjusted P-value columns in this combined_protein.tsv
P0ADF8,ilvN,,no Adjusted P-value columns in this combined_protein.tsv
P0ADG4,suhB,,no Adjusted P-value columns in this combined_protein.tsv
P0ADG7,guaB,,no Adjusted P-value columns in this combined_protein.tsv
P0ADI7,yecD,,no Adjusted P-value columns in this combined_protein.tsv
P0ADK8,yibL,,no Adjusted P-value columns in this combined_protein.tsv
P0ADN2,maoP,,no Adjusted P-value columns in this combined_protein.tsv
P0ADP0,yigB,,no Adjusted P-value columns in this combined_protein.tsv
P0ADP9,yihD,,no Adjusted P-value columns in this combined_protein.tsv
P0ADQ2,fabY,,no Adjusted P-value columns in this combined_protein.tsv
P0ADQ7,ygaM,,no Adjusted P-value columns in this combined_protein.tsv
P0ADR6,rlmM,,no Adjusted P-value columns in this combined_protein.tsv
P0ADS2,zapA,,no Adjusted P-value columns in this combined_protein.tsv
P0ADS6,yggE,,no Adjusted P-value columns in this combined_protein.tsv
P0ADS9,yggN,,no Adjusted P-value columns in this combined_protein.tsv
P0ADT5,ygiC,,no Adjusted P-value columns in this combined_protein.tsv
P0ADU2,ygiN,,no Adjusted P-value columns in this combined_protein.tsv
P0ADU5,ygiW,,no Adjusted P-value columns in this combined_protein.tsv
P0ADV7,mlaC,,no Adjusted P-value columns in this combined_protein.tsv
P0ADX1,yhfA,,no Adjusted P-value columns in this combined_protein.tsv
P0ADX7,yhhA,,no Adjusted P-value columns in this combined_protein.tsv
P0ADY1,ppiD,,no Adjusted P-value columns in this combined_protein.tsv
P0ADY3,rplN,,no Adjusted P-value columns in this combined_protein.tsv
P0ADY7,rplP,,no Adjusted P-value columns in this combined_protein.tsv
P0ADZ0,rplW,,no Adjusted P-value columns in this combined_protein.tsv
P0ADZ4,rpsO,,no Adjusted P-value columns in this combined_protein.tsv
P0ADZ7,yajC,,no Adjusted P-value columns in this combined_protein.tsv
P0AE01,trmJ,,no Adjusted P-value columns in this combined_protein.tsv
P0AE08,ahpC,,no Adjusted P-value columns in this combined_protein.tsv
P0AE12,amn,,no Adjusted P-value columns in this combined_protein.tsv
P0AE18,map,,no Adjusted P-value columns in this combined_protein.tsv
P0AE22,aphA,,no Adjusted P-value columns in this combined_protein.tsv
P0AE37,astA,,no Adjusted P-value columns in this combined_protein.tsv
P0AE48,ytfP,,no Adjusted P-value columns in this combined_protein.tsv
P0AE52,bcp,,no Adjusted P-value columns in this combined_protein.tsv
P0AE67,cheY,,no Adjusted P-value columns in this combined_protein.tsv
P0AE78,corC,,no Adjusted P-value columns in this combined_protein.tsv
P0AE88,cpxR,,no Adjusted P-value columns in this combined_protein.tsv
P0AE91,creA,,no Adjusted P-value columns in this combined_protein.tsv
P0AEA8,cysG,,no Adjusted P-value columns in this combined_protein.tsv
P0AEC3,arcB,,no Adjusted P-value columns in this combined_protein.tsv
P0AED0,uspA,,no Adjusted P-value columns in this combined_protein.tsv
P0AED7,dapE,,no Adjusted P-value columns in this combined_protein.tsv
P0AEE5,mglB,,no Adjusted P-value columns in this combined_protein.tsv
P0AEG4,dsbA,,no Adjusted P-value columns in this combined_protein.tsv
P0AEG6,dsbC,,no Adjusted P-value columns in this combined_protein.tsv
P0AEH3,elaA,,no Adjusted P-value columns in this combined_protein.tsv
P0AEH5,elaB,,no Adjusted P-value columns in this combined_protein.tsv
P0AEI1,miaB,,no Adjusted P-value columns in this combined_protein.tsv
P0AEK2,fabG,,no Adjusted P-value columns in this combined_protein.tsv
P0AEK4,fabI,,no Adjusted P-value columns in this combined_protein.tsv
P0AEL6,fepB,,no Adjusted P-value columns in this combined_protein.tsv
P0AEM0,fkpB,,no Adjusted P-value columns in this combined_protein.tsv
P0AEM4,flgM,,no Adjusted P-value columns in this combined_protein.tsv
P0AEM6,fliA,,no Adjusted P-value columns in this combined_protein.tsv
P0AEM9,tcyJ,,no Adjusted P-value columns in this combined_protein.tsv
P0AEN1,fre,,no Adjusted P-value columns in this combined_protein.tsv
P0AEN8,fucU,,no Adjusted P-value columns in this combined_protein.tsv
P0AEP3,galU,,no Adjusted P-value columns in this combined_protein.tsv
P0AEQ1,glcG,,no Adjusted P-value columns in this combined_protein.tsv
P0AEQ3,glnH,,no Adjusted P-value columns in this combined_protein.tsv
P0AER0,glpF,,no Adjusted P-value columns in this combined_protein.tsv
P0AES0,gss,,no Adjusted P-value columns in this combined_protein.tsv
P0AES2,gudD,,no Adjusted P-value columns in this combined_protein.tsv
P0AES4,gyrA,,no Adjusted P-value columns in this combined_protein.tsv
P0AES6,gyrB,,no Adjusted P-value columns in this combined_protein.tsv
P0AES9,hdeA,,no Adjusted P-value columns in this combined_protein.tsv
P0AET2,hdeB,,no Adjusted P-value columns in this combined_protein.tsv
P0AET8,hdhA,,no Adjusted P-value columns in this combined_protein.tsv
P0AEU0,hisJ,,no Adjusted P-value columns in this combined_protein.tsv
P0AEU7,skp,,no Adjusted P-value columns in this combined_protein.tsv
P0AEW6,gsk,,no Adjusted P-value columns in this combined_protein.tsv
P0AEX5,prkB,,no Adjusted P-value columns in this combined_protein.tsv
P0AEX9,malE,,no Adjusted P-value columns in this combined_protein.tsv
P0AEY5,mdaB,,no Adjusted P-value columns in this combined_protein.tsv
P0AEZ3,minD,,no Adjusted P-value columns in this combined_protein.tsv
P0AEZ9,moaB,,no Adjusted P-value columns in this combined_protein.tsv
P0AF03,mog,,no Adjusted P-value columns in this combined_protein.tsv
P0AF08,mrp,,no Adjusted P-value columns in this combined_protein.tsv
P0AF12,mtnN,,no Adjusted P-value columns in this combined_protein.tsv
P0AF18,nagA,,no Adjusted P-value columns in this combined_protein.tsv
P0AF20,nagC,,no Adjusted P-value columns in this combined_protein.tsv
P0AF28,narL,,no Adjusted P-value columns in this combined_protein.tsv
P0AF36,zapB,,no Adjusted P-value columns in this combined_protein.tsv
P0AF50,yjbR,,no Adjusted P-value columns in this combined_protein.tsv
P0AF67,tsaE,,no Adjusted P-value columns in this combined_protein.tsv
P0AF90,rraB,,no Adjusted P-value columns in this combined_protein.tsv
P0AF93,ridA,,no Adjusted P-value columns in this combined_protein.tsv
P0AF96,tabA,,no Adjusted P-value columns in this combined_protein.tsv
P0AFC7,nuoB,,no Adjusted P-value columns in this combined_protein.tsv
P0AFD1,nuoE,,no Adjusted P-value columns in this combined_protein.tsv
P0AFF6,nusA,,no Adjusted P-value columns in this combined_protein.tsv
P0AFG0,nusG,,no Adjusted P-value columns in this combined_protein.tsv
P0AFG3,sucA,,no Adjusted P-value columns in this combined_protein.tsv
P0AFG6,sucB,,no Adjusted P-value columns in this combined_protein.tsv
P0AFG8,aceE,,no Adjusted P-value columns in this combined_protein.tsv
P0AFH8,osmY,,no Adjusted P-value columns in this combined_protein.tsv
P0AFI2,parC,,no Adjusted P-value columns in this combined_protein.tsv
P0AFI7,pdxH,,no Adjusted P-value columns in this combined_protein.tsv
P0AFJ1,yjdM,,no Adjusted P-value columns in this combined_protein.tsv
P0AFJ5,phoB,,no Adjusted P-value columns in this combined_protein.tsv
P0AFK0,pmbA,,no Adjusted P-value columns in this combined_protein.tsv
P0AFK9,potD,,no Adjusted P-value columns in this combined_protein.tsv
P0AFL3,ppiA,,no Adjusted P-value columns in this combined_protein.tsv
P0AFM4,psiF,,no Adjusted P-value columns in this combined_protein.tsv
P0AFM6,pspA,,no Adjusted P-value columns in this combined_protein.tsv
P0AFP6,ybgI,,no Adjusted P-value columns in this combined_protein.tsv
P0AFR4,yciO,,no Adjusted P-value columns in this combined_protein.tsv
P0AFU8,ribC,,no Adjusted P-value columns in this combined_protein.tsv
P0AFW4,rnk,,no Adjusted P-value columns in this combined_protein.tsv
P0AFW8,rof,,no Adjusted P-value columns in this combined_protein.tsv
P0AFX0,hpf,,no Adjusted P-value columns in this combined_protein.tsv
P0AFX4,rsd,,no Adjusted P-value columns in this combined_protein.tsv
P0AFX9,rseB,,no Adjusted P-value columns in this combined_protein.tsv
P0AFY8,seqA,,no Adjusted P-value columns in this combined_protein.tsv
P0AFZ1,sseB,,no Adjusted P-value columns in this combined_protein.tsv
P0AFZ3,sspB,,no Adjusted P-value columns in this combined_protein.tsv
P0AG07,rpe,,no Adjusted P-value columns in this combined_protein.tsv
P0AG16,purF,,no Adjusted P-value columns in this combined_protein.tsv
P0AG18,purE,,no Adjusted P-value columns in this combined_protein.tsv
P0AG30,rho,,no Adjusted P-value columns in this combined_protein.tsv
P0AG40,ribF,,no Adjusted P-value columns in this combined_protein.tsv
P0AG44,rplQ,,no Adjusted P-value columns in this combined_protein.tsv
P0AG48,rplU,,no Adjusted P-value columns in this combined_protein.tsv
P0AG51,rpmD,,no Adjusted P-value columns in this combined_protein.tsv
P0AG55,rplF,,no Adjusted P-value columns in this combined_protein.tsv
P0AG59,rpsN,,no Adjusted P-value columns in this combined_protein.tsv
P0AG63,rpsQ,,no Adjusted P-value columns in this combined_protein.tsv
P0AG67,rpsA,,no Adjusted P-value columns in this combined_protein.tsv
P0AG80,ugpB,,no Adjusted P-value columns in this combined_protein.tsv
P0AG82,pstS,,no Adjusted P-value columns in this combined_protein.tsv
P0AG84,yghA,,no Adjusted P-value columns in this combined_protein.tsv
P0AG86,secB,,no Adjusted P-value columns in this combined_protein.tsv
P0AGB0,serB,,no Adjusted P-value columns in this combined_protein.tsv
P0AGB6,rpoE,,no Adjusted P-value columns in this combined_protein.tsv
P0AGC3,slt,,no Adjusted P-value columns in this combined_protein.tsv
P0AGD1,sodC,,no Adjusted P-value columns in this combined_protein.tsv
P0AGD3,sodB,,no Adjusted P-value columns in this combined_protein.tsv
P0AGE0,ssb,,no Adjusted P-value columns in this combined_protein.tsv
P0AGE6,chrR,,no Adjusted P-value columns in this combined_protein.tsv
P0AGE9,sucD,,no Adjusted P-value columns in this combined_protein.tsv
P0AGG2,tesB,,no Adjusted P-value columns in this combined_protein.tsv
P0AGG4,trxC,,no Adjusted P-value columns in this combined_protein.tsv
P0AGG8,tldD,,no Adjusted P-value columns in this combined_protein.tsv
P0AGJ5,yfiF,,no Adjusted P-value columns in this combined_protein.tsv
P0AGJ9,tyrS,,no Adjusted P-value columns in this combined_protein.tsv
P0AGL7,rsmE,,no Adjusted P-value columns in this combined_protein.tsv
P0C018,rplR,,no Adjusted P-value columns in this combined_protein.tsv
P0C037,ppnP,,no Adjusted P-value columns in this combined_protein.tsv
P0C074,YSF3,,no Adjusted P-value columns in this combined_protein.tsv
P0C0L2,osmC,,no Adjusted P-value columns in this combined_protein.tsv
P0C0L4,C4A,,no Adjusted P-value columns in this combined_protein.tsv
P0C0L9,iscX,,no Adjusted P-value columns in this combined_protein.tsv
P0C0R7,rlmE,,no Adjusted P-value columns in this combined_protein.tsv
P0C0S5,H2AZ1,,no Adjusted P-value columns in this combined_protein.tsv
P0C0T4,RPS25B,,no Adjusted P-value columns in this combined_protein.tsv
P0C0V0,degP,,no Adjusted P-value columns in this combined_protein.tsv
P0C0V8,RPS21A,,no Adjusted P-value columns in this combined_protein.tsv
P0C0W1,RPS22A,,no Adjusted P-value columns in this combined_protein.tsv
P0C0W9,RPL11A,,no Adjusted P-value columns in this combined_protein.tsv
P0C0X0,RPS28B,,no Adjusted P-value columns in this combined_protein.tsv
P0C2H6,RPL27A,,no Adjusted P-value columns in this combined_protein.tsv
P0C2H8,RPL31A,,no Adjusted P-value columns in this combined_protein.tsv
P0C2H9,RPL31B,,no Adjusted P-value columns in this combined_protein.tsv
P0C2I4,TY1A-H,,no Adjusted P-value columns in this combined_protein.tsv
P0C2I8,TY1A-LR4,,no Adjusted P-value columns in this combined_protein.tsv
P0C2J3,TY2B-LR1,,no Adjusted P-value columns in this combined_protein.tsv
P0C2W1,FBXO45,,no Adjusted P-value columns in this combined_protein.tsv
P0C7L2,paaJ,,no Adjusted P-value columns in this combined_protein.tsv
P0C7P4,UQCRFS1P1,,no Adjusted P-value columns in this combined_protein.tsv
P0C8J6,gatY,,no Adjusted P-value columns in this combined_protein.tsv
P0C8J8,gatZ,,no Adjusted P-value columns in this combined_protein.tsv
P0CAP2,POLR2M,,no Adjusted P-value columns in this combined_protein.tsv
P0CE47,tufA,,no Adjusted P-value columns in this combined_protein.tsv
P0CG12,DERPC,,no Adjusted P-value columns in this combined_protein.tsv
P0CG19,rph,,no Adjusted P-value columns in this combined_protein.tsv
P0CG38,POTEI,,no Adjusted P-value columns in this combined_protein.tsv
P0CG39,POTEJ,,no Adjusted P-value columns in this combined_protein.tsv
P0CG40,SP9,,no Adjusted P-value columns in this combined_protein.tsv
P0CS90,SSC1,,no Adjusted P-value columns in this combined_protein.tsv
P0CT04,PBI2,,no Adjusted P-value columns in this combined_protein.tsv
P0CX08,DSF1,,no Adjusted P-value columns in this combined_protein.tsv
P0CX23,RPL20A,,no Adjusted P-value columns in this combined_protein.tsv
P0CX25,RPL43A,,no Adjusted P-value columns in this combined_protein.tsv
P0CX27,RPL42A,,no Adjusted P-value columns in this combined_protein.tsv
P0CX29,RPS23A,,no Adjusted P-value columns in this combined_protein.tsv
P0CX31,RPS24A,,no Adjusted P-value columns in this combined_protein.tsv
P0CX33,RPS30A,,no Adjusted P-value columns in this combined_protein.tsv
P0CX35,RPS4A,,no Adjusted P-value columns in this combined_protein.tsv
P0CX37,RPS6A,,no Adjusted P-value columns in this combined_protein.tsv
P0CX39,RPS8A,,no Adjusted P-value columns in this combined_protein.tsv
P0CX41,RPL23A,,no Adjusted P-value columns in this combined_protein.tsv
P0CX43,RPL1A,,no Adjusted P-value columns in this combined_protein.tsv
P0CX45,RPL2A,,no Adjusted P-value columns in this combined_protein.tsv
P0CX47,RPS11A,,no Adjusted P-value columns in this combined_protein.tsv
P0CX49,RPL18A,,no Adjusted P-value columns in this combined_protein.tsv
P0CX51,RPS16A,,no Adjusted P-value columns in this combined_protein.tsv
P0CX53,RPL12A,,no Adjusted P-value columns in this combined_protein.tsv
P0CX55,RPS18A,,no Adjusted P-value columns in this combined_protein.tsv
P0CX80,CUP1-1,,no Adjusted P-value columns in this combined_protein.tsv
P0CX82,RPL19A,,no Adjusted P-value columns in this combined_protein.tsv
P0CX84,RPL35A,,no Adjusted P-value columns in this combined_protein.tsv
P0DMC7,rcsB,,no Adjusted P-value columns in this combined_protein.tsv
P0DMM9,SULT1A3,,no Adjusted P-value columns in this combined_protein.tsv
P0DMU9,CT45A10,,no Adjusted P-value columns in this combined_protein.tsv
P0DMV8,HSPA1A,,no Adjusted P-value columns in this combined_protein.tsv
P0DP23,CALM1,,no Adjusted P-value columns in this combined_protein.tsv
P0DPB6,POLR1D,,no Adjusted P-value columns in this combined_protein.tsv
P0DPD8,EEF1AKMT4-ECE2,,no Adjusted P-value columns in this combined_protein.tsv
P0DPI2,GATD3,,no Adjusted P-value columns in this combined_protein.tsv
P0DTT0,bipA,,no Adjusted P-value columns in this combined_protein.tsv
P10080,SBP1,,no Adjusted P-value columns in this combined_protein.tsv
P10081,TIF1,,no Adjusted P-value columns in this combined_protein.tsv
P10109,FDX1,,no Adjusted P-value columns in this combined_protein.tsv
P10121,ftsY,,no Adjusted P-value columns in this combined_protein.tsv
P10155,RO60,,no Adjusted P-value columns in this combined_protein.tsv
P10176,COX8A,,no Adjusted P-value columns in this combined_protein.tsv
P10356,YER152C,,no Adjusted P-value columns in this combined_protein.tsv
P10371,hisA,,no Adjusted P-value columns in this combined_protein.tsv
P10398,ARAF,,no Adjusted P-value columns in this combined_protein.tsv
P10408,secA,,no Adjusted P-value columns in this combined_protein.tsv
P10412,H1-4,,no Adjusted P-value columns in this combined_protein.tsv
P10507,MAS1,,no Adjusted P-value columns in this combined_protein.tsv
P10515,DLAT,,no Adjusted P-value columns in this combined_protein.tsv
P10588,NR2F6,,no Adjusted P-value columns in this combined_protein.tsv
P10591,SSA1,,no Adjusted P-value columns in this combined_protein.tsv
P10592,SSA2,,no Adjusted P-value columns in this combined_protein.tsv
P10599,TXN,,no Adjusted P-value columns in this combined_protein.tsv
P10606,COX5B,,no Adjusted P-value columns in this combined_protein.tsv
P10614,ERG11,,no Adjusted P-value columns in this combined_protein.tsv
P10619,CTSA,,no Adjusted P-value columns in this combined_protein.tsv
P10620,MGST1,,no Adjusted P-value columns in this combined_protein.tsv
P10622,RPP1B,,no Adjusted P-value columns in this combined_protein.tsv
P10644,PRKAR1A,,no Adjusted P-value columns in this combined_protein.tsv
P10659,SAM1,,no Adjusted P-value columns in this combined_protein.tsv
P10662,MRP1,,no Adjusted P-value columns in this combined_protein.tsv
P10664,RPL4A,,no Adjusted P-value columns in this combined_protein.tsv
P10746,UROS,,no Adjusted P-value columns in this combined_protein.tsv
P10768,ESD,,no Adjusted P-value columns in this combined_protein.tsv
P10809,HSPD1,,no Adjusted P-value columns in this combined_protein.tsv
P10823,GPA2,,no Adjusted P-value columns in this combined_protein.tsv
P10869,HOM3,,no Adjusted P-value columns in this combined_protein.tsv
P10961,HSF1,,no Adjusted P-value columns in this combined_protein.tsv
P10962,MAK16,,no Adjusted P-value columns in this combined_protein.tsv
P10963,PCK1,,no Adjusted P-value columns in this combined_protein.tsv
P10964,RPA190,,no Adjusted P-value columns in this combined_protein.tsv
P11021,HSPA5,,no Adjusted P-value columns in this combined_protein.tsv
P11075,SEC7,,no Adjusted P-value columns in this combined_protein.tsv
P11076,ARF1,,no Adjusted P-value columns in this combined_protein.tsv
P11142,HSPA8,,no Adjusted P-value columns in this combined_protein.tsv
P11154,PYC1,,no Adjusted P-value columns in this combined_protein.tsv
P11166,SLC2A1,,no Adjusted P-value columns in this combined_protein.tsv
P11169,SLC2A3,,no Adjusted P-value columns in this combined_protein.tsv
P11171,EPB41,,no Adjusted P-value columns in this combined_protein.tsv
P11172,UMPS,,no Adjusted P-value columns in this combined_protein.tsv
P11177,PDHB,,no Adjusted P-value columns in this combined_protein.tsv
P11182,DBT,,no Adjusted P-value columns in this combined_protein.tsv
P11216,PYGB,,no Adjusted P-value columns in this combined_protein.tsv
P11233,RALA,,no Adjusted P-value columns in this combined_protein.tsv
P11234,RALB,,no Adjusted P-value columns in this combined_protein.tsv
P11274,BCR,,no Adjusted P-value columns in this combined_protein.tsv
P11277,SPTB,,no Adjusted P-value columns in this combined_protein.tsv
P11279,LAMP1,,no Adjusted P-value columns in this combined_protein.tsv
P11310,ACADM,,no Adjusted P-value columns in this combined_protein.tsv
P11325,NAM2,,no Adjusted P-value columns in this combined_protein.tsv
P11353,HEM13,,no Adjusted P-value columns in this combined_protein.tsv
P11387,TOP1,,no Adjusted P-value columns in this combined_protein.tsv
P11388,TOP2A,,no Adjusted P-value columns in this combined_protein.tsv
P11412,ZWF1,,no Adjusted P-value columns in this combined_protein.tsv
P11413,G6PD,,no Adjusted P-value columns in this combined_protein.tsv
P11433,CDC24,,no Adjusted P-value columns in this combined_protein.tsv
P11441,UBL4A,,no Adjusted P-value columns in this combined_protein.tsv
P11447,argH,,no Adjusted P-value columns in this combined_protein.tsv
P11474,ESRRA,,no Adjusted P-value columns in this combined_protein.tsv
P11484,SSB1,,no Adjusted P-value columns in this combined_protein.tsv
P11491,PHO8,,no Adjusted P-value columns in this combined_protein.tsv
P11498,PC,,no Adjusted P-value columns in this combined_protein.tsv
P11532,DMD,,no Adjusted P-value columns in this combined_protein.tsv
P11586,MTHFD1,,no Adjusted P-value columns in this combined_protein.tsv
P11632,NHP6A,,no Adjusted P-value columns in this combined_protein.tsv
P11633,NHP6B,,no Adjusted P-value columns in this combined_protein.tsv
P11655,SEC12,,no Adjusted P-value columns in this combined_protein.tsv
P11709,BIK1,,no Adjusted P-value columns in this combined_protein.tsv
P11717,IGF2R,,no Adjusted P-value columns in this combined_protein.tsv
P11745,RNA1,,no Adjusted P-value columns in this combined_protein.tsv
P11766,ADH5,,no Adjusted P-value columns in this combined_protein.tsv
P11792,SCH9,,no Adjusted P-value columns in this combined_protein.tsv
P11802,CDK4,,no Adjusted P-value columns in this combined_protein.tsv
P11875,argS,,no Adjusted P-value columns in this combined_protein.tsv
P11880,murF,,no Adjusted P-value columns in this combined_protein.tsv
P11908,PRPS2,,no Adjusted P-value columns in this combined_protein.tsv
P11914,MAS2,,no Adjusted P-value columns in this combined_protein.tsv
P11938,RAP1,,no Adjusted P-value columns in this combined_protein.tsv
P11940,PABPC1,,no Adjusted P-value columns in this combined_protein.tsv
P11978,SIR4,,no Adjusted P-value columns in this combined_protein.tsv
P12004,PCNA,,no Adjusted P-value columns in this combined_protein.tsv
P12008,aroC,,no Adjusted P-value columns in this combined_protein.tsv
P12036,NEFH,,no Adjusted P-value columns in this combined_protein.tsv
P12074,COX6A1,,no Adjusted P-value columns in this combined_protein.tsv
P12081,HARS1,,no Adjusted P-value columns in this combined_protein.tsv
P12235,SLC25A4,,no Adjusted P-value columns in this combined_protein.tsv
P12236,SLC25A6,,no Adjusted P-value columns in this combined_protein.tsv
P12259,F5,,no Adjusted P-value columns in this combined_protein.tsv
P12268,IMPDH2,,no Adjusted P-value columns in this combined_protein.tsv
P12270,TPR,,no Adjusted P-value columns in this combined_protein.tsv
P12277,CKB,,no Adjusted P-value columns in this combined_protein.tsv
P12281,moeA,,no Adjusted P-value columns in this combined_protein.tsv
P12282,moeB,,no Adjusted P-value columns in this combined_protein.tsv
P12318,FCGR2A,,no Adjusted P-value columns in this combined_protein.tsv
P12383,PDR1,,no Adjusted P-value columns in this combined_protein.tsv
P12385,SUP45,,no Adjusted P-value columns in this combined_protein.tsv
P12429,ANXA3,,no Adjusted P-value columns in this combined_protein.tsv
P12532,CKMT1A,,no Adjusted P-value columns in this combined_protein.tsv
P12611,WHI2,,no Adjusted P-value columns in this combined_protein.tsv
P12612,TCP1,,no Adjusted P-value columns in this combined_protein.tsv
P12630,BAR1,,no Adjusted P-value columns in this combined_protein.tsv
P12683,HMG1,,no Adjusted P-value columns in this combined_protein.tsv
P12684,HMG2,,no Adjusted P-value columns in this combined_protein.tsv
P12687,MRP7,,no Adjusted P-value columns in this combined_protein.tsv
P12688,YPK1,,no Adjusted P-value columns in this combined_protein.tsv
P12694,BCKDHA,,no Adjusted P-value columns in this combined_protein.tsv
P12695,LAT1,,no Adjusted P-value columns in this combined_protein.tsv
P12709,PGI1,,no Adjusted P-value columns in this combined_protein.tsv
P12753,RAD50,,no Adjusted P-value columns in this combined_protein.tsv
P12754,GCD2,,no Adjusted P-value columns in this combined_protein.tsv
P12755,SKI,,no Adjusted P-value columns in this combined_protein.tsv
P12758,udp,,no Adjusted P-value columns in this combined_protein.tsv
P12814,ACTN1,,no Adjusted P-value columns in this combined_protein.tsv
P12829,MYL4,,no Adjusted P-value columns in this combined_protein.tsv
P12868,PEP5,,no Adjusted P-value columns in this combined_protein.tsv
P12887,UNG1,,no Adjusted P-value columns in this combined_protein.tsv
P12904,SNF4,,no Adjusted P-value columns in this combined_protein.tsv
P12945,NAT1,,no Adjusted P-value columns in this combined_protein.tsv
P12955,PEPD,,no Adjusted P-value columns in this combined_protein.tsv
P12956,XRCC6,,no Adjusted P-value columns in this combined_protein.tsv
P12962,CAF20,,no Adjusted P-value columns in this combined_protein.tsv
P12994,ybhB,,no Adjusted P-value columns in this combined_protein.tsv
P12995,bioA,,no Adjusted P-value columns in this combined_protein.tsv
P12996,bioB,,no Adjusted P-value columns in this combined_protein.tsv
P13000,bioD1,,no Adjusted P-value columns in this combined_protein.tsv
P13009,metH,,no Adjusted P-value columns in this combined_protein.tsv
P13010,XRCC5,,no Adjusted P-value columns in this combined_protein.tsv
P13016,ampD,,no Adjusted P-value columns in this combined_protein.tsv
P13024,fdhE,,no Adjusted P-value columns in this combined_protein.tsv
P13029,katG,,no Adjusted P-value columns in this combined_protein.tsv
P13033,glpB,,no Adjusted P-value columns in this combined_protein.tsv
P13035,glpD,,no Adjusted P-value columns in this combined_protein.tsv
P13073,COX4I1,,no Adjusted P-value columns in this combined_protein.tsv
P13130,SPS100,,no Adjusted P-value columns in this combined_protein.tsv
P13185,KIN1,,no Adjusted P-value columns in this combined_protein.tsv
P13186,KIN2,,no Adjusted P-value columns in this combined_protein.tsv
P13188,GLN4,,no Adjusted P-value columns in this combined_protein.tsv
P13196,ALAS1,,no Adjusted P-value columns in this combined_protein.tsv
P13224,GP1BB,,no Adjusted P-value columns in this combined_protein.tsv
P13259,PCT1,,no Adjusted P-value columns in this combined_protein.tsv
P13284,IFI30,,no Adjusted P-value columns in this combined_protein.tsv
P13298,URA5,,no Adjusted P-value columns in this combined_protein.tsv
P13382,POL1,,no Adjusted P-value columns in this combined_protein.tsv
P13393,SPT15,,no Adjusted P-value columns in this combined_protein.tsv
P13433,RPO41,,no Adjusted P-value columns in this combined_protein.tsv
P13445,rpoS,,no Adjusted P-value columns in this combined_protein.tsv
P13473,LAMP2,,no Adjusted P-value columns in this combined_protein.tsv
P13482,treA,,no Adjusted P-value columns in this combined_protein.tsv
P13489,RNH1,,no Adjusted P-value columns in this combined_protein.tsv
P13517,CAP2,,no Adjusted P-value columns in this combined_protein.tsv
P13574,STE12,,no Adjusted P-value columns in this combined_protein.tsv
P13586,PMR1,,no Adjusted P-value columns in this combined_protein.tsv
P13587,ENA1,,no Adjusted P-value columns in this combined_protein.tsv
P13598,ICAM2,,no Adjusted P-value columns in this combined_protein.tsv
P13639,EEF2,,no Adjusted P-value columns in this combined_protein.tsv
P13645,KRT10,,no Adjusted P-value columns in this combined_protein.tsv
P13663,HOM2,,no Adjusted P-value columns in this combined_protein.tsv
P13667,PDIA4,,no Adjusted P-value columns in this combined_protein.tsv
P13674,P4HA1,,no Adjusted P-value columns in this combined_protein.tsv
P13693,TPT1,,no Adjusted P-value columns in this combined_protein.tsv
P13712,MSI1,,no Adjusted P-value columns in this combined_protein.tsv
P13716,ALAD,,no Adjusted P-value columns in this combined_protein.tsv
P13796,LCP1,,no Adjusted P-value columns in this combined_protein.tsv
P13797,PLS3,,no Adjusted P-value columns in this combined_protein.tsv
P13798,APEH,,no Adjusted P-value columns in this combined_protein.tsv
P13804,ETFA,,no Adjusted P-value columns in this combined_protein.tsv
P13807,GYS1,,no Adjusted P-value columns in this combined_protein.tsv
P13856,RSR1,,no Adjusted P-value columns in this combined_protein.tsv
P13857,rimL,,no Adjusted P-value columns in this combined_protein.tsv
P13861,PRKAR2A,,no Adjusted P-value columns in this combined_protein.tsv
P13929,ENO3,,no Adjusted P-value columns in this combined_protein.tsv
P13984,GTF2F2,,no Adjusted P-value columns in this combined_protein.tsv
P13987,CD59,,no Adjusted P-value columns in this combined_protein.tsv
P13995,MTHFD2,,no Adjusted P-value columns in this combined_protein.tsv
P14020,DPM1,,no Adjusted P-value columns in this combined_protein.tsv
P14065,GCY1,,no Adjusted P-value columns in this combined_protein.tsv
P14081,selB,,no Adjusted P-value columns in this combined_protein.tsv
P14120,RPL30,,no Adjusted P-value columns in this combined_protein.tsv
P14126,RPL3,,no Adjusted P-value columns in this combined_protein.tsv
P14164,ABF1,,no Adjusted P-value columns in this combined_protein.tsv
P14174,MIF,,no Adjusted P-value columns in this combined_protein.tsv
P14306,TFS1,,no Adjusted P-value columns in this combined_protein.tsv
P14314,PRKCSH,,no Adjusted P-value columns in this combined_protein.tsv
P14317,HCLS1,,no Adjusted P-value columns in this combined_protein.tsv
P14324,FDPS,,no Adjusted P-value columns in this combined_protein.tsv
P14359,SNA3,,no Adjusted P-value columns in this combined_protein.tsv
P14373,TRIM27,,no Adjusted P-value columns in this combined_protein.tsv
P14406,COX7A2,,no Adjusted P-value columns in this combined_protein.tsv
P14540,FBA1,,no Adjusted P-value columns in this combined_protein.tsv
P14550,AKR1A1,,no Adjusted P-value columns in this combined_protein.tsv
P14618,PKM,,no Adjusted P-value columns in this combined_protein.tsv
P14625,HSP90B1,,no Adjusted P-value columns in this combined_protein.tsv
P14635,CCNB1,,no Adjusted P-value columns in this combined_protein.tsv
P14678,SNRPB,,no Adjusted P-value columns in this combined_protein.tsv
P14680,YAK1,,no Adjusted P-value columns in this combined_protein.tsv
P14682,CDC34,,no Adjusted P-value columns in this combined_protein.tsv
P14693,SAM35,,no Adjusted P-value columns in this combined_protein.tsv
P14735,IDE,,no Adjusted P-value columns in this combined_protein.tsv
P14741,GCN3,,no Adjusted P-value columns in this combined_protein.tsv
P14742,GFA1,,no Adjusted P-value columns in this combined_protein.tsv
P14743,NMT1,,no Adjusted P-value columns in this combined_protein.tsv
P14747,CMP2,,no Adjusted P-value columns in this combined_protein.tsv
P14772,BPT1,,no Adjusted P-value columns in this combined_protein.tsv
P14832,CPR1,,no Adjusted P-value columns in this combined_protein.tsv
P14843,ARO3,,no Adjusted P-value columns in this combined_protein.tsv
P14854,COX6B1,,no Adjusted P-value columns in this combined_protein.tsv
P14859,POU2F1,,no Adjusted P-value columns in this combined_protein.tsv
P14866,HNRNPL,,no Adjusted P-value columns in this combined_protein.tsv
P14868,DARS1,,no Adjusted P-value columns in this combined_protein.tsv
P14900,murD,,no Adjusted P-value columns in this combined_protein.tsv
P14904,APE1,,no Adjusted P-value columns in this combined_protein.tsv
P14906,SEC63,,no Adjusted P-value columns in this combined_protein.tsv
P14907,NSP1,,no Adjusted P-value columns in this combined_protein.tsv
P14908,MTF1,,no Adjusted P-value columns in this combined_protein.tsv
P14922,CYC8,,no Adjusted P-value columns in this combined_protein.tsv
P14923,JUP,,no Adjusted P-value columns in this combined_protein.tsv
P14927,UQCRB,,no Adjusted P-value columns in this combined_protein.tsv
P15019,TAL1,,no Adjusted P-value columns in this combined_protein.tsv
P15028,fecB,,no Adjusted P-value columns in this combined_protein.tsv
P15034,pepP,,no Adjusted P-value columns in this combined_protein.tsv
P15042,ligA,,no Adjusted P-value columns in this combined_protein.tsv
P15056,BRAF,,no Adjusted P-value columns in this combined_protein.tsv
P15067,glgX,,no Adjusted P-value columns in this combined_protein.tsv
P15070,fliN,,no Adjusted P-value columns in this combined_protein.tsv
P15085,CPA1,,no Adjusted P-value columns in this combined_protein.tsv
P15104,GLUL,,no Adjusted P-value columns in this combined_protein.tsv
P15108,HSC82,,no Adjusted P-value columns in this combined_protein.tsv
P15153,RAC2,,no Adjusted P-value columns in this combined_protein.tsv
P15170,GSPT1,,no Adjusted P-value columns in this combined_protein.tsv
P15180,KRS1,,no Adjusted P-value columns in this combined_protein.tsv
P15254,purL,,no Adjusted P-value columns in this combined_protein.tsv
P15274,AMD1,,no Adjusted P-value columns in this combined_protein.tsv
P15288,pepD,,no Adjusted P-value columns in this combined_protein.tsv
P15303,SEC23,,no Adjusted P-value columns in this combined_protein.tsv
P15311,EZR,,no Adjusted P-value columns in this combined_protein.tsv
P15315,CUP2,,no Adjusted P-value columns in this combined_protein.tsv
P15336,ATF2,,no Adjusted P-value columns in this combined_protein.tsv
P15367,SEC11,,no Adjusted P-value columns in this combined_protein.tsv
P15373,prlF,,no Adjusted P-value columns in this combined_protein.tsv
P15374,UCHL3,,no Adjusted P-value columns in this combined_protein.tsv
P15424,MSS116,,no Adjusted P-value columns in this combined_protein.tsv
P15442,GCN2,,no Adjusted P-value columns in this combined_protein.tsv
P15454,GUK1,,no Adjusted P-value columns in this combined_protein.tsv
P15496,IDI1,,no Adjusted P-value columns in this combined_protein.tsv
P15498,VAV1,,no Adjusted P-value columns in this combined_protein.tsv
P15531,NME1,,no Adjusted P-value columns in this combined_protein.tsv
P15559,NQO1,,no Adjusted P-value columns in this combined_protein.tsv
P15565,TRM1,,no Adjusted P-value columns in this combined_protein.tsv
P15586,GNS,,no Adjusted P-value columns in this combined_protein.tsv
P15624,FRS1,,no Adjusted P-value columns in this combined_protein.tsv
P15625,FRS2,,no Adjusted P-value columns in this combined_protein.tsv
P15639,purH,,no Adjusted P-value columns in this combined_protein.tsv
P15640,purD,,no Adjusted P-value columns in this combined_protein.tsv
P15646,NOP1,,no Adjusted P-value columns in this combined_protein.tsv
P15700,URA6,,no Adjusted P-value columns in this combined_protein.tsv
P15703,BGL2,,no Adjusted P-value columns in this combined_protein.tsv
P15705,STI1,,no Adjusted P-value columns in this combined_protein.tsv
P15731,UBC4,,no Adjusted P-value columns in this combined_protein.tsv
P15735,PHKG2,,no Adjusted P-value columns in this combined_protein.tsv
P15770,aroE,,no Adjusted P-value columns in this combined_protein.tsv
P15790,CKA1,,no Adjusted P-value columns in this combined_protein.tsv
P15873,POL30,,no Adjusted P-value columns in this combined_protein.tsv
P15880,RPS2,,no Adjusted P-value columns in this combined_protein.tsv
P15891,ABP1,,no Adjusted P-value columns in this combined_protein.tsv
P15923,TCF3,,no Adjusted P-value columns in this combined_protein.tsv
P15927,RPA2,,no Adjusted P-value columns in this combined_protein.tsv
P15954,COX7C,,no Adjusted P-value columns in this combined_protein.tsv
P15976,GATA1,,no Adjusted P-value columns in this combined_protein.tsv
P15977,malQ,,no Adjusted P-value columns in this combined_protein.tsv
P15992,HSP26,,no Adjusted P-value columns in this combined_protein.tsv
P16083,NQO2,,no Adjusted P-value columns in this combined_protein.tsv
P16095,sdaA,,no Adjusted P-value columns in this combined_protein.tsv
P16120,THR4,,no Adjusted P-value columns in this combined_protein.tsv
P16140,VMA2,,no Adjusted P-value columns in this combined_protein.tsv
P16150,SPN,,no Adjusted P-value columns in this combined_protein.tsv
P16152,CBR1,,no Adjusted P-value columns in this combined_protein.tsv
P16157,ANK1,,no Adjusted P-value columns in this combined_protein.tsv
P16219,ACADS,,no Adjusted P-value columns in this combined_protein.tsv
P16220,CREB1,,no Adjusted P-value columns in this combined_protein.tsv
P16278,GLB1,,no Adjusted P-value columns in this combined_protein.tsv
P16333,NCK1,,no Adjusted P-value columns in this combined_protein.tsv
P16370,RPB3,,no Adjusted P-value columns in this combined_protein.tsv
P16387,PDA1,,no Adjusted P-value columns in this combined_protein.tsv
P16401,H1-5,,no Adjusted P-value columns in this combined_protein.tsv
P16402,H1-3,,no Adjusted P-value columns in this combined_protein.tsv
P16403,H1-2,,no Adjusted P-value columns in this combined_protein.tsv
P16422,EPCAM,,no Adjusted P-value columns in this combined_protein.tsv
P16435,POR,,no Adjusted P-value columns in this combined_protein.tsv
P16451,PDX1,,no Adjusted P-value columns in this combined_protein.tsv
P16456,selD,,no Adjusted P-value columns in this combined_protein.tsv
P16467,PDC5,,no Adjusted P-value columns in this combined_protein.tsv
P16474,KAR2,,no Adjusted P-value columns in this combined_protein.tsv
P16521,YEF3,,no Adjusted P-value columns in this combined_protein.tsv
P16528,iclR,,no Adjusted P-value columns in this combined_protein.tsv
P16547,OM45,,no Adjusted P-value columns in this combined_protein.tsv
P16550,APA1,,no Adjusted P-value columns in this combined_protein.tsv
P16603,NCP1,,no Adjusted P-value columns in this combined_protein.tsv
P16615,ATP2A2,,no Adjusted P-value columns in this combined_protein.tsv
P16622,HEM15,,no Adjusted P-value columns in this combined_protein.tsv
P16649,TUP1,,no Adjusted P-value columns in this combined_protein.tsv
P16659,proS,,no Adjusted P-value columns in this combined_protein.tsv
P16661,ALG1,,no Adjusted P-value columns in this combined_protein.tsv
P16681,yjdN,,no Adjusted P-value columns in this combined_protein.tsv
P16700,cysP,,no Adjusted P-value columns in this combined_protein.tsv
P16703,cysM,,no Adjusted P-value columns in this combined_protein.tsv
P16861,PFK1,,no Adjusted P-value columns in this combined_protein.tsv
P16862,PFK2,,no Adjusted P-value columns in this combined_protein.tsv
P16930,FAH,,no Adjusted P-value columns in this combined_protein.tsv
P16949,STMN1,,no Adjusted P-value columns in this combined_protein.tsv
P16965,STF2,,no Adjusted P-value columns in this combined_protein.tsv
P16989,YBX3,,no Adjusted P-value columns in this combined_protein.tsv
P17028,ZNF24,,no Adjusted P-value columns in this combined_protein.tsv
P17050,NAGA,,no Adjusted P-value columns in this combined_protein.tsv
P17065,SEC2,,no Adjusted P-value columns in this combined_protein.tsv
P17066,HSPA6,,no Adjusted P-value columns in this combined_protein.tsv
P17076,RPL8A,,no Adjusted P-value columns in this combined_protein.tsv
P17096,HMGA1,,no Adjusted P-value columns in this combined_protein.tsv
P17106,CBF1,,no Adjusted P-value columns in this combined_protein.tsv
P17115,gutQ,,no Adjusted P-value columns in this combined_protein.tsv
P17117,nfsA,,no Adjusted P-value columns in this combined_protein.tsv
P17121,SAC7,,no Adjusted P-value columns in this combined_protein.tsv
P17152,TMEM11,,no Adjusted P-value columns in this combined_protein.tsv
P17157,PHO85,,no Adjusted P-value columns in this combined_protein.tsv
P17169,glmS,,no Adjusted P-value columns in this combined_protein.tsv
P17174,GOT1,,no Adjusted P-value columns in this combined_protein.tsv
P17252,PRKCA,,no Adjusted P-value columns in this combined_protein.tsv
P17255,VMA1,,no Adjusted P-value columns in this combined_protein.tsv
P17423,THR1,,no Adjusted P-value columns in this combined_protein.tsv
P17442,PHO81,,no Adjusted P-value columns in this combined_protein.tsv
P17480,UBTF,,no Adjusted P-value columns in this combined_protein.tsv
P17482,HOXB9,,no Adjusted P-value columns in this combined_protein.tsv
P17483,HOXB4,,no Adjusted P-value columns in this combined_protein.tsv
P17505,MDH1,,no Adjusted P-value columns in this combined_protein.tsv
P17535,JUND,,no Adjusted P-value columns in this combined_protein.tsv
P17536,TPM1,,no Adjusted P-value columns in this combined_protein.tsv
P17542,TAL1,,no Adjusted P-value columns in this combined_protein.tsv
P17544,ATF7,,no Adjusted P-value columns in this combined_protein.tsv
P17555,SRV2,,no Adjusted P-value columns in this combined_protein.tsv
P17568,NDUFB7,,no Adjusted P-value columns in this combined_protein.tsv
P17612,PRKACA,,no Adjusted P-value columns in this combined_protein.tsv
P17629,HPR1,,no Adjusted P-value columns in this combined_protein.tsv
P17649,UGA1,,no Adjusted P-value columns in this combined_protein.tsv
P17655,CAPN2,,no Adjusted P-value columns in this combined_protein.tsv
P17695,GRX2,,no Adjusted P-value columns in this combined_protein.tsv
P17706,PTPN2,,no Adjusted P-value columns in this combined_protein.tsv
P17707,AMD1,,no Adjusted P-value columns in this combined_protein.tsv
P17709,GLK1,,no Adjusted P-value columns in this combined_protein.tsv
P17812,CTPS1,,no Adjusted P-value columns in this combined_protein.tsv
P17844,DDX5,,no Adjusted P-value columns in this combined_protein.tsv
P17846,cysI,,no Adjusted P-value columns in this combined_protein.tsv
P17854,cysH,,no Adjusted P-value columns in this combined_protein.tsv
P17858,PFKL,,no Adjusted P-value columns in this combined_protein.tsv
P17883,SKI3,,no Adjusted P-value columns in this combined_protein.tsv
P17890,RPC31,,no Adjusted P-value columns in this combined_protein.tsv
P17891,CLC1,,no Adjusted P-value columns in this combined_protein.tsv
P17898,CPT1,,no Adjusted P-value columns in this combined_protein.tsv
P17948,FLT1,,no Adjusted P-value columns in this combined_protein.tsv
P17952,murC,,no Adjusted P-value columns in this combined_protein.tsv
P17967,PDI1,,no Adjusted P-value columns in this combined_protein.tsv
P17980,PSMC3,,no Adjusted P-value columns in this combined_protein.tsv
P17987,TCP1,,no Adjusted P-value columns in this combined_protein.tsv
P17993,ubiG,,no Adjusted P-value columns in this combined_protein.tsv
P18031,PTPN1,,no Adjusted P-value columns in this combined_protein.tsv
P18074,ERCC2,,no Adjusted P-value columns in this combined_protein.tsv
P18077,RPL35A,,no Adjusted P-value columns in this combined_protein.tsv
P18085,ARF4,,no Adjusted P-value columns in this combined_protein.tsv
P18124,RPL7,,no Adjusted P-value columns in this combined_protein.tsv
P18133,pncB,,no Adjusted P-value columns in this combined_protein.tsv
P18196,minC,,no Adjusted P-value columns in this combined_protein.tsv
P18206,VCL,,no Adjusted P-value columns in this combined_protein.tsv
P18239,PET9,,no Adjusted P-value columns in this combined_protein.tsv
P18390,yjjA,,no Adjusted P-value columns in this combined_protein.tsv
P18409,MDM10,,no Adjusted P-value columns in this combined_protein.tsv
P18411,FUN14,,no Adjusted P-value columns in this combined_protein.tsv
P18433,PTPRA,,no Adjusted P-value columns in this combined_protein.tsv
P18440,NAT1,,no Adjusted P-value columns in this combined_protein.tsv
P18480,SNF5,,no Adjusted P-value columns in this combined_protein.tsv
P18496,ATP10,,no Adjusted P-value columns in this combined_protein.tsv
P18562,FUR1,,no Adjusted P-value columns in this combined_protein.tsv
P18583,SON,,no Adjusted P-value columns in this combined_protein.tsv
P18615,NELFE,,no Adjusted P-value columns in this combined_protein.tsv
P18621,RPL17,,no Adjusted P-value columns in this combined_protein.tsv
P18634,ART10,,no Adjusted P-value columns in this combined_protein.tsv
P18669,PGAM1,,no Adjusted P-value columns in this combined_protein.tsv
P18754,RCC1,,no Adjusted P-value columns in this combined_protein.tsv
P18759,SEC18,,no Adjusted P-value columns in this combined_protein.tsv
P18843,nadE,,no Adjusted P-value columns in this combined_protein.tsv
P18846,ATF1,,no Adjusted P-value columns in this combined_protein.tsv
P18851,STE4,,no Adjusted P-value columns in this combined_protein.tsv
P18858,LIG1,,no Adjusted P-value columns in this combined_protein.tsv
P18859,ATP5PF,,no Adjusted P-value columns in this combined_protein.tsv
P18887,XRCC1,,no Adjusted P-value columns in this combined_protein.tsv
P18899,DDR48,,no Adjusted P-value columns in this combined_protein.tsv
P18900,COQ1,,no Adjusted P-value columns in this combined_protein.tsv
P18956,ggt,,no Adjusted P-value columns in this combined_protein.tsv
P18961,YPK2,,no Adjusted P-value columns in this combined_protein.tsv
P18962,DAP2,,no Adjusted P-value columns in this combined_protein.tsv
P18963,IRA1,,no Adjusted P-value columns in this combined_protein.tsv
P19073,CDC42,,no Adjusted P-value columns in this combined_protein.tsv
P19097,FAS2,,no Adjusted P-value columns in this combined_protein.tsv
P19146,ARF2,,no Adjusted P-value columns in this combined_protein.tsv
P19158,IRA2,,no Adjusted P-value columns in this combined_protein.tsv
P19174,PLCG1,,no Adjusted P-value columns in this combined_protein.tsv
P19211,ANB1,,no Adjusted P-value columns in this combined_protein.tsv
P19262,KGD2,,no Adjusted P-value columns in this combined_protein.tsv
P19338,NCL,,no Adjusted P-value columns in this combined_protein.tsv
P19358,SAM2,,no Adjusted P-value columns in this combined_protein.tsv
P19367,HK1,,no Adjusted P-value columns in this combined_protein.tsv
P19387,POLR2C,,no Adjusted P-value columns in this combined_protein.tsv
P19388,POLR2E,,no Adjusted P-value columns in this combined_protein.tsv
P19404,NDUFV2,,no Adjusted P-value columns in this combined_protein.tsv
P19414,ACO1,,no Adjusted P-value columns in this combined_protein.tsv
P19447,ERCC3,,no Adjusted P-value columns in this combined_protein.tsv
P19454,CKA2,,no Adjusted P-value columns in this combined_protein.tsv
P19524,MYO2,,no Adjusted P-value columns in this combined_protein.tsv
P19525,EIF2AK2,,no Adjusted P-value columns in this combined_protein.tsv
P19544,WT1,,no Adjusted P-value columns in this combined_protein.tsv
P19623,SRM,,no Adjusted P-value columns in this combined_protein.tsv
P19624,pdxA,,no Adjusted P-value columns in this combined_protein.tsv
P19658,EXO70,,no Adjusted P-value columns in this combined_protein.tsv
P19659,GAL11,,no Adjusted P-value columns in this combined_protein.tsv
P19735,PRP6,,no Adjusted P-value columns in this combined_protein.tsv
P19736,PRP9,,no Adjusted P-value columns in this combined_protein.tsv
P19784,CSNK2A2,,no Adjusted P-value columns in this combined_protein.tsv
P19812,UBR1,,no Adjusted P-value columns in this combined_protein.tsv
P19823,ITIH2,,no Adjusted P-value columns in this combined_protein.tsv
P19838,NFKB1,,no Adjusted P-value columns in this combined_protein.tsv
P19880,YAP1,,no Adjusted P-value columns in this combined_protein.tsv
P19881,PHO13,,no Adjusted P-value columns in this combined_protein.tsv
P19882,HSP60,,no Adjusted P-value columns in this combined_protein.tsv
P19926,agp,,no Adjusted P-value columns in this combined_protein.tsv
P19955,YMR31,,no Adjusted P-value columns in this combined_protein.tsv
P20020,ATP2B1,,no Adjusted P-value columns in this combined_protein.tsv
P20042,EIF2S2,,no Adjusted P-value columns in this combined_protein.tsv
P20049,TYR1,,no Adjusted P-value columns in this combined_protein.tsv
P20051,URA4,,no Adjusted P-value columns in this combined_protein.tsv
P20053,PRP4,,no Adjusted P-value columns in this combined_protein.tsv
P20073,ANXA7,,no Adjusted P-value columns in this combined_protein.tsv
P20081,FPR1,,no Adjusted P-value columns in this combined_protein.tsv
P20083,parE,,no Adjusted P-value columns in this combined_protein.tsv
P20095,PRP2,,no Adjusted P-value columns in this combined_protein.tsv
P20099,bisC,,no Adjusted P-value columns in this combined_protein.tsv
P20107,ZRC1,,no Adjusted P-value columns in this combined_protein.tsv
P20133,BET2,,no Adjusted P-value columns in this combined_protein.tsv
P20134,SFL1,,no Adjusted P-value columns in this combined_protein.tsv
P20226,TBP,,no Adjusted P-value columns in this combined_protein.tsv
P20248,CCNA2,,no Adjusted P-value columns in this combined_protein.tsv
P20290,BTF3,,no Adjusted P-value columns in this combined_protein.tsv
P20333,TNFRSF1B,,no Adjusted P-value columns in this combined_protein.tsv
P20338,RAB4A,,no Adjusted P-value columns in this combined_protein.tsv
P20339,RAB5A,,no Adjusted P-value columns in this combined_protein.tsv
P20340,RAB6A,,no Adjusted P-value columns in this combined_protein.tsv
P20424,SRP54,,no Adjusted P-value columns in this combined_protein.tsv
P20433,RPB4,,no Adjusted P-value columns in this combined_protein.tsv
P20434,RPB5,,no Adjusted P-value columns in this combined_protein.tsv
P20435,RPO26,,no Adjusted P-value columns in this combined_protein.tsv
P20436,RPB8,,no Adjusted P-value columns in this combined_protein.tsv
P20447,DBP3,,no Adjusted P-value columns in this combined_protein.tsv
P20448,HCA4,,no Adjusted P-value columns in this combined_protein.tsv
P20449,DBP5,,no Adjusted P-value columns in this combined_protein.tsv
P20457,PRI2,,no Adjusted P-value columns in this combined_protein.tsv
P20459,SUI2,,no Adjusted P-value columns in this combined_protein.tsv
P20484,MAK11,,no Adjusted P-value columns in this combined_protein.tsv
P20485,CKI1,,no Adjusted P-value columns in this combined_protein.tsv
P20486,CKS1,,no Adjusted P-value columns in this combined_protein.tsv
P20604,SIT4,,no Adjusted P-value columns in this combined_protein.tsv
P20605,fic,,no Adjusted P-value columns in this combined_protein.tsv
P20606,SAR1,,no Adjusted P-value columns in this combined_protein.tsv
P20618,PSMB1,,no Adjusted P-value columns in this combined_protein.tsv
P20645,M6PR,,no Adjusted P-value columns in this combined_protein.tsv
P20648,ATP4A,,no Adjusted P-value columns in this combined_protein.tsv
P20674,COX5A,,no Adjusted P-value columns in this combined_protein.tsv
P20676,NUP1,,no Adjusted P-value columns in this combined_protein.tsv
P20700,LMNB1,,no Adjusted P-value columns in this combined_protein.tsv
P20742,PZP,,no Adjusted P-value columns in this combined_protein.tsv
P20795,VPS33,,no Adjusted P-value columns in this combined_protein.tsv
P20810,CAST,,no Adjusted P-value columns in this combined_protein.tsv
P20839,IMPDH1,,no Adjusted P-value columns in this combined_protein.tsv
P20962,PTMS,,no Adjusted P-value columns in this combined_protein.tsv
P20967,KGD1,,no Adjusted P-value columns in this combined_protein.tsv
P21127,CDK11B,,no Adjusted P-value columns in this combined_protein.tsv
P21147,OLE1,,no Adjusted P-value columns in this combined_protein.tsv
P21151,fadA,,no Adjusted P-value columns in this combined_protein.tsv
P21156,cysD,,no Adjusted P-value columns in this combined_protein.tsv
P21165,pepQ,,no Adjusted P-value columns in this combined_protein.tsv
P21170,speA,,no Adjusted P-value columns in this combined_protein.tsv
P21177,fadB,,no Adjusted P-value columns in this combined_protein.tsv
P21179,katE,,no Adjusted P-value columns in this combined_protein.tsv
P21182,SPE2,,no Adjusted P-value columns in this combined_protein.tsv
P21192,ACE2,,no Adjusted P-value columns in this combined_protein.tsv
P21242,PRE10,,no Adjusted P-value columns in this combined_protein.tsv
P21243,SCL1,,no Adjusted P-value columns in this combined_protein.tsv
P21264,ADE2,,no Adjusted P-value columns in this combined_protein.tsv
P21269,CCA1,,no Adjusted P-value columns in this combined_protein.tsv
P21281,ATP6V1B2,,no Adjusted P-value columns in this combined_protein.tsv
P21283,ATP6V1C1,,no Adjusted P-value columns in this combined_protein.tsv
P21291,CSRP1,,no Adjusted P-value columns in this combined_protein.tsv
P21304,PWP1,,no Adjusted P-value columns in this combined_protein.tsv
P21306,ATP15,,no Adjusted P-value columns in this combined_protein.tsv
P21333,FLNA,,no Adjusted P-value columns in this combined_protein.tsv
P21338,rna,,no Adjusted P-value columns in this combined_protein.tsv
P21359,NF1,,no Adjusted P-value columns in this combined_protein.tsv
P21363,yciE,,no Adjusted P-value columns in this combined_protein.tsv
P21367,ycaC,,no Adjusted P-value columns in this combined_protein.tsv
P21373,UTR1,,no Adjusted P-value columns in this combined_protein.tsv
P21375,OSM1,,no Adjusted P-value columns in this combined_protein.tsv
P21399,ACO1,,no Adjusted P-value columns in this combined_protein.tsv
P21499,rnr,,no Adjusted P-value columns in this combined_protein.tsv
P21507,srmB,,no Adjusted P-value columns in this combined_protein.tsv
P21513,rne,,no Adjusted P-value columns in this combined_protein.tsv
P21524,RNR1,,no Adjusted P-value columns in this combined_protein.tsv
P21538,REB1,,no Adjusted P-value columns in this combined_protein.tsv
P21560,CBP3,,no Adjusted P-value columns in this combined_protein.tsv
P21576,VPS1,,no Adjusted P-value columns in this combined_protein.tsv
P21599,pykA,,no Adjusted P-value columns in this combined_protein.tsv
P21645,lpxD,,no Adjusted P-value columns in this combined_protein.tsv
P21734,UBC1,,no Adjusted P-value columns in this combined_protein.tsv
P21741,MDK,,no Adjusted P-value columns in this combined_protein.tsv
P21796,VDAC1,,no Adjusted P-value columns in this combined_protein.tsv
P21801,SDH2,,no Adjusted P-value columns in this combined_protein.tsv
P21825,SEC62,,no Adjusted P-value columns in this combined_protein.tsv
P21827,SRM1,,no Adjusted P-value columns in this combined_protein.tsv
P21888,cysS,,no Adjusted P-value columns in this combined_protein.tsv
P21889,aspS,,no Adjusted P-value columns in this combined_protein.tsv
P21912,SDHB,,no Adjusted P-value columns in this combined_protein.tsv
P21951,POL2,,no Adjusted P-value columns in this combined_protein.tsv
P21954,IDP1,,no Adjusted P-value columns in this combined_protein.tsv
P21964,COMT,,no Adjusted P-value columns in this combined_protein.tsv
P21965,MCK1,,no Adjusted P-value columns in this combined_protein.tsv
P21980,TGM2,,no Adjusted P-value columns in this combined_protein.tsv
P22007,RAM1,,no Adjusted P-value columns in this combined_protein.tsv
P22023,KRE5,,no Adjusted P-value columns in this combined_protein.tsv
P22033,MMUT,,no Adjusted P-value columns in this combined_protein.tsv
P22059,OSBP,,no Adjusted P-value columns in this combined_protein.tsv
P22061,PCMT1,,no Adjusted P-value columns in this combined_protein.tsv
P22082,SNF2,,no Adjusted P-value columns in this combined_protein.tsv
P22087,FBL,,no Adjusted P-value columns in this combined_protein.tsv
P22102,GART,,no Adjusted P-value columns in this combined_protein.tsv
P22106,asnB,,no Adjusted P-value columns in this combined_protein.tsv
P22108,APA2,,no Adjusted P-value columns in this combined_protein.tsv
P22133,MDH2,,no Adjusted P-value columns in this combined_protein.tsv
P22134,MAG1,,no Adjusted P-value columns in this combined_protein.tsv
P22135,ATP12,,no Adjusted P-value columns in this combined_protein.tsv
P22137,CHC1,,no Adjusted P-value columns in this combined_protein.tsv
P22138,RPA135,,no Adjusted P-value columns in this combined_protein.tsv
P22139,RPB10,,no Adjusted P-value columns in this combined_protein.tsv
P22140,EPT1,,no Adjusted P-value columns in this combined_protein.tsv
P22141,PRE1,,no Adjusted P-value columns in this combined_protein.tsv
P22146,GAS1,,no Adjusted P-value columns in this combined_protein.tsv
P22147,XRN1,,no Adjusted P-value columns in this combined_protein.tsv
P22186,mraZ,,no Adjusted P-value columns in this combined_protein.tsv
P22188,murE,,no Adjusted P-value columns in this combined_protein.tsv
P22202,SSA4,,no Adjusted P-value columns in this combined_protein.tsv
P22203,VMA4,,no Adjusted P-value columns in this combined_protein.tsv
P22204,DBF2,,no Adjusted P-value columns in this combined_protein.tsv
P22209,KIN3,,no Adjusted P-value columns in this combined_protein.tsv
P22211,NPR1,,no Adjusted P-value columns in this combined_protein.tsv
P22213,SLY1,,no Adjusted P-value columns in this combined_protein.tsv
P22214,SEC22,,no Adjusted P-value columns in this combined_protein.tsv
P22217,TRX1,,no Adjusted P-value columns in this combined_protein.tsv
P22224,SEC15,,no Adjusted P-value columns in this combined_protein.tsv
P22234,PAICS,,no Adjusted P-value columns in this combined_protein.tsv
P22255,cysQ,,no Adjusted P-value columns in this combined_protein.tsv
P22256,gabT,,no Adjusted P-value columns in this combined_protein.tsv
P22259,pckA,,no Adjusted P-value columns in this combined_protein.tsv
P22276,RET1,,no Adjusted P-value columns in this combined_protein.tsv
P22307,SCP2,,no Adjusted P-value columns in this combined_protein.tsv
P22314,UBA1,,no Adjusted P-value columns in this combined_protein.tsv
P22333,add,,no Adjusted P-value columns in this combined_protein.tsv
P22336,RFA1,,no Adjusted P-value columns in this combined_protein.tsv
P22352,GPX3,,no Adjusted P-value columns in this combined_protein.tsv
P22392,NME2,,no Adjusted P-value columns in this combined_protein.tsv
P22470,SAN1,,no Adjusted P-value columns in this combined_protein.tsv
P22515,UBA1,,no Adjusted P-value columns in this combined_protein.tsv
P22517,CMK2,,no Adjusted P-value columns in this combined_protein.tsv
P22523,mukB,,no Adjusted P-value columns in this combined_protein.tsv
P22524,mukE,,no Adjusted P-value columns in this combined_protein.tsv
P22564,rihC,,no Adjusted P-value columns in this combined_protein.tsv
P22570,FDXR,,no Adjusted P-value columns in this combined_protein.tsv
P22579,SIN3,,no Adjusted P-value columns in this combined_protein.tsv
P22626,HNRNPA2B1,,no Adjusted P-value columns in this combined_protein.tsv
P22670,RFX1,,no Adjusted P-value columns in this combined_protein.tsv
P22681,CBL,,no Adjusted P-value columns in this combined_protein.tsv
P22695,UQCRC2,,no Adjusted P-value columns in this combined_protein.tsv
P22696,ESS1,,no Adjusted P-value columns in this combined_protein.tsv
P22768,ARG1,,no Adjusted P-value columns in this combined_protein.tsv
P22803,TRX2,,no Adjusted P-value columns in this combined_protein.tsv
P22804,BET1,,no Adjusted P-value columns in this combined_protein.tsv
P22830,FECH,,no Adjusted P-value columns in this combined_protein.tsv
P22855,AMS1,,no Adjusted P-value columns in this combined_protein.tsv
P22936,APN1,,no Adjusted P-value columns in this combined_protein.tsv
P22943,HSP12,,no Adjusted P-value columns in this combined_protein.tsv
P23003,trmA,,no Adjusted P-value columns in this combined_protein.tsv
P23025,XPA,,no Adjusted P-value columns in this combined_protein.tsv
P23173,tnaB,,no Adjusted P-value columns in this combined_protein.tsv
P23180,AIM17,,no Adjusted P-value columns in this combined_protein.tsv
P23193,TCEA1,,no Adjusted P-value columns in this combined_protein.tsv
P23201,SPA2,,no Adjusted P-value columns in this combined_protein.tsv
P23202,URE2,,no Adjusted P-value columns in this combined_protein.tsv
P23246,SFPQ,,no Adjusted P-value columns in this combined_protein.tsv
P23248,RPS1B,,no Adjusted P-value columns in this combined_protein.tsv
P23254,TKL1,,no Adjusted P-value columns in this combined_protein.tsv
P23255,TAF2,,no Adjusted P-value columns in this combined_protein.tsv
P23258,TUBG1,,no Adjusted P-value columns in this combined_protein.tsv
P23284,PPIB,,no Adjusted P-value columns in this combined_protein.tsv
P23287,CNA1,,no Adjusted P-value columns in this combined_protein.tsv
P23291,YCK1,,no Adjusted P-value columns in this combined_protein.tsv
P23292,YCK2,,no Adjusted P-value columns in this combined_protein.tsv
P23293,SGV1,,no Adjusted P-value columns in this combined_protein.tsv
P23301,HYP2,,no Adjusted P-value columns in this combined_protein.tsv
P23327,HRC,,no Adjusted P-value columns in this combined_protein.tsv
P23331,tdk,,no Adjusted P-value columns in this combined_protein.tsv
P23337,GSY1,,no Adjusted P-value columns in this combined_protein.tsv
P23368,ME2,,no Adjusted P-value columns in this combined_protein.tsv
P23381,WARS1,,no Adjusted P-value columns in this combined_protein.tsv
P23394,PRP28,,no Adjusted P-value columns in this combined_protein.tsv
P23396,RPS3,,no Adjusted P-value columns in this combined_protein.tsv
P23434,GCSH,,no Adjusted P-value columns in this combined_protein.tsv
P23443,RPS6KB1,,no Adjusted P-value columns in this combined_protein.tsv
P23493,MBR1,,no Adjusted P-value columns in this combined_protein.tsv
P23497,SP100,,no Adjusted P-value columns in this combined_protein.tsv
P23503,NAR1,,no Adjusted P-value columns in this combined_protein.tsv
P23511,NFYA,,no Adjusted P-value columns in this combined_protein.tsv
P23522,garL,,no Adjusted P-value columns in this combined_protein.tsv
P23526,AHCY,,no Adjusted P-value columns in this combined_protein.tsv
P23528,CFL1,,no Adjusted P-value columns in this combined_protein.tsv
P23538,ppsA,,no Adjusted P-value columns in this combined_protein.tsv
P23542,AAT2,,no Adjusted P-value columns in this combined_protein.tsv
P23585,HXT2,,no Adjusted P-value columns in this combined_protein.tsv
P23588,EIF4B,,no Adjusted P-value columns in this combined_protein.tsv
P23594,PPH21,,no Adjusted P-value columns in this combined_protein.tsv
P23595,PPH22,,no Adjusted P-value columns in this combined_protein.tsv
P23615,SPT6,,no Adjusted P-value columns in this combined_protein.tsv
P23634,ATP2B4,,no Adjusted P-value columns in this combined_protein.tsv
P23638,PRE9,,no Adjusted P-value columns in this combined_protein.tsv
P23639,PRE8,,no Adjusted P-value columns in this combined_protein.tsv
P23641,MIR1,,no Adjusted P-value columns in this combined_protein.tsv
P23642,VAN1,,no Adjusted P-value columns in this combined_protein.tsv
P23643,VPS3,,no Adjusted P-value columns in this combined_protein.tsv
P23644,TOM40,,no Adjusted P-value columns in this combined_protein.tsv
P23677,ITPKA,,no Adjusted P-value columns in this combined_protein.tsv
P23721,serC,,no Adjusted P-value columns in this combined_protein.tsv
P23724,PRE7,,no Adjusted P-value columns in this combined_protein.tsv
P23776,EXG1,,no Adjusted P-value columns in this combined_protein.tsv
P23786,CPT2,,no Adjusted P-value columns in this combined_protein.tsv
P23797,GPI12,,no Adjusted P-value columns in this combined_protein.tsv
P23827,eco,,no Adjusted P-value columns in this combined_protein.tsv
P23830,pssA,,no Adjusted P-value columns in this combined_protein.tsv
P23833,SCO1,,no Adjusted P-value columns in this combined_protein.tsv
P23836,phoP,,no Adjusted P-value columns in this combined_protein.tsv
P23839,yicC,,no Adjusted P-value columns in this combined_protein.tsv
P23843,oppA,,no Adjusted P-value columns in this combined_protein.tsv
P23847,dppA,,no Adjusted P-value columns in this combined_protein.tsv
P23857,pspE,,no Adjusted P-value columns in this combined_protein.tsv
P23865,prc,,no Adjusted P-value columns in this combined_protein.tsv
P23869,ppiB,,no Adjusted P-value columns in this combined_protein.tsv
P23882,fmt,,no Adjusted P-value columns in this combined_protein.tsv
P23883,puuC,,no Adjusted P-value columns in this combined_protein.tsv
P23893,hemL,,no Adjusted P-value columns in this combined_protein.tsv
P23908,argE,,no Adjusted P-value columns in this combined_protein.tsv
P23909,mutS,,no Adjusted P-value columns in this combined_protein.tsv
P23917,mak,,no Adjusted P-value columns in this combined_protein.tsv
P23919,DTYMK,,no Adjusted P-value columns in this combined_protein.tsv
P23921,RRM1,,no Adjusted P-value columns in this combined_protein.tsv
P24000,RPL24B,,no Adjusted P-value columns in this combined_protein.tsv
P24004,PEX1,,no Adjusted P-value columns in this combined_protein.tsv
P24031,PHO3,,no Adjusted P-value columns in this combined_protein.tsv
P24171,dcp,,no Adjusted P-value columns in this combined_protein.tsv
P24178,yffB,,no Adjusted P-value columns in this combined_protein.tsv
P24182,accC,,no Adjusted P-value columns in this combined_protein.tsv
P24186,folD,,no Adjusted P-value columns in this combined_protein.tsv
P24202,mrr,,no Adjusted P-value columns in this combined_protein.tsv
P24215,uxuA,,no Adjusted P-value columns in this combined_protein.tsv
P24232,hmp,,no Adjusted P-value columns in this combined_protein.tsv
P24255,rpoN,,no Adjusted P-value columns in this combined_protein.tsv
P24276,SSD1,,no Adjusted P-value columns in this combined_protein.tsv
P24279,MCM3,,no Adjusted P-value columns in this combined_protein.tsv
P24280,SEC14,,no Adjusted P-value columns in this combined_protein.tsv
P24468,NR2F2,,no Adjusted P-value columns in this combined_protein.tsv
P24482,DPB2,,no Adjusted P-value columns in this combined_protein.tsv
P24521,ERG8,,no Adjusted P-value columns in this combined_protein.tsv
P24534,EEF1B2,,no Adjusted P-value columns in this combined_protein.tsv
P24539,ATP5PB,,no Adjusted P-value columns in this combined_protein.tsv
P24583,PKC1,,no Adjusted P-value columns in this combined_protein.tsv
P24666,ACP1,,no Adjusted P-value columns in this combined_protein.tsv
P24752,ACAT1,,no Adjusted P-value columns in this combined_protein.tsv
P24783,DBP2,,no Adjusted P-value columns in this combined_protein.tsv
P24784,DBP1,,no Adjusted P-value columns in this combined_protein.tsv
P24928,POLR2A,,no Adjusted P-value columns in this combined_protein.tsv
P24941,CDK2,,no Adjusted P-value columns in this combined_protein.tsv
P25037,UBP1,,no Adjusted P-value columns in this combined_protein.tsv
P25039,MEF1,,no Adjusted P-value columns in this combined_protein.tsv
P25040,TSR4,,no Adjusted P-value columns in this combined_protein.tsv
P25043,PUP1,,no Adjusted P-value columns in this combined_protein.tsv
P25044,PTP1,,no Adjusted P-value columns in this combined_protein.tsv
P25045,LCB1,,no Adjusted P-value columns in this combined_protein.tsv
P25087,ERG6,,no Adjusted P-value columns in this combined_protein.tsv
P25098,GRK2,,no Adjusted P-value columns in this combined_protein.tsv
P25205,MCM3,,no Adjusted P-value columns in this combined_protein.tsv
P25293,NAP1,,no Adjusted P-value columns in this combined_protein.tsv
P25294,SIS1,,no Adjusted P-value columns in this combined_protein.tsv
P25296,CNB1,,no Adjusted P-value columns in this combined_protein.tsv
P25297,PHO84,,no Adjusted P-value columns in this combined_protein.tsv
P25298,RNA14,,no Adjusted P-value columns in this combined_protein.tsv
P25299,RNA15,,no Adjusted P-value columns in this combined_protein.tsv
P25303,SCJ1,,no Adjusted P-value columns in this combined_protein.tsv
P25325,MPST,,no Adjusted P-value columns in this combined_protein.tsv
P25332,RBK1,,no Adjusted P-value columns in this combined_protein.tsv
P25339,PUF4,,no Adjusted P-value columns in this combined_protein.tsv
P25340,ERG4,,no Adjusted P-value columns in this combined_protein.tsv
P25342,CDC10,,no Adjusted P-value columns in this combined_protein.tsv
P25343,RVS161,,no Adjusted P-value columns in this combined_protein.tsv
P25349,YCP4,,no Adjusted P-value columns in this combined_protein.tsv
P25351,YCR023C,,no Adjusted P-value columns in this combined_protein.tsv
P25353,NPP1,,no Adjusted P-value columns in this combined_protein.tsv
P25355,CTR86,,no Adjusted P-value columns in this combined_protein.tsv
P25357,SNT1,,no Adjusted P-value columns in this combined_protein.tsv
P25358,ELO2,,no Adjusted P-value columns in this combined_protein.tsv
P25359,RRP43,,no Adjusted P-value columns in this combined_protein.tsv
P25361,YCR043C,,no Adjusted P-value columns in this combined_protein.tsv
P25365,SED4,,no Adjusted P-value columns in this combined_protein.tsv
P25366,OCA4,,no Adjusted P-value columns in this combined_protein.tsv
P25367,RNQ1,,no Adjusted P-value columns in this combined_protein.tsv
P25368,RRP7,,no Adjusted P-value columns in this combined_protein.tsv
P25369,LSB5,,no Adjusted P-value columns in this combined_protein.tsv
P25371,ADP1,,no Adjusted P-value columns in this combined_protein.tsv
P25372,TRX3,,no Adjusted P-value columns in this combined_protein.tsv
P25373,GRX1,,no Adjusted P-value columns in this combined_protein.tsv
P25374,NFS1,,no Adjusted P-value columns in this combined_protein.tsv
P25375,PRD1,,no Adjusted P-value columns in this combined_protein.tsv
P25378,RHB1,,no Adjusted P-value columns in this combined_protein.tsv
P25379,CHA1,,no Adjusted P-value columns in this combined_protein.tsv
P25382,RSA4,,no Adjusted P-value columns in this combined_protein.tsv
P25385,BOS1,,no Adjusted P-value columns in this combined_protein.tsv
P25386,USO1,,no Adjusted P-value columns in this combined_protein.tsv
P25398,RPS12,,no Adjusted P-value columns in this combined_protein.tsv
P25437,frmA,,no Adjusted P-value columns in this combined_protein.tsv
P25440,BRD2,,no Adjusted P-value columns in this combined_protein.tsv
P25441,RPC53,,no Adjusted P-value columns in this combined_protein.tsv
P25443,RPS2,,no Adjusted P-value columns in this combined_protein.tsv
P25451,PUP3,,no Adjusted P-value columns in this combined_protein.tsv
P25454,RAD51,,no Adjusted P-value columns in this combined_protein.tsv
P25490,YY1,,no Adjusted P-value columns in this combined_protein.tsv
P25491,YDJ1,,no Adjusted P-value columns in this combined_protein.tsv
P25516,acnA,,no Adjusted P-value columns in this combined_protein.tsv
P25519,hflX,,no Adjusted P-value columns in this combined_protein.tsv
P25522,mnmE,,no Adjusted P-value columns in this combined_protein.tsv
P25526,gabD,,no Adjusted P-value columns in this combined_protein.tsv
P25536,yhdE,,no Adjusted P-value columns in this combined_protein.tsv
P25539,ribD,,no Adjusted P-value columns in this combined_protein.tsv
P25552,gppA,,no Adjusted P-value columns in this combined_protein.tsv
P25553,aldA,,no Adjusted P-value columns in this combined_protein.tsv
P25554,SGF29,,no Adjusted P-value columns in this combined_protein.tsv
P25555,GBP2,,no Adjusted P-value columns in this combined_protein.tsv
P25558,BUD3,,no Adjusted P-value columns in this combined_protein.tsv
P25559,DCC1,,no Adjusted P-value columns in this combined_protein.tsv
P25560,RER1,,no Adjusted P-value columns in this combined_protein.tsv
P25566,MXR2,,no Adjusted P-value columns in this combined_protein.tsv
P25567,SRO9,,no Adjusted P-value columns in this combined_protein.tsv
P25568,ATG22,,no Adjusted P-value columns in this combined_protein.tsv
P25569,GID7,,no Adjusted P-value columns in this combined_protein.tsv
P25572,YCL042W,,no Adjusted P-value columns in this combined_protein.tsv
P25573,MGR1,,no Adjusted P-value columns in this combined_protein.tsv
P25574,EMC1,,no Adjusted P-value columns in this combined_protein.tsv
P25576,POF1,,no Adjusted P-value columns in this combined_protein.tsv
P25578,PGS1,,no Adjusted P-value columns in this combined_protein.tsv
P25580,PBN1,,no Adjusted P-value columns in this combined_protein.tsv
P25582,SPB1,,no Adjusted P-value columns in this combined_protein.tsv
P25586,KRR1,,no Adjusted P-value columns in this combined_protein.tsv
P25588,MRC1,,no Adjusted P-value columns in this combined_protein.tsv
P25604,STP22,,no Adjusted P-value columns in this combined_protein.tsv
P25605,ILV6,,no Adjusted P-value columns in this combined_protein.tsv
P25616,CTO1,,no Adjusted P-value columns in this combined_protein.tsv
P25617,YCR016W,,no Adjusted P-value columns in this combined_protein.tsv
P25618,CWH43,,no Adjusted P-value columns in this combined_protein.tsv
P25619,HSP30,,no Adjusted P-value columns in this combined_protein.tsv
P25623,SYP1,,no Adjusted P-value columns in this combined_protein.tsv
P25625,PER1,,no Adjusted P-value columns in this combined_protein.tsv
P25626,IMG1,,no Adjusted P-value columns in this combined_protein.tsv
P25627,BUD23,,no Adjusted P-value columns in this combined_protein.tsv
P25628,ARE1,,no Adjusted P-value columns in this combined_protein.tsv
P25631,YCR051W,,no Adjusted P-value columns in this combined_protein.tsv
P25632,RSC6,,no Adjusted P-value columns in this combined_protein.tsv
P25635,PWP2,,no Adjusted P-value columns in this combined_protein.tsv
P25638,TAH1,,no Adjusted P-value columns in this combined_protein.tsv
P25639,YCR061W,,no Adjusted P-value columns in this combined_protein.tsv
P25642,IMG2,,no Adjusted P-value columns in this combined_protein.tsv
P25644,PAT1,,no Adjusted P-value columns in this combined_protein.tsv
P25651,CSM1,,no Adjusted P-value columns in this combined_protein.tsv
P25654,YCR090C,,no Adjusted P-value columns in this combined_protein.tsv
P25655,CDC39,,no Adjusted P-value columns in this combined_protein.tsv
P25656,CDC50,,no Adjusted P-value columns in this combined_protein.tsv
P25659,FUB1,,no Adjusted P-value columns in this combined_protein.tsv
P25685,DNAJB1,,no Adjusted P-value columns in this combined_protein.tsv
P25694,CDC48,,no Adjusted P-value columns in this combined_protein.tsv
P25705,ATP5F1A,,no Adjusted P-value columns in this combined_protein.tsv
P25719,CPR3,,no Adjusted P-value columns in this combined_protein.tsv
P25738,msyB,,no Adjusted P-value columns in this combined_protein.tsv
P25745,mnmA,,no Adjusted P-value columns in this combined_protein.tsv
P25748,galS,,no Adjusted P-value columns in this combined_protein.tsv
P25774,CTSS,,no Adjusted P-value columns in this combined_protein.tsv
P25786,PSMA1,,no Adjusted P-value columns in this combined_protein.tsv
P25787,PSMA2,,no Adjusted P-value columns in this combined_protein.tsv
P25788,PSMA3,,no Adjusted P-value columns in this combined_protein.tsv
P25789,PSMA4,,no Adjusted P-value columns in this combined_protein.tsv
P25791,LMO2,,no Adjusted P-value columns in this combined_protein.tsv
P25808,SPB4,,no Adjusted P-value columns in this combined_protein.tsv
P25815,S100P,,no Adjusted P-value columns in this combined_protein.tsv
P25847,MSH2,,no Adjusted P-value columns in this combined_protein.tsv
P25894,loiP,,no Adjusted P-value columns in this combined_protein.tsv
P25906,pdxI,,no Adjusted P-value columns in this combined_protein.tsv
P26038,MSN,,no Adjusted P-value columns in this combined_protein.tsv
P26196,DDX6,,no Adjusted P-value columns in this combined_protein.tsv
P26232,CTNNA2,,no Adjusted P-value columns in this combined_protein.tsv
P26263,PDC6,,no Adjusted P-value columns in this combined_protein.tsv
P26321,RPL5,,no Adjusted P-value columns in this combined_protein.tsv
P26358,DNMT1,,no Adjusted P-value columns in this combined_protein.tsv
P26364,ADK2,,no Adjusted P-value columns in this combined_protein.tsv
P26368,U2AF2,,no Adjusted P-value columns in this combined_protein.tsv
P26373,RPL13,,no Adjusted P-value columns in this combined_protein.tsv
P26374,CHML,,no Adjusted P-value columns in this combined_protein.tsv
P26570,PPZ1,,no Adjusted P-value columns in this combined_protein.tsv
P26583,HMGB2,,no Adjusted P-value columns in this combined_protein.tsv
P26599,PTBP1,,no Adjusted P-value columns in this combined_protein.tsv
P26612,amyA,,no Adjusted P-value columns in this combined_protein.tsv
P26616,maeA,,no Adjusted P-value columns in this combined_protein.tsv
P26637,CDC60,,no Adjusted P-value columns in this combined_protein.tsv
P26639,TARS1,,no Adjusted P-value columns in this combined_protein.tsv
P26640,VARS1,,no Adjusted P-value columns in this combined_protein.tsv
P26641,EEF1G,,no Adjusted P-value columns in this combined_protein.tsv
P26646,acuI,,no Adjusted P-value columns in this combined_protein.tsv
P26754,RFA2,,no Adjusted P-value columns in this combined_protein.tsv
P26755,RFA3,,no Adjusted P-value columns in this combined_protein.tsv
P26783,RPS5,,no Adjusted P-value columns in this combined_protein.tsv
P26784,RPL16A,,no Adjusted P-value columns in this combined_protein.tsv
P26785,RPL16B,,no Adjusted P-value columns in this combined_protein.tsv
P26786,RPS7A,,no Adjusted P-value columns in this combined_protein.tsv
P26793,RAD27,,no Adjusted P-value columns in this combined_protein.tsv
P26885,FKBP2,,no Adjusted P-value columns in this combined_protein.tsv
P27105,STOM,,no Adjusted P-value columns in this combined_protein.tsv
P27144,AK4,,no Adjusted P-value columns in this combined_protein.tsv
P27248,gcvT,,no Adjusted P-value columns in this combined_protein.tsv
P27250,ahr,,no Adjusted P-value columns in this combined_protein.tsv
P27278,nadR,,no Adjusted P-value columns in this combined_protein.tsv
P27298,prlC,,no Adjusted P-value columns in this combined_protein.tsv
P27302,tktA,,no Adjusted P-value columns in this combined_protein.tsv
P27306,sthA,,no Adjusted P-value columns in this combined_protein.tsv
P27348,YWHAQ,,no Adjusted P-value columns in this combined_protein.tsv
P27351,APL1,,no Adjusted P-value columns in this combined_protein.tsv
P27361,MAPK3,,no Adjusted P-value columns in this combined_protein.tsv
P27431,roxA,,no Adjusted P-value columns in this combined_protein.tsv
P27434,rodZ,,no Adjusted P-value columns in this combined_protein.tsv
P27448,MARK3,,no Adjusted P-value columns in this combined_protein.tsv
P27466,CMK1,,no Adjusted P-value columns in this combined_protein.tsv
P27472,GSY2,,no Adjusted P-value columns in this combined_protein.tsv
P27476,NSR1,,no Adjusted P-value columns in this combined_protein.tsv
P27514,PHO91,,no Adjusted P-value columns in this combined_protein.tsv
P27540,ARNT,,no Adjusted P-value columns in this combined_protein.tsv
P27550,acs,,no Adjusted P-value columns in this combined_protein.tsv
P27614,CPS1,,no Adjusted P-value columns in this combined_protein.tsv
P27616,ADE1,,no Adjusted P-value columns in this combined_protein.tsv
P27635,RPL10,,no Adjusted P-value columns in this combined_protein.tsv
P27637,BUD14,,no Adjusted P-value columns in this combined_protein.tsv
P27680,COQ3,,no Adjusted P-value columns in this combined_protein.tsv
P27692,SPT5,,no Adjusted P-value columns in this combined_protein.tsv
P27694,RPA1,,no Adjusted P-value columns in this combined_protein.tsv
P27695,APEX1,,no Adjusted P-value columns in this combined_protein.tsv
P27705,MIG1,,no Adjusted P-value columns in this combined_protein.tsv
P27707,DCK,,no Adjusted P-value columns in this combined_protein.tsv
P27708,CAD,,no Adjusted P-value columns in this combined_protein.tsv
P27797,CALR,,no Adjusted P-value columns in this combined_protein.tsv
P27801,PEP3,,no Adjusted P-value columns in this combined_protein.tsv
P27809,KRE2,,no Adjusted P-value columns in this combined_protein.tsv
P27810,KTR1,,no Adjusted P-value columns in this combined_protein.tsv
P27816,MAP4,,no Adjusted P-value columns in this combined_protein.tsv
P27824,CANX,,no Adjusted P-value columns in this combined_protein.tsv
P27828,wecB,,no Adjusted P-value columns in this combined_protein.tsv
P27829,wecC,,no Adjusted P-value columns in this combined_protein.tsv
P27830,rffG,,no Adjusted P-value columns in this combined_protein.tsv
P27833,wecE,,no Adjusted P-value columns in this combined_protein.tsv
P27848,yigL,,no Adjusted P-value columns in this combined_protein.tsv
P27882,ERV1,,no Adjusted P-value columns in this combined_protein.tsv
P27929,NAM9,,no Adjusted P-value columns in this combined_protein.tsv
P27999,RPB9,,no Adjusted P-value columns in this combined_protein.tsv
P28000,RPC19,,no Adjusted P-value columns in this combined_protein.tsv
P28003,FUN19,,no Adjusted P-value columns in this combined_protein.tsv
P28005,POP5,,no Adjusted P-value columns in this combined_protein.tsv
P28007,GAR1,,no Adjusted P-value columns in this combined_protein.tsv
P28066,PSMA5,,no Adjusted P-value columns in this combined_protein.tsv
P28070,PSMB4,,no Adjusted P-value columns in this combined_protein.tsv
P28072,PSMB6,,no Adjusted P-value columns in this combined_protein.tsv
P28074,PSMB5,,no Adjusted P-value columns in this combined_protein.tsv
P28161,GSTM2,,no Adjusted P-value columns in this combined_protein.tsv
P28239,PPA2,,no Adjusted P-value columns in this combined_protein.tsv
P28241,IDH2,,no Adjusted P-value columns in this combined_protein.tsv
P28248,dcd,,no Adjusted P-value columns in this combined_protein.tsv
P28263,UBC8,,no Adjusted P-value columns in this combined_protein.tsv
P28272,URA1,,no Adjusted P-value columns in this combined_protein.tsv
P28273,OXP1,,no Adjusted P-value columns in this combined_protein.tsv
P28274,URA7,,no Adjusted P-value columns in this combined_protein.tsv
P28288,ABCD3,,no Adjusted P-value columns in this combined_protein.tsv
P28289,TMOD1,,no Adjusted P-value columns in this combined_protein.tsv
P28304,qorA,,no Adjusted P-value columns in this combined_protein.tsv
P28319,CWP1,,no Adjusted P-value columns in this combined_protein.tsv
P28320,YJU2,,no Adjusted P-value columns in this combined_protein.tsv
P28321,YJU3,,no Adjusted P-value columns in this combined_protein.tsv
P28331,NDUFS1,,no Adjusted P-value columns in this combined_protein.tsv
P28340,POLD1,,no Adjusted P-value columns in this combined_protein.tsv
P28482,MAPK1,,no Adjusted P-value columns in this combined_protein.tsv
P28495,CAP1,,no Adjusted P-value columns in this combined_protein.tsv
P28496,LAC1,,no Adjusted P-value columns in this combined_protein.tsv
P28519,RAD14,,no Adjusted P-value columns in this combined_protein.tsv
P28625,YIM1,,no Adjusted P-value columns in this combined_protein.tsv
P28702,RXRB,,no Adjusted P-value columns in this combined_protein.tsv
P28707,SBA1,,no Adjusted P-value columns in this combined_protein.tsv
P28708,PRR1,,no Adjusted P-value columns in this combined_protein.tsv
P28737,MSP1,,no Adjusted P-value columns in this combined_protein.tsv
P28777,ARO2,,no Adjusted P-value columns in this combined_protein.tsv
P28789,HEM3,,no Adjusted P-value columns in this combined_protein.tsv
P28791,SEC20,,no Adjusted P-value columns in this combined_protein.tsv
P28795,PEX3,,no Adjusted P-value columns in this combined_protein.tsv
P28817,EHD3,,no Adjusted P-value columns in this combined_protein.tsv
P28834,IDH1,,no Adjusted P-value columns in this combined_protein.tsv
P28838,LAP3,,no Adjusted P-value columns in this combined_protein.tsv
P28861,fpr,,no Adjusted P-value columns in this combined_protein.tsv
P28903,nrdD,,no Adjusted P-value columns in this combined_protein.tsv
P28904,treC,,no Adjusted P-value columns in this combined_protein.tsv
P29012,dadX,,no Adjusted P-value columns in this combined_protein.tsv
P29013,ycgB,,no Adjusted P-value columns in this combined_protein.tsv
P29029,CTS1,,no Adjusted P-value columns in this combined_protein.tsv
P29055,SUA7,,no Adjusted P-value columns in this combined_protein.tsv
P29083,GTF2E1,,no Adjusted P-value columns in this combined_protein.tsv
P29084,GTF2E2,,no Adjusted P-value columns in this combined_protein.tsv
P29144,TPP2,,no Adjusted P-value columns in this combined_protein.tsv
P29208,menC,,no Adjusted P-value columns in this combined_protein.tsv
P29217,yceH,,no Adjusted P-value columns in this combined_protein.tsv
P29218,IMPA1,,no Adjusted P-value columns in this combined_protein.tsv
P29295,HRR25,,no Adjusted P-value columns in this combined_protein.tsv
P29311,BMH1,,no Adjusted P-value columns in this combined_protein.tsv
P29353,SHC1,,no Adjusted P-value columns in this combined_protein.tsv
P29366,BEM1,,no Adjusted P-value columns in this combined_protein.tsv
P29372,MPG,,no Adjusted P-value columns in this combined_protein.tsv
P29401,TKT,,no Adjusted P-value columns in this combined_protein.tsv
P29453,RPL8B,,no Adjusted P-value columns in this combined_protein.tsv
P29468,PAP1,,no Adjusted P-value columns in this combined_protein.tsv
P29469,MCM2,,no Adjusted P-value columns in this combined_protein.tsv
P29478,SEC65,,no Adjusted P-value columns in this combined_protein.tsv
P29496,MCM5,,no Adjusted P-value columns in this combined_protein.tsv
P29509,TRR1,,no Adjusted P-value columns in this combined_protein.tsv
P29547,CAM1,,no Adjusted P-value columns in this combined_protein.tsv
P29590,PML,,no Adjusted P-value columns in this combined_protein.tsv
P29680,hemE,,no Adjusted P-value columns in this combined_protein.tsv
P29692,EEF1D,,no Adjusted P-value columns in this combined_protein.tsv
P29703,RAM2,,no Adjusted P-value columns in this combined_protein.tsv
P29704,ERG9,,no Adjusted P-value columns in this combined_protein.tsv
P29745,pepT,,no Adjusted P-value columns in this combined_protein.tsv
P29952,PMI40,,no Adjusted P-value columns in this combined_protein.tsv
P29966,MARCKS,,no Adjusted P-value columns in this combined_protein.tsv
P30011,nadC,,no Adjusted P-value columns in this combined_protein.tsv
P30014,rnt,,no Adjusted P-value columns in this combined_protein.tsv
P30015,lhr,,no Adjusted P-value columns in this combined_protein.tsv
P30038,ALDH4A1,,no Adjusted P-value columns in this combined_protein.tsv
P30040,ERP29,,no Adjusted P-value columns in this combined_protein.tsv
P30041,PRDX6,,no Adjusted P-value columns in this combined_protein.tsv
P30043,BLVRB,,no Adjusted P-value columns in this combined_protein.tsv
P30044,PRDX5,,no Adjusted P-value columns in this combined_protein.tsv
P30046,DDT,,no Adjusted P-value columns in this combined_protein.tsv
P30047,GCHFR,,no Adjusted P-value columns in this combined_protein.tsv
P30048,PRDX3,,no Adjusted P-value columns in this combined_protein.tsv
P30049,ATP5F1D,,no Adjusted P-value columns in this combined_protein.tsv
P30050,RPL12,,no Adjusted P-value columns in this combined_protein.tsv
P30084,ECHS1,,no Adjusted P-value columns in this combined_protein.tsv
P30085,CMPK1,,no Adjusted P-value columns in this combined_protein.tsv
P30086,PEBP1,,no Adjusted P-value columns in this combined_protein.tsv
P30101,PDIA3,,no Adjusted P-value columns in this combined_protein.tsv
P30125,leuB,,no Adjusted P-value columns in this combined_protein.tsv
P30126,leuD,,no Adjusted P-value columns in this combined_protein.tsv
P30153,PPP2R1A,,no Adjusted P-value columns in this combined_protein.tsv
P30154,PPP2R1B,,no Adjusted P-value columns in this combined_protein.tsv
P30177,ybiB,,no Adjusted P-value columns in this combined_protein.tsv
P30178,hcxB,,no Adjusted P-value columns in this combined_protein.tsv
P30260,CDC27,,no Adjusted P-value columns in this combined_protein.tsv
P30291,WEE1,,no Adjusted P-value columns in this combined_protein.tsv
P30307,CDC25C,,no Adjusted P-value columns in this combined_protein.tsv
P30405,PPIF,,no Adjusted P-value columns in this combined_protein.tsv
P30414,NKTR,,no Adjusted P-value columns in this combined_protein.tsv
P30419,NMT1,,no Adjusted P-value columns in this combined_protein.tsv
P30519,HMOX2,,no Adjusted P-value columns in this combined_protein.tsv
P30520,ADSS2,,no Adjusted P-value columns in this combined_protein.tsv
P30533,LRPAP1,,no Adjusted P-value columns in this combined_protein.tsv
P30566,ADSL,,no Adjusted P-value columns in this combined_protein.tsv
P30613,PKLR,,no Adjusted P-value columns in this combined_protein.tsv
P30619,SEC1,,no Adjusted P-value columns in this combined_protein.tsv
P30622,CLIP1,,no Adjusted P-value columns in this combined_protein.tsv
P30624,FAA1,,no Adjusted P-value columns in this combined_protein.tsv
P30626,SRI,,no Adjusted P-value columns in this combined_protein.tsv
P30656,PRE2,,no Adjusted P-value columns in this combined_protein.tsv
P30657,PRE4,,no Adjusted P-value columns in this combined_protein.tsv
P30665,MCM4,,no Adjusted P-value columns in this combined_protein.tsv
P30740,SERPINB1,,no Adjusted P-value columns in this combined_protein.tsv
P30748,moaD,,no Adjusted P-value columns in this combined_protein.tsv
P30749,moaE,,no Adjusted P-value columns in this combined_protein.tsv
P30771,NAM7,,no Adjusted P-value columns in this combined_protein.tsv
P30822,CRM1,,no Adjusted P-value columns in this combined_protein.tsv
P30825,SLC7A1,,no Adjusted P-value columns in this combined_protein.tsv
P30837,ALDH1B1,,no Adjusted P-value columns in this combined_protein.tsv
P30850,rnb,,no Adjusted P-value columns in this combined_protein.tsv
P30859,artI,,no Adjusted P-value columns in this combined_protein.tsv
P30860,artJ,,no Adjusted P-value columns in this combined_protein.tsv
P30863,dkgB,,no Adjusted P-value columns in this combined_protein.tsv
P30870,glnE,,no Adjusted P-value columns in this combined_protein.tsv
P30871,ygiF,,no Adjusted P-value columns in this combined_protein.tsv
P30876,POLR2B,,no Adjusted P-value columns in this combined_protein.tsv
P30902,ATP7,,no Adjusted P-value columns in this combined_protein.tsv
P30952,MLS1,,no Adjusted P-value columns in this combined_protein.tsv
P30958,mfd,,no Adjusted P-value columns in this combined_protein.tsv
P31040,SDHA,,no Adjusted P-value columns in this combined_protein.tsv
P31057,panB,,no Adjusted P-value columns in this combined_protein.tsv
P31063,yedD,,no Adjusted P-value columns in this combined_protein.tsv
P31109,SNC1,,no Adjusted P-value columns in this combined_protein.tsv
P31115,DEG1,,no Adjusted P-value columns in this combined_protein.tsv
P31116,HOM6,,no Adjusted P-value columns in this combined_protein.tsv
P31120,glmM,,no Adjusted P-value columns in this combined_protein.tsv
P31130,ydeI,,no Adjusted P-value columns in this combined_protein.tsv
P31133,potF,,no Adjusted P-value columns in this combined_protein.tsv
P31142,sseA,,no Adjusted P-value columns in this combined_protein.tsv
P31146,CORO1A,,no Adjusted P-value columns in this combined_protein.tsv
P31150,GDI1,,no Adjusted P-value columns in this combined_protein.tsv
P31153,MAT2A,,no Adjusted P-value columns in this combined_protein.tsv
P31321,PRKAR1B,,no Adjusted P-value columns in this combined_protein.tsv
P31323,PRKAR2B,,no Adjusted P-value columns in this combined_protein.tsv
P31350,RRM2,,no Adjusted P-value columns in this combined_protein.tsv
P31373,CYS3,,no Adjusted P-value columns in this combined_protein.tsv
P31374,PSK1,,no Adjusted P-value columns in this combined_protein.tsv
P31377,SYN8,,no Adjusted P-value columns in this combined_protein.tsv
P31380,FUN30,,no Adjusted P-value columns in this combined_protein.tsv
P31382,PMT2,,no Adjusted P-value columns in this combined_protein.tsv
P31383,TPD3,,no Adjusted P-value columns in this combined_protein.tsv
P31384,CCR4,,no Adjusted P-value columns in this combined_protein.tsv
P31385,DEP1,,no Adjusted P-value columns in this combined_protein.tsv
P31412,VMA5,,no Adjusted P-value columns in this combined_protein.tsv
P31441,ade,,no Adjusted P-value columns in this combined_protein.tsv
P31455,yidR,,no Adjusted P-value columns in this combined_protein.tsv
P31460,dgoR,,no Adjusted P-value columns in this combined_protein.tsv
P31469,cbrC,,no Adjusted P-value columns in this combined_protein.tsv
P31475,yieP,,no Adjusted P-value columns in this combined_protein.tsv
P31483,TIA1,,no Adjusted P-value columns in this combined_protein.tsv
P31539,HSP104,,no Adjusted P-value columns in this combined_protein.tsv
P31550,thiB,,no Adjusted P-value columns in this combined_protein.tsv
P31641,SLC6A6,,no Adjusted P-value columns in this combined_protein.tsv
P31658,hchA,,no Adjusted P-value columns in this combined_protein.tsv
P31663,panC,,no Adjusted P-value columns in this combined_protein.tsv
P31677,otsA,,no Adjusted P-value columns in this combined_protein.tsv
P31688,TPS2,,no Adjusted P-value columns in this combined_protein.tsv
P31689,DNAJA1,,no Adjusted P-value columns in this combined_protein.tsv
P31697,fimC,,no Adjusted P-value columns in this combined_protein.tsv
P31749,AKT1,,no Adjusted P-value columns in this combined_protein.tsv
P31751,AKT2,,no Adjusted P-value columns in this combined_protein.tsv
P31755,OCH1,,no Adjusted P-value columns in this combined_protein.tsv
P31787,ACB1,,no Adjusted P-value columns in this combined_protein.tsv
P31802,narP,,no Adjusted P-value columns in this combined_protein.tsv
P31806,nnr,,no Adjusted P-value columns in this combined_protein.tsv
P31808,yciK,,no Adjusted P-value columns in this combined_protein.tsv
P31930,UQCRC1,,no Adjusted P-value columns in this combined_protein.tsv
P31937,HIBADH,,no Adjusted P-value columns in this combined_protein.tsv
P31939,ATIC,,no Adjusted P-value columns in this combined_protein.tsv
P31942,HNRNPH3,,no Adjusted P-value columns in this combined_protein.tsv
P31943,HNRNPH1,,no Adjusted P-value columns in this combined_protein.tsv
P31946,YWHAB,,no Adjusted P-value columns in this combined_protein.tsv
P31948,STIP1,,no Adjusted P-value columns in this combined_protein.tsv
P31949,S100A11,,no Adjusted P-value columns in this combined_protein.tsv
P31979,nuoF,,no Adjusted P-value columns in this combined_protein.tsv
P32019,INPP5B,,no Adjusted P-value columns in this combined_protein.tsv
P32048,MSK1,,no Adjusted P-value columns in this combined_protein.tsv
P32074,SEC21,,no Adjusted P-value columns in this combined_protein.tsv
P32099,lplA,,no Adjusted P-value columns in this combined_protein.tsv
P32119,PRDX2,,no Adjusted P-value columns in this combined_protein.tsv
P32131,hemN,,no Adjusted P-value columns in this combined_protein.tsv
P32157,yiiM,,no Adjusted P-value columns in this combined_protein.tsv
P32162,yiiS,,no Adjusted P-value columns in this combined_protein.tsv
P32176,fdoG,,no Adjusted P-value columns in this combined_protein.tsv
P32178,ARO7,,no Adjusted P-value columns in this combined_protein.tsv
P32179,MET22,,no Adjusted P-value columns in this combined_protein.tsv
P32191,GUT2,,no Adjusted P-value columns in this combined_protein.tsv
P32259,SIN4,,no Adjusted P-value columns in this combined_protein.tsv
P32263,PRO3,,no Adjusted P-value columns in this combined_protein.tsv
P32264,PRO1,,no Adjusted P-value columns in this combined_protein.tsv
P32266,MGM1,,no Adjusted P-value columns in this combined_protein.tsv
P32288,GLN1,,no Adjusted P-value columns in this combined_protein.tsv
P32316,ACH1,,no Adjusted P-value columns in this combined_protein.tsv
P32317,AFG1,,no Adjusted P-value columns in this combined_protein.tsv
P32319,PEP1,,no Adjusted P-value columns in this combined_protein.tsv
P32321,DCTD,,no Adjusted P-value columns in this combined_protein.tsv
P32322,PYCR1,,no Adjusted P-value columns in this combined_protein.tsv
P32324,EFT1,,no Adjusted P-value columns in this combined_protein.tsv
P32327,PYC2,,no Adjusted P-value columns in this combined_protein.tsv
P32329,YPS1,,no Adjusted P-value columns in this combined_protein.tsv
P32333,MOT1,,no Adjusted P-value columns in this combined_protein.tsv
P32335,MSS51,,no Adjusted P-value columns in this combined_protein.tsv
P32337,PSE1,,no Adjusted P-value columns in this combined_protein.tsv
P32338,RME1,,no Adjusted P-value columns in this combined_protein.tsv
P32340,NDI1,,no Adjusted P-value columns in this combined_protein.tsv
P32341,VPH2,,no Adjusted P-value columns in this combined_protein.tsv
P32342,SRP21,,no Adjusted P-value columns in this combined_protein.tsv
P32347,HEM12,,no Adjusted P-value columns in this combined_protein.tsv
P32349,RPC82,,no Adjusted P-value columns in this combined_protein.tsv
P32351,IMP2',,no Adjusted P-value columns in this combined_protein.tsv
P32352,ERG2,,no Adjusted P-value columns in this combined_protein.tsv
P32353,ERG3,,no Adjusted P-value columns in this combined_protein.tsv
P32356,NTH1,,no Adjusted P-value columns in this combined_protein.tsv
P32364,SMY1,,no Adjusted P-value columns in this combined_protein.tsv
P32366,VMA6,,no Adjusted P-value columns in this combined_protein.tsv
P32367,TFC1,,no Adjusted P-value columns in this combined_protein.tsv
P32368,SAC1,,no Adjusted P-value columns in this combined_protein.tsv
P32377,MVD1,,no Adjusted P-value columns in this combined_protein.tsv
P32379,PUP2,,no Adjusted P-value columns in this combined_protein.tsv
P32380,SPC110,,no Adjusted P-value columns in this combined_protein.tsv
P32381,ARP2,,no Adjusted P-value columns in this combined_protein.tsv
P32386,YBT1,,no Adjusted P-value columns in this combined_protein.tsv
P32389,MET4,,no Adjusted P-value columns in this combined_protein.tsv
P32419,MDH3,,no Adjusted P-value columns in this combined_protein.tsv
P32445,RIM1,,no Adjusted P-value columns in this combined_protein.tsv
P32447,ASF1,,no Adjusted P-value columns in this combined_protein.tsv
P32449,ARO4,,no Adjusted P-value columns in this combined_protein.tsv
P32452,PHA2,,no Adjusted P-value columns in this combined_protein.tsv
P32453,ATP11,,no Adjusted P-value columns in this combined_protein.tsv
P32454,APE2,,no Adjusted P-value columns in this combined_protein.tsv
P32457,CDC3,,no Adjusted P-value columns in this combined_protein.tsv
P32458,CDC11,,no Adjusted P-value columns in this combined_protein.tsv
P32461,DPH2,,no Adjusted P-value columns in this combined_protein.tsv
P32462,ERG24,,no Adjusted P-value columns in this combined_protein.tsv
P32463,ACP1,,no Adjusted P-value columns in this combined_protein.tsv
P32464,HYM1,,no Adjusted P-value columns in this combined_protein.tsv
P32466,HXT3,,no Adjusted P-value columns in this combined_protein.tsv
P32467,HXT4,,no Adjusted P-value columns in this combined_protein.tsv
P32468,CDC12,,no Adjusted P-value columns in this combined_protein.tsv
P32469,DPH5,,no Adjusted P-value columns in this combined_protein.tsv
P32471,EFB1,,no Adjusted P-value columns in this combined_protein.tsv
P32472,FPR2,,no Adjusted P-value columns in this combined_protein.tsv
P32473,PDB1,,no Adjusted P-value columns in this combined_protein.tsv
P32474,EUG1,,no Adjusted P-value columns in this combined_protein.tsv
P32476,ERG1,,no Adjusted P-value columns in this combined_protein.tsv
P32477,GSH1,,no Adjusted P-value columns in this combined_protein.tsv
P32480,HIR2,,no Adjusted P-value columns in this combined_protein.tsv
P32481,GCD11,,no Adjusted P-value columns in this combined_protein.tsv
P32485,HOG1,,no Adjusted P-value columns in this combined_protein.tsv
P32486,KRE6,,no Adjusted P-value columns in this combined_protein.tsv
P32487,LYP1,,no Adjusted P-value columns in this combined_protein.tsv
P32491,MKK2,,no Adjusted P-value columns in this combined_protein.tsv
P32492,MYO4,,no Adjusted P-value columns in this combined_protein.tsv
P32495,NHP2,,no Adjusted P-value columns in this combined_protein.tsv
P32496,RPN12,,no Adjusted P-value columns in this combined_protein.tsv
P32497,NIP1,,no Adjusted P-value columns in this combined_protein.tsv
P32499,NUP2,,no Adjusted P-value columns in this combined_protein.tsv
P32500,NDC1,,no Adjusted P-value columns in this combined_protein.tsv
P32501,GCD6,,no Adjusted P-value columns in this combined_protein.tsv
P32502,GCD7,,no Adjusted P-value columns in this combined_protein.tsv
P32503,gag,,no Adjusted P-value columns in this combined_protein.tsv
P32505,NAB2,,no Adjusted P-value columns in this combined_protein.tsv
P32519,ELF1,,no Adjusted P-value columns in this combined_protein.tsv
P32521,PAN1,,no Adjusted P-value columns in this combined_protein.tsv
P32523,PRP19,,no Adjusted P-value columns in this combined_protein.tsv
P32524,PRP21,,no Adjusted P-value columns in this combined_protein.tsv
P32525,ECM25,,no Adjusted P-value columns in this combined_protein.tsv
P32527,ZUO1,,no Adjusted P-value columns in this combined_protein.tsv
P32528,"DUR1,2",,no Adjusted P-value columns in this combined_protein.tsv
P32529,RPA12,,no Adjusted P-value columns in this combined_protein.tsv
P32558,SPT16,,no Adjusted P-value columns in this combined_protein.tsv
P32561,RPD3,,no Adjusted P-value columns in this combined_protein.tsv
P32563,VPH1,,no Adjusted P-value columns in this combined_protein.tsv
P32564,SCM4,,no Adjusted P-value columns in this combined_protein.tsv
P32565,RPN2,,no Adjusted P-value columns in this combined_protein.tsv
P32566,SMI1,,no Adjusted P-value columns in this combined_protein.tsv
P32567,PAH1,,no Adjusted P-value columns in this combined_protein.tsv
P32568,SNQ2,,no Adjusted P-value columns in this combined_protein.tsv
P32569,SRB4,,no Adjusted P-value columns in this combined_protein.tsv
P32570,SRB6,,no Adjusted P-value columns in this combined_protein.tsv
P32573,SPS19,,no Adjusted P-value columns in this combined_protein.tsv
P32578,SIP1,,no Adjusted P-value columns in this combined_protein.tsv
P32579,SUA5,,no Adjusted P-value columns in this combined_protein.tsv
P32582,CYS4,,no Adjusted P-value columns in this combined_protein.tsv
P32583,SRP40,,no Adjusted P-value columns in this combined_protein.tsv
P32588,PUB1,,no Adjusted P-value columns in this combined_protein.tsv
P32589,SSE1,,no Adjusted P-value columns in this combined_protein.tsv
P32590,SSE2,,no Adjusted P-value columns in this combined_protein.tsv
P32591,SWI3,,no Adjusted P-value columns in this combined_protein.tsv
P32597,STH1,,no Adjusted P-value columns in this combined_protein.tsv
P32598,GLC7,,no Adjusted P-value columns in this combined_protein.tsv
P32599,SAC6,,no Adjusted P-value columns in this combined_protein.tsv
P32600,TOR2,,no Adjusted P-value columns in this combined_protein.tsv
P32602,SEC17,,no Adjusted P-value columns in this combined_protein.tsv
P32604,FBP26,,no Adjusted P-value columns in this combined_protein.tsv
P32607,RTG1,,no Adjusted P-value columns in this combined_protein.tsv
P32608,RTG2,,no Adjusted P-value columns in this combined_protein.tsv
P32610,VMA8,,no Adjusted P-value columns in this combined_protein.tsv
P32614,FRD1,,no Adjusted P-value columns in this combined_protein.tsv
P32618,YEL043W,,no Adjusted P-value columns in this combined_protein.tsv
P32621,GDA1,,no Adjusted P-value columns in this combined_protein.tsv
P32623,UTR2,,no Adjusted P-value columns in this combined_protein.tsv
P32626,UTR4,,no Adjusted P-value columns in this combined_protein.tsv
P32628,RAD23,,no Adjusted P-value columns in this combined_protein.tsv
P32629,ANP1,,no Adjusted P-value columns in this combined_protein.tsv
P32639,BRR2,,no Adjusted P-value columns in this combined_protein.tsv
P32642,GRX4,,no Adjusted P-value columns in this combined_protein.tsv
P32643,TMT1,,no Adjusted P-value columns in this combined_protein.tsv
P32644,ECM32,,no Adjusted P-value columns in this combined_protein.tsv
P32657,CHD1,,no Adjusted P-value columns in this combined_protein.tsv
P32660,DNF1,,no Adjusted P-value columns in this combined_protein.tsv
P32662,gph,,no Adjusted P-value columns in this combined_protein.tsv
P32680,yjaG,,no Adjusted P-value columns in this combined_protein.tsv
P32684,rluF,,no Adjusted P-value columns in this combined_protein.tsv
P32693,yjbL,,no Adjusted P-value columns in this combined_protein.tsv
P32695,dusA,,no Adjusted P-value columns in this combined_protein.tsv
P32705,actP,,no Adjusted P-value columns in this combined_protein.tsv
P32719,alsE,,no Adjusted P-value columns in this combined_protein.tsv
P32767,KAP122,,no Adjusted P-value columns in this combined_protein.tsv
P32769,HBS1,,no Adjusted P-value columns in this combined_protein.tsv
P32770,NRP1,,no Adjusted P-value columns in this combined_protein.tsv
P32771,SFA1,,no Adjusted P-value columns in this combined_protein.tsv
P32773,TOA1,,no Adjusted P-value columns in this combined_protein.tsv
P32774,TOA2,,no Adjusted P-value columns in this combined_protein.tsv
P32775,GLC3,,no Adjusted P-value columns in this combined_protein.tsv
P32776,TFB1,,no Adjusted P-value columns in this combined_protein.tsv
P32780,GTF2H1,,no Adjusted P-value columns in this combined_protein.tsv
P32783,ABD1,,no Adjusted P-value columns in this combined_protein.tsv
P32784,SCT1,,no Adjusted P-value columns in this combined_protein.tsv
P32787,MGM101,,no Adjusted P-value columns in this combined_protein.tsv
P32790,SLA1,,no Adjusted P-value columns in this combined_protein.tsv
P32792,YSC83,,no Adjusted P-value columns in this combined_protein.tsv
P32793,YSC84,,no Adjusted P-value columns in this combined_protein.tsv
P32794,AFG2,,no Adjusted P-value columns in this combined_protein.tsv
P32795,YME1,,no Adjusted P-value columns in this combined_protein.tsv
P32796,CAT2,,no Adjusted P-value columns in this combined_protein.tsv
P32798,COT1,,no Adjusted P-value columns in this combined_protein.tsv
P32802,EMP70,,no Adjusted P-value columns in this combined_protein.tsv
P32803,EMP24,,no Adjusted P-value columns in this combined_protein.tsv
P32805,FZF1,,no Adjusted P-value columns in this combined_protein.tsv
P32806,GYP6,,no Adjusted P-value columns in this combined_protein.tsv
P32831,NGR1,,no Adjusted P-value columns in this combined_protein.tsv
P32832,NPL6,,no Adjusted P-value columns in this combined_protein.tsv
P32835,GSP1,,no Adjusted P-value columns in this combined_protein.tsv
P32836,GSP2,,no Adjusted P-value columns in this combined_protein.tsv
P32843,YME2,,no Adjusted P-value columns in this combined_protein.tsv
P32854,PEP12,,no Adjusted P-value columns in this combined_protein.tsv
P32855,SEC8,,no Adjusted P-value columns in this combined_protein.tsv
P32857,PTM1,,no Adjusted P-value columns in this combined_protein.tsv
P32860,NFU1,,no Adjusted P-value columns in this combined_protein.tsv
P32861,UGP1,,no Adjusted P-value columns in this combined_protein.tsv
P32864,MRS6,,no Adjusted P-value columns in this combined_protein.tsv
P32867,SSO1,,no Adjusted P-value columns in this combined_protein.tsv
P32873,BEM3,,no Adjusted P-value columns in this combined_protein.tsv
P32875,LIP5,,no Adjusted P-value columns in this combined_protein.tsv
P32891,DLD1,,no Adjusted P-value columns in this combined_protein.tsv
P32892,DRS1,,no Adjusted P-value columns in this combined_protein.tsv
P32895,PRS1,,no Adjusted P-value columns in this combined_protein.tsv
P32896,PDC2,,no Adjusted P-value columns in this combined_protein.tsv
P32897,TIM23,,no Adjusted P-value columns in this combined_protein.tsv
P32898,CYM1,,no Adjusted P-value columns in this combined_protein.tsv
P32899,IMP3,,no Adjusted P-value columns in this combined_protein.tsv
P32900,SKG6,,no Adjusted P-value columns in this combined_protein.tsv
P32901,PTR2,,no Adjusted P-value columns in this combined_protein.tsv
P32905,RPS0A,,no Adjusted P-value columns in this combined_protein.tsv
P32906,MNS1,,no Adjusted P-value columns in this combined_protein.tsv
P32907,ATO2,,no Adjusted P-value columns in this combined_protein.tsv
P32908,SMC1,,no Adjusted P-value columns in this combined_protein.tsv
P32909,SMY2,,no Adjusted P-value columns in this combined_protein.tsv
P32910,RPC34,,no Adjusted P-value columns in this combined_protein.tsv
P32911,SUI1,,no Adjusted P-value columns in this combined_protein.tsv
P32912,VAM7,,no Adjusted P-value columns in this combined_protein.tsv
P32913,VPS17,,no Adjusted P-value columns in this combined_protein.tsv
P32915,SEC61,,no Adjusted P-value columns in this combined_protein.tsv
P32916,SRP101,,no Adjusted P-value columns in this combined_protein.tsv
P32929,CTH,,no Adjusted P-value columns in this combined_protein.tsv
P32939,YPT7,,no Adjusted P-value columns in this combined_protein.tsv
P32969,RPL9,,no Adjusted P-value columns in this combined_protein.tsv
P33014,tsuB,,no Adjusted P-value columns in this combined_protein.tsv
P33018,yeiG,,no Adjusted P-value columns in this combined_protein.tsv
P33121,ACSL1,,no Adjusted P-value columns in this combined_protein.tsv
P33136,mdoG,,no Adjusted P-value columns in this combined_protein.tsv
P33176,KIF5B,,no Adjusted P-value columns in this combined_protein.tsv
P33195,gcvP,,no Adjusted P-value columns in this combined_protein.tsv
P33201,MRT4,,no Adjusted P-value columns in this combined_protein.tsv
P33202,UFD4,,no Adjusted P-value columns in this combined_protein.tsv
P33204,ARC19,,no Adjusted P-value columns in this combined_protein.tsv
P33218,yebE,,no Adjusted P-value columns in this combined_protein.tsv
P33221,purT,,no Adjusted P-value columns in this combined_protein.tsv
P33224,aidB,,no Adjusted P-value columns in this combined_protein.tsv
P33232,lldD,,no Adjusted P-value columns in this combined_protein.tsv
P33240,CSTF2,,no Adjusted P-value columns in this combined_protein.tsv
P33297,RPT5,,no Adjusted P-value columns in this combined_protein.tsv
P33298,RPT3,,no Adjusted P-value columns in this combined_protein.tsv
P33299,RPT1,,no Adjusted P-value columns in this combined_protein.tsv
P33302,PDR5,,no Adjusted P-value columns in this combined_protein.tsv
P33307,CSE1,,no Adjusted P-value columns in this combined_protein.tsv
P33308,CSE2,,no Adjusted P-value columns in this combined_protein.tsv
P33309,DOM34,,no Adjusted P-value columns in this combined_protein.tsv
P33312,RIB7,,no Adjusted P-value columns in this combined_protein.tsv
P33313,CNS1,,no Adjusted P-value columns in this combined_protein.tsv
P33315,TKL2,,no Adjusted P-value columns in this combined_protein.tsv
P33316,DUT,,no Adjusted P-value columns in this combined_protein.tsv
P33317,DUT1,,no Adjusted P-value columns in this combined_protein.tsv
P33322,CBF5,,no Adjusted P-value columns in this combined_protein.tsv
P33324,YKL091C,,no Adjusted P-value columns in this combined_protein.tsv
P33327,GDH2,,no Adjusted P-value columns in this combined_protein.tsv
P33328,SNC2,,no Adjusted P-value columns in this combined_protein.tsv
P33329,PPZ2,,no Adjusted P-value columns in this combined_protein.tsv
P33330,SER1,,no Adjusted P-value columns in this combined_protein.tsv
P33331,NTF2,,no Adjusted P-value columns in this combined_protein.tsv
P33332,SEC3,,no Adjusted P-value columns in this combined_protein.tsv
P33333,SLC1,,no Adjusted P-value columns in this combined_protein.tsv
P33334,PRP8,,no Adjusted P-value columns in this combined_protein.tsv
P33338,SLA2,,no Adjusted P-value columns in this combined_protein.tsv
P33339,TFC4,,no Adjusted P-value columns in this combined_protein.tsv
P33362,yehZ,,no Adjusted P-value columns in this combined_protein.tsv
P33363,bglX,,no Adjusted P-value columns in this combined_protein.tsv
P33368,yohF,,no Adjusted P-value columns in this combined_protein.tsv
P33399,LHP1,,no Adjusted P-value columns in this combined_protein.tsv
P33401,PGM1,,no Adjusted P-value columns in this combined_protein.tsv
P33412,ECT1,,no Adjusted P-value columns in this combined_protein.tsv
P33416,HSP78,,no Adjusted P-value columns in this combined_protein.tsv
P33417,IXR1,,no Adjusted P-value columns in this combined_protein.tsv
P33418,LOS1,,no Adjusted P-value columns in this combined_protein.tsv
P33421,SDH3,,no Adjusted P-value columns in this combined_protein.tsv
P33441,MFT1,,no Adjusted P-value columns in this combined_protein.tsv
P33442,RPS1A,,no Adjusted P-value columns in this combined_protein.tsv
P33448,TOM6,,no Adjusted P-value columns in this combined_protein.tsv
P33527,ABCC1,,no Adjusted P-value columns in this combined_protein.tsv
P33552,CKS2,,no Adjusted P-value columns in this combined_protein.tsv
P33570,tktB,,no Adjusted P-value columns in this combined_protein.tsv
P33599,nuoC,,no Adjusted P-value columns in this combined_protein.tsv
P33602,nuoG,,no Adjusted P-value columns in this combined_protein.tsv
P33607,nuoL,,no Adjusted P-value columns in this combined_protein.tsv
P33643,rluD,,no Adjusted P-value columns in this combined_protein.tsv
P33644,pgeF,,no Adjusted P-value columns in this combined_protein.tsv
P33734,HIS7,,no Adjusted P-value columns in this combined_protein.tsv
P33748,MSN2,,no Adjusted P-value columns in this combined_protein.tsv
P33750,SOF1,,no Adjusted P-value columns in this combined_protein.tsv
P33753,TRM2,,no Adjusted P-value columns in this combined_protein.tsv
P33754,SEC66,,no Adjusted P-value columns in this combined_protein.tsv
P33755,NPL4,,no Adjusted P-value columns in this combined_protein.tsv
P33767,WBP1,,no Adjusted P-value columns in this combined_protein.tsv
P33775,PMT1,,no Adjusted P-value columns in this combined_protein.tsv
P33891,TIP20,,no Adjusted P-value columns in this combined_protein.tsv
P33892,GCN1,,no Adjusted P-value columns in this combined_protein.tsv
P33895,NUF2,,no Adjusted P-value columns in this combined_protein.tsv
P33920,yejK,,no Adjusted P-value columns in this combined_protein.tsv
P33981,TTK,,no Adjusted P-value columns in this combined_protein.tsv
P33991,MCM4,,no Adjusted P-value columns in this combined_protein.tsv
P33992,MCM5,,no Adjusted P-value columns in this combined_protein.tsv
P33993,MCM7,,no Adjusted P-value columns in this combined_protein.tsv
P34072,MKS1,,no Adjusted P-value columns in this combined_protein.tsv
P34077,NIC96,,no Adjusted P-value columns in this combined_protein.tsv
P34078,LTV1,,no Adjusted P-value columns in this combined_protein.tsv
P34087,RPB7,,no Adjusted P-value columns in this combined_protein.tsv
P34110,VPS35,,no Adjusted P-value columns in this combined_protein.tsv
P34111,TFC3,,no Adjusted P-value columns in this combined_protein.tsv
P34160,STO1,,no Adjusted P-value columns in this combined_protein.tsv
P34162,SRB2,,no Adjusted P-value columns in this combined_protein.tsv
P34163,TGL1,,no Adjusted P-value columns in this combined_protein.tsv
P34167,TIF3,,no Adjusted P-value columns in this combined_protein.tsv
P34216,EDE1,,no Adjusted P-value columns in this combined_protein.tsv
P34217,PIN4,,no Adjusted P-value columns in this combined_protein.tsv
P34220,YBL055C,,no Adjusted P-value columns in this combined_protein.tsv
P34221,PTC3,,no Adjusted P-value columns in this combined_protein.tsv
P34222,PTH2,,no Adjusted P-value columns in this combined_protein.tsv
P34223,SHP1,,no Adjusted P-value columns in this combined_protein.tsv
P34226,SKT5,,no Adjusted P-value columns in this combined_protein.tsv
P34227,PRX1,,no Adjusted P-value columns in this combined_protein.tsv
P34231,YKL187C,,no Adjusted P-value columns in this combined_protein.tsv
P34232,MTR2,,no Adjusted P-value columns in this combined_protein.tsv
P34237,COY1,,no Adjusted P-value columns in this combined_protein.tsv
P34240,ZRT3,,no Adjusted P-value columns in this combined_protein.tsv
P34241,URB1,,no Adjusted P-value columns in this combined_protein.tsv
P34247,UTP11,,no Adjusted P-value columns in this combined_protein.tsv
P34248,YPF1,,no Adjusted P-value columns in this combined_protein.tsv
P34253,KTI12,,no Adjusted P-value columns in this combined_protein.tsv
P34730,BMH2,,no Adjusted P-value columns in this combined_protein.tsv
P34756,FAB1,,no Adjusted P-value columns in this combined_protein.tsv
P34758,SCD5,,no Adjusted P-value columns in this combined_protein.tsv
P34760,TSA1,,no Adjusted P-value columns in this combined_protein.tsv
P34761,WHI3,,no Adjusted P-value columns in this combined_protein.tsv
P34896,SHMT1,,no Adjusted P-value columns in this combined_protein.tsv
P34897,SHMT2,,no Adjusted P-value columns in this combined_protein.tsv
P34909,MOT2,,no Adjusted P-value columns in this combined_protein.tsv
P34913,EPHX2,,no Adjusted P-value columns in this combined_protein.tsv
P34931,HSPA1L,,no Adjusted P-value columns in this combined_protein.tsv
P34932,HSPA4,,no Adjusted P-value columns in this combined_protein.tsv
P34949,MPI,,no Adjusted P-value columns in this combined_protein.tsv
P35030,PRSS3,,no Adjusted P-value columns in this combined_protein.tsv
P35056,PEX5,,no Adjusted P-value columns in this combined_protein.tsv
P35127,YUH1,,no Adjusted P-value columns in this combined_protein.tsv
P35176,CPR5,,no Adjusted P-value columns in this combined_protein.tsv
P35177,SPT7,,no Adjusted P-value columns in this combined_protein.tsv
P35178,RRP1,,no Adjusted P-value columns in this combined_protein.tsv
P35179,SSS1,,no Adjusted P-value columns in this combined_protein.tsv
P35180,TOM20,,no Adjusted P-value columns in this combined_protein.tsv
P35183,AST1,,no Adjusted P-value columns in this combined_protein.tsv
P35184,SQT1,,no Adjusted P-value columns in this combined_protein.tsv
P35189,TAF14,,no Adjusted P-value columns in this combined_protein.tsv
P35191,MDJ1,,no Adjusted P-value columns in this combined_protein.tsv
P35194,UTP20,,no Adjusted P-value columns in this combined_protein.tsv
P35196,RER2,,no Adjusted P-value columns in this combined_protein.tsv
P35197,GCS1,,no Adjusted P-value columns in this combined_protein.tsv
P35202,THI80,,no Adjusted P-value columns in this combined_protein.tsv
P35206,CSG2,,no Adjusted P-value columns in this combined_protein.tsv
P35207,SKI2,,no Adjusted P-value columns in this combined_protein.tsv
P35219,CA8,,no Adjusted P-value columns in this combined_protein.tsv
P35221,CTNNA1,,no Adjusted P-value columns in this combined_protein.tsv
P35226,BMI1,,no Adjusted P-value columns in this combined_protein.tsv
P35232,PHB1,,no Adjusted P-value columns in this combined_protein.tsv
P35236,PTPN7,,no Adjusted P-value columns in this combined_protein.tsv
P35237,SERPINB6,,no Adjusted P-value columns in this combined_protein.tsv
P35241,RDX,,no Adjusted P-value columns in this combined_protein.tsv
P35244,RPA3,,no Adjusted P-value columns in this combined_protein.tsv
P35249,RFC4,,no Adjusted P-value columns in this combined_protein.tsv
P35250,RFC2,,no Adjusted P-value columns in this combined_protein.tsv
P35251,RFC1,,no Adjusted P-value columns in this combined_protein.tsv
P35268,RPL22,,no Adjusted P-value columns in this combined_protein.tsv
P35269,GTF2F1,,no Adjusted P-value columns in this combined_protein.tsv
P35270,SPR,,no Adjusted P-value columns in this combined_protein.tsv
P35340,ahpF,,no Adjusted P-value columns in this combined_protein.tsv
P35475,IDUA,,no Adjusted P-value columns in this combined_protein.tsv
P35520,CBS,,no Adjusted P-value columns in this combined_protein.tsv
P35542,SAA4,,no Adjusted P-value columns in this combined_protein.tsv
P35573,AGL,,no Adjusted P-value columns in this combined_protein.tsv
P35579,MYH9,,no Adjusted P-value columns in this combined_protein.tsv
P35580,MYH10,,no Adjusted P-value columns in this combined_protein.tsv
P35606,COPB2,,no Adjusted P-value columns in this combined_protein.tsv
P35611,ADD1,,no Adjusted P-value columns in this combined_protein.tsv
P35612,ADD2,,no Adjusted P-value columns in this combined_protein.tsv
P35613,BSG,,no Adjusted P-value columns in this combined_protein.tsv
P35637,FUS,,no Adjusted P-value columns in this combined_protein.tsv
P35658,NUP214,,no Adjusted P-value columns in this combined_protein.tsv
P35659,DEK,,no Adjusted P-value columns in this combined_protein.tsv
P35691,TMA19,,no Adjusted P-value columns in this combined_protein.tsv
P35718,RPC25,,no Adjusted P-value columns in this combined_protein.tsv
P35719,MRP8,,no Adjusted P-value columns in this combined_protein.tsv
P35723,YET1,,no Adjusted P-value columns in this combined_protein.tsv
P35724,MNR2,,no Adjusted P-value columns in this combined_protein.tsv
P35725,YKL063C,,no Adjusted P-value columns in this combined_protein.tsv
P35727,BLI1,,no Adjusted P-value columns in this combined_protein.tsv
P35728,MPE1,,no Adjusted P-value columns in this combined_protein.tsv
P35729,NUP120,,no Adjusted P-value columns in this combined_protein.tsv
P35732,DEF1,,no Adjusted P-value columns in this combined_protein.tsv
P35734,ASK1,,no Adjusted P-value columns in this combined_protein.tsv
P35813,PPM1A,,no Adjusted P-value columns in this combined_protein.tsv
P35817,BDF1,,no Adjusted P-value columns in this combined_protein.tsv
P35844,KES1,,no Adjusted P-value columns in this combined_protein.tsv
P35845,SWH1,,no Adjusted P-value columns in this combined_protein.tsv
P35914,HMGCL,,no Adjusted P-value columns in this combined_protein.tsv
P35997,RPS27A,,no Adjusted P-value columns in this combined_protein.tsv
P35998,PSMC2,,no Adjusted P-value columns in this combined_protein.tsv
P36000,APL2,,no Adjusted P-value columns in this combined_protein.tsv
P36004,KKQ8,,no Adjusted P-value columns in this combined_protein.tsv
P36006,MYO3,,no Adjusted P-value columns in this combined_protein.tsv
P36007,SRY1,,no Adjusted P-value columns in this combined_protein.tsv
P36008,TEF4,,no Adjusted P-value columns in this combined_protein.tsv
P36010,YNK1,,no Adjusted P-value columns in this combined_protein.tsv
P36013,MAE1,,no Adjusted P-value columns in this combined_protein.tsv
P36015,YKT6,,no Adjusted P-value columns in this combined_protein.tsv
P36016,LHS1,,no Adjusted P-value columns in this combined_protein.tsv
P36017,VPS21,,no Adjusted P-value columns in this combined_protein.tsv
P36018,YPT52,,no Adjusted P-value columns in this combined_protein.tsv
P36024,SIS2,,no Adjusted P-value columns in this combined_protein.tsv
P36027,MID2,,no Adjusted P-value columns in this combined_protein.tsv
P36029,TPO5,,no Adjusted P-value columns in this combined_protein.tsv
P36036,YRA2,,no Adjusted P-value columns in this combined_protein.tsv
P36037,DOA1,,no Adjusted P-value columns in this combined_protein.tsv
P36040,ADD66,,no Adjusted P-value columns in this combined_protein.tsv
P36041,EAP1,,no Adjusted P-value columns in this combined_protein.tsv
P36046,MIA40,,no Adjusted P-value columns in this combined_protein.tsv
P36047,SDS22,,no Adjusted P-value columns in this combined_protein.tsv
P36048,SNU114,,no Adjusted P-value columns in this combined_protein.tsv
P36049,EBP2,,no Adjusted P-value columns in this combined_protein.tsv
P36051,MCD4,,no Adjusted P-value columns in this combined_protein.tsv
P36053,ELF1,,no Adjusted P-value columns in this combined_protein.tsv
P36054,RCN1,,no Adjusted P-value columns in this combined_protein.tsv
P36057,SRP102,,no Adjusted P-value columns in this combined_protein.tsv
P36059,NNR2,,no Adjusted P-value columns in this combined_protein.tsv
P36060,MCR1,,no Adjusted P-value columns in this combined_protein.tsv
P36062,AVT3,,no Adjusted P-value columns in this combined_protein.tsv
P36068,SHE2,,no Adjusted P-value columns in this combined_protein.tsv
P36069,PMU1,,no Adjusted P-value columns in this combined_protein.tsv
P36076,CAB3,,no Adjusted P-value columns in this combined_protein.tsv
P36077,SRX1,,no Adjusted P-value columns in this combined_protein.tsv
P36080,RRP14,,no Adjusted P-value columns in this combined_protein.tsv
P36081,PSG1,,no Adjusted P-value columns in this combined_protein.tsv
P36083,YKL075C,,no Adjusted P-value columns in this combined_protein.tsv
P36088,YKL069W,,no Adjusted P-value columns in this combined_protein.tsv
P36090,ANR2,,no Adjusted P-value columns in this combined_protein.tsv
P36091,DCW1,,no Adjusted P-value columns in this combined_protein.tsv
P36095,VPS24,,no Adjusted P-value columns in this combined_protein.tsv
P36100,TFA1,,no Adjusted P-value columns in this combined_protein.tsv
P36101,TCD2,,no Adjusted P-value columns in this combined_protein.tsv
P36102,PAN3,,no Adjusted P-value columns in this combined_protein.tsv
P36103,YKL023W,,no Adjusted P-value columns in this combined_protein.tsv
P36104,SWD2,,no Adjusted P-value columns in this combined_protein.tsv
P36105,RPL14A,,no Adjusted P-value columns in this combined_protein.tsv
P36106,BYE1,,no Adjusted P-value columns in this combined_protein.tsv
P36108,DID4,,no Adjusted P-value columns in this combined_protein.tsv
P36112,MIC60,,no Adjusted P-value columns in this combined_protein.tsv
P36114,YKR018C,,no Adjusted P-value columns in this combined_protein.tsv
P36116,VPS51,,no Adjusted P-value columns in this combined_protein.tsv
P36119,RQT4,,no Adjusted P-value columns in this combined_protein.tsv
P36120,DBP7,,no Adjusted P-value columns in this combined_protein.tsv
P36121,RPC37,,no Adjusted P-value columns in this combined_protein.tsv
P36122,BCH2,,no Adjusted P-value columns in this combined_protein.tsv
P36123,SAP190,,no Adjusted P-value columns in this combined_protein.tsv
P36124,SET3,,no Adjusted P-value columns in this combined_protein.tsv
P36125,GMH1,,no Adjusted P-value columns in this combined_protein.tsv
P36126,SPO14,,no Adjusted P-value columns in this combined_protein.tsv
P36132,KAE1,,no Adjusted P-value columns in this combined_protein.tsv
P36135,UTH1,,no Adjusted P-value columns in this combined_protein.tsv
P36136,SHB17,,no Adjusted P-value columns in this combined_protein.tsv
P36139,PET10,,no Adjusted P-value columns in this combined_protein.tsv
P36141,FMP46,,no Adjusted P-value columns in this combined_protein.tsv
P36143,GLG1,,no Adjusted P-value columns in this combined_protein.tsv
P36145,TFA2,,no Adjusted P-value columns in this combined_protein.tsv
P36147,PAM17,,no Adjusted P-value columns in this combined_protein.tsv
P36148,GPT2,,no Adjusted P-value columns in this combined_protein.tsv
P36151,YKR070W,,no Adjusted P-value columns in this combined_protein.tsv
P36152,DRE2,,no Adjusted P-value columns in this combined_protein.tsv
P36154,AIM29,,no Adjusted P-value columns in this combined_protein.tsv
P36156,ECM4,,no Adjusted P-value columns in this combined_protein.tsv
P36160,RPF2,,no Adjusted P-value columns in this combined_protein.tsv
P36161,NUP133,,no Adjusted P-value columns in this combined_protein.tsv
P36165,TGL4,,no Adjusted P-value columns in this combined_protein.tsv
P36166,PXL1,,no Adjusted P-value columns in this combined_protein.tsv
P36169,SKG1,,no Adjusted P-value columns in this combined_protein.tsv
P36404,ARL2,,no Adjusted P-value columns in this combined_protein.tsv
P36405,ARL3,,no Adjusted P-value columns in this combined_protein.tsv
P36421,TYS1,,no Adjusted P-value columns in this combined_protein.tsv
P36507,MAP2K2,,no Adjusted P-value columns in this combined_protein.tsv
P36516,MRPL3,,no Adjusted P-value columns in this combined_protein.tsv
P36517,MRPL4,,no Adjusted P-value columns in this combined_protein.tsv
P36519,MRPL7,,no Adjusted P-value columns in this combined_protein.tsv
P36528,MRPL17,,no Adjusted P-value columns in this combined_protein.tsv
P36542,ATP5F1C,,no Adjusted P-value columns in this combined_protein.tsv
P36543,ATP6V1E1,,no Adjusted P-value columns in this combined_protein.tsv
P36551,CPOX,,no Adjusted P-value columns in this combined_protein.tsv
P36578,RPL4,,no Adjusted P-value columns in this combined_protein.tsv
P36639,NUDT1,,no Adjusted P-value columns in this combined_protein.tsv
P36649,cueO,,no Adjusted P-value columns in this combined_protein.tsv
P36680,zapD,,no Adjusted P-value columns in this combined_protein.tsv
P36683,acnB,,no Adjusted P-value columns in this combined_protein.tsv
P36767,rdgC,,no Adjusted P-value columns in this combined_protein.tsv
P36775,PIM1,,no Adjusted P-value columns in this combined_protein.tsv
P36776,LONP1,,no Adjusted P-value columns in this combined_protein.tsv
P36873,PPP1CC,,no Adjusted P-value columns in this combined_protein.tsv
P36915,GNL1,,no Adjusted P-value columns in this combined_protein.tsv
P36929,rsmB,,no Adjusted P-value columns in this combined_protein.tsv
P36938,pgm,,no Adjusted P-value columns in this combined_protein.tsv
P36954,POLR2I,,no Adjusted P-value columns in this combined_protein.tsv
P36955,SERPINF1,,no Adjusted P-value columns in this combined_protein.tsv
P36957,DLST,,no Adjusted P-value columns in this combined_protein.tsv
P36959,GMPR,,no Adjusted P-value columns in this combined_protein.tsv
P36969,GPX4,,no Adjusted P-value columns in this combined_protein.tsv
P36973,APT2,,no Adjusted P-value columns in this combined_protein.tsv
P37005,lasT,,no Adjusted P-value columns in this combined_protein.tsv
P37012,PGM2,,no Adjusted P-value columns in this combined_protein.tsv
P37020,GEF1,,no Adjusted P-value columns in this combined_protein.tsv
P37051,purU,,no Adjusted P-value columns in this combined_protein.tsv
P37095,pepB,,no Adjusted P-value columns in this combined_protein.tsv
P37108,SRP14,,no Adjusted P-value columns in this combined_protein.tsv
P37128,nudK,,no Adjusted P-value columns in this combined_protein.tsv
P37198,NUP62,,no Adjusted P-value columns in this combined_protein.tsv
P37235,HPCAL1,,no Adjusted P-value columns in this combined_protein.tsv
P37254,ABZ1,,no Adjusted P-value columns in this combined_protein.tsv
P37262,SOL2,,no Adjusted P-value columns in this combined_protein.tsv
P37263,YCR087C-A,,no Adjusted P-value columns in this combined_protein.tsv
P37267,CBP4,,no Adjusted P-value columns in this combined_protein.tsv
P37268,FDFT1,,no Adjusted P-value columns in this combined_protein.tsv
P37291,SHM2,,no Adjusted P-value columns in this combined_protein.tsv
P37292,SHM1,,no Adjusted P-value columns in this combined_protein.tsv
P37293,NAT2,,no Adjusted P-value columns in this combined_protein.tsv
P37296,STV1,,no Adjusted P-value columns in this combined_protein.tsv
P37297,STT4,,no Adjusted P-value columns in this combined_protein.tsv
P37302,APE3,,no Adjusted P-value columns in this combined_protein.tsv
P37303,GLY1,,no Adjusted P-value columns in this combined_protein.tsv
P37304,PAM1,,no Adjusted P-value columns in this combined_protein.tsv
P37329,modA,,no Adjusted P-value columns in this combined_protein.tsv
P37330,glcB,,no Adjusted P-value columns in this combined_protein.tsv
P37349,dhaM,,no Adjusted P-value columns in this combined_protein.tsv
P37351,rpiB,,no Adjusted P-value columns in this combined_protein.tsv
P37366,CCL1,,no Adjusted P-value columns in this combined_protein.tsv
P37370,VRP1,,no Adjusted P-value columns in this combined_protein.tsv
P37387,xylF,,no Adjusted P-value columns in this combined_protein.tsv
P37440,ucpA,,no Adjusted P-value columns in this combined_protein.tsv
P37613,panZ,,no Adjusted P-value columns in this combined_protein.tsv
P37634,rlmJ,,no Adjusted P-value columns in this combined_protein.tsv
P37637,mdtF,,no Adjusted P-value columns in this combined_protein.tsv
P37647,kdgK,,no Adjusted P-value columns in this combined_protein.tsv
P37648,yhjJ,,no Adjusted P-value columns in this combined_protein.tsv
P37661,eptB,,no Adjusted P-value columns in this combined_protein.tsv
P37666,ghrB,,no Adjusted P-value columns in this combined_protein.tsv
P37671,plaR,,no Adjusted P-value columns in this combined_protein.tsv
P37685,aldB,,no Adjusted P-value columns in this combined_protein.tsv
P37686,yiaY,,no Adjusted P-value columns in this combined_protein.tsv
P37689,gpmI,,no Adjusted P-value columns in this combined_protein.tsv
P37744,rfbA,,no Adjusted P-value columns in this combined_protein.tsv
P37745,rfbC,,no Adjusted P-value columns in this combined_protein.tsv
P37747,glf,,no Adjusted P-value columns in this combined_protein.tsv
P37759,rfbB,,no Adjusted P-value columns in this combined_protein.tsv
P37765,rluB,,no Adjusted P-value columns in this combined_protein.tsv
P37769,kduD,,no Adjusted P-value columns in this combined_protein.tsv
P37773,mpl,,no Adjusted P-value columns in this combined_protein.tsv
P37802,TAGLN2,,no Adjusted P-value columns in this combined_protein.tsv
P37837,TALDO1,,no Adjusted P-value columns in this combined_protein.tsv
P37838,NOP4,,no Adjusted P-value columns in this combined_protein.tsv
P37840,SNCA,,no Adjusted P-value columns in this combined_protein.tsv
P37898,AAP1,,no Adjusted P-value columns in this combined_protein.tsv
P37902,gltI,,no Adjusted P-value columns in this combined_protein.tsv
P37903,uspF,,no Adjusted P-value columns in this combined_protein.tsv
P38009,ADE17,,no Adjusted P-value columns in this combined_protein.tsv
P38011,ASC1,,no Adjusted P-value columns in this combined_protein.tsv
P38013,AHP1,,no Adjusted P-value columns in this combined_protein.tsv
P38038,cysJ,,no Adjusted P-value columns in this combined_protein.tsv
P38041,BOI1,,no Adjusted P-value columns in this combined_protein.tsv
P38061,RPL32,,no Adjusted P-value columns in this combined_protein.tsv
P38063,PRS4,,no Adjusted P-value columns in this combined_protein.tsv
P38065,APL3,,no Adjusted P-value columns in this combined_protein.tsv
P38066,RIB1,,no Adjusted P-value columns in this combined_protein.tsv
P38067,UGA2,,no Adjusted P-value columns in this combined_protein.tsv
P38068,GRX7,,no Adjusted P-value columns in this combined_protein.tsv
P38069,MNN2,,no Adjusted P-value columns in this combined_protein.tsv
P38071,ETR1,,no Adjusted P-value columns in this combined_protein.tsv
P38072,SCO2,,no Adjusted P-value columns in this combined_protein.tsv
P38074,HMT1,,no Adjusted P-value columns in this combined_protein.tsv
P38075,PDX3,,no Adjusted P-value columns in this combined_protein.tsv
P38077,ATP3,,no Adjusted P-value columns in this combined_protein.tsv
P38079,YRO2,,no Adjusted P-value columns in this combined_protein.tsv
P38080,AKL1,,no Adjusted P-value columns in this combined_protein.tsv
P38081,YBR056W,,no Adjusted P-value columns in this combined_protein.tsv
P38085,TAT1,,no Adjusted P-value columns in this combined_protein.tsv
P38086,RDH54,,no Adjusted P-value columns in this combined_protein.tsv
P38088,GRS1,,no Adjusted P-value columns in this combined_protein.tsv
P38089,PTC4,,no Adjusted P-value columns in this combined_protein.tsv
P38109,ATG42,,no Adjusted P-value columns in this combined_protein.tsv
P38112,MAK5,,no Adjusted P-value columns in this combined_protein.tsv
P38113,ADH5,,no Adjusted P-value columns in this combined_protein.tsv
P38115,ARA1,,no Adjusted P-value columns in this combined_protein.tsv
P38116,ARL1,,no Adjusted P-value columns in this combined_protein.tsv
P38117,ETFB,,no Adjusted P-value columns in this combined_protein.tsv
P38121,POL12,,no Adjusted P-value columns in this combined_protein.tsv
P38122,ECM31,,no Adjusted P-value columns in this combined_protein.tsv
P38129,TAF5,,no Adjusted P-value columns in this combined_protein.tsv
P38130,KTR3,,no Adjusted P-value columns in this combined_protein.tsv
P38131,KTR4,,no Adjusted P-value columns in this combined_protein.tsv
P38132,MCM7,,no Adjusted P-value columns in this combined_protein.tsv
P38137,PCS60,,no Adjusted P-value columns in this combined_protein.tsv
P38138,ROT2,,no Adjusted P-value columns in this combined_protein.tsv
P38139,LDH1,,no Adjusted P-value columns in this combined_protein.tsv
P38143,GPX2,,no Adjusted P-value columns in this combined_protein.tsv
P38144,ISW1,,no Adjusted P-value columns in this combined_protein.tsv
P38145,RIB5,,no Adjusted P-value columns in this combined_protein.tsv
P38146,YPT10,,no Adjusted P-value columns in this combined_protein.tsv
P38149,DUG2,,no Adjusted P-value columns in this combined_protein.tsv
P38153,APM3,,no Adjusted P-value columns in this combined_protein.tsv
P38159,RBMX,,no Adjusted P-value columns in this combined_protein.tsv
P38162,MIX23,,no Adjusted P-value columns in this combined_protein.tsv
P38164,SEA4,,no Adjusted P-value columns in this combined_protein.tsv
P38165,RTG3,,no Adjusted P-value columns in this combined_protein.tsv
P38166,SFT2,,no Adjusted P-value columns in this combined_protein.tsv
P38167,ECM21,,no Adjusted P-value columns in this combined_protein.tsv
P38169,BNA4,,no Adjusted P-value columns in this combined_protein.tsv
P38174,MAP2,,no Adjusted P-value columns in this combined_protein.tsv
P38177,YBL086C,,no Adjusted P-value columns in this combined_protein.tsv
P38179,ALG3,,no Adjusted P-value columns in this combined_protein.tsv
P38181,NUP170,,no Adjusted P-value columns in this combined_protein.tsv
P38187,UBP13,,no Adjusted P-value columns in this combined_protein.tsv
P38197,YBL036C,,no Adjusted P-value columns in this combined_protein.tsv
P38199,HEK2,,no Adjusted P-value columns in this combined_protein.tsv
P38200,SHE1,,no Adjusted P-value columns in this combined_protein.tsv
P38203,LSM2,,no Adjusted P-value columns in this combined_protein.tsv
P38205,NCL1,,no Adjusted P-value columns in this combined_protein.tsv
P38206,RFT1,,no Adjusted P-value columns in this combined_protein.tsv
P38216,CPP1,,no Adjusted P-value columns in this combined_protein.tsv
P38217,KAP104,,no Adjusted P-value columns in this combined_protein.tsv
P38218,POA1,,no Adjusted P-value columns in this combined_protein.tsv
P38219,OLA1,,no Adjusted P-value columns in this combined_protein.tsv
P38221,CDS1,,no Adjusted P-value columns in this combined_protein.tsv
P38225,FAT1,,no Adjusted P-value columns in this combined_protein.tsv
P38226,CST26,,no Adjusted P-value columns in this combined_protein.tsv
P38230,ZTA1,,no Adjusted P-value columns in this combined_protein.tsv
P38234,RFS1,,no Adjusted P-value columns in this combined_protein.tsv
P38235,YBR053C,,no Adjusted P-value columns in this combined_protein.tsv
P38237,UBP14,,no Adjusted P-value columns in this combined_protein.tsv
P38238,TRM7,,no Adjusted P-value columns in this combined_protein.tsv
P38241,ECM2,,no Adjusted P-value columns in this combined_protein.tsv
P38242,ALG14,,no Adjusted P-value columns in this combined_protein.tsv
P38244,PFF1,,no Adjusted P-value columns in this combined_protein.tsv
P38247,SLM4,,no Adjusted P-value columns in this combined_protein.tsv
P38248,ECM33,,no Adjusted P-value columns in this combined_protein.tsv
P38249,RPG1,,no Adjusted P-value columns in this combined_protein.tsv
P38250,IST2,,no Adjusted P-value columns in this combined_protein.tsv
P38251,RFC5,,no Adjusted P-value columns in this combined_protein.tsv
P38254,PBY1,,no Adjusted P-value columns in this combined_protein.tsv
P38255,RXT2,,no Adjusted P-value columns in this combined_protein.tsv
P38256,YBR096W,,no Adjusted P-value columns in this combined_protein.tsv
P38260,FES1,,no Adjusted P-value columns in this combined_protein.tsv
P38261,EXO84,,no Adjusted P-value columns in this combined_protein.tsv
P38262,SIF2,,no Adjusted P-value columns in this combined_protein.tsv
P38264,PHO88,,no Adjusted P-value columns in this combined_protein.tsv
P38266,AIM3,,no Adjusted P-value columns in this combined_protein.tsv
P38271,OPY1,,no Adjusted P-value columns in this combined_protein.tsv
P38272,SHE3,,no Adjusted P-value columns in this combined_protein.tsv
P38274,HSL7,,no Adjusted P-value columns in this combined_protein.tsv
P38276,YBR137W,,no Adjusted P-value columns in this combined_protein.tsv
P38281,APD1,,no Adjusted P-value columns in this combined_protein.tsv
P38286,IFA38,,no Adjusted P-value columns in this combined_protein.tsv
P38288,TOS1,,no Adjusted P-value columns in this combined_protein.tsv
P38293,UMP1,,no Adjusted P-value columns in this combined_protein.tsv
P38295,EHT1,,no Adjusted P-value columns in this combined_protein.tsv
P38298,YPC1,,no Adjusted P-value columns in this combined_protein.tsv
P38301,GDT1,,no Adjusted P-value columns in this combined_protein.tsv
P38310,FTH1,,no Adjusted P-value columns in this combined_protein.tsv
P38312,ERV15,,no Adjusted P-value columns in this combined_protein.tsv
P38314,SDS24,,no Adjusted P-value columns in this combined_protein.tsv
P38315,YBP1,,no Adjusted P-value columns in this combined_protein.tsv
P38321,YBR225W,,no Adjusted P-value columns in this combined_protein.tsv
P38323,MCX1,,no Adjusted P-value columns in this combined_protein.tsv
P38325,OM14,,no Adjusted P-value columns in this combined_protein.tsv
P38326,SWC5,,no Adjusted P-value columns in this combined_protein.tsv
P38328,ARC40,,no Adjusted P-value columns in this combined_protein.tsv
P38332,RRT2,,no Adjusted P-value columns in this combined_protein.tsv
P38333,ENP1,,no Adjusted P-value columns in this combined_protein.tsv
P38334,TRS20,,no Adjusted P-value columns in this combined_protein.tsv
P38337,SHG1,,no Adjusted P-value columns in this combined_protein.tsv
P38339,RGD1,,no Adjusted P-value columns in this combined_protein.tsv
P38340,TAE1,,no Adjusted P-value columns in this combined_protein.tsv
P38341,MIC12,,no Adjusted P-value columns in this combined_protein.tsv
P38342,TSC10,,no Adjusted P-value columns in this combined_protein.tsv
P38344,REI1,,no Adjusted P-value columns in this combined_protein.tsv
P38348,HSM3,,no Adjusted P-value columns in this combined_protein.tsv
P38349,UBX7,,no Adjusted P-value columns in this combined_protein.tsv
P38351,PAF1,,no Adjusted P-value columns in this combined_protein.tsv
P38352,SAF1,,no Adjusted P-value columns in this combined_protein.tsv
P38353,SSH1,,no Adjusted P-value columns in this combined_protein.tsv
P38355,YBR287W,,no Adjusted P-value columns in this combined_protein.tsv
P38426,TPS3,,no Adjusted P-value columns in this combined_protein.tsv
P38427,TSL1,,no Adjusted P-value columns in this combined_protein.tsv
P38428,CUE1,,no Adjusted P-value columns in this combined_protein.tsv
P38429,SAP30,,no Adjusted P-value columns in this combined_protein.tsv
P38431,TIF5,,no Adjusted P-value columns in this combined_protein.tsv
P38432,COIL,,no Adjusted P-value columns in this combined_protein.tsv
P38439,LEO1,,no Adjusted P-value columns in this combined_protein.tsv
P38489,nfsB,,no Adjusted P-value columns in this combined_protein.tsv
P38521,yggL,,no Adjusted P-value columns in this combined_protein.tsv
P38523,MGE1,,no Adjusted P-value columns in this combined_protein.tsv
P38555,YPT31,,no Adjusted P-value columns in this combined_protein.tsv
P38604,ERG7,,no Adjusted P-value columns in this combined_protein.tsv
P38606,ATP6V1A,,no Adjusted P-value columns in this combined_protein.tsv
P38615,RIM11,,no Adjusted P-value columns in this combined_protein.tsv
P38616,YGP1,,no Adjusted P-value columns in this combined_protein.tsv
P38620,PRS2,,no Adjusted P-value columns in this combined_protein.tsv
P38623,RCK2,,no Adjusted P-value columns in this combined_protein.tsv
P38624,PRE3,,no Adjusted P-value columns in this combined_protein.tsv
P38625,GUA1,,no Adjusted P-value columns in this combined_protein.tsv
P38626,CBR1,,no Adjusted P-value columns in this combined_protein.tsv
P38627,URA8,,no Adjusted P-value columns in this combined_protein.tsv
P38628,PCM1,,no Adjusted P-value columns in this combined_protein.tsv
P38629,RFC3,,no Adjusted P-value columns in this combined_protein.tsv
P38630,RFC1,,no Adjusted P-value columns in this combined_protein.tsv
P38631,FKS1,,no Adjusted P-value columns in this combined_protein.tsv
P38634,SIC1,,no Adjusted P-value columns in this combined_protein.tsv
P38635,HIS2,,no Adjusted P-value columns in this combined_protein.tsv
P38646,HSPA9,,no Adjusted P-value columns in this combined_protein.tsv
P38682,GLO3,,no Adjusted P-value columns in this combined_protein.tsv
P38687,SRP68,,no Adjusted P-value columns in this combined_protein.tsv
P38688,SRP72,,no Adjusted P-value columns in this combined_protein.tsv
P38689,PRS3,,no Adjusted P-value columns in this combined_protein.tsv
P38691,KSP1,,no Adjusted P-value columns in this combined_protein.tsv
P38692,KIC1,,no Adjusted P-value columns in this combined_protein.tsv
P38693,PHO12,,no Adjusted P-value columns in this combined_protein.tsv
P38694,MSC7,,no Adjusted P-value columns in this combined_protein.tsv
P38695,HXT5,,no Adjusted P-value columns in this combined_protein.tsv
P38698,PPX1,,no Adjusted P-value columns in this combined_protein.tsv
P38701,RPS20,,no Adjusted P-value columns in this combined_protein.tsv
P38703,LAG1,,no Adjusted P-value columns in this combined_protein.tsv
P38707,DED81,,no Adjusted P-value columns in this combined_protein.tsv
P38708,YHR020W,,no Adjusted P-value columns in this combined_protein.tsv
P38710,INM1,,no Adjusted P-value columns in this combined_protein.tsv
P38712,RRP3,,no Adjusted P-value columns in this combined_protein.tsv
P38713,OSH3,,no Adjusted P-value columns in this combined_protein.tsv
P38715,GRE3,,no Adjusted P-value columns in this combined_protein.tsv
P38716,YHR112C,,no Adjusted P-value columns in this combined_protein.tsv
P38719,DBP8,,no Adjusted P-value columns in this combined_protein.tsv
P38720,GND1,,no Adjusted P-value columns in this combined_protein.tsv
P38732,EFM1,,no Adjusted P-value columns in this combined_protein.tsv
P38736,GOS1,,no Adjusted P-value columns in this combined_protein.tsv
P38737,ECM29,,no Adjusted P-value columns in this combined_protein.tsv
P38744,YHL018W,,no Adjusted P-value columns in this combined_protein.tsv
P38745,YHL017W,,no Adjusted P-value columns in this combined_protein.tsv
P38747,OTU2,,no Adjusted P-value columns in this combined_protein.tsv
P38748,ETP1,,no Adjusted P-value columns in this combined_protein.tsv
P38753,HSE1,,no Adjusted P-value columns in this combined_protein.tsv
P38754,RPL14B,,no Adjusted P-value columns in this combined_protein.tsv
P38755,OSH7,,no Adjusted P-value columns in this combined_protein.tsv
P38756,TCD1,,no Adjusted P-value columns in this combined_protein.tsv
P38758,TDA3,,no Adjusted P-value columns in this combined_protein.tsv
P38759,VPS29,,no Adjusted P-value columns in this combined_protein.tsv
P38764,RPN1,,no Adjusted P-value columns in this combined_protein.tsv
P38765,YHI9,,no Adjusted P-value columns in this combined_protein.tsv
P38768,PIH1,,no Adjusted P-value columns in this combined_protein.tsv
P38771,RRF1,,no Adjusted P-value columns in this combined_protein.tsv
P38772,BCD1,,no Adjusted P-value columns in this combined_protein.tsv
P38773,DOG2,,no Adjusted P-value columns in this combined_protein.tsv
P38775,YHR045W,,no Adjusted P-value columns in this combined_protein.tsv
P38777,FSH1,,no Adjusted P-value columns in this combined_protein.tsv
P38778,SMF2,,no Adjusted P-value columns in this combined_protein.tsv
P38779,CIC1,,no Adjusted P-value columns in this combined_protein.tsv
P38781,RSC30,,no Adjusted P-value columns in this combined_protein.tsv
P38782,MED6,,no Adjusted P-value columns in this combined_protein.tsv
P38784,VMA22,,no Adjusted P-value columns in this combined_protein.tsv
P38786,RPP1,,no Adjusted P-value columns in this combined_protein.tsv
P38787,PAN5,,no Adjusted P-value columns in this combined_protein.tsv
P38788,SSZ1,,no Adjusted P-value columns in this combined_protein.tsv
P38789,SSF1,,no Adjusted P-value columns in this combined_protein.tsv
P38791,DYS1,,no Adjusted P-value columns in this combined_protein.tsv
P38792,RRP4,,no Adjusted P-value columns in this combined_protein.tsv
P38793,TRM5,,no Adjusted P-value columns in this combined_protein.tsv
P38795,QNS1,,no Adjusted P-value columns in this combined_protein.tsv
P38796,PPE1,,no Adjusted P-value columns in this combined_protein.tsv
P38797,PTC7,,no Adjusted P-value columns in this combined_protein.tsv
P38798,NMD2,,no Adjusted P-value columns in this combined_protein.tsv
P38801,LRP1,,no Adjusted P-value columns in this combined_protein.tsv
P38803,IPI1,,no Adjusted P-value columns in this combined_protein.tsv
P38804,RTC3,,no Adjusted P-value columns in this combined_protein.tsv
P38805,RPF1,,no Adjusted P-value columns in this combined_protein.tsv
P38809,YHR097C,,no Adjusted P-value columns in this combined_protein.tsv
P38810,SFB3,,no Adjusted P-value columns in this combined_protein.tsv
P38811,TRA1,,no Adjusted P-value columns in this combined_protein.tsv
P38812,GEP4,,no Adjusted P-value columns in this combined_protein.tsv
P38813,BIG1,,no Adjusted P-value columns in this combined_protein.tsv
P38815,YPT35,,no Adjusted P-value columns in this combined_protein.tsv
P38816,TRR2,,no Adjusted P-value columns in this combined_protein.tsv
P38817,GGA2,,no Adjusted P-value columns in this combined_protein.tsv
P38820,UBA4,,no Adjusted P-value columns in this combined_protein.tsv
P38821,APE4,,no Adjusted P-value columns in this combined_protein.tsv
P38822,BZZ1,,no Adjusted P-value columns in this combined_protein.tsv
P38824,COX23,,no Adjusted P-value columns in this combined_protein.tsv
P38825,TOM71,,no Adjusted P-value columns in this combined_protein.tsv
P38826,ORC6,,no Adjusted P-value columns in this combined_protein.tsv
P38828,LSM12,,no Adjusted P-value columns in this combined_protein.tsv
P38829,YHR122W,,no Adjusted P-value columns in this combined_protein.tsv
P38833,YHR127W,,no Adjusted P-value columns in this combined_protein.tsv
P38836,ECM14,,no Adjusted P-value columns in this combined_protein.tsv
P38837,NSG1,,no Adjusted P-value columns in this combined_protein.tsv
P38840,ARO9,,no Adjusted P-value columns in this combined_protein.tsv
P38841,YHR138C,,no Adjusted P-value columns in this combined_protein.tsv
P38845,CRP1,,no Adjusted P-value columns in this combined_protein.tsv
P38850,RTT107,,no Adjusted P-value columns in this combined_protein.tsv
P38852,LIN1,,no Adjusted P-value columns in this combined_protein.tsv
P38853,KEL1,,no Adjusted P-value columns in this combined_protein.tsv
P38854,TDA11,,no Adjusted P-value columns in this combined_protein.tsv
P38856,YAP1801,,no Adjusted P-value columns in this combined_protein.tsv
P38857,MPC2,,no Adjusted P-value columns in this combined_protein.tsv
P38858,SOL3,,no Adjusted P-value columns in this combined_protein.tsv
P38861,NMD3,,no Adjusted P-value columns in this combined_protein.tsv
P38869,SVP26,,no Adjusted P-value columns in this combined_protein.tsv
P38873,KOG1,,no Adjusted P-value columns in this combined_protein.tsv
P38874,IKI1,,no Adjusted P-value columns in this combined_protein.tsv
P38875,GPI16,,no Adjusted P-value columns in this combined_protein.tsv
P38878,LNP1,,no Adjusted P-value columns in this combined_protein.tsv
P38879,EGD2,,no Adjusted P-value columns in this combined_protein.tsv
P38882,UTP9,,no Adjusted P-value columns in this combined_protein.tsv
P38883,RIX1,,no Adjusted P-value columns in this combined_protein.tsv
P38884,AIM18,,no Adjusted P-value columns in this combined_protein.tsv
P38885,AIM46,,no Adjusted P-value columns in this combined_protein.tsv
P38886,RPN10,,no Adjusted P-value columns in this combined_protein.tsv
P38889,SKN7,,no Adjusted P-value columns in this combined_protein.tsv
P38890,SET5,,no Adjusted P-value columns in this combined_protein.tsv
P38891,BAT1,,no Adjusted P-value columns in this combined_protein.tsv
P38892,CRG1,,no Adjusted P-value columns in this combined_protein.tsv
P38902,RPB11,,no Adjusted P-value columns in this combined_protein.tsv
P38903,RTS1,,no Adjusted P-value columns in this combined_protein.tsv
P38904,SPP41,,no Adjusted P-value columns in this combined_protein.tsv
P38910,HSP10,,no Adjusted P-value columns in this combined_protein.tsv
P38911,FPR3,,no Adjusted P-value columns in this combined_protein.tsv
P38912,TIF11,,no Adjusted P-value columns in this combined_protein.tsv
P38913,FAD1,,no Adjusted P-value columns in this combined_protein.tsv
P38915,SPT8,,no Adjusted P-value columns in this combined_protein.tsv
P38919,EIF4A3,,no Adjusted P-value columns in this combined_protein.tsv
P38922,HRB1,,no Adjusted P-value columns in this combined_protein.tsv
P38929,PMC1,,no Adjusted P-value columns in this combined_protein.tsv
P38930,CKB2,,no Adjusted P-value columns in this combined_protein.tsv
P38932,VPS45,,no Adjusted P-value columns in this combined_protein.tsv
P38934,BFR1,,no Adjusted P-value columns in this combined_protein.tsv
P38959,VPS41,,no Adjusted P-value columns in this combined_protein.tsv
P38961,RRP8,,no Adjusted P-value columns in this combined_protein.tsv
P38962,TVP23,,no Adjusted P-value columns in this combined_protein.tsv
P38966,VTC5,,no Adjusted P-value columns in this combined_protein.tsv
P38968,SEC31,,no Adjusted P-value columns in this combined_protein.tsv
P38969,PNT1,,no Adjusted P-value columns in this combined_protein.tsv
P38970,HAL5,,no Adjusted P-value columns in this combined_protein.tsv
P38972,ADE6,,no Adjusted P-value columns in this combined_protein.tsv
P38985,SRP14,,no Adjusted P-value columns in this combined_protein.tsv
P38986,ASP1,,no Adjusted P-value columns in this combined_protein.tsv
P38987,TEM1,,no Adjusted P-value columns in this combined_protein.tsv
P38988,GGC1,,no Adjusted P-value columns in this combined_protein.tsv
P38992,SUR2,,no Adjusted P-value columns in this combined_protein.tsv
P38993,FET3,,no Adjusted P-value columns in this combined_protein.tsv
P38996,NAB3,,no Adjusted P-value columns in this combined_protein.tsv
P38998,LYS1,,no Adjusted P-value columns in this combined_protein.tsv
P38999,LYS9,,no Adjusted P-value columns in this combined_protein.tsv
P39001,UME6,,no Adjusted P-value columns in this combined_protein.tsv
P39002,FAA3,,no Adjusted P-value columns in this combined_protein.tsv
P39003,HXT6,,no Adjusted P-value columns in this combined_protein.tsv
P39004,HXT7,,no Adjusted P-value columns in this combined_protein.tsv
P39005,KRE9,,no Adjusted P-value columns in this combined_protein.tsv
P39006,PSD1,,no Adjusted P-value columns in this combined_protein.tsv
P39007,STT3,,no Adjusted P-value columns in this combined_protein.tsv
P39008,POP2,,no Adjusted P-value columns in this combined_protein.tsv
P39010,AKR1,,no Adjusted P-value columns in this combined_protein.tsv
P39011,BEM4,,no Adjusted P-value columns in this combined_protein.tsv
P39012,GAA1,,no Adjusted P-value columns in this combined_protein.tsv
P39013,END3,,no Adjusted P-value columns in this combined_protein.tsv
P39015,STM1,,no Adjusted P-value columns in this combined_protein.tsv
P39016,MPT5,,no Adjusted P-value columns in this combined_protein.tsv
P39019,RPS19,,no Adjusted P-value columns in this combined_protein.tsv
P39023,RPL3,,no Adjusted P-value columns in this combined_protein.tsv
P39076,CCT2,,no Adjusted P-value columns in this combined_protein.tsv
P39077,CCT3,,no Adjusted P-value columns in this combined_protein.tsv
P39078,CCT4,,no Adjusted P-value columns in this combined_protein.tsv
P39079,CCT6,,no Adjusted P-value columns in this combined_protein.tsv
P39081,PCF11,,no Adjusted P-value columns in this combined_protein.tsv
P39099,degQ,,no Adjusted P-value columns in this combined_protein.tsv
P39101,CAJ1,,no Adjusted P-value columns in this combined_protein.tsv
P39102,XDJ1,,no Adjusted P-value columns in this combined_protein.tsv
P39103,COX14,,no Adjusted P-value columns in this combined_protein.tsv
P39104,PIK1,,no Adjusted P-value columns in this combined_protein.tsv
P39105,PLB1,,no Adjusted P-value columns in this combined_protein.tsv
P39106,MNN1,,no Adjusted P-value columns in this combined_protein.tsv
P39107,MNN9,,no Adjusted P-value columns in this combined_protein.tsv
P39109,YCF1,,no Adjusted P-value columns in this combined_protein.tsv
P39111,VMA7,,no Adjusted P-value columns in this combined_protein.tsv
P39113,CAT8,,no Adjusted P-value columns in this combined_protein.tsv
P39160,uxuB,,no Adjusted P-value columns in this combined_protein.tsv
P39173,yeaD,,no Adjusted P-value columns in this combined_protein.tsv
P39176,erfK,,no Adjusted P-value columns in this combined_protein.tsv
P39177,uspG,,no Adjusted P-value columns in this combined_protein.tsv
P39180,flu,,no Adjusted P-value columns in this combined_protein.tsv
P39187,ytfJ,,no Adjusted P-value columns in this combined_protein.tsv
P39199,prmB,,no Adjusted P-value columns in this combined_protein.tsv
P39265,alsB,,no Adjusted P-value columns in this combined_protein.tsv
P39286,rsgA,,no Adjusted P-value columns in this combined_protein.tsv
P39298,yjfP,,no Adjusted P-value columns in this combined_protein.tsv
P39315,qorB,,no Adjusted P-value columns in this combined_protein.tsv
P39325,ytfQ,,no Adjusted P-value columns in this combined_protein.tsv
P39332,yjgH,,no Adjusted P-value columns in this combined_protein.tsv
P39337,yjgM,,no Adjusted P-value columns in this combined_protein.tsv
P39342,yjgR,,no Adjusted P-value columns in this combined_protein.tsv
P39353,nanY,,no Adjusted P-value columns in this combined_protein.tsv
P39356,yjhU,,no Adjusted P-value columns in this combined_protein.tsv
P39358,yjhG,,no Adjusted P-value columns in this combined_protein.tsv
P39406,rsmC,,no Adjusted P-value columns in this combined_protein.tsv
P39451,adhP,,no Adjusted P-value columns in this combined_protein.tsv
P39516,RPS14B,,no Adjusted P-value columns in this combined_protein.tsv
P39517,DHH1,,no Adjusted P-value columns in this combined_protein.tsv
P39522,ILV3,,no Adjusted P-value columns in this combined_protein.tsv
P39523,YMR124W,,no Adjusted P-value columns in this combined_protein.tsv
P39524,DRS2,,no Adjusted P-value columns in this combined_protein.tsv
P39525,CEM1,,no Adjusted P-value columns in this combined_protein.tsv
P39526,LAA1,,no Adjusted P-value columns in this combined_protein.tsv
P39531,RCY1,,no Adjusted P-value columns in this combined_protein.tsv
P39533,ACO2,,no Adjusted P-value columns in this combined_protein.tsv
P39538,UBP12,,no Adjusted P-value columns in this combined_protein.tsv
P39552,MST28,,no Adjusted P-value columns in this combined_protein.tsv
P39656,DDOST,,no Adjusted P-value columns in this combined_protein.tsv
P39676,YHB1,,no Adjusted P-value columns in this combined_protein.tsv
P39682,PRP39,,no Adjusted P-value columns in this combined_protein.tsv
P39683,NPT1,,no Adjusted P-value columns in this combined_protein.tsv
P39685,POM152,,no Adjusted P-value columns in this combined_protein.tsv
P39687,ANP32A,,no Adjusted P-value columns in this combined_protein.tsv
P39692,MET10,,no Adjusted P-value columns in this combined_protein.tsv
P39704,ERP2,,no Adjusted P-value columns in this combined_protein.tsv
P39705,NUP60,,no Adjusted P-value columns in this combined_protein.tsv
P39709,SEO1,,no Adjusted P-value columns in this combined_protein.tsv
P39713,BDH2,,no Adjusted P-value columns in this combined_protein.tsv
P39714,BDH1,,no Adjusted P-value columns in this combined_protein.tsv
P39715,ECM1,,no Adjusted P-value columns in this combined_protein.tsv
P39718,PEX22,,no Adjusted P-value columns in this combined_protein.tsv
P39719,FLC2,,no Adjusted P-value columns in this combined_protein.tsv
P39721,AIM2,,no Adjusted P-value columns in this combined_protein.tsv
P39722,GEM1,,no Adjusted P-value columns in this combined_protein.tsv
P39724,BOL3,,no Adjusted P-value columns in this combined_protein.tsv
P39726,GCV3,,no Adjusted P-value columns in this combined_protein.tsv
P39727,ERV46,,no Adjusted P-value columns in this combined_protein.tsv
P39729,RBG1,,no Adjusted P-value columns in this combined_protein.tsv
P39730,FUN12,,no Adjusted P-value columns in this combined_protein.tsv
P39731,MTW1,,no Adjusted P-value columns in this combined_protein.tsv
P39743,RVS167,,no Adjusted P-value columns in this combined_protein.tsv
P39744,NOC2,,no Adjusted P-value columns in this combined_protein.tsv
P39748,FEN1,,no Adjusted P-value columns in this combined_protein.tsv
P39829,garD,,no Adjusted P-value columns in this combined_protein.tsv
P39831,ydfG,,no Adjusted P-value columns in this combined_protein.tsv
P39880,CUX1,,no Adjusted P-value columns in this combined_protein.tsv
P39904,VPS52,,no Adjusted P-value columns in this combined_protein.tsv
P39923,NPR2,,no Adjusted P-value columns in this combined_protein.tsv
P39925,AFG3,,no Adjusted P-value columns in this combined_protein.tsv
P39926,SSO2,,no Adjusted P-value columns in this combined_protein.tsv
P39927,PTI1,,no Adjusted P-value columns in this combined_protein.tsv
P39929,SNF7,,no Adjusted P-value columns in this combined_protein.tsv
P39931,SSP120,,no Adjusted P-value columns in this combined_protein.tsv
P39935,TIF4631,,no Adjusted P-value columns in this combined_protein.tsv
P39936,TIF4632,,no Adjusted P-value columns in this combined_protein.tsv
P39938,RPS26A,,no Adjusted P-value columns in this combined_protein.tsv
P39940,RSP5,,no Adjusted P-value columns in this combined_protein.tsv
P39952,OXA1,,no Adjusted P-value columns in this combined_protein.tsv
P39954,SAH1,,no Adjusted P-value columns in this combined_protein.tsv
P39956,RPH1,,no Adjusted P-value columns in this combined_protein.tsv
P39958,GDI1,,no Adjusted P-value columns in this combined_protein.tsv
P39960,BEM2,,no Adjusted P-value columns in this combined_protein.tsv
P39962,YCK3,,no Adjusted P-value columns in this combined_protein.tsv
P39966,PTC2,,no Adjusted P-value columns in this combined_protein.tsv
P39968,VAC8,,no Adjusted P-value columns in this combined_protein.tsv
P39969,BOI2,,no Adjusted P-value columns in this combined_protein.tsv
P39976,DLD3,,no Adjusted P-value columns in this combined_protein.tsv
P39979,HPA3,,no Adjusted P-value columns in this combined_protein.tsv
P39984,HAT2,,no Adjusted P-value columns in this combined_protein.tsv
P39985,POL5,,no Adjusted P-value columns in this combined_protein.tsv
P39986,SPF1,,no Adjusted P-value columns in this combined_protein.tsv
P39990,SNU13,,no Adjusted P-value columns in this combined_protein.tsv
P39993,GEA2,,no Adjusted P-value columns in this combined_protein.tsv
P39994,PXP1,,no Adjusted P-value columns in this combined_protein.tsv
P39996,GTT3,,no Adjusted P-value columns in this combined_protein.tsv
P39998,EDC3,,no Adjusted P-value columns in this combined_protein.tsv
P40005,GIM4,,no Adjusted P-value columns in this combined_protein.tsv
P40006,IRC22,,no Adjusted P-value columns in this combined_protein.tsv
P40007,NOP16,,no Adjusted P-value columns in this combined_protein.tsv
P40008,FMP52,,no Adjusted P-value columns in this combined_protein.tsv
P40010,NUG1,,no Adjusted P-value columns in this combined_protein.tsv
P40011,YER010C,,no Adjusted P-value columns in this combined_protein.tsv
P40012,HEM14,,no Adjusted P-value columns in this combined_protein.tsv
P40013,BIM1,,no Adjusted P-value columns in this combined_protein.tsv
P40014,SPC25,,no Adjusted P-value columns in this combined_protein.tsv
P40015,ISC1,,no Adjusted P-value columns in this combined_protein.tsv
P40016,RPN3,,no Adjusted P-value columns in this combined_protein.tsv
P40017,YAT2,,no Adjusted P-value columns in this combined_protein.tsv
P40018,SMB1,,no Adjusted P-value columns in this combined_protein.tsv
P40019,CHZ1,,no Adjusted P-value columns in this combined_protein.tsv
P40022,YER034W,,no Adjusted P-value columns in this combined_protein.tsv
P40024,ARB1,,no Adjusted P-value columns in this combined_protein.tsv
P40029,MXR1,,no Adjusted P-value columns in this combined_protein.tsv
P40030,ERG28,,no Adjusted P-value columns in this combined_protein.tsv
P40032,TPA1,,no Adjusted P-value columns in this combined_protein.tsv
P40035,PIC2,,no Adjusted P-value columns in this combined_protein.tsv
P40036,GIP2,,no Adjusted P-value columns in this combined_protein.tsv
P40037,HMF1,,no Adjusted P-value columns in this combined_protein.tsv
P40038,PCL6,,no Adjusted P-value columns in this combined_protein.tsv
P40040,THO1,,no Adjusted P-value columns in this combined_protein.tsv
P40043,RGI1,,no Adjusted P-value columns in this combined_protein.tsv
P40045,TDA2,,no Adjusted P-value columns in this combined_protein.tsv
P40046,VTC1,,no Adjusted P-value columns in this combined_protein.tsv
P40047,ALD5,,no Adjusted P-value columns in this combined_protein.tsv
P40051,ICP55,,no Adjusted P-value columns in this combined_protein.tsv
P40052,YER079W,,no Adjusted P-value columns in this combined_protein.tsv
P40053,AIM9,,no Adjusted P-value columns in this combined_protein.tsv
P40054,SER3,,no Adjusted P-value columns in this combined_protein.tsv
P40055,UTP7,,no Adjusted P-value columns in this combined_protein.tsv
P40056,GET2,,no Adjusted P-value columns in this combined_protein.tsv
P40064,NUP157,,no Adjusted P-value columns in this combined_protein.tsv
P40066,GLE2,,no Adjusted P-value columns in this combined_protein.tsv
P40069,KAP123,,no Adjusted P-value columns in this combined_protein.tsv
P40070,LSM4,,no Adjusted P-value columns in this combined_protein.tsv
P40075,SCS2,,no Adjusted P-value columns in this combined_protein.tsv
P40078,NSA2,,no Adjusted P-value columns in this combined_protein.tsv
P40079,LCP5,,no Adjusted P-value columns in this combined_protein.tsv
P40081,YER134C,,no Adjusted P-value columns in this combined_protein.tsv
P40084,RTR1,,no Adjusted P-value columns in this combined_protein.tsv
P40086,COX15,,no Adjusted P-value columns in this combined_protein.tsv
P40087,DDI1,,no Adjusted P-value columns in this combined_protein.tsv
P40088,FTR1,,no Adjusted P-value columns in this combined_protein.tsv
P40089,LSM5,,no Adjusted P-value columns in this combined_protein.tsv
P40091,PEA2,,no Adjusted P-value columns in this combined_protein.tsv
P40093,YER156C,,no Adjusted P-value columns in this combined_protein.tsv
P40094,COG3,,no Adjusted P-value columns in this combined_protein.tsv
P40096,BUR6,,no Adjusted P-value columns in this combined_protein.tsv
P40098,FMP10,,no Adjusted P-value columns in this combined_protein.tsv
P40099,FAU1,,no Adjusted P-value columns in this combined_protein.tsv
P40106,GPP2,,no Adjusted P-value columns in this combined_protein.tsv
P40120,mdoD,,no Adjusted P-value columns in this combined_protein.tsv
P40121,CAPG,,no Adjusted P-value columns in this combined_protein.tsv
P40150,SSB2,,no Adjusted P-value columns in this combined_protein.tsv
P40151,MGS1,,no Adjusted P-value columns in this combined_protein.tsv
P40154,IES2,,no Adjusted P-value columns in this combined_protein.tsv
P40155,PEX17,,no Adjusted P-value columns in this combined_protein.tsv
P40157,VID27,,no Adjusted P-value columns in this combined_protein.tsv
P40159,YNL208W,,no Adjusted P-value columns in this combined_protein.tsv
P40160,RIO2,,no Adjusted P-value columns in this combined_protein.tsv
P40161,RTT106,,no Adjusted P-value columns in this combined_protein.tsv
P40164,PSY2,,no Adjusted P-value columns in this combined_protein.tsv
P40165,NNR1,,no Adjusted P-value columns in this combined_protein.tsv
P40168,YNL195C,,no Adjusted P-value columns in this combined_protein.tsv
P40169,YNL194C,,no Adjusted P-value columns in this combined_protein.tsv
P40185,MMF1,,no Adjusted P-value columns in this combined_protein.tsv
P40186,PCL7,,no Adjusted P-value columns in this combined_protein.tsv
P40187,PIG2,,no Adjusted P-value columns in this combined_protein.tsv
P40188,RGI2,,no Adjusted P-value columns in this combined_protein.tsv
P40191,pdxK,,no Adjusted P-value columns in this combined_protein.tsv
P40202,CCS1,,no Adjusted P-value columns in this combined_protein.tsv
P40208,GID8,,no Adjusted P-value columns in this combined_protein.tsv
P40210,SIP5,,no Adjusted P-value columns in this combined_protein.tsv
P40212,RPL13B,,no Adjusted P-value columns in this combined_protein.tsv
P40215,NDE1,,no Adjusted P-value columns in this combined_protein.tsv
P40217,TIF34,,no Adjusted P-value columns in this combined_protein.tsv
P40222,TXLNA,,no Adjusted P-value columns in this combined_protein.tsv
P40227,CCT6A,,no Adjusted P-value columns in this combined_protein.tsv
P40261,NNMT,,no Adjusted P-value columns in this combined_protein.tsv
P40302,PRE5,,no Adjusted P-value columns in this combined_protein.tsv
P40303,PRE6,,no Adjusted P-value columns in this combined_protein.tsv
P40308,TGL3,,no Adjusted P-value columns in this combined_protein.tsv
P40312,CYB5,,no Adjusted P-value columns in this combined_protein.tsv
P40317,SOK1,,no Adjusted P-value columns in this combined_protein.tsv
P40318,SSM4,,no Adjusted P-value columns in this combined_protein.tsv
P40319,ELO3,,no Adjusted P-value columns in this combined_protein.tsv
P40325,HUA1,,no Adjusted P-value columns in this combined_protein.tsv
P40327,RPT2,,no Adjusted P-value columns in this combined_protein.tsv
P40335,PEP8,,no Adjusted P-value columns in this combined_protein.tsv
P40339,RFC4,,no Adjusted P-value columns in this combined_protein.tsv
P40340,YTA7,,no Adjusted P-value columns in this combined_protein.tsv
P40341,YTA12,,no Adjusted P-value columns in this combined_protein.tsv
P40343,VPS27,,no Adjusted P-value columns in this combined_protein.tsv
P40344,ATG3,,no Adjusted P-value columns in this combined_protein.tsv
P40345,LRO1,,no Adjusted P-value columns in this combined_protein.tsv
P40347,LTP1,,no Adjusted P-value columns in this combined_protein.tsv
P40348,RFC2,,no Adjusted P-value columns in this combined_protein.tsv
P40350,ALG5,,no Adjusted P-value columns in this combined_protein.tsv
P40354,NTA1,,no Adjusted P-value columns in this combined_protein.tsv
P40356,PGD1,,no Adjusted P-value columns in this combined_protein.tsv
P40357,SEC9,,no Adjusted P-value columns in this combined_protein.tsv
P40361,YJL070C,,no Adjusted P-value columns in this combined_protein.tsv
P40362,UTP18,,no Adjusted P-value columns in this combined_protein.tsv
P40363,YJL068C,,no Adjusted P-value columns in this combined_protein.tsv
P40364,MPM1,,no Adjusted P-value columns in this combined_protein.tsv
P40368,NUP82,,no Adjusted P-value columns in this combined_protein.tsv
P40395,RIC1,,no Adjusted P-value columns in this combined_protein.tsv
P40413,CCT5,,no Adjusted P-value columns in this combined_protein.tsv
P40414,TPM2,,no Adjusted P-value columns in this combined_protein.tsv
P40422,RPC10,,no Adjusted P-value columns in this combined_protein.tsv
P40425,PBX2,,no Adjusted P-value columns in this combined_protein.tsv
P40429,RPL13A,,no Adjusted P-value columns in this combined_protein.tsv
P40433,PFK26,,no Adjusted P-value columns in this combined_protein.tsv
P40442,CSS1,,no Adjusted P-value columns in this combined_protein.tsv
P40452,COA1,,no Adjusted P-value columns in this combined_protein.tsv
P40453,UBP7,,no Adjusted P-value columns in this combined_protein.tsv
P40454,RRD1,,no Adjusted P-value columns in this combined_protein.tsv
P40457,MLP2,,no Adjusted P-value columns in this combined_protein.tsv
P40459,PAN6,,no Adjusted P-value columns in this combined_protein.tsv
P40462,TMA108,,no Adjusted P-value columns in this combined_protein.tsv
P40463,VHS2,,no Adjusted P-value columns in this combined_protein.tsv
P40467,ASG1,,no Adjusted P-value columns in this combined_protein.tsv
P40468,TAO3,,no Adjusted P-value columns in this combined_protein.tsv
P40469,MET18,,no Adjusted P-value columns in this combined_protein.tsv
P40471,AYR1,,no Adjusted P-value columns in this combined_protein.tsv
P40477,NUP159,,no Adjusted P-value columns in this combined_protein.tsv
P40481,HPM1,,no Adjusted P-value columns in this combined_protein.tsv
P40482,SEC24,,no Adjusted P-value columns in this combined_protein.tsv
P40483,YIL108W,,no Adjusted P-value columns in this combined_protein.tsv
P40484,MOB1,,no Adjusted P-value columns in this combined_protein.tsv
P40485,SLM1,,no Adjusted P-value columns in this combined_protein.tsv
P40486,SHQ1,,no Adjusted P-value columns in this combined_protein.tsv
P40494,PRK1,,no Adjusted P-value columns in this combined_protein.tsv
P40495,LYS12,,no Adjusted P-value columns in this combined_protein.tsv
P40496,RSM25,,no Adjusted P-value columns in this combined_protein.tsv
P40498,UTP25,,no Adjusted P-value columns in this combined_protein.tsv
P40499,ICE2,,no Adjusted P-value columns in this combined_protein.tsv
P40501,AVT7,,no Adjusted P-value columns in this combined_protein.tsv
P40503,YIL086C,,no Adjusted P-value columns in this combined_protein.tsv
P40505,SDS3,,no Adjusted P-value columns in this combined_protein.tsv
P40506,CAB2,,no Adjusted P-value columns in this combined_protein.tsv
P40509,SEC28,,no Adjusted P-value columns in this combined_protein.tsv
P40510,SER33,,no Adjusted P-value columns in this combined_protein.tsv
P40513,MAM33,,no Adjusted P-value columns in this combined_protein.tsv
P40515,FIS1,,no Adjusted P-value columns in this combined_protein.tsv
P40516,EFM4,,no Adjusted P-value columns in this combined_protein.tsv
P40517,YRB2,,no Adjusted P-value columns in this combined_protein.tsv
P40518,ARC15,,no Adjusted P-value columns in this combined_protein.tsv
P40522,VHR1,,no Adjusted P-value columns in this combined_protein.tsv
P40523,YIL055C,,no Adjusted P-value columns in this combined_protein.tsv
P40525,RPL34B,,no Adjusted P-value columns in this combined_protein.tsv
P40527,NEO1,,no Adjusted P-value columns in this combined_protein.tsv
P40528,SYG1,,no Adjusted P-value columns in this combined_protein.tsv
P40529,AGE2,,no Adjusted P-value columns in this combined_protein.tsv
P40531,GVP36,,no Adjusted P-value columns in this combined_protein.tsv
P40533,TED1,,no Adjusted P-value columns in this combined_protein.tsv
P40535,CST6,,no Adjusted P-value columns in this combined_protein.tsv
P40540,EMC5,,no Adjusted P-value columns in this combined_protein.tsv
P40541,IRR1,,no Adjusted P-value columns in this combined_protein.tsv
P40545,HIS6,,no Adjusted P-value columns in this combined_protein.tsv
P40548,SNL1,,no Adjusted P-value columns in this combined_protein.tsv
P40549,MNT3,,no Adjusted P-value columns in this combined_protein.tsv
P40553,DOT5,,no Adjusted P-value columns in this combined_protein.tsv
P40555,NAS2,,no Adjusted P-value columns in this combined_protein.tsv
P40557,EPS1,,no Adjusted P-value columns in this combined_protein.tsv
P40558,CFD1,,no Adjusted P-value columns in this combined_protein.tsv
P40561,SGN1,,no Adjusted P-value columns in this combined_protein.tsv
P40563,AIM21,,no Adjusted P-value columns in this combined_protein.tsv
P40564,DJP1,,no Adjusted P-value columns in this combined_protein.tsv
P40566,EGH1,,no Adjusted P-value columns in this combined_protein.tsv
P40579,NRE1,,no Adjusted P-value columns in this combined_protein.tsv
P40580,IRC24,,no Adjusted P-value columns in this combined_protein.tsv
P40581,HYR1,,no Adjusted P-value columns in this combined_protein.tsv
P40582,GTT1,,no Adjusted P-value columns in this combined_protein.tsv
P40616,ARL1,,no Adjusted P-value columns in this combined_protein.tsv
P40692,MLH1,,no Adjusted P-value columns in this combined_protein.tsv
P40693,RLP7,,no Adjusted P-value columns in this combined_protein.tsv
P40763,STAT3,,no Adjusted P-value columns in this combined_protein.tsv
P40818,USP8,,no Adjusted P-value columns in this combined_protein.tsv
P40825,ALA1,,no Adjusted P-value columns in this combined_protein.tsv
P40855,PEX19,,no Adjusted P-value columns in this combined_protein.tsv
P40856,SAP185,,no Adjusted P-value columns in this combined_protein.tsv
P40857,PHS1,,no Adjusted P-value columns in this combined_protein.tsv
P40874,solA,,no Adjusted P-value columns in this combined_protein.tsv
P40892,YJL218W,,no Adjusted P-value columns in this combined_protein.tsv
P40893,REE1,,no Adjusted P-value columns in this combined_protein.tsv
P40925,MDH1,,no Adjusted P-value columns in this combined_protein.tsv
P40926,MDH2,,no Adjusted P-value columns in this combined_protein.tsv
P40937,RFC5,,no Adjusted P-value columns in this combined_protein.tsv
P40938,RFC3,,no Adjusted P-value columns in this combined_protein.tsv
P40939,HADHA,,no Adjusted P-value columns in this combined_protein.tsv
P40956,GTS1,,no Adjusted P-value columns in this combined_protein.tsv
P40957,MAD1,,no Adjusted P-value columns in this combined_protein.tsv
P40958,MAD2,,no Adjusted P-value columns in this combined_protein.tsv
P40959,MVP1,,no Adjusted P-value columns in this combined_protein.tsv
P40961,PHB1,,no Adjusted P-value columns in this combined_protein.tsv
P40970,LCB2,,no Adjusted P-value columns in this combined_protein.tsv
P40986,CDC1,,no Adjusted P-value columns in this combined_protein.tsv
P40989,GSC2,,no Adjusted P-value columns in this combined_protein.tsv
P40991,NOP2,,no Adjusted P-value columns in this combined_protein.tsv
P40994,ARF3,,no Adjusted P-value columns in this combined_protein.tsv
P41056,RPL33B,,no Adjusted P-value columns in this combined_protein.tsv
P41057,RPS29A,,no Adjusted P-value columns in this combined_protein.tsv
P41058,RPS29B,,no Adjusted P-value columns in this combined_protein.tsv
P41091,EIF2S3,,no Adjusted P-value columns in this combined_protein.tsv
P41134,ID1,,no Adjusted P-value columns in this combined_protein.tsv
P41208,CETN2,,no Adjusted P-value columns in this combined_protein.tsv
P41214,EIF2D,,no Adjusted P-value columns in this combined_protein.tsv
P41222,PTGDS,,no Adjusted P-value columns in this combined_protein.tsv
P41223,BUD31,,no Adjusted P-value columns in this combined_protein.tsv
P41227,NAA10,,no Adjusted P-value columns in this combined_protein.tsv
P41229,KDM5C,,no Adjusted P-value columns in this combined_protein.tsv
P41236,PPP1R2,,no Adjusted P-value columns in this combined_protein.tsv
P41240,CSK,,no Adjusted P-value columns in this combined_protein.tsv
P41250,GARS1,,no Adjusted P-value columns in this combined_protein.tsv
P41252,IARS1,,no Adjusted P-value columns in this combined_protein.tsv
P41277,GPP1,,no Adjusted P-value columns in this combined_protein.tsv
P41338,ERG10,,no Adjusted P-value columns in this combined_protein.tsv
P41407,azoR,,no Adjusted P-value columns in this combined_protein.tsv
P41440,SLC19A1,,no Adjusted P-value columns in this combined_protein.tsv
P41543,OST1,,no Adjusted P-value columns in this combined_protein.tsv
P41567,EIF1,,no Adjusted P-value columns in this combined_protein.tsv
P41696,AZF1,,no Adjusted P-value columns in this combined_protein.tsv
P41697,BUD6,,no Adjusted P-value columns in this combined_protein.tsv
P41733,GAB1,,no Adjusted P-value columns in this combined_protein.tsv
P41734,IAH1,,no Adjusted P-value columns in this combined_protein.tsv
P41735,CAT5,,no Adjusted P-value columns in this combined_protein.tsv
P41743,PRKCI,,no Adjusted P-value columns in this combined_protein.tsv
P41800,MMM1,,no Adjusted P-value columns in this combined_protein.tsv
P41805,RPL10,,no Adjusted P-value columns in this combined_protein.tsv
P41807,VMA13,,no Adjusted P-value columns in this combined_protein.tsv
P41810,SEC26,,no Adjusted P-value columns in this combined_protein.tsv
P41811,SEC27,,no Adjusted P-value columns in this combined_protein.tsv
P41812,POP1,,no Adjusted P-value columns in this combined_protein.tsv
P41813,FKH2,,no Adjusted P-value columns in this combined_protein.tsv
P41814,GCD10,,no Adjusted P-value columns in this combined_protein.tsv
P41818,GLC8,,no Adjusted P-value columns in this combined_protein.tsv
P41819,DIM1,,no Adjusted P-value columns in this combined_protein.tsv
P41832,BNI1,,no Adjusted P-value columns in this combined_protein.tsv
P41895,TFG1,,no Adjusted P-value columns in this combined_protein.tsv
P41896,TFG2,,no Adjusted P-value columns in this combined_protein.tsv
P41903,TES1,,no Adjusted P-value columns in this combined_protein.tsv
P41910,MAF1,,no Adjusted P-value columns in this combined_protein.tsv
P41911,GPD2,,no Adjusted P-value columns in this combined_protein.tsv
P41920,YRB1,,no Adjusted P-value columns in this combined_protein.tsv
P41921,GLR1,,no Adjusted P-value columns in this combined_protein.tsv
P41930,SSU1,,no Adjusted P-value columns in this combined_protein.tsv
P41940,PSA1,,no Adjusted P-value columns in this combined_protein.tsv
P42025,ACTR1B,,no Adjusted P-value columns in this combined_protein.tsv
P42073,REF2,,no Adjusted P-value columns in this combined_protein.tsv
P42126,ECI1,,no Adjusted P-value columns in this combined_protein.tsv
P42166,TMPO,,no Adjusted P-value columns in this combined_protein.tsv
P42167,TMPO,,no Adjusted P-value columns in this combined_protein.tsv
P42224,STAT1,,no Adjusted P-value columns in this combined_protein.tsv
P42226,STAT6,,no Adjusted P-value columns in this combined_protein.tsv
P42229,STAT5A,,no Adjusted P-value columns in this combined_protein.tsv
P42285,MTREX,,no Adjusted P-value columns in this combined_protein.tsv
P42330,AKR1C3,,no Adjusted P-value columns in this combined_protein.tsv
P42338,PIK3CB,,no Adjusted P-value columns in this combined_protein.tsv
P42345,MTOR,,no Adjusted P-value columns in this combined_protein.tsv
P42356,PI4KA,,no Adjusted P-value columns in this combined_protein.tsv
P42566,EPS15,,no Adjusted P-value columns in this combined_protein.tsv
P42574,CASP3,,no Adjusted P-value columns in this combined_protein.tsv
P42575,CASP2,,no Adjusted P-value columns in this combined_protein.tsv
P42588,patA,,no Adjusted P-value columns in this combined_protein.tsv
P42593,fadH,,no Adjusted P-value columns in this combined_protein.tsv
P42599,ygjR,,no Adjusted P-value columns in this combined_protein.tsv
P42616,yqjC,,no Adjusted P-value columns in this combined_protein.tsv
P42620,yqjG,,no Adjusted P-value columns in this combined_protein.tsv
P42641,obgE,,no Adjusted P-value columns in this combined_protein.tsv
P42677,RPS27,,no Adjusted P-value columns in this combined_protein.tsv
P42684,ABL2,,no Adjusted P-value columns in this combined_protein.tsv
P42694,HELZ,,no Adjusted P-value columns in this combined_protein.tsv
P42695,NCAPD3,,no Adjusted P-value columns in this combined_protein.tsv
P42696,RBM34,,no Adjusted P-value columns in this combined_protein.tsv
P42704,LRPPRC,,no Adjusted P-value columns in this combined_protein.tsv
P42765,ACAA2,,no Adjusted P-value columns in this combined_protein.tsv
P42766,RPL35,,no Adjusted P-value columns in this combined_protein.tsv
P42773,CDKN2C,,no Adjusted P-value columns in this combined_protein.tsv
P42785,PRCP,,no Adjusted P-value columns in this combined_protein.tsv
P42826,XKS1,,no Adjusted P-value columns in this combined_protein.tsv
P42838,LEM3,,no Adjusted P-value columns in this combined_protein.tsv
P42839,VNX1,,no Adjusted P-value columns in this combined_protein.tsv
P42840,YNL320W,,no Adjusted P-value columns in this combined_protein.tsv
P42842,EMW1,,no Adjusted P-value columns in this combined_protein.tsv
P42844,ZIM17,,no Adjusted P-value columns in this combined_protein.tsv
P42846,KRI1,,no Adjusted P-value columns in this combined_protein.tsv
P42898,MTHFR,,no Adjusted P-value columns in this combined_protein.tsv
P42934,PMT6,,no Adjusted P-value columns in this combined_protein.tsv
P42935,ELP2,,no Adjusted P-value columns in this combined_protein.tsv
P42936,YGR201C,,no Adjusted P-value columns in this combined_protein.tsv
P42938,TDA10,,no Adjusted P-value columns in this combined_protein.tsv
P42940,CIR1,,no Adjusted P-value columns in this combined_protein.tsv
P42941,SER2,,no Adjusted P-value columns in this combined_protein.tsv
P42942,YGR210C,,no Adjusted P-value columns in this combined_protein.tsv
P42943,CCT7,,no Adjusted P-value columns in this combined_protein.tsv
P42945,UTP10,,no Adjusted P-value columns in this combined_protein.tsv
P42949,PAM16,,no Adjusted P-value columns in this combined_protein.tsv
P43007,SLC1A4,,no Adjusted P-value columns in this combined_protein.tsv
P43034,PAFAH1B1,,no Adjusted P-value columns in this combined_protein.tsv
P43121,MCAM,,no Adjusted P-value columns in this combined_protein.tsv
P43123,QRI1,,no Adjusted P-value columns in this combined_protein.tsv
P43243,MATR3,,no Adjusted P-value columns in this combined_protein.tsv
P43246,MSH2,,no Adjusted P-value columns in this combined_protein.tsv
P43250,GRK6,,no Adjusted P-value columns in this combined_protein.tsv
P43304,GPD2,,no Adjusted P-value columns in this combined_protein.tsv
P43307,SSR1,,no Adjusted P-value columns in this combined_protein.tsv
P43321,SMD3,,no Adjusted P-value columns in this combined_protein.tsv
P43355,MAGEA1,,no Adjusted P-value columns in this combined_protein.tsv
P43362,MAGEA9,,no Adjusted P-value columns in this combined_protein.tsv
P43366,MAGEB1,,no Adjusted P-value columns in this combined_protein.tsv
P43405,SYK,,no Adjusted P-value columns in this combined_protein.tsv
P43487,RANBP1,,no Adjusted P-value columns in this combined_protein.tsv
P43490,NAMPT,,no Adjusted P-value columns in this combined_protein.tsv
P43535,GCN20,,no Adjusted P-value columns in this combined_protein.tsv
P43545,SNZ3,,no Adjusted P-value columns in this combined_protein.tsv
P43555,EMP47,,no Adjusted P-value columns in this combined_protein.tsv
P43556,RGD2,,no Adjusted P-value columns in this combined_protein.tsv
P43558,OTU1,,no Adjusted P-value columns in this combined_protein.tsv
P43560,LAM5,,no Adjusted P-value columns in this combined_protein.tsv
P43561,FET5,,no Adjusted P-value columns in this combined_protein.tsv
P43563,MOB2,,no Adjusted P-value columns in this combined_protein.tsv
P43564,MIL1,,no Adjusted P-value columns in this combined_protein.tsv
P43565,RIM15,,no Adjusted P-value columns in this combined_protein.tsv
P43568,CAK1,,no Adjusted P-value columns in this combined_protein.tsv
P43569,CAF16,,no Adjusted P-value columns in this combined_protein.tsv
P43573,BUD27,,no Adjusted P-value columns in this combined_protein.tsv
P43577,GNA1,,no Adjusted P-value columns in this combined_protein.tsv
P43579,IES1,,no Adjusted P-value columns in this combined_protein.tsv
P43582,WWM1,,no Adjusted P-value columns in this combined_protein.tsv
P43583,BLM10,,no Adjusted P-value columns in this combined_protein.tsv
P43585,VTC2,,no Adjusted P-value columns in this combined_protein.tsv
P43586,LOC1,,no Adjusted P-value columns in this combined_protein.tsv
P43587,YPI1,,no Adjusted P-value columns in this combined_protein.tsv
P43588,RPN11,,no Adjusted P-value columns in this combined_protein.tsv
P43589,SAD1,,no Adjusted P-value columns in this combined_protein.tsv
P43590,YFR006W,,no Adjusted P-value columns in this combined_protein.tsv
P43591,YFH7,,no Adjusted P-value columns in this combined_protein.tsv
P43593,UBP6,,no Adjusted P-value columns in this combined_protein.tsv
P43594,MIC19,,no Adjusted P-value columns in this combined_protein.tsv
P43596,IOC3,,no Adjusted P-value columns in this combined_protein.tsv
P43597,AIP5,,no Adjusted P-value columns in this combined_protein.tsv
P43598,IGD1,,no Adjusted P-value columns in this combined_protein.tsv
P43599,YFR018C,,no Adjusted P-value columns in this combined_protein.tsv
P43601,ATG18,,no Adjusted P-value columns in this combined_protein.tsv
P43603,LSB3,,no Adjusted P-value columns in this combined_protein.tsv
P43609,RSC8,,no Adjusted P-value columns in this combined_protein.tsv
P43611,OSW7,,no Adjusted P-value columns in this combined_protein.tsv
P43612,SAP155,,no Adjusted P-value columns in this combined_protein.tsv
P43613,ERJ5,,no Adjusted P-value columns in this combined_protein.tsv
P43616,DUG1,,no Adjusted P-value columns in this combined_protein.tsv
P43619,BNA6,,no Adjusted P-value columns in this combined_protein.tsv
P43620,RMD8,,no Adjusted P-value columns in this combined_protein.tsv
P43621,RET2,,no Adjusted P-value columns in this combined_protein.tsv
P43636,ALG2,,no Adjusted P-value columns in this combined_protein.tsv
P43638,MHP1,,no Adjusted P-value columns in this combined_protein.tsv
P43639,CKB1,,no Adjusted P-value columns in this combined_protein.tsv
P43672,uup,,no Adjusted P-value columns in this combined_protein.tsv
P43686,PSMC4,,no Adjusted P-value columns in this combined_protein.tsv
P43897,TSFM,,no Adjusted P-value columns in this combined_protein.tsv
P45395,kdsD,,no Adjusted P-value columns in this combined_protein.tsv
P45425,nanK,,no Adjusted P-value columns in this combined_protein.tsv
P45470,yhbO,,no Adjusted P-value columns in this combined_protein.tsv
P45523,fkpA,,no Adjusted P-value columns in this combined_protein.tsv
P45548,php,,no Adjusted P-value columns in this combined_protein.tsv
P45577,proQ,,no Adjusted P-value columns in this combined_protein.tsv
P45748,tsaC,,no Adjusted P-value columns in this combined_protein.tsv
P45799,nudE,,no Adjusted P-value columns in this combined_protein.tsv
P45818,ROK1,,no Adjusted P-value columns in this combined_protein.tsv
P45880,VDAC2,,no Adjusted P-value columns in this combined_protein.tsv
P45954,ACADSB,,no Adjusted P-value columns in this combined_protein.tsv
P45955,cpoB,,no Adjusted P-value columns in this combined_protein.tsv
P45973,CBX5,,no Adjusted P-value columns in this combined_protein.tsv
P45974,USP5,,no Adjusted P-value columns in this combined_protein.tsv
P45976,FIP1,,no Adjusted P-value columns in this combined_protein.tsv
P45978,SCD6,,no Adjusted P-value columns in this combined_protein.tsv
P45983,MAPK8,,no Adjusted P-value columns in this combined_protein.tsv
P46013,MKI67,,no Adjusted P-value columns in this combined_protein.tsv
P46019,PHKA2,,no Adjusted P-value columns in this combined_protein.tsv
P46060,RANGAP1,,no Adjusted P-value columns in this combined_protein.tsv
P46063,RECQL,,no Adjusted P-value columns in this combined_protein.tsv
P46087,NOP2,,no Adjusted P-value columns in this combined_protein.tsv
P46108,CRK,,no Adjusted P-value columns in this combined_protein.tsv
P46109,CRKL,,no Adjusted P-value columns in this combined_protein.tsv
P46151,MET12,,no Adjusted P-value columns in this combined_protein.tsv
P46199,MTIF2,,no Adjusted P-value columns in this combined_protein.tsv
P46367,ALD4,,no Adjusted P-value columns in this combined_protein.tsv
P46379,BAG6,,no Adjusted P-value columns in this combined_protein.tsv
P46459,NSF,,no Adjusted P-value columns in this combined_protein.tsv
P46654,RPS0B,,no Adjusted P-value columns in this combined_protein.tsv
P46655,GUS1,,no Adjusted P-value columns in this combined_protein.tsv
P46669,RPA43,,no Adjusted P-value columns in this combined_protein.tsv
P46670,CIN2,,no Adjusted P-value columns in this combined_protein.tsv
P46672,ARC1,,no Adjusted P-value columns in this combined_protein.tsv
P46673,NUP85,,no Adjusted P-value columns in this combined_protein.tsv
P46675,STU2,,no Adjusted P-value columns in this combined_protein.tsv
P46676,SUM1,,no Adjusted P-value columns in this combined_protein.tsv
P46677,TAF1,,no Adjusted P-value columns in this combined_protein.tsv
P46680,AIP1,,no Adjusted P-value columns in this combined_protein.tsv
P46681,DLD2,,no Adjusted P-value columns in this combined_protein.tsv
P46682,APL6,,no Adjusted P-value columns in this combined_protein.tsv
P46683,YAR1,,no Adjusted P-value columns in this combined_protein.tsv
P46736,BRCC3,,no Adjusted P-value columns in this combined_protein.tsv
P46776,RPL27A,,no Adjusted P-value columns in this combined_protein.tsv
P46777,RPL5,,no Adjusted P-value columns in this combined_protein.tsv
P46778,RPL21,,no Adjusted P-value columns in this combined_protein.tsv
P46779,RPL28,,no Adjusted P-value columns in this combined_protein.tsv
P46781,RPS9,,no Adjusted P-value columns in this combined_protein.tsv
P46782,RPS5,,no Adjusted P-value columns in this combined_protein.tsv
P46783,RPS10,,no Adjusted P-value columns in this combined_protein.tsv
P46784,RPS10B,,no Adjusted P-value columns in this combined_protein.tsv
P46821,MAP1B,,no Adjusted P-value columns in this combined_protein.tsv
P46837,yhgF,,no Adjusted P-value columns in this combined_protein.tsv
P46852,yhhW,,no Adjusted P-value columns in this combined_protein.tsv
P46853,yhhX,,no Adjusted P-value columns in this combined_protein.tsv
P46926,GNPDA1,,no Adjusted P-value columns in this combined_protein.tsv
P46934,NEDD4,,no Adjusted P-value columns in this combined_protein.tsv
P46940,IQGAP1,,no Adjusted P-value columns in this combined_protein.tsv
P46947,BUD13,,no Adjusted P-value columns in this combined_protein.tsv
P46948,SKI6,,no Adjusted P-value columns in this combined_protein.tsv
P46949,FYV8,,no Adjusted P-value columns in this combined_protein.tsv
P46951,YPP1,,no Adjusted P-value columns in this combined_protein.tsv
P46956,PHO86,,no Adjusted P-value columns in this combined_protein.tsv
P46957,POL31,,no Adjusted P-value columns in this combined_protein.tsv
P46959,GCD14,,no Adjusted P-value columns in this combined_protein.tsv
P46962,CTK2,,no Adjusted P-value columns in this combined_protein.tsv
P46963,CTK3,,no Adjusted P-value columns in this combined_protein.tsv
P46964,OST2,,no Adjusted P-value columns in this combined_protein.tsv
P46965,SPC1,,no Adjusted P-value columns in this combined_protein.tsv
P46969,RPE1,,no Adjusted P-value columns in this combined_protein.tsv
P46970,NMD5,,no Adjusted P-value columns in this combined_protein.tsv
P46971,PMT4,,no Adjusted P-value columns in this combined_protein.tsv
P46974,RSF2,,no Adjusted P-value columns in this combined_protein.tsv
P46976,GYG1,,no Adjusted P-value columns in this combined_protein.tsv
P46977,STT3A,,no Adjusted P-value columns in this combined_protein.tsv
P46982,MNN5,,no Adjusted P-value columns in this combined_protein.tsv
P46984,GON7,,no Adjusted P-value columns in this combined_protein.tsv
P46985,MNN11,,no Adjusted P-value columns in this combined_protein.tsv
P46988,PFD1,,no Adjusted P-value columns in this combined_protein.tsv
P46989,ATG27,,no Adjusted P-value columns in this combined_protein.tsv
P46990,RPL17B,,no Adjusted P-value columns in this combined_protein.tsv
P46992,TOH1,,no Adjusted P-value columns in this combined_protein.tsv
P46995,SET2,,no Adjusted P-value columns in this combined_protein.tsv
P47006,RPA34,,no Adjusted P-value columns in this combined_protein.tsv
P47008,SFH5,,no Adjusted P-value columns in this combined_protein.tsv
P47013,LCB3,,no Adjusted P-value columns in this combined_protein.tsv
P47017,LSM1,,no Adjusted P-value columns in this combined_protein.tsv
P47018,MTC1,,no Adjusted P-value columns in this combined_protein.tsv
P47019,ALB1,,no Adjusted P-value columns in this combined_protein.tsv
P47025,MDV1,,no Adjusted P-value columns in this combined_protein.tsv
P47031,IML2,,no Adjusted P-value columns in this combined_protein.tsv
P47032,PRY1,,no Adjusted P-value columns in this combined_protein.tsv
P47033,PRY3,,no Adjusted P-value columns in this combined_protein.tsv
P47035,NET1,,no Adjusted P-value columns in this combined_protein.tsv
P47037,SMC3,,no Adjusted P-value columns in this combined_protein.tsv
P47039,BNA3,,no Adjusted P-value columns in this combined_protein.tsv
P47044,YJL055W,,no Adjusted P-value columns in this combined_protein.tsv
P47045,TIM54,,no Adjusted P-value columns in this combined_protein.tsv
P47047,MTR4,,no Adjusted P-value columns in this combined_protein.tsv
P47048,YJL049W,,no Adjusted P-value columns in this combined_protein.tsv
P47054,NUP192,,no Adjusted P-value columns in this combined_protein.tsv
P47057,SNX4,,no Adjusted P-value columns in this combined_protein.tsv
P47061,VPS53,,no Adjusted P-value columns in this combined_protein.tsv
P47064,APS3,,no Adjusted P-value columns in this combined_protein.tsv
P47068,BBC1,,no Adjusted P-value columns in this combined_protein.tsv
P47075,VTC4,,no Adjusted P-value columns in this combined_protein.tsv
P47076,RPC17,,no Adjusted P-value columns in this combined_protein.tsv
P47077,NOP9,,no Adjusted P-value columns in this combined_protein.tsv
P47079,CCT8,,no Adjusted P-value columns in this combined_protein.tsv
P47082,AVT1,,no Adjusted P-value columns in this combined_protein.tsv
P47083,MPP10,,no Adjusted P-value columns in this combined_protein.tsv
P47085,MHO1,,no Adjusted P-value columns in this combined_protein.tsv
P47086,YJR011C,,no Adjusted P-value columns in this combined_protein.tsv
P47089,TMA22,,no Adjusted P-value columns in this combined_protein.tsv
P47093,LSM8,,no Adjusted P-value columns in this combined_protein.tsv
P47095,MDE1,,no Adjusted P-value columns in this combined_protein.tsv
P47096,BNA1,,no Adjusted P-value columns in this combined_protein.tsv
P47102,GEA1,,no Adjusted P-value columns in this combined_protein.tsv
P47103,CPR7,,no Adjusted P-value columns in this combined_protein.tsv
P47104,RAV1,,no Adjusted P-value columns in this combined_protein.tsv
P47108,URB2,,no Adjusted P-value columns in this combined_protein.tsv
P47112,TAH11,,no Adjusted P-value columns in this combined_protein.tsv
P47116,PTK2,,no Adjusted P-value columns in this combined_protein.tsv
P47117,ARP3,,no Adjusted P-value columns in this combined_protein.tsv
P47118,YAE1,,no Adjusted P-value columns in this combined_protein.tsv
P47119,HAM1,,no Adjusted P-value columns in this combined_protein.tsv
P47120,LIA1,,no Adjusted P-value columns in this combined_protein.tsv
P47122,NPA3,,no Adjusted P-value columns in this combined_protein.tsv
P47123,MOG1,,no Adjusted P-value columns in this combined_protein.tsv
P47124,HOC1,,no Adjusted P-value columns in this combined_protein.tsv
P47127,AIM24,,no Adjusted P-value columns in this combined_protein.tsv
P47130,CSN12,,no Adjusted P-value columns in this combined_protein.tsv
P47133,EMC2,,no Adjusted P-value columns in this combined_protein.tsv
P47135,JSN1,,no Adjusted P-value columns in this combined_protein.tsv
P47137,YJR096W,,no Adjusted P-value columns in this combined_protein.tsv
P47141,RSM26,,no Adjusted P-value columns in this combined_protein.tsv
P47142,VPS25,,no Adjusted P-value columns in this combined_protein.tsv
P47143,ADO1,,no Adjusted P-value columns in this combined_protein.tsv
P47149,NNF1,,no Adjusted P-value columns in this combined_protein.tsv
P47150,RSM7,,no Adjusted P-value columns in this combined_protein.tsv
P47154,STE24,,no Adjusted P-value columns in this combined_protein.tsv
P47160,ENT3,,no Adjusted P-value columns in this combined_protein.tsv
P47164,STR2,,no Adjusted P-value columns in this combined_protein.tsv
P47165,XPT1,,no Adjusted P-value columns in this combined_protein.tsv
P47166,SGM1,,no Adjusted P-value columns in this combined_protein.tsv
P47169,MET5,,no Adjusted P-value columns in this combined_protein.tsv
P47170,IML1,,no Adjusted P-value columns in this combined_protein.tsv
P47173,YJR142W,,no Adjusted P-value columns in this combined_protein.tsv
P47176,BAT2,,no Adjusted P-value columns in this combined_protein.tsv
P47190,PMT3,,no Adjusted P-value columns in this combined_protein.tsv
P47224,RABIF,,no Adjusted P-value columns in this combined_protein.tsv
P47736,RAP1GAP,,no Adjusted P-value columns in this combined_protein.tsv
P47755,CAPZA2,,no Adjusted P-value columns in this combined_protein.tsv
P47756,CAPZB,,no Adjusted P-value columns in this combined_protein.tsv
P47771,ALD2,,no Adjusted P-value columns in this combined_protein.tsv
P47813,EIF1AX,,no Adjusted P-value columns in this combined_protein.tsv
P47818,CCC1,,no Adjusted P-value columns in this combined_protein.tsv
P47822,SRB7,,no Adjusted P-value columns in this combined_protein.tsv
P47897,QARS1,,no Adjusted P-value columns in this combined_protein.tsv
P47912,FAA4,,no Adjusted P-value columns in this combined_protein.tsv
P47914,RPL29,,no Adjusted P-value columns in this combined_protein.tsv
P47974,ZFP36L2,,no Adjusted P-value columns in this combined_protein.tsv
P47985,UQCRFS1,,no Adjusted P-value columns in this combined_protein.tsv
P48015,GCV1,,no Adjusted P-value columns in this combined_protein.tsv
P48047,ATP5PO,,no Adjusted P-value columns in this combined_protein.tsv
P48059,LIMS1,,no Adjusted P-value columns in this combined_protein.tsv
P48147,PREP,,no Adjusted P-value columns in this combined_protein.tsv
P48163,ME1,,no Adjusted P-value columns in this combined_protein.tsv
P48164,RPS7B,,no Adjusted P-value columns in this combined_protein.tsv
P48200,IREB2,,no Adjusted P-value columns in this combined_protein.tsv
P48231,TCB2,,no Adjusted P-value columns in this combined_protein.tsv
P48234,ENP2,,no Adjusted P-value columns in this combined_protein.tsv
P48236,GPC1,,no Adjusted P-value columns in this combined_protein.tsv
P48240,MTR3,,no Adjusted P-value columns in this combined_protein.tsv
P48353,HLJ1,,no Adjusted P-value columns in this combined_protein.tsv
P48360,ARH1,,no Adjusted P-value columns in this combined_protein.tsv
P48361,ASK10,,no Adjusted P-value columns in this combined_protein.tsv
P48362,HGH1,,no Adjusted P-value columns in this combined_protein.tsv
P48363,PAC10,,no Adjusted P-value columns in this combined_protein.tsv
P48365,GYP7,,no Adjusted P-value columns in this combined_protein.tsv
P48412,UPF3,,no Adjusted P-value columns in this combined_protein.tsv
P48415,SEC16,,no Adjusted P-value columns in this combined_protein.tsv
P48426,PIP4K2A,,no Adjusted P-value columns in this combined_protein.tsv
P48439,OST3,,no Adjusted P-value columns in this combined_protein.tsv
P48444,ARCN1,,no Adjusted P-value columns in this combined_protein.tsv
P48445,BPL1,,no Adjusted P-value columns in this combined_protein.tsv
P48449,LSS,,no Adjusted P-value columns in this combined_protein.tsv
P48454,PPP3CC,,no Adjusted P-value columns in this combined_protein.tsv
P48506,GCLC,,no Adjusted P-value columns in this combined_protein.tsv
P48507,GCLM,,no Adjusted P-value columns in this combined_protein.tsv
P48510,DSK2,,no Adjusted P-value columns in this combined_protein.tsv
P48524,BUL1,,no Adjusted P-value columns in this combined_protein.tsv
P48556,PSMD8,,no Adjusted P-value columns in this combined_protein.tsv
P48558,BXI1,,no Adjusted P-value columns in this combined_protein.tsv
P48562,CLA4,,no Adjusted P-value columns in this combined_protein.tsv
P48563,MON2,,no Adjusted P-value columns in this combined_protein.tsv
P48566,MSB3,,no Adjusted P-value columns in this combined_protein.tsv
P48567,PUS4,,no Adjusted P-value columns in this combined_protein.tsv
P48570,LYS20,,no Adjusted P-value columns in this combined_protein.tsv
P48582,BRO1,,no Adjusted P-value columns in this combined_protein.tsv
P48589,RPS12,,no Adjusted P-value columns in this combined_protein.tsv
P48606,RBL2,,no Adjusted P-value columns in this combined_protein.tsv
P48634,PRRC2A,,no Adjusted P-value columns in this combined_protein.tsv
P48637,GSS,,no Adjusted P-value columns in this combined_protein.tsv
P48643,CCT5,,no Adjusted P-value columns in this combined_protein.tsv
P48681,NES,,no Adjusted P-value columns in this combined_protein.tsv
P48729,CSNK1A1,,no Adjusted P-value columns in this combined_protein.tsv
P48730,CSNK1D,,no Adjusted P-value columns in this combined_protein.tsv
P48735,IDH2,,no Adjusted P-value columns in this combined_protein.tsv
P48739,PITPNB,,no Adjusted P-value columns in this combined_protein.tsv
P48813,GNP1,,no Adjusted P-value columns in this combined_protein.tsv
P48836,VMA10,,no Adjusted P-value columns in this combined_protein.tsv
P48837,NUP57,,no Adjusted P-value columns in this combined_protein.tsv
P49005,POLD2,,no Adjusted P-value columns in this combined_protein.tsv
P49006,MARCKSL1,,no Adjusted P-value columns in this combined_protein.tsv
P49017,COQ5,,no Adjusted P-value columns in this combined_protein.tsv
P49018,GPI8,,no Adjusted P-value columns in this combined_protein.tsv
P49023,PXN,,no Adjusted P-value columns in this combined_protein.tsv
P49089,ASN1,,no Adjusted P-value columns in this combined_protein.tsv
P49090,ASN2,,no Adjusted P-value columns in this combined_protein.tsv
P49095,GCV2,,no Adjusted P-value columns in this combined_protein.tsv
P49137,MAPKAPK2,,no Adjusted P-value columns in this combined_protein.tsv
P49166,RPL37A,,no Adjusted P-value columns in this combined_protein.tsv
P49167,RPL38,,no Adjusted P-value columns in this combined_protein.tsv
P49189,ALDH9A1,,no Adjusted P-value columns in this combined_protein.tsv
P49207,RPL34,,no Adjusted P-value columns in this combined_protein.tsv
P49247,RPIA,,no Adjusted P-value columns in this combined_protein.tsv
P49257,LMAN1,,no Adjusted P-value columns in this combined_protein.tsv
P49321,NASP,,no Adjusted P-value columns in this combined_protein.tsv
P49327,FASN,,no Adjusted P-value columns in this combined_protein.tsv
P49334,TOM22,,no Adjusted P-value columns in this combined_protein.tsv
P49354,FNTA,,no Adjusted P-value columns in this combined_protein.tsv
P49356,FNTB,,no Adjusted P-value columns in this combined_protein.tsv
P49366,DHPS,,no Adjusted P-value columns in this combined_protein.tsv
P49367,LYS4,,no Adjusted P-value columns in this combined_protein.tsv
P49368,CCT3,,no Adjusted P-value columns in this combined_protein.tsv
P49406,MRPL19,,no Adjusted P-value columns in this combined_protein.tsv
P49407,ARRB1,,no Adjusted P-value columns in this combined_protein.tsv
P49411,TUFM,,no Adjusted P-value columns in this combined_protein.tsv
P49427,CDC34,,no Adjusted P-value columns in this combined_protein.tsv
P49435,APT1,,no Adjusted P-value columns in this combined_protein.tsv
P49441,INPP1,,no Adjusted P-value columns in this combined_protein.tsv
P49448,GLUD2,,no Adjusted P-value columns in this combined_protein.tsv
P49454,CENPF,,no Adjusted P-value columns in this combined_protein.tsv
P49458,SRP9,,no Adjusted P-value columns in this combined_protein.tsv
P49459,UBE2A,,no Adjusted P-value columns in this combined_protein.tsv
P49573,CTR1,,no Adjusted P-value columns in this combined_protein.tsv
P49585,PCYT1A,,no Adjusted P-value columns in this combined_protein.tsv
P49588,AARS1,,no Adjusted P-value columns in this combined_protein.tsv
P49589,CARS1,,no Adjusted P-value columns in this combined_protein.tsv
P49590,HARS2,,no Adjusted P-value columns in this combined_protein.tsv
P49591,SARS1,,no Adjusted P-value columns in this combined_protein.tsv
P49593,PPM1F,,no Adjusted P-value columns in this combined_protein.tsv
P49626,RPL4B,,no Adjusted P-value columns in this combined_protein.tsv
P49642,PRIM1,,no Adjusted P-value columns in this combined_protein.tsv
P49643,PRIM2,,no Adjusted P-value columns in this combined_protein.tsv
P49675,STAR,,no Adjusted P-value columns in this combined_protein.tsv
P49686,NUP42,,no Adjusted P-value columns in this combined_protein.tsv
P49687,NUP145,,no Adjusted P-value columns in this combined_protein.tsv
P49711,CTCF,,no Adjusted P-value columns in this combined_protein.tsv
P49720,PSMB3,,no Adjusted P-value columns in this combined_protein.tsv
P49721,PSMB2,,no Adjusted P-value columns in this combined_protein.tsv
P49723,RNR4,,no Adjusted P-value columns in this combined_protein.tsv
P49736,MCM2,,no Adjusted P-value columns in this combined_protein.tsv
P49748,ACADVL,,no Adjusted P-value columns in this combined_protein.tsv
P49750,YLPM1,,no Adjusted P-value columns in this combined_protein.tsv
P49754,VPS41,,no Adjusted P-value columns in this combined_protein.tsv
P49755,TMED10,,no Adjusted P-value columns in this combined_protein.tsv
P49756,RBM25,,no Adjusted P-value columns in this combined_protein.tsv
P49757,NUMB,,no Adjusted P-value columns in this combined_protein.tsv
P49770,EIF2B2,,no Adjusted P-value columns in this combined_protein.tsv
P49773,HINT1,,no Adjusted P-value columns in this combined_protein.tsv
P49775,HNT2,,no Adjusted P-value columns in this combined_protein.tsv
P49790,NUP153,,no Adjusted P-value columns in this combined_protein.tsv
P49792,RANBP2,,no Adjusted P-value columns in this combined_protein.tsv
P49821,NDUFV1,,no Adjusted P-value columns in this combined_protein.tsv
P49840,GSK3A,,no Adjusted P-value columns in this combined_protein.tsv
P49841,GSK3B,,no Adjusted P-value columns in this combined_protein.tsv
P49848,TAF6,,no Adjusted P-value columns in this combined_protein.tsv
P49902,NT5C2,,no Adjusted P-value columns in this combined_protein.tsv
P49903,SEPHS1,,no Adjusted P-value columns in this combined_protein.tsv
P49914,MTHFS,,no Adjusted P-value columns in this combined_protein.tsv
P49915,GMPS,,no Adjusted P-value columns in this combined_protein.tsv
P49916,LIG3,,no Adjusted P-value columns in this combined_protein.tsv
P49954,NIT3,,no Adjusted P-value columns in this combined_protein.tsv
P49956,CTF18,,no Adjusted P-value columns in this combined_protein.tsv
P49957,TRM9,,no Adjusted P-value columns in this combined_protein.tsv
P49959,MRE11,,no Adjusted P-value columns in this combined_protein.tsv
P50085,PHB2,,no Adjusted P-value columns in this combined_protein.tsv
P50086,NAS6,,no Adjusted P-value columns in this combined_protein.tsv
P50087,MIC26,,no Adjusted P-value columns in this combined_protein.tsv
P50088,SPG1,,no Adjusted P-value columns in this combined_protein.tsv
P50089,YGR237C,,no Adjusted P-value columns in this combined_protein.tsv
P50094,IMD4,,no Adjusted P-value columns in this combined_protein.tsv
P50095,IMD3,,no Adjusted P-value columns in this combined_protein.tsv
P50101,UBP15,,no Adjusted P-value columns in this combined_protein.tsv
P50105,TAF4,,no Adjusted P-value columns in this combined_protein.tsv
P50106,RPA14,,no Adjusted P-value columns in this combined_protein.tsv
P50107,GLO1,,no Adjusted P-value columns in this combined_protein.tsv
P50108,MNN10,,no Adjusted P-value columns in this combined_protein.tsv
P50109,PSP2,,no Adjusted P-value columns in this combined_protein.tsv
P50110,SAM37,,no Adjusted P-value columns in this combined_protein.tsv
P50111,ZDS1,,no Adjusted P-value columns in this combined_protein.tsv
P50148,GNAQ,,no Adjusted P-value columns in this combined_protein.tsv
P50213,IDH3A,,no Adjusted P-value columns in this combined_protein.tsv
P50225,SULT1A1,,no Adjusted P-value columns in this combined_protein.tsv
P50264,FMS1,,no Adjusted P-value columns in this combined_protein.tsv
P50278,SOL1,,no Adjusted P-value columns in this combined_protein.tsv
P50336,PPOX,,no Adjusted P-value columns in this combined_protein.tsv
P50395,GDI2,,no Adjusted P-value columns in this combined_protein.tsv
P50402,EMD,,no Adjusted P-value columns in this combined_protein.tsv
P50416,CPT1A,,no Adjusted P-value columns in this combined_protein.tsv
P50453,SERPINB9,,no Adjusted P-value columns in this combined_protein.tsv
P50454,SERPINH1,,no Adjusted P-value columns in this combined_protein.tsv
P50457,puuE,,no Adjusted P-value columns in this combined_protein.tsv
P50479,PDLIM4,,no Adjusted P-value columns in this combined_protein.tsv
P50502,ST13,,no Adjusted P-value columns in this combined_protein.tsv
P50542,PEX5,,no Adjusted P-value columns in this combined_protein.tsv
P50552,VASP,,no Adjusted P-value columns in this combined_protein.tsv
P50570,DNM2,,no Adjusted P-value columns in this combined_protein.tsv
P50579,METAP2,,no Adjusted P-value columns in this combined_protein.tsv
P50583,NUDT2,,no Adjusted P-value columns in this combined_protein.tsv
P50613,CDK7,,no Adjusted P-value columns in this combined_protein.tsv
P50623,UBC9,,no Adjusted P-value columns in this combined_protein.tsv
P50747,HLCS,,no Adjusted P-value columns in this combined_protein.tsv
P50748,KNTC1,,no Adjusted P-value columns in this combined_protein.tsv
P50750,CDK9,,no Adjusted P-value columns in this combined_protein.tsv
P50851,LRBA,,no Adjusted P-value columns in this combined_protein.tsv
P50861,RIB4,,no Adjusted P-value columns in this combined_protein.tsv
P50896,PSP1,,no Adjusted P-value columns in this combined_protein.tsv
P50897,PPT1,,no Adjusted P-value columns in this combined_protein.tsv
P50914,RPL14,,no Adjusted P-value columns in this combined_protein.tsv
P50945,MIC27,,no Adjusted P-value columns in this combined_protein.tsv
P50946,OCA1,,no Adjusted P-value columns in this combined_protein.tsv
P50990,CCT8,,no Adjusted P-value columns in this combined_protein.tsv
P50991,CCT4,,no Adjusted P-value columns in this combined_protein.tsv
P50995,ANXA11,,no Adjusted P-value columns in this combined_protein.tsv
P51003,PAPOLA,,no Adjusted P-value columns in this combined_protein.tsv
P51024,yaiL,,no Adjusted P-value columns in this combined_protein.tsv
P51114,FXR1,,no Adjusted P-value columns in this combined_protein.tsv
P51116,FXR2,,no Adjusted P-value columns in this combined_protein.tsv
P51148,RAB5C,,no Adjusted P-value columns in this combined_protein.tsv
P51149,RAB7A,,no Adjusted P-value columns in this combined_protein.tsv
P51151,RAB9A,,no Adjusted P-value columns in this combined_protein.tsv
P51157,RAB28,,no Adjusted P-value columns in this combined_protein.tsv
P51159,RAB27A,,no Adjusted P-value columns in this combined_protein.tsv
P51178,PLCD1,,no Adjusted P-value columns in this combined_protein.tsv
P51397,DAP,,no Adjusted P-value columns in this combined_protein.tsv
P51398,DAP3,,no Adjusted P-value columns in this combined_protein.tsv
P51401,RPL9B,,no Adjusted P-value columns in this combined_protein.tsv
P51452,DUSP3,,no Adjusted P-value columns in this combined_protein.tsv
P51530,DNA2,,no Adjusted P-value columns in this combined_protein.tsv
P51531,SMARCA2,,no Adjusted P-value columns in this combined_protein.tsv
P51532,SMARCA4,,no Adjusted P-value columns in this combined_protein.tsv
P51534,SHE4,,no Adjusted P-value columns in this combined_protein.tsv
P51553,IDH3G,,no Adjusted P-value columns in this combined_protein.tsv
P51570,GALK1,,no Adjusted P-value columns in this combined_protein.tsv
P51571,SSR4,,no Adjusted P-value columns in this combined_protein.tsv
P51572,BCAP31,,no Adjusted P-value columns in this combined_protein.tsv
P51580,TPMT,,no Adjusted P-value columns in this combined_protein.tsv
P51601,FOL2,,no Adjusted P-value columns in this combined_protein.tsv
P51606,RENBP,,no Adjusted P-value columns in this combined_protein.tsv
P51608,MECP2,,no Adjusted P-value columns in this combined_protein.tsv
P51610,HCFC1,,no Adjusted P-value columns in this combined_protein.tsv
P51617,IRAK1,,no Adjusted P-value columns in this combined_protein.tsv
P51649,ALDH5A1,,no Adjusted P-value columns in this combined_protein.tsv
P51659,HSD17B4,,no Adjusted P-value columns in this combined_protein.tsv
P51665,PSMD7,,no Adjusted P-value columns in this combined_protein.tsv
P51668,UBE2D1,,no Adjusted P-value columns in this combined_protein.tsv
P51692,STAT5B,,no Adjusted P-value columns in this combined_protein.tsv
P51784,USP11,,no Adjusted P-value columns in this combined_protein.tsv
P51790,CLCN3,,no Adjusted P-value columns in this combined_protein.tsv
P51809,VAMP7,,no Adjusted P-value columns in this combined_protein.tsv
P51812,RPS6KA3,,no Adjusted P-value columns in this combined_protein.tsv
P51858,HDGF,,no Adjusted P-value columns in this combined_protein.tsv
P51946,CCNH,,no Adjusted P-value columns in this combined_protein.tsv
P51948,MNAT1,,no Adjusted P-value columns in this combined_protein.tsv
P51965,UBE2E1,,no Adjusted P-value columns in this combined_protein.tsv
P51970,NDUFA8,,no Adjusted P-value columns in this combined_protein.tsv
P51981,ycjG,,no Adjusted P-value columns in this combined_protein.tsv
P51991,HNRNPA3,,no Adjusted P-value columns in this combined_protein.tsv
P51996,YPT32,,no Adjusted P-value columns in this combined_protein.tsv
P51998,YML6,,no Adjusted P-value columns in this combined_protein.tsv
P52007,yecM,,no Adjusted P-value columns in this combined_protein.tsv
P52037,ygfF,,no Adjusted P-value columns in this combined_protein.tsv
P52061,rdgB,,no Adjusted P-value columns in this combined_protein.tsv
P52095,ldcC,,no Adjusted P-value columns in this combined_protein.tsv
P52209,PGD,,no Adjusted P-value columns in this combined_protein.tsv
P52272,HNRNPM,,no Adjusted P-value columns in this combined_protein.tsv
P52286,SKP1,,no Adjusted P-value columns in this combined_protein.tsv
P52292,KPNA2,,no Adjusted P-value columns in this combined_protein.tsv
P52294,KPNA1,,no Adjusted P-value columns in this combined_protein.tsv
P52298,NCBP2,,no Adjusted P-value columns in this combined_protein.tsv
P52306,RAP1GDS1,,no Adjusted P-value columns in this combined_protein.tsv
P52434,POLR2H,,no Adjusted P-value columns in this combined_protein.tsv
P52435,POLR2J,,no Adjusted P-value columns in this combined_protein.tsv
P52488,UBA2,,no Adjusted P-value columns in this combined_protein.tsv
P52489,PYK2,,no Adjusted P-value columns in this combined_protein.tsv
P52490,UBC13,,no Adjusted P-value columns in this combined_protein.tsv
P52553,YKE2,,no Adjusted P-value columns in this combined_protein.tsv
P52565,ARHGDIA,,no Adjusted P-value columns in this combined_protein.tsv
P52566,ARHGDIB,,no Adjusted P-value columns in this combined_protein.tsv
P52593,NUP188,,no Adjusted P-value columns in this combined_protein.tsv
P52594,AGFG1,,no Adjusted P-value columns in this combined_protein.tsv
P52597,HNRNPF,,no Adjusted P-value columns in this combined_protein.tsv
P52630,STAT2,,no Adjusted P-value columns in this combined_protein.tsv
P52643,ldhA,,no Adjusted P-value columns in this combined_protein.tsv
P52655,GTF2A1,,no Adjusted P-value columns in this combined_protein.tsv
P52657,GTF2A2,,no Adjusted P-value columns in this combined_protein.tsv
P52697,pgl,,no Adjusted P-value columns in this combined_protein.tsv
P52701,MSH6,,no Adjusted P-value columns in this combined_protein.tsv
P52732,KIF11,,no Adjusted P-value columns in this combined_protein.tsv
P52739,ZBTB35,,no Adjusted P-value columns in this combined_protein.tsv
P52747,ZNF143,,no Adjusted P-value columns in this combined_protein.tsv
P52756,RBM5,,no Adjusted P-value columns in this combined_protein.tsv
P52758,RIDA,,no Adjusted P-value columns in this combined_protein.tsv
P52788,SMS,,no Adjusted P-value columns in this combined_protein.tsv
P52789,HK2,,no Adjusted P-value columns in this combined_protein.tsv
P52815,MRPL12,,no Adjusted P-value columns in this combined_protein.tsv
P52867,PMT5,,no Adjusted P-value columns in this combined_protein.tsv
P52870,SBH1,,no Adjusted P-value columns in this combined_protein.tsv
P52871,SBH2,,no Adjusted P-value columns in this combined_protein.tsv
P52888,THOP1,,no Adjusted P-value columns in this combined_protein.tsv
P52891,NUP84,,no Adjusted P-value columns in this combined_protein.tsv
P52893,ALT1,,no Adjusted P-value columns in this combined_protein.tsv
P52895,AKR1C2,,no Adjusted P-value columns in this combined_protein.tsv
P52907,CAPZA1,,no Adjusted P-value columns in this combined_protein.tsv
P52910,ACS2,,no Adjusted P-value columns in this combined_protein.tsv
P52911,EXG2,,no Adjusted P-value columns in this combined_protein.tsv
P52917,VPS4,,no Adjusted P-value columns in this combined_protein.tsv
P52918,MSN5,,no Adjusted P-value columns in this combined_protein.tsv
P52920,NBP35,,no Adjusted P-value columns in this combined_protein.tsv
P52923,AIF1,,no Adjusted P-value columns in this combined_protein.tsv
P52948,NUP98,,no Adjusted P-value columns in this combined_protein.tsv
P53004,BLVRA,,no Adjusted P-value columns in this combined_protein.tsv
P53007,SLC25A1,,no Adjusted P-value columns in this combined_protein.tsv
P53008,CWH41,,no Adjusted P-value columns in this combined_protein.tsv
P53009,SCY1,,no Adjusted P-value columns in this combined_protein.tsv
P53010,PAN2,,no Adjusted P-value columns in this combined_protein.tsv
P53011,SEH1,,no Adjusted P-value columns in this combined_protein.tsv
P53012,SCS3,,no Adjusted P-value columns in this combined_protein.tsv
P53037,PSD2,,no Adjusted P-value columns in this combined_protein.tsv
P53039,YIP1,,no Adjusted P-value columns in this combined_protein.tsv
P53040,TAF6,,no Adjusted P-value columns in this combined_protein.tsv
P53041,PPP5C,,no Adjusted P-value columns in this combined_protein.tsv
P53043,PPT1,,no Adjusted P-value columns in this combined_protein.tsv
P53044,UFD1,,no Adjusted P-value columns in this combined_protein.tsv
P53045,ERG25,,no Adjusted P-value columns in this combined_protein.tsv
P53049,YOR1,,no Adjusted P-value columns in this combined_protein.tsv
P53063,RAI1,,no Adjusted P-value columns in this combined_protein.tsv
P53064,RTF1,,no Adjusted P-value columns in this combined_protein.tsv
P53066,YGL242C,,no Adjusted P-value columns in this combined_protein.tsv
P53067,KAP114,,no Adjusted P-value columns in this combined_protein.tsv
P53072,TAN1,,no Adjusted P-value columns in this combined_protein.tsv
P53073,EMC4,,no Adjusted P-value columns in this combined_protein.tsv
P53075,SHE10,,no Adjusted P-value columns in this combined_protein.tsv
P53076,VID30,,no Adjusted P-value columns in this combined_protein.tsv
P53079,COG1,,no Adjusted P-value columns in this combined_protein.tsv
P53081,NIF3,,no Adjusted P-value columns in this combined_protein.tsv
P53082,BOL2,,no Adjusted P-value columns in this combined_protein.tsv
P53090,ARO8,,no Adjusted P-value columns in this combined_protein.tsv
P53091,MCM6,,no Adjusted P-value columns in this combined_protein.tsv
P53093,YIP4,,no Adjusted P-value columns in this combined_protein.tsv
P53094,MDS3,,no Adjusted P-value columns in this combined_protein.tsv
P53095,DSD1,,no Adjusted P-value columns in this combined_protein.tsv
P53100,YGL185C,,no Adjusted P-value columns in this combined_protein.tsv
P53104,ATG1,,no Adjusted P-value columns in this combined_protein.tsv
P53107,YRB30,,no Adjusted P-value columns in this combined_protein.tsv
P53108,YIP5,,no Adjusted P-value columns in this combined_protein.tsv
P53109,AIM14,,no Adjusted P-value columns in this combined_protein.tsv
P53110,YGL159W,,no Adjusted P-value columns in this combined_protein.tsv
P53111,ARI1,,no Adjusted P-value columns in this combined_protein.tsv
P53112,PEX14,,no Adjusted P-value columns in this combined_protein.tsv
P53114,NUT1,,no Adjusted P-value columns in this combined_protein.tsv
P53115,INO80,,no Adjusted P-value columns in this combined_protein.tsv
P53119,HUL5,,no Adjusted P-value columns in this combined_protein.tsv
P53120,YGL140C,,no Adjusted P-value columns in this combined_protein.tsv
P53121,FLC3,,no Adjusted P-value columns in this combined_protein.tsv
P53125,ITC1,,no Adjusted P-value columns in this combined_protein.tsv
P53128,MET13,,no Adjusted P-value columns in this combined_protein.tsv
P53129,MON1,,no Adjusted P-value columns in this combined_protein.tsv
P53130,GPG1,,no Adjusted P-value columns in this combined_protein.tsv
P53131,PRP43,,no Adjusted P-value columns in this combined_protein.tsv
P53136,NSA1,,no Adjusted P-value columns in this combined_protein.tsv
P53137,CUE3,,no Adjusted P-value columns in this combined_protein.tsv
P53139,YGL108C,,no Adjusted P-value columns in this combined_protein.tsv
P53140,RMD9,,no Adjusted P-value columns in this combined_protein.tsv
P53141,MLC1,,no Adjusted P-value columns in this combined_protein.tsv
P53144,YGK1,,no Adjusted P-value columns in this combined_protein.tsv
P53145,LSG1,,no Adjusted P-value columns in this combined_protein.tsv
P53146,USE1,,no Adjusted P-value columns in this combined_protein.tsv
P53152,MMS2,,no Adjusted P-value columns in this combined_protein.tsv
P53154,GUP1,,no Adjusted P-value columns in this combined_protein.tsv
P53155,YGL082W,,no Adjusted P-value columns in this combined_protein.tsv
P53157,MPC1,,no Adjusted P-value columns in this combined_protein.tsv
P53163,MNP1,,no Adjusted P-value columns in this combined_protein.tsv
P53164,NPY1,,no Adjusted P-value columns in this combined_protein.tsv
P53165,SGF73,,no Adjusted P-value columns in this combined_protein.tsv
P53168,DUO1,,no Adjusted P-value columns in this combined_protein.tsv
P53172,SDS23,,no Adjusted P-value columns in this combined_protein.tsv
P53173,ERV14,,no Adjusted P-value columns in this combined_protein.tsv
P53177,TYW3,,no Adjusted P-value columns in this combined_protein.tsv
P53178,ALG13,,no Adjusted P-value columns in this combined_protein.tsv
P53183,YGL039W,,no Adjusted P-value columns in this combined_protein.tsv
P53184,PNC1,,no Adjusted P-value columns in this combined_protein.tsv
P53189,SCW11,,no Adjusted P-value columns in this combined_protein.tsv
P53191,PIB2,,no Adjusted P-value columns in this combined_protein.tsv
P53192,GET1,,no Adjusted P-value columns in this combined_protein.tsv
P53193,JAC1,,no Adjusted P-value columns in this combined_protein.tsv
P53195,COG7,,no Adjusted P-value columns in this combined_protein.tsv
P53196,RPN14,,no Adjusted P-value columns in this combined_protein.tsv
P53199,ERG26,,no Adjusted P-value columns in this combined_protein.tsv
P53200,EFM5,,no Adjusted P-value columns in this combined_protein.tsv
P53201,SWC4,,no Adjusted P-value columns in this combined_protein.tsv
P53204,NMA2,,no Adjusted P-value columns in this combined_protein.tsv
P53206,MCY1,,no Adjusted P-value columns in this combined_protein.tsv
P53207,SNU71,,no Adjusted P-value columns in this combined_protein.tsv
P53210,YGR017W,,no Adjusted P-value columns in this combined_protein.tsv
P53215,THG1,,no Adjusted P-value columns in this combined_protein.tsv
P53217,YGR026W,,no Adjusted P-value columns in this combined_protein.tsv
P53220,TIM21,,no Adjusted P-value columns in this combined_protein.tsv
P53221,RPL26B,,no Adjusted P-value columns in this combined_protein.tsv
P53224,ORM1,,no Adjusted P-value columns in this combined_protein.tsv
P53228,NQM1,,no Adjusted P-value columns in this combined_protein.tsv
P53235,YGR054W,,no Adjusted P-value columns in this combined_protein.tsv
P53236,RSC1,,no Adjusted P-value columns in this combined_protein.tsv
P53250,TWF1,,no Adjusted P-value columns in this combined_protein.tsv
P53251,SLX9,,no Adjusted P-value columns in this combined_protein.tsv
P53252,PIL1,,no Adjusted P-value columns in this combined_protein.tsv
P53253,NNF2,,no Adjusted P-value columns in this combined_protein.tsv
P53254,UTP22,,no Adjusted P-value columns in this combined_protein.tsv
P53255,DRN1,,no Adjusted P-value columns in this combined_protein.tsv
P53256,RRP46,,no Adjusted P-value columns in this combined_protein.tsv
P53258,MDR1,,no Adjusted P-value columns in this combined_protein.tsv
P53261,NOP7,,no Adjusted P-value columns in this combined_protein.tsv
P53262,VOA1,,no Adjusted P-value columns in this combined_protein.tsv
P53265,YGR111W,,no Adjusted P-value columns in this combined_protein.tsv
P53267,DAM1,,no Adjusted P-value columns in this combined_protein.tsv
P53270,YGR117C,,no Adjusted P-value columns in this combined_protein.tsv
P53272,YGR122W,,no Adjusted P-value columns in this combined_protein.tsv
P53273,VSB1,,no Adjusted P-value columns in this combined_protein.tsv
P53274,YGR126W,,no Adjusted P-value columns in this combined_protein.tsv
P53275,YGR127W,,no Adjusted P-value columns in this combined_protein.tsv
P53276,UTP8,,no Adjusted P-value columns in this combined_protein.tsv
P53278,YGR130C,,no Adjusted P-value columns in this combined_protein.tsv
P53281,LSB1,,no Adjusted P-value columns in this combined_protein.tsv
P53290,GTR2,,no Adjusted P-value columns in this combined_protein.tsv
P53295,RBG2,,no Adjusted P-value columns in this combined_protein.tsv
P53297,PBP1,,no Adjusted P-value columns in this combined_protein.tsv
P53298,OKP1,,no Adjusted P-value columns in this combined_protein.tsv
P53299,TIM13,,no Adjusted P-value columns in this combined_protein.tsv
P53301,CRH1,,no Adjusted P-value columns in this combined_protein.tsv
P53303,ZPR1,,no Adjusted P-value columns in this combined_protein.tsv
P53309,YAP1802,,no Adjusted P-value columns in this combined_protein.tsv
P53312,LSC2,,no Adjusted P-value columns in this combined_protein.tsv
P53314,CPD1,,no Adjusted P-value columns in this combined_protein.tsv
P53315,SOL4,,no Adjusted P-value columns in this combined_protein.tsv
P53316,YGR250C,,no Adjusted P-value columns in this combined_protein.tsv
P53318,COQ6,,no Adjusted P-value columns in this combined_protein.tsv
P53319,GND2,,no Adjusted P-value columns in this combined_protein.tsv
P53323,BUD32,,no Adjusted P-value columns in this combined_protein.tsv
P53326,YGR266W,,no Adjusted P-value columns in this combined_protein.tsv
P53330,RTT102,,no Adjusted P-value columns in this combined_protein.tsv
P53331,RNH70,,no Adjusted P-value columns in this combined_protein.tsv
P53332,CAB4,,no Adjusted P-value columns in this combined_protein.tsv
P53333,CWC22,,no Adjusted P-value columns in this combined_protein.tsv
P53334,SCW4,,no Adjusted P-value columns in this combined_protein.tsv
P53336,YGR283C,,no Adjusted P-value columns in this combined_protein.tsv
P53337,ERV29,,no Adjusted P-value columns in this combined_protein.tsv
P53350,PLK1,,no Adjusted P-value columns in this combined_protein.tsv
P53365,ARFIP2,,no Adjusted P-value columns in this combined_protein.tsv
P53367,ARFIP1,,no Adjusted P-value columns in this combined_protein.tsv
P53379,MKC7,,no Adjusted P-value columns in this combined_protein.tsv
P53384,NUBP1,,no Adjusted P-value columns in this combined_protein.tsv
P53396,ACLY,,no Adjusted P-value columns in this combined_protein.tsv
P53438,SOK2,,no Adjusted P-value columns in this combined_protein.tsv
P53507,TOM7,,no Adjusted P-value columns in this combined_protein.tsv
P53538,SSU72,,no Adjusted P-value columns in this combined_protein.tsv
P53549,RPT4,,no Adjusted P-value columns in this combined_protein.tsv
P53550,DCP2,,no Adjusted P-value columns in this combined_protein.tsv
P53551,HHO1,,no Adjusted P-value columns in this combined_protein.tsv
P53552,THO2,,no Adjusted P-value columns in this combined_protein.tsv
P53582,METAP1,,no Adjusted P-value columns in this combined_protein.tsv
P53584,YTP1,,no Adjusted P-value columns in this combined_protein.tsv
P53597,SUCLG1,,no Adjusted P-value columns in this combined_protein.tsv
P53598,LSC1,,no Adjusted P-value columns in this combined_protein.tsv
P53599,SSK2,,no Adjusted P-value columns in this combined_protein.tsv
P53600,RET3,,no Adjusted P-value columns in this combined_protein.tsv
P53602,MVD,,no Adjusted P-value columns in this combined_protein.tsv
P53604,MSO1,,no Adjusted P-value columns in this combined_protein.tsv
P53611,RABGGTB,,no Adjusted P-value columns in this combined_protein.tsv
P53616,SUN4,,no Adjusted P-value columns in this combined_protein.tsv
P53617,NRD1,,no Adjusted P-value columns in this combined_protein.tsv
P53618,COPB1,,no Adjusted P-value columns in this combined_protein.tsv
P53621,COPA,,no Adjusted P-value columns in this combined_protein.tsv
P53622,COP1,,no Adjusted P-value columns in this combined_protein.tsv
P53628,SNF12,,no Adjusted P-value columns in this combined_protein.tsv
P53629,ARE2,,no Adjusted P-value columns in this combined_protein.tsv
P53632,PAP2,,no Adjusted P-value columns in this combined_protein.tsv
P53633,YIP3,,no Adjusted P-value columns in this combined_protein.tsv
P53634,CTSC,,no Adjusted P-value columns in this combined_protein.tsv
P53680,AP2S1,,no Adjusted P-value columns in this combined_protein.tsv
P53686,HST2,,no Adjusted P-value columns in this combined_protein.tsv
P53691,CPR6,,no Adjusted P-value columns in this combined_protein.tsv
P53701,HCCS,,no Adjusted P-value columns in this combined_protein.tsv
P53720,SMM1,,no Adjusted P-value columns in this combined_protein.tsv
P53721,RCF2,,no Adjusted P-value columns in this combined_protein.tsv
P53723,YNR021W,,no Adjusted P-value columns in this combined_protein.tsv
P53727,BUD17,,no Adjusted P-value columns in this combined_protein.tsv
P53729,ZNG1,,no Adjusted P-value columns in this combined_protein.tsv
P53730,ALG12,,no Adjusted P-value columns in this combined_protein.tsv
P53731,ARC35,,no Adjusted P-value columns in this combined_protein.tsv
P53734,DBP6,,no Adjusted P-value columns in this combined_protein.tsv
P53735,ZRG17,,no Adjusted P-value columns in this combined_protein.tsv
P53738,TRM112,,no Adjusted P-value columns in this combined_protein.tsv
P53739,FPK1,,no Adjusted P-value columns in this combined_protein.tsv
P53741,BRE5,,no Adjusted P-value columns in this combined_protein.tsv
P53742,NOG2,,no Adjusted P-value columns in this combined_protein.tsv
P53743,ESF2,,no Adjusted P-value columns in this combined_protein.tsv
P53753,DSE4,,no Adjusted P-value columns in this combined_protein.tsv
P53759,DUS1,,no Adjusted P-value columns in this combined_protein.tsv
P53801,PTTG1IP,,no Adjusted P-value columns in this combined_protein.tsv
P53803,POLR2K,,no Adjusted P-value columns in this combined_protein.tsv
P53814,SMTN,,no Adjusted P-value columns in this combined_protein.tsv
P53829,CAF40,,no Adjusted P-value columns in this combined_protein.tsv
P53830,CUS2,,no Adjusted P-value columns in this combined_protein.tsv
P53834,HCH1,,no Adjusted P-value columns in this combined_protein.tsv
P53839,GOR1,,no Adjusted P-value columns in this combined_protein.tsv
P53843,IST1,,no Adjusted P-value columns in this combined_protein.tsv
P53844,PDR17,,no Adjusted P-value columns in this combined_protein.tsv
P53845,YIF1,,no Adjusted P-value columns in this combined_protein.tsv
P53847,DSL1,,no Adjusted P-value columns in this combined_protein.tsv
P53848,FOL1,,no Adjusted P-value columns in this combined_protein.tsv
P53849,GIS2,,no Adjusted P-value columns in this combined_protein.tsv
P53851,TEX1,,no Adjusted P-value columns in this combined_protein.tsv
P53852,YNL247W,,no Adjusted P-value columns in this combined_protein.tsv
P53855,ATG2,,no Adjusted P-value columns in this combined_protein.tsv
P53858,BNI4,,no Adjusted P-value columns in this combined_protein.tsv
P53859,CSL4,,no Adjusted P-value columns in this combined_protein.tsv
P53860,PDR16,,no Adjusted P-value columns in this combined_protein.tsv
P53863,JJJ1,,no Adjusted P-value columns in this combined_protein.tsv
P53866,SQS1,,no Adjusted P-value columns in this combined_protein.tsv
P53868,ALG9,,no Adjusted P-value columns in this combined_protein.tsv
P53870,YNL193W,,no Adjusted P-value columns in this combined_protein.tsv
P53875,MRPL19,,no Adjusted P-value columns in this combined_protein.tsv
P53877,IPI3,,no Adjusted P-value columns in this combined_protein.tsv
P53878,PBR1,,no Adjusted P-value columns in this combined_protein.tsv
P53879,RHO5,,no Adjusted P-value columns in this combined_protein.tsv
P53883,NOP13,,no Adjusted P-value columns in this combined_protein.tsv
P53885,MDG1,,no Adjusted P-value columns in this combined_protein.tsv
P53889,FMP41,,no Adjusted P-value columns in this combined_protein.tsv
P53890,BNI5,,no Adjusted P-value columns in this combined_protein.tsv
P53893,RIA1,,no Adjusted P-value columns in this combined_protein.tsv
P53894,CBK1,,no Adjusted P-value columns in this combined_protein.tsv
P53897,IGO1,,no Adjusted P-value columns in this combined_protein.tsv
P53898,NSG2,,no Adjusted P-value columns in this combined_protein.tsv
P53899,CUZ1,,no Adjusted P-value columns in this combined_protein.tsv
P53900,GIM3,,no Adjusted P-value columns in this combined_protein.tsv
P53903,PGA2,,no Adjusted P-value columns in this combined_protein.tsv
P53905,LSM7,,no Adjusted P-value columns in this combined_protein.tsv
P53912,YNL134C,,no Adjusted P-value columns in this combined_protein.tsv
P53914,KRE33,,no Adjusted P-value columns in this combined_protein.tsv
P53915,NRK1,,no Adjusted P-value columns in this combined_protein.tsv
P53920,NMA111,,no Adjusted P-value columns in this combined_protein.tsv
P53924,DMA2,,no Adjusted P-value columns in this combined_protein.tsv
P53925,YNL115C,,no Adjusted P-value columns in this combined_protein.tsv
P53927,NOP15,,no Adjusted P-value columns in this combined_protein.tsv
P53929,YNL108C,,no Adjusted P-value columns in this combined_protein.tsv
P53930,YAF9,,no Adjusted P-value columns in this combined_protein.tsv
P53941,IMP4,,no Adjusted P-value columns in this combined_protein.tsv
P53946,ARP5,,no Adjusted P-value columns in this combined_protein.tsv
P53950,VAC7,,no Adjusted P-value columns in this combined_protein.tsv
P53951,COG5,,no Adjusted P-value columns in this combined_protein.tsv
P53953,SFB2,,no Adjusted P-value columns in this combined_protein.tsv
P53954,ALG11,,no Adjusted P-value columns in this combined_protein.tsv
P53959,COG6,,no Adjusted P-value columns in this combined_protein.tsv
P53960,YNL040W,,no Adjusted P-value columns in this combined_protein.tsv
P53962,YNL035C,,no Adjusted P-value columns in this combined_protein.tsv
P53965,SIW14,,no Adjusted P-value columns in this combined_protein.tsv
P53968,CRZ1,,no Adjusted P-value columns in this combined_protein.tsv
P53969,SAM50,,no Adjusted P-value columns in this combined_protein.tsv
P53972,RCM1,,no Adjusted P-value columns in this combined_protein.tsv
P53973,HDA1,,no Adjusted P-value columns in this combined_protein.tsv
P53974,ARK1,,no Adjusted P-value columns in this combined_protein.tsv
P53981,PYP1,,no Adjusted P-value columns in this combined_protein.tsv
P53985,SLC16A1,,no Adjusted P-value columns in this combined_protein.tsv
P53990,IST1,,no Adjusted P-value columns in this combined_protein.tsv
P53992,SEC24C,,no Adjusted P-value columns in this combined_protein.tsv
P53999,SUB1,,no Adjusted P-value columns in this combined_protein.tsv
P54000,SUB1,,no Adjusted P-value columns in this combined_protein.tsv
P54003,SUR7,,no Adjusted P-value columns in this combined_protein.tsv
P54105,CLNS1A,,no Adjusted P-value columns in this combined_protein.tsv
P54113,ADE16,,no Adjusted P-value columns in this combined_protein.tsv
P54114,ALD3,,no Adjusted P-value columns in this combined_protein.tsv
P54115,ALD6,,no Adjusted P-value columns in this combined_protein.tsv
P54132,BLM,,no Adjusted P-value columns in this combined_protein.tsv
P54136,RARS1,,no Adjusted P-value columns in this combined_protein.tsv
P54198,HIRA,,no Adjusted P-value columns in this combined_protein.tsv
P54252,ATXN3,,no Adjusted P-value columns in this combined_protein.tsv
P54277,PMS1,,no Adjusted P-value columns in this combined_protein.tsv
P54278,PMS2,,no Adjusted P-value columns in this combined_protein.tsv
P54577,YARS1,,no Adjusted P-value columns in this combined_protein.tsv
P54578,USP14,,no Adjusted P-value columns in this combined_protein.tsv
P54619,PRKAG1,,no Adjusted P-value columns in this combined_protein.tsv
P54652,HSPA2,,no Adjusted P-value columns in this combined_protein.tsv
P54687,BCAT1,,no Adjusted P-value columns in this combined_protein.tsv
P54709,ATP1B3,,no Adjusted P-value columns in this combined_protein.tsv
P54725,RAD23A,,no Adjusted P-value columns in this combined_protein.tsv
P54727,RAD23B,,no Adjusted P-value columns in this combined_protein.tsv
P54730,UBX4,,no Adjusted P-value columns in this combined_protein.tsv
P54760,EPHB4,,no Adjusted P-value columns in this combined_protein.tsv
P54780,RPL15B,,no Adjusted P-value columns in this combined_protein.tsv
P54781,ERG5,,no Adjusted P-value columns in this combined_protein.tsv
P54783,ALO1,,no Adjusted P-value columns in this combined_protein.tsv
P54785,MOT3,,no Adjusted P-value columns in this combined_protein.tsv
P54787,VPS9,,no Adjusted P-value columns in this combined_protein.tsv
P54819,AK2,,no Adjusted P-value columns in this combined_protein.tsv
P54837,ERV25,,no Adjusted P-value columns in this combined_protein.tsv
P54838,DAK1,,no Adjusted P-value columns in this combined_protein.tsv
P54839,ERG13,,no Adjusted P-value columns in this combined_protein.tsv
P54858,DOS2,,no Adjusted P-value columns in this combined_protein.tsv
P54860,UFD2,,no Adjusted P-value columns in this combined_protein.tsv
P54861,DNM1,,no Adjusted P-value columns in this combined_protein.tsv
P54867,SLG1,,no Adjusted P-value columns in this combined_protein.tsv
P54885,PRO2,,no Adjusted P-value columns in this combined_protein.tsv
P54886,ALDH18A1,,no Adjusted P-value columns in this combined_protein.tsv
P54920,NAPA,,no Adjusted P-value columns in this combined_protein.tsv
P54964,REX2,,no Adjusted P-value columns in this combined_protein.tsv
P55008,AIF1,,no Adjusted P-value columns in this combined_protein.tsv
P55010,EIF5,,no Adjusted P-value columns in this combined_protein.tsv
P55036,PSMD4,,no Adjusted P-value columns in this combined_protein.tsv
P55039,DRG2,,no Adjusted P-value columns in this combined_protein.tsv
P55060,CSE1L,,no Adjusted P-value columns in this combined_protein.tsv
P55072,VCP,,no Adjusted P-value columns in this combined_protein.tsv
P55081,MFAP1,,no Adjusted P-value columns in this combined_protein.tsv
P55084,HADHB,,no Adjusted P-value columns in this combined_protein.tsv
P55145,MANF,,no Adjusted P-value columns in this combined_protein.tsv
P55196,AFDN,,no Adjusted P-value columns in this combined_protein.tsv
P55199,ELL,,no Adjusted P-value columns in this combined_protein.tsv
P55201,BRPF1,,no Adjusted P-value columns in this combined_protein.tsv
P55209,NAP1L1,,no Adjusted P-value columns in this combined_protein.tsv
P55211,CASP9,,no Adjusted P-value columns in this combined_protein.tsv
P55212,CASP6,,no Adjusted P-value columns in this combined_protein.tsv
P55263,ADK,,no Adjusted P-value columns in this combined_protein.tsv
P55265,ADAR,,no Adjusted P-value columns in this combined_protein.tsv
P55735,SEC13,,no Adjusted P-value columns in this combined_protein.tsv
P55769,SNU13,,no Adjusted P-value columns in this combined_protein.tsv
P55786,NPEPPS,,no Adjusted P-value columns in this combined_protein.tsv
P55795,HNRNPH2,,no Adjusted P-value columns in this combined_protein.tsv
P55809,OXCT1,,no Adjusted P-value columns in this combined_protein.tsv
P55854,SUMO3,,no Adjusted P-value columns in this combined_protein.tsv
P55884,EIF3B,,no Adjusted P-value columns in this combined_protein.tsv
P55957,BID,,no Adjusted P-value columns in this combined_protein.tsv
P56134,ATP5MF,,no Adjusted P-value columns in this combined_protein.tsv
P56181,NDUFV3,,no Adjusted P-value columns in this combined_protein.tsv
P56182,RRP1,,no Adjusted P-value columns in this combined_protein.tsv
P56192,MARS1,,no Adjusted P-value columns in this combined_protein.tsv
P56211,ARPP19,,no Adjusted P-value columns in this combined_protein.tsv
P56262,ysgA,,no Adjusted P-value columns in this combined_protein.tsv
P56270,MAZ,,no Adjusted P-value columns in this combined_protein.tsv
P56282,POLE2,,no Adjusted P-value columns in this combined_protein.tsv
P56377,AP1S2,,no Adjusted P-value columns in this combined_protein.tsv
P56378,ATP5MJ,,no Adjusted P-value columns in this combined_protein.tsv
P56381,ATP5F1E,,no Adjusted P-value columns in this combined_protein.tsv
P56385,ATP5ME,,no Adjusted P-value columns in this combined_protein.tsv
P56508,SNA2,,no Adjusted P-value columns in this combined_protein.tsv
P56537,EIF6,,no Adjusted P-value columns in this combined_protein.tsv
P56556,NDUFA6,,no Adjusted P-value columns in this combined_protein.tsv
P56589,PEX3,,no Adjusted P-value columns in this combined_protein.tsv
P56628,RPL22B,,no Adjusted P-value columns in this combined_protein.tsv
P56645,PER3,,no Adjusted P-value columns in this combined_protein.tsv
P56937,HSD17B7,,no Adjusted P-value columns in this combined_protein.tsv
P56945,BCAR1,,no Adjusted P-value columns in this combined_protein.tsv
P56962,STX17,,no Adjusted P-value columns in this combined_protein.tsv
P57076,CFAP298,,no Adjusted P-value columns in this combined_protein.tsv
P57081,WDR4,,no Adjusted P-value columns in this combined_protein.tsv
P57088,TMEM33,,no Adjusted P-value columns in this combined_protein.tsv
P57678,GEMIN4,,no Adjusted P-value columns in this combined_protein.tsv
P57721,PCBP3,,no Adjusted P-value columns in this combined_protein.tsv
P57737,CORO7,,no Adjusted P-value columns in this combined_protein.tsv
P57740,NUP107,,no Adjusted P-value columns in this combined_protein.tsv
P57743,LSM3,,no Adjusted P-value columns in this combined_protein.tsv
P57744,TIM8,,no Adjusted P-value columns in this combined_protein.tsv
P57772,EEFSEC,,no Adjusted P-value columns in this combined_protein.tsv
P58004,SESN2,,no Adjusted P-value columns in this combined_protein.tsv
P58107,EPPK1,,no Adjusted P-value columns in this combined_protein.tsv
P58335,ANTXR2,,no Adjusted P-value columns in this combined_protein.tsv
P58546,MTPN,,no Adjusted P-value columns in this combined_protein.tsv
P59817,ZNF280A,,no Adjusted P-value columns in this combined_protein.tsv
P59998,ARPC4,,no Adjusted P-value columns in this combined_protein.tsv
P60002,ELOF1,,no Adjusted P-value columns in this combined_protein.tsv
P60010,ACT1,,no Adjusted P-value columns in this combined_protein.tsv
P60033,CD81,,no Adjusted P-value columns in this combined_protein.tsv
P60059,SEC61G,,no Adjusted P-value columns in this combined_protein.tsv
P60174,TPI1,,no Adjusted P-value columns in this combined_protein.tsv
P60228,EIF3E,,no Adjusted P-value columns in this combined_protein.tsv
P60240,rapA,,no Adjusted P-value columns in this combined_protein.tsv
P60293,mukF,,no Adjusted P-value columns in this combined_protein.tsv
P60340,truB,,no Adjusted P-value columns in this combined_protein.tsv
P60390,rsmH,,no Adjusted P-value columns in this combined_protein.tsv
P60422,rplB,,no Adjusted P-value columns in this combined_protein.tsv
P60438,rplC,,no Adjusted P-value columns in this combined_protein.tsv
P60468,SEC61B,,no Adjusted P-value columns in this combined_protein.tsv
P60510,PPP4C,,no Adjusted P-value columns in this combined_protein.tsv
P60520,GABARAPL2,,no Adjusted P-value columns in this combined_protein.tsv
P60546,gmk,,no Adjusted P-value columns in this combined_protein.tsv
P60595,hisH,,no Adjusted P-value columns in this combined_protein.tsv
P60602,ROMO1,,no Adjusted P-value columns in this combined_protein.tsv
P60604,UBE2G2,,no Adjusted P-value columns in this combined_protein.tsv
P60624,rplX,,no Adjusted P-value columns in this combined_protein.tsv
P60651,speB,,no Adjusted P-value columns in this combined_protein.tsv
P60660,MYL6,,no Adjusted P-value columns in this combined_protein.tsv
P60664,hisF,,no Adjusted P-value columns in this combined_protein.tsv
P60673,PFN3,,no Adjusted P-value columns in this combined_protein.tsv
P60709,ACTB,,no Adjusted P-value columns in this combined_protein.tsv
P60720,lipB,,no Adjusted P-value columns in this combined_protein.tsv
P60723,rplD,,no Adjusted P-value columns in this combined_protein.tsv
P60757,hisG,,no Adjusted P-value columns in this combined_protein.tsv
P60785,lepA,,no Adjusted P-value columns in this combined_protein.tsv
P60842,EIF4A1,,no Adjusted P-value columns in this combined_protein.tsv
P60866,RPS20,,no Adjusted P-value columns in this combined_protein.tsv
P60891,PRPS1,,no Adjusted P-value columns in this combined_protein.tsv
P60900,PSMA6,,no Adjusted P-value columns in this combined_protein.tsv
P60906,hisS,,no Adjusted P-value columns in this combined_protein.tsv
P60953,CDC42,,no Adjusted P-value columns in this combined_protein.tsv
P60981,DSTN,,no Adjusted P-value columns in this combined_protein.tsv
P60983,GMFB,,no Adjusted P-value columns in this combined_protein.tsv
P61006,RAB8A,,no Adjusted P-value columns in this combined_protein.tsv
P61009,SPCS3,,no Adjusted P-value columns in this combined_protein.tsv
P61011,SRP54,,no Adjusted P-value columns in this combined_protein.tsv
P61019,RAB2A,,no Adjusted P-value columns in this combined_protein.tsv
P61020,RAB5B,,no Adjusted P-value columns in this combined_protein.tsv
P61024,CKS1B,,no Adjusted P-value columns in this combined_protein.tsv
P61026,RAB10,,no Adjusted P-value columns in this combined_protein.tsv
P61077,UBE2D3,,no Adjusted P-value columns in this combined_protein.tsv
P61081,UBE2M,,no Adjusted P-value columns in this combined_protein.tsv
P61086,UBE2K,,no Adjusted P-value columns in this combined_protein.tsv
P61088,UBE2N,,no Adjusted P-value columns in this combined_protein.tsv
P61106,RAB14,,no Adjusted P-value columns in this combined_protein.tsv
P61158,ACTR3,,no Adjusted P-value columns in this combined_protein.tsv
P61160,ACTR2,,no Adjusted P-value columns in this combined_protein.tsv
P61163,ACTR1A,,no Adjusted P-value columns in this combined_protein.tsv
P61175,rplV,,no Adjusted P-value columns in this combined_protein.tsv
P61201,COPS2,,no Adjusted P-value columns in this combined_protein.tsv
P61221,ABCE1,,no Adjusted P-value columns in this combined_protein.tsv
P61224,RAP1B,,no Adjusted P-value columns in this combined_protein.tsv
P61225,RAP2B,,no Adjusted P-value columns in this combined_protein.tsv
P61244,MAX,,no Adjusted P-value columns in this combined_protein.tsv
P61247,RPS3A,,no Adjusted P-value columns in this combined_protein.tsv
P61254,RPL26,,no Adjusted P-value columns in this combined_protein.tsv
P61289,PSME3,,no Adjusted P-value columns in this combined_protein.tsv
P61313,RPL15,,no Adjusted P-value columns in this combined_protein.tsv
P61316,lolA,,no Adjusted P-value columns in this combined_protein.tsv
P61326,MAGOH,,no Adjusted P-value columns in this combined_protein.tsv
P61353,RPL27,,no Adjusted P-value columns in this combined_protein.tsv
P61421,ATP6V0D1,,no Adjusted P-value columns in this combined_protein.tsv
P61457,PCBD1,,no Adjusted P-value columns in this combined_protein.tsv
P61513,RPL37A,,no Adjusted P-value columns in this combined_protein.tsv
P61517,can,,no Adjusted P-value columns in this combined_protein.tsv
P61586,RHOA,,no Adjusted P-value columns in this combined_protein.tsv
P61599,NAA20,,no Adjusted P-value columns in this combined_protein.tsv
P61601,NCALD,,no Adjusted P-value columns in this combined_protein.tsv
P61604,HSPE1,,no Adjusted P-value columns in this combined_protein.tsv
P61619,SEC61A1,,no Adjusted P-value columns in this combined_protein.tsv
P61714,ribE,,no Adjusted P-value columns in this combined_protein.tsv
P61758,VBP1,,no Adjusted P-value columns in this combined_protein.tsv
P61764,STXBP1,,no Adjusted P-value columns in this combined_protein.tsv
P61769,B2M,,no Adjusted P-value columns in this combined_protein.tsv
P61889,mdh,,no Adjusted P-value columns in this combined_protein.tsv
P61916,NPC2,,no Adjusted P-value columns in this combined_protein.tsv
P61923,COPZ1,,no Adjusted P-value columns in this combined_protein.tsv
P61949,fldA,,no Adjusted P-value columns in this combined_protein.tsv
P61956,SUMO2,,no Adjusted P-value columns in this combined_protein.tsv
P61960,UFM1,,no Adjusted P-value columns in this combined_protein.tsv
P61962,DCAF7,,no Adjusted P-value columns in this combined_protein.tsv
P61964,WDR5,,no Adjusted P-value columns in this combined_protein.tsv
P61966,AP1S1,,no Adjusted P-value columns in this combined_protein.tsv
P61970,NUTF2,,no Adjusted P-value columns in this combined_protein.tsv
P61978,HNRNPK,,no Adjusted P-value columns in this combined_protein.tsv
P61981,YWHAG,,no Adjusted P-value columns in this combined_protein.tsv
P62070,RRAS2,,no Adjusted P-value columns in this combined_protein.tsv
P62072,TIMM10,,no Adjusted P-value columns in this combined_protein.tsv
P62081,RPS7,,no Adjusted P-value columns in this combined_protein.tsv
P62136,PPP1CA,,no Adjusted P-value columns in this combined_protein.tsv
P62140,PPP1CB,,no Adjusted P-value columns in this combined_protein.tsv
P62166,NCS1,,no Adjusted P-value columns in this combined_protein.tsv
P62191,PSMC1,,no Adjusted P-value columns in this combined_protein.tsv
P62195,PSMC5,,no Adjusted P-value columns in this combined_protein.tsv
P62241,RPS8,,no Adjusted P-value columns in this combined_protein.tsv
P62244,RPS15A,,no Adjusted P-value columns in this combined_protein.tsv
P62249,RPS16,,no Adjusted P-value columns in this combined_protein.tsv
P62253,UBE2G1,,no Adjusted P-value columns in this combined_protein.tsv
P62256,UBE2H,,no Adjusted P-value columns in this combined_protein.tsv
P62258,YWHAE,,no Adjusted P-value columns in this combined_protein.tsv
P62263,RPS14,,no Adjusted P-value columns in this combined_protein.tsv
P62266,RPS23,,no Adjusted P-value columns in this combined_protein.tsv
P62269,RPS18,,no Adjusted P-value columns in this combined_protein.tsv
P62273,RPS29,,no Adjusted P-value columns in this combined_protein.tsv
P62277,RPS13,,no Adjusted P-value columns in this combined_protein.tsv
P62280,RPS11,,no Adjusted P-value columns in this combined_protein.tsv
P62304,SNRPE,,no Adjusted P-value columns in this combined_protein.tsv
P62306,SNRPF,,no Adjusted P-value columns in this combined_protein.tsv
P62310,LSM3,,no Adjusted P-value columns in this combined_protein.tsv
P62312,LSM6,,no Adjusted P-value columns in this combined_protein.tsv
P62314,SNRPD1,,no Adjusted P-value columns in this combined_protein.tsv
P62316,SNRPD2,,no Adjusted P-value columns in this combined_protein.tsv
P62318,SNRPD3,,no Adjusted P-value columns in this combined_protein.tsv
P62328,TMSB4X,,no Adjusted P-value columns in this combined_protein.tsv
P62330,ARF6,,no Adjusted P-value columns in this combined_protein.tsv
P62333,PSMC6,,no Adjusted P-value columns in this combined_protein.tsv
P62380,TBPL1,,no Adjusted P-value columns in this combined_protein.tsv
P62399,rplE,,no Adjusted P-value columns in this combined_protein.tsv
P62424,RPL7A,,no Adjusted P-value columns in this combined_protein.tsv
P62487,POLR2G,,no Adjusted P-value columns in this combined_protein.tsv
P62495,ETF1,,no Adjusted P-value columns in this combined_protein.tsv
P62615,ispE,,no Adjusted P-value columns in this combined_protein.tsv
P62620,ispG,,no Adjusted P-value columns in this combined_protein.tsv
P62623,ispH,,no Adjusted P-value columns in this combined_protein.tsv
P62633,CNBP,,no Adjusted P-value columns in this combined_protein.tsv
P62699,YPEL5,,no Adjusted P-value columns in this combined_protein.tsv
P62701,RPS4X,,no Adjusted P-value columns in this combined_protein.tsv
P62707,gpmA,,no Adjusted P-value columns in this combined_protein.tsv
P62714,PPP2CB,,no Adjusted P-value columns in this combined_protein.tsv
P62750,RPL23A,,no Adjusted P-value columns in this combined_protein.tsv
P62753,RPS6,,no Adjusted P-value columns in this combined_protein.tsv
P62768,yaeH,,no Adjusted P-value columns in this combined_protein.tsv
P62805,H4C1,,no Adjusted P-value columns in this combined_protein.tsv
P62820,RAB1A,,no Adjusted P-value columns in this combined_protein.tsv
P62826,RAN,,no Adjusted P-value columns in this combined_protein.tsv
P62829,RPL23,,no Adjusted P-value columns in this combined_protein.tsv
P62834,RAP1A,,no Adjusted P-value columns in this combined_protein.tsv
P62841,RPS15,,no Adjusted P-value columns in this combined_protein.tsv
P62847,RPS24,,no Adjusted P-value columns in this combined_protein.tsv
P62851,RPS25,,no Adjusted P-value columns in this combined_protein.tsv
P62854,RPS26,,no Adjusted P-value columns in this combined_protein.tsv
P62857,RPS28,,no Adjusted P-value columns in this combined_protein.tsv
P62861,FAU,,no Adjusted P-value columns in this combined_protein.tsv
P62873,GNB1,,no Adjusted P-value columns in this combined_protein.tsv
P62875,POLR2L,,no Adjusted P-value columns in this combined_protein.tsv
P62877,RBX1,,no Adjusted P-value columns in this combined_protein.tsv
P62879,GNB2,,no Adjusted P-value columns in this combined_protein.tsv
P62888,RPL30,,no Adjusted P-value columns in this combined_protein.tsv
P62891,RPL39,,no Adjusted P-value columns in this combined_protein.tsv
P62899,RPL31,,no Adjusted P-value columns in this combined_protein.tsv
P62906,RPL10A,,no Adjusted P-value columns in this combined_protein.tsv
P62910,RPL32,,no Adjusted P-value columns in this combined_protein.tsv
P62913,RPL11,,no Adjusted P-value columns in this combined_protein.tsv
P62917,RPL8,,no Adjusted P-value columns in this combined_protein.tsv
P62937,PPIA,,no Adjusted P-value columns in this combined_protein.tsv
P62942,FKBP1A,,no Adjusted P-value columns in this combined_protein.tsv
P62979,RPS27A,,no Adjusted P-value columns in this combined_protein.tsv
P62993,GRB2,,no Adjusted P-value columns in this combined_protein.tsv
P62995,TRA2B,,no Adjusted P-value columns in this combined_protein.tsv
P63000,RAC1,,no Adjusted P-value columns in this combined_protein.tsv
P63010,AP2B1,,no Adjusted P-value columns in this combined_protein.tsv
P63020,nfuA,,no Adjusted P-value columns in this combined_protein.tsv
P63027,VAMP2,,no Adjusted P-value columns in this combined_protein.tsv
P63098,PPP3R1,,no Adjusted P-value columns in this combined_protein.tsv
P63104,YWHAZ,,no Adjusted P-value columns in this combined_protein.tsv
P63146,UBE2B,,no Adjusted P-value columns in this combined_protein.tsv
P63151,PPP2R2A,,no Adjusted P-value columns in this combined_protein.tsv
P63162,SNRPN,,no Adjusted P-value columns in this combined_protein.tsv
P63165,SUMO1,,no Adjusted P-value columns in this combined_protein.tsv
P63167,DYNLL1,,no Adjusted P-value columns in this combined_protein.tsv
P63172,DYNLT1,,no Adjusted P-value columns in this combined_protein.tsv
P63173,RPL38,,no Adjusted P-value columns in this combined_protein.tsv
P63177,rlmB,,no Adjusted P-value columns in this combined_protein.tsv
P63208,SKP1,,no Adjusted P-value columns in this combined_protein.tsv
P63218,GNG5,,no Adjusted P-value columns in this combined_protein.tsv
P63220,RPS21,,no Adjusted P-value columns in this combined_protein.tsv
P63224,gmhA,,no Adjusted P-value columns in this combined_protein.tsv
P63228,gmhB,,no Adjusted P-value columns in this combined_protein.tsv
P63241,EIF5A,,no Adjusted P-value columns in this combined_protein.tsv
P63244,RACK1,,no Adjusted P-value columns in this combined_protein.tsv
P63261,ACTG1,,no Adjusted P-value columns in this combined_protein.tsv
P63272,SUPT4H1,,no Adjusted P-value columns in this combined_protein.tsv
P63279,UBE2I,,no Adjusted P-value columns in this combined_protein.tsv
P63284,clpB,,no Adjusted P-value columns in this combined_protein.tsv
P63313,TMSB10,,no Adjusted P-value columns in this combined_protein.tsv
P63389,yheS,,no Adjusted P-value columns in this combined_protein.tsv
P63417,yhbS,,no Adjusted P-value columns in this combined_protein.tsv
P64429,ypfJ,,no Adjusted P-value columns in this combined_protein.tsv
P64455,ydcY,,no Adjusted P-value columns in this combined_protein.tsv
P64461,lsrG,,no Adjusted P-value columns in this combined_protein.tsv
P64479,ydiZ,,no Adjusted P-value columns in this combined_protein.tsv
P64503,yebV,,no Adjusted P-value columns in this combined_protein.tsv
P64506,yebY,,no Adjusted P-value columns in this combined_protein.tsv
P64519,yodD,,no Adjusted P-value columns in this combined_protein.tsv
P64540,yfcL,,no Adjusted P-value columns in this combined_protein.tsv
P64581,yqjD,,no Adjusted P-value columns in this combined_protein.tsv
P64588,yqjI,,no Adjusted P-value columns in this combined_protein.tsv
P64596,dolP,,no Adjusted P-value columns in this combined_protein.tsv
P64624,yheO,,no Adjusted P-value columns in this combined_protein.tsv
P65367,yqcA,,no Adjusted P-value columns in this combined_protein.tsv
P65556,yfcD,,no Adjusted P-value columns in this combined_protein.tsv
P66948,bepA,,no Adjusted P-value columns in this combined_protein.tsv
P67080,yggS,,no Adjusted P-value columns in this combined_protein.tsv
P67660,yhaJ,,no Adjusted P-value columns in this combined_protein.tsv
P67662,aaeR,,no Adjusted P-value columns in this combined_protein.tsv
P67775,PPP2CA,,no Adjusted P-value columns in this combined_protein.tsv
P67809,YBX1,,no Adjusted P-value columns in this combined_protein.tsv
P67812,SEC11A,,no Adjusted P-value columns in this combined_protein.tsv
P67826,cutC,,no Adjusted P-value columns in this combined_protein.tsv
P67870,CSNK2B,,no Adjusted P-value columns in this combined_protein.tsv
P67910,hldD,,no Adjusted P-value columns in this combined_protein.tsv
P67936,TPM4,,no Adjusted P-value columns in this combined_protein.tsv
P68032,ACTC1,,no Adjusted P-value columns in this combined_protein.tsv
P68036,UBE2L3,,no Adjusted P-value columns in this combined_protein.tsv
P68066,grcA,,no Adjusted P-value columns in this combined_protein.tsv
P68104,EEF1A1,,no Adjusted P-value columns in this combined_protein.tsv
P68133,ACTA1,,no Adjusted P-value columns in this combined_protein.tsv
P68191,sra,,no Adjusted P-value columns in this combined_protein.tsv
P68206,yjbJ,,no Adjusted P-value columns in this combined_protein.tsv
P68366,TUBA4A,,no Adjusted P-value columns in this combined_protein.tsv
P68371,TUBB4B,,no Adjusted P-value columns in this combined_protein.tsv
P68400,CSNK2A1,,no Adjusted P-value columns in this combined_protein.tsv
P68402,PAFAH1B2,,no Adjusted P-value columns in this combined_protein.tsv
P68679,rpsU,,no Adjusted P-value columns in this combined_protein.tsv
P68688,grxA,,no Adjusted P-value columns in this combined_protein.tsv
P68739,nfi,,no Adjusted P-value columns in this combined_protein.tsv
P68767,pepA,,no Adjusted P-value columns in this combined_protein.tsv
P68919,rplY,,no Adjusted P-value columns in this combined_protein.tsv
P69222,infA,,no Adjusted P-value columns in this combined_protein.tsv
P69228,baeR,,no Adjusted P-value columns in this combined_protein.tsv
P69425,tatB,,no Adjusted P-value columns in this combined_protein.tsv
P69428,tatA,,no Adjusted P-value columns in this combined_protein.tsv
P69441,adk,,no Adjusted P-value columns in this combined_protein.tsv
P69451,fadD,,no Adjusted P-value columns in this combined_protein.tsv
P69503,apt,,no Adjusted P-value columns in this combined_protein.tsv
P69771,DID2,,no Adjusted P-value columns in this combined_protein.tsv
P69776,lpp,,no Adjusted P-value columns in this combined_protein.tsv
P69783,crr,,no Adjusted P-value columns in this combined_protein.tsv
P69795,chbB,,no Adjusted P-value columns in this combined_protein.tsv
P69797,manX,,no Adjusted P-value columns in this combined_protein.tsv
P69805,manZ,,no Adjusted P-value columns in this combined_protein.tsv
P69808,fryB,,no Adjusted P-value columns in this combined_protein.tsv
P69811,fruB,,no Adjusted P-value columns in this combined_protein.tsv
P69828,gatA,,no Adjusted P-value columns in this combined_protein.tsv
P69829,ptsN,,no Adjusted P-value columns in this combined_protein.tsv
P69849,NOMO3,,no Adjusted P-value columns in this combined_protein.tsv
P69850,DAD3,,no Adjusted P-value columns in this combined_protein.tsv
P69852,HSK3,,no Adjusted P-value columns in this combined_protein.tsv
P69891,HBG1,,no Adjusted P-value columns in this combined_protein.tsv
P69892,HBG2,,no Adjusted P-value columns in this combined_protein.tsv
P69905,HBA2,,no Adjusted P-value columns in this combined_protein.tsv
P69908,gadA,,no Adjusted P-value columns in this combined_protein.tsv
P69910,gadB,,no Adjusted P-value columns in this combined_protein.tsv
P69922,fucI,,no Adjusted P-value columns in this combined_protein.tsv
P69924,nrdB,,no Adjusted P-value columns in this combined_protein.tsv
P75713,allE,,no Adjusted P-value columns in this combined_protein.tsv
P75728,ubiF,,no Adjusted P-value columns in this combined_protein.tsv
P75736,ybfF,,no Adjusted P-value columns in this combined_protein.tsv
P75745,pxpC,,no Adjusted P-value columns in this combined_protein.tsv
P75797,gsiB,,no Adjusted P-value columns in this combined_protein.tsv
P75809,ybjI,,no Adjusted P-value columns in this combined_protein.tsv
P75818,ybjP,,no Adjusted P-value columns in this combined_protein.tsv
P75823,ltaE,,no Adjusted P-value columns in this combined_protein.tsv
P75838,ycaO,,no Adjusted P-value columns in this combined_protein.tsv
P75849,gloC,,no Adjusted P-value columns in this combined_protein.tsv
P75863,ycbX,,no Adjusted P-value columns in this combined_protein.tsv
P75864,rlmL,,no Adjusted P-value columns in this combined_protein.tsv
P75874,yccU,,no Adjusted P-value columns in this combined_protein.tsv
P75876,rlmI,,no Adjusted P-value columns in this combined_protein.tsv
P75913,ghrA,,no Adjusted P-value columns in this combined_protein.tsv
P75931,yceM,,no Adjusted P-value columns in this combined_protein.tsv
P75949,nagZ,,no Adjusted P-value columns in this combined_protein.tsv
P75959,nagK,,no Adjusted P-value columns in this combined_protein.tsv
P75960,cobB,,no Adjusted P-value columns in this combined_protein.tsv
P76004,ycgM,,no Adjusted P-value columns in this combined_protein.tsv
P76008,ldcA,,no Adjusted P-value columns in this combined_protein.tsv
P76015,dhaK,,no Adjusted P-value columns in this combined_protein.tsv
P76038,puuD,,no Adjusted P-value columns in this combined_protein.tsv
P76049,ycjY,,no Adjusted P-value columns in this combined_protein.tsv
P76086,paaX,,no Adjusted P-value columns in this combined_protein.tsv
P76097,ydcJ,,no Adjusted P-value columns in this combined_protein.tsv
P76108,ydcS,,no Adjusted P-value columns in this combined_protein.tsv
P76113,curA,,no Adjusted P-value columns in this combined_protein.tsv
P76116,yncE,,no Adjusted P-value columns in this combined_protein.tsv
P76121,yddH,,no Adjusted P-value columns in this combined_protein.tsv
P76128,ddpA,,no Adjusted P-value columns in this combined_protein.tsv
P76142,lsrB,,no Adjusted P-value columns in this combined_protein.tsv
P76143,lsrF,,no Adjusted P-value columns in this combined_protein.tsv
P76145,tam,,no Adjusted P-value columns in this combined_protein.tsv
P76172,ynfD,,no Adjusted P-value columns in this combined_protein.tsv
P76176,ydgD,,no Adjusted P-value columns in this combined_protein.tsv
P76177,ydgH,,no Adjusted P-value columns in this combined_protein.tsv
P76187,ydhF,,no Adjusted P-value columns in this combined_protein.tsv
P76193,ynhG,,no Adjusted P-value columns in this combined_protein.tsv
P76215,astE,,no Adjusted P-value columns in this combined_protein.tsv
P76216,astB,,no Adjusted P-value columns in this combined_protein.tsv
P76227,ynjH,,no Adjusted P-value columns in this combined_protein.tsv
P76235,yeaH,,no Adjusted P-value columns in this combined_protein.tsv
P76243,yeaO,,no Adjusted P-value columns in this combined_protein.tsv
P76251,dmlA,,no Adjusted P-value columns in this combined_protein.tsv
P76256,tsaB,,no Adjusted P-value columns in this combined_protein.tsv
P76270,msrC,,no Adjusted P-value columns in this combined_protein.tsv
P76290,cmoA,,no Adjusted P-value columns in this combined_protein.tsv
P76291,cmoB,,no Adjusted P-value columns in this combined_protein.tsv
P76316,dcyD,,no Adjusted P-value columns in this combined_protein.tsv
P76346,mtfA,,no Adjusted P-value columns in this combined_protein.tsv
P76402,yegP,,no Adjusted P-value columns in this combined_protein.tsv
P76403,trhP,,no Adjusted P-value columns in this combined_protein.tsv
P76502,sixA,,no Adjusted P-value columns in this combined_protein.tsv
P76535,murQ,,no Adjusted P-value columns in this combined_protein.tsv
P76536,yfeX,,no Adjusted P-value columns in this combined_protein.tsv
P76537,yfeY,,no Adjusted P-value columns in this combined_protein.tsv
P76558,maeB,,no Adjusted P-value columns in this combined_protein.tsv
P76569,yfgD,,no Adjusted P-value columns in this combined_protein.tsv
P76594,patZ,,no Adjusted P-value columns in this combined_protein.tsv
P76621,glaH,,no Adjusted P-value columns in this combined_protein.tsv
P76658,hldE,,no Adjusted P-value columns in this combined_protein.tsv
P77148,ydhS,,no Adjusted P-value columns in this combined_protein.tsv
P77150,pdxY,,no Adjusted P-value columns in this combined_protein.tsv
P77173,zipA,,no Adjusted P-value columns in this combined_protein.tsv
P77181,paaY,,no Adjusted P-value columns in this combined_protein.tsv
P77202,dsbG,,no Adjusted P-value columns in this combined_protein.tsv
P77213,ybdK,,no Adjusted P-value columns in this combined_protein.tsv
P77247,hxpB,,no Adjusted P-value columns in this combined_protein.tsv
P77258,nemA,,no Adjusted P-value columns in this combined_protein.tsv
P77285,rsxG,,no Adjusted P-value columns in this combined_protein.tsv
P77318,ydeN,,no Adjusted P-value columns in this combined_protein.tsv
P77348,mppA,,no Adjusted P-value columns in this combined_protein.tsv
P77376,ydgJ,,no Adjusted P-value columns in this combined_protein.tsv
P77395,cnoX,,no Adjusted P-value columns in this combined_protein.tsv
P77397,mhpA,,no Adjusted P-value columns in this combined_protein.tsv
P77455,paaZ,,no Adjusted P-value columns in this combined_protein.tsv
P77488,dxs,,no Adjusted P-value columns in this combined_protein.tsv
P77499,sufC,,no Adjusted P-value columns in this combined_protein.tsv
P77522,sufB,,no Adjusted P-value columns in this combined_protein.tsv
P77526,yfcG,,no Adjusted P-value columns in this combined_protein.tsv
P77544,yfcF,,no Adjusted P-value columns in this combined_protein.tsv
P77552,ydhQ,,no Adjusted P-value columns in this combined_protein.tsv
P77569,mhpR,,no Adjusted P-value columns in this combined_protein.tsv
P77570,anmK,,no Adjusted P-value columns in this combined_protein.tsv
P77581,astC,,no Adjusted P-value columns in this combined_protein.tsv
P77625,hxpA,,no Adjusted P-value columns in this combined_protein.tsv
P77674,patD,,no Adjusted P-value columns in this combined_protein.tsv
P77695,gnsB,,no Adjusted P-value columns in this combined_protein.tsv
P77712,fadM,,no Adjusted P-value columns in this combined_protein.tsv
P77717,ybaY,,no Adjusted P-value columns in this combined_protein.tsv
P77718,thiI,,no Adjusted P-value columns in this combined_protein.tsv
P77735,yajO,,no Adjusted P-value columns in this combined_protein.tsv
P77739,yniA,,no Adjusted P-value columns in this combined_protein.tsv
P77754,spy,,no Adjusted P-value columns in this combined_protein.tsv
P77756,queC,,no Adjusted P-value columns in this combined_protein.tsv
P77774,bamB,,no Adjusted P-value columns in this combined_protein.tsv
P77775,yfcH,,no Adjusted P-value columns in this combined_protein.tsv
P77781,menI,,no Adjusted P-value columns in this combined_protein.tsv
P77804,ydgA,,no Adjusted P-value columns in this combined_protein.tsv
P77808,yfaY,,no Adjusted P-value columns in this combined_protein.tsv
P78061,puuA,,no Adjusted P-value columns in this combined_protein.tsv
P78316,NOP14,,no Adjusted P-value columns in this combined_protein.tsv
P78318,IGBP1,,no Adjusted P-value columns in this combined_protein.tsv
P78330,PSPH,,no Adjusted P-value columns in this combined_protein.tsv
P78332,RBM6,,no Adjusted P-value columns in this combined_protein.tsv
P78337,PITX1,,no Adjusted P-value columns in this combined_protein.tsv
P78344,EIF4G2,,no Adjusted P-value columns in this combined_protein.tsv
P78345,RPP38,,no Adjusted P-value columns in this combined_protein.tsv
P78346,RPP30,,no Adjusted P-value columns in this combined_protein.tsv
P78347,GTF2I,,no Adjusted P-value columns in this combined_protein.tsv
P78362,SRPK2,,no Adjusted P-value columns in this combined_protein.tsv
P78368,CSNK1G2,,no Adjusted P-value columns in this combined_protein.tsv
P78371,CCT2,,no Adjusted P-value columns in this combined_protein.tsv
P78395,PRAME,,no Adjusted P-value columns in this combined_protein.tsv
P78406,RAE1,,no Adjusted P-value columns in this combined_protein.tsv
P78417,GSTO1,,no Adjusted P-value columns in this combined_protein.tsv
P78527,PRKDC,,no Adjusted P-value columns in this combined_protein.tsv
P78537,BLOC1S1,,no Adjusted P-value columns in this combined_protein.tsv
P78540,ARG2,,no Adjusted P-value columns in this combined_protein.tsv
P78559,MAP1A,,no Adjusted P-value columns in this combined_protein.tsv
P78560,CRADD,,no Adjusted P-value columns in this combined_protein.tsv
P80210,ADE12,,no Adjusted P-value columns in this combined_protein.tsv
P80217,IFI35,,no Adjusted P-value columns in this combined_protein.tsv
P80303,NUCB2,,no Adjusted P-value columns in this combined_protein.tsv
P80428,ARP4,,no Adjusted P-value columns in this combined_protein.tsv
P80667,PEX13,,no Adjusted P-value columns in this combined_protein.tsv
P80967,TOM5,,no Adjusted P-value columns in this combined_protein.tsv
P82094,TMF1,,no Adjusted P-value columns in this combined_protein.tsv
P82650,MRPS22,,no Adjusted P-value columns in this combined_protein.tsv
P82663,MRPS25,,no Adjusted P-value columns in this combined_protein.tsv
P82664,MRPS10,,no Adjusted P-value columns in this combined_protein.tsv
P82673,MRPS35,,no Adjusted P-value columns in this combined_protein.tsv
P82675,MRPS5,,no Adjusted P-value columns in this combined_protein.tsv
P82909,KGD4,,no Adjusted P-value columns in this combined_protein.tsv
P82912,MRPS11,,no Adjusted P-value columns in this combined_protein.tsv
P82914,MRPS15,,no Adjusted P-value columns in this combined_protein.tsv
P82921,MRPS21,,no Adjusted P-value columns in this combined_protein.tsv
P82930,MRPS34,,no Adjusted P-value columns in this combined_protein.tsv
P82932,MRPS6,,no Adjusted P-value columns in this combined_protein.tsv
P82933,MRPS9,,no Adjusted P-value columns in this combined_protein.tsv
P82970,HMGN5,,no Adjusted P-value columns in this combined_protein.tsv
P82979,SARNP,,no Adjusted P-value columns in this combined_protein.tsv
P83436,COG7,,no Adjusted P-value columns in this combined_protein.tsv
P83731,RPL24,,no Adjusted P-value columns in this combined_protein.tsv
P83876,TXNL4A,,no Adjusted P-value columns in this combined_protein.tsv
P83916,CBX1,,no Adjusted P-value columns in this combined_protein.tsv
P84022,SMAD3,,no Adjusted P-value columns in this combined_protein.tsv
P84077,ARF1,,no Adjusted P-value columns in this combined_protein.tsv
P84085,ARF5,,no Adjusted P-value columns in this combined_protein.tsv
P84090,ERH,,no Adjusted P-value columns in this combined_protein.tsv
P84095,RHOG,,no Adjusted P-value columns in this combined_protein.tsv
P84098,RPL19,,no Adjusted P-value columns in this combined_protein.tsv
P84101,SERF2,,no Adjusted P-value columns in this combined_protein.tsv
P84103,SRSF3,,no Adjusted P-value columns in this combined_protein.tsv
P85037,FOXK1,,no Adjusted P-value columns in this combined_protein.tsv
P86790,CCZ1B,,no Adjusted P-value columns in this combined_protein.tsv
P87108,TIM10,,no Adjusted P-value columns in this combined_protein.tsv
P89102,SEC5,,no Adjusted P-value columns in this combined_protein.tsv
P89105,CTR9,,no Adjusted P-value columns in this combined_protein.tsv
P89886,TMA20,,no Adjusted P-value columns in this combined_protein.tsv
P98082,DAB2,,no Adjusted P-value columns in this combined_protein.tsv
P98170,XIAP,,no Adjusted P-value columns in this combined_protein.tsv
P98171,ARHGAP4,,no Adjusted P-value columns in this combined_protein.tsv
P98175,RBM10,,no Adjusted P-value columns in this combined_protein.tsv
P98179,RBM3,,no Adjusted P-value columns in this combined_protein.tsv
P99999,CYCS,,no Adjusted P-value columns in this combined_protein.tsv
Q00013,MPP1,,no Adjusted P-value columns in this combined_protein.tsv
Q00055,GPD1,,no Adjusted P-value columns in this combined_protein.tsv
Q00059,TFAM,,no Adjusted P-value columns in this combined_protein.tsv
Q00169,PITPNA,,no Adjusted P-value columns in this combined_protein.tsv
Q00245,RHO3,,no Adjusted P-value columns in this combined_protein.tsv
Q00246,RHO4,,no Adjusted P-value columns in this combined_protein.tsv
Q00325,SLC25A3,,no Adjusted P-value columns in this combined_protein.tsv
Q00341,HDLBP,,no Adjusted P-value columns in this combined_protein.tsv
Q00362,CDC55,,no Adjusted P-value columns in this combined_protein.tsv
Q00402,NUM1,,no Adjusted P-value columns in this combined_protein.tsv
Q00403,GTF2B,,no Adjusted P-value columns in this combined_protein.tsv
Q00416,SEN1,,no Adjusted P-value columns in this combined_protein.tsv
Q00534,CDK6,,no Adjusted P-value columns in this combined_protein.tsv
Q00535,CDK5,,no Adjusted P-value columns in this combined_protein.tsv
Q00539,NAM8,,no Adjusted P-value columns in this combined_protein.tsv
Q00577,PURA,,no Adjusted P-value columns in this combined_protein.tsv
Q00578,SSL2,,no Adjusted P-value columns in this combined_protein.tsv
Q00582,GTR1,,no Adjusted P-value columns in this combined_protein.tsv
Q00587,CDC42EP1,,no Adjusted P-value columns in this combined_protein.tsv
Q00610,CLTC,,no Adjusted P-value columns in this combined_protein.tsv
Q00613,HSF1,,no Adjusted P-value columns in this combined_protein.tsv
Q00618,BET4,,no Adjusted P-value columns in this combined_protein.tsv
Q00653,NFKB2,,no Adjusted P-value columns in this combined_protein.tsv
Q00684,CDC14,,no Adjusted P-value columns in this combined_protein.tsv
Q00688,FKBP3,,no Adjusted P-value columns in this combined_protein.tsv
Q00711,SDH1,,no Adjusted P-value columns in this combined_protein.tsv
Q00764,TPS1,,no Adjusted P-value columns in this combined_protein.tsv
Q00765,REEP5,,no Adjusted P-value columns in this combined_protein.tsv
Q00772,SLT2,,no Adjusted P-value columns in this combined_protein.tsv
Q00776,APM1,,no Adjusted P-value columns in this combined_protein.tsv
Q00796,SORD,,no Adjusted P-value columns in this combined_protein.tsv
Q00816,REG1,,no Adjusted P-value columns in this combined_protein.tsv
Q00839,HNRNPU,,no Adjusted P-value columns in this combined_protein.tsv
Q00873,CYT2,,no Adjusted P-value columns in this combined_protein.tsv
Q00916,SNP1,,no Adjusted P-value columns in this combined_protein.tsv
Q00955,ACC1,,no Adjusted P-value columns in this combined_protein.tsv
Q01080,RPA49,,no Adjusted P-value columns in this combined_protein.tsv
Q01081,U2AF1,,no Adjusted P-value columns in this combined_protein.tsv
Q01082,SPTBN1,,no Adjusted P-value columns in this combined_protein.tsv
Q01085,TIAL1,,no Adjusted P-value columns in this combined_protein.tsv
Q01105,SET,,no Adjusted P-value columns in this combined_protein.tsv
Q01130,SRSF2,,no Adjusted P-value columns in this combined_protein.tsv
Q01159,CEG1,,no Adjusted P-value columns in this combined_protein.tsv
Q01167,FOXK2,,no Adjusted P-value columns in this combined_protein.tsv
Q01196,RUNX1,,no Adjusted P-value columns in this combined_protein.tsv
Q01329,PTA1,,no Adjusted P-value columns in this combined_protein.tsv
Q01415,GALK2,,no Adjusted P-value columns in this combined_protein.tsv
Q01432,AMPD3,,no Adjusted P-value columns in this combined_protein.tsv
Q01433,AMPD2,,no Adjusted P-value columns in this combined_protein.tsv
Q01448,HPC2,,no Adjusted P-value columns in this combined_protein.tsv
Q01454,CTF4,,no Adjusted P-value columns in this combined_protein.tsv
Q01469,FABP5,,no Adjusted P-value columns in this combined_protein.tsv
Q01476,UBP2,,no Adjusted P-value columns in this combined_protein.tsv
Q01477,UBP3,,no Adjusted P-value columns in this combined_protein.tsv
Q01518,CAP1,,no Adjusted P-value columns in this combined_protein.tsv
Q01519,COX12,,no Adjusted P-value columns in this combined_protein.tsv
Q01532,LAP3,,no Adjusted P-value columns in this combined_protein.tsv
Q01560,NPL3,,no Adjusted P-value columns in this combined_protein.tsv
Q01574,ACS1,,no Adjusted P-value columns in this combined_protein.tsv
Q01581,HMGCS1,,no Adjusted P-value columns in this combined_protein.tsv
Q01590,SED5,,no Adjusted P-value columns in this combined_protein.tsv
Q01628,IFITM3,,no Adjusted P-value columns in this combined_protein.tsv
Q01650,SLC7A5,,no Adjusted P-value columns in this combined_protein.tsv
Q01658,DR1,,no Adjusted P-value columns in this combined_protein.tsv
Q01662,MAP1,,no Adjusted P-value columns in this combined_protein.tsv
Q01664,TFAP4,,no Adjusted P-value columns in this combined_protein.tsv
Q01722,GCR2,,no Adjusted P-value columns in this combined_protein.tsv
Q01780,EXOSC10,,no Adjusted P-value columns in this combined_protein.tsv
Q01802,AAT1,,no Adjusted P-value columns in this combined_protein.tsv
Q01804,OTUD4,,no Adjusted P-value columns in this combined_protein.tsv
Q01813,PFKP,,no Adjusted P-value columns in this combined_protein.tsv
Q01844,EWSR1,,no Adjusted P-value columns in this combined_protein.tsv
Q01852,TIM44,,no Adjusted P-value columns in this combined_protein.tsv
Q01855,RPS15,,no Adjusted P-value columns in this combined_protein.tsv
Q01939,RPT6,,no Adjusted P-value columns in this combined_protein.tsv
Q01970,PLCB3,,no Adjusted P-value columns in this combined_protein.tsv
Q01976,YSA1,,no Adjusted P-value columns in this combined_protein.tsv
Q02040,AKAP17A,,no Adjusted P-value columns in this combined_protein.tsv
Q02046,MTD1,,no Adjusted P-value columns in this combined_protein.tsv
Q02100,SKO1,,no Adjusted P-value columns in this combined_protein.tsv
Q02127,DHODH,,no Adjusted P-value columns in this combined_protein.tsv
Q02159,UBC7,,no Adjusted P-value columns in this combined_protein.tsv
Q02196,MET14,,no Adjusted P-value columns in this combined_protein.tsv
Q02197,MAK10,,no Adjusted P-value columns in this combined_protein.tsv
Q02199,NUP49,,no Adjusted P-value columns in this combined_protein.tsv
Q02201,OSH6,,no Adjusted P-value columns in this combined_protein.tsv
Q02204,MRPL13,,no Adjusted P-value columns in this combined_protein.tsv
Q02205,MEH1,,no Adjusted P-value columns in this combined_protein.tsv
Q02206,RSC4,,no Adjusted P-value columns in this combined_protein.tsv
Q02207,FOX2,,no Adjusted P-value columns in this combined_protein.tsv
Q02218,OGDH,,no Adjusted P-value columns in this combined_protein.tsv
Q02241,KIF23,,no Adjusted P-value columns in this combined_protein.tsv
Q02256,YVH1,,no Adjusted P-value columns in this combined_protein.tsv
Q02326,RPL6A,,no Adjusted P-value columns in this combined_protein.tsv
Q02336,ADA2,,no Adjusted P-value columns in this combined_protein.tsv
Q02354,UTP6,,no Adjusted P-value columns in this combined_protein.tsv
Q02447,SP3,,no Adjusted P-value columns in this combined_protein.tsv
Q02455,MLP1,,no Adjusted P-value columns in this combined_protein.tsv
Q02457,TBF1,,no Adjusted P-value columns in this combined_protein.tsv
Q02486,ABF2,,no Adjusted P-value columns in this combined_protein.tsv
Q02543,RPL18A,,no Adjusted P-value columns in this combined_protein.tsv
Q02555,RNT1,,no Adjusted P-value columns in this combined_protein.tsv
Q02629,NUP100,,no Adjusted P-value columns in this combined_protein.tsv
Q02630,NUP116,,no Adjusted P-value columns in this combined_protein.tsv
Q02642,EGD1,,no Adjusted P-value columns in this combined_protein.tsv
Q02647,DYN2,,no Adjusted P-value columns in this combined_protein.tsv
Q02648,TRM44,,no Adjusted P-value columns in this combined_protein.tsv
Q02725,VTC3,,no Adjusted P-value columns in this combined_protein.tsv
Q02733,IRC15,,no Adjusted P-value columns in this combined_protein.tsv
Q02750,MAP2K1,,no Adjusted P-value columns in this combined_protein.tsv
Q02753,RPL21A,,no Adjusted P-value columns in this combined_protein.tsv
Q02754,YPL067C,,no Adjusted P-value columns in this combined_protein.tsv
Q02767,VPS28,,no Adjusted P-value columns in this combined_protein.tsv
Q02770,CWC27,,no Adjusted P-value columns in this combined_protein.tsv
Q02771,PET117,,no Adjusted P-value columns in this combined_protein.tsv
Q02772,PET191,,no Adjusted P-value columns in this combined_protein.tsv
Q02773,RPM2,,no Adjusted P-value columns in this combined_protein.tsv
Q02774,SHR3,,no Adjusted P-value columns in this combined_protein.tsv
Q02776,TIM50,,no Adjusted P-value columns in this combined_protein.tsv
Q02784,GRX5,,no Adjusted P-value columns in this combined_protein.tsv
Q02790,FKBP4,,no Adjusted P-value columns in this combined_protein.tsv
Q02792,RAT1,,no Adjusted P-value columns in this combined_protein.tsv
Q02793,SKI8,,no Adjusted P-value columns in this combined_protein.tsv
Q02795,SWP1,,no Adjusted P-value columns in this combined_protein.tsv
Q02796,LGE1,,no Adjusted P-value columns in this combined_protein.tsv
Q02799,LEE1,,no Adjusted P-value columns in this combined_protein.tsv
Q02804,ARL3,,no Adjusted P-value columns in this combined_protein.tsv
Q02805,ROD1,,no Adjusted P-value columns in this combined_protein.tsv
Q02809,PLOD1,,no Adjusted P-value columns in this combined_protein.tsv
Q02818,NUCB1,,no Adjusted P-value columns in this combined_protein.tsv
Q02821,SRP1,,no Adjusted P-value columns in this combined_protein.tsv
Q02863,UBP16,,no Adjusted P-value columns in this combined_protein.tsv
Q02866,MUK1,,no Adjusted P-value columns in this combined_protein.tsv
Q02875,SYH1,,no Adjusted P-value columns in this combined_protein.tsv
Q02878,RPL6,,no Adjusted P-value columns in this combined_protein.tsv
Q02880,TOP2B,,no Adjusted P-value columns in this combined_protein.tsv
Q02884,ELP4,,no Adjusted P-value columns in this combined_protein.tsv
Q02887,ATG21,,no Adjusted P-value columns in this combined_protein.tsv
Q02888,INA17,,no Adjusted P-value columns in this combined_protein.tsv
Q02889,MGR2,,no Adjusted P-value columns in this combined_protein.tsv
Q02890,PNG1,,no Adjusted P-value columns in this combined_protein.tsv
Q02892,NOG1,,no Adjusted P-value columns in this combined_protein.tsv
Q02896,YDC1,,no Adjusted P-value columns in this combined_protein.tsv
Q02908,ELP3,,no Adjusted P-value columns in this combined_protein.tsv
Q02931,NAN1,,no Adjusted P-value columns in this combined_protein.tsv
Q02932,KAP120,,no Adjusted P-value columns in this combined_protein.tsv
Q02933,RNY1,,no Adjusted P-value columns in this combined_protein.tsv
Q02939,TFB2,,no Adjusted P-value columns in this combined_protein.tsv
Q02959,HOS3,,no Adjusted P-value columns in this combined_protein.tsv
Q02969,PEX25,,no Adjusted P-value columns in this combined_protein.tsv
Q02978,SLC25A11,,no Adjusted P-value columns in this combined_protein.tsv
Q02979,GDE1,,no Adjusted P-value columns in this combined_protein.tsv
Q03010,UME1,,no Adjusted P-value columns in this combined_protein.tsv
Q03013,GSTM4,,no Adjusted P-value columns in this combined_protein.tsv
Q03014,HHEX,,no Adjusted P-value columns in this combined_protein.tsv
Q03016,GIP3,,no Adjusted P-value columns in this combined_protein.tsv
Q03020,ISU1,,no Adjusted P-value columns in this combined_protein.tsv
Q03034,FDC1,,no Adjusted P-value columns in this combined_protein.tsv
Q03048,COF1,,no Adjusted P-value columns in this combined_protein.tsv
Q03063,DIG1,,no Adjusted P-value columns in this combined_protein.tsv
Q03088,SVL3,,no Adjusted P-value columns in this combined_protein.tsv
Q03102,YML131W,,no Adjusted P-value columns in this combined_protein.tsv
Q03103,ERO1,,no Adjusted P-value columns in this combined_protein.tsv
Q03104,MSC1,,no Adjusted P-value columns in this combined_protein.tsv
Q03111,MLLT1,,no Adjusted P-value columns in this combined_protein.tsv
Q03124,RSC9,,no Adjusted P-value columns in this combined_protein.tsv
Q03154,ACY1,,no Adjusted P-value columns in this combined_protein.tsv
Q03161,YMR099C,,no Adjusted P-value columns in this combined_protein.tsv
Q03164,KMT2A,,no Adjusted P-value columns in this combined_protein.tsv
Q03169,TNFAIP2,,no Adjusted P-value columns in this combined_protein.tsv
Q03177,YMR102C,,no Adjusted P-value columns in this combined_protein.tsv
Q03188,CENPC,,no Adjusted P-value columns in this combined_protein.tsv
Q03195,RLI1,,no Adjusted P-value columns in this combined_protein.tsv
Q03201,RSM10,,no Adjusted P-value columns in this combined_protein.tsv
Q03219,FPY1,,no Adjusted P-value columns in this combined_protein.tsv
Q03233,ADD37,,no Adjusted P-value columns in this combined_protein.tsv
Q03252,LMNB2,,no Adjusted P-value columns in this combined_protein.tsv
Q03254,FCP1,,no Adjusted P-value columns in this combined_protein.tsv
Q03262,PRM15,,no Adjusted P-value columns in this combined_protein.tsv
Q03264,NGL2,,no Adjusted P-value columns in this combined_protein.tsv
Q03266,ABZ2,,no Adjusted P-value columns in this combined_protein.tsv
Q03280,TOM1,,no Adjusted P-value columns in this combined_protein.tsv
Q03281,HEH2,,no Adjusted P-value columns in this combined_protein.tsv
Q03290,TFB3,,no Adjusted P-value columns in this combined_protein.tsv
Q03305,RMT2,,no Adjusted P-value columns in this combined_protein.tsv
Q03306,PKH3,,no Adjusted P-value columns in this combined_protein.tsv
Q03322,TLG1,,no Adjusted P-value columns in this combined_protein.tsv
Q03323,SDC1,,no Adjusted P-value columns in this combined_protein.tsv
Q03327,UGO1,,no Adjusted P-value columns in this combined_protein.tsv
Q03330,GCN5,,no Adjusted P-value columns in this combined_protein.tsv
Q03337,TRS31,,no Adjusted P-value columns in this combined_protein.tsv
Q03361,JIP4,,no Adjusted P-value columns in this combined_protein.tsv
Q03362,YDR476C,,no Adjusted P-value columns in this combined_protein.tsv
Q03373,DIG2,,no Adjusted P-value columns in this combined_protein.tsv
Q03375,CWC21,,no Adjusted P-value columns in this combined_protein.tsv
Q03390,VPS60,,no Adjusted P-value columns in this combined_protein.tsv
Q03407,PKH1,,no Adjusted P-value columns in this combined_protein.tsv
Q03426,MVK,,no Adjusted P-value columns in this combined_protein.tsv
Q03429,MZM1,,no Adjusted P-value columns in this combined_protein.tsv
Q03434,TY1B-ML2,,no Adjusted P-value columns in this combined_protein.tsv
Q03435,NHP10,,no Adjusted P-value columns in this combined_protein.tsv
Q03455,MSC2,,no Adjusted P-value columns in this combined_protein.tsv
Q03496,TRM732,,no Adjusted P-value columns in this combined_protein.tsv
Q03497,STE20,,no Adjusted P-value columns in this combined_protein.tsv
Q03503,MAK3,,no Adjusted P-value columns in this combined_protein.tsv
Q03516,RSN1,,no Adjusted P-value columns in this combined_protein.tsv
Q03529,SCS7,,no Adjusted P-value columns in this combined_protein.tsv
Q03532,HAS1,,no Adjusted P-value columns in this combined_protein.tsv
Q03533,TDA1,,no Adjusted P-value columns in this combined_protein.tsv
Q03558,OYE2,,no Adjusted P-value columns in this combined_protein.tsv
Q03559,YMR295C,,no Adjusted P-value columns in this combined_protein.tsv
Q03579,LIP1,,no Adjusted P-value columns in this combined_protein.tsv
Q03629,YML079W,,no Adjusted P-value columns in this combined_protein.tsv
Q03640,TCB3,,no Adjusted P-value columns in this combined_protein.tsv
Q03648,YMR209C,,no Adjusted P-value columns in this combined_protein.tsv
Q03653,EFR3,,no Adjusted P-value columns in this combined_protein.tsv
Q03655,GAS3,,no Adjusted P-value columns in this combined_protein.tsv
Q03656,SKY1,,no Adjusted P-value columns in this combined_protein.tsv
Q03660,TRS130,,no Adjusted P-value columns in this combined_protein.tsv
Q03661,ESC1,,no Adjusted P-value columns in this combined_protein.tsv
Q03667,MIX17,,no Adjusted P-value columns in this combined_protein.tsv
Q03677,ADI1,,no Adjusted P-value columns in this combined_protein.tsv
Q03690,CLU1,,no Adjusted P-value columns in this combined_protein.tsv
Q03692,COL10A1,,no Adjusted P-value columns in this combined_protein.tsv
Q03701,CEBPZ,,no Adjusted P-value columns in this combined_protein.tsv
Q03705,CGI121,,no Adjusted P-value columns in this combined_protein.tsv
Q03707,SRC1,,no Adjusted P-value columns in this combined_protein.tsv
Q03713,RCF1,,no Adjusted P-value columns in this combined_protein.tsv
Q03714,USA1,,no Adjusted P-value columns in this combined_protein.tsv
Q03723,OST6,,no Adjusted P-value columns in this combined_protein.tsv
Q03735,NAB6,,no Adjusted P-value columns in this combined_protein.tsv
Q03758,BUL2,,no Adjusted P-value columns in this combined_protein.tsv
Q03761,TAF12,,no Adjusted P-value columns in this combined_protein.tsv
Q03768,GIR2,,no Adjusted P-value columns in this combined_protein.tsv
Q03769,ENT5,,no Adjusted P-value columns in this combined_protein.tsv
Q03771,ACL4,,no Adjusted P-value columns in this combined_protein.tsv
Q03772,CWC15,,no Adjusted P-value columns in this combined_protein.tsv
Q03774,TRM82,,no Adjusted P-value columns in this combined_protein.tsv
Q03778,FMN1,,no Adjusted P-value columns in this combined_protein.tsv
Q03780,YDR239C,,no Adjusted P-value columns in this combined_protein.tsv
Q03786,YDR248C,,no Adjusted P-value columns in this combined_protein.tsv
Q03790,NUP53,,no Adjusted P-value columns in this combined_protein.tsv
Q03795,YMR155W,,no Adjusted P-value columns in this combined_protein.tsv
Q03798,AIM36,,no Adjusted P-value columns in this combined_protein.tsv
Q03799,MRPS8,,no Adjusted P-value columns in this combined_protein.tsv
Q03823,YMR160W,,no Adjusted P-value columns in this combined_protein.tsv
Q03833,GIS1,,no Adjusted P-value columns in this combined_protein.tsv
Q03834,MSH6,,no Adjusted P-value columns in this combined_protein.tsv
Q03835,GRX3,,no Adjusted P-value columns in this combined_protein.tsv
Q03860,TVP15,,no Adjusted P-value columns in this combined_protein.tsv
Q03862,ARX1,,no Adjusted P-value columns in this combined_protein.tsv
Q03919,RUB1,,no Adjusted P-value columns in this combined_protein.tsv
Q03920,MTQ2,,no Adjusted P-value columns in this combined_protein.tsv
Q03921,DOP1,,no Adjusted P-value columns in this combined_protein.tsv
Q03940,RVB1,,no Adjusted P-value columns in this combined_protein.tsv
Q03941,CAB5,,no Adjusted P-value columns in this combined_protein.tsv
Q03954,SPC19,,no Adjusted P-value columns in this combined_protein.tsv
Q03973,HMO1,,no Adjusted P-value columns in this combined_protein.tsv
Q04013,YHM2,,no Adjusted P-value columns in this combined_protein.tsv
Q04031,RRP17,,no Adjusted P-value columns in this combined_protein.tsv
Q04053,SNX41,,no Adjusted P-value columns in this combined_protein.tsv
Q04062,RPN9,,no Adjusted P-value columns in this combined_protein.tsv
Q04066,BNA7,,no Adjusted P-value columns in this combined_protein.tsv
Q04067,TIF35,,no Adjusted P-value columns in this combined_protein.tsv
Q04080,GPI17,,no Adjusted P-value columns in this combined_protein.tsv
Q04081,PPM1,,no Adjusted P-value columns in this combined_protein.tsv
Q04089,DOT1,,no Adjusted P-value columns in this combined_protein.tsv
Q04119,PPN1,,no Adjusted P-value columns in this combined_protein.tsv
Q04120,TSA2,,no Adjusted P-value columns in this combined_protein.tsv
Q04170,IAT4,,no Adjusted P-value columns in this combined_protein.tsv
Q04175,SXM1,,no Adjusted P-value columns in this combined_protein.tsv
Q04177,UTP5,,no Adjusted P-value columns in this combined_protein.tsv
Q04178,HPT1,,no Adjusted P-value columns in this combined_protein.tsv
Q04182,PDR15,,no Adjusted P-value columns in this combined_protein.tsv
Q04183,TRS120,,no Adjusted P-value columns in this combined_protein.tsv
Q04199,CAC2,,no Adjusted P-value columns in this combined_protein.tsv
Q04201,CUE4,,no Adjusted P-value columns in this combined_protein.tsv
Q04206,RELA,,no Adjusted P-value columns in this combined_protein.tsv
Q04212,ARA2,,no Adjusted P-value columns in this combined_protein.tsv
Q04213,IOC4,,no Adjusted P-value columns in this combined_protein.tsv
Q04214,TY1B-MR1,,no Adjusted P-value columns in this combined_protein.tsv
Q04217,ECM16,,no Adjusted P-value columns in this combined_protein.tsv
Q04223,YMR130W,,no Adjusted P-value columns in this combined_protein.tsv
Q04225,RRB1,,no Adjusted P-value columns in this combined_protein.tsv
Q04226,TAF11,,no Adjusted P-value columns in this combined_protein.tsv
Q04228,UBX2,,no Adjusted P-value columns in this combined_protein.tsv
Q04231,RAD33,,no Adjusted P-value columns in this combined_protein.tsv
Q04233,GIS4,,no Adjusted P-value columns in this combined_protein.tsv
Q04264,PDS5,,no Adjusted P-value columns in this combined_protein.tsv
Q04279,SEG1,,no Adjusted P-value columns in this combined_protein.tsv
Q04299,YMR087W,,no Adjusted P-value columns in this combined_protein.tsv
Q04304,YMR090W,,no Adjusted P-value columns in this combined_protein.tsv
Q04305,UTP15,,no Adjusted P-value columns in this combined_protein.tsv
Q04311,VMS1,,no Adjusted P-value columns in this combined_protein.tsv
Q04322,GYL1,,no Adjusted P-value columns in this combined_protein.tsv
Q04323,UBXN1,,no Adjusted P-value columns in this combined_protein.tsv
Q04336,YMR196W,,no Adjusted P-value columns in this combined_protein.tsv
Q04338,VTI1,,no Adjusted P-value columns in this combined_protein.tsv
Q04341,MIX14,,no Adjusted P-value columns in this combined_protein.tsv
Q04344,HNT1,,no Adjusted P-value columns in this combined_protein.tsv
Q04371,YMR027W,,no Adjusted P-value columns in this combined_protein.tsv
Q04372,TAP42,,no Adjusted P-value columns in this combined_protein.tsv
Q04373,PUF6,,no Adjusted P-value columns in this combined_protein.tsv
Q04396,LPP1,,no Adjusted P-value columns in this combined_protein.tsv
Q04401,SDH7,,no Adjusted P-value columns in this combined_protein.tsv
Q04409,EMI2,,no Adjusted P-value columns in this combined_protein.tsv
Q04410,GRH1,,no Adjusted P-value columns in this combined_protein.tsv
Q04418,RBA50,,no Adjusted P-value columns in this combined_protein.tsv
Q04430,CAB1,,no Adjusted P-value columns in this combined_protein.tsv
Q04432,HSP31,,no Adjusted P-value columns in this combined_protein.tsv
Q04438,SPG4,,no Adjusted P-value columns in this combined_protein.tsv
Q04439,MYO5,,no Adjusted P-value columns in this combined_protein.tsv
Q04446,GBE1,,no Adjusted P-value columns in this combined_protein.tsv
Q04458,HFD1,,no Adjusted P-value columns in this combined_protein.tsv
Q04471,YMR114C,,no Adjusted P-value columns in this combined_protein.tsv
Q04472,MGR3,,no Adjusted P-value columns in this combined_protein.tsv
Q04477,SPC24,,no Adjusted P-value columns in this combined_protein.tsv
Q04491,SEC13,,no Adjusted P-value columns in this combined_protein.tsv
Q04493,GIM5,,no Adjusted P-value columns in this combined_protein.tsv
Q04500,UTP14,,no Adjusted P-value columns in this combined_protein.tsv
Q04533,YML082W,,no Adjusted P-value columns in this combined_protein.tsv
Q04562,TMN2,,no Adjusted P-value columns in this combined_protein.tsv
Q04585,YDR109C,,no Adjusted P-value columns in this combined_protein.tsv
Q04599,MRPL1,,no Adjusted P-value columns in this combined_protein.tsv
Q04600,TMA64,,no Adjusted P-value columns in this combined_protein.tsv
Q04602,VBA4,,no Adjusted P-value columns in this combined_protein.tsv
Q04603,DPB4,,no Adjusted P-value columns in this combined_protein.tsv
Q04632,COG8,,no Adjusted P-value columns in this combined_protein.tsv
Q04636,POB3,,no Adjusted P-value columns in this combined_protein.tsv
Q04637,EIF4G1,,no Adjusted P-value columns in this combined_protein.tsv
Q04651,ERV41,,no Adjusted P-value columns in this combined_protein.tsv
Q04660,ERB1,,no Adjusted P-value columns in this combined_protein.tsv
Q04673,SSL1,,no Adjusted P-value columns in this combined_protein.tsv
Q04693,RSE1,,no Adjusted P-value columns in this combined_protein.tsv
Q04697,GSF2,,no Adjusted P-value columns in this combined_protein.tsv
Q04726,TLE3,,no Adjusted P-value columns in this combined_protein.tsv
Q04728,ARG7,,no Adjusted P-value columns in this combined_protein.tsv
Q04739,GAL83,,no Adjusted P-value columns in this combined_protein.tsv
Q04759,PRKCQ,,no Adjusted P-value columns in this combined_protein.tsv
Q04760,GLO1,,no Adjusted P-value columns in this combined_protein.tsv
Q04767,TVP18,,no Adjusted P-value columns in this combined_protein.tsv
Q04773,YMR074C,,no Adjusted P-value columns in this combined_protein.tsv
Q04779,RCO1,,no Adjusted P-value columns in this combined_protein.tsv
Q04781,RKR1,,no Adjusted P-value columns in this combined_protein.tsv
Q04792,GAD1,,no Adjusted P-value columns in this combined_protein.tsv
Q04835,YMR253C,,no Adjusted P-value columns in this combined_protein.tsv
Q04837,SSBP1,,no Adjusted P-value columns in this combined_protein.tsv
Q04839,GFD1,,no Adjusted P-value columns in this combined_protein.tsv
Q04847,ROY1,,no Adjusted P-value columns in this combined_protein.tsv
Q04864,REL,,no Adjusted P-value columns in this combined_protein.tsv
Q04867,YMR310C,,no Adjusted P-value columns in this combined_protein.tsv
Q04869,YMR315W,,no Adjusted P-value columns in this combined_protein.tsv
Q04894,ADH6,,no Adjusted P-value columns in this combined_protein.tsv
Q04917,YWHAH,,no Adjusted P-value columns in this combined_protein.tsv
Q04922,MFB1,,no Adjusted P-value columns in this combined_protein.tsv
Q04924,GTB1,,no Adjusted P-value columns in this combined_protein.tsv
Q04934,IVY1,,no Adjusted P-value columns in this combined_protein.tsv
Q04935,COX20,,no Adjusted P-value columns in this combined_protein.tsv
Q04941,PLP2,,no Adjusted P-value columns in this combined_protein.tsv
Q04947,RTN1,,no Adjusted P-value columns in this combined_protein.tsv
Q04958,NTE1,,no Adjusted P-value columns in this combined_protein.tsv
Q04964,SML1,,no Adjusted P-value columns in this combined_protein.tsv
Q04969,SPC2,,no Adjusted P-value columns in this combined_protein.tsv
Q04991,FMP42,,no Adjusted P-value columns in this combined_protein.tsv
Q05015,FSH2,,no Adjusted P-value columns in this combined_protein.tsv
Q05016,YMR226C,,no Adjusted P-value columns in this combined_protein.tsv
Q05022,RRP5,,no Adjusted P-value columns in this combined_protein.tsv
Q05027,TAF9,,no Adjusted P-value columns in this combined_protein.tsv
Q05029,BCH1,,no Adjusted P-value columns in this combined_protein.tsv
Q05031,DFG5,,no Adjusted P-value columns in this combined_protein.tsv
Q05040,FAR8,,no Adjusted P-value columns in this combined_protein.tsv
Q05048,CSTF1,,no Adjusted P-value columns in this combined_protein.tsv
Q05050,EIS1,,no Adjusted P-value columns in this combined_protein.tsv
Q05086,UBE3A,,no Adjusted P-value columns in this combined_protein.tsv
Q05123,ARP9,,no Adjusted P-value columns in this combined_protein.tsv
Q05166,ASM4,,no Adjusted P-value columns in this combined_protein.tsv
Q05209,PTPN12,,no Adjusted P-value columns in this combined_protein.tsv
Q05359,ERP1,,no Adjusted P-value columns in this combined_protein.tsv
Q05397,PTK2,,no Adjusted P-value columns in this combined_protein.tsv
Q05468,RQC1,,no Adjusted P-value columns in this combined_protein.tsv
Q05471,SWR1,,no Adjusted P-value columns in this combined_protein.tsv
Q05498,FCF1,,no Adjusted P-value columns in this combined_protein.tsv
Q05506,YDR341C,,no Adjusted P-value columns in this combined_protein.tsv
Q05515,SVF1,,no Adjusted P-value columns in this combined_protein.tsv
Q05518,PAL1,,no Adjusted P-value columns in this combined_protein.tsv
Q05519,SRSF11,,no Adjusted P-value columns in this combined_protein.tsv
Q05521,DPP1,,no Adjusted P-value columns in this combined_protein.tsv
Q05533,INM2,,no Adjusted P-value columns in this combined_protein.tsv
Q05543,RTT103,,no Adjusted P-value columns in this combined_protein.tsv
Q05567,DPL1,,no Adjusted P-value columns in this combined_protein.tsv
Q05580,HEL2,,no Adjusted P-value columns in this combined_protein.tsv
Q05584,GLO2,,no Adjusted P-value columns in this combined_protein.tsv
Q05636,RRP45,,no Adjusted P-value columns in this combined_protein.tsv
Q05639,EEF1A2,,no Adjusted P-value columns in this combined_protein.tsv
Q05672,RBS1,,no Adjusted P-value columns in this combined_protein.tsv
Q05775,HCR1,,no Adjusted P-value columns in this combined_protein.tsv
Q05778,PBA1,,no Adjusted P-value columns in this combined_protein.tsv
Q05779,COQ9,,no Adjusted P-value columns in this combined_protein.tsv
Q05785,ENT2,,no Adjusted P-value columns in this combined_protein.tsv
Q05787,HRD3,,no Adjusted P-value columns in this combined_protein.tsv
Q05788,PNP1,,no Adjusted P-value columns in this combined_protein.tsv
Q05791,CDC123,,no Adjusted P-value columns in this combined_protein.tsv
Q05809,COA4,,no Adjusted P-value columns in this combined_protein.tsv
Q05812,MSC3,,no Adjusted P-value columns in this combined_protein.tsv
Q05827,HOR7,,no Adjusted P-value columns in this combined_protein.tsv
Q05874,NNT1,,no Adjusted P-value columns in this combined_protein.tsv
Q05881,YLR287C,,no Adjusted P-value columns in this combined_protein.tsv
Q05892,COQ11,,no Adjusted P-value columns in this combined_protein.tsv
Q05902,ECM38,,no Adjusted P-value columns in this combined_protein.tsv
Q05905,HRI1,,no Adjusted P-value columns in this combined_protein.tsv
Q05911,ADE13,,no Adjusted P-value columns in this combined_protein.tsv
Q05926,GRX8,,no Adjusted P-value columns in this combined_protein.tsv
Q05931,SSQ1,,no Adjusted P-value columns in this combined_protein.tsv
Q05932,FPGS,,no Adjusted P-value columns in this combined_protein.tsv
Q05933,ARC18,,no Adjusted P-value columns in this combined_protein.tsv
Q05934,VID22,,no Adjusted P-value columns in this combined_protein.tsv
Q05942,RSA3,,no Adjusted P-value columns in this combined_protein.tsv
Q05946,UTP13,,no Adjusted P-value columns in this combined_protein.tsv
Q05948,YLR225C,,no Adjusted P-value columns in this combined_protein.tsv
Q05979,BNA5,,no Adjusted P-value columns in this combined_protein.tsv
Q05D32,CTDSPL2,,no Adjusted P-value columns in this combined_protein.tsv
Q06010,STE23,,no Adjusted P-value columns in this combined_protein.tsv
Q06011,ECM19,,no Adjusted P-value columns in this combined_protein.tsv
Q06053,DUS3,,no Adjusted P-value columns in this combined_protein.tsv
Q06058,SEI1,,no Adjusted P-value columns in this combined_protein.tsv
Q06078,UTP21,,no Adjusted P-value columns in this combined_protein.tsv
Q06089,YPR098C,,no Adjusted P-value columns in this combined_protein.tsv
Q06096,COG4,,no Adjusted P-value columns in this combined_protein.tsv
Q06103,RPN7,,no Adjusted P-value columns in this combined_protein.tsv
Q06104,GLD1,,no Adjusted P-value columns in this combined_protein.tsv
Q06106,MRD1,,no Adjusted P-value columns in this combined_protein.tsv
Q06108,RGC1,,no Adjusted P-value columns in this combined_protein.tsv
Q06124,PTPN11,,no Adjusted P-value columns in this combined_protein.tsv
Q06132,SGD1,,no Adjusted P-value columns in this combined_protein.tsv
Q06137,YLR345W,,no Adjusted P-value columns in this combined_protein.tsv
Q06142,KAP95,,no Adjusted P-value columns in this combined_protein.tsv
Q06143,DIC1,,no Adjusted P-value columns in this combined_protein.tsv
Q06144,ORM2,,no Adjusted P-value columns in this combined_protein.tsv
Q06146,YLR257W,,no Adjusted P-value columns in this combined_protein.tsv
Q06147,LCB5,,no Adjusted P-value columns in this combined_protein.tsv
Q06151,DCS1,,no Adjusted P-value columns in this combined_protein.tsv
Q06168,SFH1,,no Adjusted P-value columns in this combined_protein.tsv
Q06169,PEX30,,no Adjusted P-value columns in this combined_protein.tsv
Q06170,YLR326W,,no Adjusted P-value columns in this combined_protein.tsv
Q06177,TMA10,,no Adjusted P-value columns in this combined_protein.tsv
Q06178,NMA1,,no Adjusted P-value columns in this combined_protein.tsv
Q06179,FMP27,,no Adjusted P-value columns in this combined_protein.tsv
Q06187,BTK,,no Adjusted P-value columns in this combined_protein.tsv
Q06188,PDP3,,no Adjusted P-value columns in this combined_protein.tsv
Q06203,PPAT,,no Adjusted P-value columns in this combined_protein.tsv
Q06205,FPR4,,no Adjusted P-value columns in this combined_protein.tsv
Q06210,GFPT1,,no Adjusted P-value columns in this combined_protein.tsv
Q06213,NUT2,,no Adjusted P-value columns in this combined_protein.tsv
Q06214,JIP5,,no Adjusted P-value columns in this combined_protein.tsv
Q06217,SMD2,,no Adjusted P-value columns in this combined_protein.tsv
Q06218,DBP9,,no Adjusted P-value columns in this combined_protein.tsv
Q06224,YSH1,,no Adjusted P-value columns in this combined_protein.tsv
Q06245,SEC10,,no Adjusted P-value columns in this combined_protein.tsv
Q06251,YLR177W,,no Adjusted P-value columns in this combined_protein.tsv
Q06252,YLR179C,,no Adjusted P-value columns in this combined_protein.tsv
Q06263,VTA1,,no Adjusted P-value columns in this combined_protein.tsv
Q06265,EXOSC9,,no Adjusted P-value columns in this combined_protein.tsv
Q06287,EMG1,,no Adjusted P-value columns in this combined_protein.tsv
Q06315,SKG3,,no Adjusted P-value columns in this combined_protein.tsv
Q06321,ATG26,,no Adjusted P-value columns in this combined_protein.tsv
Q06323,PSME1,,no Adjusted P-value columns in this combined_protein.tsv
Q06330,RBPJ,,no Adjusted P-value columns in this combined_protein.tsv
Q06336,GGA1,,no Adjusted P-value columns in this combined_protein.tsv
Q06338,BCP1,,no Adjusted P-value columns in this combined_protein.tsv
Q06339,TFC6,,no Adjusted P-value columns in this combined_protein.tsv
Q06344,ESF1,,no Adjusted P-value columns in this combined_protein.tsv
Q06346,KEI1,,no Adjusted P-value columns in this combined_protein.tsv
Q06350,CTS2,,no Adjusted P-value columns in this combined_protein.tsv
Q06385,VPS74,,no Adjusted P-value columns in this combined_protein.tsv
Q06406,LSM6,,no Adjusted P-value columns in this combined_protein.tsv
Q06407,RGA2,,no Adjusted P-value columns in this combined_protein.tsv
Q06408,ARO10,,no Adjusted P-value columns in this combined_protein.tsv
Q06409,DCK1,,no Adjusted P-value columns in this combined_protein.tsv
Q06413,MEF2C,,no Adjusted P-value columns in this combined_protein.tsv
Q06440,CRN1,,no Adjusted P-value columns in this combined_protein.tsv
Q06449,PIN3,,no Adjusted P-value columns in this combined_protein.tsv
Q06451,TPO3,,no Adjusted P-value columns in this combined_protein.tsv
Q06479,YLR352W,,no Adjusted P-value columns in this combined_protein.tsv
Q06485,ATG33,,no Adjusted P-value columns in this combined_protein.tsv
Q06488,RSC2,,no Adjusted P-value columns in this combined_protein.tsv
Q06489,MRI1,,no Adjusted P-value columns in this combined_protein.tsv
Q06493,YLH47,,no Adjusted P-value columns in this combined_protein.tsv
Q06494,YPR127W,,no Adjusted P-value columns in this combined_protein.tsv
Q06497,ANT1,,no Adjusted P-value columns in this combined_protein.tsv
Q06504,NAT3,,no Adjusted P-value columns in this combined_protein.tsv
Q06505,SPN1,,no Adjusted P-value columns in this combined_protein.tsv
Q06506,RRP9,,no Adjusted P-value columns in this combined_protein.tsv
Q06508,LOA1,,no Adjusted P-value columns in this combined_protein.tsv
Q06510,TAZ1,,no Adjusted P-value columns in this combined_protein.tsv
Q06511,RRP15,,no Adjusted P-value columns in this combined_protein.tsv
Q06512,NOC4,,no Adjusted P-value columns in this combined_protein.tsv
Q06523,YPR148C,,no Adjusted P-value columns in this combined_protein.tsv
Q06525,URN1,,no Adjusted P-value columns in this combined_protein.tsv
Q06538,CSC1,,no Adjusted P-value columns in this combined_protein.tsv
Q06543,GPN3,,no Adjusted P-value columns in this combined_protein.tsv
Q06546,GABPA,,no Adjusted P-value columns in this combined_protein.tsv
Q06547,GABPB1,,no Adjusted P-value columns in this combined_protein.tsv
Q06580,MLC2,,no Adjusted P-value columns in this combined_protein.tsv
Q06587,RING1,,no Adjusted P-value columns in this combined_protein.tsv
Q06608,YPR172W,,no Adjusted P-value columns in this combined_protein.tsv
Q06609,RAD51,,no Adjusted P-value columns in this combined_protein.tsv
Q06624,AOS1,,no Adjusted P-value columns in this combined_protein.tsv
Q06625,GDB1,,no Adjusted P-value columns in this combined_protein.tsv
Q06628,ATG13,,no Adjusted P-value columns in this combined_protein.tsv
Q06629,HDA2,,no Adjusted P-value columns in this combined_protein.tsv
Q06630,MHR1,,no Adjusted P-value columns in this combined_protein.tsv
Q06631,BFR2,,no Adjusted P-value columns in this combined_protein.tsv
Q06632,CFT1,,no Adjusted P-value columns in this combined_protein.tsv
Q06636,GPI11,,no Adjusted P-value columns in this combined_protein.tsv
Q06639,RSC3,,no Adjusted P-value columns in this combined_protein.tsv
Q06644,PMT7,,no Adjusted P-value columns in this combined_protein.tsv
Q06651,PIB1,,no Adjusted P-value columns in this combined_protein.tsv
Q06672,TSR2,,no Adjusted P-value columns in this combined_protein.tsv
Q06673,ECM30,,no Adjusted P-value columns in this combined_protein.tsv
Q06677,SWA2,,no Adjusted P-value columns in this combined_protein.tsv
Q06678,MRPL35,,no Adjusted P-value columns in this combined_protein.tsv
Q06679,UTP4,,no Adjusted P-value columns in this combined_protein.tsv
Q06680,YCG1,,no Adjusted P-value columns in this combined_protein.tsv
Q06681,YSP2,,no Adjusted P-value columns in this combined_protein.tsv
Q06682,UBX5,,no Adjusted P-value columns in this combined_protein.tsv
Q06685,VIP1,,no Adjusted P-value columns in this combined_protein.tsv
Q06688,BER1,,no Adjusted P-value columns in this combined_protein.tsv
Q06697,CDC73,,no Adjusted P-value columns in this combined_protein.tsv
Q06698,YLR419W,,no Adjusted P-value columns in this combined_protein.tsv
Q06704,IMH1,,no Adjusted P-value columns in this combined_protein.tsv
Q06705,CSR1,,no Adjusted P-value columns in this combined_protein.tsv
Q06706,IKI3,,no Adjusted P-value columns in this combined_protein.tsv
Q06708,VAC14,,no Adjusted P-value columns in this combined_protein.tsv
Q06709,REH1,,no Adjusted P-value columns in this combined_protein.tsv
Q06787,FMR1,,no Adjusted P-value columns in this combined_protein.tsv
Q06815,MRL1,,no Adjusted P-value columns in this combined_protein.tsv
Q06819,DIB1,,no Adjusted P-value columns in this combined_protein.tsv
Q06830,PRDX1,,no Adjusted P-value columns in this combined_protein.tsv
Q06833,NVJ2,,no Adjusted P-value columns in this combined_protein.tsv
Q06839,LEC1,,no Adjusted P-value columns in this combined_protein.tsv
Q06891,RAF1,,no Adjusted P-value columns in this combined_protein.tsv
Q07020,RPL18,,no Adjusted P-value columns in this combined_protein.tsv
Q07021,C1QBP,,no Adjusted P-value columns in this combined_protein.tsv
Q07157,TJP1,,no Adjusted P-value columns in this combined_protein.tsv
Q07362,PBP4,,no Adjusted P-value columns in this combined_protein.tsv
Q07379,YDL057W,,no Adjusted P-value columns in this combined_protein.tsv
Q07381,TSR1,,no Adjusted P-value columns in this combined_protein.tsv
Q07395,SYO1,,no Adjusted P-value columns in this combined_protein.tsv
Q07418,PEX19,,no Adjusted P-value columns in this combined_protein.tsv
Q07451,YET3,,no Adjusted P-value columns in this combined_protein.tsv
Q07457,BRE1,,no Adjusted P-value columns in this combined_protein.tsv
Q07458,RXT3,,no Adjusted P-value columns in this combined_protein.tsv
Q07468,VAM6,,no Adjusted P-value columns in this combined_protein.tsv
Q07478,SUB2,,no Adjusted P-value columns in this combined_protein.tsv
Q07505,YDL086W,,no Adjusted P-value columns in this combined_protein.tsv
Q07527,TRM3,,no Adjusted P-value columns in this combined_protein.tsv
Q07528,ATG20,,no Adjusted P-value columns in this combined_protein.tsv
Q07532,IWR1,,no Adjusted P-value columns in this combined_protein.tsv
Q07540,YFH1,,no Adjusted P-value columns in this combined_protein.tsv
Q07541,EXP1,,no Adjusted P-value columns in this combined_protein.tsv
Q07549,SNA4,,no Adjusted P-value columns in this combined_protein.tsv
Q07551,YDL124W,,no Adjusted P-value columns in this combined_protein.tsv
Q07589,YDL144C,,no Adjusted P-value columns in this combined_protein.tsv
Q07622,ACK1,,no Adjusted P-value columns in this combined_protein.tsv
Q07623,NOP6,,no Adjusted P-value columns in this combined_protein.tsv
Q07648,DTD1,,no Adjusted P-value columns in this combined_protein.tsv
Q07651,FMP45,,no Adjusted P-value columns in this combined_protein.tsv
Q07653,HBT1,,no Adjusted P-value columns in this combined_protein.tsv
Q07655,WHI4,,no Adjusted P-value columns in this combined_protein.tsv
Q07657,SHS1,,no Adjusted P-value columns in this combined_protein.tsv
Q07666,KHDRBS1,,no Adjusted P-value columns in this combined_protein.tsv
Q07688,YPD1,,no Adjusted P-value columns in this combined_protein.tsv
Q07716,AIM6,,no Adjusted P-value columns in this combined_protein.tsv
Q07800,PSR1,,no Adjusted P-value columns in this combined_protein.tsv
Q07807,PUF3,,no Adjusted P-value columns in this combined_protein.tsv
Q07812,BAX,,no Adjusted P-value columns in this combined_protein.tsv
Q07817,BCL2L1,,no Adjusted P-value columns in this combined_protein.tsv
Q07825,FRA1,,no Adjusted P-value columns in this combined_protein.tsv
Q07830,GPI13,,no Adjusted P-value columns in this combined_protein.tsv
Q07834,YLL032C,,no Adjusted P-value columns in this combined_protein.tsv
Q07844,RIX7,,no Adjusted P-value columns in this combined_protein.tsv
Q07864,POLE,,no Adjusted P-value columns in this combined_protein.tsv
Q07866,KLC1,,no Adjusted P-value columns in this combined_protein.tsv
Q07872,ENT4,,no Adjusted P-value columns in this combined_protein.tsv
Q07878,VPS13,,no Adjusted P-value columns in this combined_protein.tsv
Q07896,NOC3,,no Adjusted P-value columns in this combined_protein.tsv
Q07897,CMS1,,no Adjusted P-value columns in this combined_protein.tsv
Q07914,PAM18,,no Adjusted P-value columns in this combined_protein.tsv
Q07915,RLP24,,no Adjusted P-value columns in this combined_protein.tsv
Q07950,YEH2,,no Adjusted P-value columns in this combined_protein.tsv
Q07951,IRC25,,no Adjusted P-value columns in this combined_protein.tsv
Q07953,SDO1,,no Adjusted P-value columns in this combined_protein.tsv
Q07955,SRSF1,,no Adjusted P-value columns in this combined_protein.tsv
Q07960,ARHGAP1,,no Adjusted P-value columns in this combined_protein.tsv
Q07963,UBR2,,no Adjusted P-value columns in this combined_protein.tsv
Q07979,RSC58,,no Adjusted P-value columns in this combined_protein.tsv
Q08001,LAM6,,no Adjusted P-value columns in this combined_protein.tsv
Q08004,BUD20,,no Adjusted P-value columns in this combined_protein.tsv
Q08023,FMP25,,no Adjusted P-value columns in this combined_protein.tsv
Q08045,LCL2,,no Adjusted P-value columns in this combined_protein.tsv
Q08096,RCL1,,no Adjusted P-value columns in this combined_protein.tsv
Q08144,TLG2,,no Adjusted P-value columns in this combined_protein.tsv
Q08162,DIS3,,no Adjusted P-value columns in this combined_protein.tsv
Q08170,SRSF4,,no Adjusted P-value columns in this combined_protein.tsv
Q08179,MDM38,,no Adjusted P-value columns in this combined_protein.tsv
Q08193,GAS5,,no Adjusted P-value columns in this combined_protein.tsv
Q08199,SIL1,,no Adjusted P-value columns in this combined_protein.tsv
Q08202,OPI10,,no Adjusted P-value columns in this combined_protein.tsv
Q08208,NOP12,,no Adjusted P-value columns in this combined_protein.tsv
Q08211,DHX9,,no Adjusted P-value columns in this combined_protein.tsv
Q08215,PEX15,,no Adjusted P-value columns in this combined_protein.tsv
Q08220,GSH2,,no Adjusted P-value columns in this combined_protein.tsv
Q08224,THI20,,no Adjusted P-value columns in this combined_protein.tsv
Q08225,YOL057W,,no Adjusted P-value columns in this combined_protein.tsv
Q08227,INP54,,no Adjusted P-value columns in this combined_protein.tsv
Q08229,NBA1,,no Adjusted P-value columns in this combined_protein.tsv
Q08230,SDH5,,no Adjusted P-value columns in this combined_protein.tsv
Q08235,BRX1,,no Adjusted P-value columns in this combined_protein.tsv
Q08245,ZEO1,,no Adjusted P-value columns in this combined_protein.tsv
Q08257,CRYZ,,no Adjusted P-value columns in this combined_protein.tsv
Q08273,HRT1,,no Adjusted P-value columns in this combined_protein.tsv
Q08285,RRP40,,no Adjusted P-value columns in this combined_protein.tsv
Q08287,NOP8,,no Adjusted P-value columns in this combined_protein.tsv
Q08299,ENB1,,no Adjusted P-value columns in this combined_protein.tsv
Q08378,GOLGA3,,no Adjusted P-value columns in this combined_protein.tsv
Q08379,GOLGA2,,no Adjusted P-value columns in this combined_protein.tsv
Q08412,CUE5,,no Adjusted P-value columns in this combined_protein.tsv
Q08417,RSB1,,no Adjusted P-value columns in this combined_protein.tsv
Q08421,ETT1,,no Adjusted P-value columns in this combined_protein.tsv
Q08422,TMC1,,no Adjusted P-value columns in this combined_protein.tsv
Q08431,MFGE8,,no Adjusted P-value columns in this combined_protein.tsv
Q08438,VHS3,,no Adjusted P-value columns in this combined_protein.tsv
Q08444,NOB1,,no Adjusted P-value columns in this combined_protein.tsv
Q08446,SGT1,,no Adjusted P-value columns in this combined_protein.tsv
Q08484,GYP1,,no Adjusted P-value columns in this combined_protein.tsv
Q08491,SKI7,,no Adjusted P-value columns in this combined_protein.tsv
Q08492,BUD21,,no Adjusted P-value columns in this combined_protein.tsv
Q08495,DMTN,,no Adjusted P-value columns in this combined_protein.tsv
Q08548,ALE1,,no Adjusted P-value columns in this combined_protein.tsv
Q08553,SYC1,,no Adjusted P-value columns in this combined_protein.tsv
Q08561,IES4,,no Adjusted P-value columns in this combined_protein.tsv
Q08581,SLK19,,no Adjusted P-value columns in this combined_protein.tsv
Q08601,MCA1,,no Adjusted P-value columns in this combined_protein.tsv
Q08623,PUDP,,no Adjusted P-value columns in this combined_protein.tsv
Q08634,YOR238W,,no Adjusted P-value columns in this combined_protein.tsv
Q08641,ABP140,,no Adjusted P-value columns in this combined_protein.tsv
Q08645,MET7,,no Adjusted P-value columns in this combined_protein.tsv
Q08647,PUS7,,no Adjusted P-value columns in this combined_protein.tsv
Q08685,CLP1,,no Adjusted P-value columns in this combined_protein.tsv
Q08686,TUM1,,no Adjusted P-value columns in this combined_protein.tsv
Q08687,TMA16,,no Adjusted P-value columns in this combined_protein.tsv
Q08689,NAT5,,no Adjusted P-value columns in this combined_protein.tsv
Q08723,RPN8,,no Adjusted P-value columns in this combined_protein.tsv
Q08726,GPN2,,no Adjusted P-value columns in this combined_protein.tsv
Q08732,HRK1,,no Adjusted P-value columns in this combined_protein.tsv
Q08742,RDL2,,no Adjusted P-value columns in this combined_protein.tsv
Q08746,RRS1,,no Adjusted P-value columns in this combined_protein.tsv
Q08752,PPID,,no Adjusted P-value columns in this combined_protein.tsv
Q08754,BUD7,,no Adjusted P-value columns in this combined_protein.tsv
Q08773,ISW2,,no Adjusted P-value columns in this combined_protein.tsv
Q08816,TFB6,,no Adjusted P-value columns in this combined_protein.tsv
Q08817,SOG2,,no Adjusted P-value columns in this combined_protein.tsv
Q08818,MSC6,,no Adjusted P-value columns in this combined_protein.tsv
Q08822,CIR2,,no Adjusted P-value columns in this combined_protein.tsv
Q08826,SNX3,,no Adjusted P-value columns in this combined_protein.tsv
Q08831,VTS1,,no Adjusted P-value columns in this combined_protein.tsv
Q08873,SCP1,,no Adjusted P-value columns in this combined_protein.tsv
Q08920,CBC2,,no Adjusted P-value columns in this combined_protein.tsv
Q08924,RTT10,,no Adjusted P-value columns in this combined_protein.tsv
Q08925,MRN1,,no Adjusted P-value columns in this combined_protein.tsv
Q08926,UIP4,,no Adjusted P-value columns in this combined_protein.tsv
Q08945,SSRP1,,no Adjusted P-value columns in this combined_protein.tsv
Q08951,APL5,,no Adjusted P-value columns in this combined_protein.tsv
Q08952,OXR1,,no Adjusted P-value columns in this combined_protein.tsv
Q08954,NBR9,,no Adjusted P-value columns in this combined_protein.tsv
Q08959,PGC1,,no Adjusted P-value columns in this combined_protein.tsv
Q08961,RKM1,,no Adjusted P-value columns in this combined_protein.tsv
Q08962,NIP7,,no Adjusted P-value columns in this combined_protein.tsv
Q08963,LEA1,,no Adjusted P-value columns in this combined_protein.tsv
Q08965,BMS1,,no Adjusted P-value columns in this combined_protein.tsv
Q08968,FMP40,,no Adjusted P-value columns in this combined_protein.tsv
Q08969,GRE1,,no Adjusted P-value columns in this combined_protein.tsv
Q08971,YPL225W,,no Adjusted P-value columns in this combined_protein.tsv
Q08972,NEW1,,no Adjusted P-value columns in this combined_protein.tsv
Q08977,CUB1,,no Adjusted P-value columns in this combined_protein.tsv
Q08979,KEL3,,no Adjusted P-value columns in this combined_protein.tsv
Q08985,SAM4,,no Adjusted P-value columns in this combined_protein.tsv
Q08AG7,MZT1,,no Adjusted P-value columns in this combined_protein.tsv
Q08AM6,VAC14,,no Adjusted P-value columns in this combined_protein.tsv
Q08J23,NSUN2,,no Adjusted P-value columns in this combined_protein.tsv
Q09028,RBBP4,,no Adjusted P-value columns in this combined_protein.tsv
Q09161,NCBP1,,no Adjusted P-value columns in this combined_protein.tsv
Q09472,EP300,,no Adjusted P-value columns in this combined_protein.tsv
Q09666,AHNAK,,no Adjusted P-value columns in this combined_protein.tsv
Q0JRZ9,FCHO2,,no Adjusted P-value columns in this combined_protein.tsv
Q0PNE2,ELP6,,no Adjusted P-value columns in this combined_protein.tsv
Q0VD83,APOBR,,no Adjusted P-value columns in this combined_protein.tsv
Q0VDF9,HSPA14,,no Adjusted P-value columns in this combined_protein.tsv
Q0VDG4,SCRN3,,no Adjusted P-value columns in this combined_protein.tsv
Q0VGL1,LAMTOR4,,no Adjusted P-value columns in this combined_protein.tsv
Q10469,MGAT2,,no Adjusted P-value columns in this combined_protein.tsv
Q10471,GALNT2,,no Adjusted P-value columns in this combined_protein.tsv
Q10567,AP1B1,,no Adjusted P-value columns in this combined_protein.tsv
Q10570,CPSF1,,no Adjusted P-value columns in this combined_protein.tsv
Q10589,BST2,,no Adjusted P-value columns in this combined_protein.tsv
Q10713,PMPCA,,no Adjusted P-value columns in this combined_protein.tsv
Q10740,LAP2,,no Adjusted P-value columns in this combined_protein.tsv
Q12000,TMA46,,no Adjusted P-value columns in this combined_protein.tsv
Q12001,ALG6,,no Adjusted P-value columns in this combined_protein.tsv
Q12003,ENV7,,no Adjusted P-value columns in this combined_protein.tsv
Q12004,TFB4,,no Adjusted P-value columns in this combined_protein.tsv
Q12008,GPM2,,no Adjusted P-value columns in this combined_protein.tsv
Q12009,TRM8,,no Adjusted P-value columns in this combined_protein.tsv
Q12010,YPQ1,,no Adjusted P-value columns in this combined_protein.tsv
Q12012,YOR289W,,no Adjusted P-value columns in this combined_protein.tsv
Q12016,VPS68,,no Adjusted P-value columns in this combined_protein.tsv
Q12017,PLP2,,no Adjusted P-value columns in this combined_protein.tsv
Q12018,CDC53,,no Adjusted P-value columns in this combined_protein.tsv
Q12019,MDN1,,no Adjusted P-value columns in this combined_protein.tsv
Q12024,YTM1,,no Adjusted P-value columns in this combined_protein.tsv
Q12025,EMC10,,no Adjusted P-value columns in this combined_protein.tsv
Q12028,APL4,,no Adjusted P-value columns in this combined_protein.tsv
Q12029,FSF1,,no Adjusted P-value columns in this combined_protein.tsv
Q12030,TAF10,,no Adjusted P-value columns in this combined_protein.tsv
Q12032,AIM41,,no Adjusted P-value columns in this combined_protein.tsv
Q12033,RIM20,,no Adjusted P-value columns in this combined_protein.tsv
Q12034,SLF1,,no Adjusted P-value columns in this combined_protein.tsv
Q12035,FCF2,,no Adjusted P-value columns in this combined_protein.tsv
Q12038,SRO7,,no Adjusted P-value columns in this combined_protein.tsv
Q12040,YOR283W,,no Adjusted P-value columns in this combined_protein.tsv
Q12044,RCN2,,no Adjusted P-value columns in this combined_protein.tsv
Q12049,THP3,,no Adjusted P-value columns in this combined_protein.tsv
Q12055,FAP7,,no Adjusted P-value columns in this combined_protein.tsv
Q12060,HFI1,,no Adjusted P-value columns in this combined_protein.tsv
Q12063,NUS1,,no Adjusted P-value columns in this combined_protein.tsv
Q12066,NUR1,,no Adjusted P-value columns in this combined_protein.tsv
Q12068,GRE2,,no Adjusted P-value columns in this combined_protein.tsv
Q12071,VPS54,,no Adjusted P-value columns in this combined_protein.tsv
Q12072,IOC2,,no Adjusted P-value columns in this combined_protein.tsv
Q12074,SPE3,,no Adjusted P-value columns in this combined_protein.tsv
Q12078,SMF3,,no Adjusted P-value columns in this combined_protein.tsv
Q12080,NOP53,,no Adjusted P-value columns in this combined_protein.tsv
Q12084,DAS2,,no Adjusted P-value columns in this combined_protein.tsv
Q12091,DAP1,,no Adjusted P-value columns in this combined_protein.tsv
Q12096,GNT1,,no Adjusted P-value columns in this combined_protein.tsv
Q12099,FAL1,,no Adjusted P-value columns in this combined_protein.tsv
Q12100,RTK1,,no Adjusted P-value columns in this combined_protein.tsv
Q12102,CFT2,,no Adjusted P-value columns in this combined_protein.tsv
Q12108,RTC5,,no Adjusted P-value columns in this combined_protein.tsv
Q12109,WRS1,,no Adjusted P-value columns in this combined_protein.tsv
Q12112,TY1B-NL1,,no Adjusted P-value columns in this combined_protein.tsv
Q12114,CHS5,,no Adjusted P-value columns in this combined_protein.tsv
Q12117,MRH1,,no Adjusted P-value columns in this combined_protein.tsv
Q12118,SGT2,,no Adjusted P-value columns in this combined_protein.tsv
Q12122,LYS21,,no Adjusted P-value columns in this combined_protein.tsv
Q12123,DCS2,,no Adjusted P-value columns in this combined_protein.tsv
Q12125,GET4,,no Adjusted P-value columns in this combined_protein.tsv
Q12133,SPC3,,no Adjusted P-value columns in this combined_protein.tsv
Q12136,SAS10,,no Adjusted P-value columns in this combined_protein.tsv
Q12144,PER33,,no Adjusted P-value columns in this combined_protein.tsv
Q12149,RRP6,,no Adjusted P-value columns in this combined_protein.tsv
Q12153,SSF2,,no Adjusted P-value columns in this combined_protein.tsv
Q12154,GET3,,no Adjusted P-value columns in this combined_protein.tsv
Q12156,AIM7,,no Adjusted P-value columns in this combined_protein.tsv
Q12159,YRA1,,no Adjusted P-value columns in this combined_protein.tsv
Q12160,YPR063C,,no Adjusted P-value columns in this combined_protein.tsv
Q12163,NBP2,,no Adjusted P-value columns in this combined_protein.tsv
Q12164,POM33,,no Adjusted P-value columns in this combined_protein.tsv
Q12165,ATP16,,no Adjusted P-value columns in this combined_protein.tsv
Q12166,LEU9,,no Adjusted P-value columns in this combined_protein.tsv
Q12168,ACF2,,no Adjusted P-value columns in this combined_protein.tsv
Q12176,MAK21,,no Adjusted P-value columns in this combined_protein.tsv
Q12178,FCY1,,no Adjusted P-value columns in this combined_protein.tsv
Q12186,MSL5,,no Adjusted P-value columns in this combined_protein.tsv
Q12189,RKI1,,no Adjusted P-value columns in this combined_protein.tsv
Q12191,BUG1,,no Adjusted P-value columns in this combined_protein.tsv
Q12196,RIO1,,no Adjusted P-value columns in this combined_protein.tsv
Q12199,TIP41,,no Adjusted P-value columns in this combined_protein.tsv
Q12200,NCR1,,no Adjusted P-value columns in this combined_protein.tsv
Q12206,WTM2,,no Adjusted P-value columns in this combined_protein.tsv
Q12207,NCE102,,no Adjusted P-value columns in this combined_protein.tsv
Q12211,PUS1,,no Adjusted P-value columns in this combined_protein.tsv
Q12213,RPL7B,,no Adjusted P-value columns in this combined_protein.tsv
Q12220,DIP2,,no Adjusted P-value columns in this combined_protein.tsv
Q12221,PUF2,,no Adjusted P-value columns in this combined_protein.tsv
Q12230,LSP1,,no Adjusted P-value columns in this combined_protein.tsv
Q12234,RUD3,,no Adjusted P-value columns in this combined_protein.tsv
Q12236,PKH2,,no Adjusted P-value columns in this combined_protein.tsv
Q12239,YOL107W,,no Adjusted P-value columns in this combined_protein.tsv
Q12242,RUP1,,no Adjusted P-value columns in this combined_protein.tsv
Q12245,POC4,,no Adjusted P-value columns in this combined_protein.tsv
Q12246,LCB4,,no Adjusted P-value columns in this combined_protein.tsv
Q12248,DAD1,,no Adjusted P-value columns in this combined_protein.tsv
Q12250,RPN5,,no Adjusted P-value columns in this combined_protein.tsv
Q12255,NYV1,,no Adjusted P-value columns in this combined_protein.tsv
Q12259,YLR108C,,no Adjusted P-value columns in this combined_protein.tsv
Q12263,GIN4,,no Adjusted P-value columns in this combined_protein.tsv
Q12265,PRS5,,no Adjusted P-value columns in this combined_protein.tsv
Q12271,INP53,,no Adjusted P-value columns in this combined_protein.tsv
Q12272,TPT1,,no Adjusted P-value columns in this combined_protein.tsv
Q12276,HER1,,no Adjusted P-value columns in this combined_protein.tsv
Q12277,RRP42,,no Adjusted P-value columns in this combined_protein.tsv
Q12284,ERV2,,no Adjusted P-value columns in this combined_protein.tsv
Q12285,MDY2,,no Adjusted P-value columns in this combined_protein.tsv
Q12287,COX17,,no Adjusted P-value columns in this combined_protein.tsv
Q12288,YLR126C,,no Adjusted P-value columns in this combined_protein.tsv
Q12291,BMT6,,no Adjusted P-value columns in this combined_protein.tsv
Q12292,ATG34,,no Adjusted P-value columns in this combined_protein.tsv
Q12296,MAM3,,no Adjusted P-value columns in this combined_protein.tsv
Q12297,TAF3,,no Adjusted P-value columns in this combined_protein.tsv
Q12298,YDR061W,,no Adjusted P-value columns in this combined_protein.tsv
Q12305,RDL1,,no Adjusted P-value columns in this combined_protein.tsv
Q12306,SMT3,,no Adjusted P-value columns in this combined_protein.tsv
Q12314,SFM1,,no Adjusted P-value columns in this combined_protein.tsv
Q12315,GLE1,,no Adjusted P-value columns in this combined_protein.tsv
Q12321,MED1,,no Adjusted P-value columns in this combined_protein.tsv
Q12324,YVC1,,no Adjusted P-value columns in this combined_protein.tsv
Q12329,HSP42,,no Adjusted P-value columns in this combined_protein.tsv
Q12331,YDR262W,,no Adjusted P-value columns in this combined_protein.tsv
Q12335,PST2,,no Adjusted P-value columns in this combined_protein.tsv
Q12339,UTP23,,no Adjusted P-value columns in this combined_protein.tsv
Q12341,HAT1,,no Adjusted P-value columns in this combined_protein.tsv
Q12343,MED4,,no Adjusted P-value columns in this combined_protein.tsv
Q12344,GYP5,,no Adjusted P-value columns in this combined_protein.tsv
Q12345,IES3,,no Adjusted P-value columns in this combined_protein.tsv
Q12349,ATP14,,no Adjusted P-value columns in this combined_protein.tsv
Q12354,YLR118C,,no Adjusted P-value columns in this combined_protein.tsv
Q12355,PST1,,no Adjusted P-value columns in this combined_protein.tsv
Q12362,RIB2,,no Adjusted P-value columns in this combined_protein.tsv
Q12363,WTM1,,no Adjusted P-value columns in this combined_protein.tsv
Q12368,SNU23,,no Adjusted P-value columns in this combined_protein.tsv
Q12373,HIF1,,no Adjusted P-value columns in this combined_protein.tsv
Q12374,NCA2,,no Adjusted P-value columns in this combined_protein.tsv
Q12377,RPN6,,no Adjusted P-value columns in this combined_protein.tsv
Q12382,DGK1,,no Adjusted P-value columns in this combined_protein.tsv
Q12386,ARP8,,no Adjusted P-value columns in this combined_protein.tsv
Q12387,MDM20,,no Adjusted P-value columns in this combined_protein.tsv
Q12389,DBP10,,no Adjusted P-value columns in this combined_protein.tsv
Q12395,DCN1,,no Adjusted P-value columns in this combined_protein.tsv
Q12396,EMP46,,no Adjusted P-value columns in this combined_protein.tsv
Q12400,TRM10,,no Adjusted P-value columns in this combined_protein.tsv
Q12402,YOP1,,no Adjusted P-value columns in this combined_protein.tsv
Q12403,ERP3,,no Adjusted P-value columns in this combined_protein.tsv
Q12404,MPD1,,no Adjusted P-value columns in this combined_protein.tsv
Q12406,ARP7,,no Adjusted P-value columns in this combined_protein.tsv
Q12415,TFC7,,no Adjusted P-value columns in this combined_protein.tsv
Q12427,STB3,,no Adjusted P-value columns in this combined_protein.tsv
Q12428,PDH1,,no Adjusted P-value columns in this combined_protein.tsv
Q12429,DPH6,,no Adjusted P-value columns in this combined_protein.tsv
Q12431,EMC6,,no Adjusted P-value columns in this combined_protein.tsv
Q12432,EAF3,,no Adjusted P-value columns in this combined_protein.tsv
Q12434,RDI1,,no Adjusted P-value columns in this combined_protein.tsv
Q12443,RTN2,,no Adjusted P-value columns in this combined_protein.tsv
Q12445,POM34,,no Adjusted P-value columns in this combined_protein.tsv
Q12446,LAS17,,no Adjusted P-value columns in this combined_protein.tsv
Q12447,PAA1,,no Adjusted P-value columns in this combined_protein.tsv
Q12449,AHA1,,no Adjusted P-value columns in this combined_protein.tsv
Q12450,ERP4,,no Adjusted P-value columns in this combined_protein.tsv
Q12451,OSH2,,no Adjusted P-value columns in this combined_protein.tsv
Q12452,ERG27,,no Adjusted P-value columns in this combined_protein.tsv
Q12453,CEX1,,no Adjusted P-value columns in this combined_protein.tsv
Q12454,OCA6,,no Adjusted P-value columns in this combined_protein.tsv
Q12458,YPR1,,no Adjusted P-value columns in this combined_protein.tsv
Q12460,NOP56,,no Adjusted P-value columns in this combined_protein.tsv
Q12462,PEX11,,no Adjusted P-value columns in this combined_protein.tsv
Q12464,RVB2,,no Adjusted P-value columns in this combined_protein.tsv
Q12466,TCB1,,no Adjusted P-value columns in this combined_protein.tsv
Q12480,AIM45,,no Adjusted P-value columns in this combined_protein.tsv
Q12482,AGC1,,no Adjusted P-value columns in this combined_protein.tsv
Q12486,YOR131C,,no Adjusted P-value columns in this combined_protein.tsv
Q12489,YDL012C,,no Adjusted P-value columns in this combined_protein.tsv
Q12494,KCS1,,no Adjusted P-value columns in this combined_protein.tsv
Q12495,RLF2,,no Adjusted P-value columns in this combined_protein.tsv
Q12496,YOL098C,,no Adjusted P-value columns in this combined_protein.tsv
Q12497,FMP16,,no Adjusted P-value columns in this combined_protein.tsv
Q12499,NOP58,,no Adjusted P-value columns in this combined_protein.tsv
Q12500,AVL9,,no Adjusted P-value columns in this combined_protein.tsv
Q12502,LDB19,,no Adjusted P-value columns in this combined_protein.tsv
Q12504,RKM4,,no Adjusted P-value columns in this combined_protein.tsv
Q12508,RMD5,,no Adjusted P-value columns in this combined_protein.tsv
Q12511,PTC5,,no Adjusted P-value columns in this combined_protein.tsv
Q12513,TMA17,,no Adjusted P-value columns in this combined_protein.tsv
Q12514,NOT5,,no Adjusted P-value columns in this combined_protein.tsv
Q12515,PAR32,,no Adjusted P-value columns in this combined_protein.tsv
Q12517,DCP1,,no Adjusted P-value columns in this combined_protein.tsv
Q12518,ENT1,,no Adjusted P-value columns in this combined_protein.tsv
Q12522,TIF6,,no Adjusted P-value columns in this combined_protein.tsv
Q12523,YPL247C,,no Adjusted P-value columns in this combined_protein.tsv
Q12525,MHT1,,no Adjusted P-value columns in this combined_protein.tsv
Q12532,RQC2,,no Adjusted P-value columns in this combined_protein.tsv
Q12672,RPL21B,,no Adjusted P-value columns in this combined_protein.tsv
Q12674,DNF3,,no Adjusted P-value columns in this combined_protein.tsv
Q12675,DNF2,,no Adjusted P-value columns in this combined_protein.tsv
Q12676,FOL3,,no Adjusted P-value columns in this combined_protein.tsv
Q12680,GLT1,,no Adjusted P-value columns in this combined_protein.tsv
Q12692,HTZ1,,no Adjusted P-value columns in this combined_protein.tsv
Q12697,YPK9,,no Adjusted P-value columns in this combined_protein.tsv
Q12734,CSR2,,no Adjusted P-value columns in this combined_protein.tsv
Q12743,DFM1,,no Adjusted P-value columns in this combined_protein.tsv
Q12746,PGA3,,no Adjusted P-value columns in this combined_protein.tsv
Q12753,HAA1,,no Adjusted P-value columns in this combined_protein.tsv
Q12754,RRP12,,no Adjusted P-value columns in this combined_protein.tsv
Q12768,WASHC5,,no Adjusted P-value columns in this combined_protein.tsv
Q12769,NUP160,,no Adjusted P-value columns in this combined_protein.tsv
Q12788,TBL3,,no Adjusted P-value columns in this combined_protein.tsv
Q12789,GTF3C1,,no Adjusted P-value columns in this combined_protein.tsv
Q12792,TWF1,,no Adjusted P-value columns in this combined_protein.tsv
Q12800,TFCP2,,no Adjusted P-value columns in this combined_protein.tsv
Q12815,TROAP,,no Adjusted P-value columns in this combined_protein.tsv
Q12824,SMARCB1,,no Adjusted P-value columns in this combined_protein.tsv
Q12830,BPTF,,no Adjusted P-value columns in this combined_protein.tsv
Q12834,CDC20,,no Adjusted P-value columns in this combined_protein.tsv
Q12840,KIF5A,,no Adjusted P-value columns in this combined_protein.tsv
Q12846,STX4,,no Adjusted P-value columns in this combined_protein.tsv
Q12849,GRSF1,,no Adjusted P-value columns in this combined_protein.tsv
Q12857,NFIA,,no Adjusted P-value columns in this combined_protein.tsv
Q12872,SFSWAP,,no Adjusted P-value columns in this combined_protein.tsv
Q12874,SF3A3,,no Adjusted P-value columns in this combined_protein.tsv
Q12888,TP53BP1,,no Adjusted P-value columns in this combined_protein.tsv
Q12904,AIMP1,,no Adjusted P-value columns in this combined_protein.tsv
Q12905,ILF2,,no Adjusted P-value columns in this combined_protein.tsv
Q12906,ILF3,,no Adjusted P-value columns in this combined_protein.tsv
Q12907,LMAN2,,no Adjusted P-value columns in this combined_protein.tsv
Q12923,PTPN13,,no Adjusted P-value columns in this combined_protein.tsv
Q12931,TRAP1,,no Adjusted P-value columns in this combined_protein.tsv
Q12933,TRAF2,,no Adjusted P-value columns in this combined_protein.tsv
Q12955,ANK3,,no Adjusted P-value columns in this combined_protein.tsv
Q12959,DLG1,,no Adjusted P-value columns in this combined_protein.tsv
Q12962,TAF10,,no Adjusted P-value columns in this combined_protein.tsv
Q12968,NFATC3,,no Adjusted P-value columns in this combined_protein.tsv
Q12972,PPP1R8,,no Adjusted P-value columns in this combined_protein.tsv
Q12974,PTP4A2,,no Adjusted P-value columns in this combined_protein.tsv
Q12979,ABR,,no Adjusted P-value columns in this combined_protein.tsv
Q12986,NFX1,,no Adjusted P-value columns in this combined_protein.tsv
Q12996,CSTF3,,no Adjusted P-value columns in this combined_protein.tsv
Q13011,ECH1,,no Adjusted P-value columns in this combined_protein.tsv
Q13015,MLLT11,,no Adjusted P-value columns in this combined_protein.tsv
Q13033,STRN3,,no Adjusted P-value columns in this combined_protein.tsv
Q13042,CDC16,,no Adjusted P-value columns in this combined_protein.tsv
Q13045,FLII,,no Adjusted P-value columns in this combined_protein.tsv
Q13049,TRIM32,,no Adjusted P-value columns in this combined_protein.tsv
Q13057,COASY,,no Adjusted P-value columns in this combined_protein.tsv
Q13069,GAGE5,,no Adjusted P-value columns in this combined_protein.tsv
Q13084,MRPL28,,no Adjusted P-value columns in this combined_protein.tsv
Q13085,ACACA,,no Adjusted P-value columns in this combined_protein.tsv
Q13094,LCP2,,no Adjusted P-value columns in this combined_protein.tsv
Q13098,GPS1,,no Adjusted P-value columns in this combined_protein.tsv
Q13111,CHAF1A,,no Adjusted P-value columns in this combined_protein.tsv
Q13112,CHAF1B,,no Adjusted P-value columns in this combined_protein.tsv
Q13123,IK,,no Adjusted P-value columns in this combined_protein.tsv
Q13131,PRKAA1,,no Adjusted P-value columns in this combined_protein.tsv
Q13136,PPFIA1,,no Adjusted P-value columns in this combined_protein.tsv
Q13137,CALCOCO2,,no Adjusted P-value columns in this combined_protein.tsv
Q13144,EIF2B5,,no Adjusted P-value columns in this combined_protein.tsv
Q13148,TARDBP,,no Adjusted P-value columns in this combined_protein.tsv
Q13151,HNRNPA0,,no Adjusted P-value columns in this combined_protein.tsv
Q13155,AIMP2,,no Adjusted P-value columns in this combined_protein.tsv
Q13158,FADD,,no Adjusted P-value columns in this combined_protein.tsv
Q13162,PRDX4,,no Adjusted P-value columns in this combined_protein.tsv
Q13164,MAPK7,,no Adjusted P-value columns in this combined_protein.tsv
Q13177,PAK2,,no Adjusted P-value columns in this combined_protein.tsv
Q13185,CBX3,,no Adjusted P-value columns in this combined_protein.tsv
Q13188,STK3,,no Adjusted P-value columns in this combined_protein.tsv
Q13190,STX5,,no Adjusted P-value columns in this combined_protein.tsv
Q13200,PSMD2,,no Adjusted P-value columns in this combined_protein.tsv
Q13206,DDX10,,no Adjusted P-value columns in this combined_protein.tsv
Q13217,DNAJC3,,no Adjusted P-value columns in this combined_protein.tsv
Q13228,SELENBP1,,no Adjusted P-value columns in this combined_protein.tsv
Q13232,NME3,,no Adjusted P-value columns in this combined_protein.tsv
Q13242,SRSF9,,no Adjusted P-value columns in this combined_protein.tsv
Q13243,SRSF5,,no Adjusted P-value columns in this combined_protein.tsv
Q13247,SRSF6,,no Adjusted P-value columns in this combined_protein.tsv
Q13257,MAD2L1,,no Adjusted P-value columns in this combined_protein.tsv
Q13263,TRIM28,,no Adjusted P-value columns in this combined_protein.tsv
Q13268,DHRS2,,no Adjusted P-value columns in this combined_protein.tsv
Q13277,STX3,,no Adjusted P-value columns in this combined_protein.tsv
Q13283,G3BP1,,no Adjusted P-value columns in this combined_protein.tsv
Q13287,NMI,,no Adjusted P-value columns in this combined_protein.tsv
Q13309,SKP2,,no Adjusted P-value columns in this combined_protein.tsv
Q13310,PABPC4,,no Adjusted P-value columns in this combined_protein.tsv
Q13322,GRB10,,no Adjusted P-value columns in this combined_protein.tsv
Q13330,MTA1,,no Adjusted P-value columns in this combined_protein.tsv
Q13347,EIF3I,,no Adjusted P-value columns in this combined_protein.tsv
Q13356,PPIL2,,no Adjusted P-value columns in this combined_protein.tsv
Q13362,PPP2R5C,,no Adjusted P-value columns in this combined_protein.tsv
Q13363,CTBP1,,no Adjusted P-value columns in this combined_protein.tsv
Q13371,PDCL,,no Adjusted P-value columns in this combined_protein.tsv
Q13404,UBE2V1,,no Adjusted P-value columns in this combined_protein.tsv
Q13405,MRPL49,,no Adjusted P-value columns in this combined_protein.tsv
Q13409,DYNC1I2,,no Adjusted P-value columns in this combined_protein.tsv
Q13415,ORC1,,no Adjusted P-value columns in this combined_protein.tsv
Q13416,ORC2,,no Adjusted P-value columns in this combined_protein.tsv
Q13418,ILK,,no Adjusted P-value columns in this combined_protein.tsv
Q13422,IKZF1,,no Adjusted P-value columns in this combined_protein.tsv
Q13423,NNT,,no Adjusted P-value columns in this combined_protein.tsv
Q13426,XRCC4,,no Adjusted P-value columns in this combined_protein.tsv
Q13427,PPIG,,no Adjusted P-value columns in this combined_protein.tsv
Q13428,TCOF1,,no Adjusted P-value columns in this combined_protein.tsv
Q13435,SF3B2,,no Adjusted P-value columns in this combined_protein.tsv
Q13439,GOLGA4,,no Adjusted P-value columns in this combined_protein.tsv
Q13442,PDAP1,,no Adjusted P-value columns in this combined_protein.tsv
Q13451,FKBP5,,no Adjusted P-value columns in this combined_protein.tsv
Q13459,MYO9B,,no Adjusted P-value columns in this combined_protein.tsv
Q13464,ROCK1,,no Adjusted P-value columns in this combined_protein.tsv
Q13469,NFATC2,,no Adjusted P-value columns in this combined_protein.tsv
Q13472,TOP3A,,no Adjusted P-value columns in this combined_protein.tsv
Q13485,SMAD4,,no Adjusted P-value columns in this combined_protein.tsv
Q13490,BIRC2,,no Adjusted P-value columns in this combined_protein.tsv
Q13492,PICALM,,no Adjusted P-value columns in this combined_protein.tsv
Q13501,SQSTM1,,no Adjusted P-value columns in this combined_protein.tsv
Q13503,MED21,,no Adjusted P-value columns in this combined_protein.tsv
Q13505,MTX1,,no Adjusted P-value columns in this combined_protein.tsv
Q13509,TUBB3,,no Adjusted P-value columns in this combined_protein.tsv
Q13510,ASAH1,,no Adjusted P-value columns in this combined_protein.tsv
Q13523,PRP4K,,no Adjusted P-value columns in this combined_protein.tsv
Q13526,PIN1,,no Adjusted P-value columns in this combined_protein.tsv
Q13541,EIF4EBP1,,no Adjusted P-value columns in this combined_protein.tsv
Q13542,EIF4EBP2,,no Adjusted P-value columns in this combined_protein.tsv
Q13546,RIPK1,,no Adjusted P-value columns in this combined_protein.tsv
Q13547,HDAC1,,no Adjusted P-value columns in this combined_protein.tsv
Q13555,CAMK2G,,no Adjusted P-value columns in this combined_protein.tsv
Q13561,DCTN2,,no Adjusted P-value columns in this combined_protein.tsv
Q13564,NAE1,,no Adjusted P-value columns in this combined_protein.tsv
Q13573,SNW1,,no Adjusted P-value columns in this combined_protein.tsv
Q13574,DGKZ,,no Adjusted P-value columns in this combined_protein.tsv
Q13576,IQGAP2,,no Adjusted P-value columns in this combined_protein.tsv
Q13586,STIM1,,no Adjusted P-value columns in this combined_protein.tsv
Q13595,TRA2A,,no Adjusted P-value columns in this combined_protein.tsv
Q13596,SNX1,,no Adjusted P-value columns in this combined_protein.tsv
Q13601,KRR1,,no Adjusted P-value columns in this combined_protein.tsv
Q13608,PEX6,,no Adjusted P-value columns in this combined_protein.tsv
Q13610,PWP1,,no Adjusted P-value columns in this combined_protein.tsv
Q13613,MTMR1,,no Adjusted P-value columns in this combined_protein.tsv
Q13614,MTMR2,,no Adjusted P-value columns in this combined_protein.tsv
Q13616,CUL1,,no Adjusted P-value columns in this combined_protein.tsv
Q13617,CUL2,,no Adjusted P-value columns in this combined_protein.tsv
Q13618,CUL3,,no Adjusted P-value columns in this combined_protein.tsv
Q13619,CUL4A,,no Adjusted P-value columns in this combined_protein.tsv
Q13620,CUL4B,,no Adjusted P-value columns in this combined_protein.tsv
Q13625,TP53BP2,,no Adjusted P-value columns in this combined_protein.tsv
Q13627,DYRK1A,,no Adjusted P-value columns in this combined_protein.tsv
Q13630,GFUS,,no Adjusted P-value columns in this combined_protein.tsv
Q13636,RAB31,,no Adjusted P-value columns in this combined_protein.tsv
Q13643,FHL3,,no Adjusted P-value columns in this combined_protein.tsv
Q13685,AAMP,,no Adjusted P-value columns in this combined_protein.tsv
Q13686,ALKBH1,,no Adjusted P-value columns in this combined_protein.tsv
Q13724,MOGS,,no Adjusted P-value columns in this combined_protein.tsv
Q13769,THOC5,,no Adjusted P-value columns in this combined_protein.tsv
Q13795,ARFRP1,,no Adjusted P-value columns in this combined_protein.tsv
Q13813,SPTAN1,,no Adjusted P-value columns in this combined_protein.tsv
Q13823,GNL2,,no Adjusted P-value columns in this combined_protein.tsv
Q13838,DDX39B,,no Adjusted P-value columns in this combined_protein.tsv
Q13867,BLMH,,no Adjusted P-value columns in this combined_protein.tsv
Q13868,EXOSC2,,no Adjusted P-value columns in this combined_protein.tsv
Q13885,TUBB2A,,no Adjusted P-value columns in this combined_protein.tsv
Q13888,GTF2H2,,no Adjusted P-value columns in this combined_protein.tsv
Q13889,GTF2H3,,no Adjusted P-value columns in this combined_protein.tsv
Q13895,BYSL,,no Adjusted P-value columns in this combined_protein.tsv
Q13901,C1D,,no Adjusted P-value columns in this combined_protein.tsv
Q13907,IDI1,,no Adjusted P-value columns in this combined_protein.tsv
Q13948,CUX1,,no Adjusted P-value columns in this combined_protein.tsv
Q13951,CBFB,,no Adjusted P-value columns in this combined_protein.tsv
Q13952,NFYC,,no Adjusted P-value columns in this combined_protein.tsv
Q14004,CDK13,,no Adjusted P-value columns in this combined_protein.tsv
Q14008,CKAP5,,no Adjusted P-value columns in this combined_protein.tsv
Q14011,CIRBP,,no Adjusted P-value columns in this combined_protein.tsv
Q14019,COTL1,,no Adjusted P-value columns in this combined_protein.tsv
Q14028,CNGB1,,no Adjusted P-value columns in this combined_protein.tsv
Q14061,COX17,,no Adjusted P-value columns in this combined_protein.tsv
Q14103,HNRNPD,,no Adjusted P-value columns in this combined_protein.tsv
Q14108,SCARB2,,no Adjusted P-value columns in this combined_protein.tsv
Q14118,DAG1,,no Adjusted P-value columns in this combined_protein.tsv
Q14137,BOP1,,no Adjusted P-value columns in this combined_protein.tsv
Q14139,UBE4A,,no Adjusted P-value columns in this combined_protein.tsv
Q14141,SEPTIN6,,no Adjusted P-value columns in this combined_protein.tsv
Q14142,TRIM14,,no Adjusted P-value columns in this combined_protein.tsv
Q14145,KEAP1,,no Adjusted P-value columns in this combined_protein.tsv
Q14146,URB2,,no Adjusted P-value columns in this combined_protein.tsv
Q14149,MORC3,,no Adjusted P-value columns in this combined_protein.tsv
Q14151,SAFB2,,no Adjusted P-value columns in this combined_protein.tsv
Q14152,EIF3A,,no Adjusted P-value columns in this combined_protein.tsv
Q14155,ARHGEF7,,no Adjusted P-value columns in this combined_protein.tsv
Q14157,UBAP2L,,no Adjusted P-value columns in this combined_protein.tsv
Q14160,SCRIB,,no Adjusted P-value columns in this combined_protein.tsv
Q14166,TTLL12,,no Adjusted P-value columns in this combined_protein.tsv
Q14181,POLA2,,no Adjusted P-value columns in this combined_protein.tsv
Q14186,TFDP1,,no Adjusted P-value columns in this combined_protein.tsv
Q14191,WRN,,no Adjusted P-value columns in this combined_protein.tsv
Q14192,FHL2,,no Adjusted P-value columns in this combined_protein.tsv
Q14197,MRPL58,,no Adjusted P-value columns in this combined_protein.tsv
Q14202,ZMYM3,,no Adjusted P-value columns in this combined_protein.tsv
Q14203,DCTN1,,no Adjusted P-value columns in this combined_protein.tsv
Q14204,DYNC1H1,,no Adjusted P-value columns in this combined_protein.tsv
Q14232,EIF2B1,,no Adjusted P-value columns in this combined_protein.tsv
Q14240,EIF4A2,,no Adjusted P-value columns in this combined_protein.tsv
Q14241,ELOA,,no Adjusted P-value columns in this combined_protein.tsv
Q14247,CTTN,,no Adjusted P-value columns in this combined_protein.tsv
Q14249,ENDOG,,no Adjusted P-value columns in this combined_protein.tsv
Q14254,FLOT2,,no Adjusted P-value columns in this combined_protein.tsv
Q14257,RCN2,,no Adjusted P-value columns in this combined_protein.tsv
Q14258,TRIM25,,no Adjusted P-value columns in this combined_protein.tsv
Q14289,PTK2B,,no Adjusted P-value columns in this combined_protein.tsv
Q14315,FLNC,,no Adjusted P-value columns in this combined_protein.tsv
Q14318,FKBP8,,no Adjusted P-value columns in this combined_protein.tsv
Q14320,FAM50A,,no Adjusted P-value columns in this combined_protein.tsv
Q14331,FRG1,,no Adjusted P-value columns in this combined_protein.tsv
Q14344,GNA13,,no Adjusted P-value columns in this combined_protein.tsv
Q14353,GAMT,,no Adjusted P-value columns in this combined_protein.tsv
Q14376,GALE,,no Adjusted P-value columns in this combined_protein.tsv
Q14444,CAPRIN1,,no Adjusted P-value columns in this combined_protein.tsv
Q14457,BECN1,,no Adjusted P-value columns in this combined_protein.tsv
Q14493,SLBP,,no Adjusted P-value columns in this combined_protein.tsv
Q14498,RBM39,,no Adjusted P-value columns in this combined_protein.tsv
Q14527,HLTF,,no Adjusted P-value columns in this combined_protein.tsv
Q14534,SQLE,,no Adjusted P-value columns in this combined_protein.tsv
Q14542,SLC29A2,,no Adjusted P-value columns in this combined_protein.tsv
Q14554,PDIA5,,no Adjusted P-value columns in this combined_protein.tsv
Q14558,PRPSAP1,,no Adjusted P-value columns in this combined_protein.tsv
Q14562,DHX8,,no Adjusted P-value columns in this combined_protein.tsv
Q14566,MCM6,,no Adjusted P-value columns in this combined_protein.tsv
Q14624,ITIH4,,no Adjusted P-value columns in this combined_protein.tsv
Q14644,RASA3,,no Adjusted P-value columns in this combined_protein.tsv
Q14651,PLS1,,no Adjusted P-value columns in this combined_protein.tsv
Q14653,IRF3,,no Adjusted P-value columns in this combined_protein.tsv
Q14657,LAGE3,,no Adjusted P-value columns in this combined_protein.tsv
Q14669,TRIP12,,no Adjusted P-value columns in this combined_protein.tsv
Q14671,PUM1,,no Adjusted P-value columns in this combined_protein.tsv
Q14676,MDC1,,no Adjusted P-value columns in this combined_protein.tsv
Q14677,CLINT1,,no Adjusted P-value columns in this combined_protein.tsv
Q14683,SMC1A,,no Adjusted P-value columns in this combined_protein.tsv
Q14684,RRP1B,,no Adjusted P-value columns in this combined_protein.tsv
Q14686,NCOA6,,no Adjusted P-value columns in this combined_protein.tsv
Q14687,GSE1,,no Adjusted P-value columns in this combined_protein.tsv
Q14690,PDCD11,,no Adjusted P-value columns in this combined_protein.tsv
Q14691,GINS1,,no Adjusted P-value columns in this combined_protein.tsv
Q14692,BMS1,,no Adjusted P-value columns in this combined_protein.tsv
Q14693,LPIN1,,no Adjusted P-value columns in this combined_protein.tsv
Q14694,USP10,,no Adjusted P-value columns in this combined_protein.tsv
Q14696,MESD,,no Adjusted P-value columns in this combined_protein.tsv
Q14697,GANAB,,no Adjusted P-value columns in this combined_protein.tsv
Q14738,PPP2R5D,,no Adjusted P-value columns in this combined_protein.tsv
Q14739,LBR,,no Adjusted P-value columns in this combined_protein.tsv
Q14746,COG2,,no Adjusted P-value columns in this combined_protein.tsv
Q14781,CBX2,,no Adjusted P-value columns in this combined_protein.tsv
Q14789,GOLGB1,,no Adjusted P-value columns in this combined_protein.tsv
Q14790,CASP8,,no Adjusted P-value columns in this combined_protein.tsv
Q147X3,NAA30,,no Adjusted P-value columns in this combined_protein.tsv
Q14807,KIF22,,no Adjusted P-value columns in this combined_protein.tsv
Q14839,CHD4,,no Adjusted P-value columns in this combined_protein.tsv
Q14847,LASP1,,no Adjusted P-value columns in this combined_protein.tsv
Q14919,DRAP1,,no Adjusted P-value columns in this combined_protein.tsv
Q14966,ZNF638,,no Adjusted P-value columns in this combined_protein.tsv
Q14974,KPNB1,,no Adjusted P-value columns in this combined_protein.tsv
Q14978,NOLC1,,no Adjusted P-value columns in this combined_protein.tsv
Q14980,NUMA1,,no Adjusted P-value columns in this combined_protein.tsv
Q14997,PSME4,,no Adjusted P-value columns in this combined_protein.tsv
Q14C86,GAPVD1,,no Adjusted P-value columns in this combined_protein.tsv
Q14CX7,NAA25,,no Adjusted P-value columns in this combined_protein.tsv
Q14CZ7,FASTKD3,,no Adjusted P-value columns in this combined_protein.tsv
Q15003,NCAPH,,no Adjusted P-value columns in this combined_protein.tsv
Q15004,PCLAF,,no Adjusted P-value columns in this combined_protein.tsv
Q15005,SPCS2,,no Adjusted P-value columns in this combined_protein.tsv
Q15006,EMC2,,no Adjusted P-value columns in this combined_protein.tsv
Q15007,WTAP,,no Adjusted P-value columns in this combined_protein.tsv
Q15008,PSMD6,,no Adjusted P-value columns in this combined_protein.tsv
Q15013,MAD2L1BP,,no Adjusted P-value columns in this combined_protein.tsv
Q15014,MORF4L2,,no Adjusted P-value columns in this combined_protein.tsv
Q15018,ABRAXAS2,,no Adjusted P-value columns in this combined_protein.tsv
Q15019,SEPTIN2,,no Adjusted P-value columns in this combined_protein.tsv
Q15020,SART3,,no Adjusted P-value columns in this combined_protein.tsv
Q15021,NCAPD2,,no Adjusted P-value columns in this combined_protein.tsv
Q15022,SUZ12,,no Adjusted P-value columns in this combined_protein.tsv
Q15024,EXOSC7,,no Adjusted P-value columns in this combined_protein.tsv
Q15029,EFTUD2,,no Adjusted P-value columns in this combined_protein.tsv
Q15031,LARS2,,no Adjusted P-value columns in this combined_protein.tsv
Q15032,R3HDM1,,no Adjusted P-value columns in this combined_protein.tsv
Q15036,SNX17,,no Adjusted P-value columns in this combined_protein.tsv
Q15038,DAZAP2,,no Adjusted P-value columns in this combined_protein.tsv
Q15041,ARL6IP1,,no Adjusted P-value columns in this combined_protein.tsv
Q15042,RAB3GAP1,,no Adjusted P-value columns in this combined_protein.tsv
Q15043,SLC39A14,,no Adjusted P-value columns in this combined_protein.tsv
Q15046,KARS1,,no Adjusted P-value columns in this combined_protein.tsv
Q15047,SETDB1,,no Adjusted P-value columns in this combined_protein.tsv
Q15048,LRRC14,,no Adjusted P-value columns in this combined_protein.tsv
Q15050,RRS1,,no Adjusted P-value columns in this combined_protein.tsv
Q15052,ARHGEF6,,no Adjusted P-value columns in this combined_protein.tsv
Q15054,POLD3,,no Adjusted P-value columns in this combined_protein.tsv
Q15056,EIF4H,,no Adjusted P-value columns in this combined_protein.tsv
Q15057,ACAP2,,no Adjusted P-value columns in this combined_protein.tsv
Q15058,KIF14,,no Adjusted P-value columns in this combined_protein.tsv
Q15059,BRD3,,no Adjusted P-value columns in this combined_protein.tsv
Q15061,WDR43,,no Adjusted P-value columns in this combined_protein.tsv
Q15067,ACOX1,,no Adjusted P-value columns in this combined_protein.tsv
Q15070,OXA1L,,no Adjusted P-value columns in this combined_protein.tsv
Q15075,EEA1,,no Adjusted P-value columns in this combined_protein.tsv
Q15084,PDIA6,,no Adjusted P-value columns in this combined_protein.tsv
Q15102,PAFAH1B3,,no Adjusted P-value columns in this combined_protein.tsv
Q15118,PDK1,,no Adjusted P-value columns in this combined_protein.tsv
Q15121,PEA15,,no Adjusted P-value columns in this combined_protein.tsv
Q15125,EBP,,no Adjusted P-value columns in this combined_protein.tsv
Q15126,PMVK,,no Adjusted P-value columns in this combined_protein.tsv
Q15149,PLEC,,no Adjusted P-value columns in this combined_protein.tsv
Q15154,PCM1,,no Adjusted P-value columns in this combined_protein.tsv
Q15172,PPP2R5A,,no Adjusted P-value columns in this combined_protein.tsv
Q15181,PPA1,,no Adjusted P-value columns in this combined_protein.tsv
Q15185,PTGES3,,no Adjusted P-value columns in this combined_protein.tsv
Q15208,STK38,,no Adjusted P-value columns in this combined_protein.tsv
Q15233,NONO,,no Adjusted P-value columns in this combined_protein.tsv
Q15257,PTPA,,no Adjusted P-value columns in this combined_protein.tsv
Q15269,PWP2,,no Adjusted P-value columns in this combined_protein.tsv
Q15274,QPRT,,no Adjusted P-value columns in this combined_protein.tsv
Q15276,RABEP1,,no Adjusted P-value columns in this combined_protein.tsv
Q15286,RAB35,,no Adjusted P-value columns in this combined_protein.tsv
Q15287,RNPS1,,no Adjusted P-value columns in this combined_protein.tsv
Q15291,RBBP5,,no Adjusted P-value columns in this combined_protein.tsv
Q15334,LLGL1,,no Adjusted P-value columns in this combined_protein.tsv
Q15361,TTF1,,no Adjusted P-value columns in this combined_protein.tsv
Q15363,TMED2,,no Adjusted P-value columns in this combined_protein.tsv
Q15365,PCBP1,,no Adjusted P-value columns in this combined_protein.tsv
Q15366,PCBP2,,no Adjusted P-value columns in this combined_protein.tsv
Q15369,ELOC,,no Adjusted P-value columns in this combined_protein.tsv
Q15370,ELOB,,no Adjusted P-value columns in this combined_protein.tsv
Q15382,RHEB,,no Adjusted P-value columns in this combined_protein.tsv
Q15386,UBE3C,,no Adjusted P-value columns in this combined_protein.tsv
Q15388,TOMM20,,no Adjusted P-value columns in this combined_protein.tsv
Q15390,MTFR1,,no Adjusted P-value columns in this combined_protein.tsv
Q15393,SF3B3,,no Adjusted P-value columns in this combined_protein.tsv
Q15397,PUM3,,no Adjusted P-value columns in this combined_protein.tsv
Q15398,DLGAP5,,no Adjusted P-value columns in this combined_protein.tsv
Q15404,RSU1,,no Adjusted P-value columns in this combined_protein.tsv
Q15418,RPS6KA1,,no Adjusted P-value columns in this combined_protein.tsv
Q15424,SAFB,,no Adjusted P-value columns in this combined_protein.tsv
Q15427,SF3B4,,no Adjusted P-value columns in this combined_protein.tsv
Q15428,SF3A2,,no Adjusted P-value columns in this combined_protein.tsv
Q15435,PPP1R7,,no Adjusted P-value columns in this combined_protein.tsv
Q15436,SEC23A,,no Adjusted P-value columns in this combined_protein.tsv
Q15437,SEC23B,,no Adjusted P-value columns in this combined_protein.tsv
Q15459,SF3A1,,no Adjusted P-value columns in this combined_protein.tsv
Q15468,STIL,,no Adjusted P-value columns in this combined_protein.tsv
Q15527,SURF2,,no Adjusted P-value columns in this combined_protein.tsv
Q15528,MED22,,no Adjusted P-value columns in this combined_protein.tsv
Q15532,SS18,,no Adjusted P-value columns in this combined_protein.tsv
Q15542,TAF5,,no Adjusted P-value columns in this combined_protein.tsv
Q15545,TAF7,,no Adjusted P-value columns in this combined_protein.tsv
Q15554,TERF2,,no Adjusted P-value columns in this combined_protein.tsv
Q15555,MAPRE2,,no Adjusted P-value columns in this combined_protein.tsv
Q15599,NHERF2,,no Adjusted P-value columns in this combined_protein.tsv
Q15628,TRADD,,no Adjusted P-value columns in this combined_protein.tsv
Q15631,TSN,,no Adjusted P-value columns in this combined_protein.tsv
Q15633,TARBP2,,no Adjusted P-value columns in this combined_protein.tsv
Q15637,SF1,,no Adjusted P-value columns in this combined_protein.tsv
Q15642,TRIP10,,no Adjusted P-value columns in this combined_protein.tsv
Q15643,TRIP11,,no Adjusted P-value columns in this combined_protein.tsv
Q15645,TRIP13,,no Adjusted P-value columns in this combined_protein.tsv
Q15648,MED1,,no Adjusted P-value columns in this combined_protein.tsv
Q15649,ZNHIT3,,no Adjusted P-value columns in this combined_protein.tsv
Q15650,TRIP4,,no Adjusted P-value columns in this combined_protein.tsv
Q15652,JMJD1C,,no Adjusted P-value columns in this combined_protein.tsv
Q15653,NFKBIB,,no Adjusted P-value columns in this combined_protein.tsv
Q15654,TRIP6,,no Adjusted P-value columns in this combined_protein.tsv
Q15691,MAPRE1,,no Adjusted P-value columns in this combined_protein.tsv
Q15714,TSC22D1,,no Adjusted P-value columns in this combined_protein.tsv
Q15717,ELAVL1,,no Adjusted P-value columns in this combined_protein.tsv
Q15723,ELF2,,no Adjusted P-value columns in this combined_protein.tsv
Q15738,NSDHL,,no Adjusted P-value columns in this combined_protein.tsv
Q15750,TAB1,,no Adjusted P-value columns in this combined_protein.tsv
Q15751,HERC1,,no Adjusted P-value columns in this combined_protein.tsv
Q15758,SLC1A5,,no Adjusted P-value columns in this combined_protein.tsv
Q15773,MLF2,,no Adjusted P-value columns in this combined_protein.tsv
Q15785,TOMM34,,no Adjusted P-value columns in this combined_protein.tsv
Q15813,TBCE,,no Adjusted P-value columns in this combined_protein.tsv
Q15814,TBCC,,no Adjusted P-value columns in this combined_protein.tsv
Q15819,UBE2V2,,no Adjusted P-value columns in this combined_protein.tsv
Q15831,STK11,,no Adjusted P-value columns in this combined_protein.tsv
Q15833,STXBP2,,no Adjusted P-value columns in this combined_protein.tsv
Q15836,VAMP3,,no Adjusted P-value columns in this combined_protein.tsv
Q15843,NEDD8,,no Adjusted P-value columns in this combined_protein.tsv
Q15907,RAB11B,,no Adjusted P-value columns in this combined_protein.tsv
Q15910,EZH2,,no Adjusted P-value columns in this combined_protein.tsv
Q15942,ZYX,,no Adjusted P-value columns in this combined_protein.tsv
Q16134,ETFDH,,no Adjusted P-value columns in this combined_protein.tsv
Q16181,SEPTIN7,,no Adjusted P-value columns in this combined_protein.tsv
Q16186,ADRM1,,no Adjusted P-value columns in this combined_protein.tsv
Q16204,CCDC6,,no Adjusted P-value columns in this combined_protein.tsv
Q16222,UAP1,,no Adjusted P-value columns in this combined_protein.tsv
Q16254,E2F4,,no Adjusted P-value columns in this combined_protein.tsv
Q16342,PDCD2,,no Adjusted P-value columns in this combined_protein.tsv
Q16384,SSX1,,no Adjusted P-value columns in this combined_protein.tsv
Q16385,SSX2,,no Adjusted P-value columns in this combined_protein.tsv
Q16401,PSMD5,,no Adjusted P-value columns in this combined_protein.tsv
Q16512,PKN1,,no Adjusted P-value columns in this combined_protein.tsv
Q16513,PKN2,,no Adjusted P-value columns in this combined_protein.tsv
Q16531,DDB1,,no Adjusted P-value columns in this combined_protein.tsv
Q16537,PPP2R5E,,no Adjusted P-value columns in this combined_protein.tsv
Q16539,MAPK14,,no Adjusted P-value columns in this combined_protein.tsv
Q16540,MRPL23,,no Adjusted P-value columns in this combined_protein.tsv
Q16543,CDC37,,no Adjusted P-value columns in this combined_protein.tsv
Q16563,SYPL1,,no Adjusted P-value columns in this combined_protein.tsv
Q16576,RBBP7,,no Adjusted P-value columns in this combined_protein.tsv
Q16594,TAF9,,no Adjusted P-value columns in this combined_protein.tsv
Q16595,FXN,,no Adjusted P-value columns in this combined_protein.tsv
Q16621,NFE2,,no Adjusted P-value columns in this combined_protein.tsv
Q16626,MEA1,,no Adjusted P-value columns in this combined_protein.tsv
Q16629,SRSF7,,no Adjusted P-value columns in this combined_protein.tsv
Q16630,CPSF6,,no Adjusted P-value columns in this combined_protein.tsv
Q16637,SMN1,,no Adjusted P-value columns in this combined_protein.tsv
Q16643,DBN1,,no Adjusted P-value columns in this combined_protein.tsv
Q16644,MAPKAPK3,,no Adjusted P-value columns in this combined_protein.tsv
Q16656,NRF1,,no Adjusted P-value columns in this combined_protein.tsv
Q16658,FSCN1,,no Adjusted P-value columns in this combined_protein.tsv
Q16698,DECR1,,no Adjusted P-value columns in this combined_protein.tsv
Q16718,NDUFA5,,no Adjusted P-value columns in this combined_protein.tsv
Q16740,CLPP,,no Adjusted P-value columns in this combined_protein.tsv
Q16762,TST,,no Adjusted P-value columns in this combined_protein.tsv
Q16763,UBE2S,,no Adjusted P-value columns in this combined_protein.tsv
Q16773,KYAT1,,no Adjusted P-value columns in this combined_protein.tsv
Q16774,GUK1,,no Adjusted P-value columns in this combined_protein.tsv
Q16775,HAGH,,no Adjusted P-value columns in this combined_protein.tsv
Q16795,NDUFA9,,no Adjusted P-value columns in this combined_protein.tsv
Q16822,PCK2,,no Adjusted P-value columns in this combined_protein.tsv
Q16836,HADH,,no Adjusted P-value columns in this combined_protein.tsv
Q16851,UGP2,,no Adjusted P-value columns in this combined_protein.tsv
Q16864,ATP6V1F,,no Adjusted P-value columns in this combined_protein.tsv
Q16877,PFKFB4,,no Adjusted P-value columns in this combined_protein.tsv
Q16881,TXNRD1,,no Adjusted P-value columns in this combined_protein.tsv
Q16890,TPD52L1,,no Adjusted P-value columns in this combined_protein.tsv
Q16891,IMMT,,no Adjusted P-value columns in this combined_protein.tsv
Q17R31,TATDN3,,no Adjusted P-value columns in this combined_protein.tsv
Q1ED39,KNOP1,,no Adjusted P-value columns in this combined_protein.tsv
Q1KMD3,HNRNPUL2,,no Adjusted P-value columns in this combined_protein.tsv
Q27J81,INF2,,no Adjusted P-value columns in this combined_protein.tsv
Q29980,MICB,,no Adjusted P-value columns in this combined_protein.tsv
Q29RF7,PDS5A,,no Adjusted P-value columns in this combined_protein.tsv
Q2M389,WASHC4,,no Adjusted P-value columns in this combined_protein.tsv
Q2NKX8,ERCC6L,,no Adjusted P-value columns in this combined_protein.tsv
Q2NL82,TSR1,,no Adjusted P-value columns in this combined_protein.tsv
Q2TAL8,QRICH1,,no Adjusted P-value columns in this combined_protein.tsv
Q2TAY7,SMU1,,no Adjusted P-value columns in this combined_protein.tsv
Q2TAZ0,ATG2A,,no Adjusted P-value columns in this combined_protein.tsv
Q2TB10,ZNF800,,no Adjusted P-value columns in this combined_protein.tsv
Q2TBE0,CWF19L2,,no Adjusted P-value columns in this combined_protein.tsv
Q2V2P4,ATG44,,no Adjusted P-value columns in this combined_protein.tsv
Q2V2P7,YDR461C-A,,no Adjusted P-value columns in this combined_protein.tsv
Q2VPB7,AP5B1,,no Adjusted P-value columns in this combined_protein.tsv
Q2VPK5,CTU2,,no Adjusted P-value columns in this combined_protein.tsv
Q32MZ4,LRRFIP1,,no Adjusted P-value columns in this combined_protein.tsv
Q32P28,P3H1,,no Adjusted P-value columns in this combined_protein.tsv
Q32P41,TRMT5,,no Adjusted P-value columns in this combined_protein.tsv
Q32P44,EML3,,no Adjusted P-value columns in this combined_protein.tsv
Q38SD2,LRRK1,,no Adjusted P-value columns in this combined_protein.tsv
Q3B726,POLR1F,,no Adjusted P-value columns in this combined_protein.tsv
Q3E6R5,YDR381C-A,,no Adjusted P-value columns in this combined_protein.tsv
Q3E705,EFG1,,no Adjusted P-value columns in this combined_protein.tsv
Q3E752,SPO24,,no Adjusted P-value columns in this combined_protein.tsv
Q3E754,RPS21B,,no Adjusted P-value columns in this combined_protein.tsv
Q3E756,YBL029C-A,,no Adjusted P-value columns in this combined_protein.tsv
Q3E764,TMA7,,no Adjusted P-value columns in this combined_protein.tsv
Q3E772,LSO2,,no Adjusted P-value columns in this combined_protein.tsv
Q3E784,SLO1,,no Adjusted P-value columns in this combined_protein.tsv
Q3E795,YLR361C-A,,no Adjusted P-value columns in this combined_protein.tsv
Q3E7A3,YJL133C-A,,no Adjusted P-value columns in this combined_protein.tsv
Q3E7A4,CMC2,,no Adjusted P-value columns in this combined_protein.tsv
Q3E7B6,VMA9,,no Adjusted P-value columns in this combined_protein.tsv
Q3E7B7,YDL085C-A,,no Adjusted P-value columns in this combined_protein.tsv
Q3E7Z5,YIL002W-A,,no Adjusted P-value columns in this combined_protein.tsv
Q3E824,YOR020W-A,,no Adjusted P-value columns in this combined_protein.tsv
Q3E829,MHF2,,no Adjusted P-value columns in this combined_protein.tsv
Q3E830,EGO2,,no Adjusted P-value columns in this combined_protein.tsv
Q3E833,PCC1,,no Adjusted P-value columns in this combined_protein.tsv
Q3E834,YOS1,,no Adjusted P-value columns in this combined_protein.tsv
Q3E841,YNR034W-A,,no Adjusted P-value columns in this combined_protein.tsv
Q3E846,COA6,,no Adjusted P-value columns in this combined_protein.tsv
Q3KQU3,MAP7D1,,no Adjusted P-value columns in this combined_protein.tsv
Q3L8U1,CHD9,,no Adjusted P-value columns in this combined_protein.tsv
Q3LXA3,TKFC,,no Adjusted P-value columns in this combined_protein.tsv
Q3MHD2,LSM12,,no Adjusted P-value columns in this combined_protein.tsv
Q3SXM5,HSDL1,,no Adjusted P-value columns in this combined_protein.tsv
Q3T8J9,GON4L,,no Adjusted P-value columns in this combined_protein.tsv
Q3V6T2,CCDC88A,,no Adjusted P-value columns in this combined_protein.tsv
Q3YEC7,RABL6,,no Adjusted P-value columns in this combined_protein.tsv
Q3ZCM7,TUBB8,,no Adjusted P-value columns in this combined_protein.tsv
Q3ZCQ8,TIMM50,,no Adjusted P-value columns in this combined_protein.tsv
Q46817,ghxQ,,no Adjusted P-value columns in this combined_protein.tsv
Q46822,idi,,no Adjusted P-value columns in this combined_protein.tsv
Q46829,bglA,,no Adjusted P-value columns in this combined_protein.tsv
Q46845,yghU,,no Adjusted P-value columns in this combined_protein.tsv
Q46851,gpr,,no Adjusted P-value columns in this combined_protein.tsv
Q46856,yqhD,,no Adjusted P-value columns in this combined_protein.tsv
Q46857,dkgA,,no Adjusted P-value columns in this combined_protein.tsv
Q46863,ygiS,,no Adjusted P-value columns in this combined_protein.tsv
Q46871,yqjH,,no Adjusted P-value columns in this combined_protein.tsv
Q46893,ispD,,no Adjusted P-value columns in this combined_protein.tsv
Q46920,queF,,no Adjusted P-value columns in this combined_protein.tsv
Q46938,kduI,,no Adjusted P-value columns in this combined_protein.tsv
Q46948,yajL,,no Adjusted P-value columns in this combined_protein.tsv
Q47147,yafJ,,no Adjusted P-value columns in this combined_protein.tsv
Q47679,yafV,,no Adjusted P-value columns in this combined_protein.tsv
Q49A26,GLYR1,,no Adjusted P-value columns in this combined_protein.tsv
Q49AR2,C5orf22,,no Adjusted P-value columns in this combined_protein.tsv
Q49B96,COX19,,no Adjusted P-value columns in this combined_protein.tsv
Q4G0F5,VPS26B,,no Adjusted P-value columns in this combined_protein.tsv
Q4G0J3,LARP7,,no Adjusted P-value columns in this combined_protein.tsv
Q4G0N4,NADK2,,no Adjusted P-value columns in this combined_protein.tsv
Q4G176,ACSF3,,no Adjusted P-value columns in this combined_protein.tsv
Q4J6C6,PREPL,,no Adjusted P-value columns in this combined_protein.tsv
Q4KMP7,TBC1D10B,,no Adjusted P-value columns in this combined_protein.tsv
Q4LE39,ARID4B,,no Adjusted P-value columns in this combined_protein.tsv
Q4V321,GAGE13,,no Adjusted P-value columns in this combined_protein.tsv
Q4V328,GRIPAP1,,no Adjusted P-value columns in this combined_protein.tsv
Q4VC05,BCL7A,,no Adjusted P-value columns in this combined_protein.tsv
Q4VC31,MIX23,,no Adjusted P-value columns in this combined_protein.tsv
Q502W6,VWA3B,,no Adjusted P-value columns in this combined_protein.tsv
Q52LJ0,FAM98B,,no Adjusted P-value columns in this combined_protein.tsv
Q52LR7,EPC2,,no Adjusted P-value columns in this combined_protein.tsv
Q52MB2,CCDC184,,no Adjusted P-value columns in this combined_protein.tsv
Q53EL6,PDCD4,,no Adjusted P-value columns in this combined_protein.tsv
Q53ET0,CRTC2,,no Adjusted P-value columns in this combined_protein.tsv
Q53F19,NCBP3,,no Adjusted P-value columns in this combined_protein.tsv
Q53FT3,HIKESHI,,no Adjusted P-value columns in this combined_protein.tsv
Q53FZ2,ACSM3,,no Adjusted P-value columns in this combined_protein.tsv
Q53GS7,GLE1,,no Adjusted P-value columns in this combined_protein.tsv
Q53GS9,USP39,,no Adjusted P-value columns in this combined_protein.tsv
Q53H12,AGK,,no Adjusted P-value columns in this combined_protein.tsv
Q53H47,SETMAR,,no Adjusted P-value columns in this combined_protein.tsv
Q53H82,LACTB2,,no Adjusted P-value columns in this combined_protein.tsv
Q53H96,PYCR3,,no Adjusted P-value columns in this combined_protein.tsv
Q53HC9,EIPR1,,no Adjusted P-value columns in this combined_protein.tsv
Q53HL2,CDCA8,,no Adjusted P-value columns in this combined_protein.tsv
Q53R41,FASTKD1,,no Adjusted P-value columns in this combined_protein.tsv
Q53S08,RAB6D,,no Adjusted P-value columns in this combined_protein.tsv
Q53S58,TMEM177,,no Adjusted P-value columns in this combined_protein.tsv
Q562R1,ACTBL2,,no Adjusted P-value columns in this combined_protein.tsv
Q567V2,MPV17L2,,no Adjusted P-value columns in this combined_protein.tsv
Q569K6,CCDC157,,no Adjusted P-value columns in this combined_protein.tsv
Q56A73,SPIN4,,no Adjusted P-value columns in this combined_protein.tsv
Q56P03,EAPP,,no Adjusted P-value columns in this combined_protein.tsv
Q57261,truD,,no Adjusted P-value columns in this combined_protein.tsv
Q587I9,SFT2D3,,no Adjusted P-value columns in this combined_protein.tsv
Q58FF6,HSP90AB4P,,no Adjusted P-value columns in this combined_protein.tsv
Q58FG1,HSP90AA4P,,no Adjusted P-value columns in this combined_protein.tsv
Q58WW2,DCAF6,,no Adjusted P-value columns in this combined_protein.tsv
Q59385,copA,,no Adjusted P-value columns in this combined_protein.tsv
Q5BJH7,YIF1B,,no Adjusted P-value columns in this combined_protein.tsv
Q5BKX5,ACTMAP,,no Adjusted P-value columns in this combined_protein.tsv
Q5BKZ1,ZNF326,,no Adjusted P-value columns in this combined_protein.tsv
Q5C9Z4,NOM1,,no Adjusted P-value columns in this combined_protein.tsv
Q5EBL4,RILPL1,,no Adjusted P-value columns in this combined_protein.tsv
Q5F1R6,DNAJC21,,no Adjusted P-value columns in this combined_protein.tsv
Q5FBB7,SGO1,,no Adjusted P-value columns in this combined_protein.tsv
Q5GLZ8,HERC4,,no Adjusted P-value columns in this combined_protein.tsv
Q5H9F3,BCORL1,,no Adjusted P-value columns in this combined_protein.tsv
Q5H9R7,PPP6R3,,no Adjusted P-value columns in this combined_protein.tsv
Q5HYI8,RABL3,,no Adjusted P-value columns in this combined_protein.tsv
Q5HYK3,COQ5,,no Adjusted P-value columns in this combined_protein.tsv
Q5J8M3,EMC4,,no Adjusted P-value columns in this combined_protein.tsv
Q5JPH6,EARS2,,no Adjusted P-value columns in this combined_protein.tsv
Q5JPI3,C3orf38,,no Adjusted P-value columns in this combined_protein.tsv
Q5JPI9,EEF1AKMT2,,no Adjusted P-value columns in this combined_protein.tsv
Q5JQC4,CT47A1,,no Adjusted P-value columns in this combined_protein.tsv
Q5JRA6,MIA3,,no Adjusted P-value columns in this combined_protein.tsv
Q5JRK9,PAGE2B,,no Adjusted P-value columns in this combined_protein.tsv
Q5JRX3,PITRM1,,no Adjusted P-value columns in this combined_protein.tsv
Q5JS54,PSMG4,,no Adjusted P-value columns in this combined_protein.tsv
Q5JSH3,WDR44,,no Adjusted P-value columns in this combined_protein.tsv
Q5JSL3,DOCK11,,no Adjusted P-value columns in this combined_protein.tsv
Q5JTH9,RRP12,,no Adjusted P-value columns in this combined_protein.tsv
Q5JTJ3,COA6,,no Adjusted P-value columns in this combined_protein.tsv
Q5JTV8,TOR1AIP1,,no Adjusted P-value columns in this combined_protein.tsv
Q5JTZ9,AARS2,,no Adjusted P-value columns in this combined_protein.tsv
Q5JVF3,PCID2,,no Adjusted P-value columns in this combined_protein.tsv
Q5JWF2,GNAS,,no Adjusted P-value columns in this combined_protein.tsv
Q5MIZ7,PPP4R3B,,no Adjusted P-value columns in this combined_protein.tsv
Q5MNZ6,WDR45B,,no Adjusted P-value columns in this combined_protein.tsv
Q5PRF9,SAMD4B,,no Adjusted P-value columns in this combined_protein.tsv
Q5QJE6,DNTTIP2,,no Adjusted P-value columns in this combined_protein.tsv
Q5R372,RABGAP1L,,no Adjusted P-value columns in this combined_protein.tsv
Q5R3I4,TTC38,,no Adjusted P-value columns in this combined_protein.tsv
Q5RI15,COX20,,no Adjusted P-value columns in this combined_protein.tsv
Q5RKV6,EXOSC6,,no Adjusted P-value columns in this combined_protein.tsv
Q5SNV9,C1orf167,,no Adjusted P-value columns in this combined_protein.tsv
Q5SRE5,NUP188,,no Adjusted P-value columns in this combined_protein.tsv
Q5SSJ5,HP1BP3,,no Adjusted P-value columns in this combined_protein.tsv
Q5SW79,CEP170,,no Adjusted P-value columns in this combined_protein.tsv
Q5SW96,LDLRAP1,,no Adjusted P-value columns in this combined_protein.tsv
Q5SY16,NOL9,,no Adjusted P-value columns in this combined_protein.tsv
Q5T0F9,CC2D1B,,no Adjusted P-value columns in this combined_protein.tsv
Q5T160,RARS2,,no Adjusted P-value columns in this combined_protein.tsv
Q5T1C6,THEM4,,no Adjusted P-value columns in this combined_protein.tsv
Q5T1M5,FKBP15,,no Adjusted P-value columns in this combined_protein.tsv
Q5T1V6,DDX59,,no Adjusted P-value columns in this combined_protein.tsv
Q5T200,ZC3H13,,no Adjusted P-value columns in this combined_protein.tsv
Q5T280,SPOUT1,,no Adjusted P-value columns in this combined_protein.tsv
Q5T3I0,GPATCH4,,no Adjusted P-value columns in this combined_protein.tsv
Q5T3J3,LRIF1,,no Adjusted P-value columns in this combined_protein.tsv
Q5T440,IBA57,,no Adjusted P-value columns in this combined_protein.tsv
Q5T447,HECTD3,,no Adjusted P-value columns in this combined_protein.tsv
Q5T4S7,UBR4,,no Adjusted P-value columns in this combined_protein.tsv
Q5T5C0,STXBP5,,no Adjusted P-value columns in this combined_protein.tsv
Q5T653,MRPL2,,no Adjusted P-value columns in this combined_protein.tsv
Q5T6F2,UBAP2,,no Adjusted P-value columns in this combined_protein.tsv
Q5T6S3,PHF19,,no Adjusted P-value columns in this combined_protein.tsv
Q5T6V5,QNG1,,no Adjusted P-value columns in this combined_protein.tsv
Q5T8P6,RBM26,,no Adjusted P-value columns in this combined_protein.tsv
Q5T9A4,ATAD3B,,no Adjusted P-value columns in this combined_protein.tsv
Q5TA31,RNF187,,no Adjusted P-value columns in this combined_protein.tsv
Q5TA45,INTS11,,no Adjusted P-value columns in this combined_protein.tsv
Q5TAQ9,DCAF8,,no Adjusted P-value columns in this combined_protein.tsv
Q5TBB1,RNASEH2B,,no Adjusted P-value columns in this combined_protein.tsv
Q5TC12,ATPAF1,,no Adjusted P-value columns in this combined_protein.tsv
Q5TDH0,DDI2,,no Adjusted P-value columns in this combined_protein.tsv
Q5TEC6,H3-7,,no Adjusted P-value columns in this combined_protein.tsv
Q5TEJ8,THEMIS2,,no Adjusted P-value columns in this combined_protein.tsv
Q5TEU4,NDUFAF5,,no Adjusted P-value columns in this combined_protein.tsv
Q5TFE4,NT5DC1,,no Adjusted P-value columns in this combined_protein.tsv
Q5TG30,ARHGAP40,,no Adjusted P-value columns in this combined_protein.tsv
Q5TGZ0,MICOS10,,no Adjusted P-value columns in this combined_protein.tsv
Q5U5X0,LYRM7,,no Adjusted P-value columns in this combined_protein.tsv
Q5UIP0,RIF1,,no Adjusted P-value columns in this combined_protein.tsv
Q5VIR6,VPS53,,no Adjusted P-value columns in this combined_protein.tsv
Q5VSL9,STRIP1,,no Adjusted P-value columns in this combined_protein.tsv
Q5VT25,CDC42BPA,,no Adjusted P-value columns in this combined_protein.tsv
Q5VT52,RPRD2,,no Adjusted P-value columns in this combined_protein.tsv
Q5VTB9,RNF220,,no Adjusted P-value columns in this combined_protein.tsv
Q5VTD9,GFI1B,,no Adjusted P-value columns in this combined_protein.tsv
Q5VTL8,PRPF38B,,no Adjusted P-value columns in this combined_protein.tsv
Q5VTR2,RNF20,,no Adjusted P-value columns in this combined_protein.tsv
Q5VUA4,ZNF318,,no Adjusted P-value columns in this combined_protein.tsv
Q5VV42,CDKAL1,,no Adjusted P-value columns in this combined_protein.tsv
Q5VVJ2,MYSM1,,no Adjusted P-value columns in this combined_protein.tsv
Q5VVQ6,YOD1,,no Adjusted P-value columns in this combined_protein.tsv
Q5VW32,BROX,,no Adjusted P-value columns in this combined_protein.tsv
Q5VWQ0,RSBN1,,no Adjusted P-value columns in this combined_protein.tsv
Q5VWZ2,LYPLAL1,,no Adjusted P-value columns in this combined_protein.tsv
Q5VYK3,ECPAS,,no Adjusted P-value columns in this combined_protein.tsv
Q5VZ89,DENND4C,,no Adjusted P-value columns in this combined_protein.tsv
Q5VZL5,ZMYM4,,no Adjusted P-value columns in this combined_protein.tsv
Q5W111,SPRYD7,,no Adjusted P-value columns in this combined_protein.tsv
Q5XKE5,KRT79,,no Adjusted P-value columns in this combined_protein.tsv
Q5XKP0,MICOS13,,no Adjusted P-value columns in this combined_protein.tsv
Q63HN8,RNF213,,no Adjusted P-value columns in this combined_protein.tsv
Q641Q2,WASHC2A,,no Adjusted P-value columns in this combined_protein.tsv
Q658P3,STEAP3,,no Adjusted P-value columns in this combined_protein.tsv
Q658Y4,FAM91A1,,no Adjusted P-value columns in this combined_protein.tsv
Q659C4,LARP1B,,no Adjusted P-value columns in this combined_protein.tsv
Q66K14,TBC1D9B,,no Adjusted P-value columns in this combined_protein.tsv
Q66K64,DCAF15,,no Adjusted P-value columns in this combined_protein.tsv
Q66K74,MAP1S,,no Adjusted P-value columns in this combined_protein.tsv
Q66K89,E4F1,,no Adjusted P-value columns in this combined_protein.tsv
Q66PJ3,ARL6IP4,,no Adjusted P-value columns in this combined_protein.tsv
Q676U5,ATG16L1,,no Adjusted P-value columns in this combined_protein.tsv
Q68CP9,ARID2,,no Adjusted P-value columns in this combined_protein.tsv
Q68CQ4,UTP25,,no Adjusted P-value columns in this combined_protein.tsv
Q68CZ6,HAUS3,,no Adjusted P-value columns in this combined_protein.tsv
Q68D91,MBLAC2,,no Adjusted P-value columns in this combined_protein.tsv
Q68E01,INTS3,,no Adjusted P-value columns in this combined_protein.tsv
Q68EM7,ARHGAP17,,no Adjusted P-value columns in this combined_protein.tsv
Q69YH5,CDCA2,,no Adjusted P-value columns in this combined_protein.tsv
Q69YL0,NCBP2AS2,,no Adjusted P-value columns in this combined_protein.tsv
Q69YN2,CWF19L1,,no Adjusted P-value columns in this combined_protein.tsv
Q69YN4,VIRMA,,no Adjusted P-value columns in this combined_protein.tsv
Q69YQ0,SPECC1L,,no Adjusted P-value columns in this combined_protein.tsv
Q69YU5,UQCC6,,no Adjusted P-value columns in this combined_protein.tsv
Q6AI08,HEATR6,,no Adjusted P-value columns in this combined_protein.tsv
Q6BCY4,CYB5R2,,no Adjusted P-value columns in this combined_protein.tsv
Q6BDS2,BLTP3A,,no Adjusted P-value columns in this combined_protein.tsv
Q6DD87,ZNF787,,no Adjusted P-value columns in this combined_protein.tsv
Q6DD88,ATL3,,no Adjusted P-value columns in this combined_protein.tsv
Q6DHV7,MAPDA,,no Adjusted P-value columns in this combined_protein.tsv
Q6DKI1,RPL7L1,,no Adjusted P-value columns in this combined_protein.tsv
Q6DKK2,TTC19,,no Adjusted P-value columns in this combined_protein.tsv
Q6DN03,H2BC20P,,no Adjusted P-value columns in this combined_protein.tsv
Q6DN90,IQSEC1,,no Adjusted P-value columns in this combined_protein.tsv
Q6EEV4,POLR2M,,no Adjusted P-value columns in this combined_protein.tsv
Q6FI81,CIAPIN1,,no Adjusted P-value columns in this combined_protein.tsv
Q6FIF0,ZFAND6,,no Adjusted P-value columns in this combined_protein.tsv
Q6GMV2,SMYD5,,no Adjusted P-value columns in this combined_protein.tsv
Q6GMV3,PTRHD1,,no Adjusted P-value columns in this combined_protein.tsv
Q6GQQ9,OTUD7B,,no Adjusted P-value columns in this combined_protein.tsv
Q6I9Y2,THOC7,,no Adjusted P-value columns in this combined_protein.tsv
Q6IA86,ELP2,,no Adjusted P-value columns in this combined_protein.tsv
Q6IAA8,LAMTOR1,,no Adjusted P-value columns in this combined_protein.tsv
Q6IBS0,TWF2,,no Adjusted P-value columns in this combined_protein.tsv
Q6IBW4,NCAPH2,,no Adjusted P-value columns in this combined_protein.tsv
Q6ICB0,DESI1,,no Adjusted P-value columns in this combined_protein.tsv
Q6ICL3,TANGO2,,no Adjusted P-value columns in this combined_protein.tsv
Q6IN84,MRM1,,no Adjusted P-value columns in this combined_protein.tsv
Q6IN85,PPP4R3A,,no Adjusted P-value columns in this combined_protein.tsv
Q6IQ49,SDE2,,no Adjusted P-value columns in this combined_protein.tsv
Q6JBY9,RCSD1,,no Adjusted P-value columns in this combined_protein.tsv
Q6KC79,NIPBL,,no Adjusted P-value columns in this combined_protein.tsv
Q6L8Q7,PDE12,,no Adjusted P-value columns in this combined_protein.tsv
Q6N063,OGFOD2,,no Adjusted P-value columns in this combined_protein.tsv
Q6NS38,ALKBH2,,no Adjusted P-value columns in this combined_protein.tsv
Q6NT46,GAGE2A,,no Adjusted P-value columns in this combined_protein.tsv
Q6NT76,HMBOX1,,no Adjusted P-value columns in this combined_protein.tsv
Q6NUK1,SLC25A24,,no Adjusted P-value columns in this combined_protein.tsv
Q6NUQ1,RINT1,,no Adjusted P-value columns in this combined_protein.tsv
Q6NVY1,HIBCH,,no Adjusted P-value columns in this combined_protein.tsv
Q6NW29,RWDD4,,no Adjusted P-value columns in this combined_protein.tsv
Q6NW34,RMP64,,no Adjusted P-value columns in this combined_protein.tsv
Q6NXE6,ARMC6,,no Adjusted P-value columns in this combined_protein.tsv
Q6NXR4,TTI2,,no Adjusted P-value columns in this combined_protein.tsv
Q6NXT1,ANKRD54,,no Adjusted P-value columns in this combined_protein.tsv
Q6NXT4,SLC30A6,,no Adjusted P-value columns in this combined_protein.tsv
Q6NYC1,JMJD6,,no Adjusted P-value columns in this combined_protein.tsv
Q6NYC8,PPP1R18,,no Adjusted P-value columns in this combined_protein.tsv
Q6NZI2,CAVIN1,,no Adjusted P-value columns in this combined_protein.tsv
Q6NZY4,ZCCHC8,,no Adjusted P-value columns in this combined_protein.tsv
Q6P087,RPUSD3,,no Adjusted P-value columns in this combined_protein.tsv
Q6P158,DHX57,,no Adjusted P-value columns in this combined_protein.tsv
Q6P161,MRPL54,,no Adjusted P-value columns in this combined_protein.tsv
Q6P1J9,CDC73,,no Adjusted P-value columns in this combined_protein.tsv
Q6P1K2,PMF1,,no Adjusted P-value columns in this combined_protein.tsv
Q6P1L8,MRPL14,,no Adjusted P-value columns in this combined_protein.tsv
Q6P1N0,CC2D1A,,no Adjusted P-value columns in this combined_protein.tsv
Q6P1N9,TATDN1,,no Adjusted P-value columns in this combined_protein.tsv
Q6P1Q9,METTL2B,,no Adjusted P-value columns in this combined_protein.tsv
Q6P1X5,TAF2,,no Adjusted P-value columns in this combined_protein.tsv
Q6P1X6,C8orf82,,no Adjusted P-value columns in this combined_protein.tsv
Q6P2C8,MED27,,no Adjusted P-value columns in this combined_protein.tsv
Q6P2E9,EDC4,,no Adjusted P-value columns in this combined_protein.tsv
Q6P2H3,CEP85,,no Adjusted P-value columns in this combined_protein.tsv
Q6P2Q9,PRPF8,,no Adjusted P-value columns in this combined_protein.tsv
Q6P3W7,SCYL2,,no Adjusted P-value columns in this combined_protein.tsv
Q6P3X3,TTC27,,no Adjusted P-value columns in this combined_protein.tsv
Q6P444,MTFR2,,no Adjusted P-value columns in this combined_protein.tsv
Q6P4A7,SFXN4,,no Adjusted P-value columns in this combined_protein.tsv
Q6P4F2,FDX2,,no Adjusted P-value columns in this combined_protein.tsv
Q6P4I2,WDR73,,no Adjusted P-value columns in this combined_protein.tsv
Q6P582,MZT2A,,no Adjusted P-value columns in this combined_protein.tsv
Q6P587,FAHD1,,no Adjusted P-value columns in this combined_protein.tsv
Q6P5X5,C22orf39,,no Adjusted P-value columns in this combined_protein.tsv
Q6P6B7,ANKRD16,,no Adjusted P-value columns in this combined_protein.tsv
Q6P6C2,ALKBH5,,no Adjusted P-value columns in this combined_protein.tsv
Q6P996,PDXDC1,,no Adjusted P-value columns in this combined_protein.tsv
Q6P9B6,MEAK7,,no Adjusted P-value columns in this combined_protein.tsv
Q6P9B9,INTS5,,no Adjusted P-value columns in this combined_protein.tsv
Q6PCB5,RSBN1L,,no Adjusted P-value columns in this combined_protein.tsv
Q6PCD5,RFWD3,,no Adjusted P-value columns in this combined_protein.tsv
Q6PD62,CTR9,,no Adjusted P-value columns in this combined_protein.tsv
Q6PD74,AAGAB,,no Adjusted P-value columns in this combined_protein.tsv
Q6PGN9,PSRC1,,no Adjusted P-value columns in this combined_protein.tsv
Q6PI48,DARS2,,no Adjusted P-value columns in this combined_protein.tsv
Q6PI98,INO80C,,no Adjusted P-value columns in this combined_protein.tsv
Q6PID6,TTC33,,no Adjusted P-value columns in this combined_protein.tsv
Q6PIW4,FIGNL1,,no Adjusted P-value columns in this combined_protein.tsv
Q6PIY7,TENT2,,no Adjusted P-value columns in this combined_protein.tsv
Q6PJ69,TRIM65,,no Adjusted P-value columns in this combined_protein.tsv
Q6PJG2,MIDEAS,,no Adjusted P-value columns in this combined_protein.tsv
Q6PJG6,BRAT1,,no Adjusted P-value columns in this combined_protein.tsv
Q6PJI9,WDR59,,no Adjusted P-value columns in this combined_protein.tsv
Q6PJT7,ZC3H14,,no Adjusted P-value columns in this combined_protein.tsv
Q6PK04,CCDC137,,no Adjusted P-value columns in this combined_protein.tsv
Q6PKG0,LARP1,,no Adjusted P-value columns in this combined_protein.tsv
Q6PL18,ATAD2,,no Adjusted P-value columns in this combined_protein.tsv
Q6PL24,TMED8,,no Adjusted P-value columns in this combined_protein.tsv
Q6Q546,HUB1,,no Adjusted P-value columns in this combined_protein.tsv
Q6Q560,ISD11,,no Adjusted P-value columns in this combined_protein.tsv
Q6QNY0,BLOC1S3,,no Adjusted P-value columns in this combined_protein.tsv
Q6QNY1,BLOC1S2,,no Adjusted P-value columns in this combined_protein.tsv
Q6RFH5,WDR74,,no Adjusted P-value columns in this combined_protein.tsv
Q6RW13,AGTRAP,,no Adjusted P-value columns in this combined_protein.tsv
Q6SPF0,SAMD1,,no Adjusted P-value columns in this combined_protein.tsv
Q6UB35,MTHFD1L,,no Adjusted P-value columns in this combined_protein.tsv
Q6UB99,ANKRD11,,no Adjusted P-value columns in this combined_protein.tsv
Q6ULP2,AFTPH,,no Adjusted P-value columns in this combined_protein.tsv
Q6UN15,FIP1L1,,no Adjusted P-value columns in this combined_protein.tsv
Q6UVJ0,SASS6,,no Adjusted P-value columns in this combined_protein.tsv
Q6UWE0,LRSAM1,,no Adjusted P-value columns in this combined_protein.tsv
Q6UWP2,DHRS11,,no Adjusted P-value columns in this combined_protein.tsv
Q6UX04,CWC27,,no Adjusted P-value columns in this combined_protein.tsv
Q6UXN9,WDR82,,no Adjusted P-value columns in this combined_protein.tsv
Q6UXV4,APOOL,,no Adjusted P-value columns in this combined_protein.tsv
Q6VMQ6,ATF7IP,,no Adjusted P-value columns in this combined_protein.tsv
Q6VN20,RANBP10,,no Adjusted P-value columns in this combined_protein.tsv
Q6VY07,PACS1,,no Adjusted P-value columns in this combined_protein.tsv
Q6W2J9,BCOR,,no Adjusted P-value columns in this combined_protein.tsv
Q6WKZ4,RAB11FIP1,,no Adjusted P-value columns in this combined_protein.tsv
Q6WNK7,SUS1,,no Adjusted P-value columns in this combined_protein.tsv
Q6XQN6,NAPRT,,no Adjusted P-value columns in this combined_protein.tsv
Q6Y7W6,GIGYF2,,no Adjusted P-value columns in this combined_protein.tsv
Q6YHU6,THADA,,no Adjusted P-value columns in this combined_protein.tsv
Q6YN16,HSDL2,,no Adjusted P-value columns in this combined_protein.tsv
Q6YP21,KYAT3,,no Adjusted P-value columns in this combined_protein.tsv
Q6ZN17,LIN28B,,no Adjusted P-value columns in this combined_protein.tsv
Q6ZN55,ZNF574,,no Adjusted P-value columns in this combined_protein.tsv
Q6ZNJ1,NBEAL2,,no Adjusted P-value columns in this combined_protein.tsv
Q6ZQW0,IDO2,,no Adjusted P-value columns in this combined_protein.tsv
Q6ZRS2,SRCAP,,no Adjusted P-value columns in this combined_protein.tsv
Q6ZSJ8,C1orf122,,no Adjusted P-value columns in this combined_protein.tsv
Q6ZSR9,,,no Adjusted P-value columns in this combined_protein.tsv
Q6ZT12,UBR3,,no Adjusted P-value columns in this combined_protein.tsv
Q6ZU65,UBN2,,no Adjusted P-value columns in this combined_protein.tsv
Q6ZUT1,NKAPD1,,no Adjusted P-value columns in this combined_protein.tsv
Q6ZW49,PAXIP1,,no Adjusted P-value columns in this combined_protein.tsv
Q6ZWJ1,STXBP4,,no Adjusted P-value columns in this combined_protein.tsv
Q6ZYL4,GTF2H5,,no Adjusted P-value columns in this combined_protein.tsv
Q709C8,VPS13C,,no Adjusted P-value columns in this combined_protein.tsv
Q70CQ2,USP34,,no Adjusted P-value columns in this combined_protein.tsv
Q70J99,UNC13D,,no Adjusted P-value columns in this combined_protein.tsv
Q70YC5,ZNF365,,no Adjusted P-value columns in this combined_protein.tsv
Q70Z53,FRA10AC1,,no Adjusted P-value columns in this combined_protein.tsv
Q712K3,UBE2R2,,no Adjusted P-value columns in this combined_protein.tsv
Q71F23,CENPU,,no Adjusted P-value columns in this combined_protein.tsv
Q71RC2,LARP4,,no Adjusted P-value columns in this combined_protein.tsv
Q71SY5,MED25,,no Adjusted P-value columns in this combined_protein.tsv
Q71U36,TUBA1A,,no Adjusted P-value columns in this combined_protein.tsv
Q71UM5,RPS27L,,no Adjusted P-value columns in this combined_protein.tsv
Q75N03,CBLL1,,no Adjusted P-value columns in this combined_protein.tsv
Q75QN2,INTS8,,no Adjusted P-value columns in this combined_protein.tsv
Q765P7,MTSS2,,no Adjusted P-value columns in this combined_protein.tsv
Q76FK4,NOL8,,no Adjusted P-value columns in this combined_protein.tsv
Q7KZ85,SUPT6H,,no Adjusted P-value columns in this combined_protein.tsv
Q7KZF4,SND1,,no Adjusted P-value columns in this combined_protein.tsv
Q7KZI7,MARK2,,no Adjusted P-value columns in this combined_protein.tsv
Q7KZN9,COX15,,no Adjusted P-value columns in this combined_protein.tsv
Q7L014,DDX46,,no Adjusted P-value columns in this combined_protein.tsv
Q7L0Y3,TRMT10C,,no Adjusted P-value columns in this combined_protein.tsv
Q7L1Q6,BZW1,,no Adjusted P-value columns in this combined_protein.tsv
Q7L1T6,CYB5R4,,no Adjusted P-value columns in this combined_protein.tsv
Q7L1V2,MON1B,,no Adjusted P-value columns in this combined_protein.tsv
Q7L273,KCTD9,,no Adjusted P-value columns in this combined_protein.tsv
Q7L2E3,DHX30,,no Adjusted P-value columns in this combined_protein.tsv
Q7L2H7,EIF3M,,no Adjusted P-value columns in this combined_protein.tsv
Q7L2J0,MEPCE,,no Adjusted P-value columns in this combined_protein.tsv
Q7L2Z9,CENPQ,,no Adjusted P-value columns in this combined_protein.tsv
Q7L3T8,PARS2,,no Adjusted P-value columns in this combined_protein.tsv
Q7L4I2,RSRC2,,no Adjusted P-value columns in this combined_protein.tsv
Q7L523,RRAGA,,no Adjusted P-value columns in this combined_protein.tsv
Q7L576,CYFIP1,,no Adjusted P-value columns in this combined_protein.tsv
Q7L592,NDUFAF7,,no Adjusted P-value columns in this combined_protein.tsv
Q7L5D6,GET4,,no Adjusted P-value columns in this combined_protein.tsv
Q7L5N1,COPS6,,no Adjusted P-value columns in this combined_protein.tsv
Q7L5Y1,ENOSF1,,no Adjusted P-value columns in this combined_protein.tsv
Q7L5Y9,MAEA,,no Adjusted P-value columns in this combined_protein.tsv
Q7L775,EPM2AIP1,,no Adjusted P-value columns in this combined_protein.tsv
Q7L7X3,TAOK1,,no Adjusted P-value columns in this combined_protein.tsv
Q7L8L6,FASTKD5,,no Adjusted P-value columns in this combined_protein.tsv
Q7L9L4,MOB1B,,no Adjusted P-value columns in this combined_protein.tsv
Q7LBC6,KDM3B,,no Adjusted P-value columns in this combined_protein.tsv
Q7LBR1,CHMP1B,,no Adjusted P-value columns in this combined_protein.tsv
Q7LGA3,HS2ST1,,no Adjusted P-value columns in this combined_protein.tsv
Q7RTV0,PHF5A,,no Adjusted P-value columns in this combined_protein.tsv
Q7Z2E3,APTX,,no Adjusted P-value columns in this combined_protein.tsv
Q7Z2T5,TRMT1L,,no Adjusted P-value columns in this combined_protein.tsv
Q7Z2W4,ZC3HAV1,,no Adjusted P-value columns in this combined_protein.tsv
Q7Z2W9,MRPL21,,no Adjusted P-value columns in this combined_protein.tsv
Q7Z2Z2,EFL1,,no Adjusted P-value columns in this combined_protein.tsv
Q7Z392,TRAPPC11,,no Adjusted P-value columns in this combined_protein.tsv
Q7Z3B3,KANSL1,,no Adjusted P-value columns in this combined_protein.tsv
Q7Z3B4,NUP54,,no Adjusted P-value columns in this combined_protein.tsv
Q7Z3C6,ATG9A,,no Adjusted P-value columns in this combined_protein.tsv
Q7Z3J2,VPS35L,,no Adjusted P-value columns in this combined_protein.tsv
Q7Z3K3,POGZ,,no Adjusted P-value columns in this combined_protein.tsv
Q7Z3T8,ZFYVE16,,no Adjusted P-value columns in this combined_protein.tsv
Q7Z3U7,MON2,,no Adjusted P-value columns in this combined_protein.tsv
Q7Z417,NUFIP2,,no Adjusted P-value columns in this combined_protein.tsv
Q7Z422,SZRD1,,no Adjusted P-value columns in this combined_protein.tsv
Q7Z434,MAVS,,no Adjusted P-value columns in this combined_protein.tsv
Q7Z460,CLASP1,,no Adjusted P-value columns in this combined_protein.tsv
Q7Z478,DHX29,,no Adjusted P-value columns in this combined_protein.tsv
Q7Z4G1,COMMD6,,no Adjusted P-value columns in this combined_protein.tsv
Q7Z4G4,TRMT11,,no Adjusted P-value columns in this combined_protein.tsv
Q7Z4H3,HDDC2,,no Adjusted P-value columns in this combined_protein.tsv
Q7Z4H7,HAUS6,,no Adjusted P-value columns in this combined_protein.tsv
Q7Z4H8,POGLUT3,,no Adjusted P-value columns in this combined_protein.tsv
Q7Z4Q2,HEATR3,,no Adjusted P-value columns in this combined_protein.tsv
Q7Z4S6,KIF21A,,no Adjusted P-value columns in this combined_protein.tsv
Q7Z4V5,HDGFL2,,no Adjusted P-value columns in this combined_protein.tsv
Q7Z4W1,DCXR,,no Adjusted P-value columns in this combined_protein.tsv
Q7Z569,BRAP,,no Adjusted P-value columns in this combined_protein.tsv
Q7Z5G4,GOLGA7,,no Adjusted P-value columns in this combined_protein.tsv
Q7Z5K2,WAPL,,no Adjusted P-value columns in this combined_protein.tsv
Q7Z5L9,IRF2BP2,,no Adjusted P-value columns in this combined_protein.tsv
Q7Z6B0,CCDC91,,no Adjusted P-value columns in this combined_protein.tsv
Q7Z6E9,RBBP6,,no Adjusted P-value columns in this combined_protein.tsv
Q7Z6J8,UBE3D,,no Adjusted P-value columns in this combined_protein.tsv
Q7Z6J9,TSEN54,,no Adjusted P-value columns in this combined_protein.tsv
Q7Z6M1,RABEPK,,no Adjusted P-value columns in this combined_protein.tsv
Q7Z6V5,ADAT2,,no Adjusted P-value columns in this combined_protein.tsv
Q7Z6Z7,HUWE1,,no Adjusted P-value columns in this combined_protein.tsv
Q7Z739,YTHDF3,,no Adjusted P-value columns in this combined_protein.tsv
Q7Z7A3,CTU1,,no Adjusted P-value columns in this combined_protein.tsv
Q7Z7C8,TAF8,,no Adjusted P-value columns in this combined_protein.tsv
Q7Z7E8,UBE2Q1,,no Adjusted P-value columns in this combined_protein.tsv
Q7Z7F0,KHDC4,,no Adjusted P-value columns in this combined_protein.tsv
Q7Z7F7,MRPL55,,no Adjusted P-value columns in this combined_protein.tsv
Q7Z7H8,MRPL10,,no Adjusted P-value columns in this combined_protein.tsv
Q7Z7K0,CMC1,,no Adjusted P-value columns in this combined_protein.tsv
Q7Z7K6,CENPV,,no Adjusted P-value columns in this combined_protein.tsv
Q7Z7L9,ZSCAN2,,no Adjusted P-value columns in this combined_protein.tsv
Q7Z7M9,GALNT5,,no Adjusted P-value columns in this combined_protein.tsv
Q7Z7N9,TMEM179B,,no Adjusted P-value columns in this combined_protein.tsv
Q86SE9,PCGF5,,no Adjusted P-value columns in this combined_protein.tsv
Q86SF2,GALNT7,,no Adjusted P-value columns in this combined_protein.tsv
Q86SQ9,DHDDS,,no Adjusted P-value columns in this combined_protein.tsv
Q86SX6,GLRX5,,no Adjusted P-value columns in this combined_protein.tsv
Q86SZ2,TRAPPC6B,,no Adjusted P-value columns in this combined_protein.tsv
Q86TB9,PATL1,,no Adjusted P-value columns in this combined_protein.tsv
Q86TI2,DPP9,,no Adjusted P-value columns in this combined_protein.tsv
Q86TP1,PRUNE1,,no Adjusted P-value columns in this combined_protein.tsv
Q86TS9,MRPL52,,no Adjusted P-value columns in this combined_protein.tsv
Q86TU7,SETD3,,no Adjusted P-value columns in this combined_protein.tsv
Q86U06,RBM23,,no Adjusted P-value columns in this combined_protein.tsv
Q86U28,ISCA2,,no Adjusted P-value columns in this combined_protein.tsv
Q86U38,NOP9,,no Adjusted P-value columns in this combined_protein.tsv
Q86U42,PABPN1,,no Adjusted P-value columns in this combined_protein.tsv
Q86U44,METTL3,,no Adjusted P-value columns in this combined_protein.tsv
Q86U70,LDB1,,no Adjusted P-value columns in this combined_protein.tsv
Q86U86,PBRM1,,no Adjusted P-value columns in this combined_protein.tsv
Q86U90,YRDC,,no Adjusted P-value columns in this combined_protein.tsv
Q86UA1,PRPF39,,no Adjusted P-value columns in this combined_protein.tsv
Q86UA6,RPAIN,,no Adjusted P-value columns in this combined_protein.tsv
Q86UD0,SAPCD2,,no Adjusted P-value columns in this combined_protein.tsv
Q86UE4,MTDH,,no Adjusted P-value columns in this combined_protein.tsv
Q86UE8,TLK2,,no Adjusted P-value columns in this combined_protein.tsv
Q86UK7,ZNF598,,no Adjusted P-value columns in this combined_protein.tsv
Q86UP2,KTN1,,no Adjusted P-value columns in this combined_protein.tsv
Q86UU1,PHLDB1,,no Adjusted P-value columns in this combined_protein.tsv
Q86UV5,USP48,,no Adjusted P-value columns in this combined_protein.tsv
Q86UX7,FERMT3,,no Adjusted P-value columns in this combined_protein.tsv
Q86UY5,SACK1A,,no Adjusted P-value columns in this combined_protein.tsv
Q86UY6,NAA40,,no Adjusted P-value columns in this combined_protein.tsv
Q86V21,AACS,,no Adjusted P-value columns in this combined_protein.tsv
Q86V48,LUZP1,,no Adjusted P-value columns in this combined_protein.tsv
Q86V59,PNMA8A,,no Adjusted P-value columns in this combined_protein.tsv
Q86V81,ALYREF,,no Adjusted P-value columns in this combined_protein.tsv
Q86VM9,ZC3H18,,no Adjusted P-value columns in this combined_protein.tsv
Q86VN1,VPS36,,no Adjusted P-value columns in this combined_protein.tsv
Q86VP6,CAND1,,no Adjusted P-value columns in this combined_protein.tsv
Q86VR2,RETREG3,,no Adjusted P-value columns in this combined_protein.tsv
Q86VS8,HOOK3,,no Adjusted P-value columns in this combined_protein.tsv
Q86VU5,COMTD1,,no Adjusted P-value columns in this combined_protein.tsv
Q86VX2,COMMD7,,no Adjusted P-value columns in this combined_protein.tsv
Q86W42,THOC6,,no Adjusted P-value columns in this combined_protein.tsv
Q86W50,METTL16,,no Adjusted P-value columns in this combined_protein.tsv
Q86W56,PARG,,no Adjusted P-value columns in this combined_protein.tsv
Q86WA8,LONP2,,no Adjusted P-value columns in this combined_protein.tsv
Q86WB0,ZC3HC1,,no Adjusted P-value columns in this combined_protein.tsv
Q86WJ1,CHD1L,,no Adjusted P-value columns in this combined_protein.tsv
Q86WN1,FCHSD1,,no Adjusted P-value columns in this combined_protein.tsv
Q86WP2,GPBP1,,no Adjusted P-value columns in this combined_protein.tsv
Q86WQ0,NR2C2AP,,no Adjusted P-value columns in this combined_protein.tsv
Q86WR0,CCDC25,,no Adjusted P-value columns in this combined_protein.tsv
Q86WX3,RPS19BP1,,no Adjusted P-value columns in this combined_protein.tsv
Q86X10,RALGAPB,,no Adjusted P-value columns in this combined_protein.tsv
Q86X29,LSR,,no Adjusted P-value columns in this combined_protein.tsv
Q86X55,CARM1,,no Adjusted P-value columns in this combined_protein.tsv
Q86X76,NIT1,,no Adjusted P-value columns in this combined_protein.tsv
Q86X83,COMMD2,,no Adjusted P-value columns in this combined_protein.tsv
Q86XA9,HEATR5A,,no Adjusted P-value columns in this combined_protein.tsv
Q86XI2,NCAPG2,,no Adjusted P-value columns in this combined_protein.tsv
Q86XL3,ANKLE2,,no Adjusted P-value columns in this combined_protein.tsv
Q86XP3,DDX42,,no Adjusted P-value columns in this combined_protein.tsv
Q86XZ4,SPATS2,,no Adjusted P-value columns in this combined_protein.tsv
Q86Y07,VRK2,,no Adjusted P-value columns in this combined_protein.tsv
Q86Y39,NDUFA11,,no Adjusted P-value columns in this combined_protein.tsv
Q86Y46,KRT73,,no Adjusted P-value columns in this combined_protein.tsv
Q86Y56,DNAAF5,,no Adjusted P-value columns in this combined_protein.tsv
Q86Y82,STX12,,no Adjusted P-value columns in this combined_protein.tsv
Q86Y91,KIF18B,,no Adjusted P-value columns in this combined_protein.tsv
Q86YF9,DZIP1,,no Adjusted P-value columns in this combined_protein.tsv
Q86YH6,PDSS2,,no Adjusted P-value columns in this combined_protein.tsv
Q86YM7,HOMER1,,no Adjusted P-value columns in this combined_protein.tsv
Q86YP4,GATAD2A,,no Adjusted P-value columns in this combined_protein.tsv
Q86YT6,MIB1,,no Adjusted P-value columns in this combined_protein.tsv
Q86ZR7,YKL033W-A,,no Adjusted P-value columns in this combined_protein.tsv
Q8IU60,DCP2,,no Adjusted P-value columns in this combined_protein.tsv
Q8IU81,IRF2BP1,,no Adjusted P-value columns in this combined_protein.tsv
Q8IUE6,H2AC21,,no Adjusted P-value columns in this combined_protein.tsv
Q8IUF1,ZNG1B,,no Adjusted P-value columns in this combined_protein.tsv
Q8IUF8,RIOX2,,no Adjusted P-value columns in this combined_protein.tsv
Q8IUH3,RBM45,,no Adjusted P-value columns in this combined_protein.tsv
Q8IUI8,CRLF3,,no Adjusted P-value columns in this combined_protein.tsv
Q8IUR0,TRAPPC5,,no Adjusted P-value columns in this combined_protein.tsv
Q8IUR7,ARMC8,,no Adjusted P-value columns in this combined_protein.tsv
Q8IV08,PLD3,,no Adjusted P-value columns in this combined_protein.tsv
Q8IV38,ANKMY2,,no Adjusted P-value columns in this combined_protein.tsv
Q8IV48,ERI1,,no Adjusted P-value columns in this combined_protein.tsv
Q8IV50,LYSMD2,,no Adjusted P-value columns in this combined_protein.tsv
Q8IV63,VRK3,,no Adjusted P-value columns in this combined_protein.tsv
Q8IVD9,NUDCD3,,no Adjusted P-value columns in this combined_protein.tsv
Q8IVF4,DNAH10,,no Adjusted P-value columns in this combined_protein.tsv
Q8IVH2,FOXP4,,no Adjusted P-value columns in this combined_protein.tsv
Q8IVI9,NOSTRIN,,no Adjusted P-value columns in this combined_protein.tsv
Q8IVM0,CCDC50,,no Adjusted P-value columns in this combined_protein.tsv
Q8IVS2,MCAT,,no Adjusted P-value columns in this combined_protein.tsv
Q8IWA0,WDR75,,no Adjusted P-value columns in this combined_protein.tsv
Q8IWA4,MFN1,,no Adjusted P-value columns in this combined_protein.tsv
Q8IWB7,WDFY1,,no Adjusted P-value columns in this combined_protein.tsv
Q8IWD4,CCDC117,,no Adjusted P-value columns in this combined_protein.tsv
Q8IWI9,MGA,,no Adjusted P-value columns in this combined_protein.tsv
Q8IWJ2,GCC2,,no Adjusted P-value columns in this combined_protein.tsv
Q8IWR0,ZC3H7A,,no Adjusted P-value columns in this combined_protein.tsv
Q8IWS0,PHF6,,no Adjusted P-value columns in this combined_protein.tsv
Q8IWT0,ZBTB8OS,,no Adjusted P-value columns in this combined_protein.tsv
Q8IWV7,UBR1,,no Adjusted P-value columns in this combined_protein.tsv
Q8IWV8,UBR2,,no Adjusted P-value columns in this combined_protein.tsv
Q8IWX8,CHERP,,no Adjusted P-value columns in this combined_protein.tsv
Q8IWY9,CDAN1,,no Adjusted P-value columns in this combined_protein.tsv
Q8IWZ3,ANKHD1,,no Adjusted P-value columns in this combined_protein.tsv
Q8IWZ8,SUGP1,,no Adjusted P-value columns in this combined_protein.tsv
Q8IX01,SUGP2,,no Adjusted P-value columns in this combined_protein.tsv
Q8IX07,ZFPM1,,no Adjusted P-value columns in this combined_protein.tsv
Q8IX12,CCAR1,,no Adjusted P-value columns in this combined_protein.tsv
Q8IX90,SKA3,,no Adjusted P-value columns in this combined_protein.tsv
Q8IXB1,DNAJC10,,no Adjusted P-value columns in this combined_protein.tsv
Q8IXH7,NELFCD,,no Adjusted P-value columns in this combined_protein.tsv
Q8IXI1,RHOT2,,no Adjusted P-value columns in this combined_protein.tsv
Q8IXI2,RHOT1,,no Adjusted P-value columns in this combined_protein.tsv
Q8IXJ6,SIRT2,,no Adjusted P-value columns in this combined_protein.tsv
Q8IXJ9,ASXL1,,no Adjusted P-value columns in this combined_protein.tsv
Q8IXK0,PHC2,,no Adjusted P-value columns in this combined_protein.tsv
Q8IXM3,MRPL41,,no Adjusted P-value columns in this combined_protein.tsv
Q8IXQ3,C9orf40,,no Adjusted P-value columns in this combined_protein.tsv
Q8IXQ4,GPALPP1,,no Adjusted P-value columns in this combined_protein.tsv
Q8IXT5,RBM12B,,no Adjusted P-value columns in this combined_protein.tsv
Q8IXW5,RPAP2,,no Adjusted P-value columns in this combined_protein.tsv
Q8IY18,SMC5,,no Adjusted P-value columns in this combined_protein.tsv
Q8IY22,CMIP,,no Adjusted P-value columns in this combined_protein.tsv
Q8IY33,MICALL2,,no Adjusted P-value columns in this combined_protein.tsv
Q8IY37,DHX37,,no Adjusted P-value columns in this combined_protein.tsv
Q8IY47,KBTBD2,,no Adjusted P-value columns in this combined_protein.tsv
Q8IY57,YAF2,,no Adjusted P-value columns in this combined_protein.tsv
Q8IY67,RAVER1,,no Adjusted P-value columns in this combined_protein.tsv
Q8IY81,FTSJ3,,no Adjusted P-value columns in this combined_protein.tsv
Q8IY95,TMEM192,,no Adjusted P-value columns in this combined_protein.tsv
Q8IYB3,SRRM1,,no Adjusted P-value columns in this combined_protein.tsv
Q8IYB5,SMAP1,,no Adjusted P-value columns in this combined_protein.tsv
Q8IYB8,SUPV3L1,,no Adjusted P-value columns in this combined_protein.tsv
Q8IYB9,ZNF595,,no Adjusted P-value columns in this combined_protein.tsv
Q8IYD1,GSPT2,,no Adjusted P-value columns in this combined_protein.tsv
Q8IYH5,ZZZ3,,no Adjusted P-value columns in this combined_protein.tsv
Q8IYI6,EXOC8,,no Adjusted P-value columns in this combined_protein.tsv
Q8IYL3,C1orf174,,no Adjusted P-value columns in this combined_protein.tsv
Q8IYQ7,THNSL1,,no Adjusted P-value columns in this combined_protein.tsv
Q8IYS2,KIAA2013,,no Adjusted P-value columns in this combined_protein.tsv
Q8IYU8,MICU2,,no Adjusted P-value columns in this combined_protein.tsv
Q8IZ07,ANKRD13A,,no Adjusted P-value columns in this combined_protein.tsv
Q8IZ21,PHACTR4,,no Adjusted P-value columns in this combined_protein.tsv
Q8IZ40,RCOR2,,no Adjusted P-value columns in this combined_protein.tsv
Q8IZ69,TRMT2A,,no Adjusted P-value columns in this combined_protein.tsv
Q8IZ73,RPUSD2,,no Adjusted P-value columns in this combined_protein.tsv
Q8IZ83,ALDH16A1,,no Adjusted P-value columns in this combined_protein.tsv
Q8IZH2,XRN1,,no Adjusted P-value columns in this combined_protein.tsv
Q8IZL8,PELP1,,no Adjusted P-value columns in this combined_protein.tsv
Q8IZP0,ABI1,,no Adjusted P-value columns in this combined_protein.tsv
Q8IZQ5,SELENOH,,no Adjusted P-value columns in this combined_protein.tsv
Q8IZV5,RDH10,,no Adjusted P-value columns in this combined_protein.tsv
Q8J0M4,YCL012C,,no Adjusted P-value columns in this combined_protein.tsv
Q8N0S6,CENPL,,no Adjusted P-value columns in this combined_protein.tsv
Q8N0T1,RBIS,,no Adjusted P-value columns in this combined_protein.tsv
Q8N0U8,VKORC1L1,,no Adjusted P-value columns in this combined_protein.tsv
Q8N0X7,SPART,,no Adjusted P-value columns in this combined_protein.tsv
Q8N0Y2,ZNF444,,no Adjusted P-value columns in this combined_protein.tsv
Q8N0Z6,TTC5,,no Adjusted P-value columns in this combined_protein.tsv
Q8N108,MIER1,,no Adjusted P-value columns in this combined_protein.tsv
Q8N122,RPTOR,,no Adjusted P-value columns in this combined_protein.tsv
Q8N128,FAM177A1,,no Adjusted P-value columns in this combined_protein.tsv
Q8N163,CCAR2,,no Adjusted P-value columns in this combined_protein.tsv
Q8N183,NDUFAF2,,no Adjusted P-value columns in this combined_protein.tsv
Q8N196,SIX5,,no Adjusted P-value columns in this combined_protein.tsv
Q8N1B4,VPS52,,no Adjusted P-value columns in this combined_protein.tsv
Q8N1F7,NUP93,,no Adjusted P-value columns in this combined_protein.tsv
Q8N1F8,STK11IP,,no Adjusted P-value columns in this combined_protein.tsv
Q8N1G0,ZNF687,,no Adjusted P-value columns in this combined_protein.tsv
Q8N1G2,CMTR1,,no Adjusted P-value columns in this combined_protein.tsv
Q8N1G4,LRRC47,,no Adjusted P-value columns in this combined_protein.tsv
Q8N201,INTS1,,no Adjusted P-value columns in this combined_protein.tsv
Q8N2C7,UNC80,,no Adjusted P-value columns in this combined_protein.tsv
Q8N2F6,ARMC10,,no Adjusted P-value columns in this combined_protein.tsv
Q8N2M8,CLASRP,,no Adjusted P-value columns in this combined_protein.tsv
Q8N2W9,PIAS4,,no Adjusted P-value columns in this combined_protein.tsv
Q8N2Z9,CENPS,,no Adjusted P-value columns in this combined_protein.tsv
Q8N335,GPD1L,,no Adjusted P-value columns in this combined_protein.tsv
Q8N357,SLC35F6,,no Adjusted P-value columns in this combined_protein.tsv
Q8N392,ARHGAP18,,no Adjusted P-value columns in this combined_protein.tsv
Q8N3C0,ASCC3,,no Adjusted P-value columns in this combined_protein.tsv
Q8N3D4,EHBP1L1,,no Adjusted P-value columns in this combined_protein.tsv
Q8N3P4,VPS8,,no Adjusted P-value columns in this combined_protein.tsv
Q8N3U4,STAG2,,no Adjusted P-value columns in this combined_protein.tsv
Q8N3X1,FNBP4,,no Adjusted P-value columns in this combined_protein.tsv
Q8N3Z6,ZCCHC7,,no Adjusted P-value columns in this combined_protein.tsv
Q8N442,GUF1,,no Adjusted P-value columns in this combined_protein.tsv
Q8N488,RYBP,,no Adjusted P-value columns in this combined_protein.tsv
Q8N490,PNKD,,no Adjusted P-value columns in this combined_protein.tsv
Q8N4H5,TOMM5,,no Adjusted P-value columns in this combined_protein.tsv
Q8N4J0,CARNMT1,,no Adjusted P-value columns in this combined_protein.tsv
Q8N4N3,KLHL36,,no Adjusted P-value columns in this combined_protein.tsv
Q8N4P3,HDDC3,,no Adjusted P-value columns in this combined_protein.tsv
Q8N4Q1,CHCHD4,,no Adjusted P-value columns in this combined_protein.tsv
Q8N543,OGFOD1,,no Adjusted P-value columns in this combined_protein.tsv
Q8N567,ZCCHC9,,no Adjusted P-value columns in this combined_protein.tsv
Q8N573,OXR1,,no Adjusted P-value columns in this combined_protein.tsv
Q8N5A5,ZGPAT,,no Adjusted P-value columns in this combined_protein.tsv
Q8N5C7,DTWD1,,no Adjusted P-value columns in this combined_protein.tsv
Q8N5F7,NKAP,,no Adjusted P-value columns in this combined_protein.tsv
Q8N5G0,SMIM20,,no Adjusted P-value columns in this combined_protein.tsv
Q8N5I9,NOPCHAP1,,no Adjusted P-value columns in this combined_protein.tsv
Q8N5K1,CISD2,,no Adjusted P-value columns in this combined_protein.tsv
Q8N5L8,RPP25L,,no Adjusted P-value columns in this combined_protein.tsv
Q8N5M1,ATPAF2,,no Adjusted P-value columns in this combined_protein.tsv
Q8N5M4,TTC9C,,no Adjusted P-value columns in this combined_protein.tsv
Q8N5M9,JAGN1,,no Adjusted P-value columns in this combined_protein.tsv
Q8N5N7,MRPL50,,no Adjusted P-value columns in this combined_protein.tsv
Q8N5P1,ZC3H8,,no Adjusted P-value columns in this combined_protein.tsv
Q8N653,LZTR1,,no Adjusted P-value columns in this combined_protein.tsv
Q8N684,CPSF7,,no Adjusted P-value columns in this combined_protein.tsv
Q8N6H7,ARFGAP2,,no Adjusted P-value columns in this combined_protein.tsv
Q8N6M0,OTUD6B,,no Adjusted P-value columns in this combined_protein.tsv
Q8N6N3,C1orf52,,no Adjusted P-value columns in this combined_protein.tsv
Q8N6R0,METTL13,,no Adjusted P-value columns in this combined_protein.tsv
Q8N6T3,ARFGAP1,,no Adjusted P-value columns in this combined_protein.tsv
Q8N6T7,SIRT6,,no Adjusted P-value columns in this combined_protein.tsv
Q8N766,EMC1,,no Adjusted P-value columns in this combined_protein.tsv
Q8N7H5,PAF1,,no Adjusted P-value columns in this combined_protein.tsv
Q8N806,UBR7,,no Adjusted P-value columns in this combined_protein.tsv
Q8N8A6,DDX51,,no Adjusted P-value columns in this combined_protein.tsv
Q8N8N7,PTGR2,,no Adjusted P-value columns in this combined_protein.tsv
Q8N8R5,C2orf69,,no Adjusted P-value columns in this combined_protein.tsv
Q8N954,GPATCH11,,no Adjusted P-value columns in this combined_protein.tsv
Q8N983,MRPL43,,no Adjusted P-value columns in this combined_protein.tsv
Q8N999,RLIG1,,no Adjusted P-value columns in this combined_protein.tsv
Q8N9I0,SYT2,,no Adjusted P-value columns in this combined_protein.tsv
Q8N9N2,ASCC1,,no Adjusted P-value columns in this combined_protein.tsv
Q8N9N5,BANP,,no Adjusted P-value columns in this combined_protein.tsv
Q8N9N7,LRRC57,,no Adjusted P-value columns in this combined_protein.tsv
Q8N9N8,EIF1AD,,no Adjusted P-value columns in this combined_protein.tsv
Q8N9Q2,SREK1IP1,,no Adjusted P-value columns in this combined_protein.tsv
Q8N9T8,KRI1,,no Adjusted P-value columns in this combined_protein.tsv
Q8N9Z2,CCDC71L,,no Adjusted P-value columns in this combined_protein.tsv
Q8NAB2,KBTBD3,,no Adjusted P-value columns in this combined_protein.tsv
Q8NAV1,PRPF38A,,no Adjusted P-value columns in this combined_protein.tsv
Q8NB37,GATD1,,no Adjusted P-value columns in this combined_protein.tsv
Q8NB46,ANKRD52,,no Adjusted P-value columns in this combined_protein.tsv
Q8NB49,ATP11C,,no Adjusted P-value columns in this combined_protein.tsv
Q8NB78,KDM1B,,no Adjusted P-value columns in this combined_protein.tsv
Q8NB90,AFG2A,,no Adjusted P-value columns in this combined_protein.tsv
Q8NBA8,DTWD2,,no Adjusted P-value columns in this combined_protein.tsv
Q8NBF2,NHLRC2,,no Adjusted P-value columns in this combined_protein.tsv
Q8NBF6,AVL9,,no Adjusted P-value columns in this combined_protein.tsv
Q8NBI5,SLC43A3,,no Adjusted P-value columns in this combined_protein.tsv
Q8NBJ5,COLGALT1,,no Adjusted P-value columns in this combined_protein.tsv
Q8NBJ7,SUMF2,,no Adjusted P-value columns in this combined_protein.tsv
Q8NBN3,TMEM87A,,no Adjusted P-value columns in this combined_protein.tsv
Q8NBN7,RDH13,,no Adjusted P-value columns in this combined_protein.tsv
Q8NBQ5,HSD17B11,,no Adjusted P-value columns in this combined_protein.tsv
Q8NBS9,TXNDC5,,no Adjusted P-value columns in this combined_protein.tsv
Q8NBT2,SPC24,,no Adjusted P-value columns in this combined_protein.tsv
Q8NBU5,ATAD1,,no Adjusted P-value columns in this combined_protein.tsv
Q8NBX0,SCCPDH,,no Adjusted P-value columns in this combined_protein.tsv
Q8NBZ0,INO80E,,no Adjusted P-value columns in this combined_protein.tsv
Q8NC51,SERBP1,,no Adjusted P-value columns in this combined_protein.tsv
Q8NC60,NOA1,,no Adjusted P-value columns in this combined_protein.tsv
Q8NC96,NECAP1,,no Adjusted P-value columns in this combined_protein.tsv
Q8NCA5,FAM98A,,no Adjusted P-value columns in this combined_protein.tsv
Q8NCE0,TSEN2,,no Adjusted P-value columns in this combined_protein.tsv
Q8NCE2,MTMR14,,no Adjusted P-value columns in this combined_protein.tsv
Q8NCF5,NFATC2IP,,no Adjusted P-value columns in this combined_protein.tsv
Q8NCG7,DAGLB,,no Adjusted P-value columns in this combined_protein.tsv
Q8NCH0,CHST14,,no Adjusted P-value columns in this combined_protein.tsv
Q8NCU4,CCDC191,,no Adjusted P-value columns in this combined_protein.tsv
Q8NCW5,NAXE,,no Adjusted P-value columns in this combined_protein.tsv
Q8ND04,SMG8,,no Adjusted P-value columns in this combined_protein.tsv
Q8ND24,RNF214,,no Adjusted P-value columns in this combined_protein.tsv
Q8ND56,LSM14A,,no Adjusted P-value columns in this combined_protein.tsv
Q8ND76,CCNY,,no Adjusted P-value columns in this combined_protein.tsv
Q8ND82,ZNF280C,,no Adjusted P-value columns in this combined_protein.tsv
Q8NDC0,MAPK1IP1L,,no Adjusted P-value columns in this combined_protein.tsv
Q8NDD1,FSAF1,,no Adjusted P-value columns in this combined_protein.tsv
Q8NDF8,TENT4B,,no Adjusted P-value columns in this combined_protein.tsv
Q8NDI1,EHBP1,,no Adjusted P-value columns in this combined_protein.tsv
Q8NDV7,TNRC6A,,no Adjusted P-value columns in this combined_protein.tsv
Q8NDX1,PSD4,,no Adjusted P-value columns in this combined_protein.tsv
Q8NE71,ABCF1,,no Adjusted P-value columns in this combined_protein.tsv
Q8NE86,MCU,,no Adjusted P-value columns in this combined_protein.tsv
Q8NEB9,PIK3C3,,no Adjusted P-value columns in this combined_protein.tsv
Q8NEC7,GSTCD,,no Adjusted P-value columns in this combined_protein.tsv
Q8NEF9,SRFBP1,,no Adjusted P-value columns in this combined_protein.tsv
Q8NEJ9,NGDN,,no Adjusted P-value columns in this combined_protein.tsv
Q8NEM2,SHCBP1,,no Adjusted P-value columns in this combined_protein.tsv
Q8NEY1,NAV1,,no Adjusted P-value columns in this combined_protein.tsv
Q8NEY8,PPHLN1,,no Adjusted P-value columns in this combined_protein.tsv
Q8NEZ2,VPS37A,,no Adjusted P-value columns in this combined_protein.tsv
Q8NEZ5,FBXO22,,no Adjusted P-value columns in this combined_protein.tsv
Q8NF50,DOCK8,,no Adjusted P-value columns in this combined_protein.tsv
Q8NFA0,USP32,,no Adjusted P-value columns in this combined_protein.tsv
Q8NFC6,BOD1L1,,no Adjusted P-value columns in this combined_protein.tsv
Q8NFD5,ARID1B,,no Adjusted P-value columns in this combined_protein.tsv
Q8NFF5,FLAD1,,no Adjusted P-value columns in this combined_protein.tsv
Q8NFG4,FLCN,,no Adjusted P-value columns in this combined_protein.tsv
Q8NFH3,NUP43,,no Adjusted P-value columns in this combined_protein.tsv
Q8NFH4,NUP37,,no Adjusted P-value columns in this combined_protein.tsv
Q8NFH5,NUP35,,no Adjusted P-value columns in this combined_protein.tsv
Q8NFU5,IPMK,,no Adjusted P-value columns in this combined_protein.tsv
Q8NFV4,ABHD11,,no Adjusted P-value columns in this combined_protein.tsv
Q8NFW8,CMAS,,no Adjusted P-value columns in this combined_protein.tsv
Q8NG11,TSPAN14,,no Adjusted P-value columns in this combined_protein.tsv
Q8NG31,KNL1,,no Adjusted P-value columns in this combined_protein.tsv
Q8NHG7,SVIP,,no Adjusted P-value columns in this combined_protein.tsv
Q8NHH9,ATL2,,no Adjusted P-value columns in this combined_protein.tsv
Q8NHM5,KDM2B,,no Adjusted P-value columns in this combined_protein.tsv
Q8NHP8,PLBD2,,no Adjusted P-value columns in this combined_protein.tsv
Q8NHQ9,DDX55,,no Adjusted P-value columns in this combined_protein.tsv
Q8NHV4,NEDD1,,no Adjusted P-value columns in this combined_protein.tsv
Q8NHW5,RPLP0P6,,no Adjusted P-value columns in this combined_protein.tsv
Q8NHZ8,CDC26,,no Adjusted P-value columns in this combined_protein.tsv
Q8NI22,MCFD2,,no Adjusted P-value columns in this combined_protein.tsv
Q8NI27,THOC2,,no Adjusted P-value columns in this combined_protein.tsv
Q8NI36,WDR36,,no Adjusted P-value columns in this combined_protein.tsv
Q8NI51,CTCFL,,no Adjusted P-value columns in this combined_protein.tsv
Q8NI60,COQ8A,,no Adjusted P-value columns in this combined_protein.tsv
Q8TA86,RP9,,no Adjusted P-value columns in this combined_protein.tsv
Q8TAA5,GRPEL2,,no Adjusted P-value columns in this combined_protein.tsv
Q8TAC1,RFESD,,no Adjusted P-value columns in this combined_protein.tsv
Q8TAD8,SNIP1,,no Adjusted P-value columns in this combined_protein.tsv
Q8TAE6,PPP1R14C,,no Adjusted P-value columns in this combined_protein.tsv
Q8TAE8,GADD45GIP1,,no Adjusted P-value columns in this combined_protein.tsv
Q8TAF3,WDR48,,no Adjusted P-value columns in this combined_protein.tsv
Q8TAG9,EXOC6,,no Adjusted P-value columns in this combined_protein.tsv
Q8TAP6,CEP76,,no Adjusted P-value columns in this combined_protein.tsv
Q8TAP8,PPP1R35,,no Adjusted P-value columns in this combined_protein.tsv
Q8TAP9,MPLKIP,,no Adjusted P-value columns in this combined_protein.tsv
Q8TAQ2,SMARCC2,,no Adjusted P-value columns in this combined_protein.tsv
Q8TAT6,NPLOC4,,no Adjusted P-value columns in this combined_protein.tsv
Q8TB03,CXorf38,,no Adjusted P-value columns in this combined_protein.tsv
Q8TB52,FBXO30,,no Adjusted P-value columns in this combined_protein.tsv
Q8TB61,SLC35B2,,no Adjusted P-value columns in this combined_protein.tsv
Q8TB72,PUM2,,no Adjusted P-value columns in this combined_protein.tsv
Q8TBA6,GOLGA5,,no Adjusted P-value columns in this combined_protein.tsv
Q8TBB5,KLHDC4,,no Adjusted P-value columns in this combined_protein.tsv
Q8TBC4,UBA3,,no Adjusted P-value columns in this combined_protein.tsv
Q8TBF2,PRXL2B,,no Adjusted P-value columns in this combined_protein.tsv
Q8TBN0,RAB3IL1,,no Adjusted P-value columns in this combined_protein.tsv
Q8TBP6,SLC25A40,,no Adjusted P-value columns in this combined_protein.tsv
Q8TBQ9,TMEM167A,,no Adjusted P-value columns in this combined_protein.tsv
Q8TBX8,PIP4K2C,,no Adjusted P-value columns in this combined_protein.tsv
Q8TBZ6,TRMT10A,,no Adjusted P-value columns in this combined_protein.tsv
Q8TC07,TBC1D15,,no Adjusted P-value columns in this combined_protein.tsv
Q8TC12,RDH11,,no Adjusted P-value columns in this combined_protein.tsv
Q8TCC3,MRPL30,,no Adjusted P-value columns in this combined_protein.tsv
Q8TCD5,NT5C,,no Adjusted P-value columns in this combined_protein.tsv
Q8TCF1,ZFAND1,,no Adjusted P-value columns in this combined_protein.tsv
Q8TCG1,CIP2A,,no Adjusted P-value columns in this combined_protein.tsv
Q8TCS8,PNPT1,,no Adjusted P-value columns in this combined_protein.tsv
Q8TD16,BICD2,,no Adjusted P-value columns in this combined_protein.tsv
Q8TD19,NEK9,,no Adjusted P-value columns in this combined_protein.tsv
Q8TD26,CHD6,,no Adjusted P-value columns in this combined_protein.tsv
Q8TDD1,DDX54,,no Adjusted P-value columns in this combined_protein.tsv
Q8TDH9,BLOC1S5,,no Adjusted P-value columns in this combined_protein.tsv
Q8TDN6,BRIX1,,no Adjusted P-value columns in this combined_protein.tsv
Q8TDP1,RNASEH2C,,no Adjusted P-value columns in this combined_protein.tsv
Q8TDX7,NEK7,,no Adjusted P-value columns in this combined_protein.tsv
Q8TE02,ELP5,,no Adjusted P-value columns in this combined_protein.tsv
Q8TEA1,NSUN6,,no Adjusted P-value columns in this combined_protein.tsv
Q8TEA8,DTD1,,no Adjusted P-value columns in this combined_protein.tsv
Q8TEB1,DCAF11,,no Adjusted P-value columns in this combined_protein.tsv
Q8TED0,UTP15,,no Adjusted P-value columns in this combined_protein.tsv
Q8TEM1,NUP210,,no Adjusted P-value columns in this combined_protein.tsv
Q8TEQ6,GEMIN5,,no Adjusted P-value columns in this combined_protein.tsv
Q8TEU7,RAPGEF6,,no Adjusted P-value columns in this combined_protein.tsv
Q8TEX9,IPO4,,no Adjusted P-value columns in this combined_protein.tsv
Q8TF01,PNISR,,no Adjusted P-value columns in this combined_protein.tsv
Q8TF05,PPP4R1,,no Adjusted P-value columns in this combined_protein.tsv
Q8TF46,DIS3L,,no Adjusted P-value columns in this combined_protein.tsv
Q8TGU7,YBR126W-A,,no Adjusted P-value columns in this combined_protein.tsv
Q8WTS1,ABHD5,,no Adjusted P-value columns in this combined_protein.tsv
Q8WTT2,NOC3L,,no Adjusted P-value columns in this combined_protein.tsv
Q8WU76,SCFD2,,no Adjusted P-value columns in this combined_protein.tsv
Q8WU79,SMAP2,,no Adjusted P-value columns in this combined_protein.tsv
Q8WU90,ZC3H15,,no Adjusted P-value columns in this combined_protein.tsv
Q8WUA2,PPIL4,,no Adjusted P-value columns in this combined_protein.tsv
Q8WUA4,GTF3C2,,no Adjusted P-value columns in this combined_protein.tsv
Q8WUB8,PHF10,,no Adjusted P-value columns in this combined_protein.tsv
Q8WUD4,CCDC12,,no Adjusted P-value columns in this combined_protein.tsv
Q8WUE5,CT55,,no Adjusted P-value columns in this combined_protein.tsv
Q8WUH1,CHURC1,,no Adjusted P-value columns in this combined_protein.tsv
Q8WUH6,TMEM263,,no Adjusted P-value columns in this combined_protein.tsv
Q8WUI4,HDAC7,,no Adjusted P-value columns in this combined_protein.tsv
Q8WUK0,PTPMT1,,no Adjusted P-value columns in this combined_protein.tsv
Q8WUM0,NUP133,,no Adjusted P-value columns in this combined_protein.tsv
Q8WUM4,PDCD6IP,,no Adjusted P-value columns in this combined_protein.tsv
Q8WUQ7,CACTIN,,no Adjusted P-value columns in this combined_protein.tsv
Q8WUR7,C15orf40,,no Adjusted P-value columns in this combined_protein.tsv
Q8WUU5,GATAD1,,no Adjusted P-value columns in this combined_protein.tsv
Q8WUW1,BRK1,,no Adjusted P-value columns in this combined_protein.tsv
Q8WUX1,SLC38A5,,no Adjusted P-value columns in this combined_protein.tsv
Q8WUX2,CHAC2,,no Adjusted P-value columns in this combined_protein.tsv
Q8WUX9,CHMP7,,no Adjusted P-value columns in this combined_protein.tsv
Q8WUZ0,BCL7C,,no Adjusted P-value columns in this combined_protein.tsv
Q8WV22,NSMCE1,,no Adjusted P-value columns in this combined_protein.tsv
Q8WV41,SNX33,,no Adjusted P-value columns in this combined_protein.tsv
Q8WV44,TRIM41,,no Adjusted P-value columns in this combined_protein.tsv
Q8WV60,PTCD2,,no Adjusted P-value columns in this combined_protein.tsv
Q8WVB6,CHTF18,,no Adjusted P-value columns in this combined_protein.tsv
Q8WVC0,LEO1,,no Adjusted P-value columns in this combined_protein.tsv
Q8WVD3,RNF138,,no Adjusted P-value columns in this combined_protein.tsv
Q8WVJ2,NUDCD2,,no Adjusted P-value columns in this combined_protein.tsv
Q8WVK2,SNRNP27,,no Adjusted P-value columns in this combined_protein.tsv
Q8WVM0,TFB1M,,no Adjusted P-value columns in this combined_protein.tsv
Q8WVM8,SCFD1,,no Adjusted P-value columns in this combined_protein.tsv
Q8WVT3,TRAPPC12,,no Adjusted P-value columns in this combined_protein.tsv
Q8WVV9,HNRNPLL,,no Adjusted P-value columns in this combined_protein.tsv
Q8WVX9,FAR1,,no Adjusted P-value columns in this combined_protein.tsv
Q8WVY7,UBLCP1,,no Adjusted P-value columns in this combined_protein.tsv
Q8WW01,TSEN15,,no Adjusted P-value columns in this combined_protein.tsv
Q8WW12,PCNP,,no Adjusted P-value columns in this combined_protein.tsv
Q8WW33,GTSF1,,no Adjusted P-value columns in this combined_protein.tsv
Q8WW59,SPRYD4,,no Adjusted P-value columns in this combined_protein.tsv
Q8WWC4,MAIP1,,no Adjusted P-value columns in this combined_protein.tsv
Q8WWH5,TRUB1,,no Adjusted P-value columns in this combined_protein.tsv
Q8WWK9,CKAP2,,no Adjusted P-value columns in this combined_protein.tsv
Q8WWM7,ATXN2L,,no Adjusted P-value columns in this combined_protein.tsv
Q8WWQ0,PHIP,,no Adjusted P-value columns in this combined_protein.tsv
Q8WWV3,RTN4IP1,,no Adjusted P-value columns in this combined_protein.tsv
Q8WWW0,RASSF5,,no Adjusted P-value columns in this combined_protein.tsv
Q8WWY3,PRPF31,,no Adjusted P-value columns in this combined_protein.tsv
Q8WWZ3,EDARADD,,no Adjusted P-value columns in this combined_protein.tsv
Q8WX92,NELFB,,no Adjusted P-value columns in this combined_protein.tsv
Q8WXA9,SREK1,,no Adjusted P-value columns in this combined_protein.tsv
Q8WXB1,METTL21A,,no Adjusted P-value columns in this combined_protein.tsv
Q8WXD5,GEMIN6,,no Adjusted P-value columns in this combined_protein.tsv
Q8WXD9,CASKIN1,,no Adjusted P-value columns in this combined_protein.tsv
Q8WXE1,ATRIP,,no Adjusted P-value columns in this combined_protein.tsv
Q8WXE9,STON2,,no Adjusted P-value columns in this combined_protein.tsv
Q8WXF1,PSPC1,,no Adjusted P-value columns in this combined_protein.tsv
Q8WXG6,MADD,,no Adjusted P-value columns in this combined_protein.tsv
Q8WXI9,GATAD2B,,no Adjusted P-value columns in this combined_protein.tsv
Q8WXW3,PIBF1,,no Adjusted P-value columns in this combined_protein.tsv
Q8WXX5,DNAJC9,,no Adjusted P-value columns in this combined_protein.tsv
Q8WY54,PPM1E,,no Adjusted P-value columns in this combined_protein.tsv
Q8WYA6,CTNNBL1,,no Adjusted P-value columns in this combined_protein.tsv
Q8WYH8,ING5,,no Adjusted P-value columns in this combined_protein.tsv
Q8WYN0,ATG4A,,no Adjusted P-value columns in this combined_protein.tsv
Q8WYP5,AHCTF1,,no Adjusted P-value columns in this combined_protein.tsv
Q8WYQ3,CHCHD10,,no Adjusted P-value columns in this combined_protein.tsv
Q8WYQ5,DGCR8,,no Adjusted P-value columns in this combined_protein.tsv
Q8WZ82,OVCA2,,no Adjusted P-value columns in this combined_protein.tsv
Q8WZA0,LZIC,,no Adjusted P-value columns in this combined_protein.tsv
Q8WZA9,IRGQ,,no Adjusted P-value columns in this combined_protein.tsv
Q92317,NCB2,,no Adjusted P-value columns in this combined_protein.tsv
Q92325,LAG2,,no Adjusted P-value columns in this combined_protein.tsv
Q92331,VPS5,,no Adjusted P-value columns in this combined_protein.tsv
Q92499,DDX1,,no Adjusted P-value columns in this combined_protein.tsv
Q92504,SLC39A7,,no Adjusted P-value columns in this combined_protein.tsv
Q92506,HSD17B8,,no Adjusted P-value columns in this combined_protein.tsv
Q92520,FAM3C,,no Adjusted P-value columns in this combined_protein.tsv
Q92522,H1-10,,no Adjusted P-value columns in this combined_protein.tsv
Q92526,CCT6B,,no Adjusted P-value columns in this combined_protein.tsv
Q92530,PSMF1,,no Adjusted P-value columns in this combined_protein.tsv
Q92538,GBF1,,no Adjusted P-value columns in this combined_protein.tsv
Q92539,LPIN2,,no Adjusted P-value columns in this combined_protein.tsv
Q92540,SMG7,,no Adjusted P-value columns in this combined_protein.tsv
Q92541,RTF1,,no Adjusted P-value columns in this combined_protein.tsv
Q92544,TM9SF4,,no Adjusted P-value columns in this combined_protein.tsv
Q92547,TOPBP1,,no Adjusted P-value columns in this combined_protein.tsv
Q92552,MRPS27,,no Adjusted P-value columns in this combined_protein.tsv
Q92560,BAP1,,no Adjusted P-value columns in this combined_protein.tsv
Q92572,AP3S1,,no Adjusted P-value columns in this combined_protein.tsv
Q92575,UBXN4,,no Adjusted P-value columns in this combined_protein.tsv
Q92576,PHF3,,no Adjusted P-value columns in this combined_protein.tsv
Q92598,HSPH1,,no Adjusted P-value columns in this combined_protein.tsv
Q92599,SEPTIN8,,no Adjusted P-value columns in this combined_protein.tsv
Q92600,CNOT9,,no Adjusted P-value columns in this combined_protein.tsv
Q92609,TBC1D5,,no Adjusted P-value columns in this combined_protein.tsv
Q92610,ZNF592,,no Adjusted P-value columns in this combined_protein.tsv
Q92614,MYO18A,,no Adjusted P-value columns in this combined_protein.tsv
Q92615,LARP4B,,no Adjusted P-value columns in this combined_protein.tsv
Q92616,GCN1,,no Adjusted P-value columns in this combined_protein.tsv
Q92620,DHX38,,no Adjusted P-value columns in this combined_protein.tsv
Q92621,NUP205,,no Adjusted P-value columns in this combined_protein.tsv
Q92625,ANKS1A,,no Adjusted P-value columns in this combined_protein.tsv
Q92636,NSMAF,,no Adjusted P-value columns in this combined_protein.tsv
Q92665,MRPS31,,no Adjusted P-value columns in this combined_protein.tsv
Q92667,AKAP1,,no Adjusted P-value columns in this combined_protein.tsv
Q92688,ANP32B,,no Adjusted P-value columns in this combined_protein.tsv
Q92692,NECTIN2,,no Adjusted P-value columns in this combined_protein.tsv
Q92696,RABGGTA,,no Adjusted P-value columns in this combined_protein.tsv
Q92733,PRCC,,no Adjusted P-value columns in this combined_protein.tsv
Q92734,TFG,,no Adjusted P-value columns in this combined_protein.tsv
Q92747,ARPC1A,,no Adjusted P-value columns in this combined_protein.tsv
Q92759,GTF2H4,,no Adjusted P-value columns in this combined_protein.tsv
Q92766,RREB1,,no Adjusted P-value columns in this combined_protein.tsv
Q92769,HDAC2,,no Adjusted P-value columns in this combined_protein.tsv
Q92783,STAM,,no Adjusted P-value columns in this combined_protein.tsv
Q92785,DPF2,,no Adjusted P-value columns in this combined_protein.tsv
Q92793,CREBBP,,no Adjusted P-value columns in this combined_protein.tsv
Q92794,KAT6A,,no Adjusted P-value columns in this combined_protein.tsv
Q92797,SYMPK,,no Adjusted P-value columns in this combined_protein.tsv
Q92804,TAF15,,no Adjusted P-value columns in this combined_protein.tsv
Q92820,GGH,,no Adjusted P-value columns in this combined_protein.tsv
Q92828,CORO2A,,no Adjusted P-value columns in this combined_protein.tsv
Q92841,DDX17,,no Adjusted P-value columns in this combined_protein.tsv
Q92843,BCL2L2,,no Adjusted P-value columns in this combined_protein.tsv
Q92844,TANK,,no Adjusted P-value columns in this combined_protein.tsv
Q92851,CASP10,,no Adjusted P-value columns in this combined_protein.tsv
Q92878,RAD50,,no Adjusted P-value columns in this combined_protein.tsv
Q92879,CELF1,,no Adjusted P-value columns in this combined_protein.tsv
Q92882,OSTF1,,no Adjusted P-value columns in this combined_protein.tsv
Q92888,ARHGEF1,,no Adjusted P-value columns in this combined_protein.tsv
Q92890,UFD1,,no Adjusted P-value columns in this combined_protein.tsv
Q92896,GLG1,,no Adjusted P-value columns in this combined_protein.tsv
Q92900,UPF1,,no Adjusted P-value columns in this combined_protein.tsv
Q92901,RPL3L,,no Adjusted P-value columns in this combined_protein.tsv
Q92905,COPS5,,no Adjusted P-value columns in this combined_protein.tsv
Q92917,GPKOW,,no Adjusted P-value columns in this combined_protein.tsv
Q92922,SMARCC1,,no Adjusted P-value columns in this combined_protein.tsv
Q92925,SMARCD2,,no Adjusted P-value columns in this combined_protein.tsv
Q92945,KHSRP,,no Adjusted P-value columns in this combined_protein.tsv
Q92947,GCDH,,no Adjusted P-value columns in this combined_protein.tsv
Q92973,TNPO1,,no Adjusted P-value columns in this combined_protein.tsv
Q92974,ARHGEF2,,no Adjusted P-value columns in this combined_protein.tsv
Q92979,EMG1,,no Adjusted P-value columns in this combined_protein.tsv
Q92989,CLP1,,no Adjusted P-value columns in this combined_protein.tsv
Q92990,GLMN,,no Adjusted P-value columns in this combined_protein.tsv
Q93008,USP9X,,no Adjusted P-value columns in this combined_protein.tsv
Q93009,USP7,,no Adjusted P-value columns in this combined_protein.tsv
Q93034,CUL5,,no Adjusted P-value columns in this combined_protein.tsv
Q93050,ATP6V0A1,,no Adjusted P-value columns in this combined_protein.tsv
Q93074,MED12,,no Adjusted P-value columns in this combined_protein.tsv
Q93100,PHKB,,no Adjusted P-value columns in this combined_protein.tsv
Q93K97,nudF,,no Adjusted P-value columns in this combined_protein.tsv
Q969E2,SCAMP4,,no Adjusted P-value columns in this combined_protein.tsv
Q969E8,TSR2,,no Adjusted P-value columns in this combined_protein.tsv
Q969F1,GTF3C6,,no Adjusted P-value columns in this combined_protein.tsv
Q969G3,SMARCE1,,no Adjusted P-value columns in this combined_protein.tsv
Q969G6,RFK,,no Adjusted P-value columns in this combined_protein.tsv
Q969H8,MYDGF,,no Adjusted P-value columns in this combined_protein.tsv
Q969Q0,RPL36AL,,no Adjusted P-value columns in this combined_protein.tsv
Q969Q5,RAB24,,no Adjusted P-value columns in this combined_protein.tsv
Q969S3,ZNF622,,no Adjusted P-value columns in this combined_protein.tsv
Q969S9,GFM2,,no Adjusted P-value columns in this combined_protein.tsv
Q969T4,UBE2E3,,no Adjusted P-value columns in this combined_protein.tsv
Q969T9,WBP2,,no Adjusted P-value columns in this combined_protein.tsv
Q969U7,PSMG2,,no Adjusted P-value columns in this combined_protein.tsv
Q969X1,TMBIM1,,no Adjusted P-value columns in this combined_protein.tsv
Q969X6,UTP4,,no Adjusted P-value columns in this combined_protein.tsv
Q969Y2,GTPBP3,,no Adjusted P-value columns in this combined_protein.tsv
Q969Z0,TBRG4,,no Adjusted P-value columns in this combined_protein.tsv
Q96A00,PPP1R14A,,no Adjusted P-value columns in this combined_protein.tsv
Q96A08,H2BC1,,no Adjusted P-value columns in this combined_protein.tsv
Q96A26,FAM162A,,no Adjusted P-value columns in this combined_protein.tsv
Q96A33,CCDC47,,no Adjusted P-value columns in this combined_protein.tsv
Q96A35,MRPL24,,no Adjusted P-value columns in this combined_protein.tsv
Q96A49,SYAP1,,no Adjusted P-value columns in this combined_protein.tsv
Q96A65,EXOC4,,no Adjusted P-value columns in this combined_protein.tsv
Q96A72,MAGOHB,,no Adjusted P-value columns in this combined_protein.tsv
Q96A73,KIAA1191,,no Adjusted P-value columns in this combined_protein.tsv
Q96AB3,ISOC2,,no Adjusted P-value columns in this combined_protein.tsv
Q96AD5,PNPLA2,,no Adjusted P-value columns in this combined_protein.tsv
Q96AE4,FUBP1,,no Adjusted P-value columns in this combined_protein.tsv
Q96AG4,LRRC59,,no Adjusted P-value columns in this combined_protein.tsv
Q96AJ9,VTI1A,,no Adjusted P-value columns in this combined_protein.tsv
Q96AQ8,MCUR1,,no Adjusted P-value columns in this combined_protein.tsv
Q96AT1,KIAA1143,,no Adjusted P-value columns in this combined_protein.tsv
Q96AT9,RPE,,no Adjusted P-value columns in this combined_protein.tsv
Q96AX1,VPS33A,,no Adjusted P-value columns in this combined_protein.tsv
Q96B23,ARK2N,,no Adjusted P-value columns in this combined_protein.tsv
Q96B26,EXOSC8,,no Adjusted P-value columns in this combined_protein.tsv
Q96B36,AKT1S1,,no Adjusted P-value columns in this combined_protein.tsv
Q96B49,TOMM6,,no Adjusted P-value columns in this combined_protein.tsv
Q96B54,ZNF428,,no Adjusted P-value columns in this combined_protein.tsv
Q96BD8,SKA1,,no Adjusted P-value columns in this combined_protein.tsv
Q96BH1,RNF25,,no Adjusted P-value columns in this combined_protein.tsv
Q96BJ3,AIDA,,no Adjusted P-value columns in this combined_protein.tsv
Q96BK5,PINX1,,no Adjusted P-value columns in this combined_protein.tsv
Q96BN2,TADA1,,no Adjusted P-value columns in this combined_protein.tsv
Q96BN8,OTULIN,,no Adjusted P-value columns in this combined_protein.tsv
Q96BP2,CHCHD1,,no Adjusted P-value columns in this combined_protein.tsv
Q96BP3,PPWD1,,no Adjusted P-value columns in this combined_protein.tsv
Q96BR5,COA7,,no Adjusted P-value columns in this combined_protein.tsv
Q96BW5,PTER,,no Adjusted P-value columns in this combined_protein.tsv
Q96BW9,TAMM41,,no Adjusted P-value columns in this combined_protein.tsv
Q96C01,TIMCC,,no Adjusted P-value columns in this combined_protein.tsv
Q96C19,EFHD2,,no Adjusted P-value columns in this combined_protein.tsv
Q96C23,GALM,,no Adjusted P-value columns in this combined_protein.tsv
Q96C36,PYCR2,,no Adjusted P-value columns in this combined_protein.tsv
Q96C57,CUSTOS,,no Adjusted P-value columns in this combined_protein.tsv
Q96C86,DCPS,,no Adjusted P-value columns in this combined_protein.tsv
Q96C90,PPP1R14B,,no Adjusted P-value columns in this combined_protein.tsv
Q96CB8,INTS12,,no Adjusted P-value columns in this combined_protein.tsv
Q96CB9,NSUN4,,no Adjusted P-value columns in this combined_protein.tsv
Q96CD2,PPCDC,,no Adjusted P-value columns in this combined_protein.tsv
Q96CN7,ISOC1,,no Adjusted P-value columns in this combined_protein.tsv
Q96CP2,FLYWCH2,,no Adjusted P-value columns in this combined_protein.tsv
Q96CS2,HAUS1,,no Adjusted P-value columns in this combined_protein.tsv
Q96CS3,FAF2,,no Adjusted P-value columns in this combined_protein.tsv
Q96CT7,CCDC124,,no Adjusted P-value columns in this combined_protein.tsv
Q96CU9,FOXRED1,,no Adjusted P-value columns in this combined_protein.tsv
Q96CW1,AP2M1,,no Adjusted P-value columns in this combined_protein.tsv
Q96CW5,TUBGCP3,,no Adjusted P-value columns in this combined_protein.tsv
Q96CW6,SLC7A6OS,,no Adjusted P-value columns in this combined_protein.tsv
Q96D46,NMD3,,no Adjusted P-value columns in this combined_protein.tsv
Q96D71,REPS1,,no Adjusted P-value columns in this combined_protein.tsv
Q96DA6,DNAJC19,,no Adjusted P-value columns in this combined_protein.tsv
Q96DB5,RMDN1,,no Adjusted P-value columns in this combined_protein.tsv
Q96DE0,NUDT16,,no Adjusted P-value columns in this combined_protein.tsv
Q96DE5,ANAPC16,,no Adjusted P-value columns in this combined_protein.tsv
Q96DF8,ESS2,,no Adjusted P-value columns in this combined_protein.tsv
Q96DG6,CMBL,,no Adjusted P-value columns in this combined_protein.tsv
Q96DH6,MSI2,,no Adjusted P-value columns in this combined_protein.tsv
Q96DI7,SNRNP40,,no Adjusted P-value columns in this combined_protein.tsv
Q96DM3,RMC1,,no Adjusted P-value columns in this combined_protein.tsv
Q96DT6,ATG4C,,no Adjusted P-value columns in this combined_protein.tsv
Q96DV4,MRPL38,,no Adjusted P-value columns in this combined_protein.tsv
Q96DX7,TRIM44,,no Adjusted P-value columns in this combined_protein.tsv
Q96E11,MRRF,,no Adjusted P-value columns in this combined_protein.tsv
Q96E14,RMI2,,no Adjusted P-value columns in this combined_protein.tsv
Q96E29,MTERF3,,no Adjusted P-value columns in this combined_protein.tsv
Q96E39,RBMXL1,,no Adjusted P-value columns in this combined_protein.tsv
Q96E52,OMA1,,no Adjusted P-value columns in this combined_protein.tsv
Q96EA4,SPDL1,,no Adjusted P-value columns in this combined_protein.tsv
Q96EB1,ELP4,,no Adjusted P-value columns in this combined_protein.tsv
Q96EB6,SIRT1,,no Adjusted P-value columns in this combined_protein.tsv
Q96EE3,SEH1L,,no Adjusted P-value columns in this combined_protein.tsv
Q96EH3,MALSU1,,no Adjusted P-value columns in this combined_protein.tsv
Q96EK5,KIFBP,,no Adjusted P-value columns in this combined_protein.tsv
Q96EK6,GNPNAT1,,no Adjusted P-value columns in this combined_protein.tsv
Q96EK7,FAM120B,,no Adjusted P-value columns in this combined_protein.tsv
Q96EK9,KTI12,,no Adjusted P-value columns in this combined_protein.tsv
Q96EL2,MRPS24,,no Adjusted P-value columns in this combined_protein.tsv
Q96EL3,MRPL53,,no Adjusted P-value columns in this combined_protein.tsv
Q96EM0,L3HYPDH,,no Adjusted P-value columns in this combined_protein.tsv
Q96EP5,DAZAP1,,no Adjusted P-value columns in this combined_protein.tsv
Q96EQ0,SGTB,,no Adjusted P-value columns in this combined_protein.tsv
Q96ER3,SAAL1,,no Adjusted P-value columns in this combined_protein.tsv
Q96ER9,CCDC51,,no Adjusted P-value columns in this combined_protein.tsv
Q96ES7,SGF29,,no Adjusted P-value columns in this combined_protein.tsv
Q96EU6,RRP36,,no Adjusted P-value columns in this combined_protein.tsv
Q96EV2,RBM33,,no Adjusted P-value columns in this combined_protein.tsv
Q96EV8,DTNBP1,,no Adjusted P-value columns in this combined_protein.tsv
Q96EX1,SMIM12,,no Adjusted P-value columns in this combined_protein.tsv
Q96EY1,DNAJA3,,no Adjusted P-value columns in this combined_protein.tsv
Q96EY4,TMA16,,no Adjusted P-value columns in this combined_protein.tsv
Q96EY5,MVB12A,,no Adjusted P-value columns in this combined_protein.tsv
Q96EY7,PTCD3,,no Adjusted P-value columns in this combined_protein.tsv
Q96EY8,MMAB,,no Adjusted P-value columns in this combined_protein.tsv
Q96EY9,ADAT3,,no Adjusted P-value columns in this combined_protein.tsv
Q96F24,NRBF2,,no Adjusted P-value columns in this combined_protein.tsv
Q96F44,TRIM11,,no Adjusted P-value columns in this combined_protein.tsv
Q96F63,CCDC97,,no Adjusted P-value columns in this combined_protein.tsv
Q96F86,EDC3,,no Adjusted P-value columns in this combined_protein.tsv
Q96FF9,CDCA5,,no Adjusted P-value columns in this combined_protein.tsv
Q96FJ2,DYNLL2,,no Adjusted P-value columns in this combined_protein.tsv
Q96FK6,WDR89,,no Adjusted P-value columns in this combined_protein.tsv
Q96FS4,SIPA1,,no Adjusted P-value columns in this combined_protein.tsv
Q96FV2,SCRN2,,no Adjusted P-value columns in this combined_protein.tsv
Q96FV9,THOC1,,no Adjusted P-value columns in this combined_protein.tsv
Q96FW1,OTUB1,,no Adjusted P-value columns in this combined_protein.tsv
Q96FX2,DPH3,,no Adjusted P-value columns in this combined_protein.tsv
Q96FX7,TRMT61A,,no Adjusted P-value columns in this combined_protein.tsv
Q96FZ2,HMCES,,no Adjusted P-value columns in this combined_protein.tsv
Q96FZ7,CHMP6,,no Adjusted P-value columns in this combined_protein.tsv
Q96G03,PGM2,,no Adjusted P-value columns in this combined_protein.tsv
Q96G21,IMP4,,no Adjusted P-value columns in this combined_protein.tsv
Q96G23,CERS2,,no Adjusted P-value columns in this combined_protein.tsv
Q96G25,MED8,,no Adjusted P-value columns in this combined_protein.tsv
Q96G28,CFAP36,,no Adjusted P-value columns in this combined_protein.tsv
Q96G46,DUS3L,,no Adjusted P-value columns in this combined_protein.tsv
Q96G74,OTUD5,,no Adjusted P-value columns in this combined_protein.tsv
Q96GA3,LTV1,,no Adjusted P-value columns in this combined_protein.tsv
Q96GA7,SDSL,,no Adjusted P-value columns in this combined_protein.tsv
Q96GC5,MRPL48,,no Adjusted P-value columns in this combined_protein.tsv
Q96GD0,PDXP,,no Adjusted P-value columns in this combined_protein.tsv
Q96GD4,AURKB,,no Adjusted P-value columns in this combined_protein.tsv
Q96GG9,DCUN1D1,,no Adjusted P-value columns in this combined_protein.tsv
Q96GK7,FAHD2A,,no Adjusted P-value columns in this combined_protein.tsv
Q96GM5,SMARCD1,,no Adjusted P-value columns in this combined_protein.tsv
Q96GM8,TOE1,,no Adjusted P-value columns in this combined_protein.tsv
Q96GQ7,DDX27,,no Adjusted P-value columns in this combined_protein.tsv
Q96GS4,BORCS6,,no Adjusted P-value columns in this combined_protein.tsv
Q96GU1,PAGE5,,no Adjusted P-value columns in this combined_protein.tsv
Q96GX2,ATXN7L3B,,no Adjusted P-value columns in this combined_protein.tsv
Q96GX9,APIP,,no Adjusted P-value columns in this combined_protein.tsv
Q96H20,SNF8,,no Adjusted P-value columns in this combined_protein.tsv
Q96H55,MYO19,,no Adjusted P-value columns in this combined_protein.tsv
Q96HA7,TONSL,,no Adjusted P-value columns in this combined_protein.tsv
Q96HC4,PDLIM5,,no Adjusted P-value columns in this combined_protein.tsv
Q96HE7,ERO1A,,no Adjusted P-value columns in this combined_protein.tsv
Q96HP4,OXNAD1,,no Adjusted P-value columns in this combined_protein.tsv
Q96HR3,MED30,,no Adjusted P-value columns in this combined_protein.tsv
Q96HR8,NAF1,,no Adjusted P-value columns in this combined_protein.tsv
Q96HR9,REEP6,,no Adjusted P-value columns in this combined_protein.tsv
Q96HS1,PGAM5,,no Adjusted P-value columns in this combined_protein.tsv
Q96HU8,DIRAS2,,no Adjusted P-value columns in this combined_protein.tsv
Q96HW7,INTS4,,no Adjusted P-value columns in this combined_protein.tsv
Q96HY6,DDRGK1,,no Adjusted P-value columns in this combined_protein.tsv
Q96I15,SCLY,,no Adjusted P-value columns in this combined_protein.tsv
Q96I24,FUBP3,,no Adjusted P-value columns in this combined_protein.tsv
Q96I25,RBM17,,no Adjusted P-value columns in this combined_protein.tsv
Q96I51,RCC1L,,no Adjusted P-value columns in this combined_protein.tsv
Q96I59,NARS2,,no Adjusted P-value columns in this combined_protein.tsv
Q96I99,SUCLG2,,no Adjusted P-value columns in this combined_protein.tsv
Q96IG2,FBXL20,,no Adjusted P-value columns in this combined_protein.tsv
Q96II8,LRCH3,,no Adjusted P-value columns in this combined_protein.tsv
Q96IJ6,GMPPA,,no Adjusted P-value columns in this combined_protein.tsv
Q96IU4,ABHD14B,,no Adjusted P-value columns in this combined_protein.tsv
Q96IV0,NGLY1,,no Adjusted P-value columns in this combined_protein.tsv
Q96IX5,ATP5MK,,no Adjusted P-value columns in this combined_protein.tsv
Q96IY1,NSL1,,no Adjusted P-value columns in this combined_protein.tsv
Q96IZ7,RSRC1,,no Adjusted P-value columns in this combined_protein.tsv
Q96J01,THOC3,,no Adjusted P-value columns in this combined_protein.tsv
Q96J02,ITCH,,no Adjusted P-value columns in this combined_protein.tsv
Q96JB2,COG3,,no Adjusted P-value columns in this combined_protein.tsv
Q96JB3,HIC2,,no Adjusted P-value columns in this combined_protein.tsv
Q96JB5,CDK5RAP3,,no Adjusted P-value columns in this combined_protein.tsv
Q96JC1,VPS39,,no Adjusted P-value columns in this combined_protein.tsv
Q96JC9,EAF1,,no Adjusted P-value columns in this combined_protein.tsv
Q96JG6,VPS50,,no Adjusted P-value columns in this combined_protein.tsv
Q96JH7,VCPIP1,,no Adjusted P-value columns in this combined_protein.tsv
Q96JM3,CHAMP1,,no Adjusted P-value columns in this combined_protein.tsv
Q96JP5,ZFP91,,no Adjusted P-value columns in this combined_protein.tsv
Q96K17,BTF3L4,,no Adjusted P-value columns in this combined_protein.tsv
Q96K37,SLC35E1,,no Adjusted P-value columns in this combined_protein.tsv
Q96K76,USP47,,no Adjusted P-value columns in this combined_protein.tsv
Q96KB5,PBK,,no Adjusted P-value columns in this combined_protein.tsv
Q96KC2,ARL5B,,no Adjusted P-value columns in this combined_protein.tsv
Q96KG9,SCYL1,,no Adjusted P-value columns in this combined_protein.tsv
Q96KP1,EXOC2,,no Adjusted P-value columns in this combined_protein.tsv
Q96KP4,CNDP2,,no Adjusted P-value columns in this combined_protein.tsv
Q96KQ7,EHMT2,,no Adjusted P-value columns in this combined_protein.tsv
Q96KR1,ZFR,,no Adjusted P-value columns in this combined_protein.tsv
Q96KR6,MIMS2,,no Adjusted P-value columns in this combined_protein.tsv
Q96L91,EP400,,no Adjusted P-value columns in this combined_protein.tsv
Q96L92,SNX27,,no Adjusted P-value columns in this combined_protein.tsv
Q96LA8,PRMT6,,no Adjusted P-value columns in this combined_protein.tsv
Q96LB4,ATP6V1G3,,no Adjusted P-value columns in this combined_protein.tsv
Q96LI5,CNOT6L,,no Adjusted P-value columns in this combined_protein.tsv
Q96LJ7,DHRS1,,no Adjusted P-value columns in this combined_protein.tsv
Q96LT9,RNPC3,,no Adjusted P-value columns in this combined_protein.tsv
Q96M27,PRRC1,,no Adjusted P-value columns in this combined_protein.tsv
Q96ME1,FBXL18,,no Adjusted P-value columns in this combined_protein.tsv
Q96MF7,NSMCE2,,no Adjusted P-value columns in this combined_protein.tsv
Q96MG7,NSMCE3,,no Adjusted P-value columns in this combined_protein.tsv
Q96MU7,YTHDC1,,no Adjusted P-value columns in this combined_protein.tsv
Q96MW1,CCDC43,,no Adjusted P-value columns in this combined_protein.tsv
Q96MX0,CMTM3,,no Adjusted P-value columns in this combined_protein.tsv
Q96MX6,DNAAF10,,no Adjusted P-value columns in this combined_protein.tsv
Q96N66,MBOAT7,,no Adjusted P-value columns in this combined_protein.tsv
Q96NA2,RILP,,no Adjusted P-value columns in this combined_protein.tsv
Q96NB3,ZNF830,,no Adjusted P-value columns in this combined_protein.tsv
Q96NC0,ZMAT2,,no Adjusted P-value columns in this combined_protein.tsv
Q96ND0,MIMS1,,no Adjusted P-value columns in this combined_protein.tsv
Q96NT0,VMA22,,no Adjusted P-value columns in this combined_protein.tsv
Q96NT1,NAP1L5,,no Adjusted P-value columns in this combined_protein.tsv
Q96NW4,ANKRD27,,no Adjusted P-value columns in this combined_protein.tsv
Q96NY7,CLIC6,,no Adjusted P-value columns in this combined_protein.tsv
Q96P11,NSUN5,,no Adjusted P-value columns in this combined_protein.tsv
Q96P16,RPRD1A,,no Adjusted P-value columns in this combined_protein.tsv
Q96P47,AGAP3,,no Adjusted P-value columns in this combined_protein.tsv
Q96P48,ARAP1,,no Adjusted P-value columns in this combined_protein.tsv
Q96P70,IPO9,,no Adjusted P-value columns in this combined_protein.tsv
Q96PE7,MCEE,,no Adjusted P-value columns in this combined_protein.tsv
Q96PK6,RBM14,,no Adjusted P-value columns in this combined_protein.tsv
Q96PM5,RCHY1,,no Adjusted P-value columns in this combined_protein.tsv
Q96PM9,ZNF385A,,no Adjusted P-value columns in this combined_protein.tsv
Q96PU5,NEDD4L,,no Adjusted P-value columns in this combined_protein.tsv
Q96PU8,QKI,,no Adjusted P-value columns in this combined_protein.tsv
Q96PV6,LENG8,,no Adjusted P-value columns in this combined_protein.tsv
Q96PZ0,PUS7,,no Adjusted P-value columns in this combined_protein.tsv
Q96Q05,TRAPPC9,,no Adjusted P-value columns in this combined_protein.tsv
Q96Q11,TRNT1,,no Adjusted P-value columns in this combined_protein.tsv
Q96Q15,SMG1,,no Adjusted P-value columns in this combined_protein.tsv
Q96Q83,ALKBH3,,no Adjusted P-value columns in this combined_protein.tsv
Q96Q89,KIF20B,,no Adjusted P-value columns in this combined_protein.tsv
Q96QC0,PPP1R10,,no Adjusted P-value columns in this combined_protein.tsv
Q96QD8,SLC38A2,,no Adjusted P-value columns in this combined_protein.tsv
Q96QD9,FYTTD1,,no Adjusted P-value columns in this combined_protein.tsv
Q96QK1,VPS35,,no Adjusted P-value columns in this combined_protein.tsv
Q96QR8,PURB,,no Adjusted P-value columns in this combined_protein.tsv
Q96QU8,XPO6,,no Adjusted P-value columns in this combined_protein.tsv
Q96QZ7,MAGI1,,no Adjusted P-value columns in this combined_protein.tsv
Q96R06,SPAG5,,no Adjusted P-value columns in this combined_protein.tsv
Q96RD7,PANX1,,no Adjusted P-value columns in this combined_protein.tsv
Q96RE7,NACC1,,no Adjusted P-value columns in this combined_protein.tsv
Q96RL1,UIMC1,,no Adjusted P-value columns in this combined_protein.tsv
Q96RN5,MED15,,no Adjusted P-value columns in this combined_protein.tsv
Q96RP9,GFM1,,no Adjusted P-value columns in this combined_protein.tsv
Q96RQ3,MCCC1,,no Adjusted P-value columns in this combined_protein.tsv
Q96RS0,TGS1,,no Adjusted P-value columns in this combined_protein.tsv
Q96RS6,NUDCD1,,no Adjusted P-value columns in this combined_protein.tsv
Q96RT1,ERBIN,,no Adjusted P-value columns in this combined_protein.tsv
Q96RU2,USP28,,no Adjusted P-value columns in this combined_protein.tsv
Q96S15,WDR24,,no Adjusted P-value columns in this combined_protein.tsv
Q96S19,METTL26,,no Adjusted P-value columns in this combined_protein.tsv
Q96S44,TP53RK,,no Adjusted P-value columns in this combined_protein.tsv
Q96S55,WRNIP1,,no Adjusted P-value columns in this combined_protein.tsv
Q96S59,RANBP9,,no Adjusted P-value columns in this combined_protein.tsv
Q96S66,CLCC1,,no Adjusted P-value columns in this combined_protein.tsv
Q96S82,UBL7,,no Adjusted P-value columns in this combined_protein.tsv
Q96S94,CCNL2,,no Adjusted P-value columns in this combined_protein.tsv
Q96S97,MYADM,,no Adjusted P-value columns in this combined_protein.tsv
Q96S99,PLEKHF1,,no Adjusted P-value columns in this combined_protein.tsv
Q96SB3,PPP1R9B,,no Adjusted P-value columns in this combined_protein.tsv
Q96SB4,SRPK1,,no Adjusted P-value columns in this combined_protein.tsv
Q96SB8,SMC6,,no Adjusted P-value columns in this combined_protein.tsv
Q96SI9,STRBP,,no Adjusted P-value columns in this combined_protein.tsv
Q96SN8,CDK5RAP2,,no Adjusted P-value columns in this combined_protein.tsv
Q96ST2,IWS1,,no Adjusted P-value columns in this combined_protein.tsv
Q96ST3,SIN3A,,no Adjusted P-value columns in this combined_protein.tsv
Q96SU4,OSBPL9,,no Adjusted P-value columns in this combined_protein.tsv
Q96SW2,CRBN,,no Adjusted P-value columns in this combined_protein.tsv
Q96SY0,INTS14,,no Adjusted P-value columns in this combined_protein.tsv
Q96SZ5,ADO,,no Adjusted P-value columns in this combined_protein.tsv
Q96SZ6,CDK5RAP1,,no Adjusted P-value columns in this combined_protein.tsv
Q96T23,RSF1,,no Adjusted P-value columns in this combined_protein.tsv
Q96T37,RBM15,,no Adjusted P-value columns in this combined_protein.tsv
Q96T51,RUFY1,,no Adjusted P-value columns in this combined_protein.tsv
Q96T58,SPEN,,no Adjusted P-value columns in this combined_protein.tsv
Q96T60,PNKP,,no Adjusted P-value columns in this combined_protein.tsv
Q96T76,MMS19,,no Adjusted P-value columns in this combined_protein.tsv
Q96T88,UHRF1,,no Adjusted P-value columns in this combined_protein.tsv
Q96TA1,NIBAN2,,no Adjusted P-value columns in this combined_protein.tsv
Q96TA2,YME1L1,,no Adjusted P-value columns in this combined_protein.tsv
Q96TC7,RMDN3,,no Adjusted P-value columns in this combined_protein.tsv
Q96VH4,HBN1,,no Adjusted P-value columns in this combined_protein.tsv
Q96VH5,MIC10,,no Adjusted P-value columns in this combined_protein.tsv
Q99081,TCF12,,no Adjusted P-value columns in this combined_protein.tsv
Q99176,SRN2,,no Adjusted P-value columns in this combined_protein.tsv
Q99186,APM4,,no Adjusted P-value columns in this combined_protein.tsv
Q99189,MTR10,,no Adjusted P-value columns in this combined_protein.tsv
Q99190,TSC13,,no Adjusted P-value columns in this combined_protein.tsv
Q99207,NOP14,,no Adjusted P-value columns in this combined_protein.tsv
Q99210,YOR111W,,no Adjusted P-value columns in this combined_protein.tsv
Q99216,PNO1,,no Adjusted P-value columns in this combined_protein.tsv
Q99247,DUF1,,no Adjusted P-value columns in this combined_protein.tsv
Q99257,MEX67,,no Adjusted P-value columns in this combined_protein.tsv
Q99258,RIB3,,no Adjusted P-value columns in this combined_protein.tsv
Q99260,YPT6,,no Adjusted P-value columns in this combined_protein.tsv
Q99271,NHA1,,no Adjusted P-value columns in this combined_protein.tsv
Q99287,SEY1,,no Adjusted P-value columns in this combined_protein.tsv
Q99288,DET1,,no Adjusted P-value columns in this combined_protein.tsv
Q99312,ISN1,,no Adjusted P-value columns in this combined_protein.tsv
Q99316,MPD2,,no Adjusted P-value columns in this combined_protein.tsv
Q99321,DDP1,,no Adjusted P-value columns in this combined_protein.tsv
Q99369,FSH3,,no Adjusted P-value columns in this combined_protein.tsv
Q99383,HRP1,,no Adjusted P-value columns in this combined_protein.tsv
Q99385,VCX1,,no Adjusted P-value columns in this combined_protein.tsv
Q99394,TRS33,,no Adjusted P-value columns in this combined_protein.tsv
Q99395,YPL229W,,no Adjusted P-value columns in this combined_protein.tsv
Q99417,MYCBP,,no Adjusted P-value columns in this combined_protein.tsv
Q99426,TBCB,,no Adjusted P-value columns in this combined_protein.tsv
Q99436,PSMB7,,no Adjusted P-value columns in this combined_protein.tsv
Q99439,CNN2,,no Adjusted P-value columns in this combined_protein.tsv
Q99447,PCYT2,,no Adjusted P-value columns in this combined_protein.tsv
Q99459,CDC5L,,no Adjusted P-value columns in this combined_protein.tsv
Q99460,PSMD1,,no Adjusted P-value columns in this combined_protein.tsv
Q99471,PFDN5,,no Adjusted P-value columns in this combined_protein.tsv
Q99496,RNF2,,no Adjusted P-value columns in this combined_protein.tsv
Q99497,PARK7,,no Adjusted P-value columns in this combined_protein.tsv
Q99504,EYA3,,no Adjusted P-value columns in this combined_protein.tsv
Q99523,SORT1,,no Adjusted P-value columns in this combined_protein.tsv
Q99536,VAT1,,no Adjusted P-value columns in this combined_protein.tsv
Q99541,PLIN2,,no Adjusted P-value columns in this combined_protein.tsv
Q99543,DNAJC2,,no Adjusted P-value columns in this combined_protein.tsv
Q99547,MPHOSPH6,,no Adjusted P-value columns in this combined_protein.tsv
Q99549,MPHOSPH8,,no Adjusted P-value columns in this combined_protein.tsv
Q99567,NUP88,,no Adjusted P-value columns in this combined_protein.tsv
Q99570,PIK3R4,,no Adjusted P-value columns in this combined_protein.tsv
Q99575,POP1,,no Adjusted P-value columns in this combined_protein.tsv
Q99584,S100A13,,no Adjusted P-value columns in this combined_protein.tsv
Q99590,SCAF11,,no Adjusted P-value columns in this combined_protein.tsv
Q99595,TIMM17A,,no Adjusted P-value columns in this combined_protein.tsv
Q99598,TSNAX,,no Adjusted P-value columns in this combined_protein.tsv
Q99611,SEPHS2,,no Adjusted P-value columns in this combined_protein.tsv
Q99613,EIF3C,,no Adjusted P-value columns in this combined_protein.tsv
Q99614,TTC1,,no Adjusted P-value columns in this combined_protein.tsv
Q99615,DNAJC7,,no Adjusted P-value columns in this combined_protein.tsv
Q99618,CDCA3,,no Adjusted P-value columns in this combined_protein.tsv
Q99622,C12orf57,,no Adjusted P-value columns in this combined_protein.tsv
Q99623,PHB2,,no Adjusted P-value columns in this combined_protein.tsv
Q99627,COPS8,,no Adjusted P-value columns in this combined_protein.tsv
Q99633,PRPF18,,no Adjusted P-value columns in this combined_protein.tsv
Q99638,RAD9A,,no Adjusted P-value columns in this combined_protein.tsv
Q99640,PKMYT1,,no Adjusted P-value columns in this combined_protein.tsv
Q99643,SDHC,,no Adjusted P-value columns in this combined_protein.tsv
Q99653,CHP1,,no Adjusted P-value columns in this combined_protein.tsv
Q99661,KIF2C,,no Adjusted P-value columns in this combined_protein.tsv
Q99700,ATXN2,,no Adjusted P-value columns in this combined_protein.tsv
Q99707,MTR,,no Adjusted P-value columns in this combined_protein.tsv
Q99714,HSD17B10,,no Adjusted P-value columns in this combined_protein.tsv
Q99717,SMAD5,,no Adjusted P-value columns in this combined_protein.tsv
Q99719,SEPTIN5,,no Adjusted P-value columns in this combined_protein.tsv
Q99729,HNRNPAB,,no Adjusted P-value columns in this combined_protein.tsv
Q99733,NAP1L4,,no Adjusted P-value columns in this combined_protein.tsv
Q99735,MGST2,,no Adjusted P-value columns in this combined_protein.tsv
Q99747,NAPG,,no Adjusted P-value columns in this combined_protein.tsv
Q99755,PIP5K1A,,no Adjusted P-value columns in this combined_protein.tsv
Q99757,TXN2,,no Adjusted P-value columns in this combined_protein.tsv
Q99797,MIPEP,,no Adjusted P-value columns in this combined_protein.tsv
Q99798,ACO2,,no Adjusted P-value columns in this combined_protein.tsv
Q99805,TM9SF2,,no Adjusted P-value columns in this combined_protein.tsv
Q99807,COQ7,,no Adjusted P-value columns in this combined_protein.tsv
Q99808,SLC29A1,,no Adjusted P-value columns in this combined_protein.tsv
Q99816,TSG101,,no Adjusted P-value columns in this combined_protein.tsv
Q99829,CPNE1,,no Adjusted P-value columns in this combined_protein.tsv
Q99832,CCT7,,no Adjusted P-value columns in this combined_protein.tsv
Q99836,MYD88,,no Adjusted P-value columns in this combined_protein.tsv
Q99848,EBNA1BP2,,no Adjusted P-value columns in this combined_protein.tsv
Q99856,ARID3A,,no Adjusted P-value columns in this combined_protein.tsv
Q99871,HAUS7,,no Adjusted P-value columns in this combined_protein.tsv
Q99873,PRMT1,,no Adjusted P-value columns in this combined_protein.tsv
Q99909,SSX3,,no Adjusted P-value columns in this combined_protein.tsv
Q99933,BAG1,,no Adjusted P-value columns in this combined_protein.tsv
Q99942,RNF5,,no Adjusted P-value columns in this combined_protein.tsv
Q99952,PTPN18,,no Adjusted P-value columns in this combined_protein.tsv
Q99956,DUSP9,,no Adjusted P-value columns in this combined_protein.tsv
Q99961,SH3GL1,,no Adjusted P-value columns in this combined_protein.tsv
Q99986,VRK1,,no Adjusted P-value columns in this combined_protein.tsv
Q99996,AKAP9,,no Adjusted P-value columns in this combined_protein.tsv
Q9BPW8,NIPSNAP1,,no Adjusted P-value columns in this combined_protein.tsv
Q9BPX3,NCAPG,,no Adjusted P-value columns in this combined_protein.tsv
Q9BPX5,ARPC5L,,no Adjusted P-value columns in this combined_protein.tsv
Q9BPX6,MICU1,,no Adjusted P-value columns in this combined_protein.tsv
Q9BPY3,SIRAL1,,no Adjusted P-value columns in this combined_protein.tsv
Q9BPZ3,PAIP2,,no Adjusted P-value columns in this combined_protein.tsv
Q9BQ04,RBM4B,,no Adjusted P-value columns in this combined_protein.tsv
Q9BQ15,NABP2,,no Adjusted P-value columns in this combined_protein.tsv
Q9BQ39,DDX50,,no Adjusted P-value columns in this combined_protein.tsv
Q9BQ48,MRPL34,,no Adjusted P-value columns in this combined_protein.tsv
Q9BQ52,ELAC2,,no Adjusted P-value columns in this combined_protein.tsv
Q9BQ61,TRIR,,no Adjusted P-value columns in this combined_protein.tsv
Q9BQ67,GRWD1,,no Adjusted P-value columns in this combined_protein.tsv
Q9BQ69,MACROD1,,no Adjusted P-value columns in this combined_protein.tsv
Q9BQ75,CMSS1,,no Adjusted P-value columns in this combined_protein.tsv
Q9BQ87,TBL1Y,,no Adjusted P-value columns in this combined_protein.tsv
Q9BQ95,ECSIT,,no Adjusted P-value columns in this combined_protein.tsv
Q9BQA1,WDR77,,no Adjusted P-value columns in this combined_protein.tsv
Q9BQC3,DPH2,,no Adjusted P-value columns in this combined_protein.tsv
Q9BQC6,MRPL57,,no Adjusted P-value columns in this combined_protein.tsv
Q9BQE3,TUBA1C,,no Adjusted P-value columns in this combined_protein.tsv
Q9BQE5,APOL2,,no Adjusted P-value columns in this combined_protein.tsv
Q9BQE9,BCL7B,,no Adjusted P-value columns in this combined_protein.tsv
Q9BQG0,MYBBP1A,,no Adjusted P-value columns in this combined_protein.tsv
Q9BQG2,NUDT12,,no Adjusted P-value columns in this combined_protein.tsv
Q9BQP7,MGME1,,no Adjusted P-value columns in this combined_protein.tsv
Q9BQT8,SLC25A21,,no Adjusted P-value columns in this combined_protein.tsv
Q9BQY4,RHOXF2,,no Adjusted P-value columns in this combined_protein.tsv
Q9BR61,ACBD6,,no Adjusted P-value columns in this combined_protein.tsv
Q9BR76,CORO1B,,no Adjusted P-value columns in this combined_protein.tsv
Q9BRA2,TXNDC17,,no Adjusted P-value columns in this combined_protein.tsv
Q9BRD0,BUD13,,no Adjusted P-value columns in this combined_protein.tsv
Q9BRF8,CPPED1,,no Adjusted P-value columns in this combined_protein.tsv
Q9BRG1,VPS25,,no Adjusted P-value columns in this combined_protein.tsv
Q9BRJ2,MRPL45,,no Adjusted P-value columns in this combined_protein.tsv
Q9BRJ7,NUDT16L1,,no Adjusted P-value columns in this combined_protein.tsv
Q9BRK5,SDF4,,no Adjusted P-value columns in this combined_protein.tsv
Q9BRL6,SRSF8,,no Adjusted P-value columns in this combined_protein.tsv
Q9BRP1,PDCD2L,,no Adjusted P-value columns in this combined_protein.tsv
Q9BRP4,PAAF1,,no Adjusted P-value columns in this combined_protein.tsv
Q9BRP8,PYM1,,no Adjusted P-value columns in this combined_protein.tsv
Q9BRQ8,AIFM2,,no Adjusted P-value columns in this combined_protein.tsv
Q9BRS2,RIOK1,,no Adjusted P-value columns in this combined_protein.tsv
Q9BRT2,UQCC2,,no Adjusted P-value columns in this combined_protein.tsv
Q9BRT3,MIEN1,,no Adjusted P-value columns in this combined_protein.tsv
Q9BRT6,LLPH,,no Adjusted P-value columns in this combined_protein.tsv
Q9BRT9,GINS4,,no Adjusted P-value columns in this combined_protein.tsv
Q9BRU9,UTP23,,no Adjusted P-value columns in this combined_protein.tsv
Q9BRX2,PELO,,no Adjusted P-value columns in this combined_protein.tsv
Q9BRX5,GINS3,,no Adjusted P-value columns in this combined_protein.tsv
Q9BRX9,WDR83,,no Adjusted P-value columns in this combined_protein.tsv
Q9BRZ2,TRIM56,,no Adjusted P-value columns in this combined_protein.tsv
Q9BS16,CENPK,,no Adjusted P-value columns in this combined_protein.tsv
Q9BS18,ANAPC13,,no Adjusted P-value columns in this combined_protein.tsv
Q9BS26,ERP44,,no Adjusted P-value columns in this combined_protein.tsv
Q9BSC4,NOL10,,no Adjusted P-value columns in this combined_protein.tsv
Q9BSD7,NTPCR,,no Adjusted P-value columns in this combined_protein.tsv
Q9BSF4,TIMM29,,no Adjusted P-value columns in this combined_protein.tsv
Q9BSH4,TACO1,,no Adjusted P-value columns in this combined_protein.tsv
Q9BSJ2,TUBGCP2,,no Adjusted P-value columns in this combined_protein.tsv
Q9BSJ8,ESYT1,,no Adjusted P-value columns in this combined_protein.tsv
Q9BSL1,UBAC1,,no Adjusted P-value columns in this combined_protein.tsv
Q9BSR8,YIPF4,,no Adjusted P-value columns in this combined_protein.tsv
Q9BSU3,NAA11,,no Adjusted P-value columns in this combined_protein.tsv
Q9BSV6,TSEN34,,no Adjusted P-value columns in this combined_protein.tsv
Q9BSY4,CHCHD5,,no Adjusted P-value columns in this combined_protein.tsv
Q9BSY9,DESI2,,no Adjusted P-value columns in this combined_protein.tsv
Q9BT09,CNPY3,,no Adjusted P-value columns in this combined_protein.tsv
Q9BT25,HAUS8,,no Adjusted P-value columns in this combined_protein.tsv
Q9BT73,PSMG3,,no Adjusted P-value columns in this combined_protein.tsv
Q9BT78,COPS4,,no Adjusted P-value columns in this combined_protein.tsv
Q9BTA9,WAC,,no Adjusted P-value columns in this combined_protein.tsv
Q9BTC0,DIDO1,,no Adjusted P-value columns in this combined_protein.tsv
Q9BTC8,MTA3,,no Adjusted P-value columns in this combined_protein.tsv
Q9BTD8,RBM42,,no Adjusted P-value columns in this combined_protein.tsv
Q9BTE1,DCTN5,,no Adjusted P-value columns in this combined_protein.tsv
Q9BTE3,MCMBP,,no Adjusted P-value columns in this combined_protein.tsv
Q9BTE6,AARSD1,,no Adjusted P-value columns in this combined_protein.tsv
Q9BTE7,DCUN1D5,,no Adjusted P-value columns in this combined_protein.tsv
Q9BTK6,PAGR1,,no Adjusted P-value columns in this combined_protein.tsv
Q9BTL3,RAMAC,,no Adjusted P-value columns in this combined_protein.tsv
Q9BTM9,URM1,,no Adjusted P-value columns in this combined_protein.tsv
Q9BTT0,ANP32E,,no Adjusted P-value columns in this combined_protein.tsv
Q9BTT4,MED10,,no Adjusted P-value columns in this combined_protein.tsv
Q9BTU6,PI4K2A,,no Adjusted P-value columns in this combined_protein.tsv
Q9BTV4,TMEM43,,no Adjusted P-value columns in this combined_protein.tsv
Q9BTW9,TBCD,,no Adjusted P-value columns in this combined_protein.tsv
Q9BTY7,HGH1,,no Adjusted P-value columns in this combined_protein.tsv
Q9BTZ2,DHRS4,,no Adjusted P-value columns in this combined_protein.tsv
Q9BU61,NDUFAF3,,no Adjusted P-value columns in this combined_protein.tsv
Q9BU76,MMTAG2,,no Adjusted P-value columns in this combined_protein.tsv
Q9BU89,DOHH,,no Adjusted P-value columns in this combined_protein.tsv
Q9BUB5,MKNK1,,no Adjusted P-value columns in this combined_protein.tsv
Q9BUB7,TMEM70,,no Adjusted P-value columns in this combined_protein.tsv
Q9BUE0,MED18,,no Adjusted P-value columns in this combined_protein.tsv
Q9BUF5,TUBB6,,no Adjusted P-value columns in this combined_protein.tsv
Q9BUH6,PAXX,,no Adjusted P-value columns in this combined_protein.tsv
Q9BUI4,POLR3C,,no Adjusted P-value columns in this combined_protein.tsv
Q9BUJ2,HNRNPUL1,,no Adjusted P-value columns in this combined_protein.tsv
Q9BUK0,CHCHD7,,no Adjusted P-value columns in this combined_protein.tsv
Q9BUK6,MSTO1,,no Adjusted P-value columns in this combined_protein.tsv
Q9BUL5,PHF23,,no Adjusted P-value columns in this combined_protein.tsv
Q9BUL8,PDCD10,,no Adjusted P-value columns in this combined_protein.tsv
Q9BUL9,RPP25,,no Adjusted P-value columns in this combined_protein.tsv
Q9BUP3,HTATIP2,,no Adjusted P-value columns in this combined_protein.tsv
Q9BUQ8,DDX23,,no Adjusted P-value columns in this combined_protein.tsv
Q9BUR4,WRAP53,,no Adjusted P-value columns in this combined_protein.tsv
Q9BUR5,APOO,,no Adjusted P-value columns in this combined_protein.tsv
Q9BUT9,MCRIP2,,no Adjusted P-value columns in this combined_protein.tsv
Q9BUZ4,TRAF4,,no Adjusted P-value columns in this combined_protein.tsv
Q9BV19,C1orf50,,no Adjusted P-value columns in this combined_protein.tsv
Q9BV20,MRI1,,no Adjusted P-value columns in this combined_protein.tsv
Q9BV29,CCDC32,,no Adjusted P-value columns in this combined_protein.tsv
Q9BV38,WDR18,,no Adjusted P-value columns in this combined_protein.tsv
Q9BV40,VAMP8,,no Adjusted P-value columns in this combined_protein.tsv
Q9BV44,THUMPD3,,no Adjusted P-value columns in this combined_protein.tsv
Q9BV57,ADI1,,no Adjusted P-value columns in this combined_protein.tsv
Q9BV68,RNF126,,no Adjusted P-value columns in this combined_protein.tsv
Q9BV79,MECR,,no Adjusted P-value columns in this combined_protein.tsv
Q9BV86,NTMT1,,no Adjusted P-value columns in this combined_protein.tsv
Q9BVA0,KATNB1,,no Adjusted P-value columns in this combined_protein.tsv
Q9BVC3,DSCC1,,no Adjusted P-value columns in this combined_protein.tsv
Q9BVC4,MLST8,,no Adjusted P-value columns in this combined_protein.tsv
Q9BVC5,C2orf49,,no Adjusted P-value columns in this combined_protein.tsv
Q9BVC6,TMEM109,,no Adjusted P-value columns in this combined_protein.tsv
Q9BVG4,PBDC1,,no Adjusted P-value columns in this combined_protein.tsv
Q9BVI4,NOC4L,,no Adjusted P-value columns in this combined_protein.tsv
Q9BVJ6,UTP14A,,no Adjusted P-value columns in this combined_protein.tsv
Q9BVJ7,DUSP23,,no Adjusted P-value columns in this combined_protein.tsv
Q9BVK6,TMED9,,no Adjusted P-value columns in this combined_protein.tsv
Q9BVL2,NUP58,,no Adjusted P-value columns in this combined_protein.tsv
Q9BVL4,SELENOO,,no Adjusted P-value columns in this combined_protein.tsv
Q9BVM2,DPCD,,no Adjusted P-value columns in this combined_protein.tsv
Q9BVP2,GNL3,,no Adjusted P-value columns in this combined_protein.tsv
Q9BVQ7,AFG2B,,no Adjusted P-value columns in this combined_protein.tsv
Q9BVS4,RIOK2,,no Adjusted P-value columns in this combined_protein.tsv
Q9BVT8,TMUB1,,no Adjusted P-value columns in this combined_protein.tsv
Q9BVV7,TIMM21,,no Adjusted P-value columns in this combined_protein.tsv
Q9BVW5,TIPIN,,no Adjusted P-value columns in this combined_protein.tsv
Q9BW19,KIFC1,,no Adjusted P-value columns in this combined_protein.tsv
Q9BW27,NUP85,,no Adjusted P-value columns in this combined_protein.tsv
Q9BW61,DDA1,,no Adjusted P-value columns in this combined_protein.tsv
Q9BW66,CINP,,no Adjusted P-value columns in this combined_protein.tsv
Q9BW71,HIRIP3,,no Adjusted P-value columns in this combined_protein.tsv
Q9BW85,YJU2,,no Adjusted P-value columns in this combined_protein.tsv
Q9BW91,NUDT9,,no Adjusted P-value columns in this combined_protein.tsv
Q9BW92,TARS2,,no Adjusted P-value columns in this combined_protein.tsv
Q9BWD1,ACAT2,,no Adjusted P-value columns in this combined_protein.tsv
Q9BWE0,REPIN1,,no Adjusted P-value columns in this combined_protein.tsv
Q9BWF3,RBM4,,no Adjusted P-value columns in this combined_protein.tsv
Q9BWG4,SSBP4,,no Adjusted P-value columns in this combined_protein.tsv
Q9BWH2,FUNDC2,,no Adjusted P-value columns in this combined_protein.tsv
Q9BWH6,RPAP1,,no Adjusted P-value columns in this combined_protein.tsv
Q9BWJ5,SF3B5,,no Adjusted P-value columns in this combined_protein.tsv
Q9BWS9,CHID1,,no Adjusted P-value columns in this combined_protein.tsv
Q9BWT3,PAPOLG,,no Adjusted P-value columns in this combined_protein.tsv
Q9BWT6,MND1,,no Adjusted P-value columns in this combined_protein.tsv
Q9BWU0,SLC4A1AP,,no Adjusted P-value columns in this combined_protein.tsv
Q9BWW4,SSBP3,,no Adjusted P-value columns in this combined_protein.tsv
Q9BX10,GTPBP2,,no Adjusted P-value columns in this combined_protein.tsv
Q9BX40,LSM14B,,no Adjusted P-value columns in this combined_protein.tsv
Q9BX68,HINT2,,no Adjusted P-value columns in this combined_protein.tsv
Q9BXB4,OSBPL11,,no Adjusted P-value columns in this combined_protein.tsv
Q9BXJ9,NAA15,,no Adjusted P-value columns in this combined_protein.tsv
Q9BXK5,BCL2L13,,no Adjusted P-value columns in this combined_protein.tsv
Q9BXL5,HEMGN,,no Adjusted P-value columns in this combined_protein.tsv
Q9BXP5,SRRT,,no Adjusted P-value columns in this combined_protein.tsv
Q9BXR0,QTRT1,,no Adjusted P-value columns in this combined_protein.tsv
Q9BXS5,AP1M1,,no Adjusted P-value columns in this combined_protein.tsv
Q9BXS6,NUSAP1,,no Adjusted P-value columns in this combined_protein.tsv
Q9BXV9,GON7,,no Adjusted P-value columns in this combined_protein.tsv
Q9BXW7,HDHD5,,no Adjusted P-value columns in this combined_protein.tsv
Q9BXW9,FANCD2,,no Adjusted P-value columns in this combined_protein.tsv
Q9BXY0,MAK16,,no Adjusted P-value columns in this combined_protein.tsv
Q9BY32,ITPA,,no Adjusted P-value columns in this combined_protein.tsv
Q9BY42,RTF2,,no Adjusted P-value columns in this combined_protein.tsv
Q9BY43,CHMP4A,,no Adjusted P-value columns in this combined_protein.tsv
Q9BY44,EIF2A,,no Adjusted P-value columns in this combined_protein.tsv
Q9BY77,POLDIP3,,no Adjusted P-value columns in this combined_protein.tsv
Q9BYB4,GNB1L,,no Adjusted P-value columns in this combined_protein.tsv
Q9BYC8,MRPL32,,no Adjusted P-value columns in this combined_protein.tsv
Q9BYC9,MRPL20,,no Adjusted P-value columns in this combined_protein.tsv
Q9BYD1,MRPL13,,no Adjusted P-value columns in this combined_protein.tsv
Q9BYD2,MRPL9,,no Adjusted P-value columns in this combined_protein.tsv
Q9BYD3,MRPL4,,no Adjusted P-value columns in this combined_protein.tsv
Q9BYD6,MRPL1,,no Adjusted P-value columns in this combined_protein.tsv
Q9BYE7,PCGF6,,no Adjusted P-value columns in this combined_protein.tsv
Q9BYG3,NIFK,,no Adjusted P-value columns in this combined_protein.tsv
Q9BYG5,PARD6B,,no Adjusted P-value columns in this combined_protein.tsv
Q9BYG8,GSDMC,,no Adjusted P-value columns in this combined_protein.tsv
Q9BYJ9,YTHDF1,,no Adjusted P-value columns in this combined_protein.tsv
Q9BYN0,SRXN1,,no Adjusted P-value columns in this combined_protein.tsv
Q9BYN8,MRPS26,,no Adjusted P-value columns in this combined_protein.tsv
Q9BYT8,NLN,,no Adjusted P-value columns in this combined_protein.tsv
Q9BYW2,SETD2,,no Adjusted P-value columns in this combined_protein.tsv
Q9BZ95,NSD3,,no Adjusted P-value columns in this combined_protein.tsv
Q9BZD4,NUF2,,no Adjusted P-value columns in this combined_protein.tsv
Q9BZE1,MRPL37,,no Adjusted P-value columns in this combined_protein.tsv
Q9BZE2,PUS3,,no Adjusted P-value columns in this combined_protein.tsv
Q9BZE4,GTPBP4,,no Adjusted P-value columns in this combined_protein.tsv
Q9BZE9,ASPSCR1,,no Adjusted P-value columns in this combined_protein.tsv
Q9BZF1,OSBPL8,,no Adjusted P-value columns in this combined_protein.tsv
Q9BZF3,OSBPL6,,no Adjusted P-value columns in this combined_protein.tsv
Q9BZG8,DPH1,,no Adjusted P-value columns in this combined_protein.tsv
Q9BZH6,WDR11,,no Adjusted P-value columns in this combined_protein.tsv
Q9BZI7,UPF3B,,no Adjusted P-value columns in this combined_protein.tsv
Q9BZJ0,CRNKL1,,no Adjusted P-value columns in this combined_protein.tsv
Q9BZK3,NACA4P,,no Adjusted P-value columns in this combined_protein.tsv
Q9BZK7,TBL1XR1,,no Adjusted P-value columns in this combined_protein.tsv
Q9BZL1,UBL5,,no Adjusted P-value columns in this combined_protein.tsv
Q9BZL4,PPP1R12C,,no Adjusted P-value columns in this combined_protein.tsv
Q9BZL6,PRKD2,,no Adjusted P-value columns in this combined_protein.tsv
Q9BZM1,PLA2G12A,,no Adjusted P-value columns in this combined_protein.tsv
Q9BZQ8,NIBAN1,,no Adjusted P-value columns in this combined_protein.tsv
Q9BZV1,UBXN6,,no Adjusted P-value columns in this combined_protein.tsv
Q9BZX2,UCK2,,no Adjusted P-value columns in this combined_protein.tsv
Q9BZZ5,API5,,no Adjusted P-value columns in this combined_protein.tsv
Q9C005,DPY30,,no Adjusted P-value columns in this combined_protein.tsv
Q9C035,TRIM5,,no Adjusted P-value columns in this combined_protein.tsv
Q9C037,TRIM4,,no Adjusted P-value columns in this combined_protein.tsv
Q9C073,FAM117A,,no Adjusted P-value columns in this combined_protein.tsv
Q9C0B1,FTO,,no Adjusted P-value columns in this combined_protein.tsv
Q9C0B5,ZDHHC5,,no Adjusted P-value columns in this combined_protein.tsv
Q9C0C2,CNOT12,,no Adjusted P-value columns in this combined_protein.tsv
Q9C0C4,SEMA4C,,no Adjusted P-value columns in this combined_protein.tsv
Q9C0C9,UBE2O,,no Adjusted P-value columns in this combined_protein.tsv
Q9C0D3,ZYG11B,,no Adjusted P-value columns in this combined_protein.tsv
Q9C0D9,SELENOI,,no Adjusted P-value columns in this combined_protein.tsv
Q9C0E2,XPO4,,no Adjusted P-value columns in this combined_protein.tsv
Q9C0F1,CEP44,,no Adjusted P-value columns in this combined_protein.tsv
Q9C0I1,MTMR12,,no Adjusted P-value columns in this combined_protein.tsv
Q9C0J8,WDR33,,no Adjusted P-value columns in this combined_protein.tsv
Q9GZL7,WDR12,,no Adjusted P-value columns in this combined_protein.tsv
Q9GZM5,YIPF3,,no Adjusted P-value columns in this combined_protein.tsv
Q9GZN1,ACTR6,,no Adjusted P-value columns in this combined_protein.tsv
Q9GZN8,ADISSP,,no Adjusted P-value columns in this combined_protein.tsv
Q9GZP4,PITHD1,,no Adjusted P-value columns in this combined_protein.tsv
Q9GZQ3,COMMD5,,no Adjusted P-value columns in this combined_protein.tsv
Q9GZR1,SENP6,,no Adjusted P-value columns in this combined_protein.tsv
Q9GZR2,REXO4,,no Adjusted P-value columns in this combined_protein.tsv
Q9GZR7,DDX24,,no Adjusted P-value columns in this combined_protein.tsv
Q9GZS1,POLR1E,,no Adjusted P-value columns in this combined_protein.tsv
Q9GZS3,SKIC8,,no Adjusted P-value columns in this combined_protein.tsv
Q9GZT3,SLIRP,,no Adjusted P-value columns in this combined_protein.tsv
Q9GZT8,NIF3L1,,no Adjusted P-value columns in this combined_protein.tsv
Q9GZT9,EGLN1,,no Adjusted P-value columns in this combined_protein.tsv
Q9GZU8,PSME3IP1,,no Adjusted P-value columns in this combined_protein.tsv
Q9GZV4,EIF5A2,,no Adjusted P-value columns in this combined_protein.tsv
Q9GZX9,TWSG1,,no Adjusted P-value columns in this combined_protein.tsv
Q9GZY4,COA1,,no Adjusted P-value columns in this combined_protein.tsv
Q9GZY8,MFF,,no Adjusted P-value columns in this combined_protein.tsv
Q9GZZ1,NAA50,,no Adjusted P-value columns in this combined_protein.tsv
Q9GZZ9,UBA5,,no Adjusted P-value columns in this combined_protein.tsv
Q9H000,MKRN2,,no Adjusted P-value columns in this combined_protein.tsv
Q9H009,NACA2,,no Adjusted P-value columns in this combined_protein.tsv
Q9H019,MTFR1L,,no Adjusted P-value columns in this combined_protein.tsv
Q9H061,TMEM126A,,no Adjusted P-value columns in this combined_protein.tsv
Q9H063,MAF1,,no Adjusted P-value columns in this combined_protein.tsv
Q9H074,PAIP1,,no Adjusted P-value columns in this combined_protein.tsv
Q9H078,CLPB,,no Adjusted P-value columns in this combined_protein.tsv
Q9H081,MIS12,,no Adjusted P-value columns in this combined_protein.tsv
Q9H089,LSG1,,no Adjusted P-value columns in this combined_protein.tsv
Q9H0A0,NAT10,,no Adjusted P-value columns in this combined_protein.tsv
Q9H0A8,COMMD4,,no Adjusted P-value columns in this combined_protein.tsv
Q9H0B6,KLC2,,no Adjusted P-value columns in this combined_protein.tsv
Q9H0C8,ILKAP,,no Adjusted P-value columns in this combined_protein.tsv
Q9H0D6,XRN2,,no Adjusted P-value columns in this combined_protein.tsv
Q9H0E2,TOLLIP,,no Adjusted P-value columns in this combined_protein.tsv
Q9H0E3,SAP130,,no Adjusted P-value columns in this combined_protein.tsv
Q9H0E9,BRD8,,no Adjusted P-value columns in this combined_protein.tsv
Q9H0G5,NSRP1,,no Adjusted P-value columns in this combined_protein.tsv
Q9H0H0,INTS2,,no Adjusted P-value columns in this combined_protein.tsv
Q9H0H5,RACGAP1,,no Adjusted P-value columns in this combined_protein.tsv
Q9H0K6,PUS7L,,no Adjusted P-value columns in this combined_protein.tsv
Q9H0L4,CSTF2T,,no Adjusted P-value columns in this combined_protein.tsv
Q9H0P0,NT5C3A,,no Adjusted P-value columns in this combined_protein.tsv
Q9H0R4,HDHD2,,no Adjusted P-value columns in this combined_protein.tsv
Q9H0R6,QRSL1,,no Adjusted P-value columns in this combined_protein.tsv
Q9H0S4,DDX47,,no Adjusted P-value columns in this combined_protein.tsv
Q9H0U4,RAB1B,,no Adjusted P-value columns in this combined_protein.tsv
Q9H0U6,MRPL18,,no Adjusted P-value columns in this combined_protein.tsv
Q9H0W5,CCDC8,,no Adjusted P-value columns in this combined_protein.tsv
Q9H0W8,SMG9,,no Adjusted P-value columns in this combined_protein.tsv
Q9H0W9,BKGD,,no Adjusted P-value columns in this combined_protein.tsv
Q9H0Z9,RBM38,,no Adjusted P-value columns in this combined_protein.tsv
Q9H160,ING2,,no Adjusted P-value columns in this combined_protein.tsv
Q9H1A4,ANAPC1,,no Adjusted P-value columns in this combined_protein.tsv
Q9H1B7,IRF2BPL,,no Adjusted P-value columns in this combined_protein.tsv
Q9H1C7,CYSTM1,,no Adjusted P-value columns in this combined_protein.tsv
Q9H1D9,POLR3F,,no Adjusted P-value columns in this combined_protein.tsv
Q9H1E3,NUCKS1,,no Adjusted P-value columns in this combined_protein.tsv
Q9H1I8,ASCC2,,no Adjusted P-value columns in this combined_protein.tsv
Q9H1K0,RBSN,,no Adjusted P-value columns in this combined_protein.tsv
Q9H1K1,ISCU,,no Adjusted P-value columns in this combined_protein.tsv
Q9H1P3,OSBPL2,,no Adjusted P-value columns in this combined_protein.tsv
Q9H1Y0,ATG5,,no Adjusted P-value columns in this combined_protein.tsv
Q9H204,MED28,,no Adjusted P-value columns in this combined_protein.tsv
Q9H223,EHD4,,no Adjusted P-value columns in this combined_protein.tsv
Q9H257,CARD9,,no Adjusted P-value columns in this combined_protein.tsv
Q9H267,VPS33B,,no Adjusted P-value columns in this combined_protein.tsv
Q9H269,VPS16,,no Adjusted P-value columns in this combined_protein.tsv
Q9H270,VPS11,,no Adjusted P-value columns in this combined_protein.tsv
Q9H299,SH3BGRL3,,no Adjusted P-value columns in this combined_protein.tsv
Q9H2C0,GAN,,no Adjusted P-value columns in this combined_protein.tsv
Q9H2D1,SLC25A32,,no Adjusted P-value columns in this combined_protein.tsv
Q9H2G2,SLK,,no Adjusted P-value columns in this combined_protein.tsv
Q9H2H8,PPIL3,,no Adjusted P-value columns in this combined_protein.tsv
Q9H2J4,PDCL3,,no Adjusted P-value columns in this combined_protein.tsv
Q9H2K8,TAOK3,,no Adjusted P-value columns in this combined_protein.tsv
Q9H2M9,RAB3GAP2,,no Adjusted P-value columns in this combined_protein.tsv
Q9H2P0,ADNP,,no Adjusted P-value columns in this combined_protein.tsv
Q9H2P9,DPH5,,no Adjusted P-value columns in this combined_protein.tsv
Q9H2U1,DHX36,,no Adjusted P-value columns in this combined_protein.tsv
Q9H2U2,PPA2,,no Adjusted P-value columns in this combined_protein.tsv
Q9H2V7,SPNS1,,no Adjusted P-value columns in this combined_protein.tsv
Q9H2W6,MRPL46,,no Adjusted P-value columns in this combined_protein.tsv
Q9H307,PNN,,no Adjusted P-value columns in this combined_protein.tsv
Q9H3C7,GGNBP2,,no Adjusted P-value columns in this combined_protein.tsv
Q9H3H1,TRIT1,,no Adjusted P-value columns in this combined_protein.tsv
Q9H3H3,C11orf68,,no Adjusted P-value columns in this combined_protein.tsv
Q9H3K2,GHITM,,no Adjusted P-value columns in this combined_protein.tsv
Q9H3K6,BOLA2,,no Adjusted P-value columns in this combined_protein.tsv
Q9H3M7,TXNIP,,no Adjusted P-value columns in this combined_protein.tsv
Q9H3N1,TMX1,,no Adjusted P-value columns in this combined_protein.tsv
Q9H3P2,NELFA,,no Adjusted P-value columns in this combined_protein.tsv
Q9H3P7,ACBD3,,no Adjusted P-value columns in this combined_protein.tsv
Q9H3R5,CENPH,,no Adjusted P-value columns in this combined_protein.tsv
Q9H3S7,PTPN23,,no Adjusted P-value columns in this combined_protein.tsv
Q9H3U1,UNC45A,,no Adjusted P-value columns in this combined_protein.tsv
Q9H3U5,MFSD1,,no Adjusted P-value columns in this combined_protein.tsv
Q9H3Z4,DNAJC5,,no Adjusted P-value columns in this combined_protein.tsv
Q9H410,DSN1,,no Adjusted P-value columns in this combined_protein.tsv
Q9H444,CHMP4B,,no Adjusted P-value columns in this combined_protein.tsv
Q9H446,RWDD1,,no Adjusted P-value columns in this combined_protein.tsv
Q9H479,FN3K,,no Adjusted P-value columns in this combined_protein.tsv
Q9H488,POFUT1,,no Adjusted P-value columns in this combined_protein.tsv
Q9H496,TOR1AIP2,,no Adjusted P-value columns in this combined_protein.tsv
Q9H4A3,WNK1,,no Adjusted P-value columns in this combined_protein.tsv
Q9H4A4,RNPEP,,no Adjusted P-value columns in this combined_protein.tsv
Q9H4A5,GOLPH3L,,no Adjusted P-value columns in this combined_protein.tsv
Q9H4A6,GOLPH3,,no Adjusted P-value columns in this combined_protein.tsv
Q9H4B7,TUBB1,,no Adjusted P-value columns in this combined_protein.tsv
Q9H4E7,DEF6,,no Adjusted P-value columns in this combined_protein.tsv
Q9H4H8,SACK1D,,no Adjusted P-value columns in this combined_protein.tsv
Q9H4I3,TRABD,,no Adjusted P-value columns in this combined_protein.tsv
Q9H4L4,SENP3,,no Adjusted P-value columns in this combined_protein.tsv
Q9H4L5,OSBPL3,,no Adjusted P-value columns in this combined_protein.tsv
Q9H4L7,SMARCAD1,,no Adjusted P-value columns in this combined_protein.tsv
Q9H4M9,EHD1,,no Adjusted P-value columns in this combined_protein.tsv
Q9H501,ESF1,,no Adjusted P-value columns in this combined_protein.tsv
Q9H553,ALG2,,no Adjusted P-value columns in this combined_protein.tsv
Q9H583,HEATR1,,no Adjusted P-value columns in this combined_protein.tsv
Q9H5H4,ZNF768,,no Adjusted P-value columns in this combined_protein.tsv
Q9H5N1,RABEP2,,no Adjusted P-value columns in this combined_protein.tsv
Q9H5Q4,TFB2M,,no Adjusted P-value columns in this combined_protein.tsv
Q9H5V9,STEEP1,,no Adjusted P-value columns in this combined_protein.tsv
Q9H5X1,CIAO2A,,no Adjusted P-value columns in this combined_protein.tsv
Q9H6D7,HAUS4,,no Adjusted P-value columns in this combined_protein.tsv
Q9H6E4,CCDC134,,no Adjusted P-value columns in this combined_protein.tsv
Q9H6E5,TUT1,,no Adjusted P-value columns in this combined_protein.tsv
Q9H6F5,CCDC86,,no Adjusted P-value columns in this combined_protein.tsv
Q9H6K1,ILRUN,,no Adjusted P-value columns in this combined_protein.tsv
Q9H6Q4,CIAO3,,no Adjusted P-value columns in this combined_protein.tsv
Q9H6R0,DHX33,,no Adjusted P-value columns in this combined_protein.tsv
Q9H6R4,NOL6,,no Adjusted P-value columns in this combined_protein.tsv
Q9H6R7,WDCP,,no Adjusted P-value columns in this combined_protein.tsv
Q9H6S0,YTHDC2,,no Adjusted P-value columns in this combined_protein.tsv
Q9H6T3,RPAP3,,no Adjusted P-value columns in this combined_protein.tsv
Q9H6V9,LDAH,,no Adjusted P-value columns in this combined_protein.tsv
Q9H6W3,RIOX1,,no Adjusted P-value columns in this combined_protein.tsv
Q9H6Y2,WDR55,,no Adjusted P-value columns in this combined_protein.tsv
Q9H6Z4,RANBP3,,no Adjusted P-value columns in this combined_protein.tsv
Q9H773,DCTPP1,,no Adjusted P-value columns in this combined_protein.tsv
Q9H7B2,RPF2,,no Adjusted P-value columns in this combined_protein.tsv
Q9H7B4,SMYD3,,no Adjusted P-value columns in this combined_protein.tsv
Q9H7C9,AAMDC,,no Adjusted P-value columns in this combined_protein.tsv
Q9H7D7,WDR26,,no Adjusted P-value columns in this combined_protein.tsv
Q9H7E2,TDRD3,,no Adjusted P-value columns in this combined_protein.tsv
Q9H7E9,C8orf33,,no Adjusted P-value columns in this combined_protein.tsv
Q9H7L9,SUDS3,,no Adjusted P-value columns in this combined_protein.tsv
Q9H7N4,SCAF1,,no Adjusted P-value columns in this combined_protein.tsv
Q9H7Z6,KAT8,,no Adjusted P-value columns in this combined_protein.tsv
Q9H7Z7,PTGES2,,no Adjusted P-value columns in this combined_protein.tsv
Q9H814,PHAX,,no Adjusted P-value columns in this combined_protein.tsv
Q9H832,UBE2Z,,no Adjusted P-value columns in this combined_protein.tsv
Q9H845,ACAD9,,no Adjusted P-value columns in this combined_protein.tsv
Q9H857,NT5DC2,,no Adjusted P-value columns in this combined_protein.tsv
Q9H869,YY1AP1,,no Adjusted P-value columns in this combined_protein.tsv
Q9H871,RMND5A,,no Adjusted P-value columns in this combined_protein.tsv
Q9H8G2,CAAP1,,no Adjusted P-value columns in this combined_protein.tsv
Q9H8H0,NOL11,,no Adjusted P-value columns in this combined_protein.tsv
Q9H8H2,DDX31,,no Adjusted P-value columns in this combined_protein.tsv
Q9H8H3,TMT1A,,no Adjusted P-value columns in this combined_protein.tsv
Q9H8M2,BRD9,,no Adjusted P-value columns in this combined_protein.tsv
Q9H8M7,MINDY3,,no Adjusted P-value columns in this combined_protein.tsv
Q9H8V3,ECT2,,no Adjusted P-value columns in this combined_protein.tsv
Q9H8W4,PLEKHF2,,no Adjusted P-value columns in this combined_protein.tsv
Q9H8Y5,ANKZF1,,no Adjusted P-value columns in this combined_protein.tsv
Q9H8Y8,GORASP2,,no Adjusted P-value columns in this combined_protein.tsv
Q9H900,ZWILCH,,no Adjusted P-value columns in this combined_protein.tsv
Q9H910,JPT2,,no Adjusted P-value columns in this combined_protein.tsv
Q9H936,SLC25A22,,no Adjusted P-value columns in this combined_protein.tsv
Q9H939,PSTPIP2,,no Adjusted P-value columns in this combined_protein.tsv
Q9H944,MED20,,no Adjusted P-value columns in this combined_protein.tsv
Q9H967,WDR76,,no Adjusted P-value columns in this combined_protein.tsv
Q9H974,QTRT2,,no Adjusted P-value columns in this combined_protein.tsv
Q9H981,ACTR8,,no Adjusted P-value columns in this combined_protein.tsv
Q9H993,DCPH1,,no Adjusted P-value columns in this combined_protein.tsv
Q9H9A5,CNOT10,,no Adjusted P-value columns in this combined_protein.tsv
Q9H9A6,LRRC40,,no Adjusted P-value columns in this combined_protein.tsv
Q9H9A7,RMI1,,no Adjusted P-value columns in this combined_protein.tsv
Q9H9B1,EHMT1,,no Adjusted P-value columns in this combined_protein.tsv
Q9H9B4,SFXN1,,no Adjusted P-value columns in this combined_protein.tsv
Q9H9E3,COG4,,no Adjusted P-value columns in this combined_protein.tsv
Q9H9F9,ACTR5,,no Adjusted P-value columns in this combined_protein.tsv
Q9H9H4,VPS37B,,no Adjusted P-value columns in this combined_protein.tsv
Q9H9J2,MRPL44,,no Adjusted P-value columns in this combined_protein.tsv
Q9H9J4,USP42,,no Adjusted P-value columns in this combined_protein.tsv
Q9H9L3,ISG20L2,,no Adjusted P-value columns in this combined_protein.tsv
Q9H9L4,KANSL2,,no Adjusted P-value columns in this combined_protein.tsv
Q9H9P8,L2HGDH,,no Adjusted P-value columns in this combined_protein.tsv
Q9H9Q2,COPS7B,,no Adjusted P-value columns in this combined_protein.tsv
Q9H9Q4,NHEJ1,,no Adjusted P-value columns in this combined_protein.tsv
Q9H9T3,ELP3,,no Adjusted P-value columns in this combined_protein.tsv
Q9H9Y2,RPF1,,no Adjusted P-value columns in this combined_protein.tsv
Q9H9Y4,GPN2,,no Adjusted P-value columns in this combined_protein.tsv
Q9H9Y6,POLR1B,,no Adjusted P-value columns in this combined_protein.tsv
Q9HA64,FN3KRP,,no Adjusted P-value columns in this combined_protein.tsv
Q9HAF1,MEAF6,,no Adjusted P-value columns in this combined_protein.tsv
Q9HAN9,NMNAT1,,no Adjusted P-value columns in this combined_protein.tsv
Q9HAS0,C17orf75,,no Adjusted P-value columns in this combined_protein.tsv
Q9HAU0,PLEKHA5,,no Adjusted P-value columns in this combined_protein.tsv
Q9HAU5,UPF2,,no Adjusted P-value columns in this combined_protein.tsv
Q9HAV0,GNB4,,no Adjusted P-value columns in this combined_protein.tsv
Q9HAV4,XPO5,,no Adjusted P-value columns in this combined_protein.tsv
Q9HAV7,GRPEL1,,no Adjusted P-value columns in this combined_protein.tsv
Q9HAW4,CLSPN,,no Adjusted P-value columns in this combined_protein.tsv
Q9HB09,BCL2L12,,no Adjusted P-value columns in this combined_protein.tsv
Q9HB71,CACYBP,,no Adjusted P-value columns in this combined_protein.tsv
Q9HB90,RRAGC,,no Adjusted P-value columns in this combined_protein.tsv
Q9HBH1,PDF,,no Adjusted P-value columns in this combined_protein.tsv
Q9HBH5,RDH14,,no Adjusted P-value columns in this combined_protein.tsv
Q9HBI1,PARVB,,no Adjusted P-value columns in this combined_protein.tsv
Q9HBL8,NMRAL1,,no Adjusted P-value columns in this combined_protein.tsv
Q9HBM1,SPC25,,no Adjusted P-value columns in this combined_protein.tsv
Q9HBU6,ETNK1,,no Adjusted P-value columns in this combined_protein.tsv
Q9HC07,TMEM165,,no Adjusted P-value columns in this combined_protein.tsv
Q9HC21,SLC25A19,,no Adjusted P-value columns in this combined_protein.tsv
Q9HC35,EML4,,no Adjusted P-value columns in this combined_protein.tsv
Q9HC36,MRM3,,no Adjusted P-value columns in this combined_protein.tsv
Q9HC38,GLOD4,,no Adjusted P-value columns in this combined_protein.tsv
Q9HC44,GPBP1L1,,no Adjusted P-value columns in this combined_protein.tsv
Q9HC52,CBX8,,no Adjusted P-value columns in this combined_protein.tsv
Q9HCC0,MCCC2,,no Adjusted P-value columns in this combined_protein.tsv
Q9HCD5,NCOA5,,no Adjusted P-value columns in this combined_protein.tsv
Q9HCE1,MOV10,,no Adjusted P-value columns in this combined_protein.tsv
Q9HCE5,METTL14,,no Adjusted P-value columns in this combined_protein.tsv
Q9HCG8,CWC22,,no Adjusted P-value columns in this combined_protein.tsv
Q9HCI7,MSL2,,no Adjusted P-value columns in this combined_protein.tsv
Q9HCM7,FBRSL1,,no Adjusted P-value columns in this combined_protein.tsv
Q9HCN4,GPN1,,no Adjusted P-value columns in this combined_protein.tsv
Q9HCN8,SDF2L1,,no Adjusted P-value columns in this combined_protein.tsv
Q9HCS7,XAB2,,no Adjusted P-value columns in this combined_protein.tsv
Q9HCU9,BRMS1,,no Adjusted P-value columns in this combined_protein.tsv
Q9HD15,SRA1,,no Adjusted P-value columns in this combined_protein.tsv
Q9HD23,MRS2,,no Adjusted P-value columns in this combined_protein.tsv
Q9HD26,GOPC,,no Adjusted P-value columns in this combined_protein.tsv
Q9HD33,MRPL47,,no Adjusted P-value columns in this combined_protein.tsv
Q9HD34,LYRM4,,no Adjusted P-value columns in this combined_protein.tsv
Q9HD42,CHMP1A,,no Adjusted P-value columns in this combined_protein.tsv
Q9HD45,TM9SF3,,no Adjusted P-value columns in this combined_protein.tsv
Q9NNW5,WDR6,,no Adjusted P-value columns in this combined_protein.tsv
Q9NNW7,TXNRD2,,no Adjusted P-value columns in this combined_protein.tsv
Q9NP58,ABCB6,,no Adjusted P-value columns in this combined_protein.tsv
Q9NP61,ARFGAP3,,no Adjusted P-value columns in this combined_protein.tsv
Q9NP64,ZCCHC17,,no Adjusted P-value columns in this combined_protein.tsv
Q9NP66,HMG20A,,no Adjusted P-value columns in this combined_protein.tsv
Q9NP72,RAB18,,no Adjusted P-value columns in this combined_protein.tsv
Q9NP73,ALG13,,no Adjusted P-value columns in this combined_protein.tsv
Q9NP77,SSU72,,no Adjusted P-value columns in this combined_protein.tsv
Q9NP79,VTA1,,no Adjusted P-value columns in this combined_protein.tsv
Q9NP81,SARS2,,no Adjusted P-value columns in this combined_protein.tsv
Q9NP92,MRPS30,,no Adjusted P-value columns in this combined_protein.tsv
Q9NP97,DYNLRB1,,no Adjusted P-value columns in this combined_protein.tsv
Q9NPA0,EMC7,,no Adjusted P-value columns in this combined_protein.tsv
Q9NPA3,MID1IP1,,no Adjusted P-value columns in this combined_protein.tsv
Q9NPA8,ENY2,,no Adjusted P-value columns in this combined_protein.tsv
Q9NPD3,EXOSC4,,no Adjusted P-value columns in this combined_protein.tsv
Q9NPD8,UBE2T,,no Adjusted P-value columns in this combined_protein.tsv
Q9NPE3,NOP10,,no Adjusted P-value columns in this combined_protein.tsv
Q9NPF4,OSGEP,,no Adjusted P-value columns in this combined_protein.tsv
Q9NPF5,DMAP1,,no Adjusted P-value columns in this combined_protein.tsv
Q9NPG3,UBN1,,no Adjusted P-value columns in this combined_protein.tsv
Q9NPH2,ISYNA1,,no Adjusted P-value columns in this combined_protein.tsv
Q9NPI1,BRD7,,no Adjusted P-value columns in this combined_protein.tsv
Q9NPI6,DCP1A,,no Adjusted P-value columns in this combined_protein.tsv
Q9NPJ3,ACOT13,,no Adjusted P-value columns in this combined_protein.tsv
Q9NPJ6,MED4,,no Adjusted P-value columns in this combined_protein.tsv
Q9NPL8,TIMMDC1,,no Adjusted P-value columns in this combined_protein.tsv
Q9NPQ8,RIC8A,,no Adjusted P-value columns in this combined_protein.tsv
Q9NQ29,LUC7L,,no Adjusted P-value columns in this combined_protein.tsv
Q9NQ48,LZTFL1,,no Adjusted P-value columns in this combined_protein.tsv
Q9NQ50,MRPL40,,no Adjusted P-value columns in this combined_protein.tsv
Q9NQ55,PPAN,,no Adjusted P-value columns in this combined_protein.tsv
Q9NQ92,COPRS,,no Adjusted P-value columns in this combined_protein.tsv
Q9NQA3,WASH6P,,no Adjusted P-value columns in this combined_protein.tsv
Q9NQC3,RTN4,,no Adjusted P-value columns in this combined_protein.tsv
Q9NQE9,HINT3,,no Adjusted P-value columns in this combined_protein.tsv
Q9NQG5,RPRD1B,,no Adjusted P-value columns in this combined_protein.tsv
Q9NQG6,MIEF1,,no Adjusted P-value columns in this combined_protein.tsv
Q9NQH7,XPNPEP3,,no Adjusted P-value columns in this combined_protein.tsv
Q9NQP4,PFDN4,,no Adjusted P-value columns in this combined_protein.tsv
Q9NQR4,NIT2,,no Adjusted P-value columns in this combined_protein.tsv
Q9NQS7,INCENP,,no Adjusted P-value columns in this combined_protein.tsv
Q9NQT4,EXOSC5,,no Adjusted P-value columns in this combined_protein.tsv
Q9NQT5,EXOSC3,,no Adjusted P-value columns in this combined_protein.tsv
Q9NQW6,ANLN,,no Adjusted P-value columns in this combined_protein.tsv
Q9NQW7,XPNPEP1,,no Adjusted P-value columns in this combined_protein.tsv
Q9NQX3,GPHN,,no Adjusted P-value columns in this combined_protein.tsv
Q9NQZ2,UTP3,,no Adjusted P-value columns in this combined_protein.tsv
Q9NQZ5,STARD7,,no Adjusted P-value columns in this combined_protein.tsv
Q9NR09,BIRC6,,no Adjusted P-value columns in this combined_protein.tsv
Q9NR12,PDLIM7,,no Adjusted P-value columns in this combined_protein.tsv
Q9NR19,ACSS2,,no Adjusted P-value columns in this combined_protein.tsv
Q9NR28,DIABLO,,no Adjusted P-value columns in this combined_protein.tsv
Q9NR30,DDX21,,no Adjusted P-value columns in this combined_protein.tsv
Q9NR31,SAR1A,,no Adjusted P-value columns in this combined_protein.tsv
Q9NR33,POLE4,,no Adjusted P-value columns in this combined_protein.tsv
Q9NR45,NANS,,no Adjusted P-value columns in this combined_protein.tsv
Q9NR46,SH3GLB2,,no Adjusted P-value columns in this combined_protein.tsv
Q9NR50,EIF2B3,,no Adjusted P-value columns in this combined_protein.tsv
Q9NR56,MBNL1,,no Adjusted P-value columns in this combined_protein.tsv
Q9NR77,PXMP2,,no Adjusted P-value columns in this combined_protein.tsv
Q9NRA8,EIF4ENIF1,,no Adjusted P-value columns in this combined_protein.tsv
Q9NRD1,FBXO6,,no Adjusted P-value columns in this combined_protein.tsv
Q9NRF8,CTPS2,,no Adjusted P-value columns in this combined_protein.tsv
Q9NRF9,POLE3,,no Adjusted P-value columns in this combined_protein.tsv
Q9NRG0,CHRAC1,,no Adjusted P-value columns in this combined_protein.tsv
Q9NRG1,PRTFDC1,,no Adjusted P-value columns in this combined_protein.tsv
Q9NRG4,SMYD2,,no Adjusted P-value columns in this combined_protein.tsv
Q9NRG9,AAAS,,no Adjusted P-value columns in this combined_protein.tsv
Q9NRK6,ABCB10,,no Adjusted P-value columns in this combined_protein.tsv
Q9NRL2,BAZ1A,,no Adjusted P-value columns in this combined_protein.tsv
Q9NRL3,STRN4,,no Adjusted P-value columns in this combined_protein.tsv
Q9NRN7,AASDHPPT,,no Adjusted P-value columns in this combined_protein.tsv
Q9NRN9,METTL5,,no Adjusted P-value columns in this combined_protein.tsv
Q9NRP0,OSTC,,no Adjusted P-value columns in this combined_protein.tsv
Q9NRP2,CMC2,,no Adjusted P-value columns in this combined_protein.tsv
Q9NRP4,SDHAF3,,no Adjusted P-value columns in this combined_protein.tsv
Q9NRR4,DROSHA,,no Adjusted P-value columns in this combined_protein.tsv
Q9NRR5,UBQLN4,,no Adjusted P-value columns in this combined_protein.tsv
Q9NRS6,SNX15,,no Adjusted P-value columns in this combined_protein.tsv
Q9NRW3,APOBEC3C,,no Adjusted P-value columns in this combined_protein.tsv
Q9NRW7,VPS45,,no Adjusted P-value columns in this combined_protein.tsv
Q9NRX1,PNO1,,no Adjusted P-value columns in this combined_protein.tsv
Q9NRX2,MRPL17,,no Adjusted P-value columns in this combined_protein.tsv
Q9NRX4,PHPT1,,no Adjusted P-value columns in this combined_protein.tsv
Q9NRX5,SERINC1,,no Adjusted P-value columns in this combined_protein.tsv
Q9NRY2,INIP,,no Adjusted P-value columns in this combined_protein.tsv
Q9NRY4,ARHGAP35,,no Adjusted P-value columns in this combined_protein.tsv
Q9NRY5,FAM114A2,,no Adjusted P-value columns in this combined_protein.tsv
Q9NRZ9,HELLS,,no Adjusted P-value columns in this combined_protein.tsv
Q9NS69,TOMM22,,no Adjusted P-value columns in this combined_protein.tsv
Q9NS86,LANCL2,,no Adjusted P-value columns in this combined_protein.tsv
Q9NS87,KIF15,,no Adjusted P-value columns in this combined_protein.tsv
Q9NS91,RAD18,,no Adjusted P-value columns in this combined_protein.tsv
Q9NSD9,FARSB,,no Adjusted P-value columns in this combined_protein.tsv
Q9NSE4,IARS2,,no Adjusted P-value columns in this combined_protein.tsv
Q9NSG2,FIRRM,,no Adjusted P-value columns in this combined_protein.tsv
Q9NSI2,SLX9,,no Adjusted P-value columns in this combined_protein.tsv
Q9NSI8,SAMSN1,,no Adjusted P-value columns in this combined_protein.tsv
Q9NSK0,KLC4,,no Adjusted P-value columns in this combined_protein.tsv
Q9NSY1,BMP2K,,no Adjusted P-value columns in this combined_protein.tsv
Q9NT62,ATG3,,no Adjusted P-value columns in this combined_protein.tsv
Q9NTG7,SIRT3,,no Adjusted P-value columns in this combined_protein.tsv
Q9NTI5,PDS5B,,no Adjusted P-value columns in this combined_protein.tsv
Q9NTJ3,SMC4,,no Adjusted P-value columns in this combined_protein.tsv
Q9NTJ5,SACM1L,,no Adjusted P-value columns in this combined_protein.tsv
Q9NTK5,OLA1,,no Adjusted P-value columns in this combined_protein.tsv
Q9NTM9,CUTC,,no Adjusted P-value columns in this combined_protein.tsv
Q9NTX5,ECHDC1,,no Adjusted P-value columns in this combined_protein.tsv
Q9NTZ6,RBM12,,no Adjusted P-value columns in this combined_protein.tsv
Q9NU22,MDN1,,no Adjusted P-value columns in this combined_protein.tsv
Q9NUD5,ZCCHC3,,no Adjusted P-value columns in this combined_protein.tsv
Q9NUG6,PDRG1,,no Adjusted P-value columns in this combined_protein.tsv
Q9NUJ1,ABHD10,,no Adjusted P-value columns in this combined_protein.tsv
Q9NUL3,STAU2,,no Adjusted P-value columns in this combined_protein.tsv
Q9NUL7,DDX28,,no Adjusted P-value columns in this combined_protein.tsv
Q9NUM4,TMEM106B,,no Adjusted P-value columns in this combined_protein.tsv
Q9NUN5,LMBRD1,,no Adjusted P-value columns in this combined_protein.tsv
Q9NUP1,BLOC1S4,,no Adjusted P-value columns in this combined_protein.tsv
Q9NUP7,TRMT13,,no Adjusted P-value columns in this combined_protein.tsv
Q9NUP9,LIN7C,,no Adjusted P-value columns in this combined_protein.tsv
Q9NUQ2,AGPAT5,,no Adjusted P-value columns in this combined_protein.tsv
Q9NUQ3,TXLNG,,no Adjusted P-value columns in this combined_protein.tsv
Q9NUQ6,SPATS2L,,no Adjusted P-value columns in this combined_protein.tsv
Q9NUQ7,UFSP2,,no Adjusted P-value columns in this combined_protein.tsv
Q9NUQ8,ABCF3,,no Adjusted P-value columns in this combined_protein.tsv
Q9NUQ9,CYRIB,,no Adjusted P-value columns in this combined_protein.tsv
Q9NUT2,ABCB8,,no Adjusted P-value columns in this combined_protein.tsv
Q9NUU7,DDX19A,,no Adjusted P-value columns in this combined_protein.tsv
Q9NUW8,TDP1,,no Adjusted P-value columns in this combined_protein.tsv
Q9NUY8,TBC1D23,,no Adjusted P-value columns in this combined_protein.tsv
Q9NV06,DCAF13,,no Adjusted P-value columns in this combined_protein.tsv
Q9NV31,IMP3,,no Adjusted P-value columns in this combined_protein.tsv
Q9NV35,NUDT15,,no Adjusted P-value columns in this combined_protein.tsv
Q9NV56,MRGBP,,no Adjusted P-value columns in this combined_protein.tsv
Q9NV70,EXOC1,,no Adjusted P-value columns in this combined_protein.tsv
Q9NV88,INTS9,,no Adjusted P-value columns in this combined_protein.tsv
Q9NV96,CDC50A,,no Adjusted P-value columns in this combined_protein.tsv
Q9NVA1,UQCC1,,no Adjusted P-value columns in this combined_protein.tsv
Q9NVA2,SEPTIN11,,no Adjusted P-value columns in this combined_protein.tsv
Q9NVA4,TMEM184C,,no Adjusted P-value columns in this combined_protein.tsv
Q9NVC6,MED17,,no Adjusted P-value columns in this combined_protein.tsv
Q9NVE7,PANK4,,no Adjusted P-value columns in this combined_protein.tsv
Q9NVG8,TBC1D13,,no Adjusted P-value columns in this combined_protein.tsv
Q9NVH1,DNAJC11,,no Adjusted P-value columns in this combined_protein.tsv
Q9NVH2,INTS7,,no Adjusted P-value columns in this combined_protein.tsv
Q9NVI1,FANCI,,no Adjusted P-value columns in this combined_protein.tsv
Q9NVI7,ATAD3A,,no Adjusted P-value columns in this combined_protein.tsv
Q9NVJ2,ARL8B,,no Adjusted P-value columns in this combined_protein.tsv
Q9NVM4,PRMT7,,no Adjusted P-value columns in this combined_protein.tsv
Q9NVM6,DNAJC17,,no Adjusted P-value columns in this combined_protein.tsv
Q9NVM9,INTS13,,no Adjusted P-value columns in this combined_protein.tsv
Q9NVN8,GNL3L,,no Adjusted P-value columns in this combined_protein.tsv
Q9NVP1,DDX18,,no Adjusted P-value columns in this combined_protein.tsv
Q9NVP2,ASF1B,,no Adjusted P-value columns in this combined_protein.tsv
Q9NVR2,INTS10,,no Adjusted P-value columns in this combined_protein.tsv
Q9NVR5,DNAAF2,,no Adjusted P-value columns in this combined_protein.tsv
Q9NVS2,MRPS18A,,no Adjusted P-value columns in this combined_protein.tsv
Q9NVS9,PNPO,,no Adjusted P-value columns in this combined_protein.tsv
Q9NVT9,ARMC1,,no Adjusted P-value columns in this combined_protein.tsv
Q9NVU0,POLR3E,,no Adjusted P-value columns in this combined_protein.tsv
Q9NVU7,SDAD1,,no Adjusted P-value columns in this combined_protein.tsv
Q9NVV4,MTPAP,,no Adjusted P-value columns in this combined_protein.tsv
Q9NVX2,NLE1,,no Adjusted P-value columns in this combined_protein.tsv
Q9NVZ3,NECAP2,,no Adjusted P-value columns in this combined_protein.tsv
Q9NW08,POLR3B,,no Adjusted P-value columns in this combined_protein.tsv
Q9NW13,RBM28,,no Adjusted P-value columns in this combined_protein.tsv
Q9NW64,RBM22,,no Adjusted P-value columns in this combined_protein.tsv
Q9NW68,BSDC1,,no Adjusted P-value columns in this combined_protein.tsv
Q9NW82,WDR70,,no Adjusted P-value columns in this combined_protein.tsv
Q9NWA0,MED9,,no Adjusted P-value columns in this combined_protein.tsv
Q9NWB6,ARGLU1,,no Adjusted P-value columns in this combined_protein.tsv
Q9NWH9,SLTM,,no Adjusted P-value columns in this combined_protein.tsv
Q9NWK9,ZNHIT6,,no Adjusted P-value columns in this combined_protein.tsv
Q9NWS0,PIH1D1,,no Adjusted P-value columns in this combined_protein.tsv
Q9NWS6,SIRAL2,,no Adjusted P-value columns in this combined_protein.tsv
Q9NWS8,RMND1,,no Adjusted P-value columns in this combined_protein.tsv
Q9NWT1,PAK1IP1,,no Adjusted P-value columns in this combined_protein.tsv
Q9NWT8,AURKAIP1,,no Adjusted P-value columns in this combined_protein.tsv
Q9NWU1,OXSM,,no Adjusted P-value columns in this combined_protein.tsv
Q9NWU2,GID8,,no Adjusted P-value columns in this combined_protein.tsv
Q9NWU5,MRPL22,,no Adjusted P-value columns in this combined_protein.tsv
Q9NWV4,CZIB,,no Adjusted P-value columns in this combined_protein.tsv
Q9NWV8,BABAM1,,no Adjusted P-value columns in this combined_protein.tsv
Q9NWX6,THG1L,,no Adjusted P-value columns in this combined_protein.tsv
Q9NWY4,HPF1,,no Adjusted P-value columns in this combined_protein.tsv
Q9NWZ3,IRAK4,,no Adjusted P-value columns in this combined_protein.tsv
Q9NWZ5,UCKL1,,no Adjusted P-value columns in this combined_protein.tsv
Q9NWZ8,GEMIN8,,no Adjusted P-value columns in this combined_protein.tsv
Q9NX01,TXNL4B,,no Adjusted P-value columns in this combined_protein.tsv
Q9NX02,NLRP2,,no Adjusted P-value columns in this combined_protein.tsv
Q9NX07,TRNAU1AP,,no Adjusted P-value columns in this combined_protein.tsv
Q9NX08,COMMD8,,no Adjusted P-value columns in this combined_protein.tsv
Q9NX14,NDUFB11,,no Adjusted P-value columns in this combined_protein.tsv
Q9NX20,MRPL16,,no Adjusted P-value columns in this combined_protein.tsv
Q9NX24,NHP2,,no Adjusted P-value columns in this combined_protein.tsv
Q9NX40,OCIAD1,,no Adjusted P-value columns in this combined_protein.tsv
Q9NX46,ADPRS,,no Adjusted P-value columns in this combined_protein.tsv
Q9NX47,MARCHF5,,no Adjusted P-value columns in this combined_protein.tsv
Q9NX55,HYPK,,no Adjusted P-value columns in this combined_protein.tsv
Q9NX58,LYAR,,no Adjusted P-value columns in this combined_protein.tsv
Q9NX62,BPNT2,,no Adjusted P-value columns in this combined_protein.tsv
Q9NX63,CHCHD3,,no Adjusted P-value columns in this combined_protein.tsv
Q9NX70,MED29,,no Adjusted P-value columns in this combined_protein.tsv
Q9NX74,DUS2,,no Adjusted P-value columns in this combined_protein.tsv
Q9NXA8,SIRT5,,no Adjusted P-value columns in this combined_protein.tsv
Q9NXC5,MIOS,,no Adjusted P-value columns in this combined_protein.tsv
Q9NXE8,CWC25,,no Adjusted P-value columns in this combined_protein.tsv
Q9NXF1,TEX10,,no Adjusted P-value columns in this combined_protein.tsv
Q9NXF7,DCAF16,,no Adjusted P-value columns in this combined_protein.tsv
Q9NXG2,THUMPD1,,no Adjusted P-value columns in this combined_protein.tsv
Q9NXH8,TOR4A,,no Adjusted P-value columns in this combined_protein.tsv
Q9NXH9,TRMT1,,no Adjusted P-value columns in this combined_protein.tsv
Q9NXJ5,PGPEP1,,no Adjusted P-value columns in this combined_protein.tsv
Q9NXK8,FBXL12,,no Adjusted P-value columns in this combined_protein.tsv
Q9NXN4,GDAP2,,no Adjusted P-value columns in this combined_protein.tsv
Q9NXR1,NDE1,,no Adjusted P-value columns in this combined_protein.tsv
Q9NXR7,BABAM2,,no Adjusted P-value columns in this combined_protein.tsv
Q9NXR8,ING3,,no Adjusted P-value columns in this combined_protein.tsv
Q9NXU5,ARL15,,no Adjusted P-value columns in this combined_protein.tsv
Q9NXV2,KCTD5,,no Adjusted P-value columns in this combined_protein.tsv
Q9NXV6,CDKN2AIP,,no Adjusted P-value columns in this combined_protein.tsv
Q9NXW9,ALKBH4,,no Adjusted P-value columns in this combined_protein.tsv
Q9NXX6,NSMCE4A,,no Adjusted P-value columns in this combined_protein.tsv
Q9NXZ1,SAGE1,,no Adjusted P-value columns in this combined_protein.tsv
Q9NXZ2,DDX43,,no Adjusted P-value columns in this combined_protein.tsv
Q9NY12,GAR1,,no Adjusted P-value columns in this combined_protein.tsv
Q9NY27,PPP4R2,,no Adjusted P-value columns in this combined_protein.tsv
Q9NY33,DPP3,,no Adjusted P-value columns in this combined_protein.tsv
Q9NY61,AATF,,no Adjusted P-value columns in this combined_protein.tsv
Q9NY93,DDX56,,no Adjusted P-value columns in this combined_protein.tsv
Q9NYA1,SPHK1,,no Adjusted P-value columns in this combined_protein.tsv
Q9NYB0,TERF2IP,,no Adjusted P-value columns in this combined_protein.tsv
Q9NYF8,BCLAF1,,no Adjusted P-value columns in this combined_protein.tsv
Q9NYH9,UTP6,,no Adjusted P-value columns in this combined_protein.tsv
Q9NYJ1,COA4,,no Adjusted P-value columns in this combined_protein.tsv
Q9NYK5,MRPL39,,no Adjusted P-value columns in this combined_protein.tsv
Q9NYL2,MAP3K20,,no Adjusted P-value columns in this combined_protein.tsv
Q9NYL9,TMOD3,,no Adjusted P-value columns in this combined_protein.tsv
Q9NYM9,BET1L,,no Adjusted P-value columns in this combined_protein.tsv
Q9NYP3,DONSON,,no Adjusted P-value columns in this combined_protein.tsv
Q9NYP9,MIS18A,,no Adjusted P-value columns in this combined_protein.tsv
Q9NYU2,UGGT1,,no Adjusted P-value columns in this combined_protein.tsv
Q9NYV4,CDK12,,no Adjusted P-value columns in this combined_protein.tsv
Q9NYY8,FASTKD2,,no Adjusted P-value columns in this combined_protein.tsv
Q9NZ01,TECR,,no Adjusted P-value columns in this combined_protein.tsv
Q9NZ08,ERAP1,,no Adjusted P-value columns in this combined_protein.tsv
Q9NZ09,UBAP1,,no Adjusted P-value columns in this combined_protein.tsv
Q9NZ32,ACTR10,,no Adjusted P-value columns in this combined_protein.tsv
Q9NZ45,CISD1,,no Adjusted P-value columns in this combined_protein.tsv
Q9NZ52,GGA3,,no Adjusted P-value columns in this combined_protein.tsv
Q9NZ63,C9orf78,,no Adjusted P-value columns in this combined_protein.tsv
Q9NZB2,FAM120A,,no Adjusted P-value columns in this combined_protein.tsv
Q9NZD2,GLTP,,no Adjusted P-value columns in this combined_protein.tsv
Q9NZD4,AHSP,,no Adjusted P-value columns in this combined_protein.tsv
Q9NZD8,SPG21,,no Adjusted P-value columns in this combined_protein.tsv
Q9NZE8,MRPL35,,no Adjusted P-value columns in this combined_protein.tsv
Q9NZI7,UBP1,,no Adjusted P-value columns in this combined_protein.tsv
Q9NZI8,IGF2BP1,,no Adjusted P-value columns in this combined_protein.tsv
Q9NZJ0,DTL,,no Adjusted P-value columns in this combined_protein.tsv
Q9NZJ6,COQ3,,no Adjusted P-value columns in this combined_protein.tsv
Q9NZJ7,MTCH1,,no Adjusted P-value columns in this combined_protein.tsv
Q9NZJ9,NUDT4,,no Adjusted P-value columns in this combined_protein.tsv
Q9NZL4,HSPBP1,,no Adjusted P-value columns in this combined_protein.tsv
Q9NZL9,MAT2B,,no Adjusted P-value columns in this combined_protein.tsv
Q9NZM5,NOP53,,no Adjusted P-value columns in this combined_protein.tsv
Q9NZN4,EHD2,,no Adjusted P-value columns in this combined_protein.tsv
Q9NZN8,CNOT2,,no Adjusted P-value columns in this combined_protein.tsv
Q9NZQ3,NCKIPSD,,no Adjusted P-value columns in this combined_protein.tsv
Q9NZT2,OGFR,,no Adjusted P-value columns in this combined_protein.tsv
Q9NZW5,PALS2,,no Adjusted P-value columns in this combined_protein.tsv
Q9NZZ3,CHMP5,,no Adjusted P-value columns in this combined_protein.tsv
Q9P000,COMMD9,,no Adjusted P-value columns in this combined_protein.tsv
Q9P013,CWC15,,no Adjusted P-value columns in this combined_protein.tsv
Q9P015,MRPL15,,no Adjusted P-value columns in this combined_protein.tsv
Q9P016,THYN1,,no Adjusted P-value columns in this combined_protein.tsv
Q9P031,CCDC59,,no Adjusted P-value columns in this combined_protein.tsv
Q9P032,NDUFAF4,,no Adjusted P-value columns in this combined_protein.tsv
Q9P035,HACD3,,no Adjusted P-value columns in this combined_protein.tsv
Q9P086,MED11,,no Adjusted P-value columns in this combined_protein.tsv
Q9P0J0,NDUFA13,,no Adjusted P-value columns in this combined_protein.tsv
Q9P0J7,KCMF1,,no Adjusted P-value columns in this combined_protein.tsv
Q9P0K7,RAI14,,no Adjusted P-value columns in this combined_protein.tsv
Q9P0L0,VAPA,,no Adjusted P-value columns in this combined_protein.tsv
Q9P0M9,MRPL27,,no Adjusted P-value columns in this combined_protein.tsv
Q9P0P0,RNF181,,no Adjusted P-value columns in this combined_protein.tsv
Q9P0R6,GSKIP,,no Adjusted P-value columns in this combined_protein.tsv
Q9P0U3,SENP1,,no Adjusted P-value columns in this combined_protein.tsv
Q9P0U4,CXXC1,,no Adjusted P-value columns in this combined_protein.tsv
Q9P0V9,SEPTIN10,,no Adjusted P-value columns in this combined_protein.tsv
Q9P0W2,HMG20B,,no Adjusted P-value columns in this combined_protein.tsv
Q9P1F3,ABRACL,,no Adjusted P-value columns in this combined_protein.tsv
Q9P1U0,POLR1H,,no Adjusted P-value columns in this combined_protein.tsv
Q9P1Y6,PHRF1,,no Adjusted P-value columns in this combined_protein.tsv
Q9P253,VPS18,,no Adjusted P-value columns in this combined_protein.tsv
Q9P258,RCC2,,no Adjusted P-value columns in this combined_protein.tsv
Q9P265,DIP2B,,no Adjusted P-value columns in this combined_protein.tsv
Q9P270,SLAIN2,,no Adjusted P-value columns in this combined_protein.tsv
Q9P275,USP36,,no Adjusted P-value columns in this combined_protein.tsv
Q9P287,BCCIP,,no Adjusted P-value columns in this combined_protein.tsv
Q9P289,STK26,,no Adjusted P-value columns in this combined_protein.tsv
Q9P2D3,HEATR5B,,no Adjusted P-value columns in this combined_protein.tsv
Q9P2E9,RRBP1,,no Adjusted P-value columns in this combined_protein.tsv
Q9P2I0,CPSF2,,no Adjusted P-value columns in this combined_protein.tsv
Q9P2J5,LARS1,,no Adjusted P-value columns in this combined_protein.tsv
Q9P2K3,RCOR3,,no Adjusted P-value columns in this combined_protein.tsv
Q9P2N5,RBM27,,no Adjusted P-value columns in this combined_protein.tsv
Q9P2N6,KANSL3,,no Adjusted P-value columns in this combined_protein.tsv
Q9P2R3,ANKFY1,,no Adjusted P-value columns in this combined_protein.tsv
Q9P2R6,RERE,,no Adjusted P-value columns in this combined_protein.tsv
Q9P2R7,SUCLA2,,no Adjusted P-value columns in this combined_protein.tsv
Q9P2S5,WRAP73,,no Adjusted P-value columns in this combined_protein.tsv
Q9P2T1,GMPR2,,no Adjusted P-value columns in this combined_protein.tsv
Q9P2X0,DPM3,,no Adjusted P-value columns in this combined_protein.tsv
Q9P305,IGO2,,no Adjusted P-value columns in this combined_protein.tsv
Q9UBB4,ATXN10,,no Adjusted P-value columns in this combined_protein.tsv
Q9UBB5,MBD2,,no Adjusted P-value columns in this combined_protein.tsv
Q9UBB6,NCDN,,no Adjusted P-value columns in this combined_protein.tsv
Q9UBB9,TFIP11,,no Adjusted P-value columns in this combined_protein.tsv
Q9UBC2,EPS15L1,,no Adjusted P-value columns in this combined_protein.tsv
Q9UBD5,ORC3,,no Adjusted P-value columns in this combined_protein.tsv
Q9UBE0,SAE1,,no Adjusted P-value columns in this combined_protein.tsv
Q9UBF1,MAGEC2,,no Adjusted P-value columns in this combined_protein.tsv
Q9UBF2,COPG2,,no Adjusted P-value columns in this combined_protein.tsv
Q9UBF6,RNF7,,no Adjusted P-value columns in this combined_protein.tsv
Q9UBF8,PI4KB,,no Adjusted P-value columns in this combined_protein.tsv
Q9UBH6,XPR1,,no Adjusted P-value columns in this combined_protein.tsv
Q9UBI1,COMMD3,,no Adjusted P-value columns in this combined_protein.tsv
Q9UBK8,MTRR,,no Adjusted P-value columns in this combined_protein.tsv
Q9UBK9,UXT,,no Adjusted P-value columns in this combined_protein.tsv
Q9UBL3,ASH2L,,no Adjusted P-value columns in this combined_protein.tsv
Q9UBM7,DHCR7,,no Adjusted P-value columns in this combined_protein.tsv
Q9UBN7,HDAC6,,no Adjusted P-value columns in this combined_protein.tsv
Q9UBP0,SPAST,,no Adjusted P-value columns in this combined_protein.tsv
Q9UBP6,METTL1,,no Adjusted P-value columns in this combined_protein.tsv
Q9UBQ0,VPS29,,no Adjusted P-value columns in this combined_protein.tsv
Q9UBQ5,EIF3K,,no Adjusted P-value columns in this combined_protein.tsv
Q9UBQ7,GRHPR,,no Adjusted P-value columns in this combined_protein.tsv
Q9UBR2,CTSZ,,no Adjusted P-value columns in this combined_protein.tsv
Q9UBS0,RPS6KB2,,no Adjusted P-value columns in this combined_protein.tsv
Q9UBS4,DNAJB11,,no Adjusted P-value columns in this combined_protein.tsv
Q9UBS8,RNF14,,no Adjusted P-value columns in this combined_protein.tsv
Q9UBT2,UBA2,,no Adjusted P-value columns in this combined_protein.tsv
Q9UBU8,MORF4L1,,no Adjusted P-value columns in this combined_protein.tsv
Q9UBU9,NXF1,,no Adjusted P-value columns in this combined_protein.tsv
Q9UBV8,PEF1,,no Adjusted P-value columns in this combined_protein.tsv
Q9UBW7,ZMYM2,,no Adjusted P-value columns in this combined_protein.tsv
Q9UBW8,COPS7A,,no Adjusted P-value columns in this combined_protein.tsv
Q9UBX3,SLC25A10,,no Adjusted P-value columns in this combined_protein.tsv
Q9UDW1,UQCR10,,no Adjusted P-value columns in this combined_protein.tsv
Q9UDY2,TJP2,,no Adjusted P-value columns in this combined_protein.tsv
Q9UDY4,DNAJB4,,no Adjusted P-value columns in this combined_protein.tsv
Q9UEE9,CFDP1,,no Adjusted P-value columns in this combined_protein.tsv
Q9UER7,DAXX,,no Adjusted P-value columns in this combined_protein.tsv
Q9UET6,FTSJ1,,no Adjusted P-value columns in this combined_protein.tsv
Q9UEU0,VTI1B,,no Adjusted P-value columns in this combined_protein.tsv
Q9UEY8,ADD3,,no Adjusted P-value columns in this combined_protein.tsv
Q9UFC0,LRWD1,,no Adjusted P-value columns in this combined_protein.tsv
Q9UFF9,CNOT8,,no Adjusted P-value columns in this combined_protein.tsv
Q9UFG5,C19orf25,,no Adjusted P-value columns in this combined_protein.tsv
Q9UFN0,NIPSNAP3A,,no Adjusted P-value columns in this combined_protein.tsv
Q9UFW8,CGGBP1,,no Adjusted P-value columns in this combined_protein.tsv
Q9UG56,PISD,,no Adjusted P-value columns in this combined_protein.tsv
Q9UG63,ABCF2,,no Adjusted P-value columns in this combined_protein.tsv
Q9UGI8,TES,,no Adjusted P-value columns in this combined_protein.tsv
Q9UGJ1,TUBGCP4,,no Adjusted P-value columns in this combined_protein.tsv
Q9UGL1,KDM5B,,no Adjusted P-value columns in this combined_protein.tsv
Q9UGM6,WARS2,,no Adjusted P-value columns in this combined_protein.tsv
Q9UGN5,PARP2,,no Adjusted P-value columns in this combined_protein.tsv
Q9UGP4,LIMD1,,no Adjusted P-value columns in this combined_protein.tsv
Q9UGP8,SEC63,,no Adjusted P-value columns in this combined_protein.tsv
Q9UGR2,ZC3H7B,,no Adjusted P-value columns in this combined_protein.tsv
Q9UGU0,TCF20,,no Adjusted P-value columns in this combined_protein.tsv
Q9UGV2,NDRG3,,no Adjusted P-value columns in this combined_protein.tsv
Q9UH17,APOBEC3B,,no Adjusted P-value columns in this combined_protein.tsv
Q9UH65,SWAP70,,no Adjusted P-value columns in this combined_protein.tsv
Q9UHA2,SS18L2,,no Adjusted P-value columns in this combined_protein.tsv
Q9UHA3,RSL24D1,,no Adjusted P-value columns in this combined_protein.tsv
Q9UHA4,LAMTOR3,,no Adjusted P-value columns in this combined_protein.tsv
Q9UHB6,LIMA1,,no Adjusted P-value columns in this combined_protein.tsv
Q9UHB9,SRP68,,no Adjusted P-value columns in this combined_protein.tsv
Q9UHC7,MKRN1,,no Adjusted P-value columns in this combined_protein.tsv
Q9UHD1,CHORDC1,,no Adjusted P-value columns in this combined_protein.tsv
Q9UHD2,TBK1,,no Adjusted P-value columns in this combined_protein.tsv
Q9UHD8,SEPTIN9,,no Adjusted P-value columns in this combined_protein.tsv
Q9UHD9,UBQLN2,,no Adjusted P-value columns in this combined_protein.tsv
Q9UHI6,DDX20,,no Adjusted P-value columns in this combined_protein.tsv
Q9UHJ6,SHPK,,no Adjusted P-value columns in this combined_protein.tsv
Q9UHL4,DPP7,,no Adjusted P-value columns in this combined_protein.tsv
Q9UHN1,POLG2,,no Adjusted P-value columns in this combined_protein.tsv
Q9UHP3,USP25,,no Adjusted P-value columns in this combined_protein.tsv
Q9UHQ1,NARF,,no Adjusted P-value columns in this combined_protein.tsv
Q9UHQ9,CYB5R1,,no Adjusted P-value columns in this combined_protein.tsv
Q9UHR4,BAIAP2L1,,no Adjusted P-value columns in this combined_protein.tsv
Q9UHR5,SAP30BP,,no Adjusted P-value columns in this combined_protein.tsv
Q9UHR6,ZNHIT2,,no Adjusted P-value columns in this combined_protein.tsv
Q9UHV9,PFDN2,,no Adjusted P-value columns in this combined_protein.tsv
Q9UHW5,GPN3,,no Adjusted P-value columns in this combined_protein.tsv
Q9UHX1,PUF60,,no Adjusted P-value columns in this combined_protein.tsv
Q9UHY1,NRBP1,,no Adjusted P-value columns in this combined_protein.tsv
Q9UHY7,ENOPH1,,no Adjusted P-value columns in this combined_protein.tsv
Q9UHY8,FEZ2,,no Adjusted P-value columns in this combined_protein.tsv
Q9UI09,NDUFA12,,no Adjusted P-value columns in this combined_protein.tsv
Q9UI10,EIF2B4,,no Adjusted P-value columns in this combined_protein.tsv
Q9UI12,ATP6V1H,,no Adjusted P-value columns in this combined_protein.tsv
Q9UI15,TAGLN3,,no Adjusted P-value columns in this combined_protein.tsv
Q9UI26,IPO11,,no Adjusted P-value columns in this combined_protein.tsv
Q9UI30,TRMT112,,no Adjusted P-value columns in this combined_protein.tsv
Q9UI95,MAD2L2,,no Adjusted P-value columns in this combined_protein.tsv
Q9UIA9,XPO7,,no Adjusted P-value columns in this combined_protein.tsv
Q9UIC8,LCMT1,,no Adjusted P-value columns in this combined_protein.tsv
Q9UID3,VPS51,,no Adjusted P-value columns in this combined_protein.tsv
Q9UIF9,BAZ2A,,no Adjusted P-value columns in this combined_protein.tsv
Q9UIG0,BAZ1B,,no Adjusted P-value columns in this combined_protein.tsv
Q9UII2,ATP5IF1,,no Adjusted P-value columns in this combined_protein.tsv
Q9UIJ7,AK3,,no Adjusted P-value columns in this combined_protein.tsv
Q9UIL1,SCOC,,no Adjusted P-value columns in this combined_protein.tsv
Q9UIM3,FKBPL,,no Adjusted P-value columns in this combined_protein.tsv
Q9UIQ6,LNPEP,,no Adjusted P-value columns in this combined_protein.tsv
Q9UIV1,CNOT7,,no Adjusted P-value columns in this combined_protein.tsv
Q9UIW2,PLXNA1,,no Adjusted P-value columns in this combined_protein.tsv
Q9UJ41,RABGEF1,,no Adjusted P-value columns in this combined_protein.tsv
Q9UJ70,NAGK,,no Adjusted P-value columns in this combined_protein.tsv
Q9UJ83,HACL1,,no Adjusted P-value columns in this combined_protein.tsv
Q9UJA5,TRMT6,,no Adjusted P-value columns in this combined_protein.tsv
Q9UJC5,SH3BGRL2,,no Adjusted P-value columns in this combined_protein.tsv
Q9UJK0,TSR3,,no Adjusted P-value columns in this combined_protein.tsv
Q9UJS0,SLC25A13,,no Adjusted P-value columns in this combined_protein.tsv
Q9UJU2,LEF1,,no Adjusted P-value columns in this combined_protein.tsv
Q9UJU6,DBNL,,no Adjusted P-value columns in this combined_protein.tsv
Q9UJV9,DDX41,,no Adjusted P-value columns in this combined_protein.tsv
Q9UJW0,DCTN4,,no Adjusted P-value columns in this combined_protein.tsv
Q9UJX2,CDC23,,no Adjusted P-value columns in this combined_protein.tsv
Q9UJX3,ANAPC7,,no Adjusted P-value columns in this combined_protein.tsv
Q9UJX4,ANAPC5,,no Adjusted P-value columns in this combined_protein.tsv
Q9UJX5,ANAPC4,,no Adjusted P-value columns in this combined_protein.tsv
Q9UJX6,ANAPC2,,no Adjusted P-value columns in this combined_protein.tsv
Q9UJY4,GGA2,,no Adjusted P-value columns in this combined_protein.tsv
Q9UJY5,GGA1,,no Adjusted P-value columns in this combined_protein.tsv
Q9UJZ1,STOML2,,no Adjusted P-value columns in this combined_protein.tsv
Q9UK39,NOCT,,no Adjusted P-value columns in this combined_protein.tsv
Q9UK41,VPS28,,no Adjusted P-value columns in this combined_protein.tsv
Q9UK45,LSM7,,no Adjusted P-value columns in this combined_protein.tsv
Q9UK53,ING1,,no Adjusted P-value columns in this combined_protein.tsv
Q9UK58,CCNL1,,no Adjusted P-value columns in this combined_protein.tsv
Q9UK59,DBR1,,no Adjusted P-value columns in this combined_protein.tsv
Q9UK61,TASOR,,no Adjusted P-value columns in this combined_protein.tsv
Q9UK73,FEM1B,,no Adjusted P-value columns in this combined_protein.tsv
Q9UK76,JPT1,,no Adjusted P-value columns in this combined_protein.tsv
Q9UK99,FBXO3,,no Adjusted P-value columns in this combined_protein.tsv
Q9UKA4,AKAP11,,no Adjusted P-value columns in this combined_protein.tsv
Q9UKA9,PTBP2,,no Adjusted P-value columns in this combined_protein.tsv
Q9UKB3,DNAJC12,,no Adjusted P-value columns in this combined_protein.tsv
Q9UKD2,MRTO4,,no Adjusted P-value columns in this combined_protein.tsv
Q9UKE5,TNIK,,no Adjusted P-value columns in this combined_protein.tsv
Q9UKF6,CPSF3,,no Adjusted P-value columns in this combined_protein.tsv
Q9UKI8,TLK1,,no Adjusted P-value columns in this combined_protein.tsv
Q9UKJ3,GPATCH8,,no Adjusted P-value columns in this combined_protein.tsv
Q9UKK6,NXT1,,no Adjusted P-value columns in this combined_protein.tsv
Q9UKK9,NUDT5,,no Adjusted P-value columns in this combined_protein.tsv
Q9UKL0,RCOR1,,no Adjusted P-value columns in this combined_protein.tsv
Q9UKL6,PCTP,,no Adjusted P-value columns in this combined_protein.tsv
Q9UKM9,RALY,,no Adjusted P-value columns in this combined_protein.tsv
Q9UKN8,GTF3C4,,no Adjusted P-value columns in this combined_protein.tsv
Q9UKT4,FBXO5,,no Adjusted P-value columns in this combined_protein.tsv
Q9UKT5,FBXO4,,no Adjusted P-value columns in this combined_protein.tsv
Q9UKU7,ACAD8,,no Adjusted P-value columns in this combined_protein.tsv
Q9UKV3,ACIN1,,no Adjusted P-value columns in this combined_protein.tsv
Q9UKV8,AGO2,,no Adjusted P-value columns in this combined_protein.tsv
Q9UKX7,NUP50,,no Adjusted P-value columns in this combined_protein.tsv
Q9UKY1,ZHX1,,no Adjusted P-value columns in this combined_protein.tsv
Q9UKY7,CDV3,,no Adjusted P-value columns in this combined_protein.tsv
Q9UKZ1,CNOT11,,no Adjusted P-value columns in this combined_protein.tsv
Q9UL03,INTS6,,no Adjusted P-value columns in this combined_protein.tsv
Q9UL15,BAG5,,no Adjusted P-value columns in this combined_protein.tsv
Q9UL25,RAB21,,no Adjusted P-value columns in this combined_protein.tsv
Q9UL33,TRAPPC2L,,no Adjusted P-value columns in this combined_protein.tsv
Q9UL40,ZNF346,,no Adjusted P-value columns in this combined_protein.tsv
Q9UL45,BLOC1S6,,no Adjusted P-value columns in this combined_protein.tsv
Q9UL46,PSME2,,no Adjusted P-value columns in this combined_protein.tsv
Q9UL49,TCFL5,,no Adjusted P-value columns in this combined_protein.tsv
Q9UL54,TAOK2,,no Adjusted P-value columns in this combined_protein.tsv
Q9UL63,MKLN1,,no Adjusted P-value columns in this combined_protein.tsv
Q9ULA0,DNPEP,,no Adjusted P-value columns in this combined_protein.tsv
Q9ULC3,RAB23,,no Adjusted P-value columns in this combined_protein.tsv
Q9ULC4,MCTS1,,no Adjusted P-value columns in this combined_protein.tsv
Q9ULH0,KIDINS220,,no Adjusted P-value columns in this combined_protein.tsv
Q9ULH1,ASAP1,,no Adjusted P-value columns in this combined_protein.tsv
Q9ULI0,ATAD2B,,no Adjusted P-value columns in this combined_protein.tsv
Q9ULJ6,ZMIZ1,,no Adjusted P-value columns in this combined_protein.tsv
Q9ULK4,MED23,,no Adjusted P-value columns in this combined_protein.tsv
Q9ULL0,KIAA1210,,no Adjusted P-value columns in this combined_protein.tsv
Q9ULM3,YEATS2,,no Adjusted P-value columns in this combined_protein.tsv
Q9ULP9,TBC1D24,,no Adjusted P-value columns in this combined_protein.tsv
Q9ULR0,ISY1,,no Adjusted P-value columns in this combined_protein.tsv
Q9ULR3,PPM1H,,no Adjusted P-value columns in this combined_protein.tsv
Q9ULT8,HECTD1,,no Adjusted P-value columns in this combined_protein.tsv
Q9ULU4,ZMYND8,,no Adjusted P-value columns in this combined_protein.tsv
Q9ULV3,CIZ1,,no Adjusted P-value columns in this combined_protein.tsv
Q9ULV4,CORO1C,,no Adjusted P-value columns in this combined_protein.tsv
Q9ULW0,TPX2,,no Adjusted P-value columns in this combined_protein.tsv
Q9ULW3,ABT1,,no Adjusted P-value columns in this combined_protein.tsv
Q9ULX3,NOB1,,no Adjusted P-value columns in this combined_protein.tsv
Q9ULX6,AKAP8L,,no Adjusted P-value columns in this combined_protein.tsv
Q9ULZ3,PYCARD,,no Adjusted P-value columns in this combined_protein.tsv
Q9UM00,TMCO1,,no Adjusted P-value columns in this combined_protein.tsv
Q9UM13,ANAPC10,,no Adjusted P-value columns in this combined_protein.tsv
Q9UM54,MYO6,,no Adjusted P-value columns in this combined_protein.tsv
Q9UMR5,PPT2,,no Adjusted P-value columns in this combined_protein.tsv
Q9UMS0,NFU1,,no Adjusted P-value columns in this combined_protein.tsv
Q9UMS4,PRPF19,,no Adjusted P-value columns in this combined_protein.tsv
Q9UMX0,UBQLN1,,no Adjusted P-value columns in this combined_protein.tsv
Q9UMX5,NENF,,no Adjusted P-value columns in this combined_protein.tsv
Q9UMY1,NOL7,,no Adjusted P-value columns in this combined_protein.tsv
Q9UMY4,SNX12,,no Adjusted P-value columns in this combined_protein.tsv
Q9UMZ2,SYNRG,,no Adjusted P-value columns in this combined_protein.tsv
Q9UN36,NDRG2,,no Adjusted P-value columns in this combined_protein.tsv
Q9UN37,VPS4A,,no Adjusted P-value columns in this combined_protein.tsv
Q9UN86,G3BP2,,no Adjusted P-value columns in this combined_protein.tsv
Q9UNE7,STUB1,,no Adjusted P-value columns in this combined_protein.tsv
Q9UNF0,PACSIN2,,no Adjusted P-value columns in this combined_protein.tsv
Q9UNF1,MAGED2,,no Adjusted P-value columns in this combined_protein.tsv
Q9UNH7,SNX6,,no Adjusted P-value columns in this combined_protein.tsv
Q9UNI6,DUSP12,,no Adjusted P-value columns in this combined_protein.tsv
Q9UNL2,SSR3,,no Adjusted P-value columns in this combined_protein.tsv
Q9UNM6,PSMD13,,no Adjusted P-value columns in this combined_protein.tsv
Q9UNN5,FAF1,,no Adjusted P-value columns in this combined_protein.tsv
Q9UNP9,PPIE,,no Adjusted P-value columns in this combined_protein.tsv
Q9UNQ2,DIMT1,,no Adjusted P-value columns in this combined_protein.tsv
Q9UNS1,TIMELESS,,no Adjusted P-value columns in this combined_protein.tsv
Q9UNS2,COPS3,,no Adjusted P-value columns in this combined_protein.tsv
Q9UNW1,MINPP1,,no Adjusted P-value columns in this combined_protein.tsv
Q9UNX3,RPL26L1,,no Adjusted P-value columns in this combined_protein.tsv
Q9UNX4,WDR3,,no Adjusted P-value columns in this combined_protein.tsv
Q9UNY4,TTF2,,no Adjusted P-value columns in this combined_protein.tsv
Q9UNZ2,NSFL1C,,no Adjusted P-value columns in this combined_protein.tsv
Q9UP52,TFR2,,no Adjusted P-value columns in this combined_protein.tsv
Q9UP83,COG5,,no Adjusted P-value columns in this combined_protein.tsv
Q9UPN3,MACF1,,no Adjusted P-value columns in this combined_protein.tsv
Q9UPN4,CEP131,,no Adjusted P-value columns in this combined_protein.tsv
Q9UPN6,SCAF8,,no Adjusted P-value columns in this combined_protein.tsv
Q9UPN7,PPP6R1,,no Adjusted P-value columns in this combined_protein.tsv
Q9UPN9,TRIM33,,no Adjusted P-value columns in this combined_protein.tsv
Q9UPR3,SMG5,,no Adjusted P-value columns in this combined_protein.tsv
Q9UPT5,EXOC7,,no Adjusted P-value columns in this combined_protein.tsv
Q9UPT8,ZC3H4,,no Adjusted P-value columns in this combined_protein.tsv
Q9UPT9,USP22,,no Adjusted P-value columns in this combined_protein.tsv
Q9UPU5,USP24,,no Adjusted P-value columns in this combined_protein.tsv
Q9UPW0,FOXJ3,,no Adjusted P-value columns in this combined_protein.tsv
Q9UPW6,SATB2,,no Adjusted P-value columns in this combined_protein.tsv
Q9UPY8,MAPRE3,,no Adjusted P-value columns in this combined_protein.tsv
Q9UQ13,SHOC2,,no Adjusted P-value columns in this combined_protein.tsv
Q9UQ16,DNM3,,no Adjusted P-value columns in this combined_protein.tsv
Q9UQ35,SRRM2,,no Adjusted P-value columns in this combined_protein.tsv
Q9UQ80,PA2G4,,no Adjusted P-value columns in this combined_protein.tsv
Q9UQB8,BAIAP2,,no Adjusted P-value columns in this combined_protein.tsv
Q9UQC2,GAB2,,no Adjusted P-value columns in this combined_protein.tsv
Q9UQE7,SMC3,,no Adjusted P-value columns in this combined_protein.tsv
Q9UQN3,CHMP2B,,no Adjusted P-value columns in this combined_protein.tsv
Q9UQR0,SCML2,,no Adjusted P-value columns in this combined_protein.tsv
Q9URQ5,HTL1,,no Adjusted P-value columns in this combined_protein.tsv
Q9Y217,MTMR6,,no Adjusted P-value columns in this combined_protein.tsv
Q9Y221,NIP7,,no Adjusted P-value columns in this combined_protein.tsv
Q9Y223,GNE,,no Adjusted P-value columns in this combined_protein.tsv
Q9Y224,RTRAF,,no Adjusted P-value columns in this combined_protein.tsv
Q9Y230,RUVBL2,,no Adjusted P-value columns in this combined_protein.tsv
Q9Y232,CDYL,,no Adjusted P-value columns in this combined_protein.tsv
Q9Y237,PIN4,,no Adjusted P-value columns in this combined_protein.tsv
Q9Y241,HIGD1A,,no Adjusted P-value columns in this combined_protein.tsv
Q9Y244,POMP,,no Adjusted P-value columns in this combined_protein.tsv
Q9Y248,GINS2,,no Adjusted P-value columns in this combined_protein.tsv
Q9Y262,EIF3L,,no Adjusted P-value columns in this combined_protein.tsv
Q9Y263,PLAA,,no Adjusted P-value columns in this combined_protein.tsv
Q9Y265,RUVBL1,,no Adjusted P-value columns in this combined_protein.tsv
Q9Y266,NUDC,,no Adjusted P-value columns in this combined_protein.tsv
Q9Y276,BCS1L,,no Adjusted P-value columns in this combined_protein.tsv
Q9Y277,VDAC3,,no Adjusted P-value columns in this combined_protein.tsv
Q9Y281,CFL2,,no Adjusted P-value columns in this combined_protein.tsv
Q9Y285,FARSA,,no Adjusted P-value columns in this combined_protein.tsv
Q9Y289,SLC5A6,,no Adjusted P-value columns in this combined_protein.tsv
Q9Y291,MRPS33,,no Adjusted P-value columns in this combined_protein.tsv
Q9Y294,ASF1A,,no Adjusted P-value columns in this combined_protein.tsv
Q9Y295,DRG1,,no Adjusted P-value columns in this combined_protein.tsv
Q9Y296,TRAPPC4,,no Adjusted P-value columns in this combined_protein.tsv
Q9Y2A7,NCKAP1,,no Adjusted P-value columns in this combined_protein.tsv
Q9Y2B0,CNPY2,,no Adjusted P-value columns in this combined_protein.tsv
Q9Y2D8,SSX2IP,,no Adjusted P-value columns in this combined_protein.tsv
Q9Y2G4,ANKRD6,,no Adjusted P-value columns in this combined_protein.tsv
Q9Y2H0,DLGAP4,,no Adjusted P-value columns in this combined_protein.tsv
Q9Y2I1,NISCH,,no Adjusted P-value columns in this combined_protein.tsv
Q9Y2K2,SIK3,,no Adjusted P-value columns in this combined_protein.tsv
Q9Y2K6,USP20,,no Adjusted P-value columns in this combined_protein.tsv
Q9Y2K7,KDM2A,,no Adjusted P-value columns in this combined_protein.tsv
Q9Y2L1,DIS3,,no Adjusted P-value columns in this combined_protein.tsv
Q9Y2L5,TRAPPC8,,no Adjusted P-value columns in this combined_protein.tsv
Q9Y2P8,RCL1,,no Adjusted P-value columns in this combined_protein.tsv
Q9Y2Q3,GSTK1,,no Adjusted P-value columns in this combined_protein.tsv
Q9Y2Q5,LAMTOR2,,no Adjusted P-value columns in this combined_protein.tsv
Q9Y2Q9,MRPS28,,no Adjusted P-value columns in this combined_protein.tsv
Q9Y2R0,COA3,,no Adjusted P-value columns in this combined_protein.tsv
Q9Y2R4,DDX52,,no Adjusted P-value columns in this combined_protein.tsv
Q9Y2R5,MRPS17,,no Adjusted P-value columns in this combined_protein.tsv
Q9Y2R9,MRPS7,,no Adjusted P-value columns in this combined_protein.tsv
Q9Y2S7,POLDIP2,,no Adjusted P-value columns in this combined_protein.tsv
Q9Y2T2,AP3M1,,no Adjusted P-value columns in this combined_protein.tsv
Q9Y2U8,LEMD3,,no Adjusted P-value columns in this combined_protein.tsv
Q9Y2V2,CARHSP1,,no Adjusted P-value columns in this combined_protein.tsv
Q9Y2V7,COG6,,no Adjusted P-value columns in this combined_protein.tsv
Q9Y2W1,THRAP3,,no Adjusted P-value columns in this combined_protein.tsv
Q9Y2W2,WBP11,,no Adjusted P-value columns in this combined_protein.tsv
Q9Y2X0,MED16,,no Adjusted P-value columns in this combined_protein.tsv
Q9Y2X3,NOP58,,no Adjusted P-value columns in this combined_protein.tsv
Q9Y2X7,GIT1,,no Adjusted P-value columns in this combined_protein.tsv
Q9Y2X9,ZNF281,,no Adjusted P-value columns in this combined_protein.tsv
Q9Y2Y0,ARL2BP,,no Adjusted P-value columns in this combined_protein.tsv
Q9Y2Y1,POLR3K,,no Adjusted P-value columns in this combined_protein.tsv
Q9Y2Z0,SUGT1,,no Adjusted P-value columns in this combined_protein.tsv
Q9Y2Z2,MTO1,,no Adjusted P-value columns in this combined_protein.tsv
Q9Y2Z4,YARS2,,no Adjusted P-value columns in this combined_protein.tsv
Q9Y2Z9,COQ6,,no Adjusted P-value columns in this combined_protein.tsv
Q9Y303,AMDHD2,,no Adjusted P-value columns in this combined_protein.tsv
Q9Y305,ACOT9,,no Adjusted P-value columns in this combined_protein.tsv
Q9Y312,AAR2,,no Adjusted P-value columns in this combined_protein.tsv
Q9Y314,NOSIP,,no Adjusted P-value columns in this combined_protein.tsv
Q9Y316,MEMO1,,no Adjusted P-value columns in this combined_protein.tsv
Q9Y324,FCF1,,no Adjusted P-value columns in this combined_protein.tsv
Q9Y333,LSM2,,no Adjusted P-value columns in this combined_protein.tsv
Q9Y371,SH3GLB1,,no Adjusted P-value columns in this combined_protein.tsv
Q9Y375,NDUFAF1,,no Adjusted P-value columns in this combined_protein.tsv
Q9Y376,CAB39,,no Adjusted P-value columns in this combined_protein.tsv
Q9Y383,LUC7L2,,no Adjusted P-value columns in this combined_protein.tsv
Q9Y388,RBMX2,,no Adjusted P-value columns in this combined_protein.tsv
Q9Y399,MRPS2,,no Adjusted P-value columns in this combined_protein.tsv
Q9Y3A2,UTP11,,no Adjusted P-value columns in this combined_protein.tsv
Q9Y3A3,MOB4,,no Adjusted P-value columns in this combined_protein.tsv
Q9Y3A4,RRP7A,,no Adjusted P-value columns in this combined_protein.tsv
Q9Y3A5,SBDS,,no Adjusted P-value columns in this combined_protein.tsv
Q9Y3A6,TMED5,,no Adjusted P-value columns in this combined_protein.tsv
Q9Y3B2,EXOSC1,,no Adjusted P-value columns in this combined_protein.tsv
Q9Y3B3,TMED7,,no Adjusted P-value columns in this combined_protein.tsv
Q9Y3B4,SF3B6,,no Adjusted P-value columns in this combined_protein.tsv
Q9Y3B7,MRPL11,,no Adjusted P-value columns in this combined_protein.tsv
Q9Y3B8,REXO2,,no Adjusted P-value columns in this combined_protein.tsv
Q9Y3B9,RRP15,,no Adjusted P-value columns in this combined_protein.tsv
Q9Y3C1,NOP16,,no Adjusted P-value columns in this combined_protein.tsv
Q9Y3C4,TPRKB,,no Adjusted P-value columns in this combined_protein.tsv
Q9Y3C6,PPIL1,,no Adjusted P-value columns in this combined_protein.tsv
Q9Y3C8,UFC1,,no Adjusted P-value columns in this combined_protein.tsv
Q9Y3D0,CIAO2B,,no Adjusted P-value columns in this combined_protein.tsv
Q9Y3D3,MRPS16,,no Adjusted P-value columns in this combined_protein.tsv
Q9Y3D5,MRPS18C,,no Adjusted P-value columns in this combined_protein.tsv
Q9Y3D6,FIS1,,no Adjusted P-value columns in this combined_protein.tsv
Q9Y3D7,PAM16,,no Adjusted P-value columns in this combined_protein.tsv
Q9Y3D8,AK6,,no Adjusted P-value columns in this combined_protein.tsv
Q9Y3D9,MRPS23,,no Adjusted P-value columns in this combined_protein.tsv
Q9Y3E0,GOLT1B,,no Adjusted P-value columns in this combined_protein.tsv
Q9Y3E1,HDGFL3,,no Adjusted P-value columns in this combined_protein.tsv
Q9Y3E5,PTRH2,,no Adjusted P-value columns in this combined_protein.tsv
Q9Y3E7,CHMP3,,no Adjusted P-value columns in this combined_protein.tsv
Q9Y3F4,STRAP,,no Adjusted P-value columns in this combined_protein.tsv
Q9Y3I0,RTCB,,no Adjusted P-value columns in this combined_protein.tsv
Q9Y3I1,FBXO7,,no Adjusted P-value columns in this combined_protein.tsv
Q9Y3L3,SH3BP1,,no Adjusted P-value columns in this combined_protein.tsv
Q9Y3P9,RABGAP1,,no Adjusted P-value columns in this combined_protein.tsv
Q9Y3Q8,TSC22D4,,no Adjusted P-value columns in this combined_protein.tsv
Q9Y3S2,ZNF330,,no Adjusted P-value columns in this combined_protein.tsv
Q9Y3T6,R3HCC1,,no Adjusted P-value columns in this combined_protein.tsv
Q9Y3T9,NOC2L,,no Adjusted P-value columns in this combined_protein.tsv
Q9Y3U8,RPL36,,no Adjusted P-value columns in this combined_protein.tsv
Q9Y3X0,CCDC9,,no Adjusted P-value columns in this combined_protein.tsv
Q9Y3Y2,CHTOP,,no Adjusted P-value columns in this combined_protein.tsv
Q9Y3Z3,SAMHD1,,no Adjusted P-value columns in this combined_protein.tsv
Q9Y446,PKP3,,no Adjusted P-value columns in this combined_protein.tsv
Q9Y448,KNSTRN,,no Adjusted P-value columns in this combined_protein.tsv
Q9Y450,HBS1L,,no Adjusted P-value columns in this combined_protein.tsv
Q9Y467,SALL2,,no Adjusted P-value columns in this combined_protein.tsv
Q9Y478,PRKAB1,,no Adjusted P-value columns in this combined_protein.tsv
Q9Y483,MTF2,,no Adjusted P-value columns in this combined_protein.tsv
Q9Y485,DMXL1,,no Adjusted P-value columns in this combined_protein.tsv
Q9Y487,ATP6V0A2,,no Adjusted P-value columns in this combined_protein.tsv
Q9Y490,TLN1,,no Adjusted P-value columns in this combined_protein.tsv
Q9Y4A5,TRRAP,,no Adjusted P-value columns in this combined_protein.tsv
Q9Y4B6,DCAF1,,no Adjusted P-value columns in this combined_protein.tsv
Q9Y4C1,KDM3A,,no Adjusted P-value columns in this combined_protein.tsv
Q9Y4C2,TCAF1,,no Adjusted P-value columns in this combined_protein.tsv
Q9Y4C8,RBM19,,no Adjusted P-value columns in this combined_protein.tsv
Q9Y4E1,WASHC2C,,no Adjusted P-value columns in this combined_protein.tsv
Q9Y4E5,ZNF451,,no Adjusted P-value columns in this combined_protein.tsv
Q9Y4E6,WDR7,,no Adjusted P-value columns in this combined_protein.tsv
Q9Y4E8,USP15,,no Adjusted P-value columns in this combined_protein.tsv
Q9Y4K3,TRAF6,,no Adjusted P-value columns in this combined_protein.tsv
Q9Y4L1,HYOU1,,no Adjusted P-value columns in this combined_protein.tsv
Q9Y4P1,ATG4B,,no Adjusted P-value columns in this combined_protein.tsv
Q9Y4P3,TBL2,,no Adjusted P-value columns in this combined_protein.tsv
Q9Y4P8,WIPI2,,no Adjusted P-value columns in this combined_protein.tsv
Q9Y4R8,TELO2,,no Adjusted P-value columns in this combined_protein.tsv
Q9Y4W2,LAS1L,,no Adjusted P-value columns in this combined_protein.tsv
Q9Y4W6,AFG3L2,,no Adjusted P-value columns in this combined_protein.tsv
Q9Y4X0,AMMECR1,,no Adjusted P-value columns in this combined_protein.tsv
Q9Y4X5,ARIH1,,no Adjusted P-value columns in this combined_protein.tsv
Q9Y4Y9,LSM5,,no Adjusted P-value columns in this combined_protein.tsv
Q9Y4Z0,LSM4,,no Adjusted P-value columns in this combined_protein.tsv
Q9Y508,RNF114,,no Adjusted P-value columns in this combined_protein.tsv
Q9Y512,SAMM50,,no Adjusted P-value columns in this combined_protein.tsv
Q9Y520,PRRC2C,,no Adjusted P-value columns in this combined_protein.tsv
Q9Y530,OARD1,,no Adjusted P-value columns in this combined_protein.tsv
Q9Y535,POLR3H,,no Adjusted P-value columns in this combined_protein.tsv
Q9Y547,IFT25,,no Adjusted P-value columns in this combined_protein.tsv
Q9Y570,PPME1,,no Adjusted P-value columns in this combined_protein.tsv
Q9Y575,ASB3,,no Adjusted P-value columns in this combined_protein.tsv
Q9Y580,RBM7,,no Adjusted P-value columns in this combined_protein.tsv
Q9Y584,TIMM22,,no Adjusted P-value columns in this combined_protein.tsv
Q9Y587,AP4S1,,no Adjusted P-value columns in this combined_protein.tsv
Q9Y5A7,NUB1,,no Adjusted P-value columns in this combined_protein.tsv
Q9Y5A9,YTHDF2,,no Adjusted P-value columns in this combined_protein.tsv
Q9Y5B0,CTDP1,,no Adjusted P-value columns in this combined_protein.tsv
Q9Y5B6,PAXBP1,,no Adjusted P-value columns in this combined_protein.tsv
Q9Y5B8,NME7,,no Adjusted P-value columns in this combined_protein.tsv
Q9Y5B9,SUPT16H,,no Adjusted P-value columns in this combined_protein.tsv
Q9Y5J1,UTP18,,no Adjusted P-value columns in this combined_protein.tsv
Q9Y5J6,TIMM10B,,no Adjusted P-value columns in this combined_protein.tsv
Q9Y5J7,TIMM9,,no Adjusted P-value columns in this combined_protein.tsv
Q9Y5J9,TIMM8B,,no Adjusted P-value columns in this combined_protein.tsv
Q9Y5K5,UCHL5,,no Adjusted P-value columns in this combined_protein.tsv
Q9Y5K6,CD2AP,,no Adjusted P-value columns in this combined_protein.tsv
Q9Y5K8,ATP6V1D,,no Adjusted P-value columns in this combined_protein.tsv
Q9Y5L0,TNPO3,,no Adjusted P-value columns in this combined_protein.tsv
Q9Y5L4,TIMM13,,no Adjusted P-value columns in this combined_protein.tsv
Q9Y5M8,SRPRB,,no Adjusted P-value columns in this combined_protein.tsv
Q9Y5N6,ORC6,,no Adjusted P-value columns in this combined_protein.tsv
Q9Y5P4,CERT1,,no Adjusted P-value columns in this combined_protein.tsv
Q9Y5P6,GMPPB,,no Adjusted P-value columns in this combined_protein.tsv
Q9Y5Q8,GTF3C5,,no Adjusted P-value columns in this combined_protein.tsv
Q9Y5Q9,GTF3C3,,no Adjusted P-value columns in this combined_protein.tsv
Q9Y5R8,TRAPPC1,,no Adjusted P-value columns in this combined_protein.tsv
Q9Y5S1,TRPV2,,no Adjusted P-value columns in this combined_protein.tsv
Q9Y5S2,CDC42BPB,,no Adjusted P-value columns in this combined_protein.tsv
Q9Y5S9,RBM8A,,no Adjusted P-value columns in this combined_protein.tsv
Q9Y5T5,USP16,,no Adjusted P-value columns in this combined_protein.tsv
Q9Y5U2,TSSC4,,no Adjusted P-value columns in this combined_protein.tsv
Q9Y5U8,MPC1,,no Adjusted P-value columns in this combined_protein.tsv
Q9Y5U9,IER3IP1,,no Adjusted P-value columns in this combined_protein.tsv
Q9Y5V0,ZNF706,,no Adjusted P-value columns in this combined_protein.tsv
Q9Y5X1,SNX9,,no Adjusted P-value columns in this combined_protein.tsv
Q9Y5X2,SNX8,,no Adjusted P-value columns in this combined_protein.tsv
Q9Y5X3,SNX5,,no Adjusted P-value columns in this combined_protein.tsv
Q9Y5Y2,NUBP2,,no Adjusted P-value columns in this combined_protein.tsv
Q9Y5Z4,HEBP2,,no Adjusted P-value columns in this combined_protein.tsv
Q9Y605,MRFAP1,,no Adjusted P-value columns in this combined_protein.tsv
Q9Y606,PUS1,,no Adjusted P-value columns in this combined_protein.tsv
Q9Y608,LRRFIP2,,no Adjusted P-value columns in this combined_protein.tsv
Q9Y613,FHOD1,,no Adjusted P-value columns in this combined_protein.tsv
Q9Y617,PSAT1,,no Adjusted P-value columns in this combined_protein.tsv
Q9Y624,F11R,,no Adjusted P-value columns in this combined_protein.tsv
Q9Y657,SPIN1,,no Adjusted P-value columns in this combined_protein.tsv
Q9Y676,MRPS18B,,no Adjusted P-value columns in this combined_protein.tsv
Q9Y678,COPG1,,no Adjusted P-value columns in this combined_protein.tsv
Q9Y679,AUP1,,no Adjusted P-value columns in this combined_protein.tsv
Q9Y692,GMEB1,,no Adjusted P-value columns in this combined_protein.tsv
Q9Y696,CLIC4,,no Adjusted P-value columns in this combined_protein.tsv
Q9Y697,NFS1,,no Adjusted P-value columns in this combined_protein.tsv
Q9Y6A4,CFAP20,,no Adjusted P-value columns in this combined_protein.tsv
Q9Y6A5,TACC3,,no Adjusted P-value columns in this combined_protein.tsv
Q9Y6A9,SPCS1,,no Adjusted P-value columns in this combined_protein.tsv
Q9Y6B6,SAR1B,,no Adjusted P-value columns in this combined_protein.tsv
Q9Y6C9,MTCH2,,no Adjusted P-value columns in this combined_protein.tsv
Q9Y6D5,ARFGEF2,,no Adjusted P-value columns in this combined_protein.tsv
Q9Y6D6,ARFGEF1,,no Adjusted P-value columns in this combined_protein.tsv
Q9Y6D9,MAD1L1,,no Adjusted P-value columns in this combined_protein.tsv
Q9Y6E0,STK24,,no Adjusted P-value columns in this combined_protein.tsv
Q9Y6E2,BZW2,,no Adjusted P-value columns in this combined_protein.tsv
Q9Y6G3,MRPL42,,no Adjusted P-value columns in this combined_protein.tsv
Q9Y6G5,COMMD10,,no Adjusted P-value columns in this combined_protein.tsv
Q9Y6G9,DYNC1LI1,,no Adjusted P-value columns in this combined_protein.tsv
Q9Y6H1,CHCHD2,,no Adjusted P-value columns in this combined_protein.tsv
Q9Y6I3,EPN1,,no Adjusted P-value columns in this combined_protein.tsv
Q9Y6I4,USP3,,no Adjusted P-value columns in this combined_protein.tsv
Q9Y6J0,CABIN1,,no Adjusted P-value columns in this combined_protein.tsv
Q9Y6J9,TAF6L,,no Adjusted P-value columns in this combined_protein.tsv
Q9Y6K9,IKBKG,,no Adjusted P-value columns in this combined_protein.tsv
Q9Y6M1,IGF2BP2,,no Adjusted P-value columns in this combined_protein.tsv
Q9Y6M5,SLC30A1,,no Adjusted P-value columns in this combined_protein.tsv
Q9Y6M9,NDUFB9,,no Adjusted P-value columns in this combined_protein.tsv
Q9Y6R0,NUMBL,,no Adjusted P-value columns in this combined_protein.tsv
Q9Y6R4,MAP3K4,,no Adjusted P-value columns in this combined_protein.tsv
Q9Y6V7,DDX49,,no Adjusted P-value columns in this combined_protein.tsv
Q9Y6W3,CAPN7,,no Adjusted P-value columns in this combined_protein.tsv
Q9Y6W5,WASF2,,no Adjusted P-value columns in this combined_protein.tsv
Q9Y6X3,MAU2,,no Adjusted P-value columns in this combined_protein.tsv
Q9Y6X9,MORC2,,no Adjusted P-value columns in this combined_protein.tsv
Q9Y6Y0,IVNS1ABP,,no Adjusted P-value columns in this combined_protein.tsv
Q9Y6Y8,SEC23IP,,no Adjusted P-value columns in this combined_protein.tsv
