"Protein ID","Gene","log2FC","AveExpr","t","p_value","adj_p","B","contrast","method"
"P32610","VMA8",-2.01167269971667,24.9551872670576,-20.9784362892017,2.72046899780519e-12,1.19020518653977e-08,16.8409938872076,"Human_vs_QC","limma_eBayes_BH"
"P35207","SKI2",-6.13460131428067,25.0602938611159,-16.1271818220716,1.07968479748542e-10,2.36181049449935e-07,14.1124106074932,"Human_vs_QC","limma_eBayes_BH"
"P0A6Y8","dnaK",-2.47374139924316,25.4186338883196,-14.6767366846556,3.95376207590941e-10,5.76590302736789e-07,13.057757939309,"Human_vs_QC","limma_eBayes_BH"
"P00498","HIS1",-3.48004657785267,24.6849639700316,-12.9795436461994,2.10122246006768e-09,2.29821206569902e-06,11.6401999646659,"Human_vs_QC","limma_eBayes_BH"
"P43583","BLM10",-2.48792814245799,23.7688581055422,-12.3688774982381,4.01338682001078e-09,3.51171346750943e-06,11.0746515454698,"Human_vs_QC","limma_eBayes_BH"
"P00925","ENO2",-9.72334507722296,29.3764445272316,-11.7306851274826,8.12662843445092e-09,5.92566656678713e-06,10.4486120230367,"Human_vs_QC","limma_eBayes_BH"
"P0CE47","tufA",-4.13670110964583,27.2403477469179,-10.8576968663532,2.2486872853609e-08,1.27043667398832e-05,9.52947552711623,"Human_vs_QC","limma_eBayes_BH"
"P0A853","tnaA",-5.55954044655657,28.0798134437212,-10.8306658487926,2.32308420386436e-08,1.27043667398832e-05,9.49978915081301,"Human_vs_QC","limma_eBayes_BH"
"P02925","rbsB",-6.86762110169739,27.1235408404533,-10.531513960831,3.34502252874188e-08,1.62605261813841e-05,9.1661053672429,"Human_vs_QC","limma_eBayes_BH"
"P00359","TDH3",-8.01890819082468,30.1848661148424,-9.39370439473421,1.44646199040639e-07,6.03936084808139e-05,7.80587357225237,"Human_vs_QC","limma_eBayes_BH"
"P07711","CTSL",3.02798303419074,20.4999675504657,9.35761189490291,1.51846787037475e-07,6.03936084808139e-05,7.7602348805339,"Human_vs_QC","limma_eBayes_BH"
"P0AEX9","malE",-3.09640996898395,26.2269584887714,-8.89092105549549,2.88203297216817e-07,0.000105074118776965,7.15549126240618,"Human_vs_QC","limma_eBayes_BH"
"P38081","YBR056W",-2.47267172406552,23.9056800081651,-8.27297475022493,6.99099995868445e-07,0.000235274037071111,6.31139142125715,"Human_vs_QC","limma_eBayes_BH"
"Q12154","GET3",-1.51616492372426,24.9688640877552,-7.98014954091026,1.08081606684043e-06,0.000337755020887634,5.89338018342613,"Human_vs_QC","limma_eBayes_BH"
"P02766","TTR",2.09802756602877,25.7795857520011,7.4783613181133,2.33743882084257e-06,0.000681752989412416,5.14904035281033,"Human_vs_QC","limma_eBayes_BH"
"P0ACF4","hupB",-3.98520434275591,25.4055838251624,-7.27904985238768,3.20395130513625e-06,0.000866527112557068,4.84332522024999,"Human_vs_QC","limma_eBayes_BH"
"P06169","PDC1",-5.51144446186426,29.3889918523405,-7.24795715761872,3.36707678022175e-06,0.000866527112557068,4.79510980171002,"Human_vs_QC","limma_eBayes_BH"
"P00330","ADH1",-6.01473375794507,29.879701235038,-7.11961987066748,4.13865777489106e-06,0.00100592376473047,4.59459219409104,"Human_vs_QC","limma_eBayes_BH"
"P0A6F5","groEL",-2.30665987703548,25.8394778284325,-6.42425419054938,1.31554291749841e-05,0.00302921066529239,3.46556585903329,"Human_vs_QC","limma_eBayes_BH"
"O00264","PGRMC1",-1.90101129856859,24.5923878424507,-6.26632977512858,1.72652081838738e-05,0.0037767642902224,3.19908175467865,"Human_vs_QC","limma_eBayes_BH"
"Q8NBN3","TMEM87A",2.07437885810681,21.0421746513725,5.90953957581656,3.23163444609155e-05,0.00673257176269073,2.58338598847979,"Human_vs_QC","limma_eBayes_BH"
"Q9UKK6","NXT1",-2.1895688299149,24.7549242870496,-5.76147088183038,4.21351689222798e-05,0.00828235472287337,2.32238788692914,"Human_vs_QC","limma_eBayes_BH"
"P17255","VMA1",-1.49347623331736,26.7209011480521,-5.74326315165039,4.35415219716771e-05,0.00828235472287337,2.29007466118306,"Human_vs_QC","limma_eBayes_BH"
"Q6P444","MTFR2",2.07256101349924,20.2690929377873,5.40549521403421,8.07162005679101e-05,0.014485743957066,1.68213510497614,"Human_vs_QC","limma_eBayes_BH"
"P37303","GLY1",-0.981958960191026,23.8138076348982,-5.39188334518105,8.27756797546628e-05,0.014485743957066,1.65730381087994,"Human_vs_QC","limma_eBayes_BH"
"Q96E11","MRRF",-1.43871498904587,23.2232358061558,-5.27436409110019,0.000102994381734753,0.0164223966257215,1.44188421836267,"Human_vs_QC","limma_eBayes_BH"
"P32454","APE2",-0.365542175939133,25.0973337395227,-5.27108722055782,0.000103626605653734,0.0164223966257215,1.43585117845253,"Human_vs_QC","limma_eBayes_BH"
"Q04792","GAD1",-0.865123879278457,24.4521107547049,-5.26351328850659,0.000105103338404617,0.0164223966257215,1.42190141416577,"Human_vs_QC","limma_eBayes_BH"
"P40531","GVP36",-1.6690577511823,25.4348365268161,-5.234885661867,0.000110885125987183,0.0166517161983673,1.36910666197946,"Human_vs_QC","limma_eBayes_BH"
"Q9Y2L5","TRAPPC8",2.99110141295409,22.4296180090917,5.21924120355575,0.000114183196788804,0.0166517161983673,1.34021007090544,"Human_vs_QC","limma_eBayes_BH"
"P11075","SEC7",-1.34663256204517,23.8225321192675,-5.14037143357507,0.000132428676742197,0.018443273451333,1.19404965229418,"Human_vs_QC","limma_eBayes_BH"
"P25694","CDC48",-0.853905015448113,27.2306703343938,-5.13056632378728,0.00013489937152975,0.018443273451333,1.17582335735104,"Human_vs_QC","limma_eBayes_BH"
"P38972","ADE6",-0.873389030562144,26.9568503602512,-5.02856884143107,0.000163618698540318,0.0216918729125421,0.985509994248516,"Human_vs_QC","limma_eBayes_BH"
"Q03834","MSH6",-1.74454541773621,22.6307613308759,-4.95253133570296,0.000189098567821547,0.0243325363005667,0.842804353134313,"Human_vs_QC","limma_eBayes_BH"
"Q13595","TRA2A",0.577138482581191,25.4920427092132,4.61297850535936,0.000363934166686932,0.0454917708358665,0.197496679606549,"Human_vs_QC","limma_eBayes_BH"
"Q13503","MED21",1.12956966662264,21.6289857379552,4.48796916956342,0.000464636993889952,0.0564663013407928,-0.0430774552051307,"Human_vs_QC","limma_eBayes_BH"
"P0ABB4","atpD",-1.1124987702266,25.1054854193865,-4.40417412863667,0.000547796934985603,0.0633797483794326,-0.205129117286482,"Human_vs_QC","limma_eBayes_BH"
"P0A858","tpiA",0.777214904148128,24.9567283998378,4.4016759455716,0.000550498385924215,0.0633797483794326,-0.209969528856465,"Human_vs_QC","limma_eBayes_BH"
"Q12962","TAF10",0.592519092474777,24.2820963074279,4.3273730713754,0.000637410405439041,0.0709269740940333,-0.354166399957305,"Human_vs_QC","limma_eBayes_BH"
"P61889","mdh",-2.05252346023303,26.4479709788391,-4.31866699850289,0.000648475191716876,0.0709269740940333,-0.371090135510476,"Human_vs_QC","limma_eBayes_BH"
"Q9UGR2","ZC3H7B",-1.50486624453402,23.7295379344948,-4.26470314335519,0.000721587199274614,0.0769986340689375,-0.476115347600457,"Human_vs_QC","limma_eBayes_BH"
"P00956","ileS",-1.26615482086338,24.2376510167641,-4.10718009369518,0.000987061783394995,0.100623363763951,-0.783800662197689,"Human_vs_QC","limma_eBayes_BH"
"P47008","SFH5",-1.09640758620198,22.6718687504633,-4.10620504752095,0.00098898391813712,0.100623363763951,-0.785709793667066,"Human_vs_QC","limma_eBayes_BH"
"Q9NWV8","BABAM1",-0.824224997130916,24.0642640721766,-4.09085209216664,0.00101975766621141,0.101396358856248,-0.815777428258244,"Human_vs_QC","limma_eBayes_BH"
"P00045","CYC7",-1.06832069015653,24.8180790342508,-4.05866200974807,0.00108748692204182,0.103276385273409,-0.878858793844076,"Human_vs_QC","limma_eBayes_BH"
"P09234","SNRPC",0.368389048746259,27.0410935546006,4.04981574874603,0.00110689035823981,0.103276385273409,-0.89620336250537,"Human_vs_QC","limma_eBayes_BH"
"P15923","TCF3",-1.18203125291135,22.9628226017547,-4.04864550202595,0.00110948345322291,0.103276385273409,-0.898498106534332,"Human_vs_QC","limma_eBayes_BH"
"Q9NWT1","PAK1IP1",-0.651875314803721,24.9991866152263,-3.98359620781169,0.00126378984662716,0.115131641088483,-1.02615039660501,"Human_vs_QC","limma_eBayes_BH"
"P10644","PRKAR1A",-0.462869654264669,24.5257532761778,-3.97355870292147,0.00128947438019101,0.115131641088483,-1.04586371269218,"Human_vs_QC","limma_eBayes_BH"
"Q96JG6","VPS50",-2.48922031366588,22.0692534996432,-3.92632323891842,0.0014176542868895,0.124044750102831,-1.13868247915095,"Human_vs_QC","limma_eBayes_BH"
"Q8N6M0","OTUD6B",0.430601820181206,25.5242900835027,3.91055405001411,0.00146326849708987,0.125525483818984,-1.16968611545745,"Human_vs_QC","limma_eBayes_BH"
"Q6P6C2","ALKBH5",-1.9160065916461,23.8644735034175,-3.79530223068669,0.00184515363480157,0.155241291389555,-1.39647863801145,"Human_vs_QC","limma_eBayes_BH"
"Q9UIC8","LCMT1",-1.83785689698457,22.2962740697931,-3.76864905779801,0.00194699602985357,0.16071901189829,-1.44896262096428,"Human_vs_QC","limma_eBayes_BH"
"P62714","PPP2CB",-1.82614403423873,23.2139865224824,-3.68058906415778,0.00232568196012569,0.188423306954628,-1.62240616295858,"Human_vs_QC","limma_eBayes_BH"
"P09417","QDPR",-0.313121972166002,24.3912449816796,-3.66849221773169,0.002383217326948,0.189574105552682,-1.64623322988113,"Human_vs_QC","limma_eBayes_BH"
"Q9UL40","ZNF346",-0.731652431270224,23.2756273652907,-3.60599403999493,0.00270415010107687,0.202753101059939,-1.7693198235399,"Human_vs_QC","limma_eBayes_BH"
"P33891","TIP20",2.93514183750436,22.1537551141743,3.60065401768159,0.00273351311543197,0.202753101059939,-1.77983470872258,"Human_vs_QC","limma_eBayes_BH"
"P16220","CREB1",2.40704745353107,21.9328364131189,3.5900121193022,0.00279299002521921,0.202753101059939,-1.80078807290371,"Human_vs_QC","limma_eBayes_BH"
"Q9Y2V7","COG6",1.52193888933694,20.8268988105913,3.58690027414787,0.00281062680060683,0.202753101059939,-1.80691479193357,"Human_vs_QC","limma_eBayes_BH"
"Q6NW29","RWDD4",-0.670275363661077,23.8594445061074,-3.58478052255116,0.00282270488741887,0.202753101059939,-1.81108814441623,"Human_vs_QC","limma_eBayes_BH"
"Q9UER7","DAXX",-0.785934090747112,24.5553981204591,-3.58403633994968,0.00282695752335,0.202753101059939,-1.81255326742683,"Human_vs_QC","limma_eBayes_BH"
"P0CX41","RPL23A",-0.908525024592507,27.2628325568476,-3.57086078826983,0.00290332565738597,0.204871770178446,-1.83849119005407,"Human_vs_QC","limma_eBayes_BH"
"Q15363","TMED2",-3.13150976953265,21.6653266542323,-3.55705766275607,0.00298555807287847,0.205272006848798,-1.86566087161072,"Human_vs_QC","limma_eBayes_BH"
"Q15843","NEDD8",0.835291453921748,25.154378336194,3.55420607128805,0.00300283621447384,0.205272006848798,-1.87127335074248,"Human_vs_QC","limma_eBayes_BH"
"Q00403","GTF2B",-0.934695099952144,26.8363614345747,-3.54255964385514,0.00307445315678796,0.206934347091498,-1.89419379581127,"Human_vs_QC","limma_eBayes_BH"
"Q5W111","SPRYD7",3.33531570316491,23.033789815417,3.53329313104775,0.00313265964488427,0.207657362823768,-1.91242813304423,"Human_vs_QC","limma_eBayes_BH"
"Q9H7B4","SMYD3",1.43273469182134,21.026545188854,3.47206378301606,0.00354608978649287,0.231554370386661,-2.03284993508934,"Human_vs_QC","limma_eBayes_BH"
"P08678","CYR1",2.70015907322994,21.1311951504255,3.44439293210436,0.0037504737428377,0.239130335246784,-2.08722791143483,"Human_vs_QC","limma_eBayes_BH"
"O76087","GAGE7",0.761676019285638,27.4081581189829,3.44164200566084,0.00377142700160642,0.239130335246784,-2.09263225347061,"Human_vs_QC","limma_eBayes_BH"
"O75446","SAP30",-0.814807119700042,23.625258766016,-3.43030001308997,0.00385906212795193,0.241191382996996,-2.11491075025542,"Human_vs_QC","limma_eBayes_BH"
"P15336","ATF2",2.17402665995289,19.8186485386887,3.41964823534578,0.00394321996397143,0.241339483390392,-2.1358282516119,"Human_vs_QC","limma_eBayes_BH"
"Q68D91","MBLAC2",2.38770724887289,21.5337069473599,3.4160877601491,0.00397175835522473,0.241339483390392,-2.14281898667385,"Human_vs_QC","limma_eBayes_BH"
"O75506","HSBP1",-0.49867396861428,24.6026994601014,-3.40639199786982,0.0040505252506164,0.242754081800641,-2.16185283913361,"Human_vs_QC","limma_eBayes_BH"
"Q04779","RCO1",1.50474285122046,23.9333877194819,3.38296260742879,0.00424737247865947,0.248673426833861,-2.20782785840045,"Human_vs_QC","limma_eBayes_BH"
"O95273","CCNDBP1",2.02808708333853,21.1898586739426,3.38115246416858,0.00426297303143762,0.248673426833861,-2.21137866947513,"Human_vs_QC","limma_eBayes_BH"
"A6NHL2","TUBAL3",1.12716379997947,25.6279589973604,3.36258529046587,0.00442633635231661,0.254805546597174,-2.24778994657939,"Human_vs_QC","limma_eBayes_BH"
"Q9H871","RMND5A",-1.15200594263432,22.8537296483697,-3.33900638763052,0.00464283852387851,0.263797643402188,-2.29400066761487,"Human_vs_QC","limma_eBayes_BH"
"Q86V59","PNMA8A",2.2011367117612,21.0587391919588,3.32543048868218,0.00477225506012503,0.267674562667269,-2.32059160718859,"Human_vs_QC","limma_eBayes_BH"
"P23434","GCSH",-0.324009235597217,24.6309110977541,-3.31519365377395,0.00487221536200895,0.269822053275812,-2.34063446160624,"Human_vs_QC","limma_eBayes_BH"
"Q15643","TRIP11",1.41602759122609,19.6378667980022,3.27503367888422,0.00528493514968867,0.289019890998599,-2.41919430849308,"Human_vs_QC","limma_eBayes_BH"
"O95619","YEATS4",-0.93913621709526,23.3539605983845,-3.26199427808124,0.00542628932519919,0.293086614786993,-2.44467614307107,"Human_vs_QC","limma_eBayes_BH"
"Q86SF2","GALNT7",-2.99828621236765,23.2922547611464,-3.22197444831857,0.00588404237273674,0.313571135741196,-2.52279873950728,"Human_vs_QC","limma_eBayes_BH"
"Q9H832","UBE2Z",-0.749315006391125,23.1501545130373,-3.21110564269241,0.00601485705511267,0.313571135741196,-2.54399234511853,"Human_vs_QC","limma_eBayes_BH"
"P0AFH8","osmY",-0.906542617266471,25.3802570720169,-3.21063669190504,0.00602056580623097,0.313571135741196,-2.54490654046483,"Human_vs_QC","limma_eBayes_BH"
"P61769","B2M",-0.338760598799606,24.4343802303456,-3.1776494574712,0.00643592871787688,0.328592143175413,-2.60916304675466,"Human_vs_QC","limma_eBayes_BH"
"P02647","APOA1",-1.89556176086613,25.5609693310877,-3.170836511646,0.00652519405030729,0.328592143175413,-2.62242134014752,"Human_vs_QC","limma_eBayes_BH"
"P00560","PGK1",-2.87887589118993,29.7016695897813,-3.16953693030224,0.00654236048966884,0.328592143175413,-2.62494986989454,"Human_vs_QC","limma_eBayes_BH"
"Q15006","EMC2",0.381410538977118,24.1875594511078,3.16449418103462,0.00660939625129974,0.328592143175413,-2.63475972071694,"Human_vs_QC","limma_eBayes_BH"
"Q14781","CBX2",1.92696723040223,19.5135403492936,3.15850488140421,0.00668990013866176,0.328857450636463,-2.64640765467742,"Human_vs_QC","limma_eBayes_BH"
"P06865","HEXA",-0.65557987423869,24.0645115025124,-3.1343481943449,0.00702457844375582,0.34147256323813,-2.69335027879344,"Human_vs_QC","limma_eBayes_BH"
"Q9H0A8","COMMD4",1.53509388881282,21.2357420378762,3.12061603680185,0.00722216730069728,0.347219581764292,-2.72000802591066,"Human_vs_QC","limma_eBayes_BH"
"O95297","MPZL1",2.83794258684594,22.0817277741094,3.09580283436482,0.00759324315237821,0.361091725996246,-2.76812445274726,"Human_vs_QC","limma_eBayes_BH"
"P02792","FTL",1.69199282630129,21.2474546949814,3.07729526070068,0.00788223379344681,0.37080400910032,-2.80396752176982,"Human_vs_QC","limma_eBayes_BH"
"Q8WVK2","SNRNP27",-1.3597635703397,23.8811721415383,-3.05598802512565,0.00822841141582903,0.382971276002681,-2.84518198828468,"Human_vs_QC","limma_eBayes_BH"
"Q9UG56","PISD",-2.2343664228464,22.203509611552,-3.02541824772751,0.00875142232696358,0.403026028215428,-2.90421387785605,"Human_vs_QC","limma_eBayes_BH"
"P19823","ITIH2",-1.56312633851996,22.6234607152157,-3.01925924752931,0.00886069462074547,0.403807697560015,-2.91609258294357,"Human_vs_QC","limma_eBayes_BH"
"Q9BSY4","CHCHD5",-0.894245394819091,24.3892596444665,-2.98955267616033,0.00940690448190921,0.424280485653121,-2.97331497382484,"Human_vs_QC","limma_eBayes_BH"
"Q9UMY4","SNX12",0.298487542282846,24.1854472065586,2.98175497790801,0.00955568617902944,0.426593132992386,-2.98831505580527,"Human_vs_QC","limma_eBayes_BH"
"P0A9K9","slyD",-1.0865886168826,23.7703778248868,-2.97061265988003,0.00977230721481475,0.431857010755702,-3.00973398527915,"Human_vs_QC","limma_eBayes_BH"
"P30154","PPP2R1B",-0.281040775737921,25.1359894624356,-2.96409984531281,0.00990115240335503,0.433175417646783,-3.02224527783543,"Human_vs_QC","limma_eBayes_BH"
"P0DP23","CALM1",0.399114355092344,28.8025153975813,2.9567729066464,0.0100480994336882,0.433511048619568,-3.03631308021334,"Human_vs_QC","limma_eBayes_BH"
"P49711","CTCF",-1.89794905553452,22.1482553491118,-2.95386554726177,0.0101070004478162,0.433511048619568,-3.04189303655718,"Human_vs_QC","limma_eBayes_BH"
"Q5T9A4","ATAD3B",-0.725577037718061,24.4250012562217,-2.94611672983356,0.0102656470260711,0.434222520129857,-3.05675878936999,"Human_vs_QC","limma_eBayes_BH"
"P51784","USP11",-0.374404264393842,23.4746262907954,-2.9409752099474,0.0103722592910951,0.434222520129857,-3.06661755337428,"Human_vs_QC","limma_eBayes_BH"
"Q13158","FADD",-1.82424966411844,23.1643786563973,-2.93838341863763,0.0104264127349668,0.434222520129857,-3.07158573506379,"Human_vs_QC","limma_eBayes_BH"
"P33527","ABCC1",1.94266168276737,19.3527930855101,2.93390732116298,0.0105205913448605,0.434222520129857,-3.08016349885073,"Human_vs_QC","limma_eBayes_BH"
"Q96DF8","ESS2",0.340295004840542,23.5549076933914,2.92428837116465,0.0107258099005615,0.438555311354734,-3.09858626105681,"Human_vs_QC","limma_eBayes_BH"
"Q9ULR0","ISY1",-0.42615641864635,24.0546113220186,-2.90113611238498,0.0112359862901842,0.451575883843668,-3.14286880780941,"Human_vs_QC","limma_eBayes_BH"
"P60033","CD81",0.502121299743767,24.9224695436099,2.89805710598573,0.0113056008871793,0.451575883843668,-3.14875140931095,"Human_vs_QC","limma_eBayes_BH"
"A0JLT2","MED19",-0.784461887780182,23.653445991851,-2.89593141131655,0.0113539079366408,0.451575883843668,-3.15281175377959,"Human_vs_QC","limma_eBayes_BH"
"Q9H974","QTRT2",-0.776769783185291,23.8205964430648,-2.8804881756043,0.0117109785342742,0.458065054814712,-3.18228782637011,"Human_vs_QC","limma_eBayes_BH"
"Q5JTV8","TOR1AIP1",-3.23796117450027,22.9945508454885,-2.87646594491162,0.0118057679870942,0.458065054814712,-3.18995839234611,"Human_vs_QC","limma_eBayes_BH"
"Q53HC9","EIPR1",-0.950486880343789,23.3962907060966,-2.8753935900546,0.0118311659872143,0.458065054814712,-3.19200295669201,"Human_vs_QC","limma_eBayes_BH"
"P02748","C9",1.95895538486663,22.6814073155317,2.86870346613165,0.0119908280714058,0.460174322915793,-3.20475400438428,"Human_vs_QC","limma_eBayes_BH"
"Q9NV31","IMP3",0.286921235361334,24.2343123651977,2.85581676890459,0.0123043325408664,0.465825062118915,-3.22929370774388,"Human_vs_QC","limma_eBayes_BH"
"O15379","HDAC3",0.912003130149998,21.816348569573,2.85392522116224,0.0123510187898958,0.465825062118915,-3.23289328616625,"Human_vs_QC","limma_eBayes_BH"
"Q13586","STIM1",-1.6921767801194,21.81536969984,-2.84654456757344,0.0125348451891331,0.466249984497351,-3.2469325034515,"Human_vs_QC","limma_eBayes_BH"
"P23677","ITPKA",0.54870461492942,23.6019243886144,2.84237825655704,0.0126397907152626,0.466249984497351,-3.2548532496902,"Human_vs_QC","limma_eBayes_BH"
"Q8N5G0","SMIM20",0.893920607094074,22.2129449666998,2.84071209314221,0.0126819995783279,0.466249984497351,-3.25801999503638,"Human_vs_QC","limma_eBayes_BH"
"P0A7K2","rplL",-1.59052305027106,27.1710079522025,-2.83252192960853,0.0128914895872702,0.467676774303707,-3.27357914065755,"Human_vs_QC","limma_eBayes_BH"
"Q6NS38","ALKBH2",1.23375556982711,21.6054705950275,2.83085249388857,0.0129346033578854,0.467676774303707,-3.27674913990603,"Human_vs_QC","limma_eBayes_BH"
"Q8IXJ6","SIRT2",1.61812459936492,20.9509044478575,2.81394340292317,0.0133792911814862,0.479790155073788,-3.3088281100424,"Human_vs_QC","limma_eBayes_BH"
"Q9Y2V2","CARHSP1",0.253636691119901,26.1759624289403,2.80739555177967,0.0135554660314342,0.482155803963614,-3.32123608064005,"Human_vs_QC","limma_eBayes_BH"
"Q5PRF9","SAMD4B",1.05342725631217,21.7327451234466,2.77671335959308,0.0144115538927443,0.508472163554486,-3.37926909432635,"Human_vs_QC","limma_eBayes_BH"
"Q96HR9","REEP6",-1.37337060044827,24.1899370224327,-2.76249729558352,0.0148258298763812,0.515896401263934,-3.40609538593265,"Human_vs_QC","limma_eBayes_BH"
"Q5T0F9","CC2D1B",-0.66647778349952,22.7688640498067,-2.7581032051601,0.0149562061788788,0.515896401263934,-3.41437904241356,"Human_vs_QC","limma_eBayes_BH"
"Q9NX14","NDUFB11",-0.244806498182569,24.8977244599625,-2.75744821278749,0.0149757355338331,0.515896401263934,-3.41561348823682,"Human_vs_QC","limma_eBayes_BH"
"Q9NVM4","PRMT7",-1.32936057345029,26.904643832364,-2.73705407954175,0.0155963589084614,0.526292747345246,-3.4540059389402,"Human_vs_QC","limma_eBayes_BH"
"O43708","GSTZ1",-0.96868866470269,25.6265904934749,-2.73571487319187,0.0156379753581557,0.526292747345246,-3.45652402653792,"Human_vs_QC","limma_eBayes_BH"
"P13716","ALAD",2.49442850177748,23.0744592961255,2.73051768234228,0.0158005035510077,0.526292747345246,-3.46629267251603,"Human_vs_QC","limma_eBayes_BH"
"Q6P5X5","C22orf39",1.50342403440452,20.6007186471681,2.72806684413279,0.0158777145321663,0.526292747345246,-3.47089730610765,"Human_vs_QC","limma_eBayes_BH"
"Q2TAL8","QRICH1",-0.920678679300931,23.2184539038504,-2.72802601088799,0.015879004034188,0.526292747345246,-3.47097401288505,"Human_vs_QC","limma_eBayes_BH"
"Q6RFH5","WDR74",-0.250037979708509,26.7105423692242,-2.71922480801662,0.0161593271372501,0.531556813725331,-3.48749917341125,"Human_vs_QC","limma_eBayes_BH"
"P16861","PFK1",-0.442679087777186,26.7217780493998,-2.71216814236308,0.0163875464718077,0.535041162792231,-3.50073686874393,"Human_vs_QC","limma_eBayes_BH"
"Q8WUH6","TMEM263",-0.294243007983663,24.1079530799595,-2.6958308498607,0.0169279612491556,0.548591336778191,-3.53134291876113,"Human_vs_QC","limma_eBayes_BH"
"P62942","FKBP1A",-0.338158433080746,26.8780041954438,-2.68878877409834,0.0171661902939164,0.552221195116795,-3.54451740785207,"Human_vs_QC","limma_eBayes_BH"
"P26885","FKBP2",-0.371275841048703,25.5308403848684,-2.6738586619669,0.0176820456680659,0.562864952066124,-3.57241247956025,"Human_vs_QC","limma_eBayes_BH"
"P61457","PCBD1",-0.686850108726983,23.4322809501078,-2.66919552311565,0.0178462136008055,0.562864952066124,-3.58111467922858,"Human_vs_QC","limma_eBayes_BH"
"P12429","ANXA3",-1.21953118112092,23.3030148995446,-2.66815563930407,0.0178830236199294,0.562864952066124,-3.58305460234279,"Human_vs_QC","limma_eBayes_BH"
"P51571","SSR4",0.281428502265349,24.4938607564967,2.66078338391909,0.0181461006019694,0.56415773094403,-3.59680059099038,"Human_vs_QC","limma_eBayes_BH"
"Q9BZQ8","NIBAN1",0.556349845168203,23.6870784173923,2.6597854497794,0.0181819977287105,0.56415773094403,-3.59866033637468,"Human_vs_QC","limma_eBayes_BH"
"Q15052","ARHGEF6",1.6471057174546,20.8103889710234,2.63920275458746,0.018937866035178,0.583105039557822,-3.6369664869204,"Human_vs_QC","limma_eBayes_BH"
"P06738","GPH1",-0.598257965091811,26.3620811793051,-2.63470329731863,0.019107095926249,0.583105039557822,-3.6453270866951,"Human_vs_QC","limma_eBayes_BH"
"Q53FT3","HIKESHI",-0.244154198368992,23.7775188056216,-2.63244753511544,0.019192485873446,0.583105039557822,-3.64951678455542,"Human_vs_QC","limma_eBayes_BH"
"P62273","RPS29",-0.271259941870802,26.5992833658082,-2.62555989336539,0.019455495063491,0.587019247605332,-3.66230188046075,"Human_vs_QC","limma_eBayes_BH"
"Q9P0W2","HMG20B",-0.876291618173951,23.4514818093664,-2.62068806585461,0.01964362352393,0.587120396083242,-3.67133825012225,"Human_vs_QC","limma_eBayes_BH"
"Q8WV22","NSMCE1",0.981336297881921,22.2380866186465,2.61853699254483,0.0197272453083969,0.587120396083242,-3.67532627745833,"Human_vs_QC","limma_eBayes_BH"
"P20338","RAB4A",-2.23903727710877,24.4567679734407,-2.60844183467459,0.0201242920507615,0.593768834973154,-3.69402732812372,"Human_vs_QC","limma_eBayes_BH"
"O15269","SPTLC1",-0.359384942859112,24.7298293512684,-2.60598521335352,0.0202220700368,0.593768834973154,-3.69857437940162,"Human_vs_QC","limma_eBayes_BH"
"P54709","ATP1B3",-0.272309661145339,26.7623477756714,-2.59804358971038,0.0205412999491227,0.597507004430799,-3.71326360415499,"Human_vs_QC","limma_eBayes_BH"
"Q9NP73","ALG13",-0.913202807854738,23.1446423195216,-2.5910175993769,0.0208277624232258,0.597507004430799,-3.72624611848417,"Human_vs_QC","limma_eBayes_BH"
"Q9Y2W2","WBP11",-0.23009804068187,25.2502410513324,-2.58860441457163,0.0209270360274916,0.597507004430799,-3.73070230352475,"Human_vs_QC","limma_eBayes_BH"
"Q99956","DUSP9",1.41887118990707,21.5098574169769,2.58109272283157,0.0212389729309418,0.597507004430799,-3.74456396189127,"Human_vs_QC","limma_eBayes_BH"
"O95563","MPC2",-0.463521792108249,24.0165319943831,-2.58068522638569,0.0212560221719758,0.597507004430799,-3.74531552347811,"Human_vs_QC","limma_eBayes_BH"
"Q8NBX0","SCCPDH",-0.388376532302146,23.943543748422,-2.57762589699472,0.0213844421677844,0.597507004430799,-3.75095661140683,"Human_vs_QC","limma_eBayes_BH"
"Q9Y232","CDYL",1.25872759791751,23.0583366068661,2.57536261080076,0.0214799265146261,0.597507004430799,-3.75512833791487,"Human_vs_QC","limma_eBayes_BH"
"Q9NPD3","EXOSC4",0.405035537198547,25.3588997127158,2.57395883393068,0.0215393552587058,0.597507004430799,-3.75771514283179,"Human_vs_QC","limma_eBayes_BH"
"P41222","PTGDS",1.63525021117884,21.1504668264534,2.57303530959527,0.0215785386743009,0.597507004430799,-3.7594166880719,"Human_vs_QC","limma_eBayes_BH"
"Q96FS4","SIPA1",-1.68488741693765,23.2895027804388,-2.55953639731747,0.0221591445958151,0.605556024013664,-3.78426256667426,"Human_vs_QC","limma_eBayes_BH"
"Q7Z7H8","MRPL10",0.765250108162526,23.2856798591729,2.55895669443443,0.0221844112732271,0.605556024013664,-3.78532849724718,"Human_vs_QC","limma_eBayes_BH"
"Q16740","CLPP",-0.325909553553224,25.1674615710651,-2.55666740529605,0.0222844616837028,0.605556024013664,-3.78953707556675,"Human_vs_QC","limma_eBayes_BH"
"Q8N2M8","CLASRP",1.16855707425759,22.2502218497416,2.51910863547944,0.0239890111185882,0.647851380517427,-3.85838522948351,"Human_vs_QC","limma_eBayes_BH"
"P35236","PTPN7",1.05376127284039,23.424799880501,2.51337795169116,0.0242598259564589,0.649224467477094,-3.8688564271881,"Human_vs_QC","limma_eBayes_BH"
"Q3T8J9","GON4L",0.842121250218142,20.314803011398,2.51176357787189,0.0243366428951414,0.649224467477094,-3.8718046030515,"Human_vs_QC","limma_eBayes_BH"
"Q96GM5","SMARCD1",-0.569247112237463,23.7395712153058,-2.50285906480078,0.0247645451272969,0.656635666254085,-3.88805307160999,"Human_vs_QC","limma_eBayes_BH"
"Q9BQC3","DPH2",-0.501050441356696,24.3596229242607,-2.48485917482579,0.025651581727116,0.676002990328729,-3.92083039070065,"Human_vs_QC","limma_eBayes_BH"
"O43432","EIF4G3",1.52401894615585,21.4907457216801,2.48005546939459,0.0258933896302743,0.676002990328729,-3.92956226490333,"Human_vs_QC","limma_eBayes_BH"
"Q01804","OTUD4",1.09313379768673,24.7050150255419,2.47876902388699,0.0259585148286232,0.676002990328729,-3.93189956276102,"Human_vs_QC","limma_eBayes_BH"
"Q9NRS6","SNX15",-1.37581957368085,22.8939718801738,-2.47212969488174,0.026297117290608,0.680768568913668,-3.94395475487098,"Human_vs_QC","limma_eBayes_BH"
"Q8TDD1","DDX54",-0.433656993778278,25.0653432828257,-2.46457207560635,0.0266876782560064,0.686815249235459,-3.95766177825108,"Human_vs_QC","limma_eBayes_BH"
"P61244","MAX",-0.701649589485125,23.3811460410548,-2.45607939856597,0.0271331572774126,0.694196275372398,-3.97304478784001,"Human_vs_QC","limma_eBayes_BH"
"Q5XKP0","MICOS13",0.395823191237142,24.261682715679,2.44701426603028,0.0276164761916972,0.702453972899273,-3.98944124629532,"Human_vs_QC","limma_eBayes_BH"
"Q9BTC8","MTA3",-1.00796908818881,22.1452363020083,-2.43022422679994,0.0285333802868874,0.71754531864858,-4.01974525241379,"Human_vs_QC","limma_eBayes_BH"
"P55199","ELL",-0.665532700068795,25.152119086509,-2.43014450114262,0.028537802387395,0.71754531864858,-4.01988894499394,"Human_vs_QC","limma_eBayes_BH"
"P12074","COX6A1",-1.71766670905262,22.9357147133735,-2.42550953388206,0.0287960104552482,0.719900261381204,-4.0282394036366,"Human_vs_QC","limma_eBayes_BH"
"Q9HD15","SRA1",-0.32925629132059,24.0655717402349,-2.41862536007357,0.0291836199123179,0.72544509725222,-4.04062998716791,"Human_vs_QC","limma_eBayes_BH"
"Q6PD74","AAGAB",-0.346706684052037,24.257176698744,-2.40989778206647,0.0296821473492489,0.730916347183046,-4.05631751421255,"Human_vs_QC","limma_eBayes_BH"
"Q8WUZ0","BCL7C",0.84216068932351,24.0287664403795,2.40892884635999,0.0297379897908663,0.730916347183046,-4.05805769117604,"Human_vs_QC","limma_eBayes_BH"
"Q96F63","CCDC97",1.52726538683035,20.5905619491128,2.40604265728637,0.0299049202618892,0.730916347183046,-4.06323946499349,"Human_vs_QC","limma_eBayes_BH"
"Q8ND04","SMG8",-1.07236143185034,22.8293774502292,-2.39528845209226,0.0305347790914534,0.734267199219364,-4.08252433110801,"Human_vs_QC","limma_eBayes_BH"
"P58004","SESN2",-0.465940684845044,23.1038378059505,-2.3932187098761,0.0306574357012332,0.734267199219364,-4.08623170807267,"Human_vs_QC","limma_eBayes_BH"
"P47736","RAP1GAP",1.59007092761575,20.8637100984898,2.39208108007857,0.0307250524212591,0.734267199219364,-4.08826888497443,"Human_vs_QC","limma_eBayes_BH"
"Q15836","VAMP3",-0.520734463180265,24.80406565562,-2.38846365524542,0.030940999931388,0.734267199219364,-4.09474396108739,"Human_vs_QC","limma_eBayes_BH"
"Q96FJ2","DYNLL2",-0.574900873758715,24.3060455008156,-2.38732869087091,0.0310090491716849,0.734267199219364,-4.09677465661222,"Human_vs_QC","limma_eBayes_BH"
"Q92610","ZNF592",-2.07388821053489,23.2857796908976,-2.38583225202189,0.0310989881370502,0.734267199219364,-4.09945148230683,"Human_vs_QC","limma_eBayes_BH"
"P01112","HRAS",1.7544211808494,19.9860642227761,2.38387749019576,0.0312168454982404,0.734267199219364,-4.10294708157246,"Human_vs_QC","limma_eBayes_BH"
"Q7Z6V5","ADAT2",-0.585052490564212,23.2212802031639,-2.38100263043994,0.0313909466437174,0.73441385864312,-4.10808583033856,"Human_vs_QC","limma_eBayes_BH"
"P51965","UBE2E1",1.60184705350982,22.6608955559779,2.37054180443431,0.0320322428799647,0.742145963867033,-4.12676196228952,"Human_vs_QC","limma_eBayes_BH"
"P62841","RPS15",0.479032101944373,27.3140588285704,2.36928068664269,0.0321103872500615,0.742145963867033,-4.12901110419901,"Human_vs_QC","limma_eBayes_BH"
"Q9UPY8","MAPRE3",0.273010497953162,23.8978977770068,2.3673505060577,0.0322303390022254,0.742145963867033,-4.1324524894552,"Human_vs_QC","limma_eBayes_BH"
"Q96IX5","ATP5MK",0.382689425610636,26.5130042661597,2.35603333638714,0.0329422184779957,0.75456652272896,-4.15260585966271,"Human_vs_QC","limma_eBayes_BH"
"Q15007","WTAP",-0.228967113978669,24.3919315822803,-2.35257605788891,0.0331626368692677,0.755659043245031,-4.15875414417178,"Human_vs_QC","limma_eBayes_BH"
"Q92759","GTF2H4",-0.847753708256359,23.2324785798251,-2.32533096453575,0.0349490147442239,0.789718844540258,-4.20706676343801,"Human_vs_QC","limma_eBayes_BH"
"Q9Y5N6","ORC6",-0.977554990205892,23.1651180130902,-2.31921273845431,0.0353624581727519,0.789718844540258,-4.21788162400006,"Human_vs_QC","limma_eBayes_BH"
"Q86SX6","GLRX5",0.400473573053564,24.9890664134622,2.31812229317005,0.0354366278957793,0.789718844540258,-4.21980780758983,"Human_vs_QC","limma_eBayes_BH"
"P48449","LSS",-0.432129473064279,24.3631064532872,-2.31564096607823,0.0356059487945281,0.789718844540258,-4.22418935793289,"Human_vs_QC","limma_eBayes_BH"
"Q03169","TNFAIP2",1.02365964277825,19.2317716610903,2.31410457889834,0.035711170457942,0.789718844540258,-4.22690126852619,"Human_vs_QC","limma_eBayes_BH"
"P62330","ARF6",-0.802403433780658,23.6779012739295,-2.31367827169397,0.0357404185643362,0.789718844540258,-4.22765360932039,"Human_vs_QC","limma_eBayes_BH"
"Q9Y5L4","TIMM13",-0.243899992156262,26.9529276155388,-2.30908659127539,0.0360568776742189,0.792707737812601,-4.23575298370918,"Human_vs_QC","limma_eBayes_BH"
"Q8TCG1","CIP2A",-0.500398636995268,24.4634115833803,-2.30642660971506,0.0362414083897569,0.792780808525933,-4.24044166729447,"Human_vs_QC","limma_eBayes_BH"
"Q9NXZ2","DDX43",-0.665041549114193,24.14383419702,-2.30093806355694,0.0366249767333537,0.797185438847874,-4.2501084579222,"Human_vs_QC","limma_eBayes_BH"
"Q9Y3I1","FBXO7",-1.08370062922481,23.59053129876,-2.28932771179225,0.0374489827663924,0.804522475176338,-4.27052281908831,"Human_vs_QC","limma_eBayes_BH"
"Q9UHR5","SAP30BP",0.282131185285124,25.0888708580157,2.28873659298146,0.0374913980596956,0.804522475176338,-4.27156091415768,"Human_vs_QC","limma_eBayes_BH"
"Q92572","AP3S1",0.585839320142679,23.8228550017543,2.28842556583373,0.037513733699651,0.804522475176338,-4.27210707607297,"Human_vs_QC","limma_eBayes_BH"
"Q8NE86","MCU",-1.29519563720013,22.0786240309534,-2.27812329126996,0.0382606678276273,0.812821461308887,-4.29017851261598,"Human_vs_QC","limma_eBayes_BH"
"Q13322","GRB10",-0.817845969945385,22.576149080729,-2.27796463538805,0.038272279092487,0.812821461308887,-4.29045652023795,"Human_vs_QC","limma_eBayes_BH"
"O60343","TBC1D4",-0.574454897166103,21.5705148986374,-2.27289023379306,0.0386453992274057,0.815020744218935,-4.29934350345391,"Human_vs_QC","limma_eBayes_BH"
"Q9HBU6","ETNK1",-1.51123555413984,22.7449064501135,-2.27149732808962,0.038748414810866,0.815020744218935,-4.30178134211867,"Human_vs_QC","limma_eBayes_BH"
"P09104","ENO2",-0.253678679111875,24.5321336983719,-2.2575736175813,0.039792423187849,0.832975365774352,-4.32611205760827,"Human_vs_QC","limma_eBayes_BH"
"Q8IYD1","GSPT2",0.51930834964126,26.4825120900784,2.24811865808201,0.0405163233751342,0.844090070315296,-4.3425939052465,"Human_vs_QC","limma_eBayes_BH"
"Q96B26","EXOSC8",0.213275886868274,25.0935499710166,2.24098225635248,0.0410708509984538,0.848797778834596,-4.35501239178444,"Human_vs_QC","limma_eBayes_BH"
"Q99426","TBCB",0.25140029615952,24.2839422593285,2.24022235056385,0.0411303152258135,0.848797778834596,-4.356333646121,"Human_vs_QC","limma_eBayes_BH"
"Q9H074","PAIP1",-0.227899037052303,25.206201293945,-2.23342829240699,0.0416655537489255,0.849169170152066,-4.36813704293487,"Human_vs_QC","limma_eBayes_BH"
"Q9NVH2","INTS7",-0.751491868524695,23.133103917453,-2.231116167,0.0418491838995996,0.849169170152066,-4.37215002104331,"Human_vs_QC","limma_eBayes_BH"
"Q9Y399","MRPS2",-0.309111060142357,23.7555575048732,-2.22881827717788,0.0420324325234735,0.849169170152066,-4.3761363198425,"Human_vs_QC","limma_eBayes_BH"
"P47912","FAA4",-0.655892618700719,25.1598274182403,-2.22747537427416,0.0421398710975712,0.849169170152066,-4.37846502901147,"Human_vs_QC","limma_eBayes_BH"
"P01123","YPT1",-0.550421382090565,25.4093665972287,-2.22391004659599,0.0424263600374629,0.849169170152066,-4.38464434299522,"Human_vs_QC","limma_eBayes_BH"
"O15397","IPO8",-0.399916676528694,26.0805348584294,-2.22128388342769,0.0426385453555547,0.849169170152066,-4.38919287992843,"Human_vs_QC","limma_eBayes_BH"
"Q9Y248","GINS2",-0.298300247413859,23.711106179737,-2.21365646881202,0.0432604452636924,0.849169170152066,-4.40238890794224,"Human_vs_QC","limma_eBayes_BH"
"Q16621","NFE2",0.384552724327097,23.7353104228301,2.21168942181371,0.0434221952825001,0.849169170152066,-4.40578848838255,"Human_vs_QC","limma_eBayes_BH"
"Q9GZP4","PITHD1",-0.18212948910859,25.1859385721521,-2.21004669772242,0.0435577083372431,0.849169170152066,-4.40862642817114,"Human_vs_QC","limma_eBayes_BH"
"P32969","RPL9",0.762107770234952,27.5801739195611,2.21004100197481,0.043558178881296,0.849169170152066,-4.40863626625712,"Human_vs_QC","limma_eBayes_BH"
"P23919","DTYMK",-0.182123035794497,25.3682752474102,-2.20998108071664,0.0435631294566784,0.849169170152066,-4.40873976561778,"Human_vs_QC","limma_eBayes_BH"
"O95671","ASMTL",-0.540402558515851,23.555835827821,-2.20861358957692,0.0436762515813795,0.849169170152066,-4.41110140215158,"Human_vs_QC","limma_eBayes_BH"
"Q92882","OSTF1",0.706181259430096,23.3941172567843,2.20826802828562,0.0437048805565379,0.849169170152066,-4.41169806872834,"Human_vs_QC","limma_eBayes_BH"
"P25098","GRK2",-0.429360197941147,23.3436084622204,-2.20633136125684,0.0438656531324267,0.849169170152066,-4.41504119129375,"Human_vs_QC","limma_eBayes_BH"
"Q63HN8","RNF213",1.67065501961234,20.9475635288769,2.20022295648389,0.0443763616107106,0.85527128655004,-4.42557629144271,"Human_vs_QC","limma_eBayes_BH"
"Q99942","RNF5",0.799754816856826,21.3620083275897,2.19151965140394,0.0451135978467205,0.858860691961468,-4.44056205343829,"Human_vs_QC","limma_eBayes_BH"
"Q96FX2","DPH3",0.960329753398792,22.1813161323861,2.19116941915159,0.0451435025276971,0.858860691961468,-4.44116448855638,"Human_vs_QC","limma_eBayes_BH"
"P51580","TPMT",-0.163735427984147,24.4990463177013,-2.19107540000697,0.04515153352026,0.858860691961468,-4.44132620297775,"Human_vs_QC","limma_eBayes_BH"
"Q9NUM4","TMEM106B",-0.741269210072137,22.5283566410924,-2.18732411085647,0.0454730508371228,0.861232023430355,-4.44777568711233,"Human_vs_QC","limma_eBayes_BH"
"O15143","ARPC1B",-0.160238058269897,26.0619162864866,-2.17603338464268,0.0464536603204114,0.874886691402686,-4.46715447177588,"Human_vs_QC","limma_eBayes_BH"
"Q969G6","RFK",0.732909805220984,22.3194479514188,2.17443606688573,0.0465939655078459,0.874886691402686,-4.46989199503291,"Human_vs_QC","limma_eBayes_BH"
"Q15599","NHERF2",0.912054062269515,22.7671608488663,2.16918827035014,0.0470576981350895,0.879818074106908,-4.47887873630986,"Human_vs_QC","limma_eBayes_BH"
"Q9NVP1","DDX18",0.213821261291852,26.3301224491184,2.15931072861901,0.0479421946448408,0.890384278934626,-4.49576428571178,"Human_vs_QC","limma_eBayes_BH"
"Q9BV20","MRI1",-0.163055928500587,24.8334397599391,-2.15653929387334,0.0481931237202878,0.890384278934626,-4.50049505482185,"Human_vs_QC","limma_eBayes_BH"
"Q13243","SRSF5",-0.243333602942283,25.6933350418001,-2.15609583000825,0.04823338836743,0.890384278934626,-4.50125175189929,"Human_vs_QC","limma_eBayes_BH"
"Q03111","MLLT1",0.652687024164187,23.5966796788619,2.1504570370114,0.0487480947495376,0.896104682895912,-4.51086654751315,"Human_vs_QC","limma_eBayes_BH"
"Q9H6K1","ILRUN",1.10982590440559,21.4730263282924,2.14295548361331,0.0494407266567414,0.904274653075428,-4.52363775610955,"Human_vs_QC","limma_eBayes_BH"
"Q9H063","MAF1",0.977257967441517,21.2747820828479,2.14118070048561,0.049605923825852,0.904274653075428,-4.52665595668422,"Human_vs_QC","limma_eBayes_BH"
"Q9BQ61","TRIR",-0.256874864260809,25.1746983082278,-2.12808385563682,0.0508408711751983,0.915864363509466,-4.54888889315809,"Human_vs_QC","limma_eBayes_BH"
"P38203","LSM2",-0.557213655837614,23.8059153712774,-2.12653385676019,0.0509888933770999,0.915864363509466,-4.55151550186971,"Human_vs_QC","limma_eBayes_BH"
"Q9UBX3","SLC25A10",-0.270391501809709,25.4053767966089,-2.11708883564003,0.0518995210707385,0.915864363509466,-4.56749954687796,"Human_vs_QC","limma_eBayes_BH"
"Q9UNI6","DUSP12",-0.602776811832427,23.7479874141238,-2.10572611281472,0.0530149411381504,0.915864363509466,-4.58667998475185,"Human_vs_QC","limma_eBayes_BH"
"P02724","GYPA",-0.752681475586911,25.1719234621344,-2.10495541181484,0.0530913923654946,0.915864363509466,-4.58797898913858,"Human_vs_QC","limma_eBayes_BH"
"P02656","APOC3",-1.02808198657991,24.8069154891442,-2.10254191444169,0.0533314624843258,0.915864363509466,-4.59204529148733,"Human_vs_QC","limma_eBayes_BH"
"Q96GD4","AURKB",-0.353589806390762,23.7770614008546,-2.08686665009228,0.0549151965064726,0.915864363509466,-4.61839553354942,"Human_vs_QC","limma_eBayes_BH"
"Q6UXN9","WDR82",-0.188399934344655,24.6381357616578,-2.08612354516371,0.0549913400739994,0.915864363509466,-4.61964211485857,"Human_vs_QC","limma_eBayes_BH"
"Q01167","FOXK2",2.39476484778021,20.3358125693402,2.07883547229232,0.0557432926338414,0.915864363509466,-4.63185559734518,"Human_vs_QC","limma_eBayes_BH"
"Q9UM13","ANAPC10",1.85627891418285,22.8819230423855,2.07569852169885,0.0560698526375758,0.915864363509466,-4.63710555746912,"Human_vs_QC","limma_eBayes_BH"
"P62820","RAB1A",0.204930343042211,26.2809024230875,2.07056687382672,0.0566078574907394,0.915864363509466,-4.64568469634225,"Human_vs_QC","limma_eBayes_BH"
"Q6NUK1","SLC25A24",-0.396663777316519,23.6080065820302,-2.06909664672518,0.0567628690531783,0.915864363509466,-4.64814054393885,"Human_vs_QC","limma_eBayes_BH"
"Q9NW08","POLR3B",-1.54728534586604,23.4068249352268,-2.06831155152492,0.0568458042502361,0.915864363509466,-4.64945157388831,"Human_vs_QC","limma_eBayes_BH"
"Q96PU5","NEDD4L",1.80600678081703,20.6678296256296,2.06497478518476,0.0571995341877693,0.915864363509466,-4.65502066159975,"Human_vs_QC","limma_eBayes_BH"
"P61024","CKS1B",-0.545842264184568,25.7039550512522,-2.06450115478368,0.0572499071883486,0.915864363509466,-4.65581076319542,"Human_vs_QC","limma_eBayes_BH"
"O60568","PLOD3",-0.707109077222693,23.0285686870297,-2.06178734391951,0.0575393210647589,0.915864363509466,-4.66033601509412,"Human_vs_QC","limma_eBayes_BH"
"P49914","MTHFS",0.916293311912753,22.6702067132551,2.06142957080156,0.0575775757784074,0.915864363509466,-4.66093235929722,"Human_vs_QC","limma_eBayes_BH"
"P12955","PEPD",0.671006295305585,23.9903022525731,2.06007996522126,0.0577220919501861,0.915864363509466,-4.66318141053619,"Human_vs_QC","limma_eBayes_BH"
"Q92625","ANKS1A",-1.76510952145056,21.98436160045,-2.05198178294666,0.0585962620679905,0.915864363509466,-4.67665993661914,"Human_vs_QC","limma_eBayes_BH"
"Q92804","TAF15",-0.221100963874669,25.5877878150203,-2.04692168874706,0.0591486280036077,0.915864363509466,-4.68506731140294,"Human_vs_QC","limma_eBayes_BH"
"Q86UU1","PHLDB1",2.18510361168817,21.2353289630198,2.0451841027884,0.0593394031476362,0.915864363509466,-4.68795172064669,"Human_vs_QC","limma_eBayes_BH"
"P05771","PRKCB",-0.143101812142245,25.4303400097588,-2.04369915437508,0.0595028870757849,0.915864363509466,-4.69041569347225,"Human_vs_QC","limma_eBayes_BH"
"Q9BRX5","GINS3",0.196492626506249,23.4735274093211,2.04144021407278,0.0597523743549967,0.915864363509466,-4.6941620812579,"Human_vs_QC","limma_eBayes_BH"
"P29353","SHC1",-0.616661766538389,23.6462982708272,-2.04013662684843,0.0598967839119172,0.915864363509466,-4.69632301568992,"Human_vs_QC","limma_eBayes_BH"
"Q15723","ELF2",1.0325158784413,20.9413646026111,2.03704229520056,0.0602408502903164,0.915864363509466,-4.70144941969718,"Human_vs_QC","limma_eBayes_BH"
"Q6ICB0","DESI1",1.22287501399887,20.77279004916,2.03357858099796,0.0606281348841325,0.915864363509466,-4.70718273531757,"Human_vs_QC","limma_eBayes_BH"
"Q9H2C0","GAN",-1.22512148413297,22.5089146763672,-2.02592133546049,0.0614924043795428,0.915864363509466,-4.71983839770546,"Human_vs_QC","limma_eBayes_BH"
"Q01658","DR1",0.550442210690406,24.8476112625531,2.02335347543642,0.0617847505600941,0.915864363509466,-4.72407659751402,"Human_vs_QC","limma_eBayes_BH"
"P50213","IDH3A",-0.177269945006909,25.6547067788642,-2.0203952256777,0.062123116312291,0.915864363509466,-4.72895545210694,"Human_vs_QC","limma_eBayes_BH"
"Q15714","TSC22D1",1.09201240603207,21.2769007935371,2.01966990093994,0.0622063373089058,0.915864363509466,-4.73015108265283,"Human_vs_QC","limma_eBayes_BH"
"O14920","IKBKB",0.714396193176491,19.9546946581462,2.01857935365779,0.0623316542576041,0.915864363509466,-4.73194830206234,"Human_vs_QC","limma_eBayes_BH"
"Q9NX24","NHP2",0.351091281918865,25.6562432261413,2.01409498223661,0.0628493896331772,0.915864363509466,-4.73933288743261,"Human_vs_QC","limma_eBayes_BH"
"Q13509","TUBB3",0.185143708355916,27.5447345348003,2.01256450224752,0.0630269853598034,0.915864363509466,-4.74185110310476,"Human_vs_QC","limma_eBayes_BH"
"Q9NVS9","PNPO",-0.277344895512581,26.2492460546017,-2.00800148851488,0.0635591961029174,0.915864363509466,-4.74935266466782,"Human_vs_QC","limma_eBayes_BH"
"Q8N9T8","KRI1",-0.25258299426612,23.9719916099387,-2.0079275908412,0.0635678488603322,0.915864363509466,-4.7494740739662,"Human_vs_QC","limma_eBayes_BH"
"Q7Z3B4","NUP54",-0.147271774558636,25.9563436279549,-2.00710886702496,0.0636637860415176,0.915864363509466,-4.75081901996965,"Human_vs_QC","limma_eBayes_BH"
"Q9H5V9","STEEP1",1.10089518754821,22.6086483449078,1.99887279032574,0.0646362527971552,0.915864363509466,-4.76433167547135,"Human_vs_QC","limma_eBayes_BH"
"Q8N5F7","NKAP",-1.04603400803173,23.2577010872093,-1.99445753112572,0.0651631367673529,0.915864363509466,-4.77156283688097,"Human_vs_QC","limma_eBayes_BH"
"P06727","APOA4",0.994748171082126,21.1628834950524,1.9943390053466,0.0651773345180354,0.915864363509466,-4.77175683072921,"Human_vs_QC","limma_eBayes_BH"
"Q8IZP0","ABI1",-0.226343850530572,25.8329963186392,-1.9922287065634,0.0654305912559352,0.915864363509466,-4.77520972068411,"Human_vs_QC","limma_eBayes_BH"
"O60318","MCM3AP",-0.625838123405323,22.6222161437521,-1.98985514407974,0.0657165127571472,0.915864363509466,-4.77909090859838,"Human_vs_QC","limma_eBayes_BH"
"Q9P0U3","SENP1",-0.872796106977379,23.0461996343462,-1.98918842421564,0.0657970308158539,0.915864363509466,-4.78018064312019,"Human_vs_QC","limma_eBayes_BH"
"Q8WXB1","METTL21A",0.806842385786943,20.88049999405,1.98696178884731,0.0660665870403682,0.915864363509466,-4.78381852352162,"Human_vs_QC","limma_eBayes_BH"
"P19404","NDUFV2",0.223140582236404,24.3415591280352,1.98617885898362,0.0661616069965504,0.915864363509466,-4.78509712957328,"Human_vs_QC","limma_eBayes_BH"
"Q9NRL3","STRN4",-0.631045768135184,22.6306727329503,-1.9839427729663,0.0664336737629112,0.915864363509466,-4.78874732445414,"Human_vs_QC","limma_eBayes_BH"
"Q9H223","EHD4",-0.30744315633671,23.3306342137867,-1.98064097995038,0.0668372672364518,0.915864363509466,-4.79413293259796,"Human_vs_QC","limma_eBayes_BH"
"P63165","SUMO1",0.52355248015002,25.9907374890154,1.98045388139906,0.0668602037757215,0.915864363509466,-4.79443796009019,"Human_vs_QC","limma_eBayes_BH"
"Q00955","ACC1",-0.728717212769709,26.5972422580703,-1.97734316343144,0.0672425988929601,0.915864363509466,-4.79950698265614,"Human_vs_QC","limma_eBayes_BH"
"Q96LI5","CNOT6L",-0.704039015564177,22.2031508292487,-1.97555388533354,0.0674634512579777,0.915864363509466,-4.80242062519929,"Human_vs_QC","limma_eBayes_BH"
"Q9Y371","SH3GLB1",-0.306959539550711,24.1812610238305,-1.97528784970535,0.0674963445316934,0.915864363509466,-4.80285370704398,"Human_vs_QC","limma_eBayes_BH"
"P24941","CDK2",-0.167830687172334,24.8560093322274,-1.97278256358057,0.0678068195522428,0.915864363509466,-4.80693045915107,"Human_vs_QC","limma_eBayes_BH"
"Q9NUT2","ABCB8",1.63948107555892,21.1684506596007,1.97253608675601,0.0678374349193295,0.915864363509466,-4.80733138205518,"Human_vs_QC","limma_eBayes_BH"
"Q9BZE9","ASPSCR1",-0.74597230951677,23.317082615556,-1.96974273693828,0.0681852808717015,0.915864363509466,-4.81187309324353,"Human_vs_QC","limma_eBayes_BH"
"O95749","GGPS1",-0.295679533927888,24.4529290357124,-1.96921476992836,0.0682512084525303,0.915864363509466,-4.81273110340836,"Human_vs_QC","limma_eBayes_BH"
"Q12284","ERV2",-0.718727469820546,22.2677107818101,-1.9679344555945,0.0684113225540334,0.915864363509466,-4.81481122407497,"Human_vs_QC","limma_eBayes_BH"
"P31483","TIA1",-0.280487689974951,24.3898880071514,-1.96456384825276,0.0688344772298895,0.915864363509466,-4.82028373989965,"Human_vs_QC","limma_eBayes_BH"
"Q5VTL8","PRPF38B",-0.637610622395037,24.5633135094659,-1.96435657494168,0.06886057621842,0.915864363509466,-4.82062009372241,"Human_vs_QC","limma_eBayes_BH"
"Q8N9N5","BANP",1.73951029828262,20.2054126555761,1.96147420449583,0.0692244440379598,0.915864363509466,-4.82529537000753,"Human_vs_QC","limma_eBayes_BH"
"P82675","MRPS5",-0.245016002551409,24.5647332787707,-1.96129576435215,0.0692470273902499,0.915864363509466,-4.82558467512377,"Human_vs_QC","limma_eBayes_BH"
"Q96DI7","SNRNP40",-0.133690858288841,26.5123539351127,-1.96031659012262,0.0693710704969882,0.915864363509466,-4.82717194243994,"Human_vs_QC","limma_eBayes_BH"
"O60925","PFDN1",0.257073932672927,25.6207292231413,1.96003664246351,0.0694065716702294,0.915864363509466,-4.82762566147708,"Human_vs_QC","limma_eBayes_BH"
"Q6DN90","IQSEC1",-1.55510552851494,22.5974404548085,-1.9596595524319,0.0694544178643423,0.915864363509466,-4.82823676315449,"Human_vs_QC","limma_eBayes_BH"
"Q8NEB9","PIK3C3",1.01332434844363,23.5224713090002,1.95879362263107,0.0695644025898295,0.915864363509466,-4.82963980978305,"Human_vs_QC","limma_eBayes_BH"
"Q9NPF4","OSGEP",-0.384064163728741,24.8153972486939,-1.95440043573838,0.0701248331060767,0.915864363509466,-4.83675250429821,"Human_vs_QC","limma_eBayes_BH"
"Q13188","STK3",-1.24083030899589,22.409571724969,-1.95389840755283,0.0701891357528655,0.915864363509466,-4.8375647175827,"Human_vs_QC","limma_eBayes_BH"
"O43482","OIP5",-0.679781641538082,23.2769359562493,-1.95182457874195,0.0704553302716241,0.915864363509466,-4.84091861717133,"Human_vs_QC","limma_eBayes_BH"
"Q96DH6","MSI2",-0.337875350331331,23.9088554489026,-1.94992534187462,0.0706999163883743,0.915864363509466,-4.84398835725469,"Human_vs_QC","limma_eBayes_BH"
"Q4LE39","ARID4B",-0.816640972279536,23.7603415165755,-1.94921216734701,0.0707919583501836,0.915864363509466,-4.84514061740099,"Human_vs_QC","limma_eBayes_BH"
"Q4V328","GRIPAP1",-0.752927554097226,25.6275174561012,-1.94885009248139,0.07083872908223,0.915864363509466,-4.84572552057015,"Human_vs_QC","limma_eBayes_BH"
"Q6P1L8","MRPL14",-0.427104331729328,24.2246230184205,-1.94714472907068,0.0710593945572769,0.915864363509466,-4.84847955586595,"Human_vs_QC","limma_eBayes_BH"
"Q13616","CUL1",-0.18176368671573,24.8946722890609,-1.94518670102312,0.0713135209723951,0.915864363509466,-4.85163990730337,"Human_vs_QC","limma_eBayes_BH"
"P60604","UBE2G2",-0.331187513607901,24.6954551746254,-1.94244355338279,0.0716709292902954,0.915864363509466,-4.85606438455701,"Human_vs_QC","limma_eBayes_BH"
"Q15542","TAF5",-0.735749080642726,22.2535140562285,-1.94183370015832,0.0717506077908853,0.915864363509466,-4.85704753746587,"Human_vs_QC","limma_eBayes_BH"
"O43169","CYB5B",0.408229423173317,24.210464601299,1.94157912891647,0.0717838917202471,0.915864363509466,-4.85745788238335,"Human_vs_QC","limma_eBayes_BH"
"Q9GZV4","EIF5A2",0.721438848347251,21.4970880877516,1.94019360719153,0.0719652868616451,0.915864363509466,-4.85969066618114,"Human_vs_QC","limma_eBayes_BH"
"Q9UK41","VPS28",-0.170728997980344,24.2788328528944,-1.93681533730892,0.0724093156758753,0.915864363509466,-4.86513090668763,"Human_vs_QC","limma_eBayes_BH"
"Q96IZ7","RSRC1",-0.456239429071999,23.9229516024755,-1.92791203703605,0.0735914266238238,0.915864363509466,-4.87944199574951,"Human_vs_QC","limma_eBayes_BH"
"P11182","DBT",-1.0180748241827,22.4156896341261,-1.92240939180225,0.074330713382902,0.915864363509466,-4.88826762984848,"Human_vs_QC","limma_eBayes_BH"
"Q08170","SRSF4",0.466054777460553,24.6055537633862,1.92057844485656,0.0745781855589227,0.915864363509466,-4.891200987647,"Human_vs_QC","limma_eBayes_BH"
"Q9P2X0","DPM3",-0.591257435779905,23.0030181578349,-1.91944124837097,0.0747322639242879,0.915864363509466,-4.8930220626872,"Human_vs_QC","limma_eBayes_BH"
"P46976","GYG1",-0.180202376901491,24.1645458207528,-1.91493691289052,0.0753453799845585,0.915864363509466,-4.90022894999824,"Human_vs_QC","limma_eBayes_BH"
"P18846","ATF1",1.20707247701802,23.8842821445494,1.91416212581546,0.0754512976072785,0.915864363509466,-4.90146759613574,"Human_vs_QC","limma_eBayes_BH"
"P15104","GLUL",0.248905332220037,25.108919533618,1.89954200475923,0.0774752632986778,0.915864363509466,-4.92478509204126,"Human_vs_QC","limma_eBayes_BH"
"Q16637","SMN1",-0.464737517956582,23.5474791206644,-1.8974590594583,0.077767563284795,0.915864363509466,-4.92809853101851,"Human_vs_QC","limma_eBayes_BH"
"Q8IXK0","PHC2",-0.39746447676406,23.5534571575531,-1.89178253669218,0.0785691917427268,0.915864363509466,-4.93711745042877,"Human_vs_QC","limma_eBayes_BH"
"Q9Y3E5","PTRH2",0.255887834868041,24.2385432488709,1.89142904433612,0.0786193561312521,0.915864363509466,-4.9376785497409,"Human_vs_QC","limma_eBayes_BH"
"Q14789","GOLGB1",-0.68564288489404,25.8132686839701,-1.88876816806232,0.0789978879932757,0.915864363509466,-4.94190015486453,"Human_vs_QC","limma_eBayes_BH"
"Q9BZD4","NUF2",-0.232178561452692,24.4511780477883,-1.88672465781781,0.0792897051721536,0.915864363509466,-4.9451398668662,"Human_vs_QC","limma_eBayes_BH"
"Q96SN8","CDK5RAP2",1.95033403723394,21.6713814321774,1.88326858507872,0.0797854429178517,0.915864363509466,-4.9506142267705,"Human_vs_QC","limma_eBayes_BH"
"O43402","EMC8",-0.274586391095209,25.6041435149989,-1.88187272525706,0.0799864521720287,0.915864363509466,-4.95282353815239,"Human_vs_QC","limma_eBayes_BH"
"Q9H9T3","ELP3",-0.256094423408467,23.927894415837,-1.88009502866921,0.0802431054112756,0.915864363509466,-4.95563578148448,"Human_vs_QC","limma_eBayes_BH"
"P23634","ATP2B4",0.495614454552435,24.2865828455083,1.87860934022212,0.0804581668758562,0.915864363509466,-4.95798485453014,"Human_vs_QC","limma_eBayes_BH"
"Q1ED39","KNOP1",-0.676520592173393,24.1476269051362,-1.87743987717428,0.080627816578933,0.915864363509466,-4.95983314706199,"Human_vs_QC","limma_eBayes_BH"
"O60220","TIMM8A",-0.303621296809514,25.0642824367987,-1.874424200818,0.0810667710811586,0.915864363509466,-4.96459611238452,"Human_vs_QC","limma_eBayes_BH"
"P15559","NQO1",-0.180700328647916,25.0884889788111,-1.87169972471622,0.0814651802977105,0.915864363509466,-4.96889518539217,"Human_vs_QC","limma_eBayes_BH"
"P63261","ACTG1",1.15234072457149,26.7928368332988,1.86962175115208,0.0817702280755967,0.915864363509466,-4.97217157456834,"Human_vs_QC","limma_eBayes_BH"
"Q9UL33","TRAPPC2L",1.0741860581587,23.4487613123674,1.86925862424497,0.0818236402640551,0.915864363509466,-4.97274389940871,"Human_vs_QC","limma_eBayes_BH"
"Q8WUX1","SLC38A5",-0.382570197021703,24.1534154780599,-1.86878438681693,0.0818934427235162,0.915864363509466,-4.97349124447442,"Human_vs_QC","limma_eBayes_BH"
"O60293","ZFC3H1",1.04454236258132,22.1232959856068,1.86319654666147,0.0827199366235738,0.915864363509466,-4.98228840550775,"Human_vs_QC","limma_eBayes_BH"
"Q9H000","MKRN2",0.173700830994768,24.4893956749774,1.8606081431631,0.083105310472951,0.915864363509466,-4.98635801718125,"Human_vs_QC","limma_eBayes_BH"
"Q9BRD0","BUD13",-0.632880164523002,22.9197017941384,-1.85944347251632,0.0832792357246531,0.915864363509466,-4.98818804673582,"Human_vs_QC","limma_eBayes_BH"
"Q08495","DMTN",0.794060024064851,20.9937263450313,1.85854163369515,0.0834141348312927,0.915864363509466,-4.98960461392806,"Human_vs_QC","limma_eBayes_BH"
"Q96G21","IMP4",-0.936743140260681,23.6418220665955,-1.85195555797173,0.0844052352020992,0.915864363509466,-4.99993702633942,"Human_vs_QC","limma_eBayes_BH"
"P35219","CA8",0.246214475963985,25.2412649877232,1.85098050828172,0.0845528559893615,0.915864363509466,-5.00146480861077,"Human_vs_QC","limma_eBayes_BH"
"Q9Y5U2","TSSC4",0.171407599625685,23.9226792770927,1.85026222220944,0.0846617507677778,0.915864363509466,-5.00258995961536,"Human_vs_QC","limma_eBayes_BH"
"Q9BW71","HIRIP3",-0.516274864931166,22.7575492028665,-1.84699529733835,0.0851586111027983,0.915864363509466,-5.00770402670635,"Human_vs_QC","limma_eBayes_BH"
"P83436","COG7",-0.648484309317293,23.7993434012819,-1.84626392911599,0.0852701996726902,0.915864363509466,-5.00884815780797,"Human_vs_QC","limma_eBayes_BH"
"Q12907","LMAN2",-0.336976080550219,25.8624420085106,-1.84367254609662,0.0856666318653765,0.915864363509466,-5.01289980650815,"Human_vs_QC","limma_eBayes_BH"
"P00414","MT-CO3",-0.560170788527191,23.6855993048001,-1.8434937927515,0.0856940382891143,0.915864363509466,-5.01317916017588,"Human_vs_QC","limma_eBayes_BH"
"Q15036","SNX17",1.09271003063831,25.0938045943763,1.84250837224922,0.0858452632939305,0.915864363509466,-5.01471886561771,"Human_vs_QC","limma_eBayes_BH"
"Q01130","SRSF2",0.180738722697718,27.9886772227366,1.84204595106755,0.0859163096440478,0.915864363509466,-5.01544121790223,"Human_vs_QC","limma_eBayes_BH"
"Q96SW2","CRBN",1.16745735397231,21.2839150387594,1.84088785319654,0.0860944700351088,0.915864363509466,-5.01724980437332,"Human_vs_QC","limma_eBayes_BH"
"Q4V321","GAGE13",0.629806693110819,27.5990387931775,1.8394616414738,0.0863143296837292,0.915864363509466,-5.01947614040495,"Human_vs_QC","limma_eBayes_BH"
"P02649","APOE",-0.563495311265797,23.6752844605359,-1.83598379270266,0.0868525635754019,0.915864363509466,-5.02490065904364,"Human_vs_QC","limma_eBayes_BH"
"Q9Y3E1","HDGFL3",0.925836559715183,22.1627880534413,1.83498786092739,0.087007244847956,0.915864363509466,-5.02645288309647,"Human_vs_QC","limma_eBayes_BH"
"Q10567","AP1B1",0.125496719065129,24.7794936072222,1.83411630766402,0.0871428099759415,0.915864363509466,-5.02781082922951,"Human_vs_QC","limma_eBayes_BH"
"O14949","UQCRQ",-0.380362932345871,24.3629335684152,-1.82906466724039,0.0879322782817503,0.915864363509466,-5.03567382367885,"Human_vs_QC","limma_eBayes_BH"
"P04003","C4BPA",-0.566842603072438,23.8905688422399,-1.82864169437112,0.0879986685315887,0.915864363509466,-5.03633158260102,"Human_vs_QC","limma_eBayes_BH"
"O43237","DYNC1LI2",-0.565468037788872,23.2549630815183,-1.82663297636691,0.0883145688172887,0.915864363509466,-5.03945402547856,"Human_vs_QC","limma_eBayes_BH"
"Q9H2P9","DPH5",0.16049982548865,24.8113936254837,1.82626849584691,0.0883719968347612,0.915864363509466,-5.04002036288744,"Human_vs_QC","limma_eBayes_BH"
"P82912","MRPS11",-0.547605012791461,24.0371189518985,-1.82592525067891,0.0884261093831369,0.915864363509466,-5.04055364036376,"Human_vs_QC","limma_eBayes_BH"
"Q6ZSJ8","C1orf122",-0.272210702454281,23.8412811156757,-1.82546726849008,0.0884983561485003,0.915864363509466,-5.04126508050904,"Human_vs_QC","limma_eBayes_BH"
"P61009","SPCS3",-0.56417695272015,23.2322427773409,-1.82523154893966,0.0885355614281831,0.915864363509466,-5.04163120961605,"Human_vs_QC","limma_eBayes_BH"
"Q12996","CSTF3",-0.194619918758811,24.6584971872533,-1.82306536022976,0.0888781187603612,0.915864363509466,-5.04499444868811,"Human_vs_QC","limma_eBayes_BH"
"Q9NQ48","LZTFL1",1.12425684085688,21.6768819197483,1.82305354439717,0.0888799905262108,0.915864363509466,-5.04501278723576,"Human_vs_QC","limma_eBayes_BH"
"Q14353","GAMT",-0.650771371743328,22.7669560513757,-1.82024822437572,0.0893253800921866,0.915864363509466,-5.0493646443589,"Human_vs_QC","limma_eBayes_BH"
"P83916","CBX1",0.157257842927041,25.4703881028206,1.82009046132021,0.0893504863836497,0.915864363509466,-5.04960925653182,"Human_vs_QC","limma_eBayes_BH"
"P43366","MAGEB1",-0.241654404047541,25.910026082172,-1.81887696592434,0.0895438110455607,0.915864363509466,-5.05149034483392,"Human_vs_QC","limma_eBayes_BH"
"Q96I59","NARS2",-0.924201703666508,22.7381167748974,-1.81831018078105,0.0896342342573718,0.915864363509466,-5.05236867411977,"Human_vs_QC","limma_eBayes_BH"
"P05204","HMGN2",1.01603383629203,25.830357949735,1.81781104542696,0.0897139320638826,0.915864363509466,-5.05314202761672,"Human_vs_QC","limma_eBayes_BH"
"P98082","DAB2",1.54808035644966,21.4548083291089,1.81575172157122,0.090043414600147,0.915864363509466,-5.05633131828676,"Human_vs_QC","limma_eBayes_BH"
"Q9BQ04","RBM4B",-0.777642012349293,22.8232357418443,-1.81558914437501,0.0900694719821888,0.915864363509466,-5.05658300695368,"Human_vs_QC","limma_eBayes_BH"
"O60234","GMFG",-0.955747761846126,23.1530381795142,-1.81163895060798,0.0907046605377136,0.915864363509466,-5.06269405350576,"Human_vs_QC","limma_eBayes_BH"
"Q9H0E9","BRD8",-0.742490860672458,23.3487440680014,-1.80718834772272,0.0914250799945001,0.915864363509466,-5.06956928397757,"Human_vs_QC","limma_eBayes_BH"
"O94782","USP1",-1.01209739091033,22.0641388014241,-1.80515692703141,0.0917555917379695,0.915864363509466,-5.07270387750044,"Human_vs_QC","limma_eBayes_BH"
"Q9UHP3","USP25",-2.48116283759345,23.0798525784723,-1.80295124936035,0.0921156555878643,0.915864363509466,-5.07610485724323,"Human_vs_QC","limma_eBayes_BH"
"Q9NRN7","AASDHPPT",-0.268950877211413,25.8119716942329,-1.80190303967909,0.0922872087123292,0.915864363509466,-5.07772019902732,"Human_vs_QC","limma_eBayes_BH"
"Q9Y5V0","ZNF706",0.258681573299874,23.6049971442672,1.80092456392205,0.0924476047063991,0.915864363509466,-5.07922754533194,"Human_vs_QC","limma_eBayes_BH"
"B2RUZ4","SMIM1",-0.499328916336193,23.6454538599336,-1.79961443055923,0.0926627546461962,0.915864363509466,-5.08124500641987,"Human_vs_QC","limma_eBayes_BH"
"Q9BVC5","C2orf49",-0.827971737103915,24.6818863461469,-1.79912552723399,0.0927431559984298,0.915864363509466,-5.08199762731769,"Human_vs_QC","limma_eBayes_BH"
"Q9P000","COMMD9",-1.35901563032179,24.0558110623694,-1.79712621801828,0.0930725914281723,0.915864363509466,-5.08507403847633,"Human_vs_QC","limma_eBayes_BH"
"Q9BRZ2","TRIM56",-0.723287407573721,23.0020047621422,-1.79699544357815,0.0930941758438717,0.915864363509466,-5.08527519097021,"Human_vs_QC","limma_eBayes_BH"
"Q9BUB7","TMEM70",-0.386578008730073,23.3531196137214,-1.79490306239784,0.0934401288387737,0.915864363509466,-5.08849236226351,"Human_vs_QC","limma_eBayes_BH"
"Q9NWS0","PIH1D1",-0.332395537278781,24.4574298889731,-1.79410569898186,0.0935722639459314,0.915864363509466,-5.08971773870131,"Human_vs_QC","limma_eBayes_BH"
"Q7Z7M9","GALNT5",-0.715148768676841,22.9367755949002,-1.79181336992797,0.093953059996593,0.915864363509466,-5.09323864411326,"Human_vs_QC","limma_eBayes_BH"
"O15116","LSM1",0.382856858630788,24.6067163189154,1.79040787453035,0.0941872157152449,0.915864363509466,-5.09539601149369,"Human_vs_QC","limma_eBayes_BH"
"Q8TCD5","NT5C",-0.684787953722889,23.8141883082474,-1.78933736302469,0.0943659096652866,0.915864363509466,-5.09703847749406,"Human_vs_QC","limma_eBayes_BH"
"Q02040","AKAP17A",0.680031777582695,22.6029934706372,1.78883959209482,0.0944491017275355,0.915864363509466,-5.09780198680349,"Human_vs_QC","limma_eBayes_BH"
"P04911","HTA1",1.48952899462603,27.8478781332291,1.78867975760741,0.0944758285091795,0.915864363509466,-5.09804712153537,"Human_vs_QC","limma_eBayes_BH"
"Q8IWS0","PHF6",-0.186738457112302,24.924823483682,-1.7854947545573,0.0950098077846249,0.915864363509466,-5.10292900334596,"Human_vs_QC","limma_eBayes_BH"
"P08174","CD55",1.42480224287693,21.4659961475905,1.78495317424867,0.0951008712529427,0.915864363509466,-5.10375857431738,"Human_vs_QC","limma_eBayes_BH"
"O43164","PJA2",-1.2101636621045,21.5657989246904,-1.78149369884624,0.0956843854932177,0.915864363509466,-5.1090538957239,"Human_vs_QC","limma_eBayes_BH"
"Q9Y3B7","MRPL11",-0.20093463550069,24.154302022706,-1.78053470053364,0.0958467005716039,0.915864363509466,-5.11052065367286,"Human_vs_QC","limma_eBayes_BH"
"P04899","GNAI2",-0.212492445541571,25.4856195364522,-1.77759822460483,0.0963452283396194,0.915864363509466,-5.11500878164633,"Human_vs_QC","limma_eBayes_BH"
"Q99611","SEPHS2",-0.61947301987939,23.309993821743,-1.77621538733562,0.0965807864651867,0.915864363509466,-5.11712068734628,"Human_vs_QC","limma_eBayes_BH"
"Q5VTD9","GFI1B",-1.26384303388345,22.4208603920172,-1.77379982311577,0.0969934846151104,0.915864363509466,-5.12080729087242,"Human_vs_QC","limma_eBayes_BH"
"Q8WX92","NELFB",-0.332366850163268,25.5923999800972,-1.773464691354,0.0970508646267803,0.915864363509466,-5.12131851227464,"Human_vs_QC","limma_eBayes_BH"
"Q9BV57","ADI1",-0.261227482752652,24.6860649585277,-1.77157606320829,0.0973747894076454,0.915864363509466,-5.12419833851863,"Human_vs_QC","limma_eBayes_BH"
"P61224","RAP1B",-0.287565199870944,24.8129310273649,-1.77150952960805,0.0973862181917319,0.915864363509466,-5.12429975489021,"Human_vs_QC","limma_eBayes_BH"
"Q92600","CNOT9",-0.327970473474803,23.6625840401158,-1.7704665319095,0.0975655336070404,0.915864363509466,-5.1258892661323,"Human_vs_QC","limma_eBayes_BH"
"Q9BTD8","RBM42",0.182238194423011,24.4036165710053,1.76685849750794,0.0981880882383901,0.915864363509466,-5.13138323885526,"Human_vs_QC","limma_eBayes_BH"
"Q15041","ARL6IP1",-0.410286198573182,23.9825245884091,-1.76666617743205,0.0982213706336239,0.915864363509466,-5.13167588452327,"Human_vs_QC","limma_eBayes_BH"
"Q9UHC7","MKRN1",1.14399169072171,20.4140966598595,1.7659532263423,0.0983448388950959,0.915864363509466,-5.13276057552468,"Human_vs_QC","limma_eBayes_BH"
"O43660","PLRG1",-0.211941856476077,25.9793075519911,-1.76383063942916,0.0987132376789991,0.915864363509466,-5.13598824158005,"Human_vs_QC","limma_eBayes_BH"
"Q96EU6","RRP36",-0.935472192857137,22.8262544890532,-1.76312673385398,0.0988356768569379,0.915864363509466,-5.1370580714906,"Human_vs_QC","limma_eBayes_BH"
"P13667","PDIA4",0.201027981313445,26.1398613074608,1.76248801180257,0.0989468937163231,0.915864363509466,-5.13802859550688,"Human_vs_QC","limma_eBayes_BH"
"Q15013","MAD2L1BP",-0.438215421268062,22.2578279131035,-1.75955816088922,0.0994584662880534,0.915864363509466,-5.14247754897642,"Human_vs_QC","limma_eBayes_BH"
"Q9NZ01","TECR",-0.317644422194363,24.2374455145934,-1.7570620046878,0.0998961502769533,0.915864363509466,-5.14626419128288,"Human_vs_QC","limma_eBayes_BH"
"Q5VIR6","VPS53",0.654378695654774,20.7742768990343,1.75526899108732,0.100211589359172,0.915864363509466,-5.14898204104609,"Human_vs_QC","limma_eBayes_BH"
"P08195","SLC3A2",0.238770423172614,26.1883151494859,1.75186088791169,0.100813584983584,0.915864363509466,-5.15414311845974,"Human_vs_QC","limma_eBayes_BH"
"Q8N983","MRPL43",-0.335227605398522,24.1695130692799,-1.75103683085213,0.100959620658599,0.915864363509466,-5.15539006284854,"Human_vs_QC","limma_eBayes_BH"
"Q8TEQ6","GEMIN5",-0.168572510767103,26.2426320801745,-1.74959206952537,0.101216104134005,0.915864363509466,-5.15757532950959,"Human_vs_QC","limma_eBayes_BH"
"Q8WYA6","CTNNBL1",-0.172381048663276,24.3988030070231,-1.74854465831624,0.101402405751152,0.915864363509466,-5.15915885831763,"Human_vs_QC","limma_eBayes_BH"
"P17152","TMEM11",-0.602635199527924,23.453444978846,-1.74764922148149,0.101561915024193,0.915864363509466,-5.16051213913785,"Human_vs_QC","limma_eBayes_BH"
"O15530","PDPK1",-0.876300381856844,22.5548568839834,-1.74763014231687,0.101565316104863,0.915864363509466,-5.16054096875965,"Human_vs_QC","limma_eBayes_BH"
"P47224","RABIF",-0.415224761996463,23.0418838731353,-1.73765246283928,0.103357731670669,0.915864363509466,-5.17558984507656,"Human_vs_QC","limma_eBayes_BH"
"P54885","PRO2",-0.330535451592489,25.7857355267067,-1.73696749869701,0.103481793513466,0.915864363509466,-5.17662089527078,"Human_vs_QC","limma_eBayes_BH"
"Q9NUY8","TBC1D23",0.224712438656283,24.6965335289051,1.73439782139681,0.103948383864768,0.915864363509466,-5.18048657701652,"Human_vs_QC","limma_eBayes_BH"
"P25787","PSMA2",0.481863700276538,26.7929309803857,1.73095403383006,0.104576586203192,0.915864363509466,-5.18566138233483,"Human_vs_QC","limma_eBayes_BH"
"P16474","KAR2",0.515589613772431,27.9441107258987,1.73063002419325,0.104635861859488,0.915864363509466,-5.18614791042953,"Human_vs_QC","limma_eBayes_BH"
"Q5TG30","ARHGAP40",0.618371009685436,21.1845726302072,1.73053061271569,0.104654054511785,0.915864363509466,-5.1862971733396,"Human_vs_QC","limma_eBayes_BH"
"P10398","ARAF",-0.599576338236176,23.9412553006954,-1.72881691957024,0.104968102846672,0.915864363509466,-5.18886934578414,"Human_vs_QC","limma_eBayes_BH"
"Q8TC07","TBC1D15",-0.298113939844765,24.4510448129068,-1.72615603766971,0.105457369089506,0.915864363509466,-5.1928599080209,"Human_vs_QC","limma_eBayes_BH"
"Q9BUJ2","HNRNPUL1",-0.188099148793931,26.4483434774839,-1.72483752450845,0.10570054886022,0.915864363509466,-5.19483581326366,"Human_vs_QC","limma_eBayes_BH"
"P55809","OXCT1",-0.318952832720033,24.722401513056,-1.72123780539868,0.106366966201223,0.915864363509466,-5.20022527301214,"Human_vs_QC","limma_eBayes_BH"
"Q8TB72","PUM2",-0.879753788201121,22.3839199645057,-1.72082381474135,0.106443843911008,0.915864363509466,-5.20084462270112,"Human_vs_QC","limma_eBayes_BH"
"P11169","SLC2A3",0.637674320943152,22.2122206783219,1.71739931209866,0.107081639125414,0.915864363509466,-5.20596409641022,"Human_vs_QC","limma_eBayes_BH"
"P11172","UMPS",-0.134987086806817,24.6960468613411,-1.71480994426669,0.107566113326488,0.915864363509466,-5.20983063887649,"Human_vs_QC","limma_eBayes_BH"
"Q96GX2","ATXN7L3B",0.244089024461871,24.3122284243977,1.71421042569346,0.107678557090738,0.915864363509466,-5.21072531645341,"Human_vs_QC","limma_eBayes_BH"
"P41236","PPP1R2",-0.214104260499091,24.3065233492132,-1.71360627601341,0.107791973454451,0.915864363509466,-5.211626697154,"Human_vs_QC","limma_eBayes_BH"
"Q15361","TTF1",1.72400495955732,20.0772939540311,1.7130566898274,0.107895237419082,0.915864363509466,-5.21244648863978,"Human_vs_QC","limma_eBayes_BH"
"O00422","SAP18",0.396846140599326,25.8558038012644,1.70984412020514,0.108500592664463,0.915864363509466,-5.21723506340794,"Human_vs_QC","limma_eBayes_BH"
"P82930","MRPS34",-0.261112707149067,24.0112114660062,-1.7097137699378,0.108525217559476,0.915864363509466,-5.21742923527611,"Human_vs_QC","limma_eBayes_BH"
"Q6IA86","ELP2",-0.280164124097531,24.4709134804464,-1.70570304009412,0.109285288681153,0.915864363509466,-5.22339891326159,"Human_vs_QC","limma_eBayes_BH"
"O15145","ARPC3",-0.250016029910508,25.5749494091225,-1.70369913384625,0.109666786977893,0.915864363509466,-5.22637811450871,"Human_vs_QC","limma_eBayes_BH"
"Q9BQG2","NUDT12",1.04002008589496,22.0138537118639,1.70267474039306,0.109862257073322,0.915864363509466,-5.22790018337847,"Human_vs_QC","limma_eBayes_BH"
"P49441","INPP1",0.708070274138976,20.5986699929315,1.70194397518052,0.110001884192453,0.915864363509466,-5.2289856023801,"Human_vs_QC","limma_eBayes_BH"
"Q6P1N9","TATDN1",-0.380126214459079,23.9380745362005,-1.70152579371482,0.110081855684672,0.915864363509466,-5.22960659638369,"Human_vs_QC","limma_eBayes_BH"
"Q8N806","UBR7",-0.597005577820404,24.9986373331314,-1.70151142264531,0.110084604857135,0.915864363509466,-5.22962793543997,"Human_vs_QC","limma_eBayes_BH"
"O43665","RGS10",-0.448294512040079,24.8035404377831,-1.70054199146754,0.110270194579935,0.915864363509466,-5.23106713172992,"Human_vs_QC","limma_eBayes_BH"
"Q96JB5","CDK5RAP3",-0.477325912433759,24.0565813546309,-1.69895314753589,0.110574956362432,0.915864363509466,-5.23342472055974,"Human_vs_QC","limma_eBayes_BH"
"Q66PJ3","ARL6IP4",0.503146029485677,23.3265742662188,1.69619058667816,0.111106602840964,0.915864363509466,-5.23752043998637,"Human_vs_QC","limma_eBayes_BH"
"O43772","SLC25A20",-1.29794643902795,22.2618749462451,-1.69528888605151,0.111280614314237,0.915864363509466,-5.23885632721388,"Human_vs_QC","limma_eBayes_BH"
"Q6VN20","RANBP10",1.58316742443659,25.2880935751577,1.69460972843873,0.111411835970904,0.915864363509466,-5.23986220138417,"Human_vs_QC","limma_eBayes_BH"
"Q9BVJ7","DUSP23",1.56788716346514,22.2491268842825,1.6945868570495,0.111416257353485,0.915864363509466,-5.23989607066171,"Human_vs_QC","limma_eBayes_BH"
"P10620","MGST1",1.02137263107535,22.766118792043,1.69267742662108,0.111785918760698,0.915864363509466,-5.24272259531223,"Human_vs_QC","limma_eBayes_BH"
"Q6PIW4","FIGNL1",0.98693593735138,21.0259500628217,1.69180776649989,0.111954636998155,0.915864363509466,-5.24400924913176,"Human_vs_QC","limma_eBayes_BH"
"Q9H7C9","AAMDC",0.805520436059865,22.354752605642,1.69121197507579,0.112070351441188,0.915864363509466,-5.24489046315118,"Human_vs_QC","limma_eBayes_BH"
"Q08742","RDL2",-0.342611396380747,26.5234446386701,-1.68990388643748,0.112324773667843,0.915864363509466,-5.24682448670063,"Human_vs_QC","limma_eBayes_BH"
"Q9H6R4","NOL6",-0.165642187142133,26.7011052297914,-1.68966699105114,0.112370903411541,0.915864363509466,-5.24717463268957,"Human_vs_QC","limma_eBayes_BH"
"Q96EE3","SEH1L",-0.155580510337341,25.2415536356974,-1.68811771045545,0.112672996020655,0.915864363509466,-5.24946375939149,"Human_vs_QC","limma_eBayes_BH"
"Q9NUQ6","SPATS2L",-0.774330499666611,21.8394439266387,-1.68571070508965,0.113143738411565,0.915864363509466,-5.25301743544104,"Human_vs_QC","limma_eBayes_BH"
"Q9BT25","HAUS8",0.483255555421028,24.2441962411527,1.68372658835572,0.113533062076707,0.915864363509466,-5.25594422122815,"Human_vs_QC","limma_eBayes_BH"
"Q96BP3","PPWD1",-0.327284694164163,24.269119686678,-1.68202191185294,0.11386848446039,0.915864363509466,-5.25845696519597,"Human_vs_QC","limma_eBayes_BH"
"O60784","TOM1",-1.62225237961599,26.7380892072238,-1.67840631000871,0.114582766174942,0.915864363509466,-5.26378083984255,"Human_vs_QC","limma_eBayes_BH"
"O00154","ACOT7",0.21996813012138,25.8182548971179,1.67799775018247,0.114663723842853,0.915864363509466,-5.26438195113614,"Human_vs_QC","limma_eBayes_BH"
"Q14671","PUM1",-0.344452116930007,26.503476594524,-1.6779206383411,0.114679009421548,0.915864363509466,-5.26449539427734,"Human_vs_QC","limma_eBayes_BH"
"O15047","SETD1A",-1.28574192621917,22.7127185184828,-1.67663644905493,0.11493382973616,0.915864363509466,-5.26638411722612,"Human_vs_QC","limma_eBayes_BH"
"P61019","RAB2A",-0.202955780651823,24.9839785830727,-1.67632185581128,0.114996329132284,0.915864363509466,-5.26684665795404,"Human_vs_QC","limma_eBayes_BH"
"Q15061","WDR43",-0.116624519276918,25.7703477825815,-1.67592127973481,0.115075953253227,0.915864363509466,-5.26743553353146,"Human_vs_QC","limma_eBayes_BH"
"Q9BUB5","MKNK1",0.499611872428599,20.9525963597885,1.67319825150257,0.115618491285812,0.915864363509466,-5.2714360801149,"Human_vs_QC","limma_eBayes_BH"
"Q8TDH9","BLOC1S5",-0.646229136859283,23.1101936812098,-1.67156544347124,0.115944877500329,0.915864363509466,-5.27383283282034,"Human_vs_QC","limma_eBayes_BH"
"O75832","PSMD10",-0.175903864693442,28.0296091384528,-1.67075616932275,0.11610694173073,0.915864363509466,-5.27502016115794,"Human_vs_QC","limma_eBayes_BH"
"Q6ZNJ1","NBEAL2",-0.860301488404144,23.0018567440647,-1.67020463992388,0.116217502976497,0.915864363509466,-5.27582911744198,"Human_vs_QC","limma_eBayes_BH"
"Q5VWQ0","RSBN1",-0.880422390963609,23.5932221472713,-1.6688651517849,0.116486401394898,0.915864363509466,-5.27779306569875,"Human_vs_QC","limma_eBayes_BH"
"Q5JS54","PSMG4",0.412133263191595,23.961845660307,1.66657719243329,0.116946951608568,0.915864363509466,-5.28114520506039,"Human_vs_QC","limma_eBayes_BH"
"P01023","A2M",-0.148055176166107,24.5488508926173,-1.66408261893276,0.117450891091959,0.915864363509466,-5.28479653133517,"Human_vs_QC","limma_eBayes_BH"
"Q9H9Q2","COPS7B",-0.230510047317924,24.9528744462632,-1.6628064528772,0.117709422198467,0.915864363509466,-5.28666304034462,"Human_vs_QC","limma_eBayes_BH"
"P57740","NUP107",-0.324346052090714,26.2703986907085,-1.66200753430892,0.117871521483817,0.915864363509466,-5.28783104002694,"Human_vs_QC","limma_eBayes_BH"
"Q16763","UBE2S",-0.208120837542811,26.2072886269549,-1.65793488195848,0.118700866480184,0.915864363509466,-5.29377926992709,"Human_vs_QC","limma_eBayes_BH"
"Q9BV29","CCDC32",-0.60143576637708,22.7438682523402,-1.65504062305927,0.119293314434673,0.915864363509466,-5.29800042475969,"Human_vs_QC","limma_eBayes_BH"
"Q4G176","ACSF3",0.752133041845465,21.4918921129977,1.65141923013903,0.120038208970636,0.915864363509466,-5.30327504012799,"Human_vs_QC","limma_eBayes_BH"
"P50897","PPT1",-0.14190954011687,24.8631731291161,-1.65031198529483,0.12026676317466,0.915864363509466,-5.30488619606624,"Human_vs_QC","limma_eBayes_BH"
"O60888","CUTA",0.145900601114359,26.8360942331371,1.64971894689863,0.12038933113108,0.915864363509466,-5.30574882689291,"Human_vs_QC","limma_eBayes_BH"
"P82650","MRPS22",0.108954694091501,24.8834715378725,1.64774920378555,0.12079720920626,0.915864363509466,-5.3086124953494,"Human_vs_QC","limma_eBayes_BH"
"P49916","LIG3",-0.285525694397219,27.0105767865708,-1.64633812220138,0.121090138318005,0.915864363509466,-5.3106625370401,"Human_vs_QC","limma_eBayes_BH"
"P36959","GMPR",-0.253025111063074,24.3249638392564,-1.64463624543323,0.121444250791659,0.915864363509466,-5.31313346207145,"Human_vs_QC","limma_eBayes_BH"
"Q05639","EEF1A2",0.195597586833181,24.5494433384069,1.6442922969221,0.121515925357696,0.915864363509466,-5.31363262373266,"Human_vs_QC","limma_eBayes_BH"
"Q8IWX8","CHERP",-0.184185692745892,25.7272530684564,-1.64345758093236,0.12169002172197,0.915864363509466,-5.31484372538658,"Human_vs_QC","limma_eBayes_BH"
"Q15032","R3HDM1",0.51071868480609,24.2383436620878,1.64330646114047,0.121721563740542,0.915864363509466,-5.31506294255837,"Human_vs_QC","limma_eBayes_BH"
"Q9H0E2","TOLLIP",-0.341346000064721,24.1734455418524,-1.63967185363038,0.122482316362919,0.915864363509466,-5.32033123443932,"Human_vs_QC","limma_eBayes_BH"
"Q9NUP9","LIN7C",-0.826007274087175,23.3246790481414,-1.63732245190308,0.12297624634833,0.915864363509466,-5.32373241291796,"Human_vs_QC","limma_eBayes_BH"
"Q00765","REEP5",-0.49451506125294,23.2390618149711,-1.63694035229302,0.123056739930397,0.915864363509466,-5.324285255626,"Human_vs_QC","limma_eBayes_BH"
"Q8IX07","ZFPM1",-1.00037710601647,21.7425311237551,-1.63551581049732,0.123357236481982,0.915864363509466,-5.32634558422501,"Human_vs_QC","limma_eBayes_BH"
"Q6IN85","PPP4R3A",-0.543807294366207,24.014492416722,-1.63436298950659,0.123600878735107,0.915864363509466,-5.32801202306275,"Human_vs_QC","limma_eBayes_BH"
"Q6FIF0","ZFAND6",-0.695575291319916,23.0684500593992,-1.63429601091484,0.123615047033324,0.915864363509466,-5.32810881802565,"Human_vs_QC","limma_eBayes_BH"
"P21964","COMT",0.286978709220634,26.4771341135957,1.63371905580096,0.123737151084582,0.915864363509466,-5.32894249972612,"Human_vs_QC","limma_eBayes_BH"
"P50148","GNAQ",-0.926686826747563,23.1766813299844,-1.63072526029237,0.12437241505027,0.915864363509466,-5.3332652042299,"Human_vs_QC","limma_eBayes_BH"
"O94763","URI1",-0.468246355510381,23.7593424787837,-1.63042826172583,0.124435589221245,0.915864363509466,-5.33369374084559,"Human_vs_QC","limma_eBayes_BH"
"P01024","C3",-0.208807449173509,24.1494281384895,-1.62837954105323,0.124872123609714,0.915864363509466,-5.33664836486609,"Human_vs_QC","limma_eBayes_BH"
"O43414","ERI3",0.200254339819708,23.8371364938224,1.62629413564098,0.125317828926529,0.915864363509466,-5.33965327848799,"Human_vs_QC","limma_eBayes_BH"
"O43709","BUD23",-0.577495524027956,23.6954194409877,-1.62305889577561,0.126011994664208,0.915864363509466,-5.34430978519679,"Human_vs_QC","limma_eBayes_BH"
"Q04759","PRKCQ",0.739299073642691,21.8475595348235,1.62232818662228,0.126169235836219,0.915864363509466,-5.34536061863549,"Human_vs_QC","limma_eBayes_BH"
"Q9UL46","PSME2",0.131025073288569,25.494207860826,1.62226636560618,0.12618254683281,0.915864363509466,-5.34544950856292,"Human_vs_QC","limma_eBayes_BH"
"P30825","SLC7A1",0.7338920762157,22.1452656347121,1.61873913377748,0.126944016709771,0.915864363509466,-5.35051731131637,"Human_vs_QC","limma_eBayes_BH"
"Q9BT78","COPS4",-0.201756791715656,25.4788119051896,-1.61854786986817,0.126985420079206,0.915864363509466,-5.35079189550778,"Human_vs_QC","limma_eBayes_BH"
"Q9Y6K9","IKBKG",-0.549174402193277,23.8797491090196,-1.61769344657371,0.127170521017327,0.915864363509466,-5.35201825818184,"Human_vs_QC","limma_eBayes_BH"
"O15392","BIRC5",-0.585582046322209,23.7580157940227,-1.6160244148679,0.127532766635545,0.915864363509466,-5.35441254924708,"Human_vs_QC","limma_eBayes_BH"
"Q9BV68","RNF126",0.141859527017726,25.0253602958394,1.61462177189594,0.127837880880181,0.915864363509466,-5.35642337699807,"Human_vs_QC","limma_eBayes_BH"
"Q9UGV2","NDRG3",-0.278887824379733,24.4606339673791,-1.61368838844127,0.128041265379463,0.915864363509466,-5.35776080696444,"Human_vs_QC","limma_eBayes_BH"
"O14662","STX16",-2.44713297744979,22.6468491262024,-1.6136588378804,0.128047708991568,0.915864363509466,-5.35780314076339,"Human_vs_QC","limma_eBayes_BH"
"Q96I51","RCC1L",-0.517849399805662,23.9760829332244,-1.61342330014039,0.128099078850754,0.915864363509466,-5.35814055032635,"Human_vs_QC","limma_eBayes_BH"
"P60002","ELOF1",-0.453272069073169,24.5907830677129,-1.61199564070826,0.128410824768925,0.915864363509466,-5.36018495504413,"Human_vs_QC","limma_eBayes_BH"
"Q9UNF0","PACSIN2",-0.133550260528938,24.3525863451593,-1.61187719121625,0.128436718830593,0.915864363509466,-5.36035451824629,"Human_vs_QC","limma_eBayes_BH"
"Q9Y3C1","NOP16",-0.110463843163753,25.2841899699374,-1.61183623568169,0.128445673100354,0.915864363509466,-5.36041314504319,"Human_vs_QC","limma_eBayes_BH"
"Q99417","MYCBP",0.365951420133207,26.150655232062,1.6116821538224,0.128479365426404,0.915864363509466,-5.36063370004987,"Human_vs_QC","limma_eBayes_BH"
"Q9H2U2","PPA2",-0.122330296050727,24.9038658832094,-1.61124810828953,0.128574316842643,0.915864363509466,-5.36125492077351,"Human_vs_QC","limma_eBayes_BH"
"Q13405","MRPL49",0.164659729816563,24.5499563059228,1.6109818340342,0.128632596578742,0.915864363509466,-5.36163596430036,"Human_vs_QC","limma_eBayes_BH"
"P48739","PITPNB",-0.274707391836415,25.3753318107153,-1.60525601235901,0.129891311274482,0.915864363509466,-5.36981917753116,"Human_vs_QC","limma_eBayes_BH"
"Q9BRJ7","NUDT16L1",-0.555212023753047,22.5883403525619,-1.60276482208314,0.130442242524067,0.915864363509466,-5.37337322545415,"Human_vs_QC","limma_eBayes_BH"
"P19838","NFKB1",1.06330012649755,22.1081766049087,1.60204695596794,0.130601371263798,0.915864363509466,-5.37439665578571,"Human_vs_QC","limma_eBayes_BH"
"Q9BY43","CHMP4A",-0.244769750980936,24.8210374303232,-1.5996051844614,0.131143882614085,0.915864363509466,-5.37787539899071,"Human_vs_QC","limma_eBayes_BH"
"Q8WUQ7","CACTIN",1.70151907809357,21.6695257297311,1.59849859963434,0.131390378060981,0.915864363509466,-5.37945071405232,"Human_vs_QC","limma_eBayes_BH"
"Q8WWC4","MAIP1",0.482357917633863,22.6343262087629,1.59499794058957,0.132172776338605,0.915864363509466,-5.38442919641652,"Human_vs_QC","limma_eBayes_BH"
"Q9H4L5","OSBPL3",-0.544312377467037,25.0059945901109,-1.59478302189411,0.132220940404076,0.915864363509466,-5.3847345966784,"Human_vs_QC","limma_eBayes_BH"
"Q6BCY4","CYB5R2",0.591268128860989,22.0476986014884,1.59445803133639,0.132293800509157,0.915864363509466,-5.38519635501156,"Human_vs_QC","limma_eBayes_BH"
"Q9Y4X5","ARIH1",-0.284352062544016,24.1196352868179,-1.59430974946462,0.13232705545172,0.915864363509466,-5.38540701747387,"Human_vs_QC","limma_eBayes_BH"
"P50750","CDK9",-0.366007246230499,23.5777956266177,-1.59423398417433,0.132344049975907,0.915864363509466,-5.38551465113859,"Human_vs_QC","limma_eBayes_BH"
"Q9Y3Y2","CHTOP",-0.297649250915466,24.8572468311278,-1.59396609897968,0.13240415291039,0.915864363509466,-5.38589518554649,"Human_vs_QC","limma_eBayes_BH"
"P49770","EIF2B2",-0.333864271042888,24.8685062571465,-1.59374334020606,0.132454149031783,0.915864363509466,-5.38621158335078,"Human_vs_QC","limma_eBayes_BH"
"P17480","UBTF",-0.204471185330505,25.2337022546391,-1.5900572096736,0.133283814654992,0.915864363509466,-5.39144274043453,"Human_vs_QC","limma_eBayes_BH"
"Q96IV0","NGLY1",-0.164192542029621,23.9648328414523,-1.58788688491514,0.133774381868273,0.915864363509466,-5.39451879266496,"Human_vs_QC","limma_eBayes_BH"
"P56211","ARPP19",-0.185142731758138,24.6351126592104,-1.58771836422933,0.133812537768469,0.915864363509466,-5.3947575181763,"Human_vs_QC","limma_eBayes_BH"
"Q9UHY7","ENOPH1",0.232063141756036,24.6193686042703,1.57998999203626,0.135572390339389,0.915864363509466,-5.40568643093749,"Human_vs_QC","limma_eBayes_BH"
"Q13427","PPIG",0.161160608782296,25.2389404922295,1.57583399246276,0.136526908052298,0.915864363509466,-5.41154808480241,"Human_vs_QC","limma_eBayes_BH"
"Q96P47","AGAP3",-0.705572300604619,23.2639017140568,-1.57437583213614,0.136863162394094,0.915864363509466,-5.41360211483322,"Human_vs_QC","limma_eBayes_BH"
"P07311","ACYP1",0.259899021046046,24.4362279219252,1.57320885888099,0.137132776830979,0.915864363509466,-5.41524500234572,"Human_vs_QC","limma_eBayes_BH"
"O75449","KATNA1",0.776568740055794,22.2716929412743,1.56953935475441,0.137983520525343,0.915864363509466,-5.4204054126595,"Human_vs_QC","limma_eBayes_BH"
"Q9BW66","CINP",1.60413067621133,21.5305449696507,1.56818541136512,0.138298554185351,0.915864363509466,-5.42230731373465,"Human_vs_QC","limma_eBayes_BH"
"O75879","GATB",0.716081120070928,21.4348217224603,1.56740288407321,0.138480910638221,0.915864363509466,-5.42340601171419,"Human_vs_QC","limma_eBayes_BH"
"Q5BKZ1","ZNF326",-0.134247285696109,25.3334904323997,-1.56493437107172,0.139057502941185,0.915864363509466,-5.42686936139688,"Human_vs_QC","limma_eBayes_BH"
"Q15070","OXA1L",-0.271762492602292,24.411462602986,-1.56061831933059,0.14007054891287,0.915864363509466,-5.43291555840347,"Human_vs_QC","limma_eBayes_BH"
"Q6PD62","CTR9",-0.210167010056949,26.4300335315458,-1.55915193426191,0.140416157755866,0.915864363509466,-5.43496707418576,"Human_vs_QC","limma_eBayes_BH"
"P14923","JUP",-0.716280269643818,23.9789619873148,-1.55794344190968,0.140701528939398,0.915864363509466,-5.43665676391397,"Human_vs_QC","limma_eBayes_BH"
"P24171","dcp",2.47708462600287,25.3248205852485,1.55756833210938,0.140790206835932,0.915864363509466,-5.4371810461329,"Human_vs_QC","limma_eBayes_BH"
"Q00341","HDLBP",-0.158039448376368,27.2554693795308,-1.55680148962099,0.140971640118477,0.915864363509466,-5.43825256557618,"Human_vs_QC","limma_eBayes_BH"
"O60671","RAD1",1.12617744567376,23.2236052934957,1.55576094143337,0.141218149122817,0.915864363509466,-5.43970593950053,"Human_vs_QC","limma_eBayes_BH"
"P34896","SHMT1",-0.272159966966164,24.2960365073875,-1.55440679720896,0.141539498054826,0.915864363509466,-5.44159629297383,"Human_vs_QC","limma_eBayes_BH"
"Q16342","PDCD2",-0.172877885043313,25.0237433266944,-1.5519799995623,0.142116949201324,0.915864363509466,-5.44498112178528,"Human_vs_QC","limma_eBayes_BH"
"Q86WR0","CCDC25",0.583282636775603,23.0660790044889,1.55166140279874,0.142192906857416,0.915864363509466,-5.44542521261279,"Human_vs_QC","limma_eBayes_BH"
"Q13123","IK",-0.15801598999434,24.7712880270829,-1.55035695157764,0.142504264508157,0.915864363509466,-5.44724280648394,"Human_vs_QC","limma_eBayes_BH"
"Q9BRT6","LLPH",-0.560863829565339,24.7137976323077,-1.54784163199589,0.143106275490152,0.915864363509466,-5.45074452852713,"Human_vs_QC","limma_eBayes_BH"
"Q9Y3T9","NOC2L",-0.110241981957774,25.8758224214012,-1.54757148377928,0.143171060212833,0.915864363509466,-5.45112037690127,"Human_vs_QC","limma_eBayes_BH"
"Q8WVX9","FAR1",-0.75876986523852,23.3617757978428,-1.54661488345644,0.143400664165675,0.915864363509466,-5.45245088811227,"Human_vs_QC","limma_eBayes_BH"
"Q9NRW3","APOBEC3C",-0.305718337007356,24.2423116392225,-1.54605515250538,0.143535155907593,0.915864363509466,-5.45322913205006,"Human_vs_QC","limma_eBayes_BH"
"Q93100","PHKB",0.511540431951175,24.427347598774,1.54559820360538,0.143645030498794,0.915864363509466,-5.4538643201425,"Human_vs_QC","limma_eBayes_BH"
"O75367","MACROH2A1",0.264227576686707,26.0957993413505,1.54407738020461,0.144011230056,0.915864363509466,-5.45597739781041,"Human_vs_QC","limma_eBayes_BH"
"Q96KR1","ZFR",-0.200009736273103,26.1537200129856,-1.54378045605842,0.144082818723926,0.915864363509466,-5.45638978010258,"Human_vs_QC","limma_eBayes_BH"
"P46926","GNPDA1",0.578856730170401,25.4955053201299,1.54353111914604,0.144142957352661,0.915864363509466,-5.45673602731189,"Human_vs_QC","limma_eBayes_BH"
"Q9GZR2","REXO4",-0.367174693254771,24.7258136556472,-1.54300689170377,0.144269467343592,0.915864363509466,-5.45746387723756,"Human_vs_QC","limma_eBayes_BH"
"Q9BXW7","HDHD5",-0.473017180904542,23.4815749515831,-1.54223994954829,0.144454720258886,0.915864363509466,-5.45852840031207,"Human_vs_QC","limma_eBayes_BH"
"Q16181","SEPTIN7",0.249833002029071,25.6284976258137,1.54220750762151,0.144462560962177,0.915864363509466,-5.4585734216936,"Human_vs_QC","limma_eBayes_BH"
"P82932","MRPS6",-0.213190924294292,25.1690642019471,-1.54070229003847,0.1448267448201,0.915864363509466,-5.4606615486386,"Human_vs_QC","limma_eBayes_BH"
"Q9NUN5","LMBRD1",0.936917637355442,22.9441708537144,1.53645480700202,0.145858606379017,0.915864363509466,-5.46654605203675,"Human_vs_QC","limma_eBayes_BH"
"Q15031","LARS2",-0.508047306286599,24.1357091104147,-1.5359032225415,0.145993060606055,0.915864363509466,-5.46730937013012,"Human_vs_QC","limma_eBayes_BH"
"Q9UGN5","PARP2",1.27954435678044,20.4289953769776,1.53539972578555,0.146115884468643,0.915864363509466,-5.46800597013397,"Human_vs_QC","limma_eBayes_BH"
"P57076","CFAP298",0.172347905736494,24.4705956583612,1.5344242221102,0.146354099157581,0.915864363509466,-5.4693551379504,"Human_vs_QC","limma_eBayes_BH"
"Q9NWY4","HPF1",-0.485555412264929,24.2051479380089,-1.53421389745095,0.146405502732214,0.915864363509466,-5.46964594646916,"Human_vs_QC","limma_eBayes_BH"
"Q9GZY8","MFF",0.367245831066455,23.5364550904562,1.5338297812536,0.14649942053874,0.915864363509466,-5.47017697676389,"Human_vs_QC","limma_eBayes_BH"
"O00442","RTCA",0.142953242067509,24.2207192874307,1.53260622880635,0.14679892310651,0.915864363509466,-5.47186787007965,"Human_vs_QC","limma_eBayes_BH"
"Q9H553","ALG2",0.710747898614638,20.7465983386806,1.53250686584512,0.146823267988105,0.915864363509466,-5.47200514268326,"Human_vs_QC","limma_eBayes_BH"
"Q16775","HAGH",-0.45589428129416,22.7348218421135,-1.53075998949404,0.147251827048239,0.915864363509466,-5.47441745720692,"Human_vs_QC","limma_eBayes_BH"
"Q8N0U8","VKORC1L1",0.602949388785767,19.8826346081627,1.52931658313289,0.147606733065747,0.915864363509466,-5.47640921181842,"Human_vs_QC","limma_eBayes_BH"
"O60716","CTNND1",-0.218207681223646,25.1261768876152,-1.52823437972657,0.147873299805847,0.915864363509466,-5.47790165834008,"Human_vs_QC","limma_eBayes_BH"
"Q9UNE7","STUB1",-0.412099226429884,25.0821169803183,-1.52776282841458,0.147989578705221,0.915864363509466,-5.47855172867991,"Human_vs_QC","limma_eBayes_BH"
"P53384","NUBP1",-0.219236316960252,24.2797754908521,-1.52569358667516,0.148500741823855,0.915864363509466,-5.48140263622615,"Human_vs_QC","limma_eBayes_BH"
"O15498","YKT6",-0.401543305232355,24.3523382575549,-1.52480868444179,0.148719792910883,0.915864363509466,-5.4826209666152,"Human_vs_QC","limma_eBayes_BH"
"Q8NEZ5","FBXO22",0.891733917399741,21.5329058148942,1.52382151350087,0.148964481501767,0.915864363509466,-5.48397950034751,"Human_vs_QC","limma_eBayes_BH"
"P13693","TPT1",0.275708867455702,27.130609175417,1.52375524460889,0.148980919630266,0.915864363509466,-5.48407067619471,"Human_vs_QC","limma_eBayes_BH"
"Q15910","EZH2",-0.333622985295545,25.310945124822,-1.52339116754866,0.149071256954879,0.915864363509466,-5.48457153958362,"Human_vs_QC","limma_eBayes_BH"
"Q9BUK6","MSTO1",-0.602425753962052,22.5244575811968,-1.52329025239135,0.149096304899963,0.915864363509466,-5.48471035403604,"Human_vs_QC","limma_eBayes_BH"
"Q9GZM5","YIPF3",-0.346217318206886,23.0223510974158,-1.52271000853033,0.149240394935217,0.915864363509466,-5.48550838354984,"Human_vs_QC","limma_eBayes_BH"
"O76071","CIAO1",-0.12554137597834,25.5681858383259,-1.52204280551083,0.149406224383902,0.915864363509466,-5.48642574049775,"Human_vs_QC","limma_eBayes_BH"
"Q92576","PHF3",-0.762499962117037,22.7939077688891,-1.51901489404594,0.150160747840323,0.915864363509466,-5.49058526482269,"Human_vs_QC","limma_eBayes_BH"
"Q9C0E2","XPO4",-0.524362183536404,23.5700209596248,-1.51840922973176,0.150312057742749,0.915864363509466,-5.49141656580277,"Human_vs_QC","limma_eBayes_BH"
"P50336","PPOX",-0.734723070529284,23.2346115601218,-1.51830032272407,0.150339279024654,0.915864363509466,-5.4915660201148,"Human_vs_QC","limma_eBayes_BH"
"Q15382","RHEB",-0.201317522017256,24.0371793442923,-1.51622219566204,0.150859502642556,0.915864363509466,-5.49441637541181,"Human_vs_QC","limma_eBayes_BH"
"Q9Y295","DRG1",0.13690892135876,25.9086073699317,1.51613207756162,0.150882096425718,0.915864363509466,-5.49453991749562,"Human_vs_QC","limma_eBayes_BH"
"P25685","DNAJB1",0.155587613821595,25.4032800633385,1.51584293930609,0.150954606396419,0.915864363509466,-5.49493625871055,"Human_vs_QC","limma_eBayes_BH"
"O15400","STX7",-0.169297222901779,24.286068155936,-1.51520463120467,0.151114784930262,0.915864363509466,-5.49581103722235,"Human_vs_QC","limma_eBayes_BH"
"Q9Y4E1","WASHC2C",-0.452949063845175,23.372948929786,-1.51361615612339,0.15151402185208,0.915864363509466,-5.49798683046124,"Human_vs_QC","limma_eBayes_BH"
"P49643","PRIM2",0.41615237247435,24.1710737832739,1.51355397554326,0.151529667951378,0.915864363509466,-5.4980719679699,"Human_vs_QC","limma_eBayes_BH"
"Q96S99","PLEKHF1",0.700854618562779,20.3434352203565,1.51180100052096,0.15197131760808,0.915864363509466,-5.50047109691353,"Human_vs_QC","limma_eBayes_BH"
"Q86VR2","RETREG3",1.40425632421913,21.7080254216587,1.51039381499968,0.152326631213365,0.915864363509466,-5.50239552181651,"Human_vs_QC","limma_eBayes_BH"
"P11171","EPB41",-0.110779422478778,27.2177108918042,-1.50860977166003,0.152778105399287,0.915864363509466,-5.50483346140406,"Human_vs_QC","limma_eBayes_BH"
"P60510","PPP4C",0.140626073294229,24.8162745660366,1.50740187876199,0.153084415882243,0.915864363509466,-5.50648289227576,"Human_vs_QC","limma_eBayes_BH"
"Q5VV42","CDKAL1",-0.731114017601293,23.0458289156785,-1.50581051698516,0.153488758381336,0.915864363509466,-5.50865450495502,"Human_vs_QC","limma_eBayes_BH"
"Q86UE4","MTDH",-0.307924319583687,25.0288094333779,-1.50474991964944,0.153758739181678,0.915864363509466,-5.51010089927746,"Human_vs_QC","limma_eBayes_BH"
"P51570","GALK1",-0.180963778887268,23.8359381236645,-1.50395873220599,0.153960399927563,0.915864363509466,-5.51117940315475,"Human_vs_QC","limma_eBayes_BH"
"O95630","STAMBP",-0.383208339494541,24.1601112008556,-1.50164624696255,0.15455108838806,0.915864363509466,-5.51432929699086,"Human_vs_QC","limma_eBayes_BH"
"Q9BZX2","UCK2",0.167910211997537,24.8821126249108,1.50005301980873,0.154959159469279,0.915864363509466,-5.51649742261062,"Human_vs_QC","limma_eBayes_BH"
"Q96FX7","TRMT61A",-0.722877000551264,22.3187989800569,-1.4981379229176,0.155450866798161,0.915864363509466,-5.51910134629476,"Human_vs_QC","limma_eBayes_BH"
"Q9BVK6","TMED9",-0.752999339272062,22.9245776253639,-1.49578755472725,0.156056119477566,0.915864363509466,-5.52229379191392,"Human_vs_QC","limma_eBayes_BH"
"Q9BWJ5","SF3B5",-0.239742632634915,25.8992642655737,-1.49504580473871,0.156247540146189,0.915864363509466,-5.5233005343884,"Human_vs_QC","limma_eBayes_BH"
"P52756","RBM5",0.259237117391024,24.4427693576811,1.49406903733635,0.156499911077055,0.915864363509466,-5.52462569993619,"Human_vs_QC","limma_eBayes_BH"
"Q15274","QPRT",-0.274759814326199,25.2384474564371,-1.49214200297106,0.156998807719207,0.915864363509466,-5.52723822662822,"Human_vs_QC","limma_eBayes_BH"
"Q9Y2T2","AP3M1",-0.455045591625002,24.2405396178778,-1.49065175154995,0.157385537018137,0.915864363509466,-5.52925690951766,"Human_vs_QC","limma_eBayes_BH"
"Q9NPF5","DMAP1",-0.693511277976871,22.7472227728614,-1.48926217262145,0.157746859581442,0.915864363509466,-5.53113789553973,"Human_vs_QC","limma_eBayes_BH"
"Q16134","ETFDH",1.10696566807914,21.8755527924851,1.48919591657071,0.157764105013486,0.915864363509466,-5.53122755021079,"Human_vs_QC","limma_eBayes_BH"
"P30613","PKLR",0.25928642401464,26.0074075406096,1.4890777265113,0.157794871988758,0.915864363509466,-5.53138747238378,"Human_vs_QC","limma_eBayes_BH"
"Q9UET6","FTSJ1",-0.444069675072214,23.4944076303819,-1.48845591335431,0.157956823751223,0.915864363509466,-5.53222869085929,"Human_vs_QC","limma_eBayes_BH"
"Q13162","PRDX4",0.104701892680307,25.0773478699369,1.48609392864652,0.158573273011732,0.915864363509466,-5.53542175580907,"Human_vs_QC","limma_eBayes_BH"
"Q9BQ48","MRPL34",0.4591475928172,23.4839001290115,1.48423800089463,0.159059058379818,0.915864363509466,-5.5379281019559,"Human_vs_QC","limma_eBayes_BH"
"P20290","BTF3",0.57621146334921,27.3963843596686,1.4819100638703,0.15967014994529,0.915864363509466,-5.54106863309506,"Human_vs_QC","limma_eBayes_BH"
"P29590","PML",-0.2857545665785,24.1593040376118,-1.48097266218248,0.159916774694051,0.915864363509466,-5.5423322260347,"Human_vs_QC","limma_eBayes_BH"
"Q9C0F1","CEP44",-1.39547356917098,23.0638415724017,-1.47941528370183,0.160327215230593,0.915864363509466,-5.54443023553527,"Human_vs_QC","limma_eBayes_BH"
"Q96ER9","CCDC51",1.31191076084371,22.1312345504806,1.47864733152401,0.160529929492866,0.915864363509466,-5.54546417992055,"Human_vs_QC","limma_eBayes_BH"
"Q9Y3X0","CCDC9",-0.407241269412392,24.1943085362421,-1.47851586973197,0.160564652555526,0.915864363509466,-5.54564113606977,"Human_vs_QC","limma_eBayes_BH"
"P40763","STAT3",-0.217220908986167,25.2374681421837,-1.47843918470404,0.16058491030296,0.915864363509466,-5.54574435378943,"Human_vs_QC","limma_eBayes_BH"
"Q9NTG7","SIRT3",0.940098464163427,19.8767877938768,1.47797330958014,0.160708025579479,0.915864363509466,-5.54637133527919,"Human_vs_QC","limma_eBayes_BH"
"Q92979","EMG1",-0.140397602213369,25.2866370465667,-1.47718823397174,0.160915673216995,0.915864363509466,-5.54742757325451,"Human_vs_QC","limma_eBayes_BH"
"Q96B36","AKT1S1",-0.421823308811678,23.6593212075709,-1.4770316625677,0.160957112162801,0.915864363509466,-5.54763817459632,"Human_vs_QC","limma_eBayes_BH"
"Q9H3H3","C11orf68",-0.688156274133597,24.2271844482586,-1.47663303999345,0.161062653756258,0.915864363509466,-5.54817428056609,"Human_vs_QC","limma_eBayes_BH"
"Q8NG31","KNL1",-0.655463777226338,22.4643093890699,-1.47466712883831,0.161584004897802,0.915864363509466,-5.55081667206384,"Human_vs_QC","limma_eBayes_BH"
"Q9Y6E0","STK24",-0.232943531455753,24.2240862076772,-1.47097314571852,0.162567441676447,0.915864363509466,-5.55577477220052,"Human_vs_QC","limma_eBayes_BH"
"Q8NEY8","PPHLN1",-0.346525750889864,23.3985063147151,-1.46946454920754,0.162970502910718,0.915864363509466,-5.55779699282982,"Human_vs_QC","limma_eBayes_BH"
"P54278","PMS2",-0.693547757934603,21.8493168877389,-1.46724491081696,0.163565051438207,0.915864363509466,-5.56076956053597,"Human_vs_QC","limma_eBayes_BH"
"Q13416","ORC2",-0.36879138834556,23.6689226232831,-1.46709170767717,0.163606154739976,0.915864363509466,-5.5609746099118,"Human_vs_QC","limma_eBayes_BH"
"Q96T60","PNKP",-0.373407962199206,23.2730956809529,-1.46675508655404,0.1636964979875,0.915864363509466,-5.56142509320593,"Human_vs_QC","limma_eBayes_BH"
"Q9NUQ7","UFSP2",1.29565147649339,22.4605990387174,1.46565085336685,0.163993146668936,0.915864363509466,-5.56290229822641,"Human_vs_QC","limma_eBayes_BH"
"Q14289","PTK2B",0.458591084423567,22.4802685227461,1.46521628959382,0.164110013499389,0.915864363509466,-5.56348341756806,"Human_vs_QC","limma_eBayes_BH"
"P26783","RPS5",-0.825942184679736,28.1223568057253,-1.4643489697591,0.164343468301782,0.915864363509466,-5.56464285867383,"Human_vs_QC","limma_eBayes_BH"
"Q9UMX0","UBQLN1",0.172305237124398,26.0758096731448,1.46413030088391,0.16440237059367,0.915864363509466,-5.56493509724207,"Human_vs_QC","limma_eBayes_BH"
"P30533","LRPAP1",-0.353387824401498,22.9658511081952,-1.46056103187119,0.165366302114455,0.915864363509466,-5.56970066483583,"Human_vs_QC","limma_eBayes_BH"
"P19387","POLR2C",0.132157686796688,24.4425368231011,1.45932240186024,0.165701908391435,0.915864363509466,-5.5713524320315,"Human_vs_QC","limma_eBayes_BH"
"Q99439","CNN2",-0.216228017136373,25.9492729519352,-1.45786460143562,0.166097624016193,0.915864363509466,-5.57329514425712,"Human_vs_QC","limma_eBayes_BH"
"Q8TB52","FBXO30",-1.43040548528409,23.0707042362615,-1.45760488879207,0.16616820461112,0.915864363509466,-5.57364109494854,"Human_vs_QC","limma_eBayes_BH"
"P30622","CLIP1",-0.44627808433982,23.5169207303939,-1.45744537841203,0.166211566173597,0.915864363509466,-5.57385354841743,"Human_vs_QC","limma_eBayes_BH"
"P49407","ARRB1",0.527392876595012,24.6631687746571,1.45724439806315,0.166266214387672,0.915864363509466,-5.57412121164317,"Human_vs_QC","limma_eBayes_BH"
"Q8N9N8","EIF1AD",-0.436458302402489,24.4556758352161,-1.45329128999928,0.167344135110067,0.915864363509466,-5.57938035381234,"Human_vs_QC","limma_eBayes_BH"
"P98170","XIAP",1.01769844238576,21.4809568674294,1.45305704296266,0.167408190524169,0.915864363509466,-5.57969165936779,"Human_vs_QC","limma_eBayes_BH"
"O43766","LIAS",0.952114284906866,22.7999468256016,1.45150646496901,0.167832713255491,0.915864363509466,-5.58175138066426,"Human_vs_QC","limma_eBayes_BH"
"Q7Z7C8","TAF8",-1.0247684216786,22.5559555565635,-1.45022466945516,0.168184321922511,0.915864363509466,-5.58345283041253,"Human_vs_QC","limma_eBayes_BH"
"P36955","SERPINF1",0.185747276635496,23.3671455798768,1.44989737275968,0.168274200391058,0.915864363509466,-5.58388710372074,"Human_vs_QC","limma_eBayes_BH"
"Q8IZQ5","SELENOH",0.181067051540449,25.3368010450746,1.44982007793644,0.168295432024773,0.915864363509466,-5.583989651657,"Human_vs_QC","limma_eBayes_BH"
"Q9NV06","DCAF13",-0.116434808339143,24.6662524814009,-1.44873770027285,0.168592977098519,0.915864363509466,-5.58542522799295,"Human_vs_QC","limma_eBayes_BH"
"Q96E39","RBMXL1",0.210394564013757,24.4107761755802,1.44756090137609,0.168916973396043,0.915864363509466,-5.58698513280027,"Human_vs_QC","limma_eBayes_BH"
"Q14651","PLS1",-1.08150142025247,22.6029103047078,-1.44490123955229,0.169651133477666,0.915864363509466,-5.59050717219254,"Human_vs_QC","limma_eBayes_BH"
"P61225","RAP2B",0.321107757539806,23.793851588231,1.44218582402244,0.170403409057804,0.915864363509466,-5.59409806854207,"Human_vs_QC","limma_eBayes_BH"
"P31323","PRKAR2B",0.136426124095614,26.4565919650951,1.44187510701232,0.170489665598256,0.915864363509466,-5.59450864341924,"Human_vs_QC","limma_eBayes_BH"
"Q96HP4","OXNAD1",-0.510955613279787,23.6404908307461,-1.44182874262767,0.170502539674104,0.915864363509466,-5.59456990268284,"Human_vs_QC","limma_eBayes_BH"
"Q9BYC8","MRPL32",1.02566145540814,22.5786302671605,1.43909084370945,0.171264204790284,0.915864363509466,-5.59818476634055,"Human_vs_QC","limma_eBayes_BH"
"O75081","CBFA2T3",-0.387710026025697,24.7260446708178,-1.43848365453918,0.171433501625331,0.915864363509466,-5.59898574735049,"Human_vs_QC","limma_eBayes_BH"
"Q5VT52","RPRD2",-0.341854963539262,23.622168260596,-1.43816210540033,0.171523212199599,0.915864363509466,-5.59940982066129,"Human_vs_QC","limma_eBayes_BH"
"Q96RS0","TGS1",0.358819282975322,22.9395480028621,1.43776201204063,0.171634890429131,0.915864363509466,-5.59993738278676,"Human_vs_QC","limma_eBayes_BH"
"P53367","ARFIP1",-0.421097196002567,23.5585681094836,-1.4370474740306,0.171834489344506,0.915864363509466,-5.60087929824627,"Human_vs_QC","limma_eBayes_BH"
"P55735","SEC13",-0.159104903266932,26.4889099715162,-1.43650652959311,0.171985724302844,0.915864363509466,-5.60159214733729,"Human_vs_QC","limma_eBayes_BH"
"Q9BQ69","MACROD1",-0.203268235782623,24.1366614878893,-1.4357168133345,0.172206707442247,0.915864363509466,-5.60263246453829,"Human_vs_QC","limma_eBayes_BH"
"O95639","CPSF4",-0.152538382570253,25.3542715033871,-1.43499767129546,0.172408146240572,0.915864363509466,-5.60357944034738,"Human_vs_QC","limma_eBayes_BH"
"Q10471","GALNT2",-0.392254257486339,24.6679536774084,-1.43464733928262,0.172506348233389,0.915864363509466,-5.60404063376792,"Human_vs_QC","limma_eBayes_BH"
"P03905","MT-ND4",-0.421106098878447,22.3122540856905,-1.43371381563768,0.172768251121869,0.915864363509466,-5.60526915687481,"Human_vs_QC","limma_eBayes_BH"
"Q13523","PRP4K",0.140489620006591,25.5962155452688,1.43362140316233,0.172794195586032,0.915864363509466,-5.60539073976317,"Human_vs_QC","limma_eBayes_BH"
"Q9Y6M9","NDUFB9",-0.270742768863688,24.7940015831356,-1.43146117623604,0.173401589080544,0.915864363509466,-5.60823118173427,"Human_vs_QC","limma_eBayes_BH"
"P13598","ICAM2",-0.763629919141469,22.1461281795947,-1.42989841086566,0.173842091975984,0.915864363509466,-5.6102840341475,"Human_vs_QC","limma_eBayes_BH"
"Q9Y6G3","MRPL42",-0.414073558005434,23.4738076392265,-1.42896178500417,0.174106544928766,0.915864363509466,-5.61151358330488,"Human_vs_QC","limma_eBayes_BH"
"Q96DX7","TRIM44",0.965584671602773,21.8048379987023,1.42544553380011,0.175102310222453,0.915864363509466,-5.61612412830426,"Human_vs_QC","limma_eBayes_BH"
"Q8N4Q1","CHCHD4",0.11905010267736,25.5254162986656,1.42533175958765,0.17513460816984,0.915864363509466,-5.61627316793953,"Human_vs_QC","limma_eBayes_BH"
"P36037","DOA1",1.20152117754565,23.4952869176148,1.42297622173642,0.175804396907383,0.915864363509466,-5.61935682133542,"Human_vs_QC","limma_eBayes_BH"
"Q9NXR7","BABAM2",-0.213942133495618,23.4279958566437,-1.42014988292153,0.176610840892591,0.915864363509466,-5.6230517470567,"Human_vs_QC","limma_eBayes_BH"
"Q9Y237","PIN4",-0.193039584401408,25.0709631249035,-1.41915657645863,0.176894985271829,0.915864363509466,-5.62434900359767,"Human_vs_QC","limma_eBayes_BH"
"Q9NRX1","PNO1",-0.155760944678295,24.8156950636575,-1.41900691654159,0.176937829469217,0.915864363509466,-5.62454440001305,"Human_vs_QC","limma_eBayes_BH"
"Q9H4L7","SMARCAD1",-0.35428765563341,23.4640255295063,-1.41787783331735,0.17726133549899,0.915864363509466,-5.62601803456354,"Human_vs_QC","limma_eBayes_BH"
"Q02809","PLOD1",-0.574787234633238,22.9879001152732,-1.41570478363861,0.177885329964735,0.915864363509466,-5.62885172730425,"Human_vs_QC","limma_eBayes_BH"
"Q9BRJ2","MRPL45",0.288238003437115,25.8493064655687,1.41546769496966,0.177953519540914,0.915864363509466,-5.62916069680318,"Human_vs_QC","limma_eBayes_BH"
"Q32P41","TRMT5",0.370063052280091,22.2883103674665,1.4148456421893,0.178132531687331,0.915864363509466,-5.62997115896038,"Human_vs_QC","limma_eBayes_BH"
"P51809","VAMP7",-0.190042340270033,25.1849852881994,-1.41260184374572,0.178779475044296,0.915864363509466,-5.63289233502103,"Human_vs_QC","limma_eBayes_BH"
"Q9NXC5","MIOS",0.884451349623088,21.2185834699447,1.41227422033922,0.178874098497765,0.915864363509466,-5.63331857174583,"Human_vs_QC","limma_eBayes_BH"
"Q9NX40","OCIAD1",0.320429885447339,25.3046654721144,1.41142534593235,0.179119460006946,0.915864363509466,-5.63442260691268,"Human_vs_QC","limma_eBayes_BH"
"A3KN83","SBNO1",-0.485709274664611,24.8174501195394,-1.40643790131489,0.180566638800299,0.915864363509466,-5.64089908766569,"Human_vs_QC","limma_eBayes_BH"
"O60488","ACSL4",-0.546457939692996,23.2437498509063,-1.40469597720422,0.181074339149061,0.915864363509466,-5.64315699162786,"Human_vs_QC","limma_eBayes_BH"
"Q8WVC0","LEO1",-0.724038065163697,24.752578851654,-1.4043493736896,0.181175499616417,0.915864363509466,-5.64360601093806,"Human_vs_QC","limma_eBayes_BH"
"Q4KMP7","TBC1D10B",-0.579641435948044,24.2192863954604,-1.40408797049433,0.181251823994049,0.915864363509466,-5.64394459912765,"Human_vs_QC","limma_eBayes_BH"
"Q7Z739","YTHDF3",-0.185368089925163,24.6786999063136,-1.40376555398993,0.181345999332988,0.915864363509466,-5.64436215043002,"Human_vs_QC","limma_eBayes_BH"
"Q9P015","MRPL15",-0.289037291543774,25.3125022569606,-1.40317824478325,0.181517650896345,0.915864363509466,-5.64512256925188,"Human_vs_QC","limma_eBayes_BH"
"Q6UXV4","APOOL",-0.54662327608683,22.9238662714542,-1.40241383055214,0.181741264101527,0.915864363509466,-5.6461119339892,"Human_vs_QC","limma_eBayes_BH"
"Q8IWA4","MFN1",0.980557431519561,20.6776666956835,1.40096551074821,0.182165558762292,0.915864363509466,-5.6479853429604,"Human_vs_QC","limma_eBayes_BH"
"P13473","LAMP2",0.496109447876982,23.7212703418842,1.40064314773122,0.182260107481226,0.915864363509466,-5.64840212158516,"Human_vs_QC","limma_eBayes_BH"
"O95251","KAT7",0.920525120399081,23.6078681489696,1.40048781614275,0.182305680422342,0.915864363509466,-5.64860292166625,"Human_vs_QC","limma_eBayes_BH"
"P40261","NNMT",-0.766140491874754,22.3541454769577,-1.40008737786101,0.182423208611922,0.915864363509466,-5.64912049795344,"Human_vs_QC","limma_eBayes_BH"
"O60927","PPP1R11",0.791765520752634,23.2733752310524,1.40007335552565,0.182427325276625,0.915864363509466,-5.64913862013215,"Human_vs_QC","limma_eBayes_BH"
"Q04726","TLE3",-0.320537606965491,24.5471029542372,-1.39832015796917,0.182942627481096,0.915864363509466,-5.6514033323334,"Human_vs_QC","limma_eBayes_BH"
"O00418","EEF2K",-0.387713659770306,23.1038706868608,-1.39718396493714,0.183277215138724,0.915864363509466,-5.65286987253448,"Human_vs_QC","limma_eBayes_BH"
"Q9BSL1","UBAC1",0.159361765781743,25.9223750385056,1.39492436855461,0.183944113226327,0.915864363509466,-5.6557837549955,"Human_vs_QC","limma_eBayes_BH"
"Q13069","GAGE5",0.335658125765946,25.809691566138,1.39451777757743,0.184064325215857,0.915864363509466,-5.65630769770937,"Human_vs_QC","limma_eBayes_BH"
"Q9C0J8","WDR33",-0.405265238105237,23.924315495914,-1.39375464641034,0.184290124820028,0.915864363509466,-5.65729077317738,"Human_vs_QC","limma_eBayes_BH"
"O15318","POLR3G",0.417416783604892,23.1040754963244,1.3928541645883,0.184556855934547,0.915864363509466,-5.6584502594904,"Human_vs_QC","limma_eBayes_BH"
"Q9BYD3","MRPL4",-0.710227401172052,24.179832791304,-1.39256459312747,0.184642696771254,0.915864363509466,-5.65882299898284,"Human_vs_QC","limma_eBayes_BH"
"Q86UY6","NAA40",1.00898667085289,21.4138533604212,1.39154494032443,0.184945223571971,0.915864363509466,-5.6601350378653,"Human_vs_QC","limma_eBayes_BH"
"Q8WVV9","HNRNPLL",-0.119087656749098,25.0127148951144,-1.3900988119519,0.185374978805035,0.915864363509466,-5.66199459063474,"Human_vs_QC","limma_eBayes_BH"
"Q86XP3","DDX42",0.0945596906423702,25.351052462505,1.38789580019789,0.186031230374047,0.915864363509466,-5.66482457811407,"Human_vs_QC","limma_eBayes_BH"
"Q9NZN8","CNOT2",-0.237232300960397,24.1133596320138,-1.38726663061392,0.186219000707774,0.915864363509466,-5.66563218132791,"Human_vs_QC","limma_eBayes_BH"
"Q8TAD8","SNIP1",-0.675256045136333,24.1820586529054,-1.3850526145485,0.18688098609541,0.915864363509466,-5.66847187704422,"Human_vs_QC","limma_eBayes_BH"
"P40616","ARL1",0.316309356804993,25.7921131498283,1.3785640843989,0.188832109485081,0.915864363509466,-5.67677411894311,"Human_vs_QC","limma_eBayes_BH"
"Q9Y3D9","MRPS23",-0.125244230476159,24.4570493320087,-1.37811676364998,0.188967229939088,0.915864363509466,-5.67734537972482,"Human_vs_QC","limma_eBayes_BH"
"O00255","MEN1",0.808780329937271,22.1827149723486,1.37775951146722,0.189075200304015,0.915864363509466,-5.67780151463322,"Human_vs_QC","limma_eBayes_BH"
"Q99653","CHP1",-0.886976150179294,23.3238826712249,-1.37694035535759,0.189322959108129,0.915864363509466,-5.6788470609117,"Human_vs_QC","limma_eBayes_BH"
"Q7L523","RRAGA",0.811882702078368,20.965006343622,1.37470301124327,0.190001005278598,0.915864363509466,-5.68170031474922,"Human_vs_QC","limma_eBayes_BH"
"Q99447","PCYT2",-0.152627108392874,25.1586965364741,-1.3741379267418,0.190172571312877,0.915864363509466,-5.68242039719146,"Human_vs_QC","limma_eBayes_BH"
"P14635","CCNB1",-0.348021294476609,24.5854782690528,-1.37365121572329,0.190320443331582,0.915864363509466,-5.68304042718708,"Human_vs_QC","limma_eBayes_BH"
"P40525","RPL34B",-1.12721116414019,27.814781086415,-1.37153148440307,0.190965549362228,0.915864363509466,-5.68573882837691,"Human_vs_QC","limma_eBayes_BH"
"P86790","CCZ1B",-0.564476220531347,23.4470823369396,-1.37138537333062,0.191010081361049,0.915864363509466,-5.68592470892878,"Human_vs_QC","limma_eBayes_BH"
"P27695","APEX1",0.322232649536602,26.2359938661902,1.3679042478784,0.192073564951201,0.915864363509466,-5.69034885672121,"Human_vs_QC","limma_eBayes_BH"
"Q86U70","LDB1",0.344921457671973,23.8199915065368,1.3662173782927,0.19259063165095,0.915864363509466,-5.69248958680988,"Human_vs_QC","limma_eBayes_BH"
"Q99729","HNRNPAB",0.38976479861353,27.3978161959179,1.36602952740179,0.192648282436869,0.915864363509466,-5.6927278543259,"Human_vs_QC","limma_eBayes_BH"
"P62140","PPP1CB",0.136905998587505,25.4347101929265,1.36484472507727,0.193012217208805,0.915864363509466,-5.69423006124495,"Human_vs_QC","limma_eBayes_BH"
"Q8WV44","TRIM41",1.24472536284684,20.6229274887858,1.36283907933213,0.193629561915364,0.915864363509466,-5.69677072834988,"Human_vs_QC","limma_eBayes_BH"
"Q69YN2","CWF19L1",-0.241756133974931,23.7715405381243,-1.36202580072482,0.193880348099685,0.915864363509466,-5.69780013617751,"Human_vs_QC","limma_eBayes_BH"
"Q9Y584","TIMM22",-0.495734245384742,23.174185140115,-1.36174072218612,0.193968318533233,0.915864363509466,-5.69816086255499,"Human_vs_QC","limma_eBayes_BH"
"Q53S08","RAB6D",0.438279870450724,22.2438817664859,1.36131386934164,0.194100098669104,0.915864363509466,-5.69870087550272,"Human_vs_QC","limma_eBayes_BH"
"P51452","DUSP3",-0.627861042013887,22.7578905041063,-1.36128389107594,0.194109356437365,0.915864363509466,-5.69873879620821,"Human_vs_QC","limma_eBayes_BH"
"O60341","KDM1A",-0.097487607565121,25.5856377384059,-1.35991443357775,0.194532648862716,0.915864363509466,-5.70047039206325,"Human_vs_QC","limma_eBayes_BH"
"Q9NRX2","MRPL17",-0.419231945199726,23.417330275022,-1.35754467292271,0.195266897936061,0.915864363509466,-5.70346363821639,"Human_vs_QC","limma_eBayes_BH"
"Q9BVA0","KATNB1",0.881177932834813,20.7118782676804,1.35697845411696,0.195442667780502,0.915864363509466,-5.70417823391262,"Human_vs_QC","limma_eBayes_BH"
"Q6I9Y2","THOC7",-0.242658125731307,24.533306543182,-1.35623841726255,0.195672588755585,0.915864363509466,-5.70511184985706,"Human_vs_QC","limma_eBayes_BH"
"P57737","CORO7",0.114263881742815,25.1617050053668,1.35522715138283,0.1959871317131,0.915864363509466,-5.70638700775048,"Human_vs_QC","limma_eBayes_BH"
"P07858","CTSB",-0.307805471042059,24.6859813848813,-1.35473435665595,0.19614055833703,0.915864363509466,-5.70700813235347,"Human_vs_QC","limma_eBayes_BH"
"Q9Y2A7","NCKAP1",-0.480517397259071,23.8337763942322,-1.35230000765972,0.196899895458266,0.915864363509466,-5.71007385723725,"Human_vs_QC","limma_eBayes_BH"
"Q96RN5","MED15",-0.617295827793754,24.4624640069917,-1.35138409309955,0.197186208380558,0.915864363509466,-5.71122622185757,"Human_vs_QC","limma_eBayes_BH"
"P49459","UBE2A",0.231892426895147,25.1018351856771,1.35040822172088,0.197491634187316,0.915864363509466,-5.71245335762626,"Human_vs_QC","limma_eBayes_BH"
"O95478","NSA2",0.101615838335867,24.5237273612653,1.34887708024415,0.197971618063812,0.915864363509466,-5.71437735132539,"Human_vs_QC","limma_eBayes_BH"
"P23511","NFYA",0.302187843881104,22.9296304453887,1.34853596308057,0.198078680204613,0.915864363509466,-5.71480576057558,"Human_vs_QC","limma_eBayes_BH"
"Q9Y2Z9","COQ6",-0.820713621067384,23.7252257963328,-1.34577201859326,0.198947891429124,0.915864363509466,-5.71827390729281,"Human_vs_QC","limma_eBayes_BH"
"Q9Y6B6","SAR1B",-0.259814809317376,25.2859881794171,-1.34339917259088,0.199696564825835,0.915864363509466,-5.72124691382952,"Human_vs_QC","limma_eBayes_BH"
"O15117","FYB1",-0.414335855550981,22.525603376072,-1.34242872754625,0.200003411387354,0.915864363509466,-5.72246164041408,"Human_vs_QC","limma_eBayes_BH"
"Q9Y606","PUS1",-0.119717975729124,24.7742028142145,-1.34164386478559,0.200251856612438,0.915864363509466,-5.7234435718082,"Human_vs_QC","limma_eBayes_BH"
"Q96AD5","PNPLA2",-1.05983534009337,22.0527881877998,-1.34074102499902,0.200537954907002,0.915864363509466,-5.72457255171956,"Human_vs_QC","limma_eBayes_BH"
"Q6NT76","HMBOX1",0.987316036136118,20.8669999794596,1.3395435406231,0.200917930851829,0.915864363509466,-5.72606906781837,"Human_vs_QC","limma_eBayes_BH"
"P54886","ALDH18A1",-0.0988298411353767,26.3626886949279,-1.33931152341973,0.200991619755067,0.915864363509466,-5.72635890352228,"Human_vs_QC","limma_eBayes_BH"
"Q9BWW4","SSBP3",0.189164742533762,23.9144693756718,1.33862966921941,0.201208303483871,0.915864363509466,-5.72721044961608,"Human_vs_QC","limma_eBayes_BH"
"Q2NL82","TSR1",-0.194538710148276,24.985742535783,-1.33711016786322,0.201691857218327,0.915864363509466,-5.72910689498454,"Human_vs_QC","limma_eBayes_BH"
"Q9H0E3","SAP130",-0.399183922364653,23.0424774209116,-1.3357175646517,0.202135849939588,0.915864363509466,-5.73084349244951,"Human_vs_QC","limma_eBayes_BH"
"P15586","GNS",-0.565680373507924,23.0871853909555,-1.33482201017124,0.202421788249242,0.915864363509466,-5.73195951924559,"Human_vs_QC","limma_eBayes_BH"
"P36639","NUDT1",-0.49883917979334,23.7656591370871,-1.33173186664315,0.203410930601189,0.915864363509466,-5.73580593854634,"Human_vs_QC","limma_eBayes_BH"
"P36776","LONP1",0.202805974803958,26.448805168006,1.3298746139102,0.204007298528505,0.915864363509466,-5.73811439184052,"Human_vs_QC","limma_eBayes_BH"
"Q96LJ7","DHRS1",0.634679857656373,20.4644772555882,1.32926952703753,0.204201896674724,0.915864363509466,-5.73886593626783,"Human_vs_QC","limma_eBayes_BH"
"Q9H8Y8","GORASP2",0.161446146711,25.3926490463971,1.32682125550521,0.204990793796838,0.915864363509466,-5.74190407446654,"Human_vs_QC","limma_eBayes_BH"
"Q8TC12","RDH11",0.447903195944729,21.5068079833361,1.32671151470822,0.205026212424357,0.915864363509466,-5.74204015302988,"Human_vs_QC","limma_eBayes_BH"
"Q92665","MRPS31",-0.284501606715505,24.5961376744296,-1.32572775680794,0.205343938009988,0.915864363509466,-5.74325962036436,"Human_vs_QC","limma_eBayes_BH"
"L0R8F8","MIEF1",-1.13496964305126,21.334203597267,-1.32547955553935,0.205424162353626,0.915864363509466,-5.74356717940036,"Human_vs_QC","limma_eBayes_BH"
"Q9NXE8","CWC25",-0.493764008581984,22.9309951347252,-1.32232628214982,0.206445565486459,0.915864363509466,-5.74747064870112,"Human_vs_QC","limma_eBayes_BH"
"Q9NS91","RAD18",-0.267962996970915,23.9518761065796,-1.3208646955422,0.206920380704136,0.915864363509466,-5.74927749755451,"Human_vs_QC","limma_eBayes_BH"
"Q9BPX5","ARPC5L",-0.250368498348823,26.3063988541456,-1.32050880321428,0.207036129437544,0.915864363509466,-5.74971722377709,"Human_vs_QC","limma_eBayes_BH"
"Q7L0Y3","TRMT10C",-0.108530774111546,25.8280993262965,-1.31921149167552,0.207458500635691,0.915864363509466,-5.7513193449821,"Human_vs_QC","limma_eBayes_BH"
"Q9Y3A4","RRP7A",-0.411673795409381,23.5112199721055,-1.31813528878432,0.207809408613172,0.915864363509466,-5.75264747197722,"Human_vs_QC","limma_eBayes_BH"
"Q13268","DHRS2",-1.31944453820801,22.689607943426,-1.3180739421172,0.207829425704163,0.915864363509466,-5.75272315348911,"Human_vs_QC","limma_eBayes_BH"
"P12236","SLC25A6",0.844467438459208,26.1413796671567,1.31759121285021,0.207986991626486,0.915864363509466,-5.75331858565256,"Human_vs_QC","limma_eBayes_BH"
"Q8IVD9","NUDCD3",-0.461785091196024,23.1849585886622,-1.31696608811571,0.208191178587197,0.915864363509466,-5.75408940464127,"Human_vs_QC","limma_eBayes_BH"
"Q0VDG4","SCRN3",0.842587413479119,22.2192889267456,1.31678250306532,0.208251174200418,0.915864363509466,-5.75431572240259,"Human_vs_QC","limma_eBayes_BH"
"Q9ULW3","ABT1",-0.503560442541808,23.9053167023964,-1.31662147407128,0.20830380989581,0.915864363509466,-5.75451421344103,"Human_vs_QC","limma_eBayes_BH"
"Q9UGJ1","TUBGCP4",-0.257226846038616,23.9932330554543,-1.31658484723722,0.208315783630576,0.915864363509466,-5.754559358547,"Human_vs_QC","limma_eBayes_BH"
"Q93009","USP7",-0.100555583272492,25.9749682993818,-1.31566043189947,0.208618168298727,0.915864363509466,-5.75569843866044,"Human_vs_QC","limma_eBayes_BH"
"Q3ZCQ8","TIMM50",0.292771863443949,25.1534169428039,1.31472031733975,0.2089260488068,0.915864363509466,-5.75685622073318,"Human_vs_QC","limma_eBayes_BH"
"P42574","CASP3",-0.524015105898794,24.5132034982737,-1.31446665231488,0.209009184515404,0.915864363509466,-5.7571685064686,"Human_vs_QC","limma_eBayes_BH"
"Q9Y5B8","NME7",0.462487287239941,23.2088219405815,1.3138169943285,0.209222223020597,0.915864363509466,-5.75796808175781,"Human_vs_QC","limma_eBayes_BH"
"Q86XI2","NCAPG2",0.332146094207058,22.9544613866063,1.31286603684002,0.209534378316583,0.915864363509466,-5.75913792661506,"Human_vs_QC","limma_eBayes_BH"
"Q9NRY5","FAM114A2",-0.278117382419705,23.9788603030721,-1.31281823004673,0.209550080907913,0.915864363509466,-5.75919671983804,"Human_vs_QC","limma_eBayes_BH"
"Q7L5N1","COPS6",-0.210616904377844,25.1190678600267,-1.31276550679705,0.209567399447673,0.915864363509466,-5.75926155741625,"Human_vs_QC","limma_eBayes_BH"
"P49675","STAR",0.748501050604514,21.9459747331142,1.3117341833496,0.209906399109726,0.915864363509466,-5.76052943940037,"Human_vs_QC","limma_eBayes_BH"
"Q6P3X3","TTC27",-0.0960678596631261,24.9715638011235,-1.31061601444218,0.210274440745912,0.915864363509466,-5.76190320352125,"Human_vs_QC","limma_eBayes_BH"
"P61923","COPZ1",0.278220697299762,25.2539455249724,1.30961308870679,0.210604989386888,0.915864363509466,-5.76313459943465,"Human_vs_QC","limma_eBayes_BH"
"P09132","SRP19",-0.527980383029227,23.2123523432377,-1.30932595036838,0.210699702162284,0.915864363509466,-5.76348701265989,"Human_vs_QC","limma_eBayes_BH"
"Q15004","PCLAF",-0.240727040135589,24.1090757443139,-1.30654984303088,0.21161716008456,0.915864363509466,-5.76689107887707,"Human_vs_QC","limma_eBayes_BH"
"O94826","TOMM70",-0.11749008387698,25.2078002600424,-1.30378433912544,0.212534284177753,0.915864363509466,-5.7702764947504,"Human_vs_QC","limma_eBayes_BH"
"Q9ULX6","AKAP8L",-0.166613450477698,24.6316625018515,-1.30374544726827,0.212547204475326,0.915864363509466,-5.77032406431963,"Human_vs_QC","limma_eBayes_BH"
"O60563","CCNT1",-0.294952617347157,23.5889530781132,-1.30363804504854,0.212582887916222,0.915864363509466,-5.77045542476712,"Human_vs_QC","limma_eBayes_BH"
"Q9BW27","NUP85",-0.106156756230796,26.1037793971847,-1.30088451838841,0.213499356548002,0.915864363509466,-5.77382027163899,"Human_vs_QC","limma_eBayes_BH"
"O43765","SGTA",0.38350434844191,25.9440605103566,1.3005833146215,0.213599798487362,0.915864363509466,-5.77418800672167,"Human_vs_QC","limma_eBayes_BH"
"Q9BUH6","PAXX",0.575802660048325,23.3352541070322,1.2983833629413,0.214334555998667,0.915864363509466,-5.77687185896048,"Human_vs_QC","limma_eBayes_BH"
"Q02818","NUCB1",-0.392692714398791,22.5743266732764,-1.2981284468877,0.214419824990953,0.915864363509466,-5.77718261468033,"Human_vs_QC","limma_eBayes_BH"
"Q12986","NFX1",0.579297157195544,21.8356576070708,1.29752442007427,0.214621978865874,0.915864363509466,-5.77791876219128,"Human_vs_QC","limma_eBayes_BH"
"Q9NZL9","MAT2B",-0.148623997920978,25.3040873344456,-1.29568490954543,0.215238556214844,0.915864363509466,-5.78015896961435,"Human_vs_QC","limma_eBayes_BH"
"P08697","SERPINF2",-0.930327958698108,22.8327134562289,-1.29529905721195,0.215368067157041,0.915864363509466,-5.78062855315139,"Human_vs_QC","limma_eBayes_BH"
"Q9UFG5","C19orf25",0.156454245046998,24.0188031857435,1.29515127286171,0.215417687254832,0.915864363509466,-5.7808083779427,"Human_vs_QC","limma_eBayes_BH"
"Q56P03","EAPP",0.199971500933632,21.7408533688701,1.29494408903627,0.21548726665561,0.915864363509466,-5.78106045306268,"Human_vs_QC","limma_eBayes_BH"
"Q9UBL3","ASH2L",-0.17608054770507,25.254828591437,-1.29358381943728,0.215944536089464,0.915864363509466,-5.78271466646475,"Human_vs_QC","limma_eBayes_BH"
"P04908","H2AC4",2.13865741158986,30.14073650261,1.29341914154566,0.215999946723948,0.915864363509466,-5.78291483680217,"Human_vs_QC","limma_eBayes_BH"
"P12277","CKB",0.29816106441459,28.3122556613393,1.29189292877239,0.216514023608337,0.915864363509466,-5.78476903075927,"Human_vs_QC","limma_eBayes_BH"
"Q9Y448","KNSTRN",-0.295455078658076,24.3547606949927,-1.29085631936188,0.216863741219021,0.915864363509466,-5.78602741944834,"Human_vs_QC","limma_eBayes_BH"
"O96008","TOMM40",-0.13218511221849,24.8644608560491,-1.29061284257394,0.216945947317241,0.915864363509466,-5.78632287149634,"Human_vs_QC","limma_eBayes_BH"
"O00330","PDHX",-0.273957178500559,24.2909034962602,-1.29058411665077,0.216955647806197,0.915864363509466,-5.78635772666775,"Human_vs_QC","limma_eBayes_BH"
"Q9BXY0","MAK16",-0.103478784142851,25.5780118741591,-1.28987917832081,0.217193807311413,0.915864363509466,-5.78721288536653,"Human_vs_QC","limma_eBayes_BH"
"P00519","ABL1",-0.28166403769567,23.5503859486916,-1.28945992597782,0.217335547923255,0.915864363509466,-5.7877213039435,"Human_vs_QC","limma_eBayes_BH"
"P26368","U2AF2",0.282480453531782,27.478302660026,1.28943694978593,0.217343317826819,0.915864363509466,-5.7877491629135,"Human_vs_QC","limma_eBayes_BH"
"P11441","UBL4A",-0.108938368845955,24.9680667888175,-1.28819816778169,0.217762566107199,0.915864363509466,-5.78925062278249,"Human_vs_QC","limma_eBayes_BH"
"P18583","SON",0.122035603110636,26.3674465177921,1.28792160132139,0.217856253815128,0.915864363509466,-5.78958567789458,"Human_vs_QC","limma_eBayes_BH"
"Q8ND24","RNF214",-0.326527170608006,23.5680841018045,-1.28781794959369,0.217891374394224,0.915864363509466,-5.78971123536088,"Human_vs_QC","limma_eBayes_BH"
"O14773","TPP1",-0.153438425850734,24.5409743438461,-1.28748621172325,0.218003808219495,0.915864363509466,-5.79011302888585,"Human_vs_QC","limma_eBayes_BH"
"Q96L92","SNX27",-0.426359045815651,23.287117946513,-1.28578076123156,0.218582553463015,0.915864363509466,-5.79217733863772,"Human_vs_QC","limma_eBayes_BH"
"Q9BUR5","APOO",-0.565969069140944,23.7126431523558,-1.28375792312156,0.219270585157483,0.915864363509466,-5.7946230096697,"Human_vs_QC","limma_eBayes_BH"
"P08134","RHOC",-0.550458049574168,24.5546581748014,-1.28360891775475,0.219321334518658,0.915864363509466,-5.79480304086844,"Human_vs_QC","limma_eBayes_BH"
"Q9HBH5","RDH14",1.06786232858952,19.5754646733891,1.28335526694223,0.219407746243916,0.915864363509466,-5.79510946863479,"Human_vs_QC","limma_eBayes_BH"
"Q6ZQW0","IDO2",0.733890632028043,25.4525146721775,1.28333404979228,0.219414975556592,0.915864363509466,-5.79513509824677,"Human_vs_QC","limma_eBayes_BH"
"Q9BRT3","MIEN1",0.142025889242159,24.2063101901042,1.28272902182207,0.219621206087375,0.915864363509466,-5.79586581052576,"Human_vs_QC","limma_eBayes_BH"
"P33313","CNS1",-0.423455824176255,24.0326596181649,-1.28167152331515,0.219982035471646,0.915864363509466,-5.79714233011944,"Human_vs_QC","limma_eBayes_BH"
"O94776","MTA2",-0.0932461220210499,25.9746399705787,-1.28024882656993,0.22046821576057,0.915864363509466,-5.79885836711192,"Human_vs_QC","limma_eBayes_BH"
"P53611","RABGGTB",-0.308203786836621,23.2879584650317,-1.27947461110664,0.220733147234701,0.915864363509466,-5.79979157936648,"Human_vs_QC","limma_eBayes_BH"
"O14965","AURKA",-0.564832911052179,23.4812300255185,-1.27825047546761,0.221152553211826,0.915864363509466,-5.80126619491508,"Human_vs_QC","limma_eBayes_BH"
"Q9Y3B2","EXOSC1",-0.135570812607927,25.0422418308836,-1.27770909388447,0.221338239341069,0.915864363509466,-5.80191799521239,"Human_vs_QC","limma_eBayes_BH"
"P49589","CARS1",0.0914627532198011,25.4885792438789,1.27745062797287,0.221426932989245,0.915864363509466,-5.80222909975962,"Human_vs_QC","limma_eBayes_BH"
"Q9HCE5","METTL14",-0.646323092784801,22.4965951023266,-1.27744603720558,0.221428508584448,0.915864363509466,-5.8022346250211,"Human_vs_QC","limma_eBayes_BH"
"P62310","LSM3",0.580464200633998,26.6041355692866,1.27657534165016,0.221727500197806,0.915864363509466,-5.80328227360271,"Human_vs_QC","limma_eBayes_BH"
"Q96SZ5","ADO",-0.502279363093034,23.9169251729507,-1.27626450010775,0.22183431871597,0.915864363509466,-5.80365615050844,"Human_vs_QC","limma_eBayes_BH"
"Q9NYL9","TMOD3",-0.0941693189908008,25.1084914624986,-1.27503926497057,0.22225575902589,0.915864363509466,-5.80512914529203,"Human_vs_QC","limma_eBayes_BH"
"Q8TEX9","IPO4",0.0994736129647329,25.499010749134,1.27495752351617,0.222283897912836,0.915864363509466,-5.80522737597758,"Human_vs_QC","limma_eBayes_BH"
"P56282","POLE2",-1.05894799834695,23.2763411517017,-1.27478274865102,0.222344072317616,0.915864363509466,-5.80543739036251,"Human_vs_QC","limma_eBayes_BH"
"Q8IWZ8","SUGP1",-0.399486546029394,25.3130866118801,-1.27474810321103,0.222356002158257,0.915864363509466,-5.80547901857637,"Human_vs_QC","limma_eBayes_BH"
"O75718","CRTAP",-0.669558823485026,23.5049954865573,-1.27370250007493,0.222716284426073,0.915864363509466,-5.8067349391213,"Human_vs_QC","limma_eBayes_BH"
"Q3V6T2","CCDC88A",-1.23645807670624,21.9693908366133,-1.27353327518813,0.222774637448629,0.915864363509466,-5.80693812558746,"Human_vs_QC","limma_eBayes_BH"
"P56134","ATP5MF",0.456171287897099,25.2015897965515,1.27320601298678,0.22288752004657,0.915864363509466,-5.807331004779,"Human_vs_QC","limma_eBayes_BH"
"O14530","TXNDC9",-0.100036418324176,24.8777186471991,-1.27204561163863,0.223288142105258,0.915864363509466,-5.80872342215218,"Human_vs_QC","limma_eBayes_BH"
"Q13112","CHAF1B",-0.195620746737678,24.5910804380973,-1.2716857497921,0.223412497996818,0.915864363509466,-5.80915503111208,"Human_vs_QC","limma_eBayes_BH"
"Q9NV35","NUDT15",-0.353764710791658,22.650502996071,-1.27139378139869,0.223513432473882,0.915864363509466,-5.8095051389748,"Human_vs_QC","limma_eBayes_BH"
"Q6UVJ0","SASS6",-0.816113207975778,23.4096390778087,-1.27135085083602,0.223528276756609,0.915864363509466,-5.80955661287298,"Human_vs_QC","limma_eBayes_BH"
"P07686","HEXB",-0.124761010433847,24.2930979267128,-1.27101877699611,0.223643125667929,0.915864363509466,-5.80995472383024,"Human_vs_QC","limma_eBayes_BH"
"O75530","EED",-0.310874252004073,23.74835681118,-1.26940045890574,0.224203494365435,0.915864363509466,-5.81189367939339,"Human_vs_QC","limma_eBayes_BH"
"O15084","ANKRD28",-0.221699271035892,24.2605839903732,-1.26908291238734,0.224313580052462,0.915864363509466,-5.81227391040563,"Human_vs_QC","limma_eBayes_BH"
"P48200","IREB2",-0.311042602708802,23.2669428907865,-1.26771541347639,0.224788146769189,0.915864363509466,-5.81391049062297,"Human_vs_QC","limma_eBayes_BH"
"Q9Y5J6","TIMM10B",-0.52629133252282,24.282088062983,-1.26766524438664,0.224805572145733,0.915864363509466,-5.81397050467906,"Human_vs_QC","limma_eBayes_BH"
"P61916","NPC2",-0.703741974980684,23.7069565526474,-1.26645068298975,0.225227754871179,0.915864363509466,-5.81542282833274,"Human_vs_QC","limma_eBayes_BH"
"O43159","RRP8",-0.224122760456677,24.3409397381187,-1.26624252441327,0.225300173780987,0.915864363509466,-5.81567162451057,"Human_vs_QC","limma_eBayes_BH"
"Q96G25","MED8",-1.01416922021744,22.2465446233313,-1.26598943893583,0.225388247632806,0.915864363509466,-5.81597407445751,"Human_vs_QC","limma_eBayes_BH"
"Q8IUE6","H2AC21",0.808072335422882,28.500885366025,1.26545173857901,0.225575457774584,0.915864363509466,-5.81661649345705,"Human_vs_QC","limma_eBayes_BH"
"O60256","PRPSAP2",-0.153444947831925,25.1800764822348,-1.26299444557056,0.226432571024484,0.915864363509466,-5.81954957808596,"Human_vs_QC","limma_eBayes_BH"
"Q92530","PSMF1",-0.176784443858196,25.1669195204958,-1.26292641139487,0.226456338094734,0.915864363509466,-5.81963072056005,"Human_vs_QC","limma_eBayes_BH"
"P78540","ARG2",0.974805622587311,21.2415785117806,1.26267274472226,0.226544971392657,0.915864363509466,-5.81993323098458,"Human_vs_QC","limma_eBayes_BH"
"Q9UBR2","CTSZ",0.191471028174643,24.6642060207358,1.26254875597076,0.226588304070209,0.915864363509466,-5.82008107622201,"Human_vs_QC","limma_eBayes_BH"
"Q96I99","SUCLG2",0.130438797777678,24.6752773947671,1.26167508405171,0.226893827878021,0.915864363509466,-5.82112252116486,"Human_vs_QC","limma_eBayes_BH"
"Q86TB9","PATL1",-0.532347097386708,23.0278673879972,-1.26125419240138,0.227041129893699,0.915864363509466,-5.82162403188575,"Human_vs_QC","limma_eBayes_BH"
"Q9BY42","RTF2",-0.352805750115277,23.2905521320235,-1.26040317234243,0.227339196808948,0.915864363509466,-5.82263765069229,"Human_vs_QC","limma_eBayes_BH"
"Q9BQ67","GRWD1",-0.139981747283208,25.1101268335345,-1.25997354829728,0.227489788255775,0.915864363509466,-5.82314915237861,"Human_vs_QC","limma_eBayes_BH"
"Q03701","CEBPZ",-0.161623732329179,26.3282286465803,-1.25990547033105,0.227513658096617,0.915864363509466,-5.82323019182827,"Human_vs_QC","limma_eBayes_BH"
"Q14696","MESD",-0.132532022130228,24.7419222107378,-1.25809886781573,0.228147819348099,0.915864363509466,-5.82537947680066,"Human_vs_QC","limma_eBayes_BH"
"Q9Y241","HIGD1A",0.364064964408989,25.1072212306542,1.25697253201117,0.228543894304908,0.915864363509466,-5.82671821085371,"Human_vs_QC","limma_eBayes_BH"
"Q92793","CREBBP",-0.426599083230869,22.6696404962801,-1.25685607334298,0.228584877742644,0.915864363509466,-5.82685657591327,"Human_vs_QC","limma_eBayes_BH"
"Q14624","ITIH4",0.197651540071892,24.5817295782663,1.2562098812311,0.22881238689811,0.915864363509466,-5.82762413314792,"Human_vs_QC","limma_eBayes_BH"
"Q9BXK5","BCL2L13",0.123190072068475,24.0414933271021,1.2558342581267,0.228944716890013,0.915864363509466,-5.82807015896637,"Human_vs_QC","limma_eBayes_BH"
"Q9UNZ2","NSFL1C",0.101402565673496,25.7257549319725,1.25462945258531,0.229369569689387,0.915864363509466,-5.82950005926309,"Human_vs_QC","limma_eBayes_BH"
"Q06587","RING1",-0.169174188867338,23.941871467988,-1.25443692792599,0.229437517439632,0.915864363509466,-5.82972845157026,"Human_vs_QC","limma_eBayes_BH"
"P03915","MT-ND5",0.659365365780527,22.0428701542501,1.25390800001168,0.229624273514174,0.915864363509466,-5.83035577502307,"Human_vs_QC","limma_eBayes_BH"
"Q96S97","MYADM",0.539648585780835,22.8908763260799,1.25384218154137,0.229647521334435,0.915864363509466,-5.83043382275667,"Human_vs_QC","limma_eBayes_BH"
"Q9UL45","BLOC1S6",0.465841573577102,22.6468789787668,1.25372050790833,0.22969050269598,0.915864363509466,-5.83057809505994,"Human_vs_QC","limma_eBayes_BH"
"Q14145","KEAP1",-0.190186916337403,24.5321662633773,-1.25185040979158,0.230351913088733,0.915864363509466,-5.83279411798233,"Human_vs_QC","limma_eBayes_BH"
"P10619","CTSA",0.577012933327659,22.6943586378066,1.25105395243253,0.230634055662492,0.915864363509466,-5.83373709601921,"Human_vs_QC","limma_eBayes_BH"
"O75531","BANF1",0.472428810566829,26.7273326152973,1.25067591102344,0.230768070650927,0.915864363509466,-5.83418451552261,"Human_vs_QC","limma_eBayes_BH"
"Q9H0B6","KLC2",-0.500807467899467,23.0819248250368,-1.25042910268103,0.230855596755461,0.915864363509466,-5.83447655955579,"Human_vs_QC","limma_eBayes_BH"
"Q14254","FLOT2",-0.253129753957513,25.2551747987562,-1.2501419669776,0.230957457038104,0.915864363509466,-5.83481626405638,"Human_vs_QC","limma_eBayes_BH"
"Q15738","NSDHL",0.168327993360855,23.2476344750383,1.24835958981252,0.231590538203437,0.915864363509466,-5.83692355797774,"Human_vs_QC","limma_eBayes_BH"
"Q9Y5X1","SNX9",0.185569945742255,25.4997468690732,1.24694563638204,0.232093727479163,0.915864363509466,-5.83859354936539,"Human_vs_QC","limma_eBayes_BH"
"Q13057","COASY",0.164326560961999,24.8155323341282,1.2466282328586,0.232206800953921,0.915864363509466,-5.83896821921095,"Human_vs_QC","limma_eBayes_BH"
"P35573","AGL",-0.328964184050989,24.7333702989333,-1.2453537442431,0.232661266566059,0.915864363509466,-5.84047188078249,"Human_vs_QC","limma_eBayes_BH"
"Q32MZ4","LRRFIP1",-0.212247360590673,24.4205373603174,-1.24527498590349,0.232689373606076,0.915864363509466,-5.84056476054573,"Human_vs_QC","limma_eBayes_BH"
"Q01196","RUNX1",-0.649617885348778,22.5715586081202,-1.24425938145668,0.233052058057028,0.915864363509466,-5.84176204046006,"Human_vs_QC","limma_eBayes_BH"
"Q9UBI1","COMMD3",-0.229885027248866,23.8964583716616,-1.24416584877547,0.233085481965997,0.915864363509466,-5.84187226514946,"Human_vs_QC","limma_eBayes_BH"
"Q9NX58","LYAR",-0.166081124954051,25.304059017557,-1.24373091894372,0.233240953529479,0.915864363509466,-5.84238472579364,"Human_vs_QC","limma_eBayes_BH"
"P46199","MTIF2",-0.347079318165747,23.5644025971915,-1.24264065122492,0.233631041742607,0.915864363509466,-5.84366871170395,"Human_vs_QC","limma_eBayes_BH"
"O75489","NDUFS3",0.212612154999093,25.1435948885429,1.24251401444704,0.233676384386167,0.915864363509466,-5.8438177905135,"Human_vs_QC","limma_eBayes_BH"
"Q9HC52","CBX8",-0.51407372650166,22.7845742806181,-1.24006884077044,0.234553237783461,0.915864363509466,-5.8466938896446,"Human_vs_QC","limma_eBayes_BH"
"P16401","H1-5",-1.02401566537648,23.6288568734624,-1.23990382890296,0.234612504659193,0.915864363509466,-5.84688781808857,"Human_vs_QC","limma_eBayes_BH"
"Q05471","SWR1",-0.794267355405321,22.4791570979106,-1.23936024576607,0.234807824894857,0.915864363509466,-5.8475265113767,"Human_vs_QC","limma_eBayes_BH"
"Q15554","TERF2",0.716489626853136,21.6797299868975,1.23883981561443,0.234994945035313,0.915864363509466,-5.84813778922628,"Human_vs_QC","limma_eBayes_BH"
"Q96EV2","RBM33",-0.275584601788317,24.0525229878763,-1.23842387834193,0.235144578749349,0.915864363509466,-5.84862618491281,"Human_vs_QC","limma_eBayes_BH"
"P42025","ACTR1B",0.5701317766,22.7144558281482,1.23730386611045,0.235547874555428,0.915864363509466,-5.84994065190129,"Human_vs_QC","limma_eBayes_BH"
"Q96FW1","OTUB1",0.109250676963956,25.7339082913169,1.23686347220053,0.235706600418274,0.915864363509466,-5.85045724371462,"Human_vs_QC","limma_eBayes_BH"
"Q9UJX3","ANAPC7",-0.112379401320013,25.2283471309302,-1.23670534199238,0.235763613786823,0.915864363509466,-5.85064269777567,"Human_vs_QC","limma_eBayes_BH"
"Q9H9Y2","RPF1",0.673315026088655,21.7408175773289,1.23655382535958,0.235818252767534,0.915864363509466,-5.85082037754388,"Human_vs_QC","limma_eBayes_BH"
"O60814","H2BC12",0.976556132881871,31.7790189701934,1.2354966815635,0.236199748940875,0.915864363509466,-5.85205957508339,"Human_vs_QC","limma_eBayes_BH"
"Q9H2H8","PPIL3",0.239251120927214,23.459673201072,1.23522405417748,0.236298211409462,0.915864363509466,-5.85237901375093,"Human_vs_QC","limma_eBayes_BH"
"Q8WWY3","PRPF31",0.0891470333342994,24.9223025057824,1.23461740521542,0.236517424673943,0.915864363509466,-5.85308962283947,"Human_vs_QC","limma_eBayes_BH"
"Q969U7","PSMG2",-0.162786495034325,25.2810082124441,-1.23461582709505,0.236517995136647,0.915864363509466,-5.85309147103163,"Human_vs_QC","limma_eBayes_BH"
"O15226","NKRF",-0.171823386053649,24.8880358319355,-1.23430873751262,0.236629023073095,0.915864363509466,-5.85345107814647,"Human_vs_QC","limma_eBayes_BH"
"Q9P016","THYN1",-0.197515416958318,24.7675799714067,-1.23417012621186,0.236679151190984,0.915864363509466,-5.85361337068772,"Human_vs_QC","limma_eBayes_BH"
"P42696","RBM34",-0.823009418113443,23.3672596102422,-1.23338754283494,0.236962324431291,0.915864363509466,-5.85452937963177,"Human_vs_QC","limma_eBayes_BH"
"O75394","MRPL33",-0.84581545808539,22.7073510259697,-1.23228671962316,0.237361098799884,0.915864363509466,-5.8558170923417,"Human_vs_QC","limma_eBayes_BH"
"Q96EB6","SIRT1",-0.3157926296944,24.3534431201099,-1.230422319437,0.238037674827038,0.915864363509466,-5.85799589796322,"Human_vs_QC","limma_eBayes_BH"
"P19623","SRM",0.275601176546086,26.7123178882543,1.23018682839909,0.238123239615923,0.915864363509466,-5.85827091173076,"Human_vs_QC","limma_eBayes_BH"
"Q9BQE5","APOL2",-0.795737461215491,22.440256015368,-1.22993120617675,0.238216146160759,0.915864363509466,-5.85856938717142,"Human_vs_QC","limma_eBayes_BH"
"Q6PK04","CCDC137",0.435964455377039,20.4283280905112,1.22973702393882,0.238286741090021,0.915864363509466,-5.8587960891534,"Human_vs_QC","limma_eBayes_BH"
"Q8IYB5","SMAP1",-0.588650346503222,23.6625711073328,-1.22842828889893,0.238762957359388,0.915864363509466,-5.8603232436234,"Human_vs_QC","limma_eBayes_BH"
"P11498","PC",-0.427958806550603,23.3639049903623,-1.22742874851387,0.239127165042163,0.915864363509466,-5.86148871517056,"Human_vs_QC","limma_eBayes_BH"
"Q9BY77","POLDIP3",0.140789103352041,24.521457576494,1.2270170933363,0.239277287837069,0.915864363509466,-5.86196848507553,"Human_vs_QC","limma_eBayes_BH"
"P49642","PRIM1",-0.17039567874248,24.6097901677198,-1.22701044602281,0.239279712588217,0.915864363509466,-5.8619762312219,"Human_vs_QC","limma_eBayes_BH"
"Q9NQT4","EXOSC5",-0.173348535237444,25.7545211379834,-1.22682681147203,0.239346704830325,0.915864363509466,-5.86219020802262,"Human_vs_QC","limma_eBayes_BH"
"Q9NQP4","PFDN4",-0.290724141943404,26.4320297011392,-1.22614024697024,0.239597301898039,0.915864363509466,-5.86298998518695,"Human_vs_QC","limma_eBayes_BH"
"Q9Y223","GNE",-0.505002330977046,22.873601063716,-1.22574160402151,0.239742900976241,0.915864363509466,-5.86345419703911,"Human_vs_QC","limma_eBayes_BH"
"Q71U36","TUBA1A",0.746930126296451,27.6025786753548,1.22481391733412,0.240081993198184,0.915864363509466,-5.86453399685991,"Human_vs_QC","limma_eBayes_BH"
"P05937","CALB1",0.118192208205532,24.6385011475968,1.22421121891049,0.240302494386216,0.915864363509466,-5.86523516525501,"Human_vs_QC","limma_eBayes_BH"
"Q9NTJ3","SMC4",-0.0994888960600875,25.5810258571341,-1.2229245654319,0.240773752781877,0.915864363509466,-5.8667310992177,"Human_vs_QC","limma_eBayes_BH"
"Q9NQW6","ANLN",-0.487055891839081,23.124442659295,-1.22255061757208,0.240910852315825,0.915864363509466,-5.86716563251158,"Human_vs_QC","limma_eBayes_BH"
"Q96EB1","ELP4",-0.616610810831489,22.9389700345809,-1.22208625737672,0.241081184064366,0.915864363509466,-5.86770507647475,"Human_vs_QC","limma_eBayes_BH"
"Q8WUE5","CT55",-0.455950812896528,25.0926799871746,-1.22185300574382,0.24116677834697,0.915864363509466,-5.86797598058692,"Human_vs_QC","limma_eBayes_BH"
"O75817","POP7",0.215513910075387,25.2630000487567,1.22169519847417,0.241224700892881,0.915864363509466,-5.86815923801393,"Human_vs_QC","limma_eBayes_BH"
"Q96SI9","STRBP",-0.289247668161952,24.9095567940946,-1.22138468650093,0.241338704715734,0.915864363509466,-5.86851977137588,"Human_vs_QC","limma_eBayes_BH"
"Q5VSL9","STRIP1",-0.303310441293331,22.5642010516155,-1.22076330330328,0.241566970148346,0.915864363509466,-5.86924103212311,"Human_vs_QC","limma_eBayes_BH"
"Q53H96","PYCR3",0.248340094670716,23.542875018498,1.22033506938911,0.241724379834037,0.915864363509466,-5.8697379246706,"Human_vs_QC","limma_eBayes_BH"
"P62487","POLR2G",-0.473432054285269,24.0909887192849,-1.22018358047712,0.241780083039368,0.915864363509466,-5.86991366791062,"Human_vs_QC","limma_eBayes_BH"
"Q6IQ49","SDE2",0.56214966218144,23.3154117497764,1.21981682251195,0.241914983062745,0.915864363509466,-5.87033907286045,"Human_vs_QC","limma_eBayes_BH"
"Q96QU8","XPO6",-0.300442806777632,23.7267835931321,-1.21973972255942,0.241943349224897,0.915864363509466,-5.87042848840315,"Human_vs_QC","limma_eBayes_BH"
"Q8IWT0","ZBTB8OS",0.674650300844476,22.265526647679,1.21914121684998,0.242163635918167,0.915864363509466,-5.87112244072609,"Human_vs_QC","limma_eBayes_BH"
"Q99618","CDCA3",-0.700474996641738,21.8785537018615,-1.21897003749687,0.242226669058782,0.915864363509466,-5.87132086806938,"Human_vs_QC","limma_eBayes_BH"
"Q9H993","DCPH1",-0.281257876066942,24.6643197420662,-1.21862306813129,0.242354472249176,0.915864363509466,-5.87172299798247,"Human_vs_QC","limma_eBayes_BH"
"Q3MHD2","LSM12",0.308519294203254,25.3786133329061,1.21830403730487,0.242472030773323,0.915864363509466,-5.87209266576835,"Human_vs_QC","limma_eBayes_BH"
"Q6ZRS2","SRCAP",0.884083678012388,20.9348211222853,1.21732517004569,0.242833006711427,0.915864363509466,-5.87322640975459,"Human_vs_QC","limma_eBayes_BH"
"Q8IVI9","NOSTRIN",-0.466620966494535,24.2753862491089,-1.21562750380587,0.243460043426398,0.915864363509466,-5.8751909270119,"Human_vs_QC","limma_eBayes_BH"
"O75431","MTX2",-0.148383493983605,24.6981236855333,-1.21504430363651,0.24367573964706,0.915864363509466,-5.87586528479296,"Human_vs_QC","limma_eBayes_BH"
"Q969S3","ZNF622",-0.29888461951986,24.9970024375949,-1.21407628373006,0.244034088725269,0.915864363509466,-5.87698403150825,"Human_vs_QC","limma_eBayes_BH"
"Q9Y376","CAB39",0.126238231460228,25.9210834722181,1.21257751080733,0.244589722853744,0.915864363509466,-5.87871474311781,"Human_vs_QC","limma_eBayes_BH"
"Q9BZ95","NSD3",-1.34228526683206,20.9925628597242,-1.21235021836982,0.244674071727854,0.915864363509466,-5.87897705782113,"Human_vs_QC","limma_eBayes_BH"
"P62256","UBE2H",-0.376282320743545,22.7034570646269,-1.21123177820585,0.245089456830893,0.915864363509466,-5.88026724982086,"Human_vs_QC","limma_eBayes_BH"
"Q13685","AAMP",-0.198034686408622,24.977026864685,-1.21115865340136,0.245116634186207,0.915864363509466,-5.88035157020868,"Human_vs_QC","limma_eBayes_BH"
"Q9P035","HACD3",-0.675819902756864,22.7906895599753,-1.21113797865675,0.245124318526325,0.915864363509466,-5.88037540955542,"Human_vs_QC","limma_eBayes_BH"
"P68402","PAFAH1B2",0.412458809292026,27.2099174342228,1.20970420313545,0.245657676628588,0.915864363509466,-5.88202783975505,"Human_vs_QC","limma_eBayes_BH"
"Q8WU79","SMAP2",0.180776964845574,24.6006794663116,1.20948953046079,0.2457376112776,0.915864363509466,-5.88227511349286,"Human_vs_QC","limma_eBayes_BH"
"O94906","PRPF6",-0.150811562543417,25.1248625396191,-1.20793989856739,0.246315224022862,0.915864363509466,-5.88405901894416,"Human_vs_QC","limma_eBayes_BH"
"Q99622","C12orf57",-0.552843916481162,23.075867501637,-1.20775270471847,0.246385070160062,0.915864363509466,-5.88427438671153,"Human_vs_QC","limma_eBayes_BH"
"Q9UPT5","EXOC7",-0.686834470573313,23.2402895577085,-1.20712593326247,0.246619044040745,0.915864363509466,-5.88499529353159,"Human_vs_QC","limma_eBayes_BH"
"P06746","POLB",-0.37271221414759,23.1479336546876,-1.20695957513261,0.246681174444719,0.915864363509466,-5.88518658594533,"Human_vs_QC","limma_eBayes_BH"
"P43897","TSFM",-0.0911789625444008,25.2338059707507,-1.20658119639716,0.246822534128559,0.915864363509466,-5.88562159729951,"Human_vs_QC","limma_eBayes_BH"
"O75061","DNAJC6",-0.330737038552662,23.5064893555468,-1.20533174696938,0.247289765341034,0.915864363509466,-5.88705726454194,"Human_vs_QC","limma_eBayes_BH"
"Q15043","SLC39A14",-0.348027984947358,22.7135410121317,-1.20528813856634,0.247306085044778,0.915864363509466,-5.88710735044236,"Human_vs_QC","limma_eBayes_BH"
"Q15084","PDIA6",0.30101277029485,26.3923160648945,1.20522481346627,0.247329784871385,0.915864363509466,-5.88718007908524,"Human_vs_QC","limma_eBayes_BH"
"P52788","SMS",0.112663200064194,25.635734655111,1.20518058178692,0.247346339904974,0.915864363509466,-5.88723087715746,"Human_vs_QC","limma_eBayes_BH"
"Q96Q11","TRNT1",-0.215337153067242,24.6439194300571,-1.20449132574676,0.247604425482862,0.915864363509466,-5.88802225999933,"Human_vs_QC","limma_eBayes_BH"
"P53041","PPP5C",-0.164692443416325,25.3367913034688,-1.20329392477273,0.248053276592542,0.915864363509466,-5.8893962016365,"Human_vs_QC","limma_eBayes_BH"
"Q8NCA5","FAM98A",-0.222573038160657,24.7010414983017,-1.20291656125449,0.248194863343642,0.915864363509466,-5.88982897134,"Human_vs_QC","limma_eBayes_BH"
"O95352","ATG7",0.628193800717749,22.3879928201209,1.20253021172177,0.24833988638762,0.915864363509466,-5.8902719316975,"Human_vs_QC","limma_eBayes_BH"
"Q99567","NUP88",0.119374901393673,24.7957910814346,1.20250623453882,0.248348888800961,0.915864363509466,-5.89029941837077,"Human_vs_QC","limma_eBayes_BH"
"P09525","ANXA4",0.837719284979453,21.6645223928253,1.20237784931714,0.248397096289228,0.915864363509466,-5.89044658746243,"Human_vs_QC","limma_eBayes_BH"
"Q7Z3J2","VPS35L",0.601253898034081,22.8454444026431,1.20191873705163,0.248569547989263,0.915864363509466,-5.89097276691863,"Human_vs_QC","limma_eBayes_BH"
"Q9UKY1","ZHX1",1.50338208449678,20.4714175236577,1.2010773213108,0.248885840715801,0.915864363509466,-5.8919366710784,"Human_vs_QC","limma_eBayes_BH"
"Q9H6Y2","WDR55",-0.275665907207298,24.6112593490223,-1.2008652646605,0.248965603012921,0.915864363509466,-5.89217951077281,"Human_vs_QC","limma_eBayes_BH"
"Q9UHD2","TBK1",-0.366270974070215,23.45036942316,-1.2006728214252,0.249038005081177,0.915864363509466,-5.89239985958753,"Human_vs_QC","limma_eBayes_BH"
"Q8N5I9","NOPCHAP1",-0.450846120814088,23.3042263553648,-1.20063841886176,0.249050949919811,0.915864363509466,-5.89243924771919,"Human_vs_QC","limma_eBayes_BH"
"P11274","BCR",-0.356418977334211,24.3257029371427,-1.20023064133985,0.249204426183215,0.915864363509466,-5.89290604955899,"Human_vs_QC","limma_eBayes_BH"
"P0A9U3","ybiT",1.05281707527949,20.8369518235111,1.2001150212358,0.249247955710724,0.915864363509466,-5.89303838169389,"Human_vs_QC","limma_eBayes_BH"
"Q8IYU8","MICU2",-0.834351474344139,21.8711327443339,-1.1999898562061,0.249295085405502,0.915864363509466,-5.89318162666822,"Human_vs_QC","limma_eBayes_BH"
"Q8NI36","WDR36",-0.121159349114592,24.9728468405182,-1.19885414462535,0.249723041439904,0.915864363509466,-5.89448083278689,"Human_vs_QC","limma_eBayes_BH"
"Q8NEJ9","NGDN",-0.185869183031485,24.8589704205822,-1.19884920200466,0.249724905145277,0.915864363509466,-5.89448648474024,"Human_vs_QC","limma_eBayes_BH"
"O75348","ATP6V1G1",0.308303819330103,25.2432446218405,1.1982477161909,0.249951786553096,0.915864363509466,-5.89517414974582,"Human_vs_QC","limma_eBayes_BH"
"Q9HBI1","PARVB",-0.359049082920858,23.7141406686172,-1.19783428277962,0.250107826568209,0.915864363509466,-5.89564665520724,"Human_vs_QC","limma_eBayes_BH"
"Q8IY18","SMC5",-0.376085629227052,22.281465564058,-1.19761584426573,0.250190301035383,0.915864363509466,-5.89589625077667,"Human_vs_QC","limma_eBayes_BH"
"Q8NAB2","KBTBD3",-1.65382996969022,23.6143148003371,-1.19736460255029,0.250285186761292,0.915864363509466,-5.89618328244079,"Human_vs_QC","limma_eBayes_BH"
"Q9UL25","RAB21",0.300086144594189,24.3015443520933,1.19714508996172,0.250368112175017,0.915864363509466,-5.89643402480239,"Human_vs_QC","limma_eBayes_BH"
"Q9Y265","RUVBL1",0.220845096749077,27.185411057454,1.19676838764853,0.250510468672515,0.915864363509466,-5.89686423248807,"Human_vs_QC","limma_eBayes_BH"
"Q13144","EIF2B5",0.142361486390001,25.6186457887318,1.19675011618897,0.25051737507881,0.915864363509466,-5.89688509634226,"Human_vs_QC","limma_eBayes_BH"
"P56377","AP1S2",0.417363092031518,21.8681872699945,1.19639343125457,0.250652227408177,0.915864363509466,-5.89729233635125,"Human_vs_QC","limma_eBayes_BH"
"Q8N5L8","RPP25L",-1.49792652903438,21.4538633114008,-1.196390515861,0.250653329865497,0.915864363509466,-5.89729566455194,"Human_vs_QC","limma_eBayes_BH"
"Q9H3P7","ACBD3",-0.213823254429844,24.4671017407384,-1.19493813630794,0.251203013151673,0.915864363509466,-5.89895287008268,"Human_vs_QC","limma_eBayes_BH"
"P50583","NUDT2",0.648212507487781,22.1945727925824,1.194254976513,0.25146189050624,0.915864363509466,-5.89973180501083,"Human_vs_QC","limma_eBayes_BH"
"Q9BX10","GTPBP2",-0.737864278788354,21.9262069847389,-1.19377265999103,0.251644783932816,0.915864363509466,-5.90028152007813,"Human_vs_QC","limma_eBayes_BH"
"Q15020","SART3",-0.139724545083507,25.9565206765422,-1.193601428544,0.25170973920451,0.915864363509466,-5.90047663557065,"Human_vs_QC","limma_eBayes_BH"
"P14314","PRKCSH",-0.108297315201707,26.4092879608279,-1.19329606954914,0.251825606758264,0.915864363509466,-5.90082453040849,"Human_vs_QC","limma_eBayes_BH"
"P52758","RIDA",0.368576468361439,24.4683732097263,1.19307125277182,0.251910939083067,0.915864363509466,-5.90108061710842,"Human_vs_QC","limma_eBayes_BH"
"Q96PV6","LENG8",-0.74070536005182,22.386182337751,-1.19304337356593,0.251921522575253,0.915864363509466,-5.90111237130002,"Human_vs_QC","limma_eBayes_BH"
"O95486","SEC24A",-0.221286977377829,23.7897863083148,-1.19303685789555,0.251923996100656,0.915864363509466,-5.90111979250869,"Human_vs_QC","limma_eBayes_BH"
"Q9Y580","RBM7",0.480064791488257,23.7771959134109,1.19242801981315,0.252155210172652,0.915864363509466,-5.90181309961306,"Human_vs_QC","limma_eBayes_BH"
"Q96NT0","VMA22",-0.731581740954233,23.0799992995408,-1.19184314465456,0.252377477980193,0.915864363509466,-5.90247884634974,"Human_vs_QC","limma_eBayes_BH"
"Q14444","CAPRIN1",0.24179627494437,27.1080447411564,1.19126414554069,0.252597661385445,0.915864363509466,-5.90313764109552,"Human_vs_QC","limma_eBayes_BH"
"Q9Y5R8","TRAPPC1",0.941629441826198,22.1261725019458,1.18947423806587,0.253279268152582,0.915864363509466,-5.90517256886393,"Human_vs_QC","limma_eBayes_BH"
"P43007","SLC1A4",-0.788629378748258,22.6328326816649,-1.18910692609948,0.253419317542208,0.915864363509466,-5.90558985206754,"Human_vs_QC","limma_eBayes_BH"
"Q12800","TFCP2",0.112267652895092,24.6241220923445,1.18862884246202,0.253601691430073,0.915864363509466,-5.90613281873222,"Human_vs_QC","limma_eBayes_BH"
"Q9P0M9","MRPL27",0.49267456873018,22.8174488394003,1.18632207984619,0.254483068462929,0.915864363509466,-5.90875012699559,"Human_vs_QC","limma_eBayes_BH"
"Q15833","STXBP2",-0.129597173579711,25.0112229600979,-1.18471833014126,0.255097222333813,0.915864363509466,-5.91056732171077,"Human_vs_QC","limma_eBayes_BH"
"P17483","HOXB4",-0.414962629728013,21.854999558595,-1.18465309141338,0.255122229511934,0.915864363509466,-5.91064120043468,"Human_vs_QC","limma_eBayes_BH"
"P36404","ARL2",-0.361777290331958,24.1727553373432,-1.18329526685928,0.255643135832676,0.915864363509466,-5.91217809242091,"Human_vs_QC","limma_eBayes_BH"
"Q9UHQ9","CYB5R1",-0.424558097278663,23.2916736566157,-1.18271750293832,0.255865032777588,0.915864363509466,-5.91283161181212,"Human_vs_QC","limma_eBayes_BH"
"P35249","RFC4",0.193896575093287,25.4864358523639,1.18226596224501,0.256038555179802,0.915864363509466,-5.91334217527679,"Human_vs_QC","limma_eBayes_BH"
"Q9UKE5","TNIK",-0.292455152491694,24.6377561537432,-1.18129208886576,0.256413112206515,0.915864363509466,-5.91444280241161,"Human_vs_QC","limma_eBayes_BH"
"O15144","ARPC2",-0.0981586426300574,24.7537520657029,-1.17971709120015,0.257019754858214,0.915864363509466,-5.91622121497412,"Human_vs_QC","limma_eBayes_BH"
"Q14197","MRPL58",-0.75678111441421,23.1991860532935,-1.17951237736345,0.257098685390337,0.915864363509466,-5.9164522248651,"Human_vs_QC","limma_eBayes_BH"
"Q9NP66","HMG20A",-0.210333999743764,24.1583155240547,-1.17876756309979,0.257386016757092,0.915864363509466,-5.91729243438022,"Human_vs_QC","limma_eBayes_BH"
"Q7Z4W1","DCXR",-0.255176593297413,24.3777099619625,-1.17724808191151,0.257972959526982,0.915864363509466,-5.9190051756977,"Human_vs_QC","limma_eBayes_BH"
"O76070","SNCG",-0.147744383171233,26.1569959273765,-1.17688392333701,0.258113778419169,0.915864363509466,-5.91941538092029,"Human_vs_QC","limma_eBayes_BH"
"Q92973","TNPO1",0.315582926466256,26.4640622271212,1.17611674088166,0.258410638070813,0.915864363509466,-5.9202792292278,"Human_vs_QC","limma_eBayes_BH"
"O75191","XYLB",1.07193175571906,21.8332067990862,1.1744604440853,0.259052430605556,0.915864363509466,-5.92214263968756,"Human_vs_QC","limma_eBayes_BH"
"P60660","MYL6",0.307895741134768,26.1582791606505,1.17346253166597,0.259439696980378,0.915864363509466,-5.9232642930848,"Human_vs_QC","limma_eBayes_BH"
"P40855","PEX19",-0.393665410771565,24.1942830677069,-1.173298520694,0.25950338817172,0.915864363509466,-5.92344856622742,"Human_vs_QC","limma_eBayes_BH"
"P41240","CSK",-0.117772597159632,24.7257561849782,-1.1720369910277,0.259993684342699,0.915864363509466,-5.92486523765088,"Human_vs_QC","limma_eBayes_BH"
"O15446","POLR1G",-0.276445854029539,25.4161447027003,-1.17091999670519,0.260428397882601,0.915864363509466,-5.92611855018381,"Human_vs_QC","limma_eBayes_BH"
"P17028","ZNF24",-0.554426937318173,23.8709588186659,-1.16944785335523,0.261002177695953,0.915864363509466,-5.92776884871693,"Human_vs_QC","limma_eBayes_BH"
"P55145","MANF",0.273654101851122,24.1149109901085,1.16856474164627,0.261346841087032,0.915864363509466,-5.92875801045099,"Human_vs_QC","limma_eBayes_BH"
"Q9NW68","BSDC1",-0.393639062019133,23.299739937465,-1.1679502119688,0.2615868866582,0.915864363509466,-5.92944597311616,"Human_vs_QC","limma_eBayes_BH"
"Q5VW32","BROX",0.290718314174956,24.4984709643092,1.16775781847672,0.261662073388454,0.915864363509466,-5.92966129519569,"Human_vs_QC","limma_eBayes_BH"
"Q14493","SLBP",-0.245894754165537,23.8675831686605,-1.16704374133075,0.261941276690334,0.915864363509466,-5.93046021676996,"Human_vs_QC","limma_eBayes_BH"
"Q9BWH6","RPAP1",-0.469163965442739,23.3589053252943,-1.16660704041676,0.262112138315111,0.915864363509466,-5.93094860628551,"Human_vs_QC","limma_eBayes_BH"
"Q9NVA2","SEPTIN11",-0.128912896015354,27.8996652132958,-1.16656658519801,0.262127970947497,0.915864363509466,-5.93099384220774,"Human_vs_QC","limma_eBayes_BH"
"P31937","HIBADH",-0.242324618553745,26.3048152757223,-1.16516928329117,0.262675270022195,0.915864363509466,-5.93255547179714,"Human_vs_QC","limma_eBayes_BH"
"Q9ULM3","YEATS2",0.610700318703341,20.3309303562751,1.16505949820128,0.262718307879637,0.915864363509466,-5.9326781024898,"Human_vs_QC","limma_eBayes_BH"
"P21912","SDHB",-0.227543364412536,25.5130672374069,-1.16491088678834,0.262776574972253,0.915864363509466,-5.93284408724014,"Human_vs_QC","limma_eBayes_BH"
"O95985","TOP3B",-0.440472623995159,23.2826671835897,-1.16390419461655,0.263171535352461,0.915864363509466,-5.93396800548111,"Human_vs_QC","limma_eBayes_BH"
"Q12904","AIMP1",-0.0946642469904226,26.3262671297144,-1.16346564825517,0.263343733911538,0.915864363509466,-5.93445736801068,"Human_vs_QC","limma_eBayes_BH"
"P00387","CYB5R3",-0.194239155185393,24.4487029864389,-1.16333149752802,0.263396426376151,0.915864363509466,-5.93460703288272,"Human_vs_QC","limma_eBayes_BH"
"Q9UBU8","MORF4L1",-0.378950610516572,23.0594353393545,-1.16193011773474,0.263947348929906,0.915864363509466,-5.93616962504402,"Human_vs_QC","limma_eBayes_BH"
"Q9NYJ1","COA4",0.249586940785356,25.2239193447099,1.16158361663125,0.264083703813473,0.915864363509466,-5.93655574685405,"Human_vs_QC","limma_eBayes_BH"
"O15247","CLIC2",0.22283794248786,24.8594201804419,1.161438060031,0.264140999162862,0.915864363509466,-5.9367179187259,"Human_vs_QC","limma_eBayes_BH"
"Q9H2M9","RAB3GAP2",-0.150452020540037,25.5259196657972,-1.1602420163015,0.26461215591081,0.915864363509466,-5.93804985398133,"Human_vs_QC","limma_eBayes_BH"
"Q0VDF9","HSPA14",0.082729468548159,25.0336692400654,1.15924086662567,0.265007030248324,0.915864363509466,-5.9391638785768,"Human_vs_QC","limma_eBayes_BH"
"O43290","SART1",-0.115505265323844,24.9965475467153,-1.1588921537641,0.265144675219452,0.915864363509466,-5.93955172023808,"Human_vs_QC","limma_eBayes_BH"
"Q92905","COPS5",-0.152250929923763,24.7037726099538,-1.15853777800952,0.265284611234375,0.915864363509466,-5.93994576124572,"Human_vs_QC","limma_eBayes_BH"
"P78316","NOP14",-0.203508194786359,24.4694922562775,-1.15801555801314,0.265490928122117,0.915864363509466,-5.94052625140663,"Human_vs_QC","limma_eBayes_BH"
"P49750","YLPM1",-0.222597301643013,24.3770039110056,-1.15705073849105,0.265872426991422,0.915864363509466,-5.94159815686592,"Human_vs_QC","limma_eBayes_BH"
"O95232","LUC7L3",0.131221220358764,25.9443071850457,1.15672248668412,0.266002315967461,0.915864363509466,-5.94196267281039,"Human_vs_QC","limma_eBayes_BH"
"Q8IX90","SKA3",-0.160852302947688,24.4015447424634,-1.15671419859713,0.266005596181684,0.915864363509466,-5.94197187542779,"Human_vs_QC","limma_eBayes_BH"
"Q15642","TRIP10",-0.243222182032611,24.7076273434578,-1.15653070391628,0.266078226597922,0.915864363509466,-5.94217560342444,"Human_vs_QC","limma_eBayes_BH"
"Q9H9A5","CNOT10",-0.508207909803971,23.4446508681755,-1.15568093090208,0.266414778422461,0.915864363509466,-5.94311872870868,"Human_vs_QC","limma_eBayes_BH"
"P62857","RPS28",0.633629508719217,28.6755714997685,1.15498246297453,0.266691648376036,0.915864363509466,-5.94389349698274,"Human_vs_QC","limma_eBayes_BH"
"Q9BZE4","GTPBP4",-0.168692156441359,24.31132209947,-1.15423912624415,0.266986544430119,0.915864363509466,-5.9447176089711,"Human_vs_QC","limma_eBayes_BH"
"Q9H6D7","HAUS4",-1.04211220276203,22.6669489668999,-1.15396640956698,0.267094798547625,0.915864363509466,-5.94501985030665,"Human_vs_QC","limma_eBayes_BH"
"Q9BUL8","PDCD10",-0.185490847797528,25.4128531798989,-1.15350530821098,0.267277907326672,0.915864363509466,-5.94553073635695,"Human_vs_QC","limma_eBayes_BH"
"P39925","AFG3",2.14574843474858,25.4689126333517,1.15311122518641,0.267434477939057,0.915864363509466,-5.94596723394957,"Human_vs_QC","limma_eBayes_BH"
"Q15813","TBCE",0.107930330345635,24.67970064793,1.15300922997256,0.267475012358781,0.915864363509466,-5.94608018660224,"Human_vs_QC","limma_eBayes_BH"
"Q9NVX2","NLE1",-0.138678756336269,24.6096222050607,-1.15245787143938,0.267694211298631,0.915864363509466,-5.94669063457498,"Human_vs_QC","limma_eBayes_BH"
"Q96B23","ARK2N",-0.491328813792887,21.3041510697193,-1.15209350314961,0.26783914499278,0.915864363509466,-5.94709391949608,"Human_vs_QC","limma_eBayes_BH"
"O43678","NDUFA2",0.100128462803127,24.3735587886989,1.15180752789703,0.267952938266136,0.915864363509466,-5.94741036443406,"Human_vs_QC","limma_eBayes_BH"
"Q96F24","NRBF2",-0.802243948700966,22.0324089969639,-1.15143214761648,0.268102362694796,0.915864363509466,-5.94782564124674,"Human_vs_QC","limma_eBayes_BH"
"O95758","PTBP3",0.0818675081128255,25.0232602608071,1.15134356575982,0.268137632946555,0.915864363509466,-5.94792362146311,"Human_vs_QC","limma_eBayes_BH"
"Q9NWU1","OXSM",-0.19612866771876,24.2837027650098,-1.15114073760682,0.268218405419356,0.915864363509466,-5.94814794571751,"Human_vs_QC","limma_eBayes_BH"
"Q86Y39","NDUFA11",-0.363760546318716,23.1906255827822,-1.15031709930371,0.268546593639732,0.915864363509466,-5.94905853760992,"Human_vs_QC","limma_eBayes_BH"
"Q9Y530","OARD1",-0.200274160643474,24.5734843345403,-1.14986795382331,0.268725689259602,0.915864363509466,-5.94955487251729,"Human_vs_QC","limma_eBayes_BH"
"Q9P2J5","LARS1",-0.0809061017197017,25.9810002951448,-1.14959971600167,0.268832691640368,0.915864363509466,-5.94985121595275,"Human_vs_QC","limma_eBayes_BH"
"Q9H8W4","PLEKHF2",-0.143914639312335,24.3890555145151,-1.1493771615204,0.268921495084474,0.915864363509466,-5.9500970458246,"Human_vs_QC","limma_eBayes_BH"
"O00566","MPHOSPH10",-0.0779487551366778,25.5416212753334,-1.14920473080397,0.268990313503201,0.915864363509466,-5.95028748266594,"Human_vs_QC","limma_eBayes_BH"
"Q9H936","SLC25A22",0.353307911453779,24.3684842283982,1.14742856375292,0.269699973303799,0.915864363509466,-5.95224774488963,"Human_vs_QC","limma_eBayes_BH"
"Q03692","COL10A1",-1.81037728393941,19.1493520214344,-1.14733821482707,0.26973610973809,0.915864363509466,-5.95234739091295,"Human_vs_QC","limma_eBayes_BH"
"O15550","KDM6A",-0.833899645113434,21.4262661129973,-1.14640060950257,0.27011133609899,0.915864363509466,-5.95338109280318,"Human_vs_QC","limma_eBayes_BH"
"P23368","ME2",-0.366241217502758,23.757765057421,-1.1453839629533,0.270518641457197,0.915864363509466,-5.95450114303494,"Human_vs_QC","limma_eBayes_BH"
"P55957","BID",0.157243621810483,25.0240525317759,1.14494409452859,0.270695012830128,0.915864363509466,-5.95498549460445,"Human_vs_QC","limma_eBayes_BH"
"O95235","KIF20A",-0.443561244863375,24.5205839872439,-1.14271718758755,0.271589259308974,0.915864363509466,-5.95743522944176,"Human_vs_QC","limma_eBayes_BH"
"P16083","NQO2",0.12436650826271,25.4713411566627,1.14058833593746,0.272446219386615,0.915864363509466,-5.95977338560082,"Human_vs_QC","limma_eBayes_BH"
"Q9NQT5","EXOSC3",0.0944871745903377,25.4872805998892,1.14057254085672,0.27245258526462,0.915864363509466,-5.95979072005369,"Human_vs_QC","limma_eBayes_BH"
"P04632","CAPNS1",0.205928578434889,26.0083814715928,1.1405070228168,0.272478992145995,0.915864363509466,-5.95986262127884,"Human_vs_QC","limma_eBayes_BH"
"P32519","ELF1",0.583534905822031,22.4233246532736,1.13958184693464,0.272852088661434,0.915864363509466,-5.96087756636369,"Human_vs_QC","limma_eBayes_BH"
"P05114","HMGN1",0.528003205472377,26.2761075713695,1.13715935215976,0.273830839994359,0.915864363509466,-5.96353186234208,"Human_vs_QC","limma_eBayes_BH"
"P78347","GTF2I",-0.151680555656327,26.3618845878929,-1.13656789093307,0.27407020821165,0.915864363509466,-5.96417920345765,"Human_vs_QC","limma_eBayes_BH"
"O15294","OGT",-0.14002015519862,25.4018515760118,-1.13651741129889,0.274090644966497,0.915864363509466,-5.96423443928285,"Human_vs_QC","limma_eBayes_BH"
"Q9Y6W3","CAPN7",-0.293118190762161,23.6682581621836,-1.13648022032861,0.274105702522384,0.915864363509466,-5.96427513307729,"Human_vs_QC","limma_eBayes_BH"
"Q9P2N5","RBM27",-0.205285239794755,24.6091179985772,-1.13606462829679,0.27427400630069,0.915864363509466,-5.96472979201122,"Human_vs_QC","limma_eBayes_BH"
"Q14657","LAGE3",0.540249931964656,23.5384756518163,1.13602452587336,0.2742902508488,0.915864363509466,-5.9647736568455,"Human_vs_QC","limma_eBayes_BH"
"Q02127","DHODH",0.556508341842271,22.4759344634774,1.13486186090935,0.274761534983562,0.915864363509466,-5.96604484143512,"Human_vs_QC","limma_eBayes_BH"
"Q14146","URB2",-0.360751263688627,23.5512128021148,-1.13402679014896,0.275100406372641,0.915864363509466,-5.96695718494005,"Human_vs_QC","limma_eBayes_BH"
"P54687","BCAT1",0.270373657135497,25.6013362270812,1.1337509723634,0.275212402379366,0.915864363509466,-5.96725840220697,"Human_vs_QC","limma_eBayes_BH"
"Q9BTE7","DCUN1D5",-0.364113077753107,23.9068588509431,-1.13334442074691,0.275377545667851,0.915864363509466,-5.96770228078861,"Human_vs_QC","limma_eBayes_BH"
"P13987","CD59",-0.417128045630228,25.2961899866693,-1.13280441398383,0.275597014675886,0.915864363509466,-5.96829166199604,"Human_vs_QC","limma_eBayes_BH"
"Q92614","MYO18A",-0.443663093273027,24.3085113416684,-1.13263695894914,0.275665098373885,0.915864363509466,-5.96847438030802,"Human_vs_QC","limma_eBayes_BH"
"Q15555","MAPRE2",0.0865248059973389,25.4722108111818,1.13208059459021,0.275891395512892,0.915864363509466,-5.96908129447394,"Human_vs_QC","limma_eBayes_BH"
"Q96S82","UBL7",0.365126910654453,23.1699614943388,1.13102406717398,0.276321515825749,0.915864363509466,-5.97023312960394,"Human_vs_QC","limma_eBayes_BH"
"Q9H7Z6","KAT8",2.01177786550168,20.5389720800071,1.13097856635274,0.276340050900701,0.915864363509466,-5.97028271480496,"Human_vs_QC","limma_eBayes_BH"
"Q2VPK5","CTU2",0.162017239833965,24.3238656074911,1.13071849640491,0.276446010181646,0.915864363509466,-5.97056609793531,"Human_vs_QC","limma_eBayes_BH"
"O95466","FMNL1",-0.964653398035406,20.6136674056844,-1.13062147691062,0.276485546295304,0.915864363509466,-5.97067180050219,"Human_vs_QC","limma_eBayes_BH"
"Q86U44","METTL3",-0.225579719583884,24.1441993490085,-1.13055027526676,0.276514564167632,0.915864363509466,-5.97074936974501,"Human_vs_QC","limma_eBayes_BH"
"Q9NP92","MRPS30",-0.3446044165863,24.1762596924058,-1.12988287568995,0.276786671093773,0.915864363509466,-5.97147625673256,"Human_vs_QC","limma_eBayes_BH"
"O75155","CAND2",-0.614338950942074,22.5153154536232,-1.12925798083335,0.27704163115305,0.915864363509466,-5.97215652521439,"Human_vs_QC","limma_eBayes_BH"
"Q9Y312","AAR2",-0.245589590401543,23.198359934266,-1.12897339499262,0.277157802131084,0.915864363509466,-5.97246622472023,"Human_vs_QC","limma_eBayes_BH"
"Q8N3C0","ASCC3",-0.390158994036334,24.383577890749,-1.12789088768284,0.277600028355359,0.915864363509466,-5.97364366306738,"Human_vs_QC","limma_eBayes_BH"
"O75629","CREG1",0.367250387292327,23.9488406537481,1.12772369377775,0.277668377794623,0.915864363509466,-5.97382543491865,"Human_vs_QC","limma_eBayes_BH"
"Q12905","ILF2",0.478940321356394,27.6447111103327,1.12765367012193,0.277697007467762,0.915864363509466,-5.97390155737069,"Human_vs_QC","limma_eBayes_BH"
"Q96EM0","L3HYPDH",0.833572104550495,22.2290390198603,1.1272949309775,0.277843715388482,0.915864363509466,-5.9742914793313,"Human_vs_QC","limma_eBayes_BH"
"Q8IY95","TMEM192",0.46023198501447,22.1677721349557,1.12643563496875,0.278195365394756,0.915864363509466,-5.97522504620715,"Human_vs_QC","limma_eBayes_BH"
"P07170","ADK1",0.716304479268942,27.4407212664685,1.12554277373956,0.278561105936241,0.915864363509466,-5.97619444839067,"Human_vs_QC","limma_eBayes_BH"
"P49915","GMPS",0.258319723954035,26.740744790092,1.12529758796402,0.278661604047152,0.915864363509466,-5.9764605402482,"Human_vs_QC","limma_eBayes_BH"
"O95777","LSM8",0.505057547265906,26.7088357847936,1.12515556398917,0.27871983009561,0.915864363509466,-5.97661465188754,"Human_vs_QC","limma_eBayes_BH"
"P32321","DCTD",-0.0994744226725324,24.2529794741201,-1.12461580318183,0.27894120111727,0.915864363509466,-5.97720020321914,"Human_vs_QC","limma_eBayes_BH"
"Q92820","GGH",-0.477141765887357,24.0811942721659,-1.12437159868953,0.279041399642329,0.915864363509466,-5.97746504747796,"Human_vs_QC","limma_eBayes_BH"
"Q5MNZ6","WDR45B",0.518590212945067,22.3571652682676,1.1233163972176,0.279474666021192,0.915864363509466,-5.97860887920506,"Human_vs_QC","limma_eBayes_BH"
"Q8IV08","PLD3",-0.133444796108467,24.0475279929616,-1.1232411351744,0.279505587968402,0.915864363509466,-5.97869042842172,"Human_vs_QC","limma_eBayes_BH"
"O00170","AIP",0.0866494688011095,24.6157771600534,1.12177907961869,0.280106794086865,0.915864363509466,-5.98027371172824,"Human_vs_QC","limma_eBayes_BH"
"Q68EM7","ARHGAP17",-0.771730478245367,25.8872364821991,-1.12171355590009,0.280133760560821,0.915864363509466,-5.98034462795772,"Human_vs_QC","limma_eBayes_BH"
"P30046","DDT",0.142205046726747,26.5669258574221,1.12047565739899,0.280643587651806,0.915864363509466,-5.98168375142025,"Human_vs_QC","limma_eBayes_BH"
"P13645","KRT10",-0.32807276266152,24.4510871115682,-1.119913635467,0.280875285524646,0.915864363509466,-5.98229132167441,"Human_vs_QC","limma_eBayes_BH"
"Q15390","MTFR1",0.822375386473645,20.1539470424035,1.11959329018653,0.281007414556631,0.915864363509466,-5.98263751455882,"Human_vs_QC","limma_eBayes_BH"
"Q7Z569","BRAP",-0.394940777640034,23.3710122271065,-1.11948984927451,0.281050089568082,0.915864363509466,-5.98274928403937,"Human_vs_QC","limma_eBayes_BH"
"O15027","SEC16A",-0.312157618836924,24.3795697024358,-1.11920345115859,0.28116826976516,0.915864363509466,-5.98305869638383,"Human_vs_QC","limma_eBayes_BH"
"Q8NFH4","NUP37",-0.0776379049548517,25.4812658526565,-1.11887246856976,0.281304893875874,0.915864363509466,-5.98341619319678,"Human_vs_QC","limma_eBayes_BH"
"Q8WVT3","TRAPPC12",-0.588991382023636,23.3220036788501,-1.11841369331033,0.281494351030195,0.915864363509466,-5.98391157318534,"Human_vs_QC","limma_eBayes_BH"
"Q8N9Z2","CCDC71L",-0.498067986147753,23.4871449708375,-1.11834506430258,0.281522700490952,0.915864363509466,-5.98398566330664,"Human_vs_QC","limma_eBayes_BH"
"O75380","NDUFS6",-0.235268644799181,25.1514278464113,-1.11743417021791,0.281899177999729,0.915864363509466,-5.98496867997172,"Human_vs_QC","limma_eBayes_BH"
"O00267","SUPT5H",-0.129200412282948,25.9076717340461,-1.11584229983446,0.2825580128057,0.915864363509466,-5.98668497725332,"Human_vs_QC","limma_eBayes_BH"
"Q9Y6Y8","SEC23IP",-0.60151104502474,23.5024186477731,-1.11543192116653,0.282728045066288,0.915864363509466,-5.98712709974707,"Human_vs_QC","limma_eBayes_BH"
"Q96JB3","HIC2",0.147216075459013,25.4231946090656,1.11481898304693,0.282982146554113,0.915864363509466,-5.98778719588184,"Human_vs_QC","limma_eBayes_BH"
"Q9UJ83","HACL1",0.8504143431358,20.9073808357727,1.11470509044702,0.283029381056668,0.915864363509466,-5.98790981754281,"Human_vs_QC","limma_eBayes_BH"
"Q9H967","WDR76",-0.298271926617367,24.4312766339334,-1.11466222011657,0.283047162132482,0.915864363509466,-5.98795597085498,"Human_vs_QC","limma_eBayes_BH"
"P49792","RANBP2",-0.0860593746389497,26.3034636122407,-1.11457594082692,0.28308295022438,0.915864363509466,-5.98804885283677,"Human_vs_QC","limma_eBayes_BH"
"P42330","AKR1C3",-0.13051414088881,25.7790085499496,-1.11425755434532,0.283215044208233,0.915864363509466,-5.98839155221338,"Human_vs_QC","limma_eBayes_BH"
"Q75N03","CBLL1",0.224489034009888,23.5491662600661,1.11357493088654,0.283498410453187,0.915864363509466,-5.98912602554664,"Human_vs_QC","limma_eBayes_BH"
"P04921","GYPC",0.437007958461219,23.9501392060933,1.11306927552914,0.283708451658196,0.915864363509466,-5.9896698450547,"Human_vs_QC","limma_eBayes_BH"
"Q8WU76","SCFD2",-0.227765874204984,23.0866546812281,-1.11293546241139,0.283764054989299,0.915864363509466,-5.98981372294125,"Human_vs_QC","limma_eBayes_BH"
"Q15154","PCM1",-0.23633063808472,25.1957537829237,-1.11152925369192,0.28434886983892,0.915864363509466,-5.99132482066954,"Human_vs_QC","limma_eBayes_BH"
"Q9Y244","POMP",0.131164644010301,25.5879598794547,1.11122603723696,0.284475089756259,0.915864363509466,-5.99165044354064,"Human_vs_QC","limma_eBayes_BH"
"Q13952","NFYC",-0.166641635144792,23.7786960339466,-1.11074882261078,0.284673824768376,0.915864363509466,-5.99216277102806,"Human_vs_QC","limma_eBayes_BH"
"P52298","NCBP2",-0.590532945130175,23.7206319312076,-1.11031720199586,0.284853661659011,0.915864363509466,-5.99262599037983,"Human_vs_QC","limma_eBayes_BH"
"Q9Y6M1","IGF2BP2",-0.190461986307177,24.5097432545023,-1.10765523802756,0.285964659955936,0.915864363509466,-5.9954794878761,"Human_vs_QC","limma_eBayes_BH"
"P78559","MAP1A",-0.282017824353616,24.4360852768681,-1.10757459299886,0.285998368444703,0.915864363509466,-5.99556584551949,"Human_vs_QC","limma_eBayes_BH"
"Q16643","DBN1",-0.0753752872091411,26.2137767959966,-1.10693330623556,0.286266522938236,0.915864363509466,-5.99625237043177,"Human_vs_QC","limma_eBayes_BH"
"Q86VP6","CAND1",0.21674010485917,26.0091981975971,1.1062697777739,0.286544175394208,0.915864363509466,-5.99696235366319,"Human_vs_QC","limma_eBayes_BH"
"Q9NYY8","FASTKD2",-0.255535803667687,24.3420225259295,-1.10598769596355,0.28666227297388,0.915864363509466,-5.99726407591837,"Human_vs_QC","limma_eBayes_BH"
"P10155","RO60",-0.093411748116683,25.5437395765221,-1.10598614599845,0.286662921989263,0.915864363509466,-5.99726573362353,"Human_vs_QC","limma_eBayes_BH"
"P63241","EIF5A",0.812308187588815,29.1924516798837,1.10571629279932,0.286775934077628,0.915864363509466,-5.99755431484368,"Human_vs_QC","limma_eBayes_BH"
"O15381","NVL",-0.265556267776176,23.8577581329194,-1.10512521278269,0.287023589245072,0.915864363509466,-5.99818620903419,"Human_vs_QC","limma_eBayes_BH"
"Q99471","PFDN5",0.133823532406552,25.9122565161407,1.10303968158645,0.287898675714911,0.915864363509466,-6.00041347220661,"Human_vs_QC","limma_eBayes_BH"
"P52815","MRPL12",0.396295193074415,26.6367348584445,1.10243380737799,0.288153272373568,0.915864363509466,-6.00105985671865,"Human_vs_QC","limma_eBayes_BH"
"Q8NFC6","BOD1L1",-0.631407805198862,23.7044709644006,-1.10154202562644,0.288528316554341,0.915864363509466,-6.00201072057099,"Human_vs_QC","limma_eBayes_BH"
"Q9UGI8","TES",-0.27033942191504,24.4940951165572,-1.1008273734423,0.28882913027723,0.915864363509466,-6.002772251329,"Human_vs_QC","limma_eBayes_BH"
"Q52LJ0","FAM98B",-0.115233001210285,24.9871330031534,-1.1001296254002,0.289123053998176,0.915864363509466,-6.00351536688612,"Human_vs_QC","limma_eBayes_BH"
"Q9P2R7","SUCLA2",-0.198642497874935,25.262011667365,-1.09992001498074,0.289211395090496,0.915864363509466,-6.00373852851477,"Human_vs_QC","limma_eBayes_BH"
"Q6P4I2","WDR73",0.595679425140087,21.9290267451806,1.09864064023423,0.289751028110237,0.915864363509466,-6.00509983628387,"Human_vs_QC","limma_eBayes_BH"
"P63313","TMSB10",0.643866663973061,27.6226886128812,1.09858542112627,0.289774336077755,0.915864363509466,-6.00515856160265,"Human_vs_QC","limma_eBayes_BH"
"Q9Y4C2","TCAF1",-0.303059810020397,24.3296102928769,-1.09854117888994,0.289793011718233,0.915864363509466,-6.00520561126096,"Human_vs_QC","limma_eBayes_BH"
"P60059","SEC61G",0.403086683349969,22.9522143773875,1.09780012991652,0.290105958286665,0.915864363509466,-6.00599344623717,"Human_vs_QC","limma_eBayes_BH"
"O00471","EXOC5",-0.368103844129994,23.5701310167855,-1.09561113045804,0.291031845663468,0.915864363509466,-6.00831802596094,"Human_vs_QC","limma_eBayes_BH"
"Q9UJV9","DDX41",-0.112973901447443,26.0175795177768,-1.09476984978434,0.291388268360306,0.915864363509466,-6.00921037041864,"Human_vs_QC","limma_eBayes_BH"
"Q9BT09","CNPY3",-0.408685875735571,22.3441619102488,-1.09471680626356,0.291410752006246,0.915864363509466,-6.00926661414631,"Human_vs_QC","limma_eBayes_BH"
"Q9NQW7","XPNPEP1",-0.272415505622444,23.8909025504774,-1.09452979464747,0.291490031217991,0.915864363509466,-6.00946489012182,"Human_vs_QC","limma_eBayes_BH"
"O95363","FARS2",-0.856082642473549,22.4698758664885,-1.09419783382487,0.29163079773551,0.915864363509466,-6.00981677558423,"Human_vs_QC","limma_eBayes_BH"
"Q8N183","NDUFAF2",-0.23830224378565,24.5900859999805,-1.09402234833718,0.291705231983687,0.915864363509466,-6.01000275744463,"Human_vs_QC","limma_eBayes_BH"
"P46777","RPL5",0.205101266161602,28.724192885028,1.09325035527369,0.292032849603375,0.915864363509466,-6.01082062651831,"Human_vs_QC","limma_eBayes_BH"
"Q9BV79","MECR",-0.73896438530349,22.9989174045509,-1.09323687833901,0.292038571357063,0.915864363509466,-6.01083489999079,"Human_vs_QC","limma_eBayes_BH"
"P50995","ANXA11",0.196454891418298,25.7228900423411,1.09308205012141,0.292104311040389,0.915864363509466,-6.01099886846953,"Human_vs_QC","limma_eBayes_BH"
"Q9H2V7","SPNS1",-0.455504631041688,22.7902601819445,-1.09278438955872,0.29223072786127,0.915864363509466,-6.01131404621584,"Human_vs_QC","limma_eBayes_BH"
"Q9H1E3","NUCKS1",0.339243551761175,25.7309612675266,1.09149323225366,0.29277955431248,0.915864363509466,-6.01268034710289,"Human_vs_QC","limma_eBayes_BH"
"Q9BYD2","MRPL9",-0.257231452150968,23.3740828566396,-1.09036969056401,0.293257755285364,0.915864363509466,-6.0138681654648,"Human_vs_QC","limma_eBayes_BH"
"O95817","BAG3",-0.263536005289335,24.1654052478087,-1.09008768988111,0.293377871122407,0.915864363509466,-6.01416613660584,"Human_vs_QC","limma_eBayes_BH"
"Q9H7B2","RPF2",0.231797729441951,23.2278234590274,1.08930526267445,0.293711330537074,0.915864363509466,-6.0149925331895,"Human_vs_QC","limma_eBayes_BH"
"Q8TCS8","PNPT1",0.0825229072242557,25.1359166348195,1.08915731390088,0.293774415797086,0.915864363509466,-6.01514873964512,"Human_vs_QC","limma_eBayes_BH"
"P43362","MAGEA9",-0.52654311286777,22.5185231603418,-1.0882942156296,0.294142640600548,0.915864363509466,-6.01605965322102,"Human_vs_QC","limma_eBayes_BH"
"Q9UI12","ATP6V1H",-0.23806905007989,24.7373842021568,-1.08820148560823,0.294182222480645,0.915864363509466,-6.01615748407404,"Human_vs_QC","limma_eBayes_BH"
"Q9NZM5","NOP53",-0.454161071716381,24.1299129103728,-1.0878150460277,0.29434721701552,0.915864363509466,-6.01656510465897,"Human_vs_QC","limma_eBayes_BH"
"Q9C005","DPY30",1.29840483635508,23.2626810548862,1.08682296698009,0.294771109815045,0.915864363509466,-6.01761099870973,"Human_vs_QC","limma_eBayes_BH"
"O75376","NCOR1",-0.456535610144591,22.9680710771818,-1.08656607379436,0.294880948101798,0.915864363509466,-6.01788169521798,"Human_vs_QC","limma_eBayes_BH"
"O75663","TIPRL",-0.124240988354554,25.4551675074131,-1.08638447655101,0.294958610838738,0.915864363509466,-6.01807301729245,"Human_vs_QC","limma_eBayes_BH"
"P11388","TOP2A",-0.43855416809869,24.3642805575243,-1.0861868294932,0.295043154730463,0.915864363509466,-6.01828121788352,"Human_vs_QC","limma_eBayes_BH"
"O95163","ELP1",-0.1594182160432,25.1016423619597,-1.08551593907095,0.29533026317973,0.915864363509466,-6.0189876916664,"Human_vs_QC","limma_eBayes_BH"
"O43913","ORC5",0.127585286265926,23.422913709666,1.08374707375091,0.296088242957949,0.915864363509466,-6.02084860203608,"Human_vs_QC","limma_eBayes_BH"
"Q9NP97","DYNLRB1",0.352248155764688,25.1078483883372,1.08362637846458,0.296140014730237,0.915864363509466,-6.02097548407386,"Human_vs_QC","limma_eBayes_BH"
"O60749","SNX2",-0.129480782803807,25.2695556717787,-1.08289973374707,0.296451847678429,0.915864363509466,-6.02173912279621,"Human_vs_QC","limma_eBayes_BH"
"Q13177","PAK2",0.122626923975304,26.2104450957285,1.08278299329198,0.296501968413072,0.915864363509466,-6.02186176608662,"Human_vs_QC","limma_eBayes_BH"
"Q9BYE7","PCGF6",-0.437264614636728,22.4330045590458,-1.08034266213959,0.297551122344603,0.915864363509466,-6.02442292111197,"Human_vs_QC","limma_eBayes_BH"
"O75427","LRCH4",0.577095760610124,21.3458491715104,1.08004946269583,0.297677359815016,0.915864363509466,-6.02473030720538,"Human_vs_QC","limma_eBayes_BH"
"P41567","EIF1",0.349881782371988,27.350002252135,1.07906984374763,0.298099423161196,0.915864363509466,-6.0257568119513,"Human_vs_QC","limma_eBayes_BH"
"P62081","RPS7",0.705443785200039,28.1588886483663,1.07899696909087,0.298130838450386,0.915864363509466,-6.02583314287413,"Human_vs_QC","limma_eBayes_BH"
"Q9H6S0","YTHDC2",1.06767008683066,22.648995998927,1.0778222407843,0.29863758544436,0.915864363509466,-6.02706298151297,"Human_vs_QC","limma_eBayes_BH"
"Q8NFH5","NUP35",-0.127987516624348,25.5634372132097,-1.07693086719958,0.299022524629842,0.915864363509466,-6.02799541292337,"Human_vs_QC","limma_eBayes_BH"
"P41227","NAA10",0.131059691422539,25.9916546736867,1.0766255196002,0.299154472964926,0.915864363509466,-6.0283146744975,"Human_vs_QC","limma_eBayes_BH"
"P48059","LIMS1",-0.126705950460099,24.4894350795585,-1.07546322250035,0.299657123502642,0.915864363509466,-6.0295292308562,"Human_vs_QC","limma_eBayes_BH"
"Q14331","FRG1",-0.176711538599065,23.9776204003324,-1.07545377877417,0.299661210114156,0.915864363509466,-6.02953909462456,"Human_vs_QC","limma_eBayes_BH"
"P07199","CENPB",0.654271463530399,22.1160758752116,1.07541623118876,0.299677458598123,0.915864363509466,-6.02957831153949,"Human_vs_QC","limma_eBayes_BH"
"Q15075","EEA1",-0.278150141216273,25.7826576782248,-1.07539133020168,0.299688234703597,0.915864363509466,-6.02960431895858,"Human_vs_QC","limma_eBayes_BH"
"Q9NRN9","METTL5",-0.377639475394485,22.939518600987,-1.07527863136922,0.299737009616118,0.915864363509466,-6.02972201896569,"Human_vs_QC","limma_eBayes_BH"
"P61513","RPL37A",-0.188039112625209,26.1911878396075,-1.07487343873301,0.299912421229578,0.915864363509466,-6.03014510597942,"Human_vs_QC","limma_eBayes_BH"
"Q07666","KHDRBS1",0.356700904622148,27.2261227398463,1.07484472282498,0.299924855480744,0.915864363509466,-6.03017508491324,"Human_vs_QC","limma_eBayes_BH"
"O15111","CHUK",-0.587457924288223,25.2751538011536,-1.07446032477438,0.300091339948045,0.915864363509466,-6.03057632455667,"Human_vs_QC","limma_eBayes_BH"
"Q9UGP4","LIMD1",-0.335956944935397,23.2715830086983,-1.07399291395786,0.300293869353559,0.915864363509466,-6.03106404956653,"Human_vs_QC","limma_eBayes_BH"
"Q9NR33","POLE4",0.471279838896702,23.5697385874434,1.07360126253118,0.300463649707784,0.915864363509466,-6.03147258362241,"Human_vs_QC","limma_eBayes_BH"
"P33316","DUT",0.491624679953432,27.3763054774683,1.07332607940859,0.300582983507607,0.915864363509466,-6.03175955305014,"Human_vs_QC","limma_eBayes_BH"
"O00743","PPP6C",-0.170016675234287,24.5784753915574,-1.07259318162586,0.300900976643236,0.915864363509466,-6.03252353611464,"Human_vs_QC","limma_eBayes_BH"
"Q9UFF9","CNOT8",-1.57755145399387,21.6145957838006,-1.07238017420794,0.300993443754005,0.915864363509466,-6.03274549480185,"Human_vs_QC","limma_eBayes_BH"
"P38630","RFC1",0.416156432735345,23.4774510475156,1.07162332102429,0.301322165073307,0.915864363509466,-6.03353384998362,"Human_vs_QC","limma_eBayes_BH"
"Q9ULU4","ZMYND8",-0.273176894935872,24.7960357165899,-1.07141129317654,0.301414301737754,0.915864363509466,-6.03375461798687,"Human_vs_QC","limma_eBayes_BH"
"P02549","SPTA1",-0.150020054136064,25.5854063689031,-1.07063690092935,0.301750989932523,0.915864363509466,-6.03456061610436,"Human_vs_QC","limma_eBayes_BH"
"P62995","TRA2B",0.405495251791294,27.3010520562891,1.07002152752388,0.302018737613916,0.915864363509466,-6.03520075143717,"Human_vs_QC","limma_eBayes_BH"
"Q96DM3","RMC1",0.641473203852964,22.9784998621261,1.06955218663984,0.302223064303848,0.915864363509466,-6.03568876740648,"Human_vs_QC","limma_eBayes_BH"
"P30040","ERP29",0.404824664733216,25.9903542343543,1.06910540492393,0.302417664344025,0.915864363509466,-6.0361531571739,"Human_vs_QC","limma_eBayes_BH"
"Q5T200","ZC3H13",-0.287463830491028,23.5072282353502,-1.06891428490357,0.302500936626118,0.915864363509466,-6.03635175893185,"Human_vs_QC","limma_eBayes_BH"
"Q9Y3D8","AK6",-0.201869771435359,29.1081859829099,-1.06843797507689,0.302708541397077,0.915864363509466,-6.03684658314812,"Human_vs_QC","limma_eBayes_BH"
"Q9H7E9","C8orf33",-0.315978914980334,23.8494240462181,-1.06836437045264,0.302740632107563,0.915864363509466,-6.03692303205953,"Human_vs_QC","limma_eBayes_BH"
"P30520","ADSS2",0.139934657245213,25.6900878711647,1.06820024299117,0.302812198667095,0.915864363509466,-6.03709348570441,"Human_vs_QC","limma_eBayes_BH"
"O60493","SNX3",0.308769935124161,25.5156650429079,1.06658536264473,0.303517018437854,0.915864363509466,-6.03876942053946,"Human_vs_QC","limma_eBayes_BH"
"P06748","NPM1",0.756643500635711,30.598273237927,1.06655881762597,0.303528614157475,0.915864363509466,-6.03879695110448,"Human_vs_QC","limma_eBayes_BH"
"P42575","CASP2",-0.760594411933848,22.7385928141847,-1.06618536778882,0.30369178357585,0.915864363509466,-6.0391842042358,"Human_vs_QC","limma_eBayes_BH"
"P22830","FECH",-0.106003644599145,24.6028654834112,-1.06569210789285,0.303907399685826,0.915864363509466,-6.03969551858892,"Human_vs_QC","limma_eBayes_BH"
"Q08945","SSRP1",0.243077438041936,26.2062324159627,1.06534212463408,0.304060454193785,0.915864363509466,-6.04005818969697,"Human_vs_QC","limma_eBayes_BH"
"Q96AT1","KIAA1143",-0.411716827515832,23.743170599127,-1.06494904563354,0.304232422778272,0.915864363509466,-6.04046539777268,"Human_vs_QC","limma_eBayes_BH"
"O75381","PEX14",-0.100267733559495,24.0756824584093,-1.06494575691775,0.304233861863451,0.915864363509466,-6.04046880415953,"Human_vs_QC","limma_eBayes_BH"
"Q9BU61","NDUFAF3",0.47073221390453,24.0462661389593,1.06444050098909,0.304455012483525,0.915864363509466,-6.04099203170151,"Human_vs_QC","limma_eBayes_BH"
"A1L020","MEX3A",-0.598320127568723,21.9027478073816,-1.06419151652291,0.304564036420856,0.915864363509466,-6.04124979448089,"Human_vs_QC","limma_eBayes_BH"
"Q8IVM0","CCDC50",-0.301810781752973,24.4124175201685,-1.06351560398312,0.304860145704743,0.915864363509466,-6.04194927794525,"Human_vs_QC","limma_eBayes_BH"
"P28331","NDUFS1",0.102118430359756,24.7323149121977,1.06294400589066,0.305110720849922,0.915864363509466,-6.0425405133225,"Human_vs_QC","limma_eBayes_BH"
"Q9Y5K6","CD2AP",-0.0813063765181639,25.0983263809936,-1.06199579825385,0.305526725837703,0.915864363509466,-6.04352069847601,"Human_vs_QC","limma_eBayes_BH"
"P53701","HCCS",-0.17286226724811,25.1738687863827,-1.0612514284957,0.305853592756411,0.915864363509466,-6.04428964831679,"Human_vs_QC","limma_eBayes_BH"
"Q6PI48","DARS2",-0.116597885791478,24.4064834175248,-1.06101313316051,0.305958286912667,0.915864363509466,-6.04453571521848,"Human_vs_QC","limma_eBayes_BH"
"O95456","PSMG1",0.292166431124411,25.2962853676389,1.05999568406521,0.306405594793852,0.915864363509466,-6.04558581570823,"Human_vs_QC","limma_eBayes_BH"
"P17707","AMD1",-0.542892492912095,22.0385947932829,-1.05952483254308,0.306612760442569,0.915864363509466,-6.046071486296,"Human_vs_QC","limma_eBayes_BH"
"Q9BRF8","CPPED1",-0.0831797930757787,24.7030270273333,-1.0593405115316,0.30669388609043,0.915864363509466,-6.04626155822563,"Human_vs_QC","limma_eBayes_BH"
"Q9UJ41","RABGEF1",0.841391313495826,22.4915285579754,1.0589799095805,0.306852644147479,0.915864363509466,-6.04663332946283,"Human_vs_QC","limma_eBayes_BH"
"Q8WVB6","CHTF18",0.433468686110178,21.0615744990537,1.05824773983689,0.307175173174852,0.915864363509466,-6.04738784473156,"Human_vs_QC","limma_eBayes_BH"
"Q99952","PTPN18",-0.916143624860403,24.1019234843085,-1.05743589658777,0.30753308933152,0.915864363509466,-6.04822394372325,"Human_vs_QC","limma_eBayes_BH"
"Q99436","PSMB7",0.146977595534747,26.7244357503366,1.05733137127541,0.307579193421205,0.915864363509466,-6.04833155212689,"Human_vs_QC","limma_eBayes_BH"
"P51151","RAB9A",0.705521330470944,22.0001612309918,1.05654865644775,0.307924594499415,0.915864363509466,-6.0491370650097,"Human_vs_QC","limma_eBayes_BH"
"Q04323","UBXN1",0.114318148522926,25.9995695735121,1.05653900751973,0.307928854205766,0.915864363509466,-6.04914699179901,"Human_vs_QC","limma_eBayes_BH"
"O95372","LYPLA2",0.192626284697305,26.0390111902749,1.05590669161219,0.308208096293577,0.915864363509466,-6.04979734759873,"Human_vs_QC","limma_eBayes_BH"
"O75791","GRAP2",-1.02889510129143,20.3137419139067,-1.05582603016748,0.308243731153824,0.915864363509466,-6.04988028636101,"Human_vs_QC","limma_eBayes_BH"
"Q16626","MEA1",-0.460426469207206,22.3771000777603,-1.05547034215535,0.308400904028494,0.915864363509466,-6.05024595189949,"Human_vs_QC","limma_eBayes_BH"
"Q2TAY7","SMU1",0.0745085238739911,26.8990897001939,1.05520495949148,0.308518210569618,0.915864363509466,-6.05051871026538,"Human_vs_QC","limma_eBayes_BH"
"O00231","PSMD11",0.260094700934449,28.8969451944713,1.05342734904857,0.309304805019881,0.915864363509466,-6.05234421242491,"Human_vs_QC","limma_eBayes_BH"
"Q9BQ39","DDX50",-0.0885647156858163,25.08605089857,-1.05311376675149,0.309443717402619,0.915864363509466,-6.0526659698662,"Human_vs_QC","limma_eBayes_BH"
"P61077","UBE2D3",0.400878250449029,26.1297592283401,1.05299277081082,0.309497329020787,0.915864363509466,-6.05279009827234,"Human_vs_QC","limma_eBayes_BH"
"P00374","DHFR",-0.178621098724889,25.134197351012,-1.05290337111081,0.309536945141956,0.915864363509466,-6.05288180460091,"Human_vs_QC","limma_eBayes_BH"
"Q12968","NFATC3",0.610255759849007,22.0712577388141,1.05273650436684,0.309610899516138,0.915864363509466,-6.05305295889569,"Human_vs_QC","limma_eBayes_BH"
"P08397","HMBS",0.246941377988403,26.6937053063601,1.05272134877261,0.309617617026848,0.915864363509466,-6.05306850275455,"Human_vs_QC","limma_eBayes_BH"
"Q06210","GFPT1",0.0972140022940273,26.446179075658,1.05137634340685,0.310214196243711,0.915864363509466,-6.05444720232106,"Human_vs_QC","limma_eBayes_BH"
"Q9P270","SLAIN2",-0.509870737271321,22.9581397932244,-1.05131220239327,0.3102426670356,0.915864363509466,-6.05451291245364,"Human_vs_QC","limma_eBayes_BH"
"Q5VWZ2","LYPLAL1",-0.106218565539155,24.3134419235727,-1.05105428232436,0.310357171360679,0.915864363509466,-6.05477710751557,"Human_vs_QC","limma_eBayes_BH"
"P49841","GSK3B",-0.400212243794083,23.2128199134361,-1.05083868305782,0.310452910911568,0.915864363509466,-6.05499790954678,"Human_vs_QC","limma_eBayes_BH"
"Q96A00","PPP1R14A",-0.303034764885094,24.5786537684999,-1.04931658171118,0.311129432194452,0.915864363509466,-6.05655563779525,"Human_vs_QC","limma_eBayes_BH"
"P56385","ATP5ME",0.314024011281326,25.84017848401,1.04920482017873,0.311179148657375,0.915864363509466,-6.05666993903001,"Human_vs_QC","limma_eBayes_BH"
"P38646","HSPA9",0.411220917179399,28.5743052980209,1.04842190412408,0.311527586706184,0.915864363509466,-6.05747035377722,"Human_vs_QC","limma_eBayes_BH"
"P43490","NAMPT",0.199437571667861,26.9027283242966,1.04825130201553,0.311603551173852,0.915864363509466,-6.05764470101039,"Human_vs_QC","limma_eBayes_BH"
"Q9NYK5","MRPL39",0.0795181751756466,24.3675625291074,1.04701695882842,0.312153572778278,0.915864363509466,-6.05890541641534,"Human_vs_QC","limma_eBayes_BH"
"P31689","DNAJA1",0.241542334587088,27.8204138410688,1.04684648418733,0.312229591594893,0.915864363509466,-6.05907943322918,"Human_vs_QC","limma_eBayes_BH"
"Q6NYC8","PPP1R18",-0.322599600171362,23.7094806813904,-1.04657905140055,0.312348873592527,0.915864363509466,-6.05935237386026,"Human_vs_QC","limma_eBayes_BH"
"O00273","DFFA",-0.119516723030969,25.3546845971472,-1.0465197516332,0.312375327330533,0.915864363509466,-6.05941288682135,"Human_vs_QC","limma_eBayes_BH"
"Q9BTW9","TBCD",-0.205929271588598,24.9541770309139,-1.04512744019276,0.31299690905969,0.915864363509466,-6.06083283797729,"Human_vs_QC","limma_eBayes_BH"
"Q53HL2","CDCA8",-0.267980587532691,23.8303284220854,-1.04502528575245,0.313042550185033,0.915864363509466,-6.06093695650357,"Human_vs_QC","limma_eBayes_BH"
"Q9Y2S7","POLDIP2",-0.147218548554303,24.1445069688914,-1.04421895163893,0.313402978621614,0.915864363509466,-6.06175848722771,"Human_vs_QC","limma_eBayes_BH"
"O75528","TADA3",0.587102153905956,21.8555894955976,1.04416066983604,0.313429042073789,0.915864363509466,-6.06181784635562,"Human_vs_QC","limma_eBayes_BH"
"Q9Y5Y2","NUBP2",0.0882046814998638,24.0940771698411,1.04414899837919,0.313434261704758,0.915864363509466,-6.06182973321485,"Human_vs_QC","limma_eBayes_BH"
"O60783","MRPS14",-0.275158293247255,23.6412518743668,-1.0438332209489,0.313575505581255,0.915864363509466,-6.06215129519584,"Human_vs_QC","limma_eBayes_BH"
"Q8NCE2","MTMR14",-0.738108739107737,21.4089210090401,-1.04366566667316,0.313650469621972,0.915864363509466,-6.06232188490975,"Human_vs_QC","limma_eBayes_BH"
"Q8NB37","GATD1",0.109342188263547,23.3299785545763,1.04255232038285,0.314148913564846,0.915864363509466,-6.0634548037358,"Human_vs_QC","limma_eBayes_BH"
"Q96KC2","ARL5B",0.618620349766331,22.6748115828612,1.04249350653627,0.314175260468432,0.915864363509466,-6.06351462265892,"Human_vs_QC","limma_eBayes_BH"
"P53618","COPB1",0.107376123052855,25.8944510265652,1.04240692378141,0.314214049963765,0.915864363509466,-6.06360267976427,"Human_vs_QC","limma_eBayes_BH"
"Q8WWW0","RASSF5",0.717492134207415,20.3465626307778,1.04127998470752,0.31471924174989,0.915864363509466,-6.06474823577796,"Human_vs_QC","limma_eBayes_BH"
"P24928","POLR2A",-0.194619339533929,25.0540144747227,-1.04089038951901,0.314894029316031,0.915864363509466,-6.06514401950761,"Human_vs_QC","limma_eBayes_BH"
"Q13596","SNX1",0.0703678958946625,25.3323513183269,1.03994506202289,0.315318433178581,0.915864363509466,-6.06610383420318,"Human_vs_QC","limma_eBayes_BH"
"Q15005","SPCS2",-0.675176047872974,22.0154804388779,-1.03946212468175,0.315535407683287,0.915864363509466,-6.06659388342394,"Human_vs_QC","limma_eBayes_BH"
"Q7Z4H8","POGLUT3",-0.535312061010263,22.3491696092092,-1.03944983776924,0.315540929371752,0.915864363509466,-6.0666063487258,"Human_vs_QC","limma_eBayes_BH"
"P04406","GAPDH",0.69137687078236,31.2503758933829,1.03932408232916,0.315597447388362,0.915864363509466,-6.06673392268509,"Human_vs_QC","limma_eBayes_BH"
"Q15291","RBBP5",-0.209203145512852,24.9054225643391,-1.03879585292823,0.315834928749413,0.915864363509466,-6.06726964580607,"Human_vs_QC","limma_eBayes_BH"
"Q96GU1","PAGE5",0.468778548504421,27.0001500681603,1.03864670698831,0.315902005255041,0.915864363509466,-6.06742086522862,"Human_vs_QC","limma_eBayes_BH"
"Q96GD0","PDXP",-0.295647297515384,24.0720714732207,-1.03718092370164,0.316561772977266,0.915864363509466,-6.06890603322186,"Human_vs_QC","limma_eBayes_BH"
"Q9Y512","SAMM50",0.128725998450847,25.0898902956539,1.03708300266564,0.316605884074874,0.915864363509466,-6.06900518498614,"Human_vs_QC","limma_eBayes_BH"
"Q5VZL5","ZMYM4",-0.388652487557113,23.3052705209518,-1.03687439169993,0.316699873218893,0.915864363509466,-6.06921639105262,"Human_vs_QC","limma_eBayes_BH"
"Q53H82","LACTB2",-0.218552364758356,24.5149549561362,-1.03663828858709,0.316806273290898,0.915864363509466,-6.06945538718726,"Human_vs_QC","limma_eBayes_BH"
"O75368","SH3BGRL",0.251010973796397,25.4956385960861,1.03652798936775,0.316855988612564,0.915864363509466,-6.06956702188537,"Human_vs_QC","limma_eBayes_BH"
"P14406","COX7A2",0.398584512155931,25.7823469761798,1.03605940709469,0.317067256425011,0.915864363509466,-6.07004116375443,"Human_vs_QC","limma_eBayes_BH"
"Q6PJ69","TRIM65",-0.34603875954372,22.7462639625973,-1.03601789700581,0.317085976835782,0.915864363509466,-6.07008315745734,"Human_vs_QC","limma_eBayes_BH"
"Q9UQR0","SCML2",-0.232219819160349,23.7834705947898,-1.03582827834649,0.317171502121491,0.915864363509466,-6.07027496686666,"Human_vs_QC","limma_eBayes_BH"
"P40222","TXLNA",-0.138870611657001,26.7031023028693,-1.03503249698469,0.317530612378154,0.915864363509466,-6.07107961288104,"Human_vs_QC","limma_eBayes_BH"
"Q99961","SH3GL1",-0.104362333330013,24.718299404011,-1.03287386463533,0.318506216316134,0.915864363509466,-6.07325961152739,"Human_vs_QC","limma_eBayes_BH"
"P52888","THOP1",0.0762434401236796,25.7810375738799,1.03276179888466,0.318556924152065,0.915864363509466,-6.07337267953533,"Human_vs_QC","limma_eBayes_BH"
"Q96T76","MMS19",-0.152655549771829,24.9262938519405,-1.03263604774894,0.318613831348937,0.915864363509466,-6.07349954274663,"Human_vs_QC","limma_eBayes_BH"
"P43246","MSH2",0.140848434609794,26.5114859336037,1.03199770913678,0.318902817468742,0.915864363509466,-6.07414332133955,"Human_vs_QC","limma_eBayes_BH"
"Q9Y6D5","ARFGEF2",-0.42835374415144,21.1731293569911,-1.03179124139051,0.318996329314987,0.915864363509466,-6.07435147525086,"Human_vs_QC","limma_eBayes_BH"
"Q8TF01","PNISR",0.624610953526407,22.5688111444177,1.03176319994464,0.319009031169791,0.915864363509466,-6.07437974293694,"Human_vs_QC","limma_eBayes_BH"
"P60709","ACTB",0.784428083823908,31.766153664577,1.0310876324117,0.319315151716268,0.915864363509466,-6.07506056099155,"Human_vs_QC","limma_eBayes_BH"
"P49756","RBM25",-0.163062066516478,25.7034112558565,-1.03061343757695,0.319530150958248,0.915864363509466,-6.07553821183588,"Human_vs_QC","limma_eBayes_BH"
"Q8TAF3","WDR48",-0.307038497312249,23.5428268069344,-1.0288664897813,0.320323117782247,0.915864363509466,-6.07729625809633,"Human_vs_QC","limma_eBayes_BH"
"O15014","ZNF609",0.31911973914702,22.4826310290277,1.02809825202771,0.320672282753842,0.915864363509466,-6.0780685626824,"Human_vs_QC","limma_eBayes_BH"
"Q9Y692","GMEB1",-0.678641033409022,22.3040778339641,-1.0278625977083,0.32077944301185,0.915864363509466,-6.07830536481099,"Human_vs_QC","limma_eBayes_BH"
"Q9NVH1","DNAJC11",-0.0763686862992401,24.6618944407001,-1.02688768985755,0.321223042557119,0.915864363509466,-6.07928452377405,"Human_vs_QC","limma_eBayes_BH"
"P04792","HSPB1",0.518038229174149,28.4214002100355,1.0266722528012,0.32132112978807,0.915864363509466,-6.07950079214635,"Human_vs_QC","limma_eBayes_BH"
"P17706","PTPN2",-0.645969645837315,22.4850726998577,-1.02642904210509,0.32143188817824,0.915864363509466,-6.07974489429749,"Human_vs_QC","limma_eBayes_BH"
"Q6UX04","CWC27",0.130761263268599,24.1264883585789,1.02572021041658,0.321754848031448,0.915864363509466,-6.08045603953008,"Human_vs_QC","limma_eBayes_BH"
"P32324","EFT1",-0.622100867522263,28.2085342009875,-1.0256324827083,0.3217948350522,0.915864363509466,-6.08054402409842,"Human_vs_QC","limma_eBayes_BH"
"P60228","EIF3E",-0.0741421271207905,26.2906919808192,-1.02367516075094,0.322687931394876,0.915864363509466,-6.08250538804642,"Human_vs_QC","limma_eBayes_BH"
"Q9HA64","FN3KRP",-0.544887337536704,23.6208851339424,-1.0232661116242,0.322874799884296,0.915864363509466,-6.08291487333388,"Human_vs_QC","limma_eBayes_BH"
"Q99081","TCF12",-0.280735971569953,23.6337883862209,-1.02231806862828,0.323308200219811,0.915864363509466,-6.08386338392321,"Human_vs_QC","limma_eBayes_BH"
"Q9NUG6","PDRG1",-0.639922403078263,23.3628718619367,-1.02124400259753,0.323799718615996,0.915864363509466,-6.08493706227025,"Human_vs_QC","limma_eBayes_BH"
"Q6IN84","MRM1",-0.483969959199161,22.8036205165277,-1.02052892854732,0.324127251953349,0.915864363509466,-6.08565133758257,"Human_vs_QC","limma_eBayes_BH"
"O75688","PPM1B",0.254776590548062,23.394265815413,1.02043285029879,0.324171277916899,0.915864363509466,-6.08574727556974,"Human_vs_QC","limma_eBayes_BH"
"Q5JTH9","RRP12",-0.16863833821813,26.5240764722152,-1.02013370940199,0.324308380905806,0.915864363509466,-6.08604592978014,"Human_vs_QC","limma_eBayes_BH"
"O15382","BCAT2",-0.12033047103532,24.5685600866122,-1.0197978882018,0.324462345027762,0.915864363509466,-6.08638111446202,"Human_vs_QC","limma_eBayes_BH"
"O75131","CPNE3",-0.0751992996527449,24.6674220796529,-1.01970260713049,0.324506038169916,0.915864363509466,-6.08647619756817,"Human_vs_QC","limma_eBayes_BH"
"P30049","ATP5F1D",0.328268313967488,26.8655292913293,1.01957345366452,0.324565270972285,0.915864363509466,-6.08660507043473,"Human_vs_QC","limma_eBayes_BH"
"P12235","SLC25A4",-0.14591427339926,25.2699526178598,-1.01948903600821,0.324603991090098,0.915864363509466,-6.08668929706042,"Human_vs_QC","limma_eBayes_BH"
"P06733","ENO1",0.843000841014785,30.910298293623,1.01820792845856,0.325192008838563,0.915864363509466,-6.0879667656037,"Human_vs_QC","limma_eBayes_BH"
"O95336","PGLS",0.074274453215132,25.142333917519,1.01804587033045,0.325266446730826,0.915864363509466,-6.08812826445613,"Human_vs_QC","limma_eBayes_BH"
"O95825","CRYZL1",0.532993717581267,22.3491237323746,1.01739961518377,0.325563411904113,0.915864363509466,-6.08877206825583,"Human_vs_QC","limma_eBayes_BH"
"Q14166","TTLL12",0.199792686517224,26.014210704616,1.01728744321127,0.32561497667104,0.915864363509466,-6.08888377873464,"Human_vs_QC","limma_eBayes_BH"
"Q86UV5","USP48",-0.274163159427466,24.4593457253748,-1.01666205714098,0.325902570426853,0.915864363509466,-6.08950639659889,"Human_vs_QC","limma_eBayes_BH"
"Q9Y4W2","LAS1L",-0.151308911744696,25.1926098050902,-1.01597399660945,0.326219196905394,0.915864363509466,-6.09019102884632,"Human_vs_QC","limma_eBayes_BH"
"O43747","AP1G1",-0.162586881653088,24.909949299033,-1.01591914039627,0.326244449731612,0.915864363509466,-6.0902455944775,"Human_vs_QC","limma_eBayes_BH"
"Q92540","SMG7",-0.406919536045894,23.3599138937237,-1.01437695386226,0.326954963596428,0.915864363509466,-6.09177856842073,"Human_vs_QC","limma_eBayes_BH"
"Q9H089","LSG1",-0.244347795709324,23.5079706501462,-1.01342880687162,0.32739234358786,0.915864363509466,-6.09272005080366,"Human_vs_QC","limma_eBayes_BH"
"Q16595","FXN",-0.463274100553296,24.108295228076,-1.01245577918828,0.32784163744623,0.915864363509466,-6.09368544640189,"Human_vs_QC","limma_eBayes_BH"
"P61160","ACTR2",-0.124066593878766,26.0748341987181,-1.01171353266015,0.328184665767664,0.915864363509466,-6.09442133100423,"Human_vs_QC","limma_eBayes_BH"
"P06780","RHO1",0.0868343146020152,25.7149432412175,1.011270580764,0.328389498032864,0.915864363509466,-6.09486026354304,"Human_vs_QC","limma_eBayes_BH"
"Q99735","MGST2",-0.185888680697598,23.3630869826355,-1.01071063833646,0.328648560849619,0.915864363509466,-6.09541488672273,"Human_vs_QC","limma_eBayes_BH"
"Q9Y4P1","ATG4B",-0.370397911563142,23.9369587517207,-1.00982130059004,0.329060322646406,0.915864363509466,-6.09629522896117,"Human_vs_QC","limma_eBayes_BH"
"O94832","MYO1D",-0.32392784001226,23.080138325666,-1.0091513870183,0.329370735428114,0.915864363509466,-6.09695792292728,"Human_vs_QC","limma_eBayes_BH"
"O95239","KIF4A",-0.293706862512963,24.0962041378651,-1.00810298866431,0.329856944679385,0.915864363509466,-6.09799425756358,"Human_vs_QC","limma_eBayes_BH"
"Q9NRP2","CMC2",0.123776233721923,24.1560734913114,1.00745951336389,0.330155619612654,0.915864363509466,-6.09862986592871,"Human_vs_QC","limma_eBayes_BH"
"Q5JSH3","WDR44",-0.302903809425697,24.4371407870418,-1.00717077782144,0.330289701741672,0.915864363509466,-6.09891495707648,"Human_vs_QC","limma_eBayes_BH"
"O43175","PHGDH",0.289369326616416,26.7143610369945,1.00694415110437,0.330394969255659,0.915864363509466,-6.09913867368225,"Human_vs_QC","limma_eBayes_BH"
"Q9UFN0","NIPSNAP3A",-0.555396977476754,23.0341661430231,-1.00643369827592,0.330632161173391,0.915864363509466,-6.09964241182938,"Human_vs_QC","limma_eBayes_BH"
"P21980","TGM2",0.180614027481273,25.6853149465342,1.0061324657247,0.330772191925565,0.915864363509466,-6.09993957789081,"Human_vs_QC","limma_eBayes_BH"
"Q9BZV1","UBXN6",-0.452995856782209,22.1751678272218,-1.005943674278,0.330859975005421,0.915864363509466,-6.10012578140365,"Human_vs_QC","limma_eBayes_BH"
"Q99638","RAD9A",-0.22929555122651,21.7059270050606,-1.0057555386056,0.330947469740711,0.915864363509466,-6.10031130797096,"Human_vs_QC","limma_eBayes_BH"
"Q9UJC5","SH3BGRL2",-0.248142156158835,23.4157050230467,-1.0048506977119,0.331368507923547,0.915864363509466,-6.10120317964309,"Human_vs_QC","limma_eBayes_BH"
"Q96A33","CCDC47",-0.373546957587234,23.069501818828,-1.00431281842481,0.331618973884692,0.915864363509466,-6.1017330192439,"Human_vs_QC","limma_eBayes_BH"
"Q15459","SF3A1",0.228302204132621,26.6850704708888,1.00359849533765,0.331951810810853,0.915864363509466,-6.1024362846369,"Human_vs_QC","limma_eBayes_BH"
"Q15149","PLEC",-0.128942323862319,26.3967125060875,-1.00358072717767,0.331960092878325,0.915864363509466,-6.10245377220914,"Human_vs_QC","limma_eBayes_BH"
"Q5JWF2","GNAS",0.474149750818377,23.126106895118,1.00354247945484,0.331977921349094,0.915864363509466,-6.10249141502695,"Human_vs_QC","limma_eBayes_BH"
"P18085","ARF4",0.15721888602577,26.3737218016784,1.00352575435919,0.331985717658998,0.915864363509466,-6.10250787521621,"Human_vs_QC","limma_eBayes_BH"
"Q12849","GRSF1",-0.0700733646141067,25.6190527657682,-1.00331878621258,0.33208220552829,0.915864363509466,-6.10271154551297,"Human_vs_QC","limma_eBayes_BH"
"Q96R06","SPAG5",-0.236265536899534,24.3821304125493,-1.0025474289877,0.332441986165945,0.915864363509466,-6.10347029052612,"Human_vs_QC","limma_eBayes_BH"
"P08708","RPS17",0.46318310510695,27.4994091912774,1.00208678039655,0.332656977086962,0.915864363509466,-6.10392316549652,"Human_vs_QC","limma_eBayes_BH"
"Q8N335","GPD1L",-0.218890285892581,23.038977003464,-1.00106183991695,0.333135686711448,0.915864363509466,-6.10493016102639,"Human_vs_QC","limma_eBayes_BH"
"Q9NR09","BIRC6",-0.451478444751963,23.7460444282064,-1.00053518854385,0.333381856075945,0.915864363509466,-6.10544724341244,"Human_vs_QC","limma_eBayes_BH"
"Q99496","RNF2",-0.268709000604698,25.3070591419255,-0.999325946060519,0.333947575704053,0.915864363509466,-6.10663361970426,"Human_vs_QC","limma_eBayes_BH"
"P21281","ATP6V1B2",0.263785209834804,25.8977024484249,0.999079747590232,0.334062838492875,0.915864363509466,-6.10687500988055,"Human_vs_QC","limma_eBayes_BH"
"Q14683","SMC1A",-0.0851978424407065,25.3537931766911,-0.998629026630945,0.334273926098337,0.915864363509466,-6.10731679420798,"Human_vs_QC","limma_eBayes_BH"
"P36543","ATP6V1E1",0.189234405181249,24.7494458445283,0.998297573851064,0.334429217100711,0.915864363509466,-6.10764156453885,"Human_vs_QC","limma_eBayes_BH"
"Q96SB3","PPP1R9B",-0.36330823481584,23.9167764894862,-0.998096354444522,0.334523516731211,0.915864363509466,-6.10783868141243,"Human_vs_QC","limma_eBayes_BH"
"P07954","FH",0.248533925156224,27.8780055784164,0.995928739072284,0.335540551198474,0.915864363509466,-6.10995991110165,"Human_vs_QC","limma_eBayes_BH"
"Q9H3K2","GHITM",-0.61213628917821,24.3942170847231,-0.995654615909664,0.335669325061952,0.915864363509466,-6.1102278824055,"Human_vs_QC","limma_eBayes_BH"
"O60506","SYNCRIP",0.284604823466076,27.7665225581147,0.995592333025339,0.335698588374405,0.915864363509466,-6.11028875859128,"Human_vs_QC","limma_eBayes_BH"
"P52895","AKR1C2",0.116903271629315,27.0897431514302,0.995106984997599,0.335926689004979,0.915864363509466,-6.11076303118889,"Human_vs_QC","limma_eBayes_BH"
"Q9BV19","C1orf50",0.83158627376509,21.3785244127095,0.99504715791044,0.335954813773954,0.915864363509466,-6.11082147911442,"Human_vs_QC","limma_eBayes_BH"
"Q96HC4","PDLIM5",-0.0678784774389349,26.3734771740088,-0.994940932905889,0.336004754375026,0.915864363509466,-6.11092524783515,"Human_vs_QC","limma_eBayes_BH"
"Q9Y5S9","RBM8A",0.23208329305665,26.8623813218681,0.994810893891953,0.336065898080102,0.915864363509466,-6.11105226677752,"Human_vs_QC","limma_eBayes_BH"
"O75152","ZC3H11A",-0.188713298205368,23.9883908988823,-0.994014378739034,0.336440588324891,0.915864363509466,-6.11182996801944,"Human_vs_QC","limma_eBayes_BH"
"Q5JQC4","CT47A1",-0.715586710338936,22.3438849344805,-0.993291283281853,0.336780998268698,0.915864363509466,-6.11253551410995,"Human_vs_QC","limma_eBayes_BH"
"P32929","CTH",-0.0743562107726419,25.3475769270238,-0.992576789851916,0.337117599101185,0.915864363509466,-6.11323222779386,"Human_vs_QC","limma_eBayes_BH"
"Q14562","DHX8",-0.364670630490966,23.0280361473765,-0.992175339054029,0.337306829123908,0.915864363509466,-6.11362349714078,"Human_vs_QC","limma_eBayes_BH"
"O14737","PDCD5",0.384858672087301,26.6309507853218,0.991950790666194,0.337412706377659,0.915864363509466,-6.11384229048859,"Human_vs_QC","limma_eBayes_BH"
"P82909","KGD4",-0.24300731865322,25.0584678785977,-0.991507028099268,0.337622015177368,0.915864363509466,-6.11427455281767,"Human_vs_QC","limma_eBayes_BH"
"Q9UK59","DBR1",-0.368568133732378,23.4536037885267,-0.990486375514931,0.338103774757012,0.915864363509466,-6.11526811534105,"Human_vs_QC","limma_eBayes_BH"
"O75475","PSIP1",0.0737101498909212,25.4935940923215,0.990242196855721,0.338219102167856,0.915864363509466,-6.1155056808521,"Human_vs_QC","limma_eBayes_BH"
"Q9NVS2","MRPS18A",-0.322414303257691,23.3976170897257,-0.990201390960791,0.33823837782102,0.915864363509466,-6.11554537661337,"Human_vs_QC","limma_eBayes_BH"
"Q15276","RABEP1",-0.416180515712,22.1866307816213,-0.99010450353259,0.338284148069258,0.915864363509466,-6.11563962248603,"Human_vs_QC","limma_eBayes_BH"
"Q13510","ASAH1",-0.196515828117626,23.5356483373559,-0.99007215660398,0.338299429946637,0.915864363509466,-6.11567108571282,"Human_vs_QC","limma_eBayes_BH"
"Q9NSD9","FARSB",0.247143811793038,25.9986456115184,0.989935029516306,0.33836421926249,0.915864363509466,-6.11580445660829,"Human_vs_QC","limma_eBayes_BH"
"Q93050","ATP6V0A1",-0.236020034797598,25.3546417533016,-0.98931916655843,0.338655308588867,0.915864363509466,-6.11640325126282,"Human_vs_QC","limma_eBayes_BH"
"Q9UBE0","SAE1",0.260855035336427,26.0100911389144,0.989029952876499,0.338792067535473,0.915864363509466,-6.11668433745559,"Human_vs_QC","limma_eBayes_BH"
"P53634","CTSC",-0.0708954272497593,25.835824366917,-0.988565105667421,0.339011959473816,0.915864363509466,-6.11713597138948,"Human_vs_QC","limma_eBayes_BH"
"O00461","GOLIM4",-0.62275562255822,22.1761642976409,-0.988508214535985,0.33903887828169,0.915864363509466,-6.11719123267702,"Human_vs_QC","limma_eBayes_BH"
"P69905","HBA2",0.580077835915151,29.1242061698273,0.987177471484782,0.339668969859009,0.915864363509466,-6.11848306079753,"Human_vs_QC","limma_eBayes_BH"
"Q9NR30","DDX21",0.304719894279714,27.0608957378069,0.986351392133267,0.340060526310717,0.915864363509466,-6.11928421949291,"Human_vs_QC","limma_eBayes_BH"
"Q9NZ45","CISD1",-0.15345800887674,25.7329947745251,-0.985897677107864,0.340275720425583,0.915864363509466,-6.11972399817062,"Human_vs_QC","limma_eBayes_BH"
"Q9Y6I4","USP3",-0.3801680373581,23.3853207721332,-0.985432499600869,0.340496451262661,0.915864363509466,-6.1201747039416,"Human_vs_QC","limma_eBayes_BH"
"Q14839","CHD4",-0.166449519687372,25.3946171339617,-0.985313784288575,0.340552798967138,0.915864363509466,-6.12028969627433,"Human_vs_QC","limma_eBayes_BH"
"Q9Y520","PRRC2C",-0.103931265589004,25.049522275152,-0.985168762870448,0.340621641710861,0.915864363509466,-6.1204301533326,"Human_vs_QC","limma_eBayes_BH"
"Q5TAQ9","DCAF8",-1.03703940615603,26.9421367049466,-0.984481092723418,0.340948217997187,0.915864363509466,-6.12109593430898,"Human_vs_QC","limma_eBayes_BH"
"Q9H857","NT5DC2",-0.991114056328126,21.904688918861,-0.984395067823911,0.340989087033431,0.915864363509466,-6.1211791924009,"Human_vs_QC","limma_eBayes_BH"
"P30101","PDIA3",0.404872694865396,27.5761761750027,0.984346740798621,0.341012047941641,0.915864363509466,-6.12122596230435,"Human_vs_QC","limma_eBayes_BH"
"O95573","ACSL3",-0.410816646357265,22.7193690693057,-0.983947761118781,0.341201651101708,0.915864363509466,-6.12161201006686,"Human_vs_QC","limma_eBayes_BH"
"O43181","NDUFS4",0.201794391231232,25.0047060585085,0.983426589489361,0.341449434702024,0.915864363509466,-6.12211608341765,"Human_vs_QC","limma_eBayes_BH"
"Q9H0G5","NSRP1",-0.386272800172677,22.7600175391419,-0.983396499095314,0.34146374463667,0.915864363509466,-6.12214517950444,"Human_vs_QC","limma_eBayes_BH"
"Q8N3X1","FNBP4",-0.284555824161821,24.4287178039464,-0.982895842400438,0.341701901646419,0.915864363509466,-6.1226291784202,"Human_vs_QC","limma_eBayes_BH"
"P07339","CTSD",-0.122510182506346,24.6379290466935,-0.982281226687192,0.341994428372017,0.915864363509466,-6.12322305041001,"Human_vs_QC","limma_eBayes_BH"
"P10809","HSPD1",0.507383960023134,29.1692453954957,0.982028113914714,0.342114949023531,0.915864363509466,-6.12346752612314,"Human_vs_QC","limma_eBayes_BH"
"Q9BZJ0","CRNKL1",-0.385184304795505,23.260799329196,-0.980801070624393,0.342699636225397,0.915864363509466,-6.12465191837895,"Human_vs_QC","limma_eBayes_BH"
"O95602","POLR1A",-0.235825438458612,24.6994628048276,-0.979534389119841,0.343303951451975,0.915864363509466,-6.12587321365061,"Human_vs_QC","limma_eBayes_BH"
"O00193","SMAP",-0.115028270769812,25.8410676550593,-0.979395899913779,0.343370068243549,0.915864363509466,-6.12600665702005,"Human_vs_QC","limma_eBayes_BH"
"Q8NHQ9","DDX55",0.447984028707083,22.2219942582471,0.979070332092914,0.343525534544483,0.915864363509466,-6.12632029785628,"Human_vs_QC","limma_eBayes_BH"
"O43172","PRPF4",-0.0728463069359258,25.7900762029192,-0.978899469262695,0.343607145453649,0.915864363509466,-6.12648486475292,"Human_vs_QC","limma_eBayes_BH"
"O14744","PRMT5",0.236675772045416,26.4732339240608,0.978774325778278,0.343666927661988,0.915864363509466,-6.12660538103425,"Human_vs_QC","limma_eBayes_BH"
"O14874","BCKDK",-0.536601922912496,21.5684810825332,-0.977416415774736,0.344316086048345,0.915864363509466,-6.12791221580931,"Human_vs_QC","limma_eBayes_BH"
"O95229","ZWINT",-0.321324169023995,25.0979937010918,-0.976133248534465,0.344930307698182,0.915864363509466,-6.12914566083142,"Human_vs_QC","limma_eBayes_BH"
"O00214","LGALS8",-0.247812855858243,22.6981844547889,-0.974613232697562,0.345658902251046,0.915864363509466,-6.13060494213229,"Human_vs_QC","limma_eBayes_BH"
"O60547","GMDS",-0.175618075041669,23.2809056123293,-0.973695764253582,0.346099200069271,0.915864363509466,-6.13148478840412,"Human_vs_QC","limma_eBayes_BH"
"P48147","PREP",0.066309001167749,25.387849893158,0.973688553256715,0.346102662227464,0.915864363509466,-6.13149170082999,"Human_vs_QC","limma_eBayes_BH"
"Q9P031","CCDC59",-0.48321773723697,22.0479990554204,-0.973629665679369,0.346130936361379,0.915864363509466,-6.13154814849239,"Human_vs_QC","limma_eBayes_BH"
"Q96B54","ZNF428",0.178249167800647,24.2341328178241,0.973550834991282,0.346168788476689,0.915864363509466,-6.131623708275,"Human_vs_QC","limma_eBayes_BH"
"P09651","HNRNPA1",0.694088893728619,29.9444547880932,0.972644806028551,0.346604045495952,0.915864363509466,-6.13249175894857,"Human_vs_QC","limma_eBayes_BH"
"Q8IYB9","ZNF595",-0.298919089048585,23.4286509588278,-0.972441917411325,0.346701566114497,0.915864363509466,-6.13268604603013,"Human_vs_QC","limma_eBayes_BH"
"P02655","APOC2",0.450660746738453,25.076866403247,0.972353167448699,0.346744230819235,0.915864363509466,-6.13277102224629,"Human_vs_QC","limma_eBayes_BH"
"P18754","RCC1",0.125866187876127,27.1685131839388,0.972315821657943,0.346762185138493,0.915864363509466,-6.13280677802222,"Human_vs_QC","limma_eBayes_BH"
"Q9NP64","ZCCHC17",0.683742220036113,22.3654032647232,0.972204860146319,0.346815534726628,0.915864363509466,-6.13291300819859,"Human_vs_QC","limma_eBayes_BH"
"Q96A72","MAGOHB",0.263830117704941,26.881580650449,0.971077535774089,0.347357872538387,0.915864363509466,-6.13399166206323,"Human_vs_QC","limma_eBayes_BH"
"P11233","RALA",-0.238546569766005,24.241422760949,-0.970122133044714,0.347817968344483,0.915864363509466,-6.13490495831173,"Human_vs_QC","limma_eBayes_BH"
"Q9H9J2","MRPL44",-0.171329453411172,24.2586568727746,-0.969510274522747,0.348112847617117,0.915864363509466,-6.13548943718177,"Human_vs_QC","limma_eBayes_BH"
"P84090","ERH",0.459260090863911,28.3222491384465,0.969394402583327,0.348168710754911,0.915864363509466,-6.13560008764561,"Human_vs_QC","limma_eBayes_BH"
"Q7LBR1","CHMP1B",-0.453392461406672,23.5306048489263,-0.96911374333374,0.348304045778003,0.915864363509466,-6.13586805165105,"Human_vs_QC","limma_eBayes_BH"
"O75319","DUSP11",0.653722974545094,21.1582985191869,0.968824930312926,0.34844335116801,0.915864363509466,-6.13614372959167,"Human_vs_QC","limma_eBayes_BH"
"O60825","PFKFB2",-0.317224689713328,23.4551893439852,-0.968441816678481,0.348628201687121,0.915864363509466,-6.13650930824009,"Human_vs_QC","limma_eBayes_BH"
"P36551","CPOX",0.107072226972335,26.1023615402693,0.968072077305326,0.348806664495321,0.915864363509466,-6.13686200454776,"Human_vs_QC","limma_eBayes_BH"
"Q8WTT2","NOC3L",-0.400750881321819,24.7100532375216,-0.967414060203952,0.349124429534048,0.915864363509466,-6.13748939835657,"Human_vs_QC","limma_eBayes_BH"
"P39023","RPL3",0.371639655841165,28.0279826111603,0.96675166765613,0.349444512746664,0.915864363509466,-6.13812058610166,"Human_vs_QC","limma_eBayes_BH"
"Q9NQA3","WASH6P",0.50239346404091,21.2400577962521,0.966679696155346,0.349479303421445,0.915864363509466,-6.13818914424106,"Human_vs_QC","limma_eBayes_BH"
"Q9Y4R8","TELO2",-0.19198988716045,23.9289071232822,-0.966617536120935,0.349509353237256,0.915864363509466,-6.13824835263497,"Human_vs_QC","limma_eBayes_BH"
"Q14677","CLINT1",-0.0809979517018746,25.0869066931775,-0.965791043281036,0.349909074221859,0.915864363509466,-6.13903528238662,"Human_vs_QC","limma_eBayes_BH"
"Q9NZL4","HSPBP1",0.0757792111248321,24.7135713294649,0.964676660745784,0.350448536308519,0.915864363509466,-6.14009538583594,"Human_vs_QC","limma_eBayes_BH"
"Q15024","EXOSC7",0.0774969515487705,25.2882504896859,0.964603910804267,0.35048377413622,0.915864363509466,-6.14016455494122,"Human_vs_QC","limma_eBayes_BH"
"Q8WXE1","ATRIP",-0.864197521739161,21.6791925522459,-0.963992266214791,0.350780134143945,0.915864363509466,-6.14074591260262,"Human_vs_QC","limma_eBayes_BH"
"Q8NFA0","USP32",0.738048860237193,20.1073784634295,0.963976168273578,0.350787936447046,0.915864363509466,-6.14076120904722,"Human_vs_QC","limma_eBayes_BH"
"Q96S59","RANBP9",-0.109772532786586,24.7930907639827,-0.962316872136842,0.351592811664725,0.915864363509466,-6.14233668788282,"Human_vs_QC","limma_eBayes_BH"
"Q13505","MTX1",-0.0926065556377083,27.5621280572391,-0.96105360481379,0.352206451573698,0.915864363509466,-6.14353454453731,"Human_vs_QC","limma_eBayes_BH"
"O43390","HNRNPR",0.235339092095316,28.3486898661598,0.960639630420371,0.352407705160656,0.915864363509466,-6.14392678305309,"Human_vs_QC","limma_eBayes_BH"
"P49790","NUP153",-0.0885248900654823,25.8463756944297,-0.960189033987765,0.352626853985843,0.915864363509466,-6.14435355198447,"Human_vs_QC","limma_eBayes_BH"
"Q92522","H1-10",-0.151315031311519,24.5775150957895,-0.959347148551577,0.353036562711941,0.915864363509466,-6.14515044708928,"Human_vs_QC","limma_eBayes_BH"
"O00244","ATOX1",-0.093500176871423,25.5515018862922,-0.959043724322165,0.353184307551701,0.915864363509466,-6.14543750572183,"Human_vs_QC","limma_eBayes_BH"
"Q9BZL1","UBL5",-0.51984152835432,24.7140368010286,-0.958075490499634,0.353656053819076,0.915864363509466,-6.14635298275381,"Human_vs_QC","limma_eBayes_BH"
"Q6NZI2","CAVIN1",0.131053627342066,25.5068887898823,0.957208347608601,0.354078919813729,0.915864363509466,-6.14717218689143,"Human_vs_QC","limma_eBayes_BH"
"O00178","GTPBP1",-0.21463610140027,24.1404576032619,-0.957082011761811,0.354140557501882,0.915864363509466,-6.14729148399926,"Human_vs_QC","limma_eBayes_BH"
"Q96RU2","USP28",-0.401651148761715,22.3398320886825,-0.95649093785059,0.354429034657421,0.915864363509466,-6.14784944254854,"Human_vs_QC","limma_eBayes_BH"
"Q96EK6","GNPNAT1",-0.368851322765718,23.2813477065546,-0.956208718227758,0.354566831490312,0.915864363509466,-6.14811574366196,"Human_vs_QC","limma_eBayes_BH"
"P09497","CLTB",-0.200011533403483,26.1712116964867,-0.955435004997627,0.354944797279491,0.915864363509466,-6.14884546126181,"Human_vs_QC","limma_eBayes_BH"
"Q9NZ52","GGA3",0.485782989259864,21.3773025402725,0.955335825642905,0.354993267600282,0.915864363509466,-6.14893896340525,"Human_vs_QC","limma_eBayes_BH"
"P09972","ALDOC",0.400898397692611,27.3645101638846,0.955181872932848,0.355068515565626,0.915864363509466,-6.14908408665676,"Human_vs_QC","limma_eBayes_BH"
"O43815","STRN",-0.182893794206588,24.4877455088802,-0.954442866097433,0.355429877261247,0.915864363509466,-6.14978042362967,"Human_vs_QC","limma_eBayes_BH"
"Q86U90","YRDC",-0.0978671362830141,24.4841878724477,-0.954225654576026,0.355536138741612,0.915864363509466,-6.14998500327854,"Human_vs_QC","limma_eBayes_BH"
"Q86YM7","HOMER1",0.903722629325529,19.7405252062752,0.954009710826263,0.355641801979429,0.915864363509466,-6.15018834825784,"Human_vs_QC","limma_eBayes_BH"
"Q13492","PICALM",0.233860616163259,26.3213165284411,0.953647434870671,0.355819116075572,0.915864363509466,-6.15052939701907,"Human_vs_QC","limma_eBayes_BH"
"Q9UBQ7","GRHPR",-0.100315514234548,25.7935282756999,-0.953471954886061,0.35590502600364,0.915864363509466,-6.15069455393801,"Human_vs_QC","limma_eBayes_BH"
"P12004","PCNA",0.400372359936043,27.5549109808476,0.953287187289864,0.355995498505759,0.915864363509466,-6.15086842318296,"Human_vs_QC","limma_eBayes_BH"
"Q9GZT8","NIF3L1",-0.222984810686643,23.3961691779,-0.953094880251856,0.356089679763794,0.915864363509466,-6.15104935565666,"Human_vs_QC","limma_eBayes_BH"
"Q16762","TST",-0.323785044050631,24.5197473035145,-0.953088426430967,0.356092840786374,0.915864363509466,-6.15105542719,"Human_vs_QC","limma_eBayes_BH"
"Q93008","USP9X",-0.294672136464197,26.3801250771437,-0.952735362781984,0.356265797942464,0.915864363509466,-6.15138752220554,"Human_vs_QC","limma_eBayes_BH"
"P50990","CCT8",0.507110050051171,28.4273000962781,0.952159486921681,0.356548030897637,0.915864363509466,-6.15192896401626,"Human_vs_QC","limma_eBayes_BH"
"P63220","RPS21",0.73892597337457,27.7279520923862,0.952001653809047,0.35662541105372,0.915864363509466,-6.15207730928683,"Human_vs_QC","limma_eBayes_BH"
"Q13885","TUBB2A",0.280742622769996,26.9756753182957,0.950674951715727,0.357276309986734,0.915864363509466,-6.15332340288232,"Human_vs_QC","limma_eBayes_BH"
"P04150","NR3C1",-0.568015450301655,21.2261097373892,-0.950506871297566,0.357358831625596,0.915864363509466,-6.15348116172205,"Human_vs_QC","limma_eBayes_BH"
"Q15126","PMVK",-0.29881625701417,22.6286079656356,-0.950046357754746,0.357584995728146,0.915864363509466,-6.15391326987229,"Human_vs_QC","limma_eBayes_BH"
"P40040","THO1",-0.301499045787498,24.1528661122772,-0.949388155771547,0.357908420058133,0.915864363509466,-6.15453055230549,"Human_vs_QC","limma_eBayes_BH"
"P50570","DNM2",0.17773155808516,25.4337981628853,0.949240587047468,0.357980959634893,0.915864363509466,-6.15466889513828,"Human_vs_QC","limma_eBayes_BH"
"P61247","RPS3A",0.427906020223233,28.3073770609843,0.94904567196447,0.35807678868592,0.915864363509466,-6.15485159521933,"Human_vs_QC","limma_eBayes_BH"
"Q08AM6","VAC14",-0.241124694147643,23.8453380954194,-0.948975636179198,0.35811122579583,0.915864363509466,-6.15491723390365,"Human_vs_QC","limma_eBayes_BH"
"Q07864","POLE",-0.4196019016352,24.4233155022395,-0.948757304085085,0.35821859607386,0.915864363509466,-6.15512183091429,"Human_vs_QC","limma_eBayes_BH"
"Q06187","BTK",-0.292611892524331,24.790024375251,-0.948487488779842,0.358351315438802,0.915864363509466,-6.15537461504431,"Human_vs_QC","limma_eBayes_BH"
"O75027","ABCB7",-0.659672153145003,21.9418171923816,-0.948288472031229,0.358449231634106,0.915864363509466,-6.15556102892086,"Human_vs_QC","limma_eBayes_BH"
"Q96FV9","THOC1",-0.138910183021395,25.0963223252148,-0.948067910638676,0.358557769520307,0.915864363509466,-6.15576758282498,"Human_vs_QC","limma_eBayes_BH"
"P07195","LDHB",0.585088000950233,29.4304835497816,0.947357603466263,0.358907465737302,0.915864363509466,-6.15643249167963,"Human_vs_QC","limma_eBayes_BH"
"Q9NZ63","C9orf78",-0.083083978076278,25.5236765534418,-0.947264811804836,0.358953166138652,0.915864363509466,-6.15651932023748,"Human_vs_QC","limma_eBayes_BH"
"P30566","ADSL",0.159675723057202,25.6632168558269,0.946887719043859,0.359138927997143,0.915864363509466,-6.15687210258161,"Human_vs_QC","limma_eBayes_BH"
"O15173","PGRMC2",-0.234938986290899,25.6782294692411,-0.946031659244713,0.359560884491465,0.915864363509466,-6.15767251407457,"Human_vs_QC","limma_eBayes_BH"
"P30291","WEE1",-0.667760712057198,22.7492697701782,-0.945838808976982,0.359655988931159,0.915864363509466,-6.1578527399488,"Human_vs_QC","limma_eBayes_BH"
"Q14232","EIF2B1",0.0690029198499111,25.1891239328536,0.945359401812536,0.359892485078069,0.915864363509466,-6.15830062364744,"Human_vs_QC","limma_eBayes_BH"
"Q9Y478","PRKAB1",-0.184035835130761,24.0809667830869,-0.945252705100634,0.359945134273599,0.915864363509466,-6.15840027725281,"Human_vs_QC","limma_eBayes_BH"
"O75459","PAGE1",0.128825143257409,26.2545716650695,0.944742519688377,0.360196957753588,0.915864363509466,-6.15887664787544,"Human_vs_QC","limma_eBayes_BH"
"Q96CS3","FAF2",-0.456641078650893,23.6485305022984,-0.944693978221907,0.360220923806181,0.915864363509466,-6.15892196021947,"Human_vs_QC","limma_eBayes_BH"
"P30876","POLR2B",-0.0916209086370223,26.6197067826832,-0.944329214424321,0.360401051592612,0.915864363509466,-6.15926239312107,"Human_vs_QC","limma_eBayes_BH"
"Q9Y2K7","KDM2A",-0.31771538623374,23.6153132828398,-0.944231900660121,0.360449117669594,0.915864363509466,-6.15935319614514,"Human_vs_QC","limma_eBayes_BH"
"P62253","UBE2G1",0.0817813410042163,24.5616390375502,0.944024808598573,0.360551421220456,0.915864363509466,-6.1595464053042,"Human_vs_QC","limma_eBayes_BH"
"Q5T280","SPOUT1",0.500623278501521,22.9468808625367,0.943902544984776,0.360611828944983,0.915864363509466,-6.15966045513047,"Human_vs_QC","limma_eBayes_BH"
"P22102","GART",0.300961956174937,28.2369048254259,0.943808120105902,0.36065848697651,0.915864363509466,-6.15974852753237,"Human_vs_QC","limma_eBayes_BH"
"Q9H3R5","CENPH",-0.355513809668533,23.5367088354833,-0.943800396663646,0.360662303535355,0.915864363509466,-6.15975573103247,"Human_vs_QC","limma_eBayes_BH"
"Q13263","TRIM28",0.245337902354979,27.7433109385395,0.942907717280885,0.361103612104985,0.915864363509466,-6.16058796467217,"Human_vs_QC","limma_eBayes_BH"
"P55265","ADAR",-0.1049977965294,26.1959460636685,-0.942869818004937,0.361122356425896,0.915864363509466,-6.16062328230125,"Human_vs_QC","limma_eBayes_BH"
"Q9Y657","SPIN1",-1.28724889662006,22.2915707905771,-0.942411954259374,0.361348861156529,0.915864363509466,-6.16104985796224,"Human_vs_QC","limma_eBayes_BH"
"P37235","HPCAL1",-0.184502045845964,25.1762941613616,-0.942131003445799,0.361487895985607,0.915864363509466,-6.16131151945506,"Human_vs_QC","limma_eBayes_BH"
"P07355","ANXA2",0.580090412053845,27.8062259319625,0.941863553553896,0.361620284024418,0.915864363509466,-6.16156054295893,"Human_vs_QC","limma_eBayes_BH"
"Q9NZD8","SPG21",-0.320989494075604,22.9592515226062,-0.941338142423478,0.36188046103756,0.915864363509466,-6.16204957323703,"Human_vs_QC","limma_eBayes_BH"
"P11717","IGF2R",-0.158812628745046,25.2251345718156,-0.941326683700809,0.361886136698282,0.915864363509466,-6.16206023584232,"Human_vs_QC","limma_eBayes_BH"
"P52747","ZNF143",-0.316811627775948,23.2922995850645,-0.940990323671956,0.362052767856865,0.915864363509466,-6.16237317552256,"Human_vs_QC","limma_eBayes_BH"
"P49321","NASP",0.231628979155765,27.9364142867861,0.940953862581257,0.362070833700159,0.915864363509466,-6.16240709193654,"Human_vs_QC","limma_eBayes_BH"
"P42126","ECI1",0.305497541048453,25.8248643442776,0.938949122836508,0.363065108773243,0.915864363509466,-6.16427013076612,"Human_vs_QC","limma_eBayes_BH"
"Q13630","GFUS",0.0745137032046301,24.6372794418993,0.938250200404459,0.363412191639472,0.915864363509466,-6.16491882580906,"Human_vs_QC","limma_eBayes_BH"
"Q13363","CTBP1",0.087301239353117,25.0153772020703,0.938136431293778,0.363468710765993,0.915864363509466,-6.16502437860649,"Human_vs_QC","limma_eBayes_BH"
"P0C2H9","RPL31B",-0.932731289520266,27.3631814672408,-0.937973359477912,0.363549733485997,0.915864363509466,-6.16517565377637,"Human_vs_QC","limma_eBayes_BH"
"P34897","SHMT2",0.346833743986487,27.0566988512271,0.937729437758886,0.363670950036986,0.915864363509466,-6.16540188675996,"Human_vs_QC","limma_eBayes_BH"
"Q15758","SLC1A5",0.358804610386954,26.0819255162738,0.937560627420421,0.363754856457065,0.915864363509466,-6.16555842484029,"Human_vs_QC","limma_eBayes_BH"
"Q9Y221","NIP7",0.119344615592997,25.0721398309356,0.937518702837125,0.363775696957661,0.915864363509466,-6.16559729770712,"Human_vs_QC","limma_eBayes_BH"
"Q8N122","RPTOR",-0.367109776702367,23.2751589845276,-0.937503850499698,0.363783080178327,0.915864363509466,-6.16561106856503,"Human_vs_QC","limma_eBayes_BH"
"P46940","IQGAP1",-0.0689103125679935,26.2366619656717,-0.936766196037265,0.364149904718957,0.915864363509466,-6.16629476770148,"Human_vs_QC","limma_eBayes_BH"
"Q96A49","SYAP1",-0.10372052863287,25.4761302819184,-0.936428552535163,0.364317895052659,0.915864363509466,-6.16660755569863,"Human_vs_QC","limma_eBayes_BH"
"Q9NPD8","UBE2T",-0.0969906373505225,24.7673933595965,-0.936150981299893,0.364456037279701,0.915864363509466,-6.16686461894339,"Human_vs_QC","limma_eBayes_BH"
"Q9NX55","HYPK",0.0999379716777966,26.536163030531,0.936075361674412,0.364493678083835,0.915864363509466,-6.16693463982921,"Human_vs_QC","limma_eBayes_BH"
"P98179","RBM3",0.201927116532886,26.6175206407785,0.936015568054247,0.364523443157699,0.915864363509466,-6.16699000289676,"Human_vs_QC","limma_eBayes_BH"
"P37198","NUP62",0.083597751175013,26.1628967438558,0.935882090076201,0.364589894128957,0.915864363509466,-6.16711357921738,"Human_vs_QC","limma_eBayes_BH"
"P68366","TUBA4A",0.636613975128242,30.9327621101191,0.93558891622225,0.364735877823138,0.915864363509466,-6.16738495014374,"Human_vs_QC","limma_eBayes_BH"
"Q01105","SET",0.658416349097525,29.0044451717692,0.935453222557173,0.36480345912006,0.915864363509466,-6.16751052700245,"Human_vs_QC","limma_eBayes_BH"
"Q9Y2I1","NISCH",-0.572653501917092,22.8746363675612,-0.935079449259825,0.364989659061756,0.915864363509466,-6.1678563498602,"Human_vs_QC","limma_eBayes_BH"
"Q9BX68","HINT2",0.175923201074511,24.7133210347457,0.93493831825891,0.365059982338404,0.915864363509466,-6.16798689541115,"Human_vs_QC","limma_eBayes_BH"
"E9PRG8","RSMC",-0.176901932674049,24.726005298473,-0.934881963047823,0.36508806583493,0.915864363509466,-6.16803901886169,"Human_vs_QC","limma_eBayes_BH"
"P53004","BLVRA",0.191731630105885,25.8296085865304,0.93427021986353,0.365393011844239,0.915864363509466,-6.16860464686521,"Human_vs_QC","limma_eBayes_BH"
"P06576","ATP5F1B",0.374205890296629,28.3947383028853,0.934207939416504,0.365424067694353,0.915864363509466,-6.16866221403728,"Human_vs_QC","limma_eBayes_BH"
"Q96KP1","EXOC2",-0.31633950602264,24.1179136286034,-0.933716471209846,0.365669199902464,0.915864363509466,-6.16911636965877,"Human_vs_QC","limma_eBayes_BH"
"Q9NQR4","NIT2",0.269205038709465,24.1477504764512,0.933253969493905,0.365899987956635,0.915864363509466,-6.16954356477817,"Human_vs_QC","limma_eBayes_BH"
"Q9UHL4","DPP7",-0.250397525430927,25.9158159616278,-0.932919218811626,0.366067091003766,0.915864363509466,-6.16985264429941,"Human_vs_QC","limma_eBayes_BH"
"P31943","HNRNPH1",0.299840438809969,28.7905356979299,0.932760996861566,0.366146091594925,0.915864363509466,-6.16999869846032,"Human_vs_QC","limma_eBayes_BH"
"P25205","MCM3",0.320421233136614,26.7964501513601,0.932735095594345,0.366159025278433,0.915864363509466,-6.17002260574612,"Human_vs_QC","limma_eBayes_BH"
"Q9Y6X9","MORC2",-0.297067273225007,24.1388231491206,-0.932290672429936,0.366380995112189,0.915864363509466,-6.17043272391556,"Human_vs_QC","limma_eBayes_BH"
"Q86U86","PBRM1",-0.361017912285032,23.5008858285636,-0.931828657455475,0.36661184963047,0.915864363509466,-6.17085889253394,"Human_vs_QC","limma_eBayes_BH"
"P68400","CSNK2A1",0.209496988161074,27.6152419973718,0.931405882919353,0.366823184767539,0.915864363509466,-6.17124870137375,"Human_vs_QC","limma_eBayes_BH"
"P14735","IDE",-0.161941353512351,25.6837326368709,-0.931050734535774,0.367000780047922,0.915864363509466,-6.17157603612275,"Human_vs_QC","limma_eBayes_BH"
"O14562","UBFD1",-0.164115059973195,24.4935938893273,-0.930968121670834,0.367042099878761,0.915864363509466,-6.17165216326827,"Human_vs_QC","limma_eBayes_BH"
"Q96TA2","YME1L1",-0.177456874912956,24.8440651438689,-0.930498251763459,0.367277171999657,0.915864363509466,-6.17208503114194,"Human_vs_QC","limma_eBayes_BH"
"P22681","CBL",0.274821417416618,22.9632657340455,0.930224423731758,0.367414213776246,0.915864363509466,-6.17233720607903,"Human_vs_QC","limma_eBayes_BH"
"P51692","STAT5B",0.108025883980126,24.5711805085474,0.929178493283606,0.367937991161736,0.915864363509466,-6.17329982381596,"Human_vs_QC","limma_eBayes_BH"
"Q96P11","NSUN5",-0.180343581508108,25.0921912278492,-0.928875086096286,0.368090026489734,0.915864363509466,-6.17357888382364,"Human_vs_QC","limma_eBayes_BH"
"P02788","LTF",0.223232792698894,24.7263129680042,0.928754454909884,0.368150485988718,0.915864363509466,-6.17368981241699,"Human_vs_QC","limma_eBayes_BH"
"Q15631","TSN",0.374701496650665,26.4132233546708,0.928638842045105,0.368208436754171,0.915864363509466,-6.17379611434108,"Human_vs_QC","limma_eBayes_BH"
"Q15208","STK38",-0.542612389701283,22.6650909723206,-0.92855997017171,0.36824797475797,0.915864363509466,-6.17386862749932,"Human_vs_QC","limma_eBayes_BH"
"Q13309","SKP2",0.543920552779618,21.5645496215028,0.928271251199052,0.368392732794227,0.915864363509466,-6.174134023153,"Human_vs_QC","limma_eBayes_BH"
"O60684","KPNA6",-0.0939711669485561,25.6317648092552,-0.928109975159158,0.368473610483041,0.915864363509466,-6.17428223913956,"Human_vs_QC","limma_eBayes_BH"
"Q9NSE4","IARS2",-0.124211652623323,24.971176132631,-0.928070177278148,0.368493570445473,0.915864363509466,-6.174318810697,"Human_vs_QC","limma_eBayes_BH"
"Q96FK6","WDR89",0.277857036020013,23.4265433285924,0.927837039159642,0.368610511916779,0.915864363509466,-6.17453302091933,"Human_vs_QC","limma_eBayes_BH"
"Q8WWV3","RTN4IP1",0.30181486347778,23.731627750736,0.927390055713531,0.368834789033023,0.915864363509466,-6.1749435815056,"Human_vs_QC","limma_eBayes_BH"
"Q15022","SUZ12",-0.346426498306499,23.8558546941949,-0.925496425731019,0.369785972094348,0.915864363509466,-6.17668096172393,"Human_vs_QC","limma_eBayes_BH"
"Q9Y2X3","NOP58",-0.0616648265697464,25.5673347154263,-0.925292909093561,0.369888300088318,0.915864363509466,-6.17686749811084,"Human_vs_QC","limma_eBayes_BH"
"Q86W56","PARG",-0.365715413048598,23.091889457201,-0.9249981243208,0.370036552115448,0.915864363509466,-6.17713762322811,"Human_vs_QC","limma_eBayes_BH"
"Q9H0S4","DDX47",-0.192753514969819,24.4256810453199,-0.92484956175098,0.370111282098781,0.915864363509466,-6.17727372914825,"Human_vs_QC","limma_eBayes_BH"
"Q8TBX8","PIP4K2C",-0.0972402359752138,24.2320018213671,-0.924548258686451,0.370262875473405,0.915864363509466,-6.17754970905647,"Human_vs_QC","limma_eBayes_BH"
"Q12789","GTF3C1",-0.364888803332679,23.2080600948703,-0.923265939868247,0.370908520094873,0.915864363509466,-6.17872336248047,"Human_vs_QC","limma_eBayes_BH"
"A0AVT1","UBA6",-0.112405739441066,26.8691476507628,-0.922198459758718,0.371446582867771,0.915864363509466,-6.1796992803415,"Human_vs_QC","limma_eBayes_BH"
"P48729","CSNK1A1",-0.241522855289602,25.9543515320475,-0.921882394144579,0.371605998241445,0.915864363509466,-6.17998804340158,"Human_vs_QC","limma_eBayes_BH"
"P13010","XRCC5",0.228889987496331,27.2876957649146,0.921880946798188,0.371606728353667,0.915864363509466,-6.17998936552039,"Human_vs_QC","limma_eBayes_BH"
"P35226","BMI1",-0.244925316802195,23.838088556273,-0.921591122439673,0.371752949738017,0.915864363509466,-6.18025407651274,"Human_vs_QC","limma_eBayes_BH"
"Q9UBF2","COPG2",0.0698184043261136,24.4997785808298,0.921110318772403,0.371995610467158,0.915864363509466,-6.18069305542252,"Human_vs_QC","limma_eBayes_BH"
"Q92974","ARHGEF2",-0.145973314467795,24.8744691274757,-0.920083063581514,0.372514427986157,0.915864363509466,-6.18163026886746,"Human_vs_QC","limma_eBayes_BH"
"P62851","RPS25",1.02509620236833,27.8650848415718,0.919862228410159,0.372626025989123,0.915864363509466,-6.18183162593803,"Human_vs_QC","limma_eBayes_BH"
"Q9UBV8","PEF1",0.154415897491404,24.1283544410475,0.919244326310291,0.372938401544556,0.915864363509466,-6.18239479972754,"Human_vs_QC","limma_eBayes_BH"
"Q05397","PTK2",-0.294877306953168,23.6015296854976,-0.919243912877724,0.372938610612157,0.915864363509466,-6.18239517642938,"Human_vs_QC","limma_eBayes_BH"
"Q7Z6Z7","HUWE1",-0.162196218123785,26.6340652385755,-0.91923965015068,0.372940766223798,0.915864363509466,-6.18239906043267,"Human_vs_QC","limma_eBayes_BH"
"Q10713","PMPCA",-0.118142416472381,25.3737145737788,-0.919182104269402,0.372969867343732,0.915864363509466,-6.18245149206038,"Human_vs_QC","limma_eBayes_BH"
"O76003","GLRX3",0.287381135960491,26.3576207742036,0.918473431335534,0.373328372786616,0.915864363509466,-6.18309694429247,"Human_vs_QC","limma_eBayes_BH"
"Q9Y697","NFS1",-0.240613722701628,23.9717721579995,-0.918381817709205,0.373374735755457,0.915864363509466,-6.18318035278418,"Human_vs_QC","limma_eBayes_BH"
"Q14C86","GAPVD1",-0.0704459318139179,25.4866797595613,-0.917652057467335,0.373744186718348,0.915864363509466,-6.18384448996745,"Human_vs_QC","limma_eBayes_BH"
"Q14141","SEPTIN6",0.098471412409733,25.6985287339319,0.91704981867949,0.374049266535319,0.915864363509466,-6.18439221958934,"Human_vs_QC","limma_eBayes_BH"
"P02654","APOC1",-0.393634810605217,23.1228175408455,-0.916845027573522,0.374153047625256,0.915864363509466,-6.18457840205367,"Human_vs_QC","limma_eBayes_BH"
"P23786","CPT2",-0.380949471365149,23.5652315890279,-0.916425312314973,0.374365806412859,0.915864363509466,-6.18495986377201,"Human_vs_QC","limma_eBayes_BH"
"Q07812","BAX",-0.113010195014901,23.4941449918387,-0.915988368820379,0.374587386267091,0.915864363509466,-6.18535681855124,"Human_vs_QC","limma_eBayes_BH"
"P25490","YY1",-0.230444690601917,24.2159722706901,-0.915548504141002,0.374810538022477,0.915864363509466,-6.18575625716864,"Human_vs_QC","limma_eBayes_BH"
"Q712K3","UBE2R2",-0.438319573381332,23.3271005893556,-0.915172775501759,0.375001224268698,0.915864363509466,-6.1860973191147,"Human_vs_QC","limma_eBayes_BH"
"P31350","RRM2",-0.0706105847358636,25.6738022795539,-0.914788377639556,0.37519637881995,0.915864363509466,-6.1864461215813,"Human_vs_QC","limma_eBayes_BH"
"Q53R41","FASTKD1",-0.41340671119945,22.6413321919372,-0.914715260142254,0.375233507618005,0.915864363509466,-6.18651245361759,"Human_vs_QC","limma_eBayes_BH"
"P52292","KPNA2",0.281126495005207,27.2297953200564,0.914704014558751,0.375239218306908,0.915864363509466,-6.18652265516837,"Human_vs_QC","limma_eBayes_BH"
"P41743","PRKCI",-0.334959063776516,23.6440901229917,-0.91463627443817,0.375273619089883,0.915864363509466,-6.18658410398026,"Human_vs_QC","limma_eBayes_BH"
"Q8TBQ9","TMEM167A",0.700937236351436,19.924910724979,0.913979420921647,0.375607303801448,0.915864363509466,-6.18717974284244,"Human_vs_QC","limma_eBayes_BH"
"Q9HAU5","UPF2",-0.289718667277668,24.1154786185931,-0.913750786659547,0.375723498611548,0.915864363509466,-6.1873869805141,"Human_vs_QC","limma_eBayes_BH"
"P78371","CCT2",0.418104236428526,28.6337571221692,0.913258976969565,0.37597352564683,0.915864363509466,-6.18783260819198,"Human_vs_QC","limma_eBayes_BH"
"P35914","HMGCL",-0.171822029816042,23.5574172686758,-0.913232654357889,0.375986910781274,0.915864363509466,-6.1878564530349,"Human_vs_QC","limma_eBayes_BH"
"P00492","HPRT1",0.341748044314716,26.8225122747184,0.913165132068947,0.37602124757403,0.915864363509466,-6.18791761660004,"Human_vs_QC","limma_eBayes_BH"
"Q8IU81","IRF2BP1",-0.183334282482324,24.3669508453208,-0.912839862203555,0.376186685517767,0.915864363509466,-6.18821219870164,"Human_vs_QC","limma_eBayes_BH"
"Q9UG63","ABCF2",-0.0747783941027187,26.0193605277148,-0.91227017839516,0.37647655632332,0.915864363509466,-6.18872791037191,"Human_vs_QC","limma_eBayes_BH"
"Q8NI22","MCFD2",0.239739450393532,24.3409756285083,0.912214613685663,0.376504837330665,0.915864363509466,-6.18877819551781,"Human_vs_QC","limma_eBayes_BH"
"P61086","UBE2K",0.370120625552659,26.5526080993679,0.912135469755912,0.376545122056425,0.915864363509466,-6.1888498147631,"Human_vs_QC","limma_eBayes_BH"
"P54198","HIRA",-0.345270962513371,24.5373573726465,-0.911099908471701,0.37707249974079,0.915864363509466,-6.18978640944643,"Human_vs_QC","limma_eBayes_BH"
"P13798","APEH",-0.0626605967258165,25.4558184824284,-0.910555193501287,0.377350107364998,0.915864363509466,-6.19027868694497,"Human_vs_QC","limma_eBayes_BH"
"Q9H9Y6","POLR1B",-0.213274947632183,25.0282695755128,-0.910548504413957,0.377353517245779,0.915864363509466,-6.19028473047232,"Human_vs_QC","limma_eBayes_BH"
"O94992","HEXIM1",-0.155946104835934,24.9291232003223,-0.910115158127686,0.377574467939673,0.915864363509466,-6.19067617052646,"Human_vs_QC","limma_eBayes_BH"
"P55196","AFDN",-0.26242438614479,24.8559273571184,-0.90937804897394,0.377950500951245,0.915864363509466,-6.19134161727336,"Human_vs_QC","limma_eBayes_BH"
"Q9Y3A5","SBDS",0.270857505358723,25.9570586283626,0.909275341894533,0.378002916758209,0.915864363509466,-6.19143430096698,"Human_vs_QC","limma_eBayes_BH"
"Q8WUA2","PPIL4",0.186139551220808,24.4190875145721,0.908827451576666,0.37823155217107,0.915864363509466,-6.19183837180583,"Human_vs_QC","limma_eBayes_BH"
"P29401","TKT",0.30314297902369,27.8691373511411,0.908591610442452,0.378351980274093,0.915864363509466,-6.19205106808573,"Human_vs_QC","limma_eBayes_BH"
"Q8N3D4","EHBP1L1",-0.571036740719997,22.8035080911038,-0.908438181165549,0.378430340233665,0.915864363509466,-6.19218941380055,"Human_vs_QC","limma_eBayes_BH"
"Q9BYG5","PARD6B",-0.355268536192341,23.0223436848393,-0.908422946978892,0.378438121295878,0.915864363509466,-6.19220314918548,"Human_vs_QC","limma_eBayes_BH"
"P09622","DLD",0.327578968999887,26.8839363157975,0.908403146580343,0.378448234773937,0.915864363509466,-6.19222100123301,"Human_vs_QC","limma_eBayes_BH"
"O43598","DNPH1",0.182353347036891,26.5265235892274,0.908068337053829,0.378619273774241,0.915864363509466,-6.19252281315522,"Human_vs_QC","limma_eBayes_BH"
"P53680","AP2S1",-0.210933209653479,24.9373129062722,-0.908033299101446,0.378637176115261,0.915864363509466,-6.19255439216603,"Human_vs_QC","limma_eBayes_BH"
"P51991","HNRNPA3",0.237290943255012,28.868847410421,0.907313802316509,0.379004924193838,0.915864363509466,-6.1932026202949,"Human_vs_QC","limma_eBayes_BH"
"Q9NVN8","GNL3L",-0.286707924669237,23.2414892402891,-0.907274835305607,0.379024847886004,0.915864363509466,-6.19323771441887,"Human_vs_QC","limma_eBayes_BH"
"P12956","XRCC6",0.230506121066117,27.37316426023,0.907045407178745,0.379142168106761,0.915864363509466,-6.19344431271226,"Human_vs_QC","limma_eBayes_BH"
"P49721","PSMB2",0.385185294861916,26.3804516010539,0.907040028807799,0.379144918683384,0.915864363509466,-6.1934491553361,"Human_vs_QC","limma_eBayes_BH"
"P22626","HNRNPA2B1",0.592870832815144,30.1093879670363,0.907017296311374,0.37915654456048,0.915864363509466,-6.19346962313391,"Human_vs_QC","limma_eBayes_BH"
"Q96I24","FUBP3",-0.0707624199012429,25.8379010620788,-0.906618663755251,0.379360453046044,0.915864363509466,-6.19382846808979,"Human_vs_QC","limma_eBayes_BH"
"P28066","PSMA5",0.442663574446485,28.1972761017222,0.906386320653175,0.379479335560044,0.915864363509466,-6.19403755612913,"Human_vs_QC","limma_eBayes_BH"
"O95544","NADK",-0.398710316568394,22.6167928167349,-0.906098582010682,0.37962659730257,0.915864363509466,-6.19429642900427,"Human_vs_QC","limma_eBayes_BH"
"Q8N3U4","STAG2",-0.0902125741055109,24.1639546706651,-0.905930457765565,0.379712659579556,0.915864363509466,-6.1944476532179,"Human_vs_QC","limma_eBayes_BH"
"Q96NB3","ZNF830",-0.909574596370021,21.1017570953728,-0.905168459875084,0.380102890188698,0.915864363509466,-6.19513274063422,"Human_vs_QC","limma_eBayes_BH"
"O60502","OGA",-0.244879317550584,23.8874682674725,-0.904864144663349,0.380258810717529,0.915864363509466,-6.19540619689202,"Human_vs_QC","limma_eBayes_BH"
"Q9UHY8","FEZ2",0.372708805456032,20.5257148118429,0.904134711925814,0.380632723556905,0.915864363509466,-6.19606132802431,"Human_vs_QC","limma_eBayes_BH"
"Q8N543","OGFOD1",-0.146880916999368,24.7441266271046,-0.904078390714421,0.380661604624225,0.915864363509466,-6.19611189264204,"Human_vs_QC","limma_eBayes_BH"
"Q9BSD7","NTPCR",-0.210702280585625,24.5826517758685,-0.903801366450836,0.380803682114043,0.915864363509466,-6.19636056135392,"Human_vs_QC","limma_eBayes_BH"
"Q15942","ZYX",-0.0851093852973008,27.0072145163698,-0.903700951363816,0.380855190909752,0.915864363509466,-6.1964506814063,"Human_vs_QC","limma_eBayes_BH"
"O43491","EPB41L2",-0.20904323831137,24.9042507909028,-0.903250779714263,0.381086168523817,0.915864363509466,-6.19685458954211,"Human_vs_QC","limma_eBayes_BH"
"Q14498","RBM39",0.292516274204903,26.4702567146703,0.902999167972725,0.381215308872572,0.915864363509466,-6.19708026528993,"Human_vs_QC","limma_eBayes_BH"
"Q9NRG9","AAAS",-0.103166929589015,24.9972531648854,-0.902736922442886,0.381349938645447,0.915864363509466,-6.19731541901079,"Human_vs_QC","limma_eBayes_BH"
"Q8IUF1","ZNG1B",-0.15408654853486,23.3521742706113,-0.902485113922316,0.381479240698749,0.915864363509466,-6.1975411565966,"Human_vs_QC","limma_eBayes_BH"
"Q06330","RBPJ",0.70606976790117,21.4178363395276,0.901948789098697,0.381754739175716,0.915864363509466,-6.19802176588309,"Human_vs_QC","limma_eBayes_BH"
"P61981","YWHAG",0.429464448543722,28.7455838140366,0.901759628127153,0.381851939265384,0.915864363509466,-6.19819121525842,"Human_vs_QC","limma_eBayes_BH"
"P30837","ALDH1B1",0.20081114193286,25.7359899786996,0.901102252471617,0.382189861294467,0.915864363509466,-6.19877984218914,"Human_vs_QC","limma_eBayes_BH"
"O00299","CLIC1",0.92095044495807,29.31958965461,0.9005433699232,0.382477312635365,0.915864363509466,-6.19927997517632,"Human_vs_QC","limma_eBayes_BH"
"Q9H6F5","CCDC86",-0.105688713992883,25.904834421411,-0.900483882732161,0.382507917444602,0.915864363509466,-6.19933319278432,"Human_vs_QC","limma_eBayes_BH"
"Q8TDP1","RNASEH2C",0.156103604189088,23.7942598213004,0.90008543565792,0.38271295220429,0.915864363509466,-6.19968956509348,"Human_vs_QC","limma_eBayes_BH"
"Q9NPJ6","MED4",0.139310577717239,23.7004009841065,0.89994039672639,0.382787605500194,0.915864363509466,-6.19981925341431,"Human_vs_QC","limma_eBayes_BH"
"P20248","CCNA2",-0.143909956976248,24.4367621663514,-0.899550745322541,0.382988212652951,0.915864363509466,-6.20016757255242,"Human_vs_QC","limma_eBayes_BH"
"Q13098","GPS1",-0.129993269963784,24.4434988781107,-0.899517408509646,0.383005379000599,0.915864363509466,-6.20019736690965,"Human_vs_QC","limma_eBayes_BH"
"Q76FK4","NOL8",-0.255474219624944,25.5445259665279,-0.899035059230566,0.383253816658343,0.915864363509466,-6.20062835018226,"Human_vs_QC","limma_eBayes_BH"
"Q13610","PWP1",-0.0900184228682512,25.6851894764339,-0.898680652957343,0.383436425831158,0.915864363509466,-6.20094488371782,"Human_vs_QC","limma_eBayes_BH"
"P02042","HBD",0.242285187043812,26.7874447022278,0.897693963546177,0.383945131523223,0.915864363509466,-6.20182554591852,"Human_vs_QC","limma_eBayes_BH"
"Q96G46","DUS3L",-0.287687374588735,23.8805065503398,-0.897676982640713,0.383953890333937,0.915864363509466,-6.20184069453445,"Human_vs_QC","limma_eBayes_BH"
"Q14318","FKBP8",-0.182564327903133,24.7657624711284,-0.897550640377721,0.384019062362343,0.915864363509466,-6.20195339605962,"Human_vs_QC","limma_eBayes_BH"
"Q9NUQ9","CYRIB",0.136541435798485,26.9315857552594,0.897388060074816,0.384102938328866,0.915864363509466,-6.2020984022796,"Human_vs_QC","limma_eBayes_BH"
"Q9UHX1","PUF60",0.165818795513211,26.6777218566326,0.896462860369497,0.384580489273179,0.915864363509466,-6.20292314595617,"Human_vs_QC","limma_eBayes_BH"
"Q9NR12","PDLIM7",-0.0883324904281011,25.8005433050001,-0.896224507193818,0.384703582626006,0.915864363509466,-6.20313549616436,"Human_vs_QC","limma_eBayes_BH"
"P40121","CAPG",-0.242467035514785,25.2960227337265,-0.896114977039805,0.384760156501255,0.915864363509466,-6.20323306028499,"Human_vs_QC","limma_eBayes_BH"
"P02769","ALB",0.248977806604174,26.9412434814978,0.895710199743698,0.384969278503507,0.915864363509466,-6.20359352371067,"Human_vs_QC","limma_eBayes_BH"
"P08670","VIM",0.374391216445691,28.2025844620001,0.895565283509055,0.385044165932894,0.915864363509466,-6.20372253954707,"Human_vs_QC","limma_eBayes_BH"
"Q99848","EBNA1BP2",0.287225083665238,26.2902534201991,0.895365365848495,0.385147492253655,0.915864363509466,-6.20390049136019,"Human_vs_QC","limma_eBayes_BH"
"P42166","TMPO",0.13692611507717,26.2470498716517,0.895282074853596,0.385190546265834,0.915864363509466,-6.20397462032279,"Human_vs_QC","limma_eBayes_BH"
"P40926","MDH2",0.797478423102522,29.3298288981014,0.894564883743835,0.385561404632298,0.915864363509466,-6.20461266516578,"Human_vs_QC","limma_eBayes_BH"
"Q13422","IKZF1",-0.266522789858456,23.8085953857444,-0.894336591318315,0.385679504866533,0.915864363509466,-6.20481566827255,"Human_vs_QC","limma_eBayes_BH"
"O75391","SPAG7",-0.775467972127529,23.325009891087,-0.894187089109815,0.38575685858416,0.915864363509466,-6.20494858412758,"Human_vs_QC","limma_eBayes_BH"
"O75436","VPS26A",-0.0591379827032554,25.2351508730928,-0.893657395767713,0.386031010751222,0.915864363509466,-6.20541935135233,"Human_vs_QC","limma_eBayes_BH"
"Q6NXE6","ARMC6",-0.144188527524623,24.5252069432301,-0.893645026204812,0.386037414408865,0.915864363509466,-6.20543034187414,"Human_vs_QC","limma_eBayes_BH"
"P05387","RPLP2",0.743558481219004,29.5395330313914,0.893530134991219,0.386096896412211,0.915864363509466,-6.20553241775252,"Human_vs_QC","limma_eBayes_BH"
"Q9NX70","MED29",-0.337792053709336,22.7207493441907,-0.892996695524496,0.386373152174034,0.915864363509466,-6.20600620192663,"Human_vs_QC","limma_eBayes_BH"
"P28838","LAP3",0.162904021075619,26.0259613198844,0.892668051477081,0.38654341559386,0.915864363509466,-6.20629796728378,"Human_vs_QC","limma_eBayes_BH"
"P31939","ATIC",0.273424081894042,27.3693052178321,0.892506631428299,0.386627062389822,0.915864363509466,-6.20644123845756,"Human_vs_QC","limma_eBayes_BH"
"Q9BZF1","OSBPL8",-0.477053304630068,21.4284600252789,-0.892131023758498,0.386821747052454,0.915864363509466,-6.20677452588279,"Human_vs_QC","limma_eBayes_BH"
"O00203","AP3B1",-0.13686450285579,25.2712193840092,-0.891737460490747,0.387025809377401,0.915864363509466,-6.20712361119221,"Human_vs_QC","limma_eBayes_BH"
"Q9BVL2","NUP58",-0.126234302441695,25.0954769090356,-0.891511586638564,0.38714295762117,0.915864363509466,-6.20732389601852,"Human_vs_QC","limma_eBayes_BH"
"Q99733","NAP1L4",0.242093531698192,26.9507136321242,0.891260030395871,0.387273454036586,0.915864363509466,-6.20754690027659,"Human_vs_QC","limma_eBayes_BH"
"Q15370","ELOB",0.399757752520145,26.5371854858357,0.891115361999038,0.387348515126047,0.915864363509466,-6.20767512310752,"Human_vs_QC","limma_eBayes_BH"
"P11940","PABPC1",0.426842475500472,27.7430912887113,0.891026334274746,0.387394711968728,0.915864363509466,-6.20775402111133,"Human_vs_QC","limma_eBayes_BH"
"Q12846","STX4",-0.223404799597922,23.5241946210222,-0.890759852666413,0.387533012538169,0.915864363509466,-6.20799013985378,"Human_vs_QC","limma_eBayes_BH"
"Q8WW12","PCNP",0.332105547380632,26.1949317201153,0.890530732205708,0.387651949750046,0.915864363509466,-6.20819310384409,"Human_vs_QC","limma_eBayes_BH"
"Q9H5X1","CIAO2A",0.221369542013544,23.5138963788932,0.88997650993896,0.387939750126517,0.915864363509466,-6.20868386270227,"Human_vs_QC","limma_eBayes_BH"
"Q9NZI7","UBP1",-0.387522712563644,24.0756853935316,-0.88961145395142,0.388129397544136,0.915864363509466,-6.20900696714772,"Human_vs_QC","limma_eBayes_BH"
"P07437","TUBB",0.764783630804246,30.4516739521921,0.889512940319043,0.388180586298715,0.915864363509466,-6.20909413945157,"Human_vs_QC","limma_eBayes_BH"
"Q8NCF5","NFATC2IP",-0.397493722058343,23.4981549422485,-0.889413477617913,0.388232272812453,0.915864363509466,-6.20918214279716,"Human_vs_QC","limma_eBayes_BH"
"Q9H1K1","ISCU",-0.454258206794446,23.1235638572179,-0.88920753121927,0.388339309085342,0.915864363509466,-6.20936433357584,"Human_vs_QC","limma_eBayes_BH"
"Q9Y4P3","TBL2",-0.414557323283503,23.0075934913582,-0.88913237760775,0.388378373529629,0.915864363509466,-6.20943080892124,"Human_vs_QC","limma_eBayes_BH"
"P49902","NT5C2",-0.455438260618287,25.8413094862485,-0.889086313162296,0.388402318889347,0.915864363509466,-6.20947155164831,"Human_vs_QC","limma_eBayes_BH"
"O15372","EIF3H",0.160237219980235,26.2759613293447,0.889080017477535,0.388405591608507,0.915864363509466,-6.20947711986047,"Human_vs_QC","limma_eBayes_BH"
"P39656","DDOST",-0.352156195248973,23.0206275465247,-0.888982116827102,0.388456486211684,0.915864363509466,-6.20956370345192,"Human_vs_QC","limma_eBayes_BH"
"A0MZ66","SHTN1",-0.22715643441218,24.3477275761727,-0.888783677659627,0.388559660513042,0.915864363509466,-6.20973917738704,"Human_vs_QC","limma_eBayes_BH"
"Q07157","TJP1",-0.160584385113363,24.5890827801865,-0.888204484824758,0.388860905229986,0.915864363509466,-6.2102511400541,"Human_vs_QC","limma_eBayes_BH"
"O14972","VPS26C",-0.344302906935376,22.41116115423,-0.887582876083189,0.389184385765038,0.915864363509466,-6.21080026272493,"Human_vs_QC","limma_eBayes_BH"
"P52732","KIF11",-0.0860060184466889,25.6401045025988,-0.887570021993296,0.389191076847247,0.915864363509466,-6.21081161426083,"Human_vs_QC","limma_eBayes_BH"
"Q00688","FKBP3",-0.153471368179058,26.112913171244,-0.887423665525698,0.389267266862448,0.915864363509466,-6.21094085229131,"Human_vs_QC","limma_eBayes_BH"
"Q14978","NOLC1",0.336169360108414,27.0428709417454,0.887294214191221,0.389334664792312,0.915864363509466,-6.21105514657413,"Human_vs_QC","limma_eBayes_BH"
"P55795","HNRNPH2",0.176680007345038,24.4722971349517,0.887234585653228,0.389365712613086,0.915864363509466,-6.21110778837005,"Human_vs_QC","limma_eBayes_BH"
"Q92734","TFG",0.0834488575002474,25.6785809739268,0.887076962707262,0.389447792894456,0.915864363509466,-6.21124692720292,"Human_vs_QC","limma_eBayes_BH"
"Q13867","BLMH",0.147114578753154,26.2980776390501,0.886786052300484,0.389599311599248,0.915864363509466,-6.21150366501466,"Human_vs_QC","limma_eBayes_BH"
"Q9NP81","SARS2",-0.159248308036947,27.4353075493598,-0.886550396247567,0.389722080509348,0.915864363509466,-6.21171158378225,"Human_vs_QC","limma_eBayes_BH"
"P24534","EEF1B2",0.524672882942784,28.441475079114,0.886306559379914,0.389849138729231,0.915864363509466,-6.21192666835766,"Human_vs_QC","limma_eBayes_BH"
"Q9BWD1","ACAT2",0.283620588403995,26.8647803172539,0.886276660529664,0.389864720302477,0.915864363509466,-6.21195303800447,"Human_vs_QC","limma_eBayes_BH"
"Q9NZN4","EHD2",-0.391551590784456,22.6742677384742,-0.886081752130062,0.389966305689695,0.915864363509466,-6.21212492025754,"Human_vs_QC","limma_eBayes_BH"
"P49720","PSMB3",0.34030607665435,26.3391603494697,0.88580399021577,0.39011110470177,0.915864363509466,-6.21236980933135,"Human_vs_QC","limma_eBayes_BH"
"Q6P2Q9","PRPF8",-0.0692574933832759,26.8822139739762,-0.885726061791207,0.390151735764243,0.915864363509466,-6.21243850265005,"Human_vs_QC","limma_eBayes_BH"
"Q9Y6J9","TAF6L",-0.791400420533204,21.2375455660661,-0.884568180362667,0.390755778026614,0.915864363509466,-6.21345852842321,"Human_vs_QC","limma_eBayes_BH"
"Q96KG9","SCYL1",-0.232822302609225,23.7607835050152,-0.884408737989104,0.390839004918305,0.915864363509466,-6.21359889416187,"Human_vs_QC","limma_eBayes_BH"
"P11310","ACADM",0.187393826342802,25.7285720390795,0.884308157444151,0.390891512806829,0.915864363509466,-6.21368742898713,"Human_vs_QC","limma_eBayes_BH"
"P42356","PI4KA",-0.233980511581617,23.343146793955,-0.884158714526778,0.390969537954509,0.915864363509466,-6.21381895766763,"Human_vs_QC","limma_eBayes_BH"
"Q9UKD2","MRTO4",-0.0875438335505585,26.3752976651456,-0.884138677172058,0.390980000386586,0.915864363509466,-6.21383659156095,"Human_vs_QC","limma_eBayes_BH"
"Q13310","PABPC4",0.150752224412262,26.3885025385649,0.883964434765537,0.391070988352028,0.915864363509466,-6.21398991865873,"Human_vs_QC","limma_eBayes_BH"
"Q9BTC0","DIDO1",-0.411175760744257,23.0076536607678,-0.882980849830896,0.391584874988415,0.915864363509466,-6.21485493023572,"Human_vs_QC","limma_eBayes_BH"
"Q9H1Y0","ATG5",-0.242105957044821,23.4377836692432,-0.882978033627215,0.391586347000625,0.915864363509466,-6.2148574057003,"Human_vs_QC","limma_eBayes_BH"
"P31946","YWHAB",0.406830367377005,28.3198845995111,0.882945054911158,0.391603585047429,0.915864363509466,-6.21488639371727,"Human_vs_QC","limma_eBayes_BH"
"Q9H900","ZWILCH",-0.580262384306568,22.7088225127428,-0.882663042087294,0.391751014558643,0.915864363509466,-6.21513424100063,"Human_vs_QC","limma_eBayes_BH"
"Q01650","SLC7A5",0.109999980429937,24.7176286438579,0.882365532685181,0.391906585664098,0.915864363509466,-6.2153956305223,"Human_vs_QC","limma_eBayes_BH"
"Q9UII2","ATP5IF1",-1.01954866063613,27.0003271729504,-0.881946355374401,0.392125848640936,0.915864363509466,-6.21576378246201,"Human_vs_QC","limma_eBayes_BH"
"O75964","ATP5MG",0.46141588973159,25.6831161030188,0.881490449152865,0.392364417125363,0.915864363509466,-6.21616401429907,"Human_vs_QC","limma_eBayes_BH"
"P52565","ARHGDIA",0.317663915259939,27.6598316890231,0.881457746201058,0.392381533800298,0.915864363509466,-6.2161927164958,"Human_vs_QC","limma_eBayes_BH"
"P63173","RPL38",0.434774447083083,26.9074157005399,0.881456940091967,0.392381955722885,0.915864363509466,-6.2161934239765,"Human_vs_QC","limma_eBayes_BH"
"Q9BRU9","UTP23",0.418933664028611,23.1111896418477,0.881291767569628,0.392468414479659,0.915864363509466,-6.21633837520704,"Human_vs_QC","limma_eBayes_BH"
"P35612","ADD2",-0.191709296087957,25.0264826477286,-0.88101363848594,0.392614028655727,0.915864363509466,-6.21658239920679,"Human_vs_QC","limma_eBayes_BH"
"Q9NXG2","THUMPD1",0.0878267738502103,26.1829967186749,0.88098763045777,0.392627646981409,0.915864363509466,-6.21660521451461,"Human_vs_QC","limma_eBayes_BH"
"Q9NQ29","LUC7L",-0.136102124905172,24.3776275533925,-0.880182385587683,0.39304944599974,0.915864363509466,-6.21731130936251,"Human_vs_QC","limma_eBayes_BH"
"Q8WXD5","GEMIN6",-0.519071678472439,22.9581894368497,-0.879761693448179,0.393269931367032,0.915864363509466,-6.21767997119436,"Human_vs_QC","limma_eBayes_BH"
"Q9NX08","COMMD8",0.184373574513089,23.1359494108163,0.879743546728531,0.393279443952762,0.915864363509466,-6.21769587000875,"Human_vs_QC","limma_eBayes_BH"
"Q9BRA2","TXNDC17",0.397774649993536,26.0779754127602,0.879196014963676,0.393566534844459,0.915864363509466,-6.21817543848422,"Human_vs_QC","limma_eBayes_BH"
"Q15750","TAB1",-0.299197801134113,23.4887283128306,-0.878980807697045,0.393679414275648,0.915864363509466,-6.21836385944446,"Human_vs_QC","limma_eBayes_BH"
"P14866","HNRNPL",0.227249717007382,28.3898073427048,0.878874980452628,0.393734930197286,0.915864363509466,-6.21845649945577,"Human_vs_QC","limma_eBayes_BH"
"P61081","UBE2M",0.337129569404105,25.7404077832284,0.878537041628805,0.393912244633751,0.915864363509466,-6.21875226038002,"Human_vs_QC","limma_eBayes_BH"
"P04083","ANXA1",0.526878016927459,28.6998567974153,0.878394847544856,0.393986868973017,0.915864363509466,-6.21887667680907,"Human_vs_QC","limma_eBayes_BH"
"P52594","AGFG1",0.100832595950187,24.3561606255419,0.8782789557428,0.394047696708408,0.915864363509466,-6.21897806600001,"Human_vs_QC","limma_eBayes_BH"
"P55039","DRG2",-0.505208303374847,23.7073435629075,-0.877790452475888,0.394304164822699,0.915864363509466,-6.21940530635944,"Human_vs_QC","limma_eBayes_BH"
"O14929","HAT1",0.124749339949197,26.3771923833715,0.877651538897241,0.394377115948455,0.915864363509466,-6.21952675990309,"Human_vs_QC","limma_eBayes_BH"
"P42704","LRPPRC",0.234995798284672,27.0496922767796,0.876967320788955,0.394736568077991,0.915864363509466,-6.22012472687181,"Human_vs_QC","limma_eBayes_BH"
"Q9BVJ6","UTP14A",0.069896518716984,25.6533973010175,0.876596327334225,0.394931560050413,0.915864363509466,-6.22044877857925,"Human_vs_QC","limma_eBayes_BH"
"Q96PM5","RCHY1",-0.593166535340739,21.6628248143517,-0.87595102506616,0.395270880501245,0.915864363509466,-6.22101213750316,"Human_vs_QC","limma_eBayes_BH"
"Q8TF05","PPP4R1",-0.181355080924114,24.2935863602955,-0.874496981480794,0.396036176702274,0.915864363509466,-6.22228017439564,"Human_vs_QC","limma_eBayes_BH"
"P68104","EEF1A1",0.588678886732062,32.3429408281153,0.874269645291873,0.39615591828621,0.915864363509466,-6.22247825781721,"Human_vs_QC","limma_eBayes_BH"
"O75116","ROCK2",-0.269070506140714,24.1371264279326,-0.874246270736498,0.396168231406225,0.915864363509466,-6.22249862199924,"Human_vs_QC","limma_eBayes_BH"
"Q6BDS2","BLTP3A",-1.36453320578678,29.0321674905541,-0.874162821205641,0.39621219257642,0.915864363509466,-6.22257132020159,"Human_vs_QC","limma_eBayes_BH"
"Q8WUI4","HDAC7",-0.197350505272471,25.4058946351201,-0.873935751357191,0.396331829341865,0.915864363509466,-6.22276910364591,"Human_vs_QC","limma_eBayes_BH"
"Q8WZA0","LZIC",0.118020326006164,25.099227157342,0.873101186020131,0.396771745663742,0.915864363509466,-6.22349563395776,"Human_vs_QC","limma_eBayes_BH"
"P10606","COX5B",0.374139959229964,26.673194442855,0.872966468528859,0.396842788513153,0.915864363509466,-6.22361285370782,"Human_vs_QC","limma_eBayes_BH"
"Q8NEF9","SRFBP1",-0.416838376789123,22.782850916257,-0.87235281138804,0.397166506047769,0.915864363509466,-6.22414660048094,"Human_vs_QC","limma_eBayes_BH"
"O75821","EIF3G",0.195009429987543,26.6557637412871,0.872218248570471,0.397237514405278,0.915864363509466,-6.22426359544287,"Human_vs_QC","limma_eBayes_BH"
"Q00839","HNRNPU",0.34267141863878,29.4803737277407,0.871956643409881,0.397375586815004,0.915864363509466,-6.2244910002981,"Human_vs_QC","limma_eBayes_BH"
"O43776","NARS1",0.123101568714933,26.3952602114383,0.871846153850484,0.397433911633702,0.915864363509466,-6.22458702685814,"Human_vs_QC","limma_eBayes_BH"
"P16949","STMN1",0.955255768963564,28.9451018335723,0.871570752526536,0.397579314301861,0.915864363509466,-6.22482633074084,"Human_vs_QC","limma_eBayes_BH"
"Q9BTT0","ANP32E",0.144004743701203,27.1067283182728,0.871490125912546,0.397621889160588,0.915864363509466,-6.22489637658953,"Human_vs_QC","limma_eBayes_BH"
"Q9Y333","LSM2",0.29518236301589,26.1763009775701,0.870605967199773,0.398088968252411,0.915864363509466,-6.2256641233949,"Human_vs_QC","limma_eBayes_BH"
"Q9Y3B9","RRP15",0.482720712086387,24.4337509638015,0.870388290426276,0.398204017535643,0.915864363509466,-6.22585303246393,"Human_vs_QC","limma_eBayes_BH"
"Q9BWS9","CHID1",-0.311596810840442,22.7938985082041,-0.870157325319779,0.398326114350366,0.915864363509466,-6.22605342725627,"Human_vs_QC","limma_eBayes_BH"
"O15270","SPTLC2",0.224415071474073,22.9260781196199,0.869679109555983,0.398578996377755,0.915864363509466,-6.22646819480332,"Human_vs_QC","limma_eBayes_BH"
"O75157","TSC22D2",-0.225481767893449,23.6767366191361,-0.869312993795807,0.398772671791266,0.915864363509466,-6.22678559682659,"Human_vs_QC","limma_eBayes_BH"
"Q9Y676","MRPS18B",-0.10321990301518,24.6986689236724,-0.868684504061725,0.399105289207708,0.915864363509466,-6.22733018216858,"Human_vs_QC","limma_eBayes_BH"
"Q9H081","MIS12",-0.97881182347097,22.1925426141375,-0.867788771438255,0.399579659289658,0.915864363509466,-6.22810572060782,"Human_vs_QC","limma_eBayes_BH"
"P48681","NES",-0.296370227758199,23.2739619032116,-0.86683293629406,0.400086272391083,0.915864363509466,-6.22893250257177,"Human_vs_QC","limma_eBayes_BH"
"Q9HCE1","MOV10",-0.123704146168976,25.9556222397311,-0.866653186716024,0.400181591191488,0.915864363509466,-6.22908789144122,"Human_vs_QC","limma_eBayes_BH"
"Q15056","EIF4H",0.307408821045733,27.76689954005,0.865978902130503,0.400539289784089,0.915864363509466,-6.22967053454447,"Human_vs_QC","limma_eBayes_BH"
"P61289","PSME3",0.223816024546078,26.7752732954957,0.865733360388922,0.40066959900399,0.915864363509466,-6.2298826035,"Human_vs_QC","limma_eBayes_BH"
"O43592","XPOT",-0.153826423219559,25.6263416669459,-0.86569816920958,0.400688277300956,0.915864363509466,-6.22991299290492,"Human_vs_QC","limma_eBayes_BH"
"O95168","NDUFB4",0.232151532736211,24.0247965223084,0.865685852824475,0.400694814561455,0.915864363509466,-6.22992362847824,"Human_vs_QC","limma_eBayes_BH"
"P04183","TK1",0.206454871708921,26.3314724141092,0.865254713535972,0.400923698252038,0.915864363509466,-6.23029584451576,"Human_vs_QC","limma_eBayes_BH"
"Q9Y3Q8","TSC22D4",-0.248114979587175,25.182940726132,-0.865027815486316,0.401044188995092,0.915864363509466,-6.23049166564721,"Human_vs_QC","limma_eBayes_BH"
"Q8N1G4","LRRC47",0.128049008773701,25.8212625908072,0.864988255914387,0.401065198962537,0.915864363509466,-6.23052580223822,"Human_vs_QC","limma_eBayes_BH"
"O75330","HMMR",-0.263494030597304,24.1803789786211,-0.864727587940931,0.401203657196167,0.915864363509466,-6.23075070167415,"Human_vs_QC","limma_eBayes_BH"
"Q70J99","UNC13D",-0.0894430965968382,25.432235144778,-0.864655809744948,0.401241788978569,0.915864363509466,-6.23081261983602,"Human_vs_QC","limma_eBayes_BH"
"P51114","FXR1",-0.0866048705075144,25.71987489757,-0.864296951261545,0.401432466705357,0.915864363509466,-6.23112211319082,"Human_vs_QC","limma_eBayes_BH"
"Q9BQC6","MRPL57",-0.290273722593167,24.3045606208306,-0.864173487769873,0.401498082338948,0.915864363509466,-6.23122856610074,"Human_vs_QC","limma_eBayes_BH"
"P20042","EIF2S2",0.233974171384698,26.4457028477136,0.863596633379935,0.401804750399413,0.915864363509466,-6.23172576099889,"Human_vs_QC","limma_eBayes_BH"
"Q06787","FMR1",0.356948533708064,22.1359131691159,0.863560621075966,0.401823900457971,0.915864363509466,-6.23175679034212,"Human_vs_QC","limma_eBayes_BH"
"P31949","S100A11",0.491702420044074,27.0804476255903,0.863494985686846,0.401858804573758,0.915864363509466,-6.23181334087684,"Human_vs_QC","limma_eBayes_BH"
"Q14CX7","NAA25",-0.201362798285256,23.7512398420093,-0.863445728556427,0.401885000248221,0.915864363509466,-6.23185577758933,"Human_vs_QC","limma_eBayes_BH"
"Q8IZ83","ALDH16A1",-0.182520712451726,23.3875473966126,-0.863377629994429,0.401921217941599,0.915864363509466,-6.23191444325181,"Human_vs_QC","limma_eBayes_BH"
"P09661","SNRPA1",0.290831665535414,26.3320681476196,0.862954687883089,0.402146204906481,0.915864363509466,-6.23227870678645,"Human_vs_QC","limma_eBayes_BH"
"Q5U5X0","LYRM7",0.198332362605981,26.6596927239906,0.862947460618664,0.402150050225135,0.915864363509466,-6.23228492994989,"Human_vs_QC","limma_eBayes_BH"
"P23921","RRM1",0.153160085903078,26.9462382329318,0.862702926952807,0.40228017051101,0.915864363509466,-6.23249546230119,"Human_vs_QC","limma_eBayes_BH"
"O14646","CHD1",-0.226272814559323,24.141410813087,-0.862552042193482,0.4023604726362,0.915864363509466,-6.23262534038893,"Human_vs_QC","limma_eBayes_BH"
"P11766","ADH5",0.333901153875612,27.048953220174,0.862404867565895,0.402438810436094,0.915864363509466,-6.2327520051615,"Human_vs_QC","limma_eBayes_BH"
"Q9UPN6","SCAF8",-0.230355100044921,25.2345358409187,-0.862141479027487,0.402579031567504,0.915864363509466,-6.23297863997482,"Human_vs_QC","limma_eBayes_BH"
"Q9NPI1","BRD7",-0.461282309394047,23.0845793999347,-0.861980649646141,0.402664668822578,0.915864363509466,-6.23311699625082,"Human_vs_QC","limma_eBayes_BH"
"P47914","RPL29",0.389288984591872,25.9152332052203,0.861569899315734,0.40288343694685,0.915864363509466,-6.23347024580767,"Human_vs_QC","limma_eBayes_BH"
"P62258","YWHAE",0.377535827546453,29.6270482855318,0.861394568160594,0.402976843364704,0.915864363509466,-6.23362098621532,"Human_vs_QC","limma_eBayes_BH"
"Q9UK73","FEM1B",0.526389628805532,19.4376198030348,0.861338746741747,0.403006584836826,0.915864363509466,-6.23366897270118,"Human_vs_QC","limma_eBayes_BH"
"P62314","SNRPD1",0.287576897634299,27.9727399171534,0.860833372350148,0.403275912859364,0.915864363509466,-6.23410328664422,"Human_vs_QC","limma_eBayes_BH"
"O14841","OPLAH",-0.209183082488018,23.8227209355411,-0.860151019109431,0.403639746902906,0.915864363509466,-6.23468932995969,"Human_vs_QC","limma_eBayes_BH"
"Q9UBB6","NCDN",-0.201406089868847,23.888105118198,-0.859844596237399,0.4038032037413,0.915864363509466,-6.23495236682902,"Human_vs_QC","limma_eBayes_BH"
"P49207","RPL34",0.483444099076671,26.3222840073283,0.859762602521757,0.40384694952941,0.915864363509466,-6.23502273683415,"Human_vs_QC","limma_eBayes_BH"
"P46783","RPS10",0.306502690888358,27.9388113141977,0.85925870311121,0.404115861888098,0.915864363509466,-6.23545506887593,"Human_vs_QC","limma_eBayes_BH"
"O95819","MAP4K4",-0.621123079019725,21.9771105757028,-0.857639138232783,0.404980965486459,0.915864363509466,-6.23684306360879,"Human_vs_QC","limma_eBayes_BH"
"O95149","SNUPN",-0.373848129577848,22.265833547816,-0.857615288029505,0.404993714404824,0.915864363509466,-6.23686348599204,"Human_vs_QC","limma_eBayes_BH"
"Q7Z6E9","RBBP6",-0.21312235259229,24.8947236013301,-0.857082553994125,0.40527855188015,0.915864363509466,-6.23731952041638,"Human_vs_QC","limma_eBayes_BH"
"Q7KZF4","SND1",0.321493792619897,27.4189919168564,0.857034729988287,0.405304128466097,0.915864363509466,-6.23736044652514,"Human_vs_QC","limma_eBayes_BH"
"P0DMV8","HSPA1A",0.579402728120044,29.3585468030509,0.85622597863425,0.405736815404461,0.915864363509466,-6.23805223553342,"Human_vs_QC","limma_eBayes_BH"
"O75312","ZPR1",-0.0688790790327829,25.1583223633666,-0.855650817180772,0.40604471587234,0.915864363509466,-6.23854385799776,"Human_vs_QC","limma_eBayes_BH"
"P39687","ANP32A",0.615306379211479,28.6163741414723,0.854995370528879,0.406395783329157,0.915864363509466,-6.23910374118507,"Human_vs_QC","limma_eBayes_BH"
"Q16629","SRSF7",0.514340570650354,28.4873229405049,0.854783781006165,0.406509156738575,0.915864363509466,-6.23928439847789,"Human_vs_QC","limma_eBayes_BH"
"Q9NWK9","ZNHIT6",-0.341327814063245,23.2352830003135,-0.854141865281558,0.406853234223371,0.915864363509466,-6.23983222568035,"Human_vs_QC","limma_eBayes_BH"
"Q00013","MPP1",0.158081269330161,26.6342940839154,0.854089409786599,0.406881359727552,0.915864363509466,-6.23987697611162,"Human_vs_QC","limma_eBayes_BH"
"P63104","YWHAZ",0.323205231249155,29.0058504907828,0.854040542117765,0.40690756267062,0.915864363509466,-6.23991866349145,"Human_vs_QC","limma_eBayes_BH"
"P38197","YBL036C",-0.11720762849588,23.8777539415837,-0.853663678240961,0.407109675231507,0.915864363509466,-6.24024008115829,"Human_vs_QC","limma_eBayes_BH"
"Q9H2U1","DHX36",-0.169263368960131,24.9436348663136,-0.853632057837684,0.407126636302393,0.915864363509466,-6.24026704357565,"Human_vs_QC","limma_eBayes_BH"
"Q8WXW3","PIBF1",0.663084475884787,22.2315534788801,0.852625053591609,0.407667033453749,0.915864363509466,-6.24112523479745,"Human_vs_QC","limma_eBayes_BH"
"Q9NQZ2","UTP3",-0.128050075685096,24.3937882579863,-0.852013085474594,0.407995669861846,0.915864363509466,-6.24164632057431,"Human_vs_QC","limma_eBayes_BH"
"Q9BX40","LSM14B",-0.167444062234352,23.629821655425,-0.851725590340073,0.408150119461707,0.915864363509466,-6.2418910036169,"Human_vs_QC","limma_eBayes_BH"
"Q9ULV3","CIZ1",-0.15887655012401,23.3634327036971,-0.851301821376019,0.408377848986423,0.915864363509466,-6.24225153136553,"Human_vs_QC","limma_eBayes_BH"
"Q9H479","FN3K",-0.171702711599167,23.6800549232577,-0.850682306920706,0.408710920857937,0.915864363509466,-6.24277830077728,"Human_vs_QC","limma_eBayes_BH"
"P53803","POLR2K",-0.285161704732459,24.6644977366836,-0.850393155734666,0.408866439477267,0.915864363509466,-6.24302404568129,"Human_vs_QC","limma_eBayes_BH"
"Q99909","SSX3",-1.67206195637232,19.506362087302,-0.850011073598539,0.409072000295686,0.915864363509466,-6.2433486552994,"Human_vs_QC","limma_eBayes_BH"
"Q9Y5Z4","HEBP2",0.195408882622676,25.1035954486433,0.849797268279575,0.409187057574633,0.915864363509466,-6.24353024264897,"Human_vs_QC","limma_eBayes_BH"
"Q16222","UAP1",0.207530092012568,26.6827446171871,0.849534772508823,0.409328346262727,0.915864363509466,-6.24375312690609,"Human_vs_QC","limma_eBayes_BH"
"O60610","DIAPH1",0.072435566547199,26.3406436760729,0.849060230078434,0.409583850768416,0.915864363509466,-6.24415590129024,"Human_vs_QC","limma_eBayes_BH"
"Q13190","STX5",0.183422380906777,23.1766726479249,0.848985921491369,0.409623869707176,0.915864363509466,-6.24421895329925,"Human_vs_QC","limma_eBayes_BH"
"Q9NNW7","TXNRD2",-0.280087697018612,25.082347832278,-0.848899566667918,0.409670379384308,0.915864363509466,-6.24429222046284,"Human_vs_QC","limma_eBayes_BH"
"Q9NSY1","BMP2K",-0.16273558776394,24.0373234724159,-0.848721921314141,0.409766067968772,0.915864363509466,-6.24444292127148,"Human_vs_QC","limma_eBayes_BH"
"Q14139","UBE4A",-0.254806575422599,23.5157384644978,-0.848534706584088,0.409866926993785,0.915864363509466,-6.24460170915297,"Human_vs_QC","limma_eBayes_BH"
"Q9Y3T6","R3HCC1",-0.679526832823182,21.7726478356862,-0.847893726509635,0.41021236860785,0.915864363509466,-6.24514512240539,"Human_vs_QC","limma_eBayes_BH"
"Q6P1N0","CC2D1A",-0.503336170851,23.4182556739838,-0.847819400149382,0.410252437481533,0.915864363509466,-6.24520811115055,"Human_vs_QC","limma_eBayes_BH"
"Q99714","HSD17B10",0.249579210133653,26.3314450201343,0.84773181724824,0.410299656173433,0.915864363509466,-6.24528232789849,"Human_vs_QC","limma_eBayes_BH"
"P09001","MRPL3",-0.130393840893621,23.864735120922,-0.846798093809574,0.410803277722405,0.915864363509466,-6.24607312345754,"Human_vs_QC","limma_eBayes_BH"
"Q15397","PUM3",-0.236065882547535,24.6042266548179,-0.846450433485573,0.410990898614425,0.915864363509466,-6.24636736498748,"Human_vs_QC","limma_eBayes_BH"
"Q8IV38","ANKMY2",-0.266491154065335,24.2586590324622,-0.845936514583791,0.411268346838338,0.915864363509466,-6.24680211889617,"Human_vs_QC","limma_eBayes_BH"
"P35268","RPL22",0.477907903620782,28.6788603810847,0.845906039827184,0.411284803035408,0.915864363509466,-6.24682789176472,"Human_vs_QC","limma_eBayes_BH"
"Q14103","HNRNPD",0.256488276925428,29.1912796653681,0.845576935765316,0.411462544907245,0.915864363509466,-6.24710616551692,"Human_vs_QC","limma_eBayes_BH"
"Q13526","PIN1",0.0790413444483278,25.1450971348843,0.845224031940925,0.411653196497828,0.915864363509466,-6.24740445429423,"Human_vs_QC","limma_eBayes_BH"
"O95139","NDUFB6",0.213207188149603,23.224822611089,0.844881921878503,0.411838072210886,0.915864363509466,-6.24769351219503,"Human_vs_QC","limma_eBayes_BH"
"Q01780","EXOSC10",-0.119408320435483,24.4402161620507,-0.844652550461484,0.411962054635286,0.915864363509466,-6.24788725491657,"Human_vs_QC","limma_eBayes_BH"
"Q9Y263","PLAA",-0.245768025650953,23.5576375320366,-0.844421912043321,0.412086746589679,0.915864363509466,-6.24808201983558,"Human_vs_QC","limma_eBayes_BH"
"O43264","ZW10",-0.209506236277168,24.666452167469,-0.843600759401344,0.412530893990216,0.915864363509466,-6.24877505960781,"Human_vs_QC","limma_eBayes_BH"
"Q9UDW1","UQCR10",0.0659331515635238,25.7787320720091,0.843381498976437,0.412649541246676,0.915864363509466,-6.24896000868659,"Human_vs_QC","limma_eBayes_BH"
"P07741","APRT",0.420125654068336,26.3043623566104,0.84325715907176,0.412716834588475,0.915864363509466,-6.24906487171017,"Human_vs_QC","limma_eBayes_BH"
"Q9HAN9","NMNAT1",-0.218063574114613,23.2070143708362,-0.843202272933639,0.412746541512092,0.915864363509466,-6.24911115590829,"Human_vs_QC","limma_eBayes_BH"
"P05455","SSB",0.338162622176405,28.3739420570595,0.843125469982304,0.41278811318319,0.915864363509466,-6.24917591746504,"Human_vs_QC","limma_eBayes_BH"
"P08865","RPSA",0.3134811469242,29.1233924557312,0.842929391436937,0.412894258430527,0.915864363509466,-6.24934123001471,"Human_vs_QC","limma_eBayes_BH"
"P48507","GCLM",-0.0826959267442291,25.4258608231353,-0.842619528045522,0.413062036466361,0.915864363509466,-6.24960240286197,"Human_vs_QC","limma_eBayes_BH"
"Q8IXI1","RHOT2",-0.102843849566142,25.135180712808,-0.842563670235199,0.413092285878215,0.915864363509466,-6.24964947417827,"Human_vs_QC","limma_eBayes_BH"
"Q9GZS3","SKIC8",0.0683160667247975,25.2696879382934,0.84231440184817,0.413227293135435,0.915864363509466,-6.24985949794336,"Human_vs_QC","limma_eBayes_BH"
"Q9Y3L3","SH3BP1",0.180913160464137,23.8177186879297,0.841763629478269,0.413525701613876,0.915864363509466,-6.25032335762114,"Human_vs_QC","limma_eBayes_BH"
"P78344","EIF4G2",0.0633706523587705,25.2267884837839,0.841366455748994,0.413740977860557,0.915864363509466,-6.25065768625235,"Human_vs_QC","limma_eBayes_BH"
"P56270","MAZ",-0.360238226274632,23.6959247365412,-0.84134257807422,0.413753922383109,0.915864363509466,-6.25067778119132,"Human_vs_QC","limma_eBayes_BH"
"Q9BVG4","PBDC1",-0.183098607727224,24.1573382932407,-0.840753902484326,0.414073137951289,0.915864363509466,-6.25117303460883,"Human_vs_QC","limma_eBayes_BH"
"Q86SQ9","DHDDS",0.469943641053682,20.914594064415,0.840694354912903,0.414105437222563,0.915864363509466,-6.2512231145603,"Human_vs_QC","limma_eBayes_BH"
"P21796","VDAC1",0.342825177051129,27.0797051254555,0.840533830246443,0.414192515813217,0.915864363509466,-6.25135810099716,"Human_vs_QC","limma_eBayes_BH"
"Q5H9R7","PPP6R3",-0.207709744284877,25.1245574943597,-0.840516390748959,0.414201976805525,0.915864363509466,-6.25137276459976,"Human_vs_QC","limma_eBayes_BH"
"P40227","CCT6A",0.432720599562732,28.2102172805346,0.84036535464809,0.414283920365442,0.915864363509466,-6.25149974832223,"Human_vs_QC","limma_eBayes_BH"
"O95202","LETM1",0.133211236855267,25.1737389049622,0.840351573754654,0.414291397618729,0.915864363509466,-6.25151133359032,"Human_vs_QC","limma_eBayes_BH"
"P13489","RNH1",0.397784437757952,26.6186719400685,0.84023286635612,0.414355809672416,0.915864363509466,-6.25161112094026,"Human_vs_QC","limma_eBayes_BH"
"P22087","FBL",0.274461819163889,27.224184313952,0.840050750024006,0.414454640901334,0.915864363509466,-6.25176418603716,"Human_vs_QC","limma_eBayes_BH"
"Q9UKX7","NUP50",-0.0824169246798014,27.5748879701595,-0.839861915777772,0.414557134096071,0.915864363509466,-6.25192286566423,"Human_vs_QC","limma_eBayes_BH"
"Q8NF50","DOCK8",-0.230835218453478,23.607993522209,-0.839844456059131,0.414566611510294,0.915864363509466,-6.25193753563797,"Human_vs_QC","limma_eBayes_BH"
"Q96EK9","KTI12",-0.228851468424065,23.8622955707079,-0.839327208843894,0.414847445819666,0.915864363509466,-6.25237201083226,"Human_vs_QC","limma_eBayes_BH"
"Q9HD26","GOPC",-0.118585562122142,23.8198667345113,-0.838904819498046,0.415076870181758,0.915864363509466,-6.25272662781564,"Human_vs_QC","limma_eBayes_BH"
"Q9Y4C1","KDM3A",0.459713480495331,21.6995175090244,0.838444995090681,0.415326721947076,0.915864363509466,-6.25311248951364,"Human_vs_QC","limma_eBayes_BH"
"Q9HCG8","CWC22",-0.264922220977592,23.2967693389273,-0.838327697254365,0.415390473024987,0.915864363509466,-6.25321088931428,"Human_vs_QC","limma_eBayes_BH"
"Q06609","RAD51",0.414712339379331,22.2682355421362,0.837750427559326,0.415704310768898,0.915864363509466,-6.25369497239468,"Human_vs_QC","limma_eBayes_BH"
"Q96EY5","MVB12A",-0.348803445042972,22.7606237919958,-0.837644313153298,0.415762017639635,0.915864363509466,-6.25378392424169,"Human_vs_QC","limma_eBayes_BH"
"Q16186","ADRM1",0.265454911273782,25.8998260151256,0.837205142445391,0.416000901964907,0.915864363509466,-6.25415195646544,"Human_vs_QC","limma_eBayes_BH"
"Q969S9","GFM2",-0.308846484202117,22.7460644482789,-0.837194285719634,0.416006808551597,0.915864363509466,-6.25416105236289,"Human_vs_QC","limma_eBayes_BH"
"Q09666","AHNAK",-0.150518485664566,28.9854603889291,-0.837132268291875,0.416040550097135,0.915864363509466,-6.25421300927148,"Human_vs_QC","limma_eBayes_BH"
"Q9Y266","NUDC",0.462952625750631,27.9956926560434,0.836728113791381,0.416260480380967,0.915864363509466,-6.2545515160277,"Human_vs_QC","limma_eBayes_BH"
"Q6DN03","H2BC20P",0.67318233785155,29.8506727137505,0.836552540982531,0.416356046132856,0.915864363509466,-6.25469852396823,"Human_vs_QC","limma_eBayes_BH"
"Q5T440","IBA57",-0.271405016212611,23.0121964442503,-0.836158582421213,0.416570533171164,0.915864363509466,-6.25502828553321,"Human_vs_QC","limma_eBayes_BH"
"Q9BVC4","MLST8",-0.244269245696739,23.2049972496301,-0.836067462423913,0.416620152858887,0.915864363509466,-6.25510453713699,"Human_vs_QC","limma_eBayes_BH"
"P51858","HDGF",0.240083830074941,27.2460073540297,0.835973155042753,0.416671512306194,0.915864363509466,-6.25518344809227,"Human_vs_QC","limma_eBayes_BH"
"P25789","PSMA4",0.391110687513965,27.160129491433,0.835701447469367,0.416819506320291,0.915864363509466,-6.25541075212724,"Human_vs_QC","limma_eBayes_BH"
"Q08645","MET7",-0.720078076212584,24.9351661474477,-0.835512093706033,0.416922664025143,0.915864363509466,-6.25556912132193,"Human_vs_QC","limma_eBayes_BH"
"P09211","GSTP1",0.4869333192742,30.098214833701,0.835382239202323,0.416993416853711,0.915864363509466,-6.25567770850128,"Human_vs_QC","limma_eBayes_BH"
"Q12931","TRAP1",0.139901314702215,26.8671428095087,0.835338211886575,0.417017407456806,0.915864363509466,-6.2557145216322,"Human_vs_QC","limma_eBayes_BH"
"Q6P9B6","MEAK7",-0.677794848591162,21.0463843511099,-0.835095207046105,0.417149837638467,0.915864363509466,-6.25591767676496,"Human_vs_QC","limma_eBayes_BH"
"Q9UL15","BAG5",0.418766291922527,22.540898409265,0.834783267932962,0.417319875059363,0.915864363509466,-6.25617838324884,"Human_vs_QC","limma_eBayes_BH"
"Q8IWJ2","GCC2",-0.330042386691925,23.8446265205614,-0.834268819197902,0.417600398750983,0.915864363509466,-6.25660814633936,"Human_vs_QC","limma_eBayes_BH"
"Q5SW79","CEP170",-0.196593284500111,24.8578140729336,-0.834173028327781,0.417652646107982,0.915864363509466,-6.25668814211784,"Human_vs_QC","limma_eBayes_BH"
"Q9H6V9","LDAH",-0.225038320274937,24.2979480346829,-0.833868919385595,0.417818544919377,0.915864363509466,-6.25694205088747,"Human_vs_QC","limma_eBayes_BH"
"Q9UBS8","RNF14",0.207215688748381,23.7695665083183,0.833364505756234,0.418093809423085,0.915864363509466,-6.25736301424998,"Human_vs_QC","limma_eBayes_BH"
"Q9UDY2","TJP2",-0.349118280451883,23.9704867523482,-0.833288100126378,0.41813551517761,0.915864363509466,-6.25742675916633,"Human_vs_QC","limma_eBayes_BH"
"P14625","HSP90B1",0.283924196882047,27.0637932726656,0.832758530318963,0.418424653507984,0.915864363509466,-6.2578684314119,"Human_vs_QC","limma_eBayes_BH"
"O00625","PIR",-0.296505834982838,22.7944019927899,-0.832622068195288,0.418499181161954,0.915864363509466,-6.25798220237789,"Human_vs_QC","limma_eBayes_BH"
"Q96HR3","MED30",0.692681455672933,22.1984916074862,0.831909921716576,0.418888254206326,0.915864363509466,-6.25857565734434,"Human_vs_QC","limma_eBayes_BH"
"O95155","UBE4B",-0.256617453951012,23.6392715460022,-0.830902527625252,0.419439034104713,0.915864363509466,-6.2594143646295,"Human_vs_QC","limma_eBayes_BH"
"P78537","BLOC1S1",-0.663039341648656,21.6226538339617,-0.830215277065963,0.419815049632201,0.915864363509466,-6.25998600660315,"Human_vs_QC","limma_eBayes_BH"
"P17812","CTPS1",0.107381980173258,25.6937266841256,0.830199014262108,0.419823950155448,0.915864363509466,-6.25999952849321,"Human_vs_QC","limma_eBayes_BH"
"Q13242","SRSF9",0.246734569522506,26.4366161742375,0.830152965185902,0.419849153170513,0.915864363509466,-6.26003781520774,"Human_vs_QC","limma_eBayes_BH"
"P26599","PTBP1",0.420998980887862,28.3156793252445,0.829925105125317,0.419973877209107,0.915864363509466,-6.26022723716779,"Human_vs_QC","limma_eBayes_BH"
"P60602","ROMO1",-0.183744915554644,24.2287383221887,-0.829738908281777,0.420075813872398,0.915864363509466,-6.26038198909267,"Human_vs_QC","limma_eBayes_BH"
"Q01469","FABP5",0.212409323765051,25.8842547726128,0.829682903019656,0.420106478060132,0.915864363509466,-6.26042853001902,"Human_vs_QC","limma_eBayes_BH"
"Q07955","SRSF1",0.475350817569513,27.7730058158665,0.829353852757331,0.420286670122716,0.915864363509466,-6.26070191641836,"Human_vs_QC","limma_eBayes_BH"
"Q8N5A5","ZGPAT",-0.804010819919114,21.3799125450545,-0.828395358476417,0.420811839649735,0.915864363509466,-6.26149770547232,"Human_vs_QC","limma_eBayes_BH"
"Q07021","C1QBP",0.580637166223827,27.7212761778369,0.828010566577486,0.42102279112158,0.915864363509466,-6.26181694346976,"Human_vs_QC","limma_eBayes_BH"
"Q9UBF6","RNF7",-0.369567275671589,23.1391522412064,-0.827899386704683,0.421083755174831,0.915864363509466,-6.26190915743177,"Human_vs_QC","limma_eBayes_BH"
"P52597","HNRNPF",0.173984778230675,28.2197972166723,0.827831590433929,0.421120933199049,0.915864363509466,-6.26196538297616,"Human_vs_QC","limma_eBayes_BH"
"P55211","CASP9",-0.317852208418252,23.7357870364159,-0.827630444241272,0.421231249999669,0.915864363509466,-6.26213217511858,"Human_vs_QC","limma_eBayes_BH"
"Q9UEU0","VTI1B",0.66017372171704,22.2828728572795,0.827466907904094,0.421320953832982,0.915864363509466,-6.26226775370709,"Human_vs_QC","limma_eBayes_BH"
"Q13617","CUL2",-0.157036697348119,24.4240625796394,-0.82715656217226,0.421491220414718,0.915864363509466,-6.26252497660433,"Human_vs_QC","limma_eBayes_BH"
"Q9H299","SH3BGRL3",0.255501998624318,26.501228303159,0.826634054946363,0.421777987050677,0.915864363509466,-6.26295784658507,"Human_vs_QC","limma_eBayes_BH"
"Q969Z0","TBRG4",0.0582388845395627,25.5918872090533,0.826508796942229,0.421846750952446,0.915864363509466,-6.26306157937258,"Human_vs_QC","limma_eBayes_BH"
"Q4G0F5","VPS26B",-0.334491388645425,22.7341320324357,-0.826456482206501,0.421875472748382,0.915864363509466,-6.26310489974696,"Human_vs_QC","limma_eBayes_BH"
"Q9UBN7","HDAC6",0.17270025083161,23.2911123110366,0.826099693685385,0.422071390310421,0.915864363509466,-6.26340027992196,"Human_vs_QC","limma_eBayes_BH"
"O60232","ZNRD2",-0.130420030430823,25.8013467617859,-0.826053337661097,0.422096849378772,0.915864363509466,-6.26343864891069,"Human_vs_QC","limma_eBayes_BH"
"Q8IZ73","RPUSD2",-0.177244005675924,24.2661048119359,-0.825925316721785,0.422167164586527,0.915864363509466,-6.26354460197409,"Human_vs_QC","limma_eBayes_BH"
"P62328","TMSB4X",0.562178665548515,29.8282622256893,0.824836046399738,0.422765750828395,0.915864363509466,-6.26444550322235,"Human_vs_QC","limma_eBayes_BH"
"P49006","MARCKSL1",0.414568895740661,27.1593673577411,0.824828060977962,0.422770141082263,0.915864363509466,-6.26445210372298,"Human_vs_QC","limma_eBayes_BH"
"P13639","EEF2",0.414452734526037,29.220333217801,0.824788838655951,0.422791705299971,0.915864363509466,-6.26448452282783,"Human_vs_QC","limma_eBayes_BH"
"Q5SSJ5","HP1BP3",-0.105423106458748,25.5239661999562,-0.824767357481796,0.422803515833667,0.915864363509466,-6.26450227744061,"Human_vs_QC","limma_eBayes_BH"
"P50747","HLCS",0.416108066752319,22.21460983305,0.824427995957247,0.42299012805545,0.915864363509466,-6.26478271062895,"Human_vs_QC","limma_eBayes_BH"
"P45880","VDAC2",0.506500326971384,27.9484630913021,0.824230487935634,0.423098760700723,0.915864363509466,-6.26494587411896,"Human_vs_QC","limma_eBayes_BH"
"Q13015","MLLT11",1.3565384430991,19.462035795541,0.824184406657332,0.42312410875629,0.915864363509466,-6.26498393724197,"Human_vs_QC","limma_eBayes_BH"
"O95785","WIZ",0.302163760819873,23.36496226533,0.824110537159839,0.423164744404892,0.915864363509466,-6.26504494938917,"Human_vs_QC","limma_eBayes_BH"
"P14373","TRIM27",-0.392628886894357,23.2407546333854,-0.824003810932468,0.423223459018517,0.915864363509466,-6.26513309060847,"Human_vs_QC","limma_eBayes_BH"
"Q9Y2Q9","MRPS28",0.143903947360176,23.8933654932996,0.82379872144806,0.423336302222557,0.915864363509466,-6.2653024372423,"Human_vs_QC","limma_eBayes_BH"
"Q9UJU6","DBNL",-0.0926052677166354,24.4430853535351,-0.823742063029164,0.423367479937254,0.915864363509466,-6.26534921451428,"Human_vs_QC","limma_eBayes_BH"
"P0C0S5","H2AZ1",0.66936612196573,27.9446651091572,0.823654433817525,0.4234157030328,0.915864363509466,-6.26542155555561,"Human_vs_QC","limma_eBayes_BH"
"Q9BRK5","SDF4",-0.299533690017221,23.7026637893372,-0.82365166199354,0.423417228448947,0.915864363509466,-6.26542384368104,"Human_vs_QC","limma_eBayes_BH"
"Q9UBD5","ORC3",-0.162464983267931,23.6122645787047,-0.822584760852793,0.424004639562079,0.915864363509466,-6.26630404457228,"Human_vs_QC","limma_eBayes_BH"
"Q14527","HLTF",0.332309264125939,22.0654978092389,0.822553101745562,0.424022078382049,0.915864363509466,-6.26633014770397,"Human_vs_QC","limma_eBayes_BH"
"P05198","EIF2S1",0.281279629408452,27.2380276368119,0.822507720032543,0.424047076848539,0.915864363509466,-6.26636756361602,"Human_vs_QC","limma_eBayes_BH"
"P07919","UQCRH",0.238736573669293,26.7451206036474,0.822456452148993,0.42407531885191,0.915864363509466,-6.26640983024685,"Human_vs_QC","limma_eBayes_BH"
"P23258","TUBG1",-0.101987320389348,24.8865433023509,-0.822181510613823,0.424226796989297,0.915864363509466,-6.2666364586014,"Human_vs_QC","limma_eBayes_BH"
"P54136","RARS1",0.182916861526198,26.3216274886997,0.821971636064332,0.42434245022234,0.915864363509466,-6.26680940725794,"Human_vs_QC","limma_eBayes_BH"
"Q86UX7","FERMT3",0.217147518971924,27.4265400905051,0.821640945564888,0.424524721506491,0.915864363509466,-6.26708183367271,"Human_vs_QC","limma_eBayes_BH"
"P61604","HSPE1",0.629231768854289,28.8328395827289,0.821202622429637,0.424766396132004,0.915864363509466,-6.26744277530594,"Human_vs_QC","limma_eBayes_BH"
"Q04917","YWHAH",0.343320542002193,27.1037592388661,0.821198871565276,0.424768464598762,0.915864363509466,-6.26744586323704,"Human_vs_QC","limma_eBayes_BH"
"Q9Y3Z3","SAMHD1",-0.311932235626625,24.2762521191442,-0.820870377262647,0.424949642629223,0.915864363509466,-6.26771624919692,"Human_vs_QC","limma_eBayes_BH"
"Q9UBS0","RPS6KB2",0.329763389829129,20.3737330792174,0.820291997605427,0.425268763934105,0.915864363509466,-6.26819207828585,"Human_vs_QC","limma_eBayes_BH"
"Q9BWF3","RBM4",-0.0571674188314226,25.959372608315,-0.820118033162493,0.425364779176785,0.915864363509466,-6.26833513796558,"Human_vs_QC","limma_eBayes_BH"
"P35244","RPA3",0.13362040136483,26.479307780993,0.819936834096898,0.42546480226411,0.915864363509466,-6.2684841176761,"Human_vs_QC","limma_eBayes_BH"
"O75190","DNAJB6",0.0611979121629282,24.4863784936201,0.819822591534681,0.425527872720137,0.915864363509466,-6.26857803114805,"Human_vs_QC","limma_eBayes_BH"
"Q05519","SRSF11",0.241824531726017,25.7618040919449,0.819265579241449,0.425835471684877,0.915864363509466,-6.26903575431017,"Human_vs_QC","limma_eBayes_BH"
"P32119","PRDX2",0.48838900407625,28.1385032759643,0.818938838071388,0.426015974746854,0.915864363509466,-6.26930412109519,"Human_vs_QC","limma_eBayes_BH"
"P55769","SNU13",0.37624686774403,27.3597945071209,0.818591360620509,0.426207987390636,0.915864363509466,-6.26958941256189,"Human_vs_QC","limma_eBayes_BH"
"Q9BT73","PSMG3",-0.137557433228586,24.6047224699308,-0.816500344786991,0.427364640493537,0.915864363509466,-6.2713038836189,"Human_vs_QC","limma_eBayes_BH"
"P10599","TXN",0.371967323584084,29.2621874228546,0.816050753534495,0.427613597409141,0.915864363509466,-6.27167199194456,"Human_vs_QC","limma_eBayes_BH"
"Q96G23","CERS2",0.393268839971544,23.088827932242,0.815682956756479,0.427817330834053,0.915864363509466,-6.27197299269477,"Human_vs_QC","limma_eBayes_BH"
"Q9NVV4","MTPAP",-0.2579028662228,23.4496822597465,-0.815623862779058,0.427850070547069,0.915864363509466,-6.27202134301531,"Human_vs_QC","limma_eBayes_BH"
"P25705","ATP5F1A",0.360453098952235,28.0716201927137,0.815281507865903,0.428039776460269,0.915864363509466,-6.27230139284797,"Human_vs_QC","limma_eBayes_BH"
"P12829","MYL4",0.346308515958906,27.1044325444715,0.814998584520615,0.428196590962409,0.915864363509466,-6.27253274620334,"Human_vs_QC","limma_eBayes_BH"
"P60842","EIF4A1",0.36704650208382,28.3847891126497,0.814948225335468,0.428224507170075,0.915864363509466,-6.27257391847291,"Human_vs_QC","limma_eBayes_BH"
"Q9NWH9","SLTM",-0.165052702868913,25.0110607316072,-0.814749267673732,0.42833480919496,0.915864363509466,-6.2727365580537,"Human_vs_QC","limma_eBayes_BH"
"Q92499","DDX1",0.0829948324844487,26.3779602328421,0.814341796301004,0.4285607681565,0.915864363509466,-6.27306953593857,"Human_vs_QC","limma_eBayes_BH"
"P08238","HSP90AB1",0.592289935056513,31.626064962817,0.814264040114867,0.428603895740398,0.915864363509466,-6.27313305957347,"Human_vs_QC","limma_eBayes_BH"
"Q9NRF9","POLE3",0.082086395236022,25.3837687795849,0.813578821502853,0.428984073925851,0.915864363509466,-6.27369261623307,"Human_vs_QC","limma_eBayes_BH"
"P51532","SMARCA4",-0.0758750089202316,25.081482174809,-0.813030510026312,0.429288448344506,0.915864363509466,-6.27414006383243,"Human_vs_QC","limma_eBayes_BH"
"L0R6Q1","SLC35A4",0.170992036540728,23.6804271042615,0.812894140408317,0.429364170335008,0.915864363509466,-6.2742513050664,"Human_vs_QC","limma_eBayes_BH"
"Q9BQE3","TUBA1C",0.688616145315649,30.8559866032392,0.812555916771464,0.429552012890411,0.915864363509466,-6.27452713192127,"Human_vs_QC","limma_eBayes_BH"
"P15880","RPS2",0.5784375196559,28.3734699235674,0.812527528321342,0.429567781661599,0.915864363509466,-6.2745502784018,"Human_vs_QC","limma_eBayes_BH"
"Q9UIF9","BAZ2A",-0.19944501340451,22.9045795202495,-0.812417342606532,0.429628989417477,0.915864363509466,-6.27464011117587,"Human_vs_QC","limma_eBayes_BH"
"Q9BXL5","HEMGN",0.219231005851128,26.3783604046842,0.812284618351511,0.429702724686469,0.915864363509466,-6.2747483045386,"Human_vs_QC","limma_eBayes_BH"
"P43121","MCAM",-0.215125902989318,22.7891442332394,-0.811993409344181,0.429864535007289,0.915864363509466,-6.27498563407607,"Human_vs_QC","limma_eBayes_BH"
"Q99497","PARK7",0.361595941850172,28.5731568248463,0.811625445019831,0.430069050377852,0.915864363509466,-6.27528540669771,"Human_vs_QC","limma_eBayes_BH"
"O43399","TPD52L2",-0.0548630564871182,26.5417169901202,-0.811149789166534,0.430333513483437,0.915864363509466,-6.27567272968313,"Human_vs_QC","limma_eBayes_BH"
"P33993","MCM7",0.197869357569409,26.9094280075937,0.811078808195625,0.430372987620324,0.915864363509466,-6.27573051119836,"Human_vs_QC","limma_eBayes_BH"
"Q9HCC0","MCCC2",-0.150079950346633,24.247254095271,-0.811011744401475,0.430410285460762,0.915864363509466,-6.27578509972909,"Human_vs_QC","limma_eBayes_BH"
"O14880","MGST3",-0.0808631125330592,24.2763220374965,-0.810738431152065,0.430562311345366,0.915864363509466,-6.27600752844146,"Human_vs_QC","limma_eBayes_BH"
"Q13283","G3BP1",0.137437825367968,27.2595071899441,0.810520582732493,0.430683510526028,0.915864363509466,-6.27618476960581,"Human_vs_QC","limma_eBayes_BH"
"P56537","EIF6",0.309237082907512,27.0382521938733,0.810501762204144,0.430693982285952,0.915864363509466,-6.27620007992212,"Human_vs_QC","limma_eBayes_BH"
"Q9ULX3","NOB1",0.159442750937078,25.5480605723166,0.810442324808326,0.430727054382129,0.915864363509466,-6.27624842953495,"Human_vs_QC","limma_eBayes_BH"
"P28072","PSMB6",0.333069876133742,26.5111622927026,0.810214728351219,0.430853708436361,0.915864363509466,-6.27643353897691,"Human_vs_QC","limma_eBayes_BH"
"Q7Z7F0","KHDC4",0.283363301701254,22.9718941038124,0.809959818301583,0.430995590455907,0.915864363509466,-6.27664080688806,"Human_vs_QC","limma_eBayes_BH"
"Q04206","RELA",-0.150469997104651,25.0723296366038,-0.809819297960933,0.431073816383264,0.915864363509466,-6.27675503884138,"Human_vs_QC","limma_eBayes_BH"
"P31321","PRKAR1B",0.42197989740146,22.0670916150451,0.809624430256613,0.431182311878298,0.915864363509466,-6.27691342099187,"Human_vs_QC","limma_eBayes_BH"
"Q13185","CBX3",0.150147086102113,28.545218746118,0.809502972217984,0.431249944305349,0.915864363509466,-6.27701212055548,"Human_vs_QC","limma_eBayes_BH"
"Q96J01","THOC3",-0.072357988183807,25.1771601656808,-0.809052200464296,0.431501010510385,0.915864363509466,-6.27737830981701,"Human_vs_QC","limma_eBayes_BH"
"Q9UQ35","SRRM2",0.104365975278085,26.6186421366347,0.809021969750528,0.431517851453075,0.915864363509466,-6.27740286140224,"Human_vs_QC","limma_eBayes_BH"
"O14818","PSMA7",0.14922517482827,27.6888724538177,0.808298179352778,0.431921186773632,0.915864363509466,-6.27799043090231,"Human_vs_QC","limma_eBayes_BH"
"P04843","RPN1",-0.228434258592507,23.6995637263679,-0.807376090531388,0.432435374422685,0.915864363509466,-6.27873828288431,"Human_vs_QC","limma_eBayes_BH"
"P62834","RAP1A",0.300076290004675,26.2917841136797,0.807298978598363,0.432478392372322,0.915864363509466,-6.2788007885333,"Human_vs_QC","limma_eBayes_BH"
"Q13823","GNL2",-0.124078888581185,23.9561471533421,-0.807253327551029,0.432503860726202,0.915864363509466,-6.27883778994417,"Human_vs_QC","limma_eBayes_BH"
"P62913","RPL11",0.500820126327593,28.4249412831831,0.807104714669041,0.432586777313273,0.915864363509466,-6.2789582314826,"Human_vs_QC","limma_eBayes_BH"
"Q92990","GLMN",-0.236715359169903,24.179833086699,-0.806531734350466,0.432906559311848,0.915864363509466,-6.27942240707203,"Human_vs_QC","limma_eBayes_BH"
"P0AC86","glgP",-1.20596310138471,27.8876482172127,-0.806136115182932,0.43312744377797,0.915864363509466,-6.27974272545054,"Human_vs_QC","limma_eBayes_BH"
"Q9UNS2","COPS3",-0.120134933772491,24.9627790580873,-0.805970947919947,0.433219682282648,0.915864363509466,-6.27987641288795,"Human_vs_QC","limma_eBayes_BH"
"Q9UQ13","SHOC2",0.317215563495399,21.7064536892538,0.805891482754566,0.43326406448759,0.915864363509466,-6.27994072358861,"Human_vs_QC","limma_eBayes_BH"
"P50914","RPL14",0.21144997818179,27.5493957724162,0.805638336095805,0.433405469181561,0.915864363509466,-6.28014555512021,"Human_vs_QC","limma_eBayes_BH"
"Q8NEM2","SHCBP1",-0.403768691390226,22.6110504900128,-0.805408156404079,0.43353407041546,0.915864363509466,-6.28033175211315,"Human_vs_QC","limma_eBayes_BH"
"Q96MX6","DNAAF10",-0.31059508325276,23.9780034855639,-0.805268807852659,0.433611936208561,0.915864363509466,-6.28044445035539,"Human_vs_QC","limma_eBayes_BH"
"Q16539","MAPK14",-0.154841731548455,27.0165910008299,-0.805052846055476,0.433732629949911,0.915864363509466,-6.28061907443041,"Human_vs_QC","limma_eBayes_BH"
"Q9BZG8","DPH1",-0.512101127470544,23.5548471269233,-0.804918702073735,0.433807609292988,0.915864363509466,-6.28072752008149,"Human_vs_QC","limma_eBayes_BH"
"Q99700","ATXN2",-0.178391561505979,24.8438701705532,-0.804110779217686,0.434259370325651,0.915864363509466,-6.28138031787188,"Human_vs_QC","limma_eBayes_BH"
"Q86WB0","ZC3HC1",-0.114485481136327,24.2929144958198,-0.802839588583836,0.434970781973224,0.915864363509466,-6.28240622138307,"Human_vs_QC","limma_eBayes_BH"
"Q9HCS7","XAB2",-0.233504723099319,24.175130440571,-0.802245012479415,0.435303786912979,0.915864363509466,-6.28288555988729,"Human_vs_QC","limma_eBayes_BH"
"P83876","TXNL4A",-0.164615421196952,23.3394048478377,-0.802096464096117,0.435387009969489,0.915864363509466,-6.28300526674113,"Human_vs_QC","limma_eBayes_BH"
"Q14151","SAFB2",0.130764121758869,27.7709982943146,0.802013573047233,0.435433453435596,0.915864363509466,-6.28307205520659,"Human_vs_QC","limma_eBayes_BH"
"Q5JRX3","PITRM1",-0.178280149287168,23.7170508418971,-0.801934792075287,0.435477596973789,0.915864363509466,-6.28313552618043,"Human_vs_QC","limma_eBayes_BH"
"Q13151","HNRNPA0",0.285769180165286,27.2604471205172,0.801065807749804,0.435964706497469,0.915864363509466,-6.28383525725611,"Human_vs_QC","limma_eBayes_BH"
"O75643","SNRNP200",0.0977177698571765,27.4932580609998,0.801024367068036,0.435987944763002,0.915864363509466,-6.28386860915775,"Human_vs_QC","limma_eBayes_BH"
"Q9H9H4","VPS37B",-0.341274891320243,23.3182125670662,-0.800790169245421,0.436119288310644,0.915864363509466,-6.28405706441451,"Human_vs_QC","limma_eBayes_BH"
"B3EWF7","EPM2A",0.428207784886776,21.8255139927814,0.800593880682942,0.436229390893632,0.915864363509466,-6.28421497588976,"Human_vs_QC","limma_eBayes_BH"
"Q7Z2Z2","EFL1",-0.300687654332126,24.3813839447289,-0.800513327346004,0.436274580162523,0.915864363509466,-6.28427976971084,"Human_vs_QC","limma_eBayes_BH"
"Q8NFW8","CMAS",0.0806811224287358,24.8399841508183,0.800472976298107,0.436297217644111,0.915864363509466,-6.28431222420861,"Human_vs_QC","limma_eBayes_BH"
"Q5JSL3","DOCK11",-0.265429718488281,24.2806700253192,-0.799595817377122,0.436789500581722,0.915864363509466,-6.28501735673277,"Human_vs_QC","limma_eBayes_BH"
"Q13574","DGKZ",0.512432855664901,20.9286984314599,0.79940728741269,0.436895354356361,0.915864363509466,-6.28516882033908,"Human_vs_QC","limma_eBayes_BH"
"Q71UM5","RPS27L",0.256941968571002,27.5372798727836,0.798639899386517,0.437326387659636,0.915864363509466,-6.28578499727209,"Human_vs_QC","limma_eBayes_BH"
"Q14554","PDIA5",-0.282466540786519,23.2638450696133,-0.798110000693419,0.437624183763217,0.915864363509466,-6.28621016540444,"Human_vs_QC","limma_eBayes_BH"
"P34932","HSPA4",0.183302615355835,27.3510067998191,0.797960039472662,0.437708483415263,0.915864363509466,-6.28633044103964,"Human_vs_QC","limma_eBayes_BH"
"P50402","EMD",-0.21267981166983,24.6111505840527,-0.797742906130765,0.437830561711107,0.915864363509466,-6.28650455509486,"Human_vs_QC","limma_eBayes_BH"
"P07900","HSP90AA1",0.431915171335383,29.8183141364732,0.797690335159279,0.437860121803294,0.915864363509466,-6.28654670398719,"Human_vs_QC","limma_eBayes_BH"
"O75223","GGCT",0.172102794957866,25.3635619191745,0.797467522114958,0.437985421273118,0.915864363509466,-6.28672531662991,"Human_vs_QC","limma_eBayes_BH"
"P52907","CAPZA1",0.300724796128197,27.3148222100773,0.797026783642849,0.438233338800462,0.915864363509466,-6.28707848942503,"Human_vs_QC","limma_eBayes_BH"
"Q13247","SRSF6",0.323147333246499,27.5699024109102,0.79676855397759,0.43837863567876,0.915864363509466,-6.28728533117397,"Human_vs_QC","limma_eBayes_BH"
"Q9NZZ3","CHMP5",-0.110880906029362,24.5221779689729,-0.796646403869635,0.438447375975396,0.915864363509466,-6.28738315194459,"Human_vs_QC","limma_eBayes_BH"
"Q96ST2","IWS1",-0.118484125931449,24.0451386996557,-0.795919503756174,0.438856582605202,0.915864363509466,-6.28796498736683,"Human_vs_QC","limma_eBayes_BH"
"O00567","NOP56",-0.0702087796011668,25.0664762822313,-0.795825217509949,0.438909678586108,0.915864363509466,-6.28804042165462,"Human_vs_QC","limma_eBayes_BH"
"P17096","HMGA1",0.394326779326878,27.7395827331085,0.795793478712626,0.438927552763882,0.915864363509466,-6.28806581263364,"Human_vs_QC","limma_eBayes_BH"
"O00459","PIK3R2",0.654006449335036,21.9524802372755,0.795708217158546,0.438975571370855,0.915864363509466,-6.2881340171302,"Human_vs_QC","limma_eBayes_BH"
"P49773","HINT1",0.19734280554438,27.4213522247255,0.795386887886523,0.439156571358792,0.915864363509466,-6.28839100255904,"Human_vs_QC","limma_eBayes_BH"
"P55010","EIF5",0.106510873787006,26.8658897263428,0.795202220971134,0.439260612919986,0.915864363509466,-6.28853864828529,"Human_vs_QC","limma_eBayes_BH"
"Q96SY0","INTS14",-0.19223158091609,24.3640389137989,-0.794748855436503,0.439516105972423,0.915864363509466,-6.28890099206008,"Human_vs_QC","limma_eBayes_BH"
"O95140","MFN2",-0.190111775996101,24.3010975587145,-0.794640765615343,0.439577033653,0.915864363509466,-6.28898735286864,"Human_vs_QC","limma_eBayes_BH"
"A0A024R1R8","TMA7B",0.360404102885205,24.9586484312812,0.793839004217663,0.440029134957027,0.915864363509466,-6.28962760257794,"Human_vs_QC","limma_eBayes_BH"
"Q16881","TXNRD1",0.152299266139632,26.4266964738033,0.79379490516241,0.440054010312527,0.915864363509466,-6.2896628008838,"Human_vs_QC","limma_eBayes_BH"
"Q13501","SQSTM1",-0.169886959200827,24.646304244649,-0.793642434366796,0.440140022775381,0.915864363509466,-6.28978448388362,"Human_vs_QC","limma_eBayes_BH"
"P23528","CFL1",0.636685428198167,29.254610584175,0.793614232134224,0.440155933505264,0.915864363509466,-6.28980698901085,"Human_vs_QC","limma_eBayes_BH"
"O95159","ZFPL1",-0.12071984372648,23.6530945194199,-0.793026985805262,0.440487320567214,0.915864363509466,-6.29027543990855,"Human_vs_QC","limma_eBayes_BH"
"P22392","NME2",0.662054435790235,29.1101365444928,0.792975873109362,0.440516171287323,0.915864363509466,-6.29031619787663,"Human_vs_QC","limma_eBayes_BH"
"Q96RT1","ERBIN",-0.417811841945859,22.0720154335551,-0.792861158227759,0.440580926820237,0.915864363509466,-6.2904076643457,"Human_vs_QC","limma_eBayes_BH"
"Q6UWP2","DHRS11",-0.391035897439526,23.8559199960706,-0.792604056110925,0.440726080600007,0.915864363509466,-6.29061261747208,"Human_vs_QC","limma_eBayes_BH"
"Q06124","PTPN11",-0.160266117184737,25.2732088109854,-0.792523740544541,0.440771431083432,0.915864363509466,-6.2906766298514,"Human_vs_QC","limma_eBayes_BH"
"Q9NP79","VTA1",0.115826830982115,24.968179756611,0.792481636593061,0.440795206417867,0.915864363509466,-6.29071018478488,"Human_vs_QC","limma_eBayes_BH"
"P55854","SUMO3",0.537538535794383,24.990699475538,0.792300205055628,0.440897666798731,0.915864363509466,-6.29085475878873,"Human_vs_QC","limma_eBayes_BH"
"P62304","SNRPE",0.477291874889275,26.641568905806,0.792281346260196,0.440908317849133,0.915864363509466,-6.29086978470989,"Human_vs_QC","limma_eBayes_BH"
"P61978","HNRNPK",0.53264231936523,29.1317448787832,0.792248917673428,0.440926633213061,0.915864363509466,-6.29089562172293,"Human_vs_QC","limma_eBayes_BH"
"O43314","PPIP5K2",-0.213382668109897,23.8615750326829,-0.792143314073785,0.440986280484207,0.915864363509466,-6.29097975316879,"Human_vs_QC","limma_eBayes_BH"
"Q9UHA4","LAMTOR3",-0.103516664740219,24.4709462266214,-0.79174285279785,0.4412125164037,0.915864363509466,-6.2912986961762,"Human_vs_QC","limma_eBayes_BH"
"Q9H496","TOR1AIP2",0.262237433141635,21.0907271583189,0.791562329664937,0.441314524875151,0.915864363509466,-6.29144242354622,"Human_vs_QC","limma_eBayes_BH"
"P57088","TMEM33",-0.21125126571366,23.3071471213897,-0.790854788411229,0.441714480229714,0.915864363509466,-6.29200545826821,"Human_vs_QC","limma_eBayes_BH"
"Q9H9B1","EHMT1",-0.378080892010946,23.798527181368,-0.790690564587535,0.441807344646506,0.915864363509466,-6.29213607545502,"Human_vs_QC","limma_eBayes_BH"
"Q9Y276","BCS1L",0.301121093226438,23.2587015689797,0.790480383384845,0.441926214825726,0.915864363509466,-6.29230320907984,"Human_vs_QC","limma_eBayes_BH"
"Q13889","GTF2H3",-0.302040575548808,22.9439761078121,-0.790144997811855,0.442115937560866,0.915864363509466,-6.29256981943632,"Human_vs_QC","limma_eBayes_BH"
"Q9UHD8","SEPTIN9",0.103979609736015,25.3581704106694,0.789699493855912,0.442368032342835,0.915864363509466,-6.29292380663278,"Human_vs_QC","limma_eBayes_BH"
"O95831","AIFM1",0.132385393684377,25.9886524255572,0.789426552018513,0.442522525291274,0.915864363509466,-6.29314058956002,"Human_vs_QC","limma_eBayes_BH"
"P31948","STIP1",0.288602385606438,28.1155810772492,0.789223916288042,0.442637245023732,0.915864363509466,-6.29330148773162,"Human_vs_QC","limma_eBayes_BH"
"Q96CW6","SLC7A6OS",0.494088692150214,21.4152356770034,0.788628596332302,0.442974386876553,0.915864363509466,-6.29377396865464,"Human_vs_QC","limma_eBayes_BH"
"P00441","SOD1",0.412444335941448,28.3899774917713,0.78822602343788,0.443202464096312,0.915864363509466,-6.29409328895809,"Human_vs_QC","limma_eBayes_BH"
"Q92900","UPF1",0.118370178337731,25.9621431282552,0.788082902512556,0.443283566972089,0.915864363509466,-6.29420677627937,"Human_vs_QC","limma_eBayes_BH"
"P17987","TCP1",0.487740084992524,28.1901072457142,0.787719024767129,0.443489809172954,0.915864363509466,-6.29449522700154,"Human_vs_QC","limma_eBayes_BH"
"Q96S44","TP53RK",0.190573280890789,24.301100363246,0.787407773493489,0.443666271314491,0.915864363509466,-6.29474186310617,"Human_vs_QC","limma_eBayes_BH"
"P14618","PKM",0.28258798513691,28.5436960783397,0.786953140828678,0.443924102394572,0.915864363509466,-6.29510195429151,"Human_vs_QC","limma_eBayes_BH"
"Q9NRY4","ARHGAP35",-0.319703364762354,22.5149960375323,-0.786931921225273,0.443936138757113,0.915864363509466,-6.2951187565917,"Human_vs_QC","limma_eBayes_BH"
"Q7Z434","MAVS",-0.149394881313668,23.7554721791943,-0.786132473074496,0.444389758570383,0.915864363509466,-6.29575148023825,"Human_vs_QC","limma_eBayes_BH"
"O60645","EXOC3",-0.258982734152905,23.59515198077,-0.786022224481934,0.444452338345757,0.915864363509466,-6.29583869026718,"Human_vs_QC","limma_eBayes_BH"
"Q9UNP9","PPIE",0.110011599771141,24.3519631719869,0.785941127340872,0.444498374599144,0.915864363509466,-6.29590283344031,"Human_vs_QC","limma_eBayes_BH"
"P07737","PFN1",0.433138506616515,29.6386132619884,0.78555202433859,0.444719297770095,0.915864363509466,-6.29621050709846,"Human_vs_QC","limma_eBayes_BH"
"Q99615","DNAJC7",0.158670935694122,26.8867747156477,0.785073483187177,0.444991096677969,0.915864363509466,-6.29658871014943,"Human_vs_QC","limma_eBayes_BH"
"Q68CP9","ARID2",-0.26173161858765,23.605095085339,-0.784370597072842,0.445390507530005,0.915864363509466,-6.29714383531303,"Human_vs_QC","limma_eBayes_BH"
"P05362","ICAM1",-0.269284965844712,22.8671666648337,-0.784266419117704,0.445449725252217,0.915864363509466,-6.29722607412705,"Human_vs_QC","limma_eBayes_BH"
"Q5TBB1","RNASEH2B",-0.404276818255759,22.2888721243927,-0.783965606190928,0.445620743746934,0.915864363509466,-6.29746348172603,"Human_vs_QC","limma_eBayes_BH"
"Q9UBM7","DHCR7",-0.361080063482174,22.7221804360878,-0.783662401710097,0.445793163744655,0.915864363509466,-6.29770269221886,"Human_vs_QC","limma_eBayes_BH"
"Q9BWH2","FUNDC2",0.409277810651623,24.0035473348723,0.783539340124809,0.445863155826447,0.915864363509466,-6.29779975634302,"Human_vs_QC","limma_eBayes_BH"
"P62495","ETF1",0.247197318092468,26.667427717872,0.783453954755345,0.445911723380903,0.915864363509466,-6.29786709534683,"Human_vs_QC","limma_eBayes_BH"
"Q8WUD4","CCDC12",0.14797094275405,25.5382524998182,0.78340165742754,0.445941471964438,0.915864363509466,-6.29790833620614,"Human_vs_QC","limma_eBayes_BH"
"P02008","HBZ",0.548040018060604,29.5353776472091,0.783355465072862,0.445967748861222,0.915864363509466,-6.29794476067742,"Human_vs_QC","limma_eBayes_BH"
"O14974","PPP1R12A",-0.129699094577195,25.5988724220263,-0.783253963762835,0.44602549213245,0.915864363509466,-6.29802479149094,"Human_vs_QC","limma_eBayes_BH"
"O14893","GEMIN2",0.244362786523535,24.4515741994242,0.783054571184188,0.446138938659079,0.915864363509466,-6.298181978995,"Human_vs_QC","limma_eBayes_BH"
"Q9Y3C4","TPRKB",-0.165421238001507,23.4425344124492,-0.782929117913605,0.44621032594104,0.915864363509466,-6.29828085896976,"Human_vs_QC","limma_eBayes_BH"
"Q9NZI8","IGF2BP1",0.267584079565921,27.0449479973009,0.782888307576546,0.446233549994821,0.915864363509466,-6.29831302179722,"Human_vs_QC","limma_eBayes_BH"
"Q9NY12","GAR1",0.16719858309866,26.5066601570606,0.782690479616426,0.446346139295339,0.915864363509466,-6.29846890917832,"Human_vs_QC","limma_eBayes_BH"
"Q96A08","H2BC1",0.188022147748747,23.5798625563555,0.782039592846572,0.446716702930652,0.915864363509466,-6.2989815492865,"Human_vs_QC","limma_eBayes_BH"
"P62910","RPL32",0.494520109013521,27.9265327261539,0.781663823047771,0.446930724748298,0.915864363509466,-6.29927732830454,"Human_vs_QC","limma_eBayes_BH"
"Q9BVI4","NOC4L",-0.117470635763382,24.4226897820257,-0.781602861556083,0.446965451790743,0.915864363509466,-6.29932530051302,"Human_vs_QC","limma_eBayes_BH"
"Q5VYK3","ECPAS",-0.136828905343453,27.092693205435,-0.781188332027111,0.447201635775959,0.915864363509466,-6.29965141366154,"Human_vs_QC","limma_eBayes_BH"
"Q9NV88","INTS9",-0.162737826907208,23.4529848877688,-0.780188947645647,0.447771371549534,0.915864363509466,-6.30043698289945,"Human_vs_QC","limma_eBayes_BH"
"P43487","RANBP1",0.501231307523426,29.1271516797125,0.778658889234355,0.448644520714116,0.915864363509466,-6.30163790070136,"Human_vs_QC","limma_eBayes_BH"
"P60891","PRPS1",0.100822217285256,26.2384760710628,0.778589424218709,0.448684187240668,0.915864363509466,-6.30169237126734,"Human_vs_QC","limma_eBayes_BH"
"Q14684","RRP1B",-0.108404122091894,24.3941120903032,-0.778575075409549,0.448692381098653,0.915864363509466,-6.30170362224174,"Human_vs_QC","limma_eBayes_BH"
"Q86Y82","STX12",0.173514013584303,24.6403445330765,0.778391725927819,0.448797090710391,0.915864363509466,-6.30184737073719,"Human_vs_QC","limma_eBayes_BH"
"O75122","CLASP2",-0.18387928435008,23.9490608783182,-0.77827654780867,0.448862875973399,0.915864363509466,-6.30193765604823,"Human_vs_QC","limma_eBayes_BH"
"P61006","RAB8A",-0.256097441213907,24.0267033833299,-0.777966863635882,0.449039785535016,0.915864363509466,-6.30218034902857,"Human_vs_QC","limma_eBayes_BH"
"Q9UL54","TAOK2",0.421471383479229,22.0946919954988,0.777802854741864,0.449133494643158,0.915864363509466,-6.30230884340934,"Human_vs_QC","limma_eBayes_BH"
"P14317","HCLS1",-0.257003060059883,24.2290574457443,-0.777802847620852,0.449133498712129,0.915864363509466,-6.30230884898783,"Human_vs_QC","limma_eBayes_BH"
"Q96QK1","VPS35",0.102989147531265,25.7768812274966,0.777750330240971,0.449163507951114,0.915864363509466,-6.30234998898379,"Human_vs_QC","limma_eBayes_BH"
"Q5T3J3","LRIF1",-0.215309366783572,23.7886231878333,-0.777583667373489,0.449258750006702,0.915864363509466,-6.30248052904594,"Human_vs_QC","limma_eBayes_BH"
"P84095","RHOG",-0.0995816352866257,26.3955073193569,-0.77736981727541,0.449380976481731,0.915864363509466,-6.30264799124138,"Human_vs_QC","limma_eBayes_BH"
"P61960","UFM1",0.249247404941805,25.1294720823478,0.777031976026764,0.449574112849369,0.915864363509466,-6.3029124624426,"Human_vs_QC","limma_eBayes_BH"
"Q86W50","METTL16",0.393709022463469,23.1260600051384,0.776165159111258,0.450069890902828,0.915864363509466,-6.30359054670178,"Human_vs_QC","limma_eBayes_BH"
"P49137","MAPKAPK2",-0.145387171683286,24.4594542466802,-0.775472546723211,0.450466278364092,0.915864363509466,-6.30413185610953,"Human_vs_QC","limma_eBayes_BH"
"O14980","XPO1",0.175689476732025,26.8218005880439,0.775346449768396,0.450538468151873,0.915864363509466,-6.30423035905638,"Human_vs_QC","limma_eBayes_BH"
"P49454","CENPF",-0.316202758030897,23.9360370463384,-0.775063410970837,0.45070053262749,0.915864363509466,-6.30445140637591,"Human_vs_QC","limma_eBayes_BH"
"Q15181","PPA1",0.351778497471635,27.8853266013317,0.774560233872924,0.450988735642197,0.915864363509466,-6.30484419384658,"Human_vs_QC","limma_eBayes_BH"
"P40939","HADHA",0.24080963179545,26.8314636849711,0.774240772620435,0.451171772210148,0.915864363509466,-6.30509344829581,"Human_vs_QC","limma_eBayes_BH"
"P62829","RPL23",0.61888700869352,28.1757890818297,0.774136182142289,0.451231707830344,0.915864363509466,-6.30517503277195,"Human_vs_QC","limma_eBayes_BH"
"Q9P0J0","NDUFA13",0.195470226764922,24.5130645166646,0.773845687978094,0.451398201770869,0.915864363509466,-6.30540157589412,"Human_vs_QC","limma_eBayes_BH"
"Q9UIG0","BAZ1B",-0.389293587392853,23.622594571251,-0.77379279688286,0.451428519928946,0.915864363509466,-6.3054428148281,"Human_vs_QC","limma_eBayes_BH"
"P46821","MAP1B",-0.124816091576438,25.59863734104,-0.773776605064376,0.451437801634657,0.915864363509466,-6.3054554389933,"Human_vs_QC","limma_eBayes_BH"
"P62195","PSMC5",0.191128163507621,26.9560027706429,0.773707069202884,0.451477663332472,0.915864363509466,-6.30550965078464,"Human_vs_QC","limma_eBayes_BH"
"Q7KZN9","COX15",0.411307555987392,23.1214339522521,0.77358505503297,0.451547613741082,0.915864363509466,-6.30560476506992,"Human_vs_QC","limma_eBayes_BH"
"P62136","PPP1CA",0.298221679969522,26.8747118601864,0.773523117137026,0.451583125170463,0.915864363509466,-6.30565304253323,"Human_vs_QC","limma_eBayes_BH"
"Q7L5Y9","MAEA",-0.123958908749778,23.411261790443,-0.773519591238474,0.451585146759181,0.915864363509466,-6.30565579068622,"Human_vs_QC","limma_eBayes_BH"
"P38159","RBMX",0.31831805116553,28.160454819558,0.773397352538272,0.451655236329735,0.915864363509466,-6.30575105875186,"Human_vs_QC","limma_eBayes_BH"
"O00425","IGF2BP3",0.078325337262438,26.1423169512381,0.773298204648168,0.451712091022608,0.915864363509466,-6.30582832057207,"Human_vs_QC","limma_eBayes_BH"
"O14497","ARID1A",-0.204373020369545,26.0370199160941,-0.773086374115387,0.451833576678063,0.915864363509466,-6.30599336075706,"Human_vs_QC","limma_eBayes_BH"
"P82673","MRPS35",-0.114938096585512,24.074465185979,-0.773023417519815,0.451869686473943,0.915864363509466,-6.30604240312087,"Human_vs_QC","limma_eBayes_BH"
"P60981","DSTN",0.240467548191067,26.2467941543492,0.772390522077726,0.452232794333097,0.915864363509466,-6.30653521628921,"Human_vs_QC","limma_eBayes_BH"
"P99999","CYCS",0.312684579692132,28.5528151991366,0.772353908975794,0.452253805758092,0.915864363509466,-6.30656371424845,"Human_vs_QC","limma_eBayes_BH"
"Q9H3P2","NELFA",-0.241786638143225,27.2117457938337,-0.772277626506779,0.452297584488379,0.915864363509466,-6.30662308503185,"Human_vs_QC","limma_eBayes_BH"
"P05783","KRT18",0.0914870496473519,27.3789638264887,0.771854695295009,0.452540353970728,0.915864363509466,-6.30695215529101,"Human_vs_QC","limma_eBayes_BH"
"Q99986","VRK1",0.0607687821193039,25.5025919109124,0.771829031614993,0.452555087964742,0.915864363509466,-6.30697211810416,"Human_vs_QC","limma_eBayes_BH"
"Q6JBY9","RCSD1",-0.100847647905027,24.1439355445534,-0.770905424771915,0.453085547170476,0.915864363509466,-6.30769015070607,"Human_vs_QC","limma_eBayes_BH"
"O95197","RTN3",0.264643027392953,25.5155611244234,0.77063189893697,0.453242716936915,0.915864363509466,-6.3079026439709,"Human_vs_QC","limma_eBayes_BH"
"Q9BYT8","NLN",-0.17714307329312,24.6119387865331,-0.770019397471562,0.4535947877394,0.915864363509466,-6.30837822461596,"Human_vs_QC","limma_eBayes_BH"
"Q5T6S3","PHF19",0.331188485270282,22.5309039128342,0.769670508039346,0.453795408455193,0.915864363509466,-6.30864896644739,"Human_vs_QC","limma_eBayes_BH"
"P06400","RB1",-0.438883549515886,23.126914454424,-0.769418362181406,0.453940433482257,0.915864363509466,-6.30884456395523,"Human_vs_QC","limma_eBayes_BH"
"P20700","LMNB1",0.212548157687557,27.4902128769247,0.768693196850772,0.454357682962131,0.915864363509466,-6.30940676879633,"Human_vs_QC","limma_eBayes_BH"
"P51116","FXR2",-0.21853454696836,23.9148147466481,-0.768678720597968,0.45436601481808,0.915864363509466,-6.30941798695065,"Human_vs_QC","limma_eBayes_BH"
"Q99996","AKAP9",-0.291540494984826,23.7063880669534,-0.76855940302789,0.454434692073134,0.915864363509466,-6.30951044289837,"Human_vs_QC","limma_eBayes_BH"
"Q9NTJ5","SACM1L",0.494387555304499,21.5199565430325,0.76850090970534,0.454468362242126,0.915864363509466,-6.30955576296036,"Human_vs_QC","limma_eBayes_BH"
"P08047","SP1",-0.0876284733532735,24.0868894030202,-0.768490892189635,0.454474128721979,0.915864363509466,-6.30956352411639,"Human_vs_QC","limma_eBayes_BH"
"Q96EH3","MALSU1",0.18128269930148,23.0513693221413,0.768467523248469,0.45448758098977,0.915864363509466,-6.30958162904149,"Human_vs_QC","limma_eBayes_BH"
"P52306","RAP1GDS1",-0.157480246994254,23.6662160115099,-0.768240451652553,0.454618307057693,0.915864363509466,-6.3097575247938,"Human_vs_QC","limma_eBayes_BH"
"O14545","TRAFD1",-0.116939095913015,24.0771151130234,-0.767875681574119,0.454828355753328,0.915864363509466,-6.3100399852892,"Human_vs_QC","limma_eBayes_BH"
"P05386","RPLP1",0.723856440410891,28.883459768419,0.766835973969953,0.455427391134507,0.915864363509466,-6.31084440726394,"Human_vs_QC","limma_eBayes_BH"
"Q8NC51","SERBP1",0.249725475379762,28.0257146344934,0.765835511842645,0.456004278286895,0.915864363509466,-6.31161751727892,"Human_vs_QC","limma_eBayes_BH"
"P47985","UQCRFS1",0.182585885030814,25.6923722811854,0.76571965828763,0.456071111192565,0.915864363509466,-6.31170698338641,"Human_vs_QC","limma_eBayes_BH"
"P60174","TPI1",0.668508270265452,28.8484268987532,0.76562324674044,0.456126733152585,0.915864363509466,-6.3117814261999,"Human_vs_QC","limma_eBayes_BH"
"Q8NBJ5","COLGALT1",-0.282234511506484,23.9100342863355,-0.765581195909624,0.456150994530666,0.915864363509466,-6.31181389245006,"Human_vs_QC","limma_eBayes_BH"
"O76021","RSL1D1",0.254603710367199,26.0859607092339,0.765209682409059,0.456365375439568,0.915864363509466,-6.31210065608317,"Human_vs_QC","limma_eBayes_BH"
"P35813","PPM1A",-0.230025230479896,23.6937008127969,-0.765083042793639,0.45643846681527,0.915864363509466,-6.31219837729223,"Human_vs_QC","limma_eBayes_BH"
"Q8WUA4","GTF3C2",-0.196430815424652,22.8940149495382,-0.764714048916824,0.456651476966752,0.915864363509466,-6.31248302572119,"Human_vs_QC","limma_eBayes_BH"
"P69892","HBG2",0.705878585374901,28.330257981867,0.764631740203195,0.456698999978756,0.915864363509466,-6.31254650286564,"Human_vs_QC","limma_eBayes_BH"
"Q9Y6A5","TACC3",-0.102068052173987,24.9556141386939,-0.764129058504592,0.456989302626368,0.915864363509466,-6.31293403840815,"Human_vs_QC","limma_eBayes_BH"
"P16278","GLB1",0.165359470889069,24.5477013602997,0.763588899548999,0.457301376412876,0.915864363509466,-6.31335020474876,"Human_vs_QC","limma_eBayes_BH"
"Q9UBP0","SPAST",-0.537735997315878,23.3550839693541,-0.763535202426484,0.457332406851715,0.915864363509466,-6.31339156096267,"Human_vs_QC","limma_eBayes_BH"
"Q9H6R7","WDCP",-0.294181786815358,23.2230124160874,-0.763512670019008,0.457345428245929,0.915864363509466,-6.3134089140749,"Human_vs_QC","limma_eBayes_BH"
"P50991","CCT4",0.373245531918943,28.1564124443834,0.763251979101394,0.457496097291442,0.915864363509466,-6.31360964830414,"Human_vs_QC","limma_eBayes_BH"
"P10176","COX8A",0.385563770129444,22.5078252147147,0.762873765689717,0.457714744463934,0.915864363509466,-6.31390076352718,"Human_vs_QC","limma_eBayes_BH"
"P53621","COPA",-0.0702956806115296,25.7023914309843,-0.762765598202995,0.457777288583302,0.915864363509466,-6.31398399683044,"Human_vs_QC","limma_eBayes_BH"
"Q9UI30","TRMT112",0.242068148513248,26.0367580335245,0.762331959314162,0.458028078559155,0.915864363509466,-6.31431756639399,"Human_vs_QC","limma_eBayes_BH"
"Q9HCD5","NCOA5",0.108957098320058,24.4261204992497,0.762052492007339,0.458189750360398,0.915864363509466,-6.31453244934544,"Human_vs_QC","limma_eBayes_BH"
"P18077","RPL35A",0.512144238705822,26.9761358058868,0.761951118792977,0.458248403498551,0.915864363509466,-6.31461037745264,"Human_vs_QC","limma_eBayes_BH"
"P17844","DDX5",0.309986822025856,28.5167285957019,0.761129782140121,0.458723789179541,0.915864363509466,-6.31524140687269,"Human_vs_QC","limma_eBayes_BH"
"O60701","UGDH",-0.203222781878342,24.2878332882648,-0.761080119024222,0.458752543747688,0.915864363509466,-6.31527954271151,"Human_vs_QC","limma_eBayes_BH"
"Q86UK7","ZNF598",-0.139685521341899,24.2832564974575,-0.761019827290556,0.458787453706311,0.915864363509466,-6.315325837082,"Human_vs_QC","limma_eBayes_BH"
"O95299","NDUFA10",-0.122713312423862,24.1950689317999,-0.760932296798808,0.458838138307895,0.915864363509466,-6.31539304042608,"Human_vs_QC","limma_eBayes_BH"
"Q15029","EFTUD2",0.20682787832337,26.7561854121129,0.760847843665675,0.458887044251444,0.915864363509466,-6.31545787430779,"Human_vs_QC","limma_eBayes_BH"
"P14550","AKR1A1",-0.0601920546500807,25.2019680418151,-0.759971948625599,0.459394456533731,0.915864363509466,-6.31612989940644,"Human_vs_QC","limma_eBayes_BH"
"O75717","WDHD1",-0.18440972440683,25.2759968670296,-0.759766660261822,0.459513431799394,0.915864363509466,-6.31628730236962,"Human_vs_QC","limma_eBayes_BH"
"P50851","LRBA",-0.154014742827243,25.426886932993,-0.759669889488769,0.459569522102569,0.915864363509466,-6.31636148686645,"Human_vs_QC","limma_eBayes_BH"
"Q9NX46","ADPRS",0.223571353802289,24.314779145242,0.759456314382681,0.459693329567161,0.915864363509466,-6.31652518274528,"Human_vs_QC","limma_eBayes_BH"
"Q9NRL2","BAZ1A",0.422229443247065,21.2443428107959,0.759393394070187,0.459729807812897,0.915864363509466,-6.31657340028709,"Human_vs_QC","limma_eBayes_BH"
"P15153","RAC2",-0.145947348571205,24.6017032285046,-0.758901275284016,0.460015177006832,0.915864363509466,-6.31695039712673,"Human_vs_QC","limma_eBayes_BH"
"Q01433","AMPD2",-0.238678042503789,23.4139580846794,-0.758869352729321,0.460033692000797,0.915864363509466,-6.31697484421269,"Human_vs_QC","limma_eBayes_BH"
"Q9UKM9","RALY",0.289739081400572,26.2061160371369,0.758698355051421,0.460132878033913,0.915864363509466,-6.31710578233299,"Human_vs_QC","limma_eBayes_BH"
"Q8NBT2","SPC24",0.11601742545383,25.0984905072084,0.758319950689894,0.460352415923703,0.915864363509466,-6.31739544127449,"Human_vs_QC","limma_eBayes_BH"
"P11234","RALB",-0.105826120180609,23.2632574205602,-0.757535133355821,0.46080794786111,0.915864363509466,-6.31799577399042,"Human_vs_QC","limma_eBayes_BH"
"Q9HBM1","SPC25",0.152543328828418,24.8273468421879,0.757078191158415,0.461073299361473,0.915864363509466,-6.31834503994986,"Human_vs_QC","limma_eBayes_BH"
"P35659","DEK",0.123321225522911,26.7492668798712,0.757004038548724,0.461116369523485,0.915864363509466,-6.31840170051092,"Human_vs_QC","limma_eBayes_BH"
"P52655","GTF2A1",-0.190472963157077,23.9676336791377,-0.756999418281215,0.461119053202074,0.915864363509466,-6.3184052307222,"Human_vs_QC","limma_eBayes_BH"
"Q15637","SF1",0.127075376523173,26.2829888824373,0.756987142582028,0.461126183578751,0.915864363509466,-6.31841461012833,"Human_vs_QC","limma_eBayes_BH"
"Q9UIJ7","AK3",-0.148920355419275,24.8233301462887,-0.756826965982786,0.461219228880646,0.915864363509466,-6.31853698225677,"Human_vs_QC","limma_eBayes_BH"
"Q9NVC6","MED17",-0.424168187539731,22.8572185908243,-0.756825748412174,0.461219936202069,0.915864363509466,-6.31853791236795,"Human_vs_QC","limma_eBayes_BH"
"P08240","SRPRA",-0.356660361658353,23.5169050942755,-0.756745770412049,0.461266399166448,0.915864363509466,-6.31859900512811,"Human_vs_QC","limma_eBayes_BH"
"P19784","CSNK2A2",0.0602130639681064,24.6496775615223,0.756186596473771,0.461591330259689,0.915864363509466,-6.31902597459549,"Human_vs_QC","limma_eBayes_BH"
"P68036","UBE2L3",0.610563263942193,28.7979701966534,0.75592590337208,0.461742865044351,0.915864363509466,-6.31922493293172,"Human_vs_QC","limma_eBayes_BH"
"Q93074","MED12",-0.604890958604287,24.2559531889231,-0.755847655553113,0.461788354658469,0.915864363509466,-6.31928463851832,"Human_vs_QC","limma_eBayes_BH"
"P16930","FAH",0.257761304474055,25.4449365953198,0.755091274659547,0.462228221673036,0.915864363509466,-6.31986148714843,"Human_vs_QC","limma_eBayes_BH"
"Q92917","GPKOW",-0.122405472004406,25.1117927552939,-0.754839538422981,0.462374674109383,0.915864363509466,-6.32005335377228,"Human_vs_QC","limma_eBayes_BH"
"Q969G3","SMARCE1",0.059489782177149,24.9992294960386,0.754362784694089,0.462652113266283,0.915864363509466,-6.32041656082869,"Human_vs_QC","limma_eBayes_BH"
"P30043","BLVRB",0.424796252410889,29.030417158519,0.753879021695362,0.462933736268716,0.915864363509466,-6.3207848911791,"Human_vs_QC","limma_eBayes_BH"
"P35232","PHB1",0.414329924759958,27.3256352680232,0.753756885516975,0.463004854644937,0.915864363509466,-6.32087784944905,"Human_vs_QC","limma_eBayes_BH"
"Q9Y3E0","GOLT1B",0.361519666080063,20.6451987103305,0.753610683749263,0.46308999496967,0.915864363509466,-6.32098910583131,"Human_vs_QC","limma_eBayes_BH"
"Q15054","POLD3",0.285305414701671,22.1636071517066,0.752504527792234,0.463734475442418,0.915864363509466,-6.32183022060386,"Human_vs_QC","limma_eBayes_BH"
"P08575","PTPRC",-0.153813817705487,24.7649914941048,-0.752396495101794,0.463797448205951,0.915864363509466,-6.32191230687902,"Human_vs_QC","limma_eBayes_BH"
"Q9NTK5","OLA1",0.105497074849751,26.9704248925109,0.751516536837345,0.464310576116199,0.915864363509466,-6.3225805183543,"Human_vs_QC","limma_eBayes_BH"
"Q9BV44","THUMPD3",-0.0764070985847916,24.5069184922133,-0.750899820714902,0.464670408424237,0.915864363509466,-6.32304840173047,"Human_vs_QC","limma_eBayes_BH"
"Q58FF6","HSP90AB4P",0.421619240343084,27.4836587498288,0.75083891005922,0.464705956968811,0.915864363509466,-6.32309459349393,"Human_vs_QC","limma_eBayes_BH"
"O14950","MYL12B",0.105592138244667,26.0610312073879,0.750810829961712,0.464722345577636,0.915864363509466,-6.32311588694706,"Human_vs_QC","limma_eBayes_BH"
"Q9Y4Z0","LSM4",-0.172351235141345,25.2712047109087,-0.750440784521666,0.464938351325232,0.915864363509466,-6.3233964278034,"Human_vs_QC","limma_eBayes_BH"
"P11908","PRPS2",0.144332708910916,26.6221450460132,0.749116377533746,0.465711949992627,0.915864363509466,-6.32439944691232,"Human_vs_QC","limma_eBayes_BH"
"P08243","ASNS",0.243757898374557,28.4208482051504,0.748826505236718,0.465881372563525,0.915864363509466,-6.32461875874125,"Human_vs_QC","limma_eBayes_BH"
"Q9BRP1","PDCD2L",0.204716105515093,23.9427613296954,0.748777424699743,0.465910062565746,0.915864363509466,-6.32465588436751,"Human_vs_QC","limma_eBayes_BH"
"P36405","ARL3",-0.0629217092615129,23.6613118940084,-0.748645560810303,0.465987148906767,0.915864363509466,-6.32475561804865,"Human_vs_QC","limma_eBayes_BH"
"Q96BP2","CHCHD1",0.0990426945561076,23.150012611738,0.74853089142432,0.466054189875339,0.915864363509466,-6.32484233367047,"Human_vs_QC","limma_eBayes_BH"
"Q9H307","PNN",0.0898504862596496,27.0685983256589,0.748457692160649,0.466096988610059,0.915864363509466,-6.32489768221177,"Human_vs_QC","limma_eBayes_BH"
"Q8NHP8","PLBD2",-0.219735665310687,23.3017536036339,-0.748170895174084,0.466264698628397,0.915864363509466,-6.32511449129597,"Human_vs_QC","limma_eBayes_BH"
"Q06323","PSME1",0.195289986957455,25.7066260644152,0.748065782731845,0.466326174412598,0.915864363509466,-6.32519393360363,"Human_vs_QC","limma_eBayes_BH"
"Q16774","GUK1",-0.190452513348308,24.4599746143021,-0.747962517790291,0.466386574516889,0.915864363509466,-6.3252719695493,"Human_vs_QC","limma_eBayes_BH"
"P38720","GND1",0.219751760171537,28.1496915159664,0.747848678801002,0.466453164990626,0.915864363509466,-6.32535798461854,"Human_vs_QC","limma_eBayes_BH"
"P48643","CCT5",0.336141900000534,28.0441660215614,0.747752736383156,0.466509291339579,0.915864363509466,-6.32543046789981,"Human_vs_QC","limma_eBayes_BH"
"Q0VGL1","LAMTOR4",0.302105017531602,23.027768945244,0.747584331751694,0.466607818130309,0.915864363509466,-6.32555767467066,"Human_vs_QC","limma_eBayes_BH"
"Q9Y2L1","DIS3",-0.164285016948433,24.3747581408905,-0.747530236634793,0.466639469721208,0.915864363509466,-6.32559853054396,"Human_vs_QC","limma_eBayes_BH"
"Q7LGA3","HS2ST1",-0.362026912637088,22.6884803465892,-0.747393569378097,0.466719440960216,0.915864363509466,-6.32570173766532,"Human_vs_QC","limma_eBayes_BH"
"Q9HC07","TMEM165",-0.221229487825095,24.6128281146535,-0.747393454374604,0.466719508258381,0.915864363509466,-6.32570182450525,"Human_vs_QC","limma_eBayes_BH"
"P43034","PAFAH1B1",-0.0559121021634716,25.4877068089285,-0.747386520542837,0.466723565834476,0.915864363509466,-6.32570706026662,"Human_vs_QC","limma_eBayes_BH"
"Q8IU60","DCP2",0.236489382597089,22.0131966488043,0.747058299492648,0.466915660709339,0.915864363509466,-6.32595484977277,"Human_vs_QC","limma_eBayes_BH"
"Q14966","ZNF638",-0.135464135848586,26.1772748577745,-0.746901132739235,0.467007661397296,0.915864363509466,-6.3260734667043,"Human_vs_QC","limma_eBayes_BH"
"Q8TE02","ELP5",-0.290806877534767,22.5276737185604,-0.746594148051061,0.467187393056297,0.915864363509466,-6.32630508768848,"Human_vs_QC","limma_eBayes_BH"
"P52435","POLR2J",-0.148492133633482,24.466040757193,-0.746372713621103,0.467317063559015,0.915864363509466,-6.32647210603749,"Human_vs_QC","limma_eBayes_BH"
"E9PAV3","NACA",0.46991890890958,28.2678196016955,0.746303089666402,0.467357839434147,0.915864363509466,-6.32652461088519,"Human_vs_QC","limma_eBayes_BH"
"Q96DG6","CMBL",0.206233321462044,26.5610978635805,0.746290404322589,0.467365268951049,0.915864363509466,-6.32653417667437,"Human_vs_QC","limma_eBayes_BH"
"Q5T5C0","STXBP5",0.143658123521725,23.1815981695048,0.746003465906632,0.467533341583394,0.915864363509466,-6.32675051158434,"Human_vs_QC","limma_eBayes_BH"
"Q8NB78","KDM1B",-0.450182750434237,21.8460770105786,-0.745765604521123,0.467672695685631,0.915864363509466,-6.32692978692097,"Human_vs_QC","limma_eBayes_BH"
"Q2M389","WASHC4",0.491579569218136,21.746170533238,0.74561734108983,0.467759570567456,0.915864363509466,-6.32704150581922,"Human_vs_QC","limma_eBayes_BH"
"Q5VTR2","RNF20",-0.195469135903647,24.2470041231272,-0.745563744175236,0.467790978085148,0.915864363509466,-6.32708188690591,"Human_vs_QC","limma_eBayes_BH"
"Q96NA2","RILP",0.189367709934096,23.3860510854576,0.745323624979139,0.467931702564118,0.915864363509466,-6.32726276498832,"Human_vs_QC","limma_eBayes_BH"
"P50395","GDI2",0.285578873820469,27.5794467497008,0.744807368556228,0.468234348076,0.915864363509466,-6.32765147043608,"Human_vs_QC","limma_eBayes_BH"
"Q96GA3","LTV1",0.0945734291631446,25.2932575798628,0.744373753583889,0.468488639194952,0.915864363509466,-6.32797776000791,"Human_vs_QC","limma_eBayes_BH"
"Q96HA7","TONSL",-0.226114334495538,23.3136614094652,-0.743737171362981,0.468862112445646,0.915864363509466,-6.32845646119797,"Human_vs_QC","limma_eBayes_BH"
"Q9NQX3","GPHN",0.446186774345986,22.2147798121703,0.743149636846765,0.469206971730562,0.915864363509466,-6.32889794280935,"Human_vs_QC","limma_eBayes_BH"
"O75534","CSDE1",0.166577730587949,26.1699406698318,0.743079822559469,0.469247960236294,0.915864363509466,-6.32895038076991,"Human_vs_QC","limma_eBayes_BH"
"O15126","SCAMP1",-0.482794321274117,22.54108398489,-0.742764102625285,0.469433349178608,0.915864363509466,-6.3291874631033,"Human_vs_QC","limma_eBayes_BH"
"Q96QC0","PPP1R10",-0.170075155618068,24.1754824047039,-0.742245595953207,0.46973791046884,0.915864363509466,-6.32957662091946,"Human_vs_QC","limma_eBayes_BH"
"P61011","SRP54",-0.069907874143798,25.1519693006888,-0.742050105694148,0.469852769192988,0.915864363509466,-6.32972327804736,"Human_vs_QC","limma_eBayes_BH"
"Q9BS26","ERP44",-0.0741327773944818,25.5587022156229,-0.741944264618355,0.469914962422735,0.915864363509466,-6.32980266528012,"Human_vs_QC","limma_eBayes_BH"
"O96000","NDUFB10",0.129812695489605,25.9130276483554,0.741438309651986,0.470212335886849,0.915864363509466,-6.33018201736558,"Human_vs_QC","limma_eBayes_BH"
"P02545","LMNA",0.368583038703477,27.9211721362493,0.741241155196763,0.470328243918358,0.915864363509466,-6.33032977385404,"Human_vs_QC","limma_eBayes_BH"
"Q15172","PPP2R5A",-0.184633511773498,24.2794588287812,-0.741053127234847,0.470438802693771,0.915864363509466,-6.33047065663563,"Human_vs_QC","limma_eBayes_BH"
"Q9HCN8","SDF2L1",0.0792020574401278,26.2082459694287,0.740998655722921,0.470470834424058,0.915864363509466,-6.33051146405313,"Human_vs_QC","limma_eBayes_BH"
"P24666","ACP1",0.265414894364177,26.1414573949724,0.740585823771625,0.470713641699854,0.915864363509466,-6.33082064744226,"Human_vs_QC","limma_eBayes_BH"
"Q9UHV9","PFDN2",0.32876792468868,26.5601755733828,0.740523846675122,0.470750100155491,0.915864363509466,-6.33086705034676,"Human_vs_QC","limma_eBayes_BH"
"Q15717","ELAVL1",0.230208343017246,27.2168889308216,0.740479688577712,0.470776077513017,0.915864363509466,-6.33090010978494,"Human_vs_QC","limma_eBayes_BH"
"P51398","DAP3",0.102569634385649,25.454299469699,0.73991947257467,0.471105717731889,0.915864363509466,-6.33131936304692,"Human_vs_QC","limma_eBayes_BH"
"Q96GM8","TOE1",-0.129272584170735,24.5148648946295,-0.739620624994375,0.471281622089964,0.915864363509466,-6.33154289375476,"Human_vs_QC","limma_eBayes_BH"
"Q9Y230","RUVBL2",0.302604670994853,26.7215190594924,0.739284238075087,0.471479670351215,0.915864363509466,-6.33179440290677,"Human_vs_QC","limma_eBayes_BH"
"Q99798","ACO2",0.164150044431278,26.3556535763782,0.739151838598128,0.471557634640305,0.915864363509466,-6.33189336603599,"Human_vs_QC","limma_eBayes_BH"
"Q86U42","PABPN1",0.375010808175784,26.6235450260234,0.739004182815174,0.47164459197377,0.915864363509466,-6.33200371325509,"Human_vs_QC","limma_eBayes_BH"
"Q07960","ARHGAP1",-0.169299819768469,24.1808903201014,-0.738985239594863,0.471655748708361,0.915864363509466,-6.33201786856539,"Human_vs_QC","limma_eBayes_BH"
"O95104","SCAF4",-0.105636416225419,24.6006967715065,-0.738574829679448,0.471897501831441,0.915864363509466,-6.3323244645976,"Human_vs_QC","limma_eBayes_BH"
"O43674","NDUFB5",0.0776468294284562,23.8852893822334,0.738208773230971,0.472113192117596,0.915864363509466,-6.33259779330314,"Human_vs_QC","limma_eBayes_BH"
"Q9BXV9","GON7",-0.19880888310653,23.5805554819169,-0.738158969218247,0.472142542619859,0.915864363509466,-6.33263497148859,"Human_vs_QC","limma_eBayes_BH"
"Q12874","SF3A3",0.212722632601089,26.6122472713625,0.738032073038861,0.472217330104026,0.915864363509466,-6.33272968768189,"Human_vs_QC","limma_eBayes_BH"
"P00491","PNP",0.217296768074377,26.9642575070179,0.737803842752769,0.472351857977678,0.915864363509466,-6.33290000238511,"Human_vs_QC","limma_eBayes_BH"
"Q5T1M5","FKBP15",0.28693719776582,23.7425666970732,0.737287594210355,0.472656241192549,0.915864363509466,-6.33328506791544,"Human_vs_QC","limma_eBayes_BH"
"Q9NRK6","ABCB10",-0.347307420239272,23.1268737199288,-0.736184011146222,0.473307320660552,0.915864363509466,-6.33410738364918,"Human_vs_QC","limma_eBayes_BH"
"O00232","PSMD12",0.185983083258616,25.9463613304156,0.736022879798295,0.473402428735092,0.915864363509466,-6.33422735234987,"Human_vs_QC","limma_eBayes_BH"
"P12814","ACTN1",-0.0485388711347881,25.4423535370288,-0.735659761678226,0.473616802479657,0.915864363509466,-6.33449761899452,"Human_vs_QC","limma_eBayes_BH"
"P42677","RPS27",0.304847521485186,27.4832153393961,0.735571214435485,0.473669086992425,0.915864363509466,-6.33456350542676,"Human_vs_QC","limma_eBayes_BH"
"Q8TBN0","RAB3IL1",-0.154490596793682,24.7697102757932,-0.735445440176994,0.473743358982526,0.915864363509466,-6.3346570791819,"Human_vs_QC","limma_eBayes_BH"
"P37108","SRP14",0.430335903092608,26.7485720100976,0.735085450941297,0.473955978308552,0.915864363509466,-6.3349248226134,"Human_vs_QC","limma_eBayes_BH"
"Q15366","PCBP2",0.172288361798763,28.370003352281,0.734783523415961,0.474134349536807,0.915864363509466,-6.33514928869836,"Human_vs_QC","limma_eBayes_BH"
"Q9NVU0","POLR3E",-0.214625839208441,23.3625624976508,-0.73440583901933,0.474357533442841,0.915864363509466,-6.33542995536498,"Human_vs_QC","limma_eBayes_BH"
"Q9NYB0","TERF2IP",-0.141854630775875,25.1388300630468,-0.733812671775359,0.474708180764255,0.915864363509466,-6.33587048257951,"Human_vs_QC","limma_eBayes_BH"
"P09960","LTA4H",-0.134640831476926,25.132149314655,-0.733191968582228,0.47507527424932,0.915864363509466,-6.33633110644042,"Human_vs_QC","limma_eBayes_BH"
"Q96MW1","CCDC43",-0.172515667155103,23.4949457078198,-0.732826517157681,0.475291488434908,0.915864363509466,-6.33660213885968,"Human_vs_QC","limma_eBayes_BH"
"Q9Y2B0","CNPY2",0.0791304404859119,24.9801587202813,0.732185903009947,0.475670642780395,0.915864363509466,-6.33707693977796,"Human_vs_QC","limma_eBayes_BH"
"Q9NUQ3","TXLNG",-0.13456774036608,24.3851364860799,-0.730647887972254,0.476581681850562,0.915864363509466,-6.33821529017278,"Human_vs_QC","limma_eBayes_BH"
"O60841","EIF5B",0.0942040916207674,26.7459247600575,0.7303874675671,0.476736045739192,0.915864363509466,-6.338407818503,"Human_vs_QC","limma_eBayes_BH"
"P49458","SRP9",0.33096831589722,27.2090737795429,0.729937137985338,0.477003049499184,0.915864363509466,-6.33874059602864,"Human_vs_QC","limma_eBayes_BH"
"Q96RQ3","MCCC1",0.249880574038453,23.2499807850722,0.729316174349865,0.477371371885442,0.915864363509466,-6.33919915359439,"Human_vs_QC","limma_eBayes_BH"
"P47756","CAPZB",0.229087267450414,26.8659748873754,0.729069540366866,0.477517709692766,0.915864363509466,-6.33938118271127,"Human_vs_QC","limma_eBayes_BH"
"P54920","NAPA",0.133162327752014,25.6435724913425,0.728715041214803,0.477728095745261,0.915864363509466,-6.33964272199644,"Human_vs_QC","limma_eBayes_BH"
"Q8WXF1","PSPC1",-0.0625782304450091,26.0041371176358,-0.728411456889888,0.477908309717113,0.915864363509466,-6.33986660391771,"Human_vs_QC","limma_eBayes_BH"
"Q9Y5Q8","GTF3C5",-0.132046953365965,24.0540087079503,-0.72839982721224,0.477915214153069,0.915864363509466,-6.33987517864123,"Human_vs_QC","limma_eBayes_BH"
"P49448","GLUD2",0.545616893589749,22.6223242727133,0.728217192798417,0.478023650486348,0.915864363509466,-6.34000982086982,"Human_vs_QC","limma_eBayes_BH"
"Q9UNN5","FAF1",0.0573228796440333,25.3653541855268,0.728009411316679,0.478147035582612,0.915864363509466,-6.34016296396613,"Human_vs_QC","limma_eBayes_BH"
"P61201","COPS2",-0.0833564187714053,25.1987375628752,-0.727906340914688,0.478208248137708,0.915864363509466,-6.34023891583552,"Human_vs_QC","limma_eBayes_BH"
"P12268","IMPDH2",0.266841027581233,27.9495930624463,0.727500392600643,0.478449383127692,0.915864363509466,-6.34053795923818,"Human_vs_QC","limma_eBayes_BH"
"Q8N9N7","LRRC57",-0.812207985150287,21.672880831022,-0.727342983070476,0.478542904806352,0.915864363509466,-6.34065387390058,"Human_vs_QC","limma_eBayes_BH"
"O60884","DNAJA2",-0.0803269772020023,25.9147756113992,-0.727306501465483,0.478564581187936,0.915864363509466,-6.34068073523208,"Human_vs_QC","limma_eBayes_BH"
"P15531","NME1",0.467933814224317,28.8502031026458,0.726309240003695,0.47915735660404,0.915864363509466,-6.34141453218965,"Human_vs_QC","limma_eBayes_BH"
"O95400","CD2BP2",-0.202539617878184,25.2615419373757,-0.726254576658022,0.479189861480042,0.915864363509466,-6.34145472710148,"Human_vs_QC","limma_eBayes_BH"
"P07910","HNRNPC",0.474125789556979,29.4582616389685,0.72602510191575,0.479326330290123,0.915864363509466,-6.34162343322461,"Human_vs_QC","limma_eBayes_BH"
"O95347","SMC2",-0.0557318118334074,27.3302538716473,-0.725209091172666,0.47981180246486,0.915864363509466,-6.34222294994835,"Human_vs_QC","limma_eBayes_BH"
"P36873","PPP1CC",0.298098004641833,25.4029961379694,0.724994725312274,0.479939385074686,0.915864363509466,-6.34238033898989,"Human_vs_QC","limma_eBayes_BH"
"Q01581","HMGCS1",0.211734535106419,26.0775877979332,0.723738634482478,0.480687374718895,0.915864363509466,-6.34330170151851,"Human_vs_QC","limma_eBayes_BH"
"O15228","GNPAT",-0.381279426090959,22.7309220943108,-0.723730244956274,0.480692372958393,0.915864363509466,-6.34330785037772,"Human_vs_QC","limma_eBayes_BH"
"Q9UKF6","CPSF3",-0.0589266087799629,25.5636797307008,-0.72366442823945,0.480731585759931,0.915864363509466,-6.34335608652769,"Human_vs_QC","limma_eBayes_BH"
"Q9NWV4","CZIB",0.0633799519231246,25.9195153529534,0.723497699049877,0.480830929610858,0.915864363509466,-6.34347826177054,"Human_vs_QC","limma_eBayes_BH"
"Q8IXI2","RHOT1",-0.318431260842807,22.0741646531282,-0.723354407809422,0.480916318082125,0.915864363509466,-6.34358324132849,"Human_vs_QC","limma_eBayes_BH"
"P62263","RPS14",0.411304208187399,28.2948013864282,0.723168589525711,0.481027062378319,0.915864363509466,-6.3437193487227,"Human_vs_QC","limma_eBayes_BH"
"Q8WUM4","PDCD6IP",0.235802272855906,26.6024120677298,0.72315076161414,0.481037688294518,0.915864363509466,-6.34373240552765,"Human_vs_QC","limma_eBayes_BH"
"O14908","GIPC1",0.19224778064822,23.3143573655337,0.723066014461053,0.481088201816407,0.915864363509466,-6.34379446855202,"Human_vs_QC","limma_eBayes_BH"
"Q08623","PUDP",-0.0842275971911413,23.88816258882,-0.722923235205768,0.481173312581982,0.915864363509466,-6.34389901503317,"Human_vs_QC","limma_eBayes_BH"
"Q9H3U1","UNC45A",-0.141448810626457,25.0895306783224,-0.722922308864783,0.48117386480377,0.915864363509466,-6.34389969326016,"Human_vs_QC","limma_eBayes_BH"
"Q6P582","MZT2A",-0.29017628760386,22.6294464778497,-0.722600247536116,0.481365879088728,0.915864363509466,-6.34413544373842,"Human_vs_QC","limma_eBayes_BH"
"Q5T8P6","RBM26",-0.12511669688271,24.7883795970345,-0.722387466895991,0.48149276507319,0.915864363509466,-6.34429114664578,"Human_vs_QC","limma_eBayes_BH"
"P37802","TAGLN2",0.390486730830244,28.5286446390444,0.722192478556032,0.481609058769951,0.915864363509466,-6.34443379255205,"Human_vs_QC","limma_eBayes_BH"
"P19338","NCL",0.614694797751369,28.8559929678637,0.721857601452468,0.48180882345449,0.915864363509466,-6.34467869211651,"Human_vs_QC","limma_eBayes_BH"
"Q9HAU0","PLEKHA5",0.36350563025298,22.0272912348734,0.721688559045122,0.48190968147243,0.915864363509466,-6.3448022747115,"Human_vs_QC","limma_eBayes_BH"
"P55060","CSE1L",0.177885541049953,26.5663140440201,0.720855515719556,0.482406896603354,0.915864363509466,-6.3454108983732,"Human_vs_QC","limma_eBayes_BH"
"Q15046","KARS1",0.198570352556899,27.0750143208549,0.720679418763441,0.482512042330231,0.915864363509466,-6.34553947158841,"Human_vs_QC","limma_eBayes_BH"
"Q8TAT6","NPLOC4",0.106936479495982,24.8489288842107,0.720528266063977,0.482602305073944,0.915864363509466,-6.34564980902082,"Human_vs_QC","limma_eBayes_BH"
"Q8N5M4","TTC9C",-0.281534641928282,23.9813264193,-0.720407248410299,0.48267457960675,0.915864363509466,-6.34573813316112,"Human_vs_QC","limma_eBayes_BH"
"O43324","EEF1E1",0.245811274297754,25.8713045340907,0.720346507040283,0.482710858204167,0.915864363509466,-6.34578245975154,"Human_vs_QC","limma_eBayes_BH"
"P20333","TNFRSF1B",0.214446104862819,23.4883211457218,0.720286223256526,0.482746865121615,0.915864363509466,-6.34582644897744,"Human_vs_QC","limma_eBayes_BH"
"Q8TDX7","NEK7",-0.396881401133847,22.1996410717201,-0.719828022521635,0.483020596693002,0.915864363509466,-6.34616068727526,"Human_vs_QC","limma_eBayes_BH"
"Q9UBQ5","EIF3K",-0.0560350716311113,26.6978606849848,-0.719660334055387,0.483120797972942,0.915864363509466,-6.34628295956393,"Human_vs_QC","limma_eBayes_BH"
"P56192","MARS1",0.0510112072643629,26.6172375060816,0.719417010064133,0.483266217018128,0.915864363509466,-6.34646033538976,"Human_vs_QC","limma_eBayes_BH"
"Q9H1B7","IRF2BPL",0.371879772858517,22.1703712122793,0.718463421135572,0.48383636877564,0.915864363509466,-6.34715493505091,"Human_vs_QC","limma_eBayes_BH"
"Q9UBB4","ATXN10",0.0746433070747194,24.8105355879011,0.718227734501939,0.483977348210158,0.915864363509466,-6.34732647845647,"Human_vs_QC","limma_eBayes_BH"
"Q969T9","WBP2",-0.22322918777073,23.2172399535865,-0.718204261830403,0.483991390083516,0.915864363509466,-6.34734356006269,"Human_vs_QC","limma_eBayes_BH"
"O00115","DNASE2",-0.17449437245217,23.8105223933994,-0.718192142051328,0.48399864050014,0.915864363509466,-6.34735237970304,"Human_vs_QC","limma_eBayes_BH"
"Q9UHI6","DDX20",-0.121992971972624,24.5299703988213,-0.717832357363602,0.484213904194477,0.915864363509466,-6.34761413423998,"Human_vs_QC","limma_eBayes_BH"
"P07237","P4HB",0.309929540112915,26.7362976302727,0.717652009721818,0.484321830046507,0.915864363509466,-6.34774529683393,"Human_vs_QC","limma_eBayes_BH"
"Q15021","NCAPD2",-0.0762314319573392,25.8034002056697,-0.717538342201145,0.484389859768759,0.915864363509466,-6.34782794879111,"Human_vs_QC","limma_eBayes_BH"
"P42765","ACAA2",-0.226612589269823,23.5179544783794,-0.716921103045322,0.484759375816375,0.915864363509466,-6.34827655405343,"Human_vs_QC","limma_eBayes_BH"
"Q8WVM8","SCFD1",0.0672878186413186,24.7182454963218,0.716683705468448,0.484901541072483,0.915864363509466,-6.34844899735202,"Human_vs_QC","limma_eBayes_BH"
"O00411","POLRMT",-0.413333199788458,23.9663688784157,-0.716315370489779,0.485122167461119,0.915864363509466,-6.34871644709994,"Human_vs_QC","limma_eBayes_BH"
"Q8WUX9","CHMP7",0.158513209966774,23.6927310460558,0.715898208372255,0.485372113051618,0.915864363509466,-6.34901919592636,"Human_vs_QC","limma_eBayes_BH"
"Q9UQ80","PA2G4",0.38544522011896,28.4679427232966,0.715763565965016,0.485452801441076,0.915864363509466,-6.34911687548792,"Human_vs_QC","limma_eBayes_BH"
"Q14566","MCM6",0.165648769579779,26.7837723345355,0.715690436156913,0.485496629975791,0.915864363509466,-6.34916992209324,"Human_vs_QC","limma_eBayes_BH"
"Q9H939","PSTPIP2",-0.230488934882452,24.1838475290595,-0.715494252078066,0.485614219730195,0.915864363509466,-6.34931220438721,"Human_vs_QC","limma_eBayes_BH"
"Q96CW5","TUBGCP3",0.314643590008004,21.6480214628766,0.715365677033813,0.485691294901303,0.915864363509466,-6.3494054336041,"Human_vs_QC","limma_eBayes_BH"
"P61599","NAA20",0.303184434988783,23.2504278230119,0.715047245938919,0.485882212061659,0.915864363509466,-6.34963625948624,"Human_vs_QC","limma_eBayes_BH"
"P68032","ACTC1",0.600938320556182,30.3187381568838,0.714854571314373,0.485997753016675,0.915864363509466,-6.34977587994709,"Human_vs_QC","limma_eBayes_BH"
"P29692","EEF1D",0.368409760645356,28.8616946582068,0.714587757057173,0.486157780325103,0.915864363509466,-6.34996916738568,"Human_vs_QC","limma_eBayes_BH"
"P11142","HSPA8",0.483257816370553,31.1665753522123,0.714527858820211,0.486193709848266,0.915864363509466,-6.35001255004924,"Human_vs_QC","limma_eBayes_BH"
"O75955","FLOT1",-0.0791359718397935,25.0327419647947,-0.714512576308853,0.486202877206125,0.915864363509466,-6.35002361821434,"Human_vs_QC","limma_eBayes_BH"
"P09382","LGALS1",0.415127020466841,27.5940464928806,0.714437418408127,0.48624796288217,0.915864363509466,-6.35007804716372,"Human_vs_QC","limma_eBayes_BH"
"P46778","RPL21",0.164946520505875,28.2036596748004,0.713832411458622,0.486610985122292,0.915864363509466,-6.35051599577314,"Human_vs_QC","limma_eBayes_BH"
"Q5RKV6","EXOSC6",0.0539167395969784,25.6606933330408,0.713821142356678,0.486617748456258,0.915864363509466,-6.35052414990204,"Human_vs_QC","limma_eBayes_BH"
"Q05086","UBE3A",-0.163897861947046,24.922319834782,-0.713529344945341,0.486792894954867,0.915864363509466,-6.35073524776678,"Human_vs_QC","limma_eBayes_BH"
"Q9BWU0","SLC4A1AP",-0.187077065495583,24.4510012112133,-0.71340022485388,0.486870409141575,0.915864363509466,-6.35082863272978,"Human_vs_QC","limma_eBayes_BH"
"Q9Y3F4","STRAP",0.253301578832101,26.6582765100395,0.713292794732241,0.48693490788826,0.915864363509466,-6.35090631861914,"Human_vs_QC","limma_eBayes_BH"
"P61163","ACTR1A",0.0724975433984838,25.7807527077308,0.712962872921247,0.48713301778802,0.915864363509466,-6.35114482670001,"Human_vs_QC","limma_eBayes_BH"
"Q69YN4","VIRMA",-0.226484626795234,24.4560842512354,-0.712790898296463,0.487236303384687,0.915864363509466,-6.35126911037428,"Human_vs_QC","limma_eBayes_BH"
"O00161","SNAP23",0.093116510287107,25.925968858993,0.712392548958743,0.487475596740027,0.915864363509466,-6.35155688465452,"Human_vs_QC","limma_eBayes_BH"
"Q92688","ANP32B",0.628637889693241,28.4869469924355,0.712126899996024,0.487635214327301,0.915864363509466,-6.35174871066383,"Human_vs_QC","limma_eBayes_BH"
"Q9NX20","MRPL16",0.091986766339982,23.8647428101347,0.711971430767457,0.48772864388935,0.915864363509466,-6.35186094460231,"Human_vs_QC","limma_eBayes_BH"
"Q09028","RBBP4",0.301283529563335,27.9869432742369,0.711771782902702,0.487848638360546,0.915864363509466,-6.3520050378188,"Human_vs_QC","limma_eBayes_BH"
"Q5T3I0","GPATCH4",-0.127595000613258,24.147827862362,-0.711644703537078,0.487925026117487,0.915864363509466,-6.35209673606964,"Human_vs_QC","limma_eBayes_BH"
"Q8IUF8","RIOX2",0.11725316931582,23.3371775723027,0.711239908565652,0.488168397047593,0.915864363509466,-6.35238872737196,"Human_vs_QC","limma_eBayes_BH"
"Q96IJ6","GMPPA",-0.197861248642671,24.0245202014051,-0.710919276278344,0.488361219037467,0.915864363509466,-6.35261989963518,"Human_vs_QC","limma_eBayes_BH"
"Q9Y617","PSAT1",0.255841307595269,26.8488092889629,0.710222393681795,0.488780467168489,0.915864363509466,-6.35312200917294,"Human_vs_QC","limma_eBayes_BH"
"P18887","XRCC1",-0.134235520033911,24.1244457960295,-0.71000545456915,0.488911022607097,0.915864363509466,-6.35327822189864,"Human_vs_QC","limma_eBayes_BH"
"Q08211","DHX9",0.237400855925934,28.332010373859,0.70991034811397,0.488968264870617,0.915864363509466,-6.3533466917863,"Human_vs_QC","limma_eBayes_BH"
"Q14974","KPNB1",0.168645633099032,27.924403980554,0.70983984691316,0.489010700406179,0.915864363509466,-6.35339744212308,"Human_vs_QC","limma_eBayes_BH"
"Q8IYB3","SRRM1",0.0756399364418101,26.1765070884871,0.709830152427113,0.489016535807534,0.915864363509466,-6.35340442033802,"Human_vs_QC","limma_eBayes_BH"
"Q5T6V5","QNG1",-0.217957235760732,23.8706325671064,-0.709509258516221,0.489209714866241,0.915864363509466,-6.35363535374877,"Human_vs_QC","limma_eBayes_BH"
"Q07817","BCL2L1",0.36205306843171,23.3105830785771,0.709442682974776,0.489249799225514,0.915864363509466,-6.35368325308478,"Human_vs_QC","limma_eBayes_BH"
"O94855","SEC24D",-0.335292466962475,21.4504812870535,-0.709298978640275,0.489336328600679,0.915864363509466,-6.35378663026133,"Human_vs_QC","limma_eBayes_BH"
"Q9UMS0","NFU1",0.101740810340566,24.0556688424496,0.709158348901812,0.489421015475534,0.915864363509466,-6.3538877767565,"Human_vs_QC","limma_eBayes_BH"
"Q9NPL8","TIMMDC1",-0.172054690507981,23.1883969343954,-0.708768063258333,0.489656090212639,0.915864363509466,-6.35416838776775,"Human_vs_QC","limma_eBayes_BH"
"O15164","TRIM24",-0.257785129311351,23.8103876126359,-0.708292892237049,0.489942383340755,0.915864363509466,-6.35450983603898,"Human_vs_QC","limma_eBayes_BH"
"P62266","RPS23",0.446000912516151,27.2560087373269,0.708288919418757,0.489944777405126,0.915864363509466,-6.35451268992592,"Human_vs_QC","limma_eBayes_BH"
"Q13627","DYRK1A",-0.304818198893027,23.2874596213158,-0.707904296297298,0.490176588513951,0.915864363509466,-6.35478891453911,"Human_vs_QC","limma_eBayes_BH"
"Q8WVM0","TFB1M",-0.176668027072068,23.9343075895097,-0.707777610865217,0.490252955691753,0.915864363509466,-6.35487986553505,"Human_vs_QC","limma_eBayes_BH"
"Q16658","FSCN1",0.322344394608191,28.100356156123,0.707591357202145,0.490365244009387,0.915864363509466,-6.35501355466365,"Human_vs_QC","limma_eBayes_BH"
"P67809","YBX1",0.198938141631878,28.9185200112084,0.70754803852419,0.490391362098004,0.915864363509466,-6.35504464323631,"Human_vs_QC","limma_eBayes_BH"
"P02100","HBE1",0.573971480936134,29.1212214927636,0.707455610391858,0.490447092467422,0.915864363509466,-6.35511097032328,"Human_vs_QC","limma_eBayes_BH"
"Q9NPI6","DCP1A",-0.230045901395009,23.7923599272882,-0.70733324634824,0.490520878754088,0.915864363509466,-6.3551987672061,"Human_vs_QC","limma_eBayes_BH"
"Q00610","CLTC",0.217789741384536,29.4031882529987,0.707177856007868,0.490614589615189,0.915864363509466,-6.35531024023206,"Human_vs_QC","limma_eBayes_BH"
"Q13838","DDX39B",0.416471275217628,28.0507894817129,0.706914485781983,0.490773443932732,0.915864363509466,-6.35549912309156,"Human_vs_QC","limma_eBayes_BH"
"P41091","EIF2S3",0.13960313628284,27.1157399333742,0.706836492574959,0.490820492160612,0.915864363509466,-6.35555504537324,"Human_vs_QC","limma_eBayes_BH"
"Q9NRD1","FBXO6",-0.540878926890663,22.5921259103024,-0.706256347196731,0.491170540223748,0.915864363509466,-6.35597083760087,"Human_vs_QC","limma_eBayes_BH"
"Q86YF9","DZIP1",0.979769968510229,25.368966562827,0.705995946620398,0.491327708899933,0.915864363509466,-6.35615736407968,"Human_vs_QC","limma_eBayes_BH"
"P61221","ABCE1",0.238724513487984,26.6989394789714,0.705564999987042,0.491587878802702,0.915864363509466,-6.35646591277409,"Human_vs_QC","limma_eBayes_BH"
"Q96GG9","DCUN1D1",-0.222226315504614,23.8542596376051,-0.705164813639265,0.491829551403769,0.915864363509466,-6.35675228039614,"Human_vs_QC","limma_eBayes_BH"
"P30044","PRDX5",0.30888986088539,26.615598746832,0.704953776356901,0.491957025240311,0.915864363509466,-6.35690323462262,"Human_vs_QC","limma_eBayes_BH"
"P16989","YBX3",-0.070443100910051,25.784076075825,-0.704882807047023,0.491999897568283,0.915864363509466,-6.35695398925044,"Human_vs_QC","limma_eBayes_BH"
"Q9P013","CWC15",0.0962965075286562,24.8620960598436,0.704852952519809,0.492017933252818,0.915864363509466,-6.35697533868072,"Human_vs_QC","limma_eBayes_BH"
"Q7Z5K2","WAPL",-0.272267334777819,26.3803404944662,-0.704584548707961,0.492180098684603,0.915864363509466,-6.35716724048065,"Human_vs_QC","limma_eBayes_BH"
"Q96K17","BTF3L4",0.212724997114535,26.3059604299143,0.704421180722302,0.492278818612398,0.915864363509466,-6.3572840109943,"Human_vs_QC","limma_eBayes_BH"
"P15085","CPA1",0.613865670397885,19.3416053580145,0.704233470288655,0.492392262678785,0.915864363509466,-6.35741814956784,"Human_vs_QC","limma_eBayes_BH"
"Q9UID3","VPS51",-0.320671410914272,22.6691519133265,-0.703916825259153,0.49258366436149,0.915864363509466,-6.35764434969718,"Human_vs_QC","limma_eBayes_BH"
"P62750","RPL23A",0.44978995015536,28.3049131359715,0.703497302093897,0.492837320462895,0.915864363509466,-6.35794389618223,"Human_vs_QC","limma_eBayes_BH"
"P61956","SUMO2",0.663587837025545,28.2576472425536,0.703107388301677,0.493073143247605,0.915864363509466,-6.35822215167874,"Human_vs_QC","limma_eBayes_BH"
"Q9BXR0","QTRT1",-0.202741175151502,23.7257139235348,-0.702940017786835,0.493174390691244,0.915864363509466,-6.35834154870613,"Human_vs_QC","limma_eBayes_BH"
"Q8IY67","RAVER1",0.0858235899790749,25.4916317877565,0.702490557720977,0.493446343489233,0.915864363509466,-6.35866204855957,"Human_vs_QC","limma_eBayes_BH"
"Q96K76","USP47",-0.245475960095373,24.2831559982063,-0.701925590368243,0.493788311682833,0.915864363509466,-6.35906464266811,"Human_vs_QC","limma_eBayes_BH"
"P62241","RPS8",0.417724731905274,28.0354604526528,0.701256917799907,0.49419323261485,0.915864363509466,-6.35954074613265,"Human_vs_QC","limma_eBayes_BH"
"P45973","CBX5",-0.0678542749597035,26.3703470533352,-0.700474522023187,0.494667268946118,0.915864363509466,-6.3600972841833,"Human_vs_QC","limma_eBayes_BH"
"Q9Y291","MRPS33",-0.814303161271347,20.4241782854568,-0.700179674439461,0.49484598029512,0.915864363509466,-6.36030686629759,"Human_vs_QC","limma_eBayes_BH"
"Q9BYN8","MRPS26",0.0673083635508824,24.1804170560728,0.69989327834918,0.495019605595605,0.915864363509466,-6.36051036208343,"Human_vs_QC","limma_eBayes_BH"
"A5D8V6","VPS37C",-0.211702997603876,23.112019853961,-0.699516596598421,0.495248020632513,0.915864363509466,-6.36077789105011,"Human_vs_QC","limma_eBayes_BH"
"Q7Z7K6","CENPV",-0.127103880349527,24.1554759092209,-0.699418033462984,0.495307798341465,0.915864363509466,-6.36084787089808,"Human_vs_QC","limma_eBayes_BH"
"Q99460","PSMD1",0.134015587124569,26.875790797301,0.697598932486626,0.496411832452693,0.915864363509466,-6.36213777937278,"Human_vs_QC","limma_eBayes_BH"
"P04040","CAT",0.219906446969205,26.2047773222427,0.696423879180918,0.497125757133578,0.915864363509466,-6.36296933104114,"Human_vs_QC","limma_eBayes_BH"
"Q99547","MPHOSPH6",0.262173376035047,23.7633343226825,0.696258503891452,0.49722628238555,0.915864363509466,-6.3630862572671,"Human_vs_QC","limma_eBayes_BH"
"Q7Z392","TRAPPC11",-0.41377180942083,22.4587932929639,-0.695487003656836,0.497695405763811,0.915864363509466,-6.36363139253369,"Human_vs_QC","limma_eBayes_BH"
"P46781","RPS9",0.521240865767698,27.0399479058002,0.694767350978239,0.498133237146712,0.915864363509466,-6.36413938359314,"Human_vs_QC","limma_eBayes_BH"
"O43670","ZNF207",0.235326937251063,26.5231163538468,0.694681910865685,0.498185233324592,0.915864363509466,-6.36419966172784,"Human_vs_QC","limma_eBayes_BH"
"P30041","PRDX6",0.380016861518797,28.7342127604945,0.694632698802603,0.498215183694576,0.915864363509466,-6.36423437777132,"Human_vs_QC","limma_eBayes_BH"
"P38117","ETFB",0.21859267028357,26.5781862612356,0.694224693154938,0.498463535957353,0.915864363509466,-6.36452211178752,"Human_vs_QC","limma_eBayes_BH"
"P57721","PCBP3",-0.24307389807738,24.9291166031126,-0.694182662927837,0.498489123811761,0.915864363509466,-6.36455174339441,"Human_vs_QC","limma_eBayes_BH"
"O43684","BUB3",0.180569106345718,26.4749053846104,0.693535182255239,0.498883405341706,0.915864363509466,-6.36500800991359,"Human_vs_QC","limma_eBayes_BH"
"O95487","SEC24B",-0.241790472958769,23.7020447144094,-0.693197079310093,0.499089364990901,0.915864363509466,-6.3652461060139,"Human_vs_QC","limma_eBayes_BH"
"P46109","CRKL",0.16122329976784,27.3983069030364,0.693093765278364,0.499152309991796,0.915864363509466,-6.36531883932642,"Human_vs_QC","limma_eBayes_BH"
"O00186","STXBP3",-0.219529325825643,24.0453709852095,-0.693065303271383,0.499169651544225,0.915864363509466,-6.36533887486299,"Human_vs_QC","limma_eBayes_BH"
"P51665","PSMD7",0.200386789104172,26.2122671626983,0.692884884343559,0.499279586819872,0.915864363509466,-6.3654658610139,"Human_vs_QC","limma_eBayes_BH"
"O95298","NDUFC2",-0.175260177703073,24.299117329178,-0.692779657989948,0.499343711314739,0.915864363509466,-6.3655399093121,"Human_vs_QC","limma_eBayes_BH"
"O43488","AKR7A2",-0.0828380571463043,25.1595885769945,-0.69225580709331,0.499663015798778,0.915864363509466,-6.36590838924877,"Human_vs_QC","limma_eBayes_BH"
"P61353","RPL27",0.405875756682438,27.7300350350574,0.692214782717997,0.499688026575019,0.915864363509466,-6.36593723504075,"Human_vs_QC","limma_eBayes_BH"
"P46779","RPL28",0.454543796514606,26.8799447945631,0.692009064402666,0.499813455160081,0.915864363509466,-6.36608185927123,"Human_vs_QC","limma_eBayes_BH"
"Q15233","NONO",0.113368331692513,27.8717316457852,0.691783870098744,0.499950779638957,0.915864363509466,-6.36624012943391,"Human_vs_QC","limma_eBayes_BH"
"Q8IZ69","TRMT2A",-0.114931916490651,25.4358115543778,-0.691579451457504,0.500075454194494,0.915864363509466,-6.36638375641341,"Human_vs_QC","limma_eBayes_BH"
"P46379","BAG6",-0.0519309562647408,25.8895045893658,-0.691466059300423,0.500144619728163,0.915864363509466,-6.36646340997913,"Human_vs_QC","limma_eBayes_BH"
"P19388","POLR2E",0.134367006794285,25.2560553196343,0.691350261814023,0.500215258225792,0.915864363509466,-6.3665447405874,"Human_vs_QC","limma_eBayes_BH"
"P61088","UBE2N",0.415484012841322,27.4211510642398,0.690407320546026,0.500790686727231,0.915864363509466,-6.36720654306939,"Human_vs_QC","limma_eBayes_BH"
"Q9NR46","SH3GLB2",-0.0960592345739997,24.3912852337106,-0.689315640565885,0.50145736713859,0.915864363509466,-6.36797168220331,"Human_vs_QC","limma_eBayes_BH"
"Q6DHV7","MAPDA",0.457359260234099,21.3565568487305,0.689310148644305,0.501460722325403,0.915864363509466,-6.36797552852985,"Human_vs_QC","limma_eBayes_BH"
"P29083","GTF2E1",-0.351031524370857,23.720228916337,-0.689259834351111,0.501491461514017,0.915864363509466,-6.36801076535334,"Human_vs_QC","limma_eBayes_BH"
"P35221","CTNNA1",-0.604405320539893,22.2300228159136,-0.688869938797883,0.501729703051001,0.915864363509466,-6.36828374097999,"Human_vs_QC","limma_eBayes_BH"
"Q16822","PCK2",-0.138626179903088,24.793832502979,-0.688863147837669,0.501733853182016,0.915864363509466,-6.36828849422043,"Human_vs_QC","limma_eBayes_BH"
"Q7L2H7","EIF3M",0.073149127810936,26.7915292332196,0.688782567281853,0.501783099572606,0.915864363509466,-6.36834489213994,"Human_vs_QC","limma_eBayes_BH"
"P49411","TUFM",0.336784485406881,27.5571429848946,0.688582108292595,0.501905621320501,0.915864363509466,-6.36848516557946,"Human_vs_QC","limma_eBayes_BH"
"Q9NU22","MDN1",-0.137536201316099,26.3733729066741,-0.687676014180063,0.502459649874744,0.915864363509466,-6.36911873843445,"Human_vs_QC","limma_eBayes_BH"
"P49356","FNTB",0.505634819051206,22.298103369021,0.687622550982461,0.502492350957243,0.915864363509466,-6.3691560973869,"Human_vs_QC","limma_eBayes_BH"
"Q13442","PDAP1",0.329727999907039,26.6479583107634,0.68735568231744,0.502655601368891,0.915864363509466,-6.36934253891395,"Human_vs_QC","limma_eBayes_BH"
"Q9UHR6","ZNHIT2",0.116170106050042,23.2669839605521,0.686666483668018,0.503077345259702,0.915864363509466,-6.3698237179719,"Human_vs_QC","limma_eBayes_BH"
"P54819","AK2",0.220635312044667,27.546380853801,0.686619882610287,0.503105869478197,0.915864363509466,-6.36985623720583,"Human_vs_QC","limma_eBayes_BH"
"P62316","SNRPD2",0.311663592580107,28.023036709052,0.686385105112282,0.503249589698551,0.915864363509466,-6.37002003863569,"Human_vs_QC","limma_eBayes_BH"
"Q9BY44","EIF2A",-0.0461675364323426,26.2478030135138,-0.686048319111728,0.503455796799589,0.915864363509466,-6.37025491859073,"Human_vs_QC","limma_eBayes_BH"
"Q9Y5U8","MPC1",-0.450874646816683,22.3288697279585,-0.685964398675937,0.503507187223877,0.915864363509466,-6.37031342925036,"Human_vs_QC","limma_eBayes_BH"
"O00399","DCTN6",-0.26736284798266,23.8543955626502,-0.685432409451275,0.50383303312687,0.915864363509466,-6.37068418467705,"Human_vs_QC","limma_eBayes_BH"
"Q9NV96","CDC50A",-0.378616037325948,23.1775724268456,-0.685105162660041,0.504033534445863,0.915864363509466,-6.37091211662935,"Human_vs_QC","limma_eBayes_BH"
"Q02878","RPL6",0.43065967357478,28.3033352294169,0.685004378130173,0.504095293643064,0.915864363509466,-6.37098229392972,"Human_vs_QC","limma_eBayes_BH"
"Q12872","SFSWAP",-0.16888381055934,23.7975089347889,-0.684913395343254,0.504151050275451,0.915864363509466,-6.37104563787244,"Human_vs_QC","limma_eBayes_BH"
"P37837","TALDO1",0.343552449475954,28.1432274331024,0.684389384831126,0.504472247643576,0.915864363509466,-6.3714103105522,"Human_vs_QC","limma_eBayes_BH"
"P08758","ANXA5",0.207051146122701,25.6584891793043,0.683727884596939,0.504877891013968,0.915864363509466,-6.37187029264544,"Human_vs_QC","limma_eBayes_BH"
"P78417","GSTO1",0.371066469241839,27.7728768374037,0.683496892512184,0.505019584114397,0.915864363509466,-6.37203081760503,"Human_vs_QC","limma_eBayes_BH"
"O43395","PRPF3",-0.101855711288447,24.4878067517472,-0.683177017424487,0.505215837282703,0.915864363509466,-6.37225302675887,"Human_vs_QC","limma_eBayes_BH"
"P00338","LDHA",0.37751575825575,30.3385322483952,0.683117719744885,0.505252223106279,0.915864363509466,-6.37229420865501,"Human_vs_QC","limma_eBayes_BH"
"Q9HC21","SLC25A19",-0.308471777280296,22.4760394050657,-0.68287402273154,0.505401774771548,0.915864363509466,-6.37246341966281,"Human_vs_QC","limma_eBayes_BH"
"Q16718","NDUFA5",0.156335707970658,25.3772209386379,0.682451474231704,0.505661144868368,0.915864363509466,-6.37275668212494,"Human_vs_QC","limma_eBayes_BH"
"Q96M27","PRRC1",0.135882563304587,24.1539187603225,0.682367219578609,0.505712871597672,0.915864363509466,-6.37281513727028,"Human_vs_QC","limma_eBayes_BH"
"Q8WYN0","ATG4A",-0.388196429035506,21.7279081555051,-0.6822996364587,0.505754365345085,0.915864363509466,-6.37286202096353,"Human_vs_QC","limma_eBayes_BH"
"Q6KC79","NIPBL",-0.262231801884077,24.5925921510807,-0.682174102833867,0.505831443998756,0.915864363509466,-6.37294909447561,"Human_vs_QC","limma_eBayes_BH"
"P05161","ISG15",0.0695700256740395,24.4167251178468,0.681819427596022,0.506049254380875,0.915864363509466,-6.37319502567302,"Human_vs_QC","limma_eBayes_BH"
"P40925","MDH1",0.373236505417808,27.8262818799902,0.681531864065811,0.506225890693093,0.915864363509466,-6.37339433375387,"Human_vs_QC","limma_eBayes_BH"
"Q02543","RPL18A",0.281646909056867,27.8295845873372,0.681420630187576,0.5062942258802,0.915864363509466,-6.37347140797085,"Human_vs_QC","limma_eBayes_BH"
"P52272","HNRNPM",0.203821408383515,29.030456755859,0.681332413336306,0.506348424649527,0.915864363509466,-6.37353252525316,"Human_vs_QC","limma_eBayes_BH"
"P04181","OAT",0.16836022430126,26.9025019557925,0.681278965209388,0.506381263811781,0.915864363509466,-6.37356955090065,"Human_vs_QC","limma_eBayes_BH"
"O75352","MPDU1",-0.433708284632445,21.1907408985189,-0.680615285920411,0.506789139378179,0.915864363509466,-6.37402908122808,"Human_vs_QC","limma_eBayes_BH"
"P40818","USP8",-0.257738604420719,25.132579561882,-0.68054994941347,0.506829303377892,0.915864363509466,-6.37407429741036,"Human_vs_QC","limma_eBayes_BH"
"Q969H8","MYDGF",0.186028042837119,25.356379913301,0.680490077327104,0.506866109884502,0.915864363509466,-6.37411572836372,"Human_vs_QC","limma_eBayes_BH"
"Q01081","U2AF1",0.288965336714824,26.6889681832195,0.679779460588042,0.507303081803888,0.915864363509466,-6.37460720792377,"Human_vs_QC","limma_eBayes_BH"
"Q27J81","INF2",0.308526066903141,25.2461479421821,0.679747627089428,0.507322661953935,0.915864363509466,-6.37462921346973,"Human_vs_QC","limma_eBayes_BH"
"Q9UJW0","DCTN4",-0.496630056813949,22.8504240256289,-0.679481415602488,0.507486420509263,0.915864363509466,-6.37481319969419,"Human_vs_QC","limma_eBayes_BH"
"Q8N8N7","PTGR2",0.36425374817744,22.2960913784096,0.679400376021313,0.507536277661661,0.915864363509466,-6.37486919500776,"Human_vs_QC","limma_eBayes_BH"
"P62277","RPS13",0.371976851439388,28.1927114814946,0.679255663351599,0.507625314829108,0.915864363509466,-6.37496917046648,"Human_vs_QC","limma_eBayes_BH"
"P03928","MT-ATP8",0.625174432758705,22.2985155858788,0.678999139377274,0.507783168265037,0.915864363509466,-6.37514634224863,"Human_vs_QC","limma_eBayes_BH"
"P21333","FLNA",0.212058524157527,27.3984665448482,0.678878709970714,0.507857284986689,0.915864363509466,-6.37522949681945,"Human_vs_QC","limma_eBayes_BH"
"P48444","ARCN1",0.111818187031851,26.1758642676482,0.678688490314015,0.507974366003317,0.915864363509466,-6.37536081226492,"Human_vs_QC","limma_eBayes_BH"
"Q13895","BYSL",-0.0579142593586432,25.8966273279696,-0.678504179990494,0.508087824736549,0.915864363509466,-6.37548801537432,"Human_vs_QC","limma_eBayes_BH"
"A8MWD9","SNRPGP15",0.572022551633228,27.1804713725644,0.678384264018343,0.508161651144042,0.915864363509466,-6.37557075885977,"Human_vs_QC","limma_eBayes_BH"
"P61758","VBP1",0.177072251495535,25.7902938855684,0.678358321632475,0.50817762342263,0.915864363509466,-6.37558865761867,"Human_vs_QC","limma_eBayes_BH"
"Q9P0J7","KCMF1",-0.309994247635633,23.1243995230811,-0.678065949210174,0.508357652201507,0.915864363509466,-6.37579033345052,"Human_vs_QC","limma_eBayes_BH"
"Q8WYP5","AHCTF1",-0.179087250502842,22.7284900798124,-0.677857939395457,0.508485757084612,0.915864363509466,-6.37593376709149,"Human_vs_QC","limma_eBayes_BH"
"O75608","LYPLA1",0.394788913124721,25.5863261708288,0.677533963910851,0.508685317832927,0.915864363509466,-6.37615708293157,"Human_vs_QC","limma_eBayes_BH"
"Q9H4M9","EHD1",-0.0575933401596487,26.6985723159861,-0.677502106116273,0.508704943884061,0.915864363509466,-6.37617903705763,"Human_vs_QC","limma_eBayes_BH"
"Q6P6B7","ANKRD16",-0.644092258645838,20.9771181022235,-0.677492186108313,0.508711055212249,0.915864363509466,-6.37618587302387,"Human_vs_QC","limma_eBayes_BH"
"Q9BVM2","DPCD",0.550082267186536,20.4135763669609,0.676720712221824,0.509186460352939,0.915864363509466,-6.37671721505242,"Human_vs_QC","limma_eBayes_BH"
"Q9UM00","TMCO1",-0.416340711309232,21.4298081060708,-0.676174045910965,0.509523488100451,0.915864363509466,-6.37709338021611,"Human_vs_QC","limma_eBayes_BH"
"Q9BZK7","TBL1XR1",-0.0810487274443439,24.7514674429754,-0.675976507613984,0.509645305096835,0.915864363509466,-6.3772292376533,"Human_vs_QC","limma_eBayes_BH"
"Q96EY8","MMAB",-0.167701993028135,23.4056517921782,-0.675905368239774,0.509689179122804,0.915864363509466,-6.3772781548087,"Human_vs_QC","limma_eBayes_BH"
"P49736","MCM2",0.14539725290755,26.6812160523461,0.67587493090945,0.509707951507813,0.915864363509466,-6.37729908277845,"Human_vs_QC","limma_eBayes_BH"
"Q14137","BOP1",0.059789450957723,25.8961694513619,0.675697094585341,0.509817641003164,0.915864363509466,-6.37742134104631,"Human_vs_QC","limma_eBayes_BH"
"Q96C57","CUSTOS",-0.162808385223173,23.8950396203198,-0.675686031518102,0.509824465157468,0.915864363509466,-6.37742894564626,"Human_vs_QC","limma_eBayes_BH"
"Q9BXS6","NUSAP1",0.409088622362145,22.4179383858063,0.675638652482061,0.509853691090963,0.915864363509466,-6.37746151202137,"Human_vs_QC","limma_eBayes_BH"
"P41250","GARS1",0.19290886682683,26.7454841402169,0.675539783987018,0.50991468160966,0.915864363509466,-6.37752946320528,"Human_vs_QC","limma_eBayes_BH"
"Q9BY32","ITPA",0.058199750790294,26.7243386273058,0.67476701715498,0.510391535498601,0.915864363509466,-6.37806025554859,"Human_vs_QC","limma_eBayes_BH"
"Q9BQA1","WDR77",0.0952872741191371,26.1841722402563,0.674054498496771,0.510831440219247,0.915864363509466,-6.37854915995153,"Human_vs_QC","limma_eBayes_BH"
"Q86UY5","SACK1A",0.253693897346484,23.2604230265631,0.67352352192545,0.51115940436988,0.915864363509466,-6.37891318156967,"Human_vs_QC","limma_eBayes_BH"
"Q92785","DPF2",-0.066868947924867,24.9473160716775,-0.673321690276633,0.511284100039704,0.915864363509466,-6.37905148067984,"Human_vs_QC","limma_eBayes_BH"
"Q9NVG8","TBC1D13",-0.180318074208621,23.8602349163209,-0.672797474627175,0.511608053102403,0.915864363509466,-6.37941050205673,"Human_vs_QC","limma_eBayes_BH"
"P56556","NDUFA6",-0.0617489578982955,25.2472423439098,-0.67247559966364,0.511807023024984,0.915864363509466,-6.37963081561598,"Human_vs_QC","limma_eBayes_BH"
"P38606","ATP6V1A",-0.0466007043625396,25.9861745429443,-0.672425153971022,0.511838210533434,0.915864363509466,-6.37966533517813,"Human_vs_QC","limma_eBayes_BH"
"P26641","EEF1G",0.417083251271279,28.5693255761042,0.67232727776646,0.511898724574843,0.915864363509466,-6.37973230410608,"Human_vs_QC","limma_eBayes_BH"
"A6NCE7","MAP1LC3B2",0.128086507516354,25.1506429041229,0.672167234968533,0.511997683324834,0.915864363509466,-6.37984178899013,"Human_vs_QC","limma_eBayes_BH"
"Q53H47","SETMAR",0.538667321301418,21.3764221406133,0.671076534832472,0.512672386232075,0.915864363509466,-6.38058728260962,"Human_vs_QC","limma_eBayes_BH"
"Q96FF9","CDCA5",0.19754195926485,23.5470895546175,0.670934381747445,0.5127603593137,0.915864363509466,-6.38068436052524,"Human_vs_QC","limma_eBayes_BH"
"P06132","UROD",0.129743607308086,27.2337750681132,0.670928233255871,0.512764164575109,0.915864363509466,-6.38068855896253,"Human_vs_QC","limma_eBayes_BH"
"Q99832","CCT7",0.291320467686312,28.5384357561981,0.67068684962999,0.512913568188423,0.915864363509466,-6.38085335685866,"Human_vs_QC","limma_eBayes_BH"
"P18206","VCL",0.188097184600981,27.2817871042772,0.670195943715144,0.51321749016434,0.915864363509466,-6.38118833731195,"Human_vs_QC","limma_eBayes_BH"
"P28070","PSMB4",0.104456064676359,26.1853088895613,0.669691178203738,0.513530100784749,0.915864363509466,-6.38153253497636,"Human_vs_QC","limma_eBayes_BH"
"O75818","RPP40",-0.395731781756179,22.5620740560839,-0.669662655926992,0.51354776842956,0.915864363509466,-6.38155197693735,"Human_vs_QC","limma_eBayes_BH"
"Q6YP21","KYAT3",-0.156940474394823,24.6989942692527,-0.669316831951923,0.513762011111591,0.915864363509466,-6.38178764295102,"Human_vs_QC","limma_eBayes_BH"
"P02786","TFRC",0.330526044765275,29.7870619445578,0.669014154464165,0.513949566151448,0.915864363509466,-6.38199381242828,"Human_vs_QC","limma_eBayes_BH"
"P30419","NMT1",-0.0772629518755643,26.7960679209467,-0.668666478919418,0.514165052973204,0.915864363509466,-6.38223052433952,"Human_vs_QC","limma_eBayes_BH"
"Q08379","GOLGA2",-0.105921999932068,24.5087902308036,-0.668652562250262,0.514173679506806,0.915864363509466,-6.38223999697841,"Human_vs_QC","limma_eBayes_BH"
"P53602","MVD",0.0589185269459378,24.7003015763096,0.668629545297225,0.5141879472212,0.915864363509466,-6.38225566348782,"Human_vs_QC","limma_eBayes_BH"
"Q9Y4E5","ZNF451",-0.195735683015638,24.190626839562,-0.668586625745555,0.514214552736707,0.915864363509466,-6.38228487536549,"Human_vs_QC","limma_eBayes_BH"
"Q14653","IRF3",0.479305844080137,22.7667900638468,0.667427096611191,0.514933635844287,0.915864363509466,-6.38307340663166,"Human_vs_QC","limma_eBayes_BH"
"P23381","WARS1",0.216396021290112,27.9656991052413,0.667290096029916,0.515018635028951,0.915864363509466,-6.38316648815977,"Human_vs_QC","limma_eBayes_BH"
"P28074","PSMB5",0.216575654992951,27.1849398664906,0.667231556835715,0.515054956921698,0.915864363509466,-6.38320625563764,"Human_vs_QC","limma_eBayes_BH"
"Q96BJ3","AIDA",-0.2205521434588,22.9476275300807,-0.667046306120855,0.515169909376414,0.915864363509466,-6.3833320805531,"Human_vs_QC","limma_eBayes_BH"
"O75390","CS",0.147199050123536,27.0443707245576,0.666574303588203,0.515462864700747,0.915864363509466,-6.3836525229799,"Human_vs_QC","limma_eBayes_BH"
"Q02750","MAP2K1",0.141234573800464,25.6299733693708,0.666286769226556,0.515641373996199,0.915864363509466,-6.38384762552564,"Human_vs_QC","limma_eBayes_BH"
"Q15532","SS18",-0.195304092027925,24.582955314956,-0.666048561630531,0.515789286733632,0.915864363509466,-6.38400919814637,"Human_vs_QC","limma_eBayes_BH"
"P62269","RPS18",0.549405431370392,27.7321179986113,0.665953131495674,0.515848549995514,0.915864363509466,-6.38407391173434,"Human_vs_QC","limma_eBayes_BH"
"Q6P1X5","TAF2",0.659099153306311,21.773483432834,0.665595411548632,0.516070733147615,0.915864363509466,-6.38431641311432,"Human_vs_QC","limma_eBayes_BH"
"Q9NZW5","PALS2",-0.41251845152026,24.1276714058069,-0.66542038165169,0.516179465820911,0.915864363509466,-6.38443502274281,"Human_vs_QC","limma_eBayes_BH"
"Q06506","RRP9",0.493326388021281,22.463845200298,0.665111999805004,0.516371071806786,0.915864363509466,-6.38464392745116,"Human_vs_QC","limma_eBayes_BH"
"Q13418","ILK",0.210120322179872,22.7593509550842,0.664878601034523,0.516516115880516,0.915864363509466,-6.38480197644185,"Human_vs_QC","limma_eBayes_BH"
"P08754","GNAI3",0.10739428767182,24.6367834259137,0.664791189885927,0.516570442951887,0.915864363509466,-6.38486115460824,"Human_vs_QC","limma_eBayes_BH"
"P62072","TIMM10",0.119689859796217,25.1751454804568,0.664591856953006,0.516694342994165,0.915864363509466,-6.3849960775134,"Human_vs_QC","limma_eBayes_BH"
"P69891","HBG1",0.376334959427787,28.9907442531575,0.663895645796785,0.517127222869133,0.915864363509466,-6.38546702498581,"Human_vs_QC","limma_eBayes_BH"
"P62318","SNRPD3",0.27343078471208,27.4127217903017,0.663621876900639,0.517297499713607,0.915864363509466,-6.38565208703404,"Human_vs_QC","limma_eBayes_BH"
"P49023","PXN",-0.287599682465427,23.7253731810458,-0.66294276218281,0.517720029218803,0.915864363509466,-6.38611084453926,"Human_vs_QC","limma_eBayes_BH"
"Q9NRX4","PHPT1",-0.230567254488442,25.3159666421489,-0.662907546903248,0.517741944736811,0.915864363509466,-6.38613462121952,"Human_vs_QC","limma_eBayes_BH"
"O14578","CIT",0.894715744313299,20.8386022757866,0.66278892723167,0.517815769198322,0.915864363509466,-6.38621470220447,"Human_vs_QC","limma_eBayes_BH"
"Q96B49","TOMM6",-0.260130672650309,23.083248055631,-0.66278028749396,0.517821146484243,0.915864363509466,-6.38622053442639,"Human_vs_QC","limma_eBayes_BH"
"Q7KZ85","SUPT6H",-0.117865687523068,25.204026120357,-0.662700578567579,0.517870758025669,0.915864363509466,-6.38627433825997,"Human_vs_QC","limma_eBayes_BH"
"P62891","RPL39",-0.2080645627297,27.0713050236861,-0.662585289648514,0.517942519679276,0.915864363509466,-6.38635214795986,"Human_vs_QC","limma_eBayes_BH"
"O60566","BUB1B",-0.253277248696314,24.5939244832939,-0.662548850174366,0.517965202633622,0.915864363509466,-6.38637673869502,"Human_vs_QC","limma_eBayes_BH"
"P51553","IDH3G",-0.112610315680723,24.5320640660459,-0.662316455147557,0.518109877958965,0.915864363509466,-6.38653353772558,"Human_vs_QC","limma_eBayes_BH"
"Q13561","DCTN2",0.0624508456819406,26.1959694610456,0.661991030098534,0.518312507070447,0.915864363509466,-6.38675301801008,"Human_vs_QC","limma_eBayes_BH"
"P42766","RPL35",0.338126380056888,27.4010212670585,0.661894099203855,0.518372870801405,0.915864363509466,-6.38681837265619,"Human_vs_QC","limma_eBayes_BH"
"P08574","CYC1",0.073750551417664,26.2798652090996,0.661849981465252,0.518400346461113,0.915864363509466,-6.38684811560116,"Human_vs_QC","limma_eBayes_BH"
"Q92945","KHSRP",0.194335019426067,27.3661606625921,0.661451631171804,0.518648468870567,0.915864363509466,-6.38711658779009,"Human_vs_QC","limma_eBayes_BH"
"Q8TEB1","DCAF11",0.478252530741596,20.8883290333033,0.661449210502084,0.518649976852427,0.915864363509466,-6.38711821876006,"Human_vs_QC","limma_eBayes_BH"
"Q8IY22","CMIP",-0.180382788108915,23.5538833741251,-0.661152295749192,0.518834962041195,0.915864363509466,-6.38731822786122,"Human_vs_QC","limma_eBayes_BH"
"Q13200","PSMD2",0.165256509452657,27.0492544630091,0.660785016245588,0.519063838330418,0.915864363509466,-6.38756551951678,"Human_vs_QC","limma_eBayes_BH"
"P46063","RECQL",-0.054620821470909,24.6627039106461,-0.660759257752595,0.519079892323951,0.915864363509466,-6.38758285802516,"Human_vs_QC","limma_eBayes_BH"
"Q96SU4","OSBPL9",0.120986937971033,24.705144641347,0.660605310676883,0.519175845825504,0.915864363509466,-6.38768646933506,"Human_vs_QC","limma_eBayes_BH"
"P60866","RPS20",0.558816008122911,28.7792334275294,0.660352947510952,0.519333162885857,0.915864363509466,-6.38785626868934,"Human_vs_QC","limma_eBayes_BH"
"P18621","RPL17",0.24332764254947,28.0062150225862,0.660070493065416,0.519509270381387,0.915864363509466,-6.38804624218805,"Human_vs_QC","limma_eBayes_BH"
"Q02790","FKBP4",0.132336883955578,27.3603112030349,0.65981953347991,0.51966576973461,0.915864363509466,-6.38821496868657,"Human_vs_QC","limma_eBayes_BH"
"Q9BYD1","MRPL13",-0.140319848553577,23.6525197684386,-0.659783356973096,0.519688331759829,0.915864363509466,-6.38823928609172,"Human_vs_QC","limma_eBayes_BH"
"Q06265","EXOSC9",0.152914365461768,25.1102505152055,0.659702552463104,0.5197387287317,0.915864363509466,-6.38829359736388,"Human_vs_QC","limma_eBayes_BH"
"P39880","CUX1",-0.222799018412992,23.3674888738404,-0.659560889797054,0.51982708905986,0.915864363509466,-6.38838879822615,"Human_vs_QC","limma_eBayes_BH"
"P30307","CDC25C",-0.293062237665662,21.7298407617174,-0.659275567208347,0.520005081483907,0.915864363509466,-6.3885804837616,"Human_vs_QC","limma_eBayes_BH"
"P42224","STAT1",-0.120288393132437,24.8458585036329,-0.65918407486258,0.52006216439418,0.915864363509466,-6.38864193365999,"Human_vs_QC","limma_eBayes_BH"
"Q96GA7","SDSL",-0.243945536768852,22.1496086104044,-0.658640243904665,0.520401539217337,0.915864363509466,-6.38900702652839,"Human_vs_QC","limma_eBayes_BH"
"P61326","MAGOH",-0.148070316890443,23.0416380775936,-0.657928037387594,0.52084617872162,0.915864363509466,-6.3894847269434,"Human_vs_QC","limma_eBayes_BH"
"P51003","PAPOLA",0.09640170473061,23.6415215530778,0.657800920735791,0.520925561998627,0.915864363509466,-6.38956993711712,"Human_vs_QC","limma_eBayes_BH"
"Q15545","TAF7",-0.1961883936067,23.2716422369784,-0.657764907385859,0.520948053284326,0.915864363509466,-6.38959407514812,"Human_vs_QC","limma_eBayes_BH"
"P20073","ANXA7",0.14500084388499,25.9889951731356,0.657354979143623,0.521204103234072,0.915864363509466,-6.38986874283191,"Human_vs_QC","limma_eBayes_BH"
"P04075","ALDOA",0.468521438467132,30.3531075096196,0.657165436079058,0.521322520102209,0.915864363509466,-6.38999568947816,"Human_vs_QC","limma_eBayes_BH"
"P05388","RPLP0",0.547319180464115,28.2170324945246,0.656827191627886,0.521533876071208,0.915864363509466,-6.39022214339229,"Human_vs_QC","limma_eBayes_BH"
"Q9BWE0","REPIN1",-0.138565326369566,24.0513670680261,-0.65601086044476,0.522044170827988,0.915864363509466,-6.39076822319462,"Human_vs_QC","limma_eBayes_BH"
"P53999","SUB1",0.251290725271744,28.3214925886014,0.655375985880636,0.522441231836138,0.915864363509466,-6.39119247665507,"Human_vs_QC","limma_eBayes_BH"
"Q9H7Z7","PTGES2",0.0767844155631714,24.4218217283437,0.65521141791849,0.522544183347565,0.915864363509466,-6.39130238568541,"Human_vs_QC","limma_eBayes_BH"
"O75746","SLC25A12",-0.203167364084393,23.527213538975,-0.655018547989244,0.522664854857406,0.915864363509466,-6.39143116349968,"Human_vs_QC","limma_eBayes_BH"
"O00541","PES1",-0.0472105753183953,25.17231793823,-0.654784495247331,0.522811314170517,0.915864363509466,-6.39158739081654,"Human_vs_QC","limma_eBayes_BH"
"P02406","RPL28",0.382518040593421,28.1761840534099,0.654575407495777,0.522942171261275,0.915864363509466,-6.39172690984099,"Human_vs_QC","limma_eBayes_BH"
"P48637","GSS",-0.0594266756627135,25.6115721118643,-0.654423564023879,0.523037213805299,0.915864363509466,-6.39182820488527,"Human_vs_QC","limma_eBayes_BH"
"P46736","BRCC3",-0.231216561170626,23.9400473302736,-0.654335933227338,0.523092068526972,0.915864363509466,-6.39188665346935,"Human_vs_QC","limma_eBayes_BH"
"Q07020","RPL18",0.443695260887704,27.7741197129301,0.654204996764095,0.523174037614705,0.915864363509466,-6.39197397262421,"Human_vs_QC","limma_eBayes_BH"
"P62280","RPS11",0.384695488477934,27.8921195399442,0.653669915741807,0.523509085784348,0.915864363509466,-6.39233063738947,"Human_vs_QC","limma_eBayes_BH"
"P05023","ATP1A1",0.0952769055282587,26.0647695235637,0.653423677374386,0.523663312133137,0.915864363509466,-6.39249467820624,"Human_vs_QC","limma_eBayes_BH"
"Q13769","THOC5",-0.164108560362735,24.2930990447782,-0.65333502933899,0.523718841318876,0.915864363509466,-6.39255372012804,"Human_vs_QC","limma_eBayes_BH"
"P22570","FDXR",-0.103832732967977,25.0714921528068,-0.652751086767211,0.524084706748268,0.915864363509466,-6.39294245264689,"Human_vs_QC","limma_eBayes_BH"
"Q8NE71","ABCF1",0.110885450045814,25.8678607567291,0.65262383175905,0.524164456769266,0.915864363509466,-6.39302712327151,"Human_vs_QC","limma_eBayes_BH"
"P48047","ATP5PO",0.18126807436396,26.5388008909787,0.652581372077956,0.524191067550449,0.915864363509466,-6.39305537086194,"Human_vs_QC","limma_eBayes_BH"
"Q9NVI1","FANCI",-0.138581382287434,25.3732277524525,-0.652575697565268,0.524194623999157,0.915864363509466,-6.39305914587242,"Human_vs_QC","limma_eBayes_BH"
"P52948","NUP98",-0.0673374688101269,25.9868094554904,-0.652391926322262,0.524309808329628,0.915864363509466,-6.39318138429723,"Human_vs_QC","limma_eBayes_BH"
"P49848","TAF6",-0.221007995862443,22.8805912837997,-0.652236956439461,0.5244069516583,0.915864363509466,-6.39328443981893,"Human_vs_QC","limma_eBayes_BH"
"Q15365","PCBP1",0.275646184959975,28.843729968593,0.651790079089717,0.524687135131805,0.915864363509466,-6.39358148566622,"Human_vs_QC","limma_eBayes_BH"
"Q15814","TBCC",-0.148440716989253,24.0109489728489,-0.65177737386178,0.524695102303709,0.915864363509466,-6.39358992821063,"Human_vs_QC","limma_eBayes_BH"
"Q99643","SDHC",-0.379524594351693,23.1766537934489,-0.651682602042773,0.524754533810021,0.915864363509466,-6.39365289859833,"Human_vs_QC","limma_eBayes_BH"
"P53350","PLK1",-0.171914898083095,25.1240786288873,-0.651200252054212,0.525057075050284,0.915864363509466,-6.39397325852186,"Human_vs_QC","limma_eBayes_BH"
"P62380","TBPL1",0.178309624506159,22.8668302936391,0.651088388131649,0.525127252829656,0.915864363509466,-6.3940475226783,"Human_vs_QC","limma_eBayes_BH"
"Q7Z7E8","UBE2Q1",-0.287677089239445,23.6146618853559,-0.651033822054231,0.525161486758812,0.915864363509466,-6.39408374361138,"Human_vs_QC","limma_eBayes_BH"
"Q9H8G2","CAAP1",0.637480936949533,21.4231225994204,0.650102369880968,0.52574606045487,0.915864363509466,-6.39470159978646,"Human_vs_QC","limma_eBayes_BH"
"Q15102","PAFAH1B3",0.132024630306258,26.2487916109813,0.650093512192899,0.525751621251342,0.915864363509466,-6.39470747131648,"Human_vs_QC","limma_eBayes_BH"
"P20339","RAB5A",-0.349787573871875,23.2715974359159,-0.650033865875766,0.525789067670458,0.915864363509466,-6.39474700733837,"Human_vs_QC","limma_eBayes_BH"
"P57772","EEFSEC",-0.282284421720149,23.8589147788336,-0.649569666847598,0.526080546934886,0.915864363509466,-6.39505458060353,"Human_vs_QC","limma_eBayes_BH"
"Q13347","EIF3I",0.138939520638544,27.18468963603,0.64916953277935,0.526331871875597,0.915864363509466,-6.39531953889481,"Human_vs_QC","limma_eBayes_BH"
"Q9UHJ6","SHPK",-0.0943435059260729,23.5428174827994,-0.648985710328124,0.526447353827303,0.915864363509466,-6.39544120970646,"Human_vs_QC","limma_eBayes_BH"
"P43243","MATR3",0.126572554295855,27.9151356533063,0.648504734990315,0.526749582499226,0.915864363509466,-6.39575941025363,"Human_vs_QC","limma_eBayes_BH"
"P26196","DDX6",0.045797081628919,26.2269172134626,0.647987797090565,0.52707451801741,0.915864363509466,-6.39610115467221,"Human_vs_QC","limma_eBayes_BH"
"Q969Q0","RPL36AL",0.444372590077393,26.8565156809799,0.647866507750281,0.527150774144023,0.915864363509466,-6.39618130107805,"Human_vs_QC","limma_eBayes_BH"
"Q96P48","ARAP1",-0.255128960846339,23.9625543801177,-0.647739895429878,0.527230383535012,0.915864363509466,-6.39626494974684,"Human_vs_QC","limma_eBayes_BH"
"Q9Y3I0","RTCB",0.136868572884271,26.9758439393378,0.647675376219474,0.527270953562574,0.915864363509466,-6.39630756957449,"Human_vs_QC","limma_eBayes_BH"
"P82979","SARNP",0.269323791406844,27.1064750199998,0.647623720925559,0.52730343595941,0.915864363509466,-6.39634168892478,"Human_vs_QC","limma_eBayes_BH"
"Q9GZT9","EGLN1",-0.5754897351806,22.9139867124971,-0.647037567970493,0.52767210556779,0.915864363509466,-6.39672867483768,"Human_vs_QC","limma_eBayes_BH"
"P35998","PSMC2",0.258704112615916,26.7054383080524,0.646387645343073,0.528081053898496,0.915864363509466,-6.39715737595113,"Human_vs_QC","limma_eBayes_BH"
"P49591","SARS1",0.24544543457646,27.1850023434865,0.646253665963561,0.528165379427422,0.915864363509466,-6.39724570073469,"Human_vs_QC","limma_eBayes_BH"
"P36507","MAP2K2",0.0749358688284829,25.4844489165662,0.646133329128821,0.528241124916061,0.915864363509466,-6.39732501706288,"Human_vs_QC","limma_eBayes_BH"
"P09543","CNP",-0.102444524964337,24.1428603721906,-0.645979510957718,0.528337953992878,0.915864363509466,-6.39742638129863,"Human_vs_QC","limma_eBayes_BH"
"O95835","LATS1",-0.343796682378372,22.0489189800226,-0.645438831198271,0.528678393105832,0.915864363509466,-6.39778250178801,"Human_vs_QC","limma_eBayes_BH"
"P55084","HADHB",0.099712354636857,25.8594997842283,0.645424745302633,0.528687263942923,0.915864363509466,-6.39779177574938,"Human_vs_QC","limma_eBayes_BH"
"P42785","PRCP",-0.354958186797223,22.0017995323634,-0.645177099366293,0.528843236951709,0.915864363509466,-6.39795479126466,"Human_vs_QC","limma_eBayes_BH"
"P09874","PARP1",0.185172823074158,27.1159537058678,0.645177092095177,0.528843241531602,0.915864363509466,-6.39795479605008,"Human_vs_QC","limma_eBayes_BH"
"P62899","RPL31",0.475302279135526,28.0400832797181,0.64510985561528,0.528885593056407,0.915864363509466,-6.39799904497486,"Human_vs_QC","limma_eBayes_BH"
"P16403","H1-2",0.461658115790417,27.5647893275882,0.645105701947992,0.528888209468692,0.915864363509466,-6.39800177839752,"Human_vs_QC","limma_eBayes_BH"
"Q9Y587","AP4S1",-0.4974182169444,20.6774268738937,-0.644906465074961,0.529013718156634,0.915864363509466,-6.39813287160927,"Human_vs_QC","limma_eBayes_BH"
"Q03426","MVK",-0.20835187622087,23.3708269357838,-0.644757797876942,0.529107381541692,0.915864363509466,-6.39823066626528,"Human_vs_QC","limma_eBayes_BH"
"Q9H7D7","WDR26",0.0766536549975569,24.2320429100002,0.644544669484647,0.529241673074213,0.915864363509466,-6.39837082698148,"Human_vs_QC","limma_eBayes_BH"
"P54577","YARS1",0.300175042407382,27.0180330247317,0.644481302512881,0.529281604101685,0.915864363509466,-6.3984124908955,"Human_vs_QC","limma_eBayes_BH"
"Q8NHG7","SVIP",-0.490330285524411,22.1171282054325,-0.644427745828633,0.529315354446584,0.915864363509466,-6.39844770151151,"Human_vs_QC","limma_eBayes_BH"
"Q9H0W8","SMG9",0.258290420210901,22.7239088749911,0.643520871963036,0.529887031831311,0.915864363509466,-6.39904350267509,"Human_vs_QC","limma_eBayes_BH"
"P62701","RPS4X",0.3248655792653,27.8640834581798,0.643263944815073,0.530049057251712,0.915864363509466,-6.39921215563265,"Human_vs_QC","limma_eBayes_BH"
"P35237","SERPINB6",0.11668761926952,26.4144625724134,0.642710029383324,0.530398466425246,0.915864363509466,-6.39957554236986,"Human_vs_QC","limma_eBayes_BH"
"Q9BVV7","TIMM21",0.227554528401612,23.0710956911429,0.642464550718496,0.530553355413509,0.915864363509466,-6.39973648995917,"Human_vs_QC","limma_eBayes_BH"
"P23246","SFPQ",0.129810483521482,28.8343516321172,0.642007575475959,0.530841759422872,0.915864363509466,-6.40003595027057,"Human_vs_QC","limma_eBayes_BH"
"Q8N6R0","METTL13",-0.116075551133328,24.2281363723096,-0.642001915166712,0.530845332281407,0.915864363509466,-6.40003965826504,"Human_vs_QC","limma_eBayes_BH"
"O75600","GCAT",-0.266058694089249,24.2177738576636,-0.641549805438768,0.531130753214816,0.915864363509466,-6.40033572975057,"Human_vs_QC","limma_eBayes_BH"
"Q9P0U4","CXXC1",-0.243512258074613,24.2406423692812,-0.640938153134874,0.531517031762838,0.915864363509466,-6.40073596691477,"Human_vs_QC","limma_eBayes_BH"
"Q9UBQ0","VPS29",0.10108980274801,25.5780926050334,0.640779832504422,0.531617042098658,0.915864363509466,-6.40083950593792,"Human_vs_QC","limma_eBayes_BH"
"P55209","NAP1L1",0.193050845226345,28.8168255661159,0.640214287243401,0.531974380268344,0.915864363509466,-6.40120916577392,"Human_vs_QC","limma_eBayes_BH"
"Q29RF7","PDS5A",-0.134622172292364,25.1787532051487,-0.640010503799259,0.532103173227933,0.915864363509466,-6.40134229010491,"Human_vs_QC","limma_eBayes_BH"
"Q8IZ07","ANKRD13A",-0.43537847394138,22.0013101487172,-0.639619819396763,0.532350138088982,0.915864363509466,-6.40159739813787,"Human_vs_QC","limma_eBayes_BH"
"Q14157","UBAP2L",-0.0815664527215496,27.5921052465972,-0.639617080805405,0.532351869471922,0.915864363509466,-6.40159918585657,"Human_vs_QC","limma_eBayes_BH"
"P68371","TUBB4B",0.401306616869995,28.2822560250271,0.639524722241349,0.532410261935875,0.915864363509466,-6.40165947215646,"Human_vs_QC","limma_eBayes_BH"
"P20645","M6PR",0.0570838335162165,24.8400178104119,0.639410757577183,0.532482319508305,0.915864363509466,-6.40173385033036,"Human_vs_QC","limma_eBayes_BH"
"Q12906","ILF3",0.253222989519216,27.5117027911881,0.639088450085031,0.532686137619613,0.915864363509466,-6.40194413410292,"Human_vs_QC","limma_eBayes_BH"
"P33552","CKS2",-0.363892413424107,23.5554624217454,-0.638795409000715,0.532871486366682,0.915864363509466,-6.4021352366186,"Human_vs_QC","limma_eBayes_BH"
"O60830","TIMM17B",-0.327113500923232,22.6251607931692,-0.638504533667838,0.533055500946112,0.915864363509466,-6.40232484490185,"Human_vs_QC","limma_eBayes_BH"
"P25815","S100P",-0.136354665597604,24.1555080882559,-0.638499401028193,0.533058748293754,0.915864363509466,-6.40232818990177,"Human_vs_QC","limma_eBayes_BH"
"Q9Y5M8","SRPRB",0.242042413959883,23.1305118960336,0.638453693500072,0.533087667280537,0.915864363509466,-6.40235797690004,"Human_vs_QC","limma_eBayes_BH"
"O43615","TIMM44",0.114201698652572,26.2857876094626,0.638379278002438,0.533134751572084,0.915864363509466,-6.40240646819744,"Human_vs_QC","limma_eBayes_BH"
"P40429","RPL13A",0.438761192748505,27.978012757439,0.63809704244722,0.533313349232308,0.915864363509466,-6.40259033254839,"Human_vs_QC","limma_eBayes_BH"
"Q8IWA0","WDR75",-0.0936767218386514,25.5147718843576,-0.637405309233772,0.533751216963748,0.915864363509466,-6.40304064222956,"Human_vs_QC","limma_eBayes_BH"
"Q9H1I8","ASCC2",-0.395353288224179,21.6476925764066,-0.637363376172863,0.533777767083305,0.915864363509466,-6.40306792529462,"Human_vs_QC","limma_eBayes_BH"
"P26373","RPL13",0.428046531681282,28.1260923970424,0.636392404608461,0.534392748672827,0.915864363509466,-6.40369919789135,"Human_vs_QC","limma_eBayes_BH"
"Q8NBF6","AVL9",-0.113414529480508,23.0005519342879,-0.635920310433962,0.534691900481715,0.915864363509466,-6.40400579912445,"Human_vs_QC","limma_eBayes_BH"
"Q9UPT8","ZC3H4",-0.208366762452759,24.4306979126378,-0.635174709044097,0.535164555766683,0.915864363509466,-6.40448959145414,"Human_vs_QC","limma_eBayes_BH"
"Q13576","IQGAP2",-0.412641792304939,24.8944645834348,-0.634205836674724,0.53577909589903,0.915864363509466,-6.40511745435021,"Human_vs_QC","limma_eBayes_BH"
"O60870","KIN",-0.61295230994082,21.9425918876145,-0.634165695165838,0.535804565488079,0.915864363509466,-6.40514344789468,"Human_vs_QC","limma_eBayes_BH"
"Q15435","PPP1R7",-0.106628681099451,25.579683117351,-0.633759235938405,0.536062499835218,0.915864363509466,-6.40540656205195,"Human_vs_QC","limma_eBayes_BH"
"P52739","ZBTB35",-0.580770123986682,21.8284574182325,-0.633676404071751,0.536115072461891,0.915864363509466,-6.40546016222766,"Human_vs_QC","limma_eBayes_BH"
"Q86UE8","TLK2",-0.338797901241943,23.7271909078683,-0.633587005394663,0.536171816203118,0.915864363509466,-6.40551800432885,"Human_vs_QC","limma_eBayes_BH"
"Q96GX9","APIP",0.0700583624519666,24.906717304868,0.632843963493163,0.536643574180576,0.915864363509466,-6.40599846348278,"Human_vs_QC","limma_eBayes_BH"
"Q92547","TOPBP1",0.820638430462569,25.7834874038367,0.632539724851153,0.53683680216891,0.915864363509466,-6.40619503375336,"Human_vs_QC","limma_eBayes_BH"
"Q15907","RAB11B",0.21307768988758,26.4169317966986,0.6322386234104,0.537028075741973,0.915864363509466,-6.40638948905891,"Human_vs_QC","limma_eBayes_BH"
"P33991","MCM4",0.151425069876513,27.2582058848691,0.631999364478634,0.537180091097412,0.915864363509466,-6.40654394322585,"Human_vs_QC","limma_eBayes_BH"
"Q8WXX5","DNAJC9",0.101310258869923,26.0377073420739,0.631780905684723,0.537318911777742,0.915864363509466,-6.40668492153025,"Human_vs_QC","limma_eBayes_BH"
"O60664","PLIN3",0.102309305906502,26.2615240218937,0.631741873752288,0.537343716903674,0.915864363509466,-6.40671010520584,"Human_vs_QC","limma_eBayes_BH"
"Q9HC35","EML4",-0.169976776212728,24.1399434071862,-0.631582649293899,0.537444911995914,0.915864363509466,-6.40681282269467,"Human_vs_QC","limma_eBayes_BH"
"P62312","LSM6",0.179017799979558,25.1780125385906,0.631331826329053,0.537604343983441,0.915864363509466,-6.40697458174017,"Human_vs_QC","limma_eBayes_BH"
"Q04837","SSBP1",0.152037246589867,26.8678086387136,0.631040266679833,0.537789702662134,0.915864363509466,-6.40716253603662,"Human_vs_QC","limma_eBayes_BH"
"Q13439","GOLGA4",0.38155550795026,23.342591050887,0.630863061095419,0.537902378223503,0.915864363509466,-6.40727673171889,"Human_vs_QC","limma_eBayes_BH"
"Q08257","CRYZ",0.144260874580844,28.4234406748676,0.630619837539874,0.538057052420143,0.915864363509466,-6.40743342162853,"Human_vs_QC","limma_eBayes_BH"
"Q6P2C8","MED27",-0.443644984515721,22.2479656382729,-0.630092532698208,0.538392468394279,0.915864363509466,-6.40777292661441,"Human_vs_QC","limma_eBayes_BH"
"P11474","ESRRA",-0.333768794898244,21.6201791448901,-0.630018892580171,0.538439319733801,0.915864363509466,-6.4078203183922,"Human_vs_QC","limma_eBayes_BH"
"Q9Y4W6","AFG3L2",-0.0728191973991805,24.8727683916102,-0.629813845191178,0.538569786963353,0.915864363509466,-6.40795225092372,"Human_vs_QC","limma_eBayes_BH"
"P13807","GYS1",0.435172587378595,22.0996749174681,0.629621477498467,0.538692202312586,0.915864363509466,-6.40807598808943,"Human_vs_QC","limma_eBayes_BH"
"P30050","RPL12",0.491932353346979,29.1540766761778,0.629545500517276,0.538740555370375,0.915864363509466,-6.40812484910737,"Human_vs_QC","limma_eBayes_BH"
"Q13547","HDAC1",0.0671915271429242,26.2913364401703,0.628950418137837,0.539119359247912,0.915864363509466,-6.40850735535378,"Human_vs_QC","limma_eBayes_BH"
"Q6PJT7","ZC3H14",-0.102549559809304,24.3100316446169,-0.628888982326871,0.539158475048948,0.915864363509466,-6.40854682549005,"Human_vs_QC","limma_eBayes_BH"
"Q8N1G0","ZNF687",-0.324870648301843,22.9505941237405,-0.628197621046959,0.539598768891536,0.915864363509466,-6.4089907468785,"Human_vs_QC","limma_eBayes_BH"
"P38919","EIF4A3",0.0932016779220355,27.2600117838602,0.627572563505727,0.539997008455449,0.915864363509466,-6.4093916970701,"Human_vs_QC","limma_eBayes_BH"
"Q9H9P8","L2HGDH",-0.494905176477104,22.5068389202572,-0.627489446466247,0.540049976618465,0.915864363509466,-6.40944498497532,"Human_vs_QC","limma_eBayes_BH"
"Q13148","TARDBP",0.0898122695820476,26.647875550345,0.627164116056095,0.540257328227245,0.915864363509466,-6.40965349620823,"Human_vs_QC","limma_eBayes_BH"
"Q9NR31","SAR1A",-0.0543411976195181,25.9544541212801,-0.626925302311069,0.540409565857575,0.915864363509466,-6.40980649191751,"Human_vs_QC","limma_eBayes_BH"
"P49005","POLD2",-0.120987890567921,24.6521860521574,-0.626868095556221,0.54044603721651,0.915864363509466,-6.40984313316112,"Human_vs_QC","limma_eBayes_BH"
"P40692","MLH1",-0.201881105130603,23.8363036637935,-0.626865863092161,0.540447460520048,0.915864363509466,-6.40984456300257,"Human_vs_QC","limma_eBayes_BH"
"Q9Y5J7","TIMM9",0.269489801649357,25.6365053303056,0.625608153784826,0.541249640264787,0.915864363509466,-6.41064933032951,"Human_vs_QC","limma_eBayes_BH"
"P11586","MTHFD1",0.0539399596620243,26.8624163368655,0.625540113088204,0.541293056053806,0.915864363509466,-6.410692823734,"Human_vs_QC","limma_eBayes_BH"
"Q9H078","CLPB",-0.144658701491782,24.3513793593874,-0.625025916193265,0.541621219864288,0.915864363509466,-6.41102136710784,"Human_vs_QC","limma_eBayes_BH"
"O60313","OPA1",-0.131539054354182,24.8606965484962,-0.624798151722152,0.541766615721516,0.915864363509466,-6.41116681425589,"Human_vs_QC","limma_eBayes_BH"
"O95376","ARIH2",-0.356429771714371,24.1372968175756,-0.624325627327235,0.54206832534233,0.915864363509466,-6.41146840151371,"Human_vs_QC","limma_eBayes_BH"
"Q92841","DDX17",0.127822446417952,26.8300078391313,0.623989155785544,0.542283220891123,0.915864363509466,-6.41168302174661,"Human_vs_QC","limma_eBayes_BH"
"Q15650","TRIP4",-0.175653221765501,23.2816514413527,-0.623764843224685,0.542426509532986,0.915864363509466,-6.41182603988455,"Human_vs_QC","limma_eBayes_BH"
"Q9Y3D6","FIS1",0.103058397013505,25.2429287513432,0.623127697207088,0.542833625909528,0.915864363509466,-6.41223200847651,"Human_vs_QC","limma_eBayes_BH"
"A0FGR8","ESYT2",-0.247369834919596,23.153636052693,-0.623027793989099,0.542897476205077,0.915864363509466,-6.41229562790046,"Human_vs_QC","limma_eBayes_BH"
"P05787","KRT8",0.176700849129205,27.7660356761256,0.622593500590653,0.543175090533891,0.915864363509466,-6.41257207822766,"Human_vs_QC","limma_eBayes_BH"
"Q96JH7","VCPIP1",-0.324477969126097,23.6501039198416,-0.622420744931514,0.543285543243257,0.915864363509466,-6.41268199542246,"Human_vs_QC","limma_eBayes_BH"
"Q7Z7K0","CMC1",-0.198428447511596,23.2908552080146,-0.622290616601469,0.54336874999372,0.915864363509466,-6.4127647715522,"Human_vs_QC","limma_eBayes_BH"
"Q9Y5J9","TIMM8B",0.129989650431082,25.2027701164716,0.622066607433469,0.543512002527007,0.915864363509466,-6.41290722795976,"Human_vs_QC","limma_eBayes_BH"
"P63151","PPP2R2A",0.0869409088585051,25.4068355379078,0.6216207355901,0.543797196768903,0.915864363509466,-6.41319063112903,"Human_vs_QC","limma_eBayes_BH"
"Q53F19","NCBP3",0.102848985975314,23.4594101642594,0.621085235599239,0.544139828887229,0.915864363509466,-6.41353074890414,"Human_vs_QC","limma_eBayes_BH"
"Q13136","PPFIA1",-0.226577936230964,22.6425755432024,-0.620782854038167,0.54433335588758,0.915864363509466,-6.41372268101494,"Human_vs_QC","limma_eBayes_BH"
"Q15418","RPS6KA1",-0.105315850274351,25.4197888238948,-0.620501553839466,0.544513424581762,0.915864363509466,-6.41390115253411,"Human_vs_QC","limma_eBayes_BH"
"Q969X6","UTP4",-0.0881210496308462,24.3787489424266,-0.620293736430851,0.544646475757876,0.915864363509466,-6.41403295350755,"Human_vs_QC","limma_eBayes_BH"
"Q9NUD5","ZCCHC3",0.236433065776986,23.2204830119115,0.619814165159722,0.544953580368723,0.915864363509466,-6.41433694525624,"Human_vs_QC","limma_eBayes_BH"
"P43686","PSMC4",0.0853966109497009,26.627698444812,0.619183429133323,0.545357631565511,0.915864363509466,-6.41473641842242,"Human_vs_QC","limma_eBayes_BH"
"P61254","RPL26",0.273198363473053,27.280002392123,0.618942035899267,0.545512312209639,0.915864363509466,-6.41488920149327,"Human_vs_QC","limma_eBayes_BH"
"Q8N6N3","C1orf52",0.238362482620452,22.9481851207248,0.618918266539353,0.545527544509407,0.915864363509466,-6.41490424258855,"Human_vs_QC","limma_eBayes_BH"
"Q9BTU6","PI4K2A",0.299500208588618,22.0147218863497,0.618643222336998,0.545703820148495,0.915864363509466,-6.41507824893555,"Human_vs_QC","limma_eBayes_BH"
"O75607","NPM3",0.0961130589630379,25.8901321987154,0.618417282456124,0.545848648230494,0.915864363509466,-6.41522113465045,"Human_vs_QC","limma_eBayes_BH"
"P46782","RPS5",0.318382765156588,28.2385151789503,0.618309901133966,0.545917487339917,0.915864363509466,-6.41528902588809,"Human_vs_QC","limma_eBayes_BH"
"Q9H4A5","GOLPH3L",-0.696944294826103,23.4053469767524,-0.618287548501993,0.545931817574603,0.915864363509466,-6.41530315680878,"Human_vs_QC","limma_eBayes_BH"
"Q14247","CTTN",0.11113835829617,25.9310409162542,0.617313753823189,0.546556315844841,0.915864363509466,-6.41591830167155,"Human_vs_QC","limma_eBayes_BH"
"Q99623","PHB2",0.279110900313039,27.560128661727,0.617313131202807,0.546556715258822,0.915864363509466,-6.415918694686,"Human_vs_QC","limma_eBayes_BH"
"P62191","PSMC1",0.181699782969201,26.6688197264977,0.616620250422198,0.547001300688642,0.915864363509466,-6.41635582642065,"Human_vs_QC","limma_eBayes_BH"
"P80303","NUCB2",-0.209796446914378,23.7116322492534,-0.616390164391319,0.547148978653021,0.915864363509466,-6.41650088250362,"Human_vs_QC","limma_eBayes_BH"
"P08648","ITGA5",0.426106380882242,23.3608819959489,0.616386528847118,0.547151312258621,0.915864363509466,-6.41650317409434,"Human_vs_QC","limma_eBayes_BH"
"Q9NS86","LANCL2",-0.150369466024554,24.2110731628881,-0.616372620385568,0.547160239958227,0.915864363509466,-6.4165119408895,"Human_vs_QC","limma_eBayes_BH"
"O15212","PFDN6",0.244830900298016,26.4256349524645,0.616265196337822,0.547229197044085,0.915864363509466,-6.41657964620134,"Human_vs_QC","limma_eBayes_BH"
"P22234","PAICS",0.370563300527479,27.7945911890377,0.615830728345543,0.547508136974302,0.915864363509466,-6.41685336077815,"Human_vs_QC","limma_eBayes_BH"
"Q9Y383","LUC7L2",0.193161764717981,27.3099607873706,0.615707822526707,0.547587059865661,0.915864363509466,-6.41693075815297,"Human_vs_QC","limma_eBayes_BH"
"P50454","SERPINH1",0.11384316221428,26.8939055727416,0.615002417133236,0.548040150028024,0.915864363509466,-6.4173746891237,"Human_vs_QC","limma_eBayes_BH"
"Q9BUR4","WRAP53",0.446607570097079,21.2983329647147,0.614883494861891,0.548116555374346,0.915864363509466,-6.41744948262795,"Human_vs_QC","limma_eBayes_BH"
"P67870","CSNK2B",0.142850006463991,26.3772640232652,0.614822702145566,0.54815561581126,0.915864363509466,-6.41748771154883,"Human_vs_QC","limma_eBayes_BH"
"Q4G0N4","NADK2",-0.280574649480439,22.8905481097295,-0.614771789133689,0.548188329526701,0.915864363509466,-6.41751972495307,"Human_vs_QC","limma_eBayes_BH"
"P49588","AARS1",0.0856830182531532,27.2100298076441,0.61456436536674,0.548321618897833,0.915864363509466,-6.41765012418389,"Human_vs_QC","limma_eBayes_BH"
"Q03252","LMNB2",0.082365986982488,25.4911640003809,0.614341294529245,0.548464982743187,0.915864363509466,-6.41779031353563,"Human_vs_QC","limma_eBayes_BH"
"P51159","RAB27A",0.16881735064327,24.0656009368703,0.61392461237757,0.548732832115854,0.915864363509466,-6.41805204902073,"Human_vs_QC","limma_eBayes_BH"
"Q8WUK0","PTPMT1",-0.569828480719902,20.6934262721268,-0.613782258316465,0.548824355746557,0.915864363509466,-6.41814142895176,"Human_vs_QC","limma_eBayes_BH"
"Q7L2E3","DHX30",-0.0505844190717681,26.6906980541209,-0.613447091987237,0.549039876975389,0.915864363509466,-6.41835179238694,"Human_vs_QC","limma_eBayes_BH"
"Q9Y3A6","TMED5",-0.388266429254433,22.0651331078029,-0.612687578482322,0.549528436009523,0.915864363509466,-6.41882808919739,"Human_vs_QC","limma_eBayes_BH"
"Q14258","TRIM25",-0.0907771284760379,24.7233491951556,-0.612527249887529,0.549631598083297,0.915864363509466,-6.41892856093517,"Human_vs_QC","limma_eBayes_BH"
"Q9H9B4","SFXN1",0.16990587474239,25.6884654388213,0.612420976195251,0.549699984805944,0.915864363509466,-6.41899514480281,"Human_vs_QC","limma_eBayes_BH"
"Q96NW4","ANKRD27",-0.294760959169132,22.2562538410784,-0.611696422317375,0.550166356069495,0.915864363509466,-6.41944880880518,"Human_vs_QC","limma_eBayes_BH"
"P26358","DNMT1",-0.139301947093884,24.3672783464414,-0.610771871361507,0.55076177158887,0.915864363509466,-6.42002695658968,"Human_vs_QC","limma_eBayes_BH"
"Q9UHR4","BAIAP2L1",0.18534564650481,23.7223632589495,0.610622129840096,0.550858238873173,0.915864363509466,-6.42012051608349,"Human_vs_QC","limma_eBayes_BH"
"O15357","INPPL1",-0.285626209143867,22.6793138474832,-0.610533944252996,0.550915054564435,0.915864363509466,-6.42017560483422,"Human_vs_QC","limma_eBayes_BH"
"P17174","GOT1",0.173676402023862,26.1385511438712,0.609772929721998,0.55140548894421,0.915864363509466,-6.4206506900127,"Human_vs_QC","limma_eBayes_BH"
"O75179","ANKRD17",-0.11176984783171,23.7139409636581,-0.609535797692181,0.551558356714934,0.915864363509466,-6.42079861154489,"Human_vs_QC","limma_eBayes_BH"
"P22695","UQCRC2",0.147803811949625,26.5612742953345,0.608893270429428,0.551972679272665,0.915864363509466,-6.42119914165572,"Human_vs_QC","limma_eBayes_BH"
"Q13045","FLII",-0.153392052714093,23.7562893681963,-0.608798499197738,0.552033805157913,0.915864363509466,-6.42125818494564,"Human_vs_QC","limma_eBayes_BH"
"Q13287","NMI",0.226786757657784,23.0327080436833,0.608561829367084,0.552186469354303,0.915864363509466,-6.42140559417291,"Human_vs_QC","limma_eBayes_BH"
"P30048","PRDX3",0.276436580251765,26.6504992608983,0.60800557711816,0.552545370842188,0.915864363509466,-6.4217518402492,"Human_vs_QC","limma_eBayes_BH"
"P62888","RPL30",0.325774760324066,28.3907423827226,0.607844865410748,0.552649087775005,0.915864363509466,-6.42185182125086,"Human_vs_QC","limma_eBayes_BH"
"Q9P287","BCCIP",0.0513094447462841,26.6045258294183,0.607808977522286,0.552672249830772,0.915864363509466,-6.4218741441801,"Human_vs_QC","limma_eBayes_BH"
"Q96JM3","CHAMP1",-0.18670734678971,23.9638707240197,-0.607764087061363,0.552701222891223,0.915864363509466,-6.42190206511364,"Human_vs_QC","limma_eBayes_BH"
"P16152","CBR1",0.0844470180251697,25.1406336020049,0.607383093819805,0.552947155518351,0.915864363509466,-6.42213895614423,"Human_vs_QC","limma_eBayes_BH"
"O43583","DENR",-0.0496896863652765,26.1315424352527,-0.607150911879295,0.55309705896183,0.915864363509466,-6.42228325125087,"Human_vs_QC","limma_eBayes_BH"
"Q04446","GBE1",-0.137155420594958,23.3936543100229,-0.606651405951507,0.553419629241532,0.915864363509466,-6.42259350371865,"Human_vs_QC","limma_eBayes_BH"
"Q99707","MTR",0.152913946448123,23.8971983194972,0.606630615847662,0.553433057256572,0.915864363509466,-6.42260641158334,"Human_vs_QC","limma_eBayes_BH"
"Q9UKT5","FBXO4",-0.407689038521944,21.9171419814351,-0.60649432679329,0.553521088676056,0.915864363509466,-6.42269101839205,"Human_vs_QC","limma_eBayes_BH"
"Q06830","PRDX1",0.460837114561198,29.4578008438547,0.606035261389398,0.553817662628326,0.915864363509466,-6.4229758685077,"Human_vs_QC","limma_eBayes_BH"
"P01008","SERPINC1",-0.133424595753084,25.2019937106188,-0.605831961537652,0.553949029655596,0.915864363509466,-6.42310195062054,"Human_vs_QC","limma_eBayes_BH"
"Q96NC0","ZMAT2",-0.319142260573702,24.1716813289669,-0.605827252553153,0.553952072677638,0.915864363509466,-6.42310487055335,"Human_vs_QC","limma_eBayes_BH"
"Q99757","TXN2",0.0901082455960598,24.8148297151805,0.60539927433564,0.554228676912644,0.915864363509466,-6.42337015995812,"Human_vs_QC","limma_eBayes_BH"
"Q9NUL3","STAU2",-0.262206669629823,23.5298420544854,-0.605350215052553,0.554260388920512,0.915864363509466,-6.42340055879107,"Human_vs_QC","limma_eBayes_BH"
"P49757","NUMB",-0.33004896105345,23.6483626875269,-0.605085580664368,0.554431465989665,0.915864363509466,-6.42356449507138,"Human_vs_QC","limma_eBayes_BH"
"P31146","CORO1A",-0.170799511736252,24.7700486612489,-0.604932293788355,0.554530573768262,0.915864363509466,-6.42365942240599,"Human_vs_QC","limma_eBayes_BH"
"Q9Y678","COPG1",-0.0729524223055265,25.4882242965458,-0.604337483566157,0.554915239601076,0.915864363509466,-6.42402755946986,"Human_vs_QC","limma_eBayes_BH"
"Q9BXP5","SRRT",0.136604776487626,26.4801398728631,0.603799001774419,0.555263601989821,0.915864363509466,-6.4243605372274,"Human_vs_QC","limma_eBayes_BH"
"O00151","PDLIM1",0.105396332535143,26.3099181644271,0.603516254916864,0.555446567947666,0.915864363509466,-6.42453526476743,"Human_vs_QC","limma_eBayes_BH"
"P30085","CMPK1",0.103252051573694,26.7804549732081,0.603494483549293,0.555460657585463,0.915864363509466,-6.42454871547634,"Human_vs_QC","limma_eBayes_BH"
"Q9P258","RCC2",0.25182849722578,27.7371706909478,0.602945909152208,0.555815738686905,0.915864363509466,-6.42488748155851,"Human_vs_QC","limma_eBayes_BH"
"O60573","EIF4E2",-0.337890618462762,23.284107135634,-0.602585276344207,0.556049235728931,0.915864363509466,-6.42511002686354,"Human_vs_QC","limma_eBayes_BH"
"Q9H1A4","ANAPC1",-0.159324159027662,24.7534065895435,-0.602541425630681,0.556077631129967,0.915864363509466,-6.42513707836325,"Human_vs_QC","limma_eBayes_BH"
"Q14997","PSME4",-0.106466924523929,24.5298501878,-0.601563516250042,0.556711076670376,0.915864363509466,-6.42573986434231,"Human_vs_QC","limma_eBayes_BH"
"Q7Z5L9","IRF2BP2",-0.188027839538343,25.0768744838801,-0.601356683370068,0.556845103481346,0.915864363509466,-6.42586723743905,"Human_vs_QC","limma_eBayes_BH"
"O43768","ENSA",0.194504951213922,26.2271460996794,0.601094448953608,0.557015055240303,0.915864363509466,-6.42602866838413,"Human_vs_QC","limma_eBayes_BH"
"Q8WXA9","SREK1",-0.122412705114527,24.2919144431722,-0.600545421285229,0.557370965585476,0.915864363509466,-6.42636643184389,"Human_vs_QC","limma_eBayes_BH"
"P10768","ESD",0.178182703238779,27.0395758579562,0.600458112938136,0.557427575005063,0.915864363509466,-6.42642011715543,"Human_vs_QC","limma_eBayes_BH"
"Q9NVI7","ATAD3A",0.102050250308203,25.7820009400163,0.600205371148274,0.557591466428236,0.915864363509466,-6.42657548453182,"Human_vs_QC","limma_eBayes_BH"
"Q9NYP9","MIS18A",0.0627725131203078,24.2663435652648,0.600090099407936,0.557666223458892,0.915864363509466,-6.4266463246102,"Human_vs_QC","limma_eBayes_BH"
"Q9Y3U8","RPL36",0.381425422685357,27.4005915086505,0.600085389762116,0.557669277913999,0.915864363509466,-6.42664921864101,"Human_vs_QC","limma_eBayes_BH"
"Q96T51","RUFY1",-0.147644209323371,24.7103301186882,-0.599888257006237,0.557797137036073,0.915864363509466,-6.42677033539896,"Human_vs_QC","limma_eBayes_BH"
"Q9NQS7","INCENP",-0.160480286591021,24.2396430502545,-0.599716265702827,0.557908702444237,0.915864363509466,-6.42687597454369,"Human_vs_QC","limma_eBayes_BH"
"P06454","PTMA",0.586361589485868,29.437984693375,0.599301131760497,0.558178036359668,0.915864363509466,-6.42713083616997,"Human_vs_QC","limma_eBayes_BH"
"Q96SB4","SRPK1",0.0398249062873433,25.7747565287367,0.599257177910196,0.558206557182159,0.915864363509466,-6.427157810767,"Human_vs_QC","limma_eBayes_BH"
"Q9NWX6","THG1L",0.0849851399172046,23.9295490591327,0.599028654257165,0.558354854485733,0.915864363509466,-6.42729802603028,"Human_vs_QC","limma_eBayes_BH"
"Q8N4P3","HDDC3",-0.170110483098146,23.5829423806312,-0.598855974371636,0.558466926784346,0.915864363509466,-6.42740394349406,"Human_vs_QC","limma_eBayes_BH"
"Q969E2","SCAMP4",-0.60660202988808,21.6208043410402,-0.598666728020422,0.55858976489525,0.915864363509466,-6.42751998905153,"Human_vs_QC","limma_eBayes_BH"
"Q9BRQ8","AIFM2",0.493412650474557,21.189085773228,0.598582858423594,0.558644208541342,0.915864363509466,-6.42757140659735,"Human_vs_QC","limma_eBayes_BH"
"Q9BR61","ACBD6",-0.247490804496223,23.2787320497812,-0.598462009746764,0.558722662037042,0.915864363509466,-6.42764548268747,"Human_vs_QC","limma_eBayes_BH"
"Q01518","CAP1",0.234623582446833,27.4689233351361,0.597861986484021,0.559112277490792,0.915864363509466,-6.42801306567193,"Human_vs_QC","limma_eBayes_BH"
"Q15386","UBE3C",-0.182850897535264,23.3054090660627,-0.597848148626708,0.559121264601314,0.915864363509466,-6.42802153880707,"Human_vs_QC","limma_eBayes_BH"
"O94842","TOX4",-0.19916636258418,23.4492201507468,-0.59747527554387,0.559363459294833,0.915864363509466,-6.42824978454949,"Human_vs_QC","limma_eBayes_BH"
"O43707","ACTN4",0.156753536916483,27.4703582765432,0.59714816118731,0.559575978374481,0.915864363509466,-6.42844990858307,"Human_vs_QC","limma_eBayes_BH"
"Q9UPU5","USP24",-0.159077661408084,23.7849068947599,-0.596782803985402,0.559813394195022,0.915864363509466,-6.42867330579594,"Human_vs_QC","limma_eBayes_BH"
"Q96EY4","TMA16",0.122777823994127,23.9369940670773,0.596757372845726,0.559829921827296,0.915864363509466,-6.42868885079282,"Human_vs_QC","limma_eBayes_BH"
"P08559","PDHA1",0.043170542647907,25.7912564747172,0.596080836248488,0.560269697267462,0.915864363509466,-6.42910215803398,"Human_vs_QC","limma_eBayes_BH"
"Q13033","STRN3",-0.214872380246245,23.7292769434737,-0.595713688669155,0.560508435126594,0.915864363509466,-6.42932626774184,"Human_vs_QC","limma_eBayes_BH"
"Q9NQ55","PPAN",-0.112088914241948,23.2653985062278,-0.59513261874313,0.560886387409631,0.915864363509466,-6.42968068875345,"Human_vs_QC","limma_eBayes_BH"
"P18124","RPL7",0.259274044365132,27.973737335074,0.595092057802461,0.56091277504205,0.915864363509466,-6.42970541642839,"Human_vs_QC","limma_eBayes_BH"
"O43865","AHCYL1",-0.129788468531757,25.401843486983,-0.595011250986268,0.560965347316338,0.915864363509466,-6.42975467492047,"Human_vs_QC","limma_eBayes_BH"
"P05141","SLC25A5",0.455146837919738,28.3579249613122,0.594441109746037,0.561336351623335,0.915864363509466,-6.43010204262225,"Human_vs_QC","limma_eBayes_BH"
"Q8N392","ARHGAP18",-0.181137857303021,22.9280416857892,-0.593329190822094,0.562060280815023,0.915864363509466,-6.4307785851873,"Human_vs_QC","limma_eBayes_BH"
"P18669","PGAM1",0.182352565895332,27.9315184117338,0.593059571906286,0.562235894812486,0.915864363509466,-6.43094245208542,"Human_vs_QC","limma_eBayes_BH"
"Q9BUF5","TUBB6",0.170929351038815,29.9127731491536,0.592394555794483,0.562669172682374,0.915864363509466,-6.43134632729127,"Human_vs_QC","limma_eBayes_BH"
"Q9ULV4","CORO1C",0.223157507017543,26.1464406500935,0.592184598330834,0.562806003251857,0.915864363509466,-6.43147374830109,"Human_vs_QC","limma_eBayes_BH"
"P62854","RPS26",0.642177201108581,28.7531211216196,0.591904985864493,0.562988255980515,0.915864363509466,-6.43164337543418,"Human_vs_QC","limma_eBayes_BH"
"P06493","CDK1",0.202494842103132,27.9078646589868,0.591738770790805,0.563096610671159,0.915864363509466,-6.43174417379526,"Human_vs_QC","limma_eBayes_BH"
"Q9H9A6","LRRC40",-0.0947638762072991,24.1572919082064,-0.591670068296032,0.563141400697706,0.915864363509466,-6.43178582940439,"Human_vs_QC","limma_eBayes_BH"
"P49247","RPIA",-0.0651451875100477,25.7357919494833,-0.591151689879199,0.563479414488706,0.915864363509466,-6.43209998346692,"Human_vs_QC","limma_eBayes_BH"
"Q5JTZ9","AARS2",-0.166570020145276,23.3547763623292,-0.590823003263954,0.563693793871165,0.915864363509466,-6.43229904232381,"Human_vs_QC","limma_eBayes_BH"
"Q96C90","PPP1R14B",-0.0942874187778848,26.0978998812189,-0.590479055350921,0.563918173660588,0.915864363509466,-6.43250723081952,"Human_vs_QC","limma_eBayes_BH"
"Q9UBF1","MAGEC2",-0.135515559413594,23.9058262151564,-0.589745871877059,0.564396636087512,0.915864363509466,-6.43295063459277,"Human_vs_QC","limma_eBayes_BH"
"P23588","EIF4B",0.124641303414467,26.9275671461691,0.589573518615798,0.564509142103351,0.915864363509466,-6.43305479165371,"Human_vs_QC","limma_eBayes_BH"
"Q9HB71","CACYBP",0.18348286244775,28.5352548713125,0.589344777213518,0.564658474698827,0.915864363509466,-6.43319298058821,"Human_vs_QC","limma_eBayes_BH"
"Q9Y490","TLN1",0.108824324279922,27.9184266145765,0.58930411896929,0.564685020414764,0.915864363509466,-6.4332175379983,"Human_vs_QC","limma_eBayes_BH"
"Q9NYU2","UGGT1",-0.148894309240035,24.0679107052054,-0.589059092752799,0.564845011774864,0.915864363509466,-6.43336549864061,"Human_vs_QC","limma_eBayes_BH"
"P31749","AKT1",-0.475044963178622,21.2461464019886,-0.58896680514594,0.564905277779374,0.915864363509466,-6.43342121190324,"Human_vs_QC","limma_eBayes_BH"
"Q8N0X7","SPART",-0.152005291784452,23.8575673758312,-0.588453484052877,0.565240551067469,0.915864363509466,-6.43373094781751,"Human_vs_QC","limma_eBayes_BH"
"O43242","PSMD3",0.130242125647658,26.3509619634921,0.587993179546291,0.565541286734128,0.915864363509466,-6.43400847491567,"Human_vs_QC","limma_eBayes_BH"
"O75691","UTP20",-0.257511663809659,22.9480552680788,-0.587797910993526,0.565668889299592,0.915864363509466,-6.43412614385223,"Human_vs_QC","limma_eBayes_BH"
"Q9BQP7","MGME1",-0.237917037968458,23.7292950721988,-0.586694147261293,0.566390455571305,0.915864363509466,-6.43479057224267,"Human_vs_QC","limma_eBayes_BH"
"Q9UNF1","MAGED2",-0.263155851434082,23.683858014258,-0.586628585424805,0.566433330836244,0.915864363509466,-6.43483000080397,"Human_vs_QC","limma_eBayes_BH"
"Q15369","ELOC",0.166505012503141,26.968603232309,0.586516590916401,0.56650657550957,0.915864363509466,-6.43489734402895,"Human_vs_QC","limma_eBayes_BH"
"P06744","GPI",0.231008887858923,28.1893125348838,0.5863383867716,0.56662313179654,0.915864363509466,-6.43500447439431,"Human_vs_QC","limma_eBayes_BH"
"Q9H267","VPS33B",-0.223647415280031,24.4561494412188,-0.586113461760244,0.566770264508087,0.915864363509466,-6.43513964748527,"Human_vs_QC","limma_eBayes_BH"
"Q6GMV2","SMYD5",-0.133665681878121,23.9065496564725,-0.586098765146523,0.566779878873194,0.915864363509466,-6.43514847798272,"Human_vs_QC","limma_eBayes_BH"
"Q13618","CUL3",-0.142806412994833,23.9297377900735,-0.585857640475907,0.566937632359674,0.915864363509466,-6.43529332821387,"Human_vs_QC","limma_eBayes_BH"
"Q6DD88","ATL3",-0.226420942823811,22.7462863049233,-0.585368415276294,0.567257774712055,0.915864363509466,-6.43558704469561,"Human_vs_QC","limma_eBayes_BH"
"Q9UKK9","NUDT5",0.216839520890691,26.3752082536747,0.585309614591113,0.567296259530853,0.915864363509466,-6.43562233115985,"Human_vs_QC","limma_eBayes_BH"
"P52209","PGD",0.308831932899551,27.7340093025177,0.585280875945,0.567315069365623,0.915864363509466,-6.43563957607669,"Human_vs_QC","limma_eBayes_BH"
"Q9UI09","NDUFA12",-0.153932375424652,24.2503927571307,-0.584850589473877,0.567596737207515,0.915864363509466,-6.43589767733477,"Human_vs_QC","limma_eBayes_BH"
"Q9Y5K8","ATP6V1D",0.148666686553977,24.1467494944055,0.58480029798969,0.567629663115899,0.915864363509466,-6.43592783216007,"Human_vs_QC","limma_eBayes_BH"
"P35613","BSG",0.143108473283171,25.6958286455149,0.584330535279658,0.567937266276115,0.915864363509466,-6.43620938296847,"Human_vs_QC","limma_eBayes_BH"
"Q13155","AIMP2",0.062224658904551,26.0114495392878,0.584147666161694,0.568057033808987,0.915864363509466,-6.43631892667252,"Human_vs_QC","limma_eBayes_BH"
"P22314","UBA1",0.193740775249424,26.7670699136476,0.583220573801068,0.568664425290919,0.915864363509466,-6.43687377787197,"Human_vs_QC","limma_eBayes_BH"
"Q92769","HDAC2",-0.11277224220342,26.1576884644386,-0.582805440198246,0.568936514387,0.915864363509466,-6.43712195685914,"Human_vs_QC","limma_eBayes_BH"
"P00734","F2",-0.0740055165896152,25.7598476636037,-0.582491902070985,0.569142060806326,0.915864363509466,-6.43730928740211,"Human_vs_QC","limma_eBayes_BH"
"Q9UP52","TFR2",0.461310774251444,22.2695029117567,0.582465724125363,0.569159224074851,0.915864363509466,-6.43732492366763,"Human_vs_QC","limma_eBayes_BH"
"P25786","PSMA1",0.19638926585997,27.456917193123,0.582371075860477,0.569221281399928,0.915864363509466,-6.43738145213008,"Human_vs_QC","limma_eBayes_BH"
"P42167","TMPO",0.346060878876074,22.716433859544,0.582255992721388,0.569296741919769,0.915864363509466,-6.43745017347269,"Human_vs_QC","limma_eBayes_BH"
"Q6GMV3","PTRHD1",0.116620041414922,24.6407423492182,0.581530105350616,0.569772831134358,0.915864363509466,-6.43788333510119,"Human_vs_QC","limma_eBayes_BH"
"Q09161","NCBP1",0.0655946653927053,25.6168410080795,0.581260255873168,0.569949871393147,0.915864363509466,-6.43804423203167,"Human_vs_QC","limma_eBayes_BH"
"P05556","ITGB1",-0.283063231397279,23.4350680426851,-0.581221956469213,0.569975000849673,0.915864363509466,-6.43806706216247,"Human_vs_QC","limma_eBayes_BH"
"Q9BYG3","NIFK",0.055889244781536,25.2085622672367,0.581012588189319,0.570112384360399,0.915864363509466,-6.43819184044463,"Human_vs_QC","limma_eBayes_BH"
"Q9BV40","VAMP8",0.0790960821502296,25.5457348012814,0.580963026234059,0.570144908534641,0.915864363509466,-6.4382213718589,"Human_vs_QC","limma_eBayes_BH"
"P00352","ALDH1A1",-0.185088249871249,24.2391606714173,-0.580881805691068,0.570198210223297,0.915864363509466,-6.43826976179778,"Human_vs_QC","limma_eBayes_BH"
"Q9H0L4","CSTF2T",-0.0791893324670063,23.368377511436,-0.580465909699674,0.570471186744734,0.915864363509466,-6.43851744503894,"Human_vs_QC","limma_eBayes_BH"
"P20618","PSMB1",0.155683840848805,26.8286315350876,0.580387065908453,0.570522944234552,0.915864363509466,-6.43856438069117,"Human_vs_QC","limma_eBayes_BH"
"P62424","RPL7A",0.195502822623506,28.1139088271956,0.580324096824745,0.570564282452226,0.915864363509466,-6.43860186177282,"Human_vs_QC","limma_eBayes_BH"
"Q6P3W7","SCYL2",0.138769512989928,24.3846759933579,0.579990471083301,0.570783328852258,0.915864363509466,-6.4388003810583,"Human_vs_QC","limma_eBayes_BH"
"P21283","ATP6V1C1",-0.113915807531605,23.9895719681721,-0.579618278395632,0.571027749141579,0.915864363509466,-6.43902172053054,"Human_vs_QC","limma_eBayes_BH"
"P62244","RPS15A",0.375826959437852,27.767969092283,0.579527714279466,0.571087231258706,0.915864363509466,-6.43907555764817,"Human_vs_QC","limma_eBayes_BH"
"P62875","POLR2L",0.198540465639379,24.1463969204459,0.578956461723821,0.571462502597089,0.915864363509466,-6.43941496179542,"Human_vs_QC","limma_eBayes_BH"
"Q9NVP2","ASF1B",0.241238135795005,23.8543885694655,0.578833808173719,0.571543093962183,0.915864363509466,-6.43948779355866,"Human_vs_QC","limma_eBayes_BH"
"Q9NSI8","SAMSN1",0.0932410222877955,26.6234952662202,0.57877855218012,0.571579402699178,0.915864363509466,-6.43952059979499,"Human_vs_QC","limma_eBayes_BH"
"Q9H9E3","COG4",-0.304010169649604,22.1592999422893,-0.577855374564366,0.572186202481607,0.915864363509466,-6.44006826082957,"Human_vs_QC","limma_eBayes_BH"
"Q7L5D6","GET4",0.225810057890598,24.0994271056228,0.577800005640643,0.572222606939164,0.915864363509466,-6.44010108107817,"Human_vs_QC","limma_eBayes_BH"
"P13284","IFI30",-0.406834869448566,21.8565443508898,-0.577707756039473,0.572283262738281,0.915864363509466,-6.44015575589465,"Human_vs_QC","limma_eBayes_BH"
"P62917","RPL8",0.210667220057235,27.8117182766775,0.577195867551624,0.572619900130329,0.915864363509466,-6.44045899236166,"Human_vs_QC","limma_eBayes_BH"
"O14776","TCERG1",-0.0505018515639755,25.8716893225675,-0.577139942840918,0.572656684651476,0.915864363509466,-6.4404921059286,"Human_vs_QC","limma_eBayes_BH"
"Q9Y5A7","NUB1",-0.197271061794225,23.4273304901755,-0.576676119907975,0.572961812338421,0.915864363509466,-6.4407666219814,"Human_vs_QC","limma_eBayes_BH"
"P07602","PSAP",0.143970987178061,26.8283792230963,0.576629591674738,0.572992425821564,0.915864363509466,-6.44079414833521,"Human_vs_QC","limma_eBayes_BH"
"Q14746","COG2",-0.272394849659527,23.0440393941549,-0.576519856530626,0.573064630005552,0.915864363509466,-6.440859059842,"Human_vs_QC","limma_eBayes_BH"
"Q9UN36","NDRG2",-0.0967927736806509,24.3771880005591,-0.57637336717974,0.573161025379789,0.915864363509466,-6.44094569414405,"Human_vs_QC","limma_eBayes_BH"
"Q8N6H7","ARFGAP2",-0.094467301650198,24.7929455334452,-0.576280836955386,0.573221918048926,0.915864363509466,-6.44100040600434,"Human_vs_QC","limma_eBayes_BH"
"Q9Y696","CLIC4",-0.0824477066037517,25.5218988898079,-0.576174230400712,0.573292078333242,0.915864363509466,-6.44106343061087,"Human_vs_QC","limma_eBayes_BH"
"P62979","RPS27A",0.388379696466583,29.8088104338862,0.574884891878612,0.574140978787236,0.915864363509466,-6.44182479167957,"Human_vs_QC","limma_eBayes_BH"
"O96007","MOCS2",0.406907438906625,23.3971317826032,0.574874328610995,0.574147936360118,0.915864363509466,-6.44183102261802,"Human_vs_QC","limma_eBayes_BH"
"P15170","GSPT1",0.158253637268665,26.3455937688135,0.574843466533925,0.574168264144091,0.915864363509466,-6.44184922655775,"Human_vs_QC","limma_eBayes_BH"
"Q12972","PPP1R8",0.0668249803423571,26.8276185219712,0.57478391858854,0.574207487383534,0.915864363509466,-6.44188434816712,"Human_vs_QC","limma_eBayes_BH"
"P51617","IRAK1",0.254841976358357,22.6375733985226,0.574743432089632,0.574234155966937,0.915864363509466,-6.44190822527734,"Human_vs_QC","limma_eBayes_BH"
"O00571","DDX3X",0.128515049986902,27.1805964275466,0.574442787916945,0.57443221150805,0.915864363509466,-6.44208548140205,"Human_vs_QC","limma_eBayes_BH"
"P33240","CSTF2",0.0961823421532131,25.4713804247798,0.574197855493221,0.574593592211505,0.915864363509466,-6.44222982509455,"Human_vs_QC","limma_eBayes_BH"
"Q14690","PDCD11",-0.134754598907804,25.3332012512532,-0.5737043299826,0.574918837591564,0.915864363509466,-6.44252049122057,"Human_vs_QC","limma_eBayes_BH"
"Q7L2J0","MEPCE",-0.134007950659164,24.3160872434049,-0.573643260670498,0.574959090454596,0.915864363509466,-6.44255644192594,"Human_vs_QC","limma_eBayes_BH"
"P58546","MTPN",0.1248159123992,27.7541425750876,0.573452721129841,0.575084691025219,0.915864363509466,-6.44266858656963,"Human_vs_QC","limma_eBayes_BH"
"Q8WWH5","TRUB1",0.609382258129866,22.2139091763567,0.572859723354644,0.575475677294981,0.915864363509466,-6.44301737579909,"Human_vs_QC","limma_eBayes_BH"
"Q9H3M7","TXNIP",-0.141713714614465,22.0120895649995,-0.572656628302951,0.575609617605502,0.915864363509466,-6.44313675293909,"Human_vs_QC","limma_eBayes_BH"
"P49327","FASN",0.147520561366086,27.3438353964718,0.572251509356551,0.575876840429906,0.915864363509466,-6.44337475683601,"Human_vs_QC","limma_eBayes_BH"
"Q9UMS4","PRPF19",0.149459907664408,27.8382276848749,0.572081481250517,0.575989012934712,0.915864363509466,-6.44347459895241,"Human_vs_QC","limma_eBayes_BH"
"O75533","SF3B1",0.134723280184662,26.6701029047262,0.571968905194765,0.576063288920164,0.915864363509466,-6.44354068908489,"Human_vs_QC","limma_eBayes_BH"
"P31942","HNRNPH3",0.118348027511594,27.3358275361054,0.571957693250207,0.576070686665987,0.915864363509466,-6.44354727061152,"Human_vs_QC","limma_eBayes_BH"
"O95881","TXNDC12",-0.0776140936487337,26.3663743346,-0.571234535447357,0.576547937651988,0.915864363509466,-6.44397151132451,"Human_vs_QC","limma_eBayes_BH"
"Q01082","SPTBN1",-0.147598975594661,24.8056987352636,-0.571135404958549,0.576613375295436,0.915864363509466,-6.444029626288,"Human_vs_QC","limma_eBayes_BH"
"O15355","PPM1G",0.154340070493674,25.9810753941812,0.570812466469672,0.576826579084728,0.915864363509466,-6.44421888121621,"Human_vs_QC","limma_eBayes_BH"
"Q00325","SLC25A3",0.224429974650548,27.789761376752,0.570780567662982,0.576847640886794,0.915864363509466,-6.44423756964846,"Human_vs_QC","limma_eBayes_BH"
"Q8IWY9","CDAN1",0.508836695882888,21.9481106525357,0.570422637090867,0.577083998927125,0.915864363509466,-6.44444720064756,"Human_vs_QC","limma_eBayes_BH"
"Q14160","SCRIB",-0.155111671445923,25.0374244603586,-0.570000140056653,0.577363058094619,0.915864363509466,-6.44469448491647,"Human_vs_QC","limma_eBayes_BH"
"P35580","MYH10",-0.0434416790162082,27.8986996280932,-0.569869189712305,0.577449565023185,0.915864363509466,-6.44477109360415,"Human_vs_QC","limma_eBayes_BH"
"O95628","CNOT4",-0.334900088560694,22.8536746096238,-0.569057306332281,0.577986052783314,0.915864363509466,-6.44524568690024,"Human_vs_QC","limma_eBayes_BH"
"Q13614","MTMR2",0.258105892347949,22.6886610993733,0.568631634012251,0.578267438129261,0.915864363509466,-6.44549425884715,"Human_vs_QC","limma_eBayes_BH"
"A0A2R8Y4L2","HNRNPA1L3",0.241545548764627,24.8968666164303,0.568493045611104,0.578359065621427,0.915864363509466,-6.44557514937433,"Human_vs_QC","limma_eBayes_BH"
"P63098","PPP3R1",-0.192228330752268,23.6175929895929,-0.568315398414566,0.578476527809258,0.915864363509466,-6.44567880996582,"Human_vs_QC","limma_eBayes_BH"
"Q08378","GOLGA3",-0.215301884710186,24.2035868575082,-0.568173802805311,0.578570161189712,0.915864363509466,-6.4457614115774,"Human_vs_QC","limma_eBayes_BH"
"Q12840","KIF5A",-0.21544945999484,22.7835196265054,-0.56780895305535,0.57881146283743,0.915864363509466,-6.4459741606887,"Human_vs_QC","limma_eBayes_BH"
"Q96AX1","VPS33A",-0.23402398286661,23.5468183057349,-0.567519324393215,0.579003052531535,0.915864363509466,-6.44614295429454,"Human_vs_QC","limma_eBayes_BH"
"Q05048","CSTF1",0.0802733207636805,28.457195661253,0.567440173918319,0.579055416391364,0.915864363509466,-6.44618906832712,"Human_vs_QC","limma_eBayes_BH"
"P11216","PYGB",-0.189679368021668,24.3578941056419,-0.567384954260817,0.579091949711814,0.915864363509466,-6.44622123633228,"Human_vs_QC","limma_eBayes_BH"
"P47813","EIF1AX",0.30513932515035,26.685189097519,0.567280145820463,0.579161294257911,0.915864363509466,-6.44628228386676,"Human_vs_QC","limma_eBayes_BH"
"P43307","SSR1",0.712091019886788,21.3923375015057,0.566958289866426,0.579374271179196,0.915864363509466,-6.44646968718082,"Human_vs_QC","limma_eBayes_BH"
"Q6DKI1","RPL7L1",-0.133475822140312,24.5313772040656,-0.566949267741755,0.579380241840284,0.915864363509466,-6.44647493892309,"Human_vs_QC","limma_eBayes_BH"
"Q9NPH2","ISYNA1",-0.0564444770177062,25.4874776554538,-0.566829958870966,0.579459201060266,0.915864363509466,-6.44654438061955,"Human_vs_QC","limma_eBayes_BH"
"Q9NVJ2","ARL8B",0.129483354382376,25.2990469898643,0.566823070807484,0.579463759786342,0.915864363509466,-6.44654838927298,"Human_vs_QC","limma_eBayes_BH"
"P11021","HSPA5",0.166845115429378,27.1658258167512,0.56657552305807,0.579627606629751,0.915864363509466,-6.44669242397854,"Human_vs_QC","limma_eBayes_BH"
"Q15633","TARBP2",-0.21789758151947,23.2153211903317,-0.566491866866935,0.579682982401757,0.915864363509466,-6.44674108541203,"Human_vs_QC","limma_eBayes_BH"
"O95295","SNAPIN",0.171453269339452,23.5720200315833,0.565920841809155,0.580061042688037,0.915864363509466,-6.4470730578136,"Human_vs_QC","limma_eBayes_BH"
"O15182","CETN3",-0.210487165755453,22.9755905617796,-0.56588805367335,0.580082754707937,0.915864363509466,-6.44709210987882,"Human_vs_QC","limma_eBayes_BH"
"Q15773","MLF2",-0.308780240325831,22.1112135885212,-0.565692113150224,0.580212513607439,0.915864363509466,-6.44720594221919,"Human_vs_QC","limma_eBayes_BH"
"Q16401","PSMD5",0.127395223401084,25.9370614322005,0.565609537327574,0.580267202808206,0.915864363509466,-6.44725390364483,"Human_vs_QC","limma_eBayes_BH"
"Q14191","WRN",-0.326259224709684,23.3338868804741,-0.565480062398659,0.580352958228962,0.915864363509466,-6.44732909138055,"Human_vs_QC","limma_eBayes_BH"
"Q9NZT2","OGFR",-0.0909705217827543,24.0502410193175,-0.565467236691762,0.580361453465675,0.915864363509466,-6.4473365385354,"Human_vs_QC","limma_eBayes_BH"
"Q13469","NFATC2",0.2670632463869,23.9181074097457,0.565206940553947,0.580533877166537,0.915864363509466,-6.44748764271921,"Human_vs_QC","limma_eBayes_BH"
"P42695","NCAPD3",0.246037239864123,22.6315460332073,0.564796142874724,0.580806049103172,0.915864363509466,-6.44772597900369,"Human_vs_QC","limma_eBayes_BH"
"P0C0L4","C4A",-0.284671889035167,23.9810236621882,-0.564760914317716,0.580829392681651,0.915864363509466,-6.44774641016565,"Human_vs_QC","limma_eBayes_BH"
"Q92888","ARHGEF1",-0.102309118671037,24.3680315932964,-0.564753836710262,0.580834082591292,0.915864363509466,-6.44775051474946,"Human_vs_QC","limma_eBayes_BH"
"O95926","SYF2",-0.402179248328107,22.254254269959,-0.564526249730767,0.580984901400262,0.915864363509466,-6.44788247519266,"Human_vs_QC","limma_eBayes_BH"
"Q86VN1","VPS36",-0.236840216063833,22.8103776571452,-0.564335266531677,0.581111479018217,0.915864363509466,-6.44799317262143,"Human_vs_QC","limma_eBayes_BH"
"P13804","ETFA",0.162939084325828,26.6142834912124,0.564146751722064,0.581236434658101,0.915864363509466,-6.44810240419234,"Human_vs_QC","limma_eBayes_BH"
"P46776","RPL27A",0.316741698169544,28.2734314960528,0.564005530195049,0.581330051403078,0.915864363509466,-6.44818420963838,"Human_vs_QC","limma_eBayes_BH"
"P61966","AP1S1",0.281644945565194,23.888727861293,0.563918542651396,0.581387719939755,0.915864363509466,-6.44823458919532,"Human_vs_QC","limma_eBayes_BH"
"O75935","DCTN3",-0.0456869081342326,26.0690021191191,-0.563592354277868,0.581603993409323,0.915864363509466,-6.44842343770182,"Human_vs_QC","limma_eBayes_BH"
"Q00796","SORD",0.0692100642179305,25.2842516977667,0.563529582513502,0.581645617896588,0.915864363509466,-6.44845976775891,"Human_vs_QC","limma_eBayes_BH"
"Q9Y6C9","MTCH2",0.0741824418364416,25.8641648268187,0.563176246827727,0.5818799465021,0.915864363509466,-6.44866419362594,"Human_vs_QC","limma_eBayes_BH"
"Q15691","MAPRE1",0.20097978871895,27.0574832750622,0.56306619335035,0.581952942802803,0.915864363509466,-6.44872784110643,"Human_vs_QC","limma_eBayes_BH"
"Q5T4S7","UBR4",-0.0694992589638979,26.6190401638937,-0.562997695218562,0.58199837865123,0.915864363509466,-6.44876744978036,"Human_vs_QC","limma_eBayes_BH"
"Q16630","CPSF6",0.065432844978762,26.6072656255637,0.562930763464911,0.582042777267572,0.915864363509466,-6.44880614825168,"Human_vs_QC","limma_eBayes_BH"
"O75150","RNF40",-0.125030254472303,24.1611806095983,-0.562843483723595,0.582100676178904,0.915864363509466,-6.44885660487092,"Human_vs_QC","limma_eBayes_BH"
"Q9H8V3","ECT2",-1.08466535214862,21.6215900374827,-0.562771312752122,0.582148554606756,0.915864363509466,-6.44889832142223,"Human_vs_QC","limma_eBayes_BH"
"Q9NX62","BPNT2",-0.240115940996013,22.4811322399636,-0.562530757068903,0.582308154618599,0.915864363509466,-6.44903733141477,"Human_vs_QC","limma_eBayes_BH"
"Q15404","RSU1",-0.204564772129835,24.7564941651068,-0.562086687303156,0.582602838215854,0.915864363509466,-6.44929379678954,"Human_vs_QC","limma_eBayes_BH"
"O60427","FADS1",0.52272375981817,21.379910378622,0.561955335872668,0.58269001744755,0.915864363509466,-6.44936961956604,"Human_vs_QC","limma_eBayes_BH"
"P63010","AP2B1",0.101432557703845,25.8716351553325,0.561812530295158,0.582784806545984,0.915864363509466,-6.44945203502557,"Human_vs_QC","limma_eBayes_BH"
"O95365","ZBTB7A",0.3571026285491,21.7439171453558,0.561631153204446,0.582905209466381,0.915864363509466,-6.44955668184993,"Human_vs_QC","limma_eBayes_BH"
"Q14CZ7","FASTKD3",0.443234001354934,21.3237311217983,0.561451107777601,0.583024741081975,0.915864363509466,-6.44966052838433,"Human_vs_QC","limma_eBayes_BH"
"Q9UKY7","CDV3",0.0864263886654904,25.7617117837403,0.560756431141022,0.583486053248197,0.915864363509466,-6.45006090509106,"Human_vs_QC","limma_eBayes_BH"
"Q9H410","DSN1",0.402896385629791,21.9907210494317,0.560299813002421,0.583789380925945,0.915864363509466,-6.45032381846159,"Human_vs_QC","limma_eBayes_BH"
"P78395","PRAME",0.116566575762718,24.9605901291514,0.560186808161138,0.58386446164844,0.915864363509466,-6.45038885318855,"Human_vs_QC","limma_eBayes_BH"
"P38432","COIL",-0.0749561323669035,24.3983343315247,-0.560122825822532,0.583906973892065,0.915864363509466,-6.45042566970746,"Human_vs_QC","limma_eBayes_BH"
"Q96FZ2","HMCES",-0.218015129828142,22.9072064638462,-0.559026104111152,0.584635924266384,0.915864363509466,-6.45105611610138,"Human_vs_QC","limma_eBayes_BH"
"Q7Z4H3","HDDC2",0.0688375914752193,25.0636398315327,0.558972270981219,0.584671717204747,0.915864363509466,-6.45108703142315,"Human_vs_QC","limma_eBayes_BH"
"P41208","CETN2",-0.281238322667495,22.4718365217436,-0.55854943764624,0.584952892693756,0.915864363509466,-6.45132975729438,"Human_vs_QC","limma_eBayes_BH"
"O15371","EIF3D",0.0576928197970048,26.2480831828451,0.558536015035297,0.584961819592602,0.915864363509466,-6.45133745961377,"Human_vs_QC","limma_eBayes_BH"
"Q9BTE3","MCMBP",-0.158311376594977,23.9509166471905,-0.557669778468193,0.585538070599044,0.915864363509466,-6.45183415885624,"Human_vs_QC","limma_eBayes_BH"
"Q8NBI5","SLC43A3",0.388140185356725,22.2809654022699,0.557657192503168,0.58554644537321,0.915864363509466,-6.45184137019688,"Human_vs_QC","limma_eBayes_BH"
"P54105","CLNS1A",0.0654282430419499,26.8497576633174,0.557556647396555,0.58561335087871,0.915864363509466,-6.45189897361438,"Human_vs_QC","limma_eBayes_BH"
"Q8IXQ4","GPALPP1",-0.212317964904265,22.9167983799585,-0.557466925581986,0.585673057578773,0.915864363509466,-6.4519503678499,"Human_vs_QC","limma_eBayes_BH"
"P00558","PGK1",0.247155048049262,28.9600349936856,0.557158870526945,0.585878081122979,0.915864363509466,-6.45212676693596,"Human_vs_QC","limma_eBayes_BH"
"Q99873","PRMT1",0.214715701812946,26.3438913509227,0.557136506445885,0.58589296678965,0.915864363509466,-6.4521395694647,"Human_vs_QC","limma_eBayes_BH"
"O15514","POLR2D",-0.0833662251046796,24.3867263082717,-0.557054404953717,0.585947615699892,0.915864363509466,-6.4521865650177,"Human_vs_QC","limma_eBayes_BH"
"Q8IX01","SUGP2",-0.162748197238425,23.8888106585235,-0.557008926747433,0.585977888314431,0.915864363509466,-6.45221259425374,"Human_vs_QC","limma_eBayes_BH"
"P19525","EIF2AK2",-0.15012522434796,24.0615851274969,-0.556494389553883,0.586320446409938,0.915864363509466,-6.45250694542509,"Human_vs_QC","limma_eBayes_BH"
"Q9H2D1","SLC25A32",0.393712058662796,20.771249150389,0.556197517819477,0.586518138332392,0.915864363509466,-6.45267665825712,"Human_vs_QC","limma_eBayes_BH"
"P98171","ARHGAP4",-0.24585391210725,23.0275598356725,-0.556033292901226,0.586627513166778,0.915864363509466,-6.45277050355125,"Human_vs_QC","limma_eBayes_BH"
"Q9NNW5","WDR6",0.152072415084071,23.8075639547549,0.555992339988923,0.586654789693664,0.915864363509466,-6.45279390170036,"Human_vs_QC","limma_eBayes_BH"
"Q96KP4","CNDP2",0.0574615161542376,25.4199929900438,0.555893298463679,0.586720758600212,0.915864363509466,-6.45285048153429,"Human_vs_QC","limma_eBayes_BH"
"Q9NQG5","RPRD1B",0.048642024174665,24.9526795219432,0.555502264942992,0.586981252675027,0.915864363509466,-6.45307377446246,"Human_vs_QC","limma_eBayes_BH"
"O00233","PSMD9",0.0795129768237182,24.9143070082524,0.555232377277402,0.587161077784286,0.915864363509466,-6.45322780136733,"Human_vs_QC","limma_eBayes_BH"
"P78318","IGBP1",-0.0767557634790457,24.964341103623,-0.555090054877029,0.587255918007886,0.915864363509466,-6.4533089969516,"Human_vs_QC","limma_eBayes_BH"
"Q96RS6","NUDCD1",-0.0966129431121274,25.0478249378976,-0.554962519981372,0.587340910855716,0.915864363509466,-6.45338173925838,"Human_vs_QC","limma_eBayes_BH"
"P27797","CALR",0.319304750301526,27.7755528054721,0.554717276952544,0.587504365412013,0.915864363509466,-6.45352157396893,"Human_vs_QC","limma_eBayes_BH"
"A6NDG6","PGP",-0.0622088143479758,25.2761888468469,-0.554609434940087,0.587576249514899,0.915864363509466,-6.45358304548351,"Human_vs_QC","limma_eBayes_BH"
"Q16512","PKN1",-0.115140430861452,25.1378792373635,-0.554537298164238,0.587624336138655,0.915864363509466,-6.45362415810389,"Human_vs_QC","limma_eBayes_BH"
"P14324","FDPS",0.192488529861265,26.7287405874114,0.554488306051257,0.587656995598192,0.915864363509466,-6.45365207705937,"Human_vs_QC","limma_eBayes_BH"
"Q9BRX2","PELO",-0.0885207653495073,24.0449255297845,-0.553855822100494,0.588078709754635,0.915864363509466,-6.4540122961973,"Human_vs_QC","limma_eBayes_BH"
"Q6P9B9","INTS5",-0.362329987176665,22.3688465319489,-0.553600179761484,0.588249205390323,0.915864363509466,-6.45415778063408,"Human_vs_QC","limma_eBayes_BH"
"Q68CZ6","HAUS3",-0.269048758169937,22.2962205711362,-0.553599655460712,0.588249555088377,0.915864363509466,-6.4541580789442,"Human_vs_QC","limma_eBayes_BH"
"Q9NY33","DPP3",0.0405453676009273,25.8534525291115,0.553179169140484,0.588530045195824,0.915864363509466,-6.45439723485974,"Human_vs_QC","limma_eBayes_BH"
"P98175","RBM10",-0.079855812571715,24.8524174971837,-0.552963655155906,0.588673832686429,0.915864363509466,-6.45451974316651,"Human_vs_QC","limma_eBayes_BH"
"O43396","TXNL1",0.0824295087319378,26.6188582522498,0.552425995142285,0.589032629046559,0.915864363509466,-6.45482517505935,"Human_vs_QC","limma_eBayes_BH"
"O75127","PTCD1",-0.332710820045008,22.8073157934254,-0.551858564507843,0.589411413219062,0.915864363509466,-6.45514721013448,"Human_vs_QC","limma_eBayes_BH"
"Q96IY1","NSL1",-0.342253077394066,21.8466321072955,-0.551681305669174,0.589529766520347,0.915864363509466,-6.45524774519578,"Human_vs_QC","limma_eBayes_BH"
"Q9UGM6","WARS2",0.318539606831244,22.1888606063095,0.5515499349072,0.589617488797855,0.915864363509466,-6.45532223416269,"Human_vs_QC","limma_eBayes_BH"
"P63167","DYNLL1",0.105332575529232,26.8026365590282,0.551435192636148,0.5896941129138,0.915864363509466,-6.45538728064487,"Human_vs_QC","limma_eBayes_BH"
"P08621","SNRNP70",0.198422997847647,26.60445328033,0.551417244445959,0.589706099053395,0.915864363509466,-6.45539745415828,"Human_vs_QC","limma_eBayes_BH"
"P52789","HK2",-0.0390837976759286,25.8239474833811,-0.551184610849258,0.589861467387282,0.915864363509466,-6.4555292883779,"Human_vs_QC","limma_eBayes_BH"
"O94927","HAUS5",-0.17341495928985,23.0171964415998,-0.551065958520388,0.589940719410083,0.915864363509466,-6.45559650850883,"Human_vs_QC","limma_eBayes_BH"
"P42345","MTOR",-0.17773525858858,24.3510259885458,-0.550999754610434,0.589984941665132,0.915864363509466,-6.4556340089964,"Human_vs_QC","limma_eBayes_BH"
"O75323","NIPSNAP2",0.367126827199105,23.4266664880666,0.550917517296211,0.590039876112037,0.915864363509466,-6.45568058541855,"Human_vs_QC","limma_eBayes_BH"
"Q9Y281","CFL2",-0.517841224865844,23.4027806094613,-0.550138425831901,0.590560437690947,0.915864363509466,-6.45612150577107,"Human_vs_QC","limma_eBayes_BH"
"Q9H2P0","ADNP",-0.110052270934673,25.4171883081376,-0.54888331801939,0.591399547960463,0.915864363509466,-6.45683056561404,"Human_vs_QC","limma_eBayes_BH"
"Q9UEY8","ADD3",-0.215510883225395,22.8275326680613,-0.548506351875649,0.591651689332286,0.915864363509466,-6.45704322543496,"Human_vs_QC","limma_eBayes_BH"
"Q9H6R0","DHX33",-0.334546954182468,22.3362635783086,-0.547941476815578,0.592029619541134,0.915864363509466,-6.45736162902822,"Human_vs_QC","limma_eBayes_BH"
"Q53GS9","USP39",0.0502945943254893,25.0118139169112,0.547916142507432,0.592046572355536,0.915864363509466,-6.45737590186796,"Human_vs_QC","limma_eBayes_BH"
"Q8TAG9","EXOC6",-0.25640199780003,22.9583606662201,-0.547853683414049,0.592088368803167,0.915864363509466,-6.45741108736193,"Human_vs_QC","limma_eBayes_BH"
"P16150","SPN",-0.0434862920331085,25.4290599305912,-0.547725904445988,0.592173880744935,0.915864363509466,-6.4574830579493,"Human_vs_QC","limma_eBayes_BH"
"Q9NR45","NANS",0.0743714504305792,26.7182298216253,0.546648487063983,0.592895156583768,0.915864363509466,-6.45808926537403,"Human_vs_QC","limma_eBayes_BH"
"O60934","NBN",-0.19115657533008,23.5124014856948,-0.546482661600523,0.593006207779591,0.915864363509466,-6.45818246519288,"Human_vs_QC","limma_eBayes_BH"
"Q9H4H8","SACK1D",-0.170894018491538,23.2759547912904,-0.546265005683412,0.593151985162803,0.915864363509466,-6.4583047544135,"Human_vs_QC","limma_eBayes_BH"
"P09429","HMGB1",0.110985103385431,28.6417284476876,0.546183655457662,0.593206475008621,0.915864363509466,-6.45835044875974,"Human_vs_QC","limma_eBayes_BH"
"Q9H019","MTFR1L",0.362976329178746,22.4387036860329,0.546117995226799,0.593250457262477,0.915864363509466,-6.4583873252901,"Human_vs_QC","limma_eBayes_BH"
"Q06413","MEF2C",-0.149437396080959,22.8987396709938,-0.546054090745328,0.593293265020286,0.915864363509466,-6.45842321166163,"Human_vs_QC","limma_eBayes_BH"
"O75439","PMPCB",0.056492969099061,25.1104321503146,0.545657936523111,0.593558672141162,0.915864363509466,-6.45864558720088,"Human_vs_QC","limma_eBayes_BH"
"O94788","ALDH1A2",0.139334531088913,26.9609672520043,0.54556341208776,0.593622008525827,0.915864363509466,-6.45869862427299,"Human_vs_QC","limma_eBayes_BH"
"P49354","FNTA",-0.133677497350682,24.1464441399905,-0.545252215125428,0.593830551160887,0.915864363509466,-6.45887317267508,"Human_vs_QC","limma_eBayes_BH"
"Q9BZZ5","API5",0.148559904791615,25.9975246052627,0.543914802156309,0.594727214363463,0.915864363509466,-6.45962223145639,"Human_vs_QC","limma_eBayes_BH"
"O94880","PHF14",-0.230487912219118,22.3864373490122,-0.543792404933829,0.59480930924569,0.915864363509466,-6.45969069558736,"Human_vs_QC","limma_eBayes_BH"
"P49427","CDC34",-0.0647721407078059,24.3848776139017,-0.54363902885775,0.594912190500095,0.915864363509466,-6.45977646718452,"Human_vs_QC","limma_eBayes_BH"
"Q9UEE9","CFDP1",-0.146129740334825,24.1595630673148,-0.543269155341898,0.595160330371659,0.915864363509466,-6.45998321386526,"Human_vs_QC","limma_eBayes_BH"
"Q9NVE7","PANK4",-0.18215222999272,23.909744665422,-0.542757258281303,0.595503836824655,0.915864363509466,-6.46026912411366,"Human_vs_QC","limma_eBayes_BH"
"O15234","CASC3",-0.225863582541596,23.0026329930308,-0.542561976519156,0.59563490621135,0.915864363509466,-6.46037812682615,"Human_vs_QC","limma_eBayes_BH"
"Q15393","SF3B3",0.0936774244866569,26.9347378801885,0.54203021736189,0.595991886524982,0.915864363509466,-6.46067475425185,"Human_vs_QC","limma_eBayes_BH"
"P11177","PDHB",-0.0438785606075633,24.9750392226076,-0.541637539839653,0.596255567816183,0.915864363509466,-6.4608936195725,"Human_vs_QC","limma_eBayes_BH"
"P21291","CSRP1",-0.0936283683872361,24.3563921736618,-0.540669629316538,0.596905766473666,0.915864363509466,-6.46143245037975,"Human_vs_QC","limma_eBayes_BH"
"O95989","NUDT3",0.113065823672748,23.9464060612103,0.540549507609545,0.596986483701399,0.915864363509466,-6.46149925698527,"Human_vs_QC","limma_eBayes_BH"
"Q9Y3C6","PPIL1",-0.0665782665593007,26.0460500140768,-0.540344353104989,0.597124352438302,0.915864363509466,-6.46161332227941,"Human_vs_QC","limma_eBayes_BH"
"Q9C0C2","CNOT12",-0.143508122710767,23.5643324266125,-0.540103181534102,0.5972864459814,0.915864363509466,-6.46174735980058,"Human_vs_QC","limma_eBayes_BH"
"Q8WU90","ZC3H15",0.0558924215008823,25.8550585979305,0.539551067303035,0.597657610113356,0.915864363509466,-6.46205399568438,"Human_vs_QC","limma_eBayes_BH"
"Q659C4","LARP1B",-0.277507192381655,22.0049418257841,-0.539144007738007,0.597931334047225,0.915864363509466,-6.46227987756621,"Human_vs_QC","limma_eBayes_BH"
"P62249","RPS16",0.288215256821243,27.366951644966,0.53785465050675,0.598798767277368,0.915864363509466,-6.46299427576727,"Human_vs_QC","limma_eBayes_BH"
"Q01664","TFAP4",-0.234874468480427,22.743875944477,-0.537538782189092,0.59901136833258,0.915864363509466,-6.46316903941124,"Human_vs_QC","limma_eBayes_BH"
"P51948","MNAT1",-0.176548115373699,23.8240270518512,-0.537419812459494,0.599091452933251,0.915864363509466,-6.46323483742929,"Human_vs_QC","limma_eBayes_BH"
"O95379","TNFAIP8",-0.386688844511429,21.4635681707486,-0.537406795117458,0.599100215896639,0.915864363509466,-6.46324203601927,"Human_vs_QC","limma_eBayes_BH"
"P27540","ARNT",0.531298583187443,19.7581594122886,0.537235291898197,0.59921567376077,0.915864363509466,-6.46333686165969,"Human_vs_QC","limma_eBayes_BH"
"Q9BTE6","AARSD1",0.0752738065820786,24.1013849429006,0.536691781236591,0.599581644783315,0.915864363509466,-6.46363718144777,"Human_vs_QC","limma_eBayes_BH"
"Q9UNS1","TIMELESS",-0.279364074157421,23.575503877661,-0.536398362890695,0.59977926352123,0.915864363509466,-6.46379918999635,"Human_vs_QC","limma_eBayes_BH"
"Q05209","PTPN12",-0.289315333254802,23.6539488972322,-0.536307528938765,0.599840447254685,0.915864363509466,-6.46384932597207,"Human_vs_QC","limma_eBayes_BH"
"P30153","PPP2R1A",0.130520436112644,27.8329556023863,0.535819305296843,0.600169357366064,0.915864363509466,-6.46411866222073,"Human_vs_QC","limma_eBayes_BH"
"A8MXV4","NUDT19",-0.185290935445263,23.5716658751017,-0.535714321573173,0.600240095360049,0.915864363509466,-6.46417654735904,"Human_vs_QC","limma_eBayes_BH"
"Q9Y4A5","TRRAP",-0.231247136224823,23.2888981878206,-0.535163286957873,0.600611450642245,0.915864363509466,-6.46448019399402,"Human_vs_QC","limma_eBayes_BH"
"P09496","CLTA",0.188400362785956,26.42873935556,0.534076302420425,0.601344331753849,0.915864363509466,-6.46507829458011,"Human_vs_QC","limma_eBayes_BH"
"Q14376","GALE",-0.0917885806912082,24.7819756490043,-0.53290253597881,0.602136225004686,0.915864363509466,-6.46572283367162,"Human_vs_QC","limma_eBayes_BH"
"P36578","RPL4",0.290883791661802,28.3059460125076,0.532070808050244,0.602697673011766,0.915864363509466,-6.46617872739634,"Human_vs_QC","limma_eBayes_BH"
"Q92667","AKAP1",-0.291065320637351,23.0970183691233,-0.532064441052961,0.602701971982383,0.915864363509466,-6.4661822146888,"Human_vs_QC","limma_eBayes_BH"
"P13796","LCP1",0.145706214872927,27.2703154954713,0.53196595479864,0.602768471444292,0.915864363509466,-6.46623615186332,"Human_vs_QC","limma_eBayes_BH"
"O43852","CALU",0.160497591178274,26.1345886136687,0.53191104109217,0.602805551625226,0.915864363509466,-6.4662662218436,"Human_vs_QC","limma_eBayes_BH"
"P15927","RPA2",0.0756584320758265,26.7472260379684,0.53175105013499,0.602913591119469,0.915864363509466,-6.46635381365095,"Human_vs_QC","limma_eBayes_BH"
"Q9BQ52","ELAC2",-0.0812323538270157,24.981165867192,-0.531421706019141,0.603136022593786,0.915864363509466,-6.46653404314465,"Human_vs_QC","limma_eBayes_BH"
"P51659","HSD17B4",0.102832819158834,27.1927347174886,0.531307034711184,0.603213478549723,0.915864363509466,-6.4665967704069,"Human_vs_QC","limma_eBayes_BH"
"Q99536","VAT1",0.0466174284480552,26.3509617129062,0.531201693239871,0.603284636928059,0.915864363509466,-6.46665438261321,"Human_vs_QC","limma_eBayes_BH"
"O43447","PPIH",0.20995484241735,26.9855355494797,0.53110974918515,0.603346748736074,0.915864363509466,-6.46670465867516,"Human_vs_QC","limma_eBayes_BH"
"Q8N201","INTS1",-0.165667746187939,23.1608283914395,-0.530931123626274,0.603467426382426,0.915864363509466,-6.46680230926044,"Human_vs_QC","limma_eBayes_BH"
"Q6QNY1","BLOC1S2",0.114162950916903,23.5454556957057,0.530863274510374,0.603513267713105,0.915864363509466,-6.46683939257441,"Human_vs_QC","limma_eBayes_BH"
"O15511","ARPC5",-0.0503179252067305,25.7429116928547,-0.530741059835001,0.603595844760439,0.915864363509466,-6.46690617819422,"Human_vs_QC","limma_eBayes_BH"
"Q7L775","EPM2AIP1",-0.202309495642826,23.0074226590176,-0.530646003395918,0.603660075627475,0.915864363509466,-6.46695811266179,"Human_vs_QC","limma_eBayes_BH"
"Q6YN16","HSDL2",-0.0691537457436304,24.3087200444252,-0.530478929296399,0.603772977991959,0.915864363509466,-6.46704937259399,"Human_vs_QC","limma_eBayes_BH"
"O15160","POLR1C",0.0690183733023026,25.8294620489483,0.530383799016942,0.603837268128415,0.915864363509466,-6.46710132271926,"Human_vs_QC","limma_eBayes_BH"
"Q96K37","SLC35E1",0.281221960574655,21.6965015332852,0.530053945482737,0.604060213276281,0.915864363509466,-6.46728138455097,"Human_vs_QC","limma_eBayes_BH"
"Q17R31","TATDN3",-0.32893770514973,21.7254719653209,-0.529618912009394,0.604354311129245,0.915864363509466,-6.46751869775345,"Human_vs_QC","limma_eBayes_BH"
"Q9Y224","RTRAF",0.0610742218164617,25.7102844835791,0.529039609450321,0.604746050230903,0.915864363509466,-6.46783441968626,"Human_vs_QC","limma_eBayes_BH"
"P84022","SMAD3",0.0440182762297212,23.2720273459983,0.528388830778475,0.605186273450844,0.915864363509466,-6.46818870005021,"Human_vs_QC","limma_eBayes_BH"
"Q96KB5","PBK",0.0922797126947934,25.4494257274477,0.528358498249483,0.605206795949135,0.915864363509466,-6.46820520268494,"Human_vs_QC","limma_eBayes_BH"
"Q15185","PTGES3",0.228629417692758,28.5327698778258,0.527699768520975,0.605652566872184,0.915864363509466,-6.46856336466792,"Human_vs_QC","limma_eBayes_BH"
"Q93034","CUL5",0.0754380384487199,23.7615215245272,0.526349437368006,0.606566861294356,0.915864363509466,-6.46929621799739,"Human_vs_QC","limma_eBayes_BH"
"P26640","VARS1",0.0917956594154319,28.5870460042187,0.525606577891597,0.607070134060588,0.915864363509466,-6.46969861336472,"Human_vs_QC","limma_eBayes_BH"
"P47755","CAPZA2",0.0461931319430775,25.8900764095185,0.525362685331222,0.607235411456356,0.915864363509466,-6.46983060692541,"Human_vs_QC","limma_eBayes_BH"
"Q92552","MRPS27",-0.112305750027634,24.431137796249,-0.524997547287933,0.607482894161659,0.915864363509466,-6.47002810781682,"Human_vs_QC","limma_eBayes_BH"
"Q8NEC7","GSTCD",-0.261721370193385,23.0554236114323,-0.524557143027658,0.60778145689155,0.915864363509466,-6.47026614394963,"Human_vs_QC","limma_eBayes_BH"
"Q53EL6","PDCD4",-0.203512035847798,23.4414057078577,-0.524259264364389,0.607983438434993,0.915864363509466,-6.4704270367854,"Human_vs_QC","limma_eBayes_BH"
"Q9Y3D7","PAM16",0.354581657449344,24.4967422753655,0.524006290455644,0.608154997549777,0.915864363509466,-6.47056360621205,"Human_vs_QC","limma_eBayes_BH"
"P15954","COX7C",0.619019018893106,24.2949510700958,0.523949764716262,0.60819333482649,0.915864363509466,-6.47059411328878,"Human_vs_QC","limma_eBayes_BH"
"P17535","JUND",-0.496329146235297,22.7014968942255,-0.52393966319763,0.608200186073541,0.915864363509466,-6.47059956476899,"Human_vs_QC","limma_eBayes_BH"
"Q9P265","DIP2B",-0.240342953493993,23.6279595737706,-0.523632808052613,0.608408325419464,0.915864363509466,-6.47076511688762,"Human_vs_QC","limma_eBayes_BH"
"Q9Y4L1","HYOU1",-0.0404637429439347,25.8020999233536,-0.523281685148445,0.608646534552376,0.915864363509466,-6.47095443749573,"Human_vs_QC","limma_eBayes_BH"
"P06753","TPM3",0.318779667460774,27.9897387090656,0.522978837608188,0.60885202954659,0.915864363509466,-6.47111763052442,"Human_vs_QC","limma_eBayes_BH"
"Q8TD26","CHD6",-0.401232753969431,22.4672810773799,-0.522867414916825,0.608927643195264,0.915864363509466,-6.47117764909625,"Human_vs_QC","limma_eBayes_BH"
"P25788","PSMA3",0.170370178177755,27.2657649182523,0.522578648399342,0.609123627387314,0.915864363509466,-6.4713331378086,"Human_vs_QC","limma_eBayes_BH"
"Q9UPN3","MACF1",-0.132627326467041,24.9578330991747,-0.52226058451275,0.609339531443592,0.915864363509466,-6.47150430624355,"Human_vs_QC","limma_eBayes_BH"
"Q02978","SLC25A11",-0.082451775382129,24.8349049363766,-0.521649698850365,0.609754310544915,0.915864363509466,-6.47183277752403,"Human_vs_QC","limma_eBayes_BH"
"O43252","PAPSS1",-0.13761254055046,24.8501319212008,-0.521645134197354,0.609757410374817,0.915864363509466,-6.47183523053048,"Human_vs_QC","limma_eBayes_BH"
"Q9NS87","KIF15",-0.335636446485452,23.1805235681562,-0.521288827240361,0.609999400291248,0.915864363509466,-6.47202664315745,"Human_vs_QC","limma_eBayes_BH"
"Q8NC60","NOA1",-0.177886347141236,22.8035351291651,-0.521011623388067,0.610187699052329,0.915864363509466,-6.47217547350568,"Human_vs_QC","limma_eBayes_BH"
"O43502","RAD51C",-0.214497239757783,22.7417092682826,-0.520959254864704,0.610223275096173,0.915864363509466,-6.47220358153108,"Human_vs_QC","limma_eBayes_BH"
"Q9UI95","MAD2L2",-0.0785494379100626,22.2123784586526,-0.520923732016326,0.610247407775194,0.915864363509466,-6.4722226463428,"Human_vs_QC","limma_eBayes_BH"
"Q9UKV3","ACIN1",0.0660847586847098,26.2998492623195,0.520690506348201,0.610405862790397,0.915864363509466,-6.47234778549717,"Human_vs_QC","limma_eBayes_BH"
"O75937","DNAJC8",0.0826711938914109,26.0713663105415,0.520630407153584,0.610446697840556,0.915864363509466,-6.47238002347231,"Human_vs_QC","limma_eBayes_BH"
"Q16543","CDC37",0.297250611759203,26.7955101870043,0.520455100185173,0.610565819720804,0.915864363509466,-6.47247403989985,"Human_vs_QC","limma_eBayes_BH"
"P36542","ATP5F1C",0.199952646238749,26.3604362689347,0.520152034590786,0.610771781062281,0.915864363509466,-6.47263650086026,"Human_vs_QC","limma_eBayes_BH"
"Q6QNY0","BLOC1S3",-0.3543792833235,22.577569778896,-0.519606898068491,0.611142337920123,0.915864363509466,-6.47292849669935,"Human_vs_QC","limma_eBayes_BH"
"Q9P0L0","VAPA",0.0536408977673872,26.6067538143805,0.519329723960788,0.611330789418972,0.915864363509466,-6.4730768486192,"Human_vs_QC","limma_eBayes_BH"
"Q7Z417","NUFIP2",0.0378561659780665,24.7661578028283,0.519305460572064,0.611347287524063,0.915864363509466,-6.47308983148625,"Human_vs_QC","limma_eBayes_BH"
"Q9UHA2","SS18L2",-0.469078580547848,20.1484321175488,-0.518973667279127,0.611572915180323,0.915864363509466,-6.47326730900867,"Human_vs_QC","limma_eBayes_BH"
"Q16384","SSX1",0.295268709591049,22.9239283895003,0.518764216610253,0.61171536781436,0.915864363509466,-6.47337928874092,"Human_vs_QC","limma_eBayes_BH"
"Q6ZT12","UBR3",-0.193314068604753,23.1650161471111,-0.518633637219635,0.611804186340546,0.915864363509466,-6.47344907906915,"Human_vs_QC","limma_eBayes_BH"
"Q8IYB8","SUPV3L1",-0.107851704700494,25.6835511379533,-0.518127806843226,0.612148305630945,0.915864363509466,-6.47371926879709,"Human_vs_QC","limma_eBayes_BH"
"Q9Y3A2","UTP11",-0.327757132229493,22.2999263690265,-0.518112056773313,0.612159022013092,0.915864363509466,-6.47372767763397,"Human_vs_QC","limma_eBayes_BH"
"Q9UI26","IPO11",-0.0654658683962204,25.1763109479527,-0.517918179252482,0.612290944220253,0.915864363509466,-6.47383116712957,"Human_vs_QC","limma_eBayes_BH"
"Q6PCB5","RSBN1L",-0.380750573816432,22.7296307776078,-0.517436366985826,0.612618849213351,0.915864363509466,-6.47408819117523,"Human_vs_QC","limma_eBayes_BH"
"P09110","ACAA1",-0.145349547196183,24.2911196913843,-0.517333286247411,0.612689013590671,0.915864363509466,-6.47414314994902,"Human_vs_QC","limma_eBayes_BH"
"Q9H6W3","RIOX1",0.226034482469728,22.3807683697558,0.516887225810083,0.612992680578775,0.915864363509466,-6.47438085102404,"Human_vs_QC","limma_eBayes_BH"
"P62879","GNB2",0.0466401403542669,25.6631343213293,0.516856946482216,0.613013296665187,0.915864363509466,-6.47439697941113,"Human_vs_QC","limma_eBayes_BH"
"Q66K74","MAP1S",-0.131405106679868,23.4489167723331,-0.51657413963801,0.613205865844862,0.915864363509466,-6.47454757348828,"Human_vs_QC","limma_eBayes_BH"
"O60732","MAGEC1",-0.05820175065206,24.8948336719777,-0.516512221059985,0.613248031458387,0.915864363509466,-6.47458053441127,"Human_vs_QC","limma_eBayes_BH"
"Q8WUH1","CHURC1",0.0856105004806622,23.9306720473449,0.516249906301629,0.613426679530575,0.915864363509466,-6.47472012938513,"Human_vs_QC","limma_eBayes_BH"
"Q96BN2","TADA1",-0.399531033181947,20.790080268111,-0.515928012511105,0.613645938280867,0.915864363509466,-6.47489133693164,"Human_vs_QC","limma_eBayes_BH"
"O95714","HERC2",0.200682079984659,23.4707402027004,0.515861185950412,0.613691462148921,0.915864363509466,-6.4749268674715,"Human_vs_QC","limma_eBayes_BH"
"Q9ULL0","KIAA1210",0.240363620884779,25.9363283039717,0.515531165134567,0.613916304452151,0.915864363509466,-6.47510226887281,"Human_vs_QC","limma_eBayes_BH"
"P11413","G6PD",0.175212458022344,26.8479834728631,0.515499220854912,0.613938070136402,0.915864363509466,-6.4751192410652,"Human_vs_QC","limma_eBayes_BH"
"P40937","RFC5",-0.0430794667567795,25.3964446757458,-0.514722874916192,0.614467159983891,0.915864363509466,-6.47553140685057,"Human_vs_QC","limma_eBayes_BH"
"P62906","RPL10A",0.179962339665515,28.3676264423285,0.514669290149499,0.614503686889841,0.915864363509466,-6.47555983317677,"Human_vs_QC","limma_eBayes_BH"
"Q9Y2W1","THRAP3",0.0977893154879652,26.2398365897017,0.514110808521466,0.614884447668521,0.915864363509466,-6.47585593382827,"Human_vs_QC","limma_eBayes_BH"
"P55212","CASP6",-0.153013055886326,24.5845054315568,-0.513299400059625,0.615437853003003,0.915864363509466,-6.47628558135275,"Human_vs_QC","limma_eBayes_BH"
"P11802","CDK4",-0.174327119221807,23.4626897155971,-0.513183564606509,0.61551687606229,0.915864363509466,-6.47634686383522,"Human_vs_QC","limma_eBayes_BH"
"Q4G0J3","LARP7",-0.114592720158651,24.6350497438494,-0.512897303191333,0.615712185027973,0.915864363509466,-6.47649825260343,"Human_vs_QC","limma_eBayes_BH"
"Q96KQ7","EHMT2",-0.230388477136874,22.9642896751557,-0.512622145263449,0.615899946737787,0.915864363509466,-6.47664369257012,"Human_vs_QC","limma_eBayes_BH"
"O43719","HTATSF1",-0.114156099917786,24.083097216198,-0.511609417701693,0.616591249118839,0.915864363509466,-6.4771783409886,"Human_vs_QC","limma_eBayes_BH"
"Q9NXF1","TEX10",-0.118076904909223,23.4348157877969,-0.510001278826974,0.617689760412597,0.915864363509466,-6.47802522987717,"Human_vs_QC","limma_eBayes_BH"
"P0A738","moaC",0.720959572306271,20.4837745981888,0.509888753196745,0.61776666153332,0.915864363509466,-6.47808439264114,"Human_vs_QC","limma_eBayes_BH"
"Q9H0K6","PUS7L",0.775225075949038,21.86597885064,0.509816342069595,0.617816150458486,0.915864363509466,-6.47812245768748,"Human_vs_QC","limma_eBayes_BH"
"P23193","TCEA1",0.0993229530491995,25.5788485276759,0.509799864700098,0.617827412079978,0.915864363509466,-6.478131118775,"Human_vs_QC","limma_eBayes_BH"
"P15735","PHKG2",0.292111019319126,23.7957446810692,0.509588832838116,0.617971652678673,0.915864363509466,-6.47824202070885,"Human_vs_QC","limma_eBayes_BH"
"O00148","DDX39A",0.0458927811026406,26.7819951682715,0.509326480948179,0.618150993303705,0.915864363509466,-6.47837983071534,"Human_vs_QC","limma_eBayes_BH"
"Q92538","GBF1",-0.160202039039486,23.8797958376212,-0.508708759604642,0.61857335960902,0.915864363509466,-6.47870404134253,"Human_vs_QC","limma_eBayes_BH"
"Q96F44","TRIM11",-0.304367766818693,23.2987968469587,-0.50857319612474,0.618666069647628,0.915864363509466,-6.47877514096724,"Human_vs_QC","limma_eBayes_BH"
"Q96PK6","RBM14",0.130925778437707,26.1494496606942,0.508273356299865,0.618871149904224,0.915864363509466,-6.47893233447174,"Human_vs_QC","limma_eBayes_BH"
"Q86UP2","KTN1",-0.0810584994253354,24.4483840626856,-0.508142657836049,0.618960553486404,0.915864363509466,-6.47900082623842,"Human_vs_QC","limma_eBayes_BH"
"Q96T37","RBM15",-0.046863315273896,27.4824513970575,-0.507834981152905,0.619171042681894,0.915864363509466,-6.47916199533161,"Human_vs_QC","limma_eBayes_BH"
"Q9H2G2","SLK",-0.102812613204616,24.9924057740349,-0.507579406767856,0.619345913672865,0.915864363509466,-6.47929580028623,"Human_vs_QC","limma_eBayes_BH"
"Q1KMD3","HNRNPUL2",0.069564875352043,26.8699670667398,0.506501014248477,0.62008404158718,0.915864363509466,-6.47985967289341,"Human_vs_QC","limma_eBayes_BH"
"O00116","AGPS",0.0398540620608046,25.8595272693269,0.506418883250479,0.620140275199679,0.915864363509466,-6.47990257034389,"Human_vs_QC","limma_eBayes_BH"
"Q6Y7W6","GIGYF2",0.0752898160445703,24.6620083970196,0.506346757312306,0.620189660553908,0.915864363509466,-6.47994023656427,"Human_vs_QC","limma_eBayes_BH"
"O00488","ZNF593",-0.365920229710195,22.2417879650837,-0.506341214250234,0.620193456022557,0.915864363509466,-6.47994313109507,"Human_vs_QC","limma_eBayes_BH"
"Q9NPA8","ENY2",0.20752623156509,25.8776347015183,0.505866194774835,0.620518754893131,0.915864363509466,-6.48019106787855,"Human_vs_QC","limma_eBayes_BH"
"P62333","PSMC6",0.110939819748388,26.6271587666191,0.505585067317164,0.620711312927953,0.915864363509466,-6.48033769681038,"Human_vs_QC","limma_eBayes_BH"
"Q9NYH9","UTP6",-0.0503769541973291,24.3327151881601,-0.505397212948663,0.620839999654928,0.915864363509466,-6.48043563303536,"Human_vs_QC","limma_eBayes_BH"
"P78527","PRKDC",0.0786191957082423,27.2094261932741,0.504778776156563,0.621263740845897,0.915864363509466,-6.48075780149886,"Human_vs_QC","limma_eBayes_BH"
"Q9HD42","CHMP1A",-0.131476912438007,24.5274330190575,-0.50476860177996,0.621270713298425,0.915864363509466,-6.48076309855589,"Human_vs_QC","limma_eBayes_BH"
"Q16795","NDUFA9",-0.0562322309291154,26.4968474336961,-0.504456634857465,0.621484521019268,0.915864363509466,-6.48092546700188,"Human_vs_QC","limma_eBayes_BH"
"Q96EL3","MRPL53",0.193649495086603,23.5359079190454,0.504126324483066,0.621710939015901,0.915864363509466,-6.48109727702151,"Human_vs_QC","limma_eBayes_BH"
"Q9BQG0","MYBBP1A",-0.0986472490560288,25.5009580242991,-0.504079109128879,0.621743306980885,0.915864363509466,-6.4811218270845,"Human_vs_QC","limma_eBayes_BH"
"P17980","PSMC3",0.0781214749521553,26.5725791904801,0.503857877001847,0.621894981001114,0.915864363509466,-6.48123682922862,"Human_vs_QC","limma_eBayes_BH"
"P53253","NNF2",0.224464228192065,23.3045689598927,0.503771584159641,0.621954147125218,0.915864363509466,-6.48128167325646,"Human_vs_QC","limma_eBayes_BH"
"Q04760","GLO1",0.20364342510981,27.6549298952399,0.503426238473354,0.622190958178763,0.915864363509466,-6.48146106575604,"Human_vs_QC","limma_eBayes_BH"
"Q96MU7","YTHDC1",-0.177021081749547,23.8327203538073,-0.503007027174147,0.622478478602532,0.915864363509466,-6.481678668772,"Human_vs_QC","limma_eBayes_BH"
"Q9NVZ3","NECAP2",-0.0383126168831787,24.6776320772965,-0.50275441043979,0.622651769170118,0.915864363509466,-6.48180971186224,"Human_vs_QC","limma_eBayes_BH"
"O95782","AP2A1",0.0752312313011529,26.1496276254403,0.502526912748952,0.622807848308469,0.915864363509466,-6.48192767025231,"Human_vs_QC","limma_eBayes_BH"
"Q15751","HERC1",-0.212543037149086,25.9205894110028,-0.50221337557614,0.623022987195414,0.915864363509466,-6.48209015597052,"Human_vs_QC","limma_eBayes_BH"
"Q9ULK4","MED23",-0.215752631794189,22.4167648235643,-0.502118572607822,0.623088044879486,0.915864363509466,-6.48213926684549,"Human_vs_QC","limma_eBayes_BH"
"P00390","GSR",-0.0452029890405505,26.9698240071318,-0.501325512412806,0.623632402699245,0.915864363509466,-6.48254974597243,"Human_vs_QC","limma_eBayes_BH"
"Q9BYJ9","YTHDF1",0.285940958995507,23.9064101862043,0.50097453289988,0.623873388219631,0.915864363509466,-6.48273120909609,"Human_vs_QC","limma_eBayes_BH"
"Q4J6C6","PREPL",0.0927493902194385,23.7972225278816,0.500781666579924,0.624005830830764,0.915864363509466,-6.48283087243381,"Human_vs_QC","limma_eBayes_BH"
"Q9Y5L0","TNPO3",0.0651379571234934,26.3549945095626,0.500147523716694,0.624441395759277,0.915864363509466,-6.48315830344492,"Human_vs_QC","limma_eBayes_BH"
"Q8TED0","UTP15",-0.108073291227992,25.1002169531672,-0.499469795944842,0.624907057716405,0.915864363509466,-6.48350779603681,"Human_vs_QC","limma_eBayes_BH"
"Q9Y450","HBS1L",0.0431901275408642,25.1319295857579,0.499326779429283,0.625005344523047,0.915864363509466,-6.4835814887242,"Human_vs_QC","limma_eBayes_BH"
"Q9Y6V7","DDX49",-0.1513737920693,23.2657925364304,-0.498272357806303,0.625730213768036,0.915864363509466,-6.48412417563788,"Human_vs_QC","limma_eBayes_BH"
"P15976","GATA1",-0.101522101355233,24.6780380949046,-0.498261273987956,0.625737835540533,0.915864363509466,-6.48412987434317,"Human_vs_QC","limma_eBayes_BH"
"O14964","HGS",-0.0555141014474572,24.8579876895452,-0.49792018558896,0.625972406130065,0.915864363509466,-6.48430518385321,"Human_vs_QC","limma_eBayes_BH"
"P17612","PRKACA",-0.125374529056391,24.3075330680972,-0.497880537124514,0.62599967557176,0.915864363509466,-6.48432555448696,"Human_vs_QC","limma_eBayes_BH"
"Q9UBP6","METTL1",0.123546946852965,23.8277959838568,0.497159006868463,0.626496028807143,0.915864363509466,-6.48469598940688,"Human_vs_QC","limma_eBayes_BH"
"P42566","EPS15",-0.0815400723014648,24.8430598102573,-0.496967633870065,0.626627709034155,0.915864363509466,-6.48479415356723,"Human_vs_QC","limma_eBayes_BH"
"P23443","RPS6KB1",-0.42851389038827,22.6368059299639,-0.496745031340722,0.626780894282161,0.915864363509466,-6.48490829087951,"Human_vs_QC","limma_eBayes_BH"
"Q96II8","LRCH3",-0.296734872376195,23.6822396070803,-0.49650500122595,0.626946092372069,0.915864363509466,-6.48503130866371,"Human_vs_QC","limma_eBayes_BH"
"O43493","TGOLN2",-0.237838631233515,22.3225194645114,-0.49631811735537,0.627074727469315,0.915864363509466,-6.48512704870423,"Human_vs_QC","limma_eBayes_BH"
"Q13888","GTF2H2",-0.0900542117571064,25.5719581738066,-0.496196023457454,0.627158773385007,0.915864363509466,-6.4851895782313,"Human_vs_QC","limma_eBayes_BH"
"Q9H8Y5","ANKZF1",-0.22875955078997,22.7184279322474,-0.496143802324325,0.62719472253979,0.915864363509466,-6.48521631837741,"Human_vs_QC","limma_eBayes_BH"
"O75146","HIP1R",0.453793157639051,21.0225374772395,0.49613151379208,0.627203182137481,0.915864363509466,-6.48522261039922,"Human_vs_QC","limma_eBayes_BH"
"Q8N5M9","JAGN1",0.326692358413855,21.3098452544145,0.495987900886818,0.627302051290504,0.915864363509466,-6.48529613247206,"Human_vs_QC","limma_eBayes_BH"
"Q8WW01","TSEN15",0.0510968365145565,24.4950203182039,0.495955481931104,0.6273243708846,0.915864363509466,-6.48531272638618,"Human_vs_QC","limma_eBayes_BH"
"Q13546","RIPK1",-0.157397290744356,24.0648980091678,-0.495765395607953,0.627455247881575,0.915864363509466,-6.48541000257594,"Human_vs_QC","limma_eBayes_BH"
"Q16656","NRF1",0.382341382351456,21.8888658778799,0.495250557403336,0.627809786015369,0.915864363509466,-6.48567328875637,"Human_vs_QC","limma_eBayes_BH"
"Q9Y5B9","SUPT16H",0.0401129027405993,26.3852657002155,0.494820516511681,0.62810600216882,0.915864363509466,-6.48589300731644,"Human_vs_QC","limma_eBayes_BH"
"P61158","ACTR3",0.0515877230120552,26.6380902874776,0.494180753183351,0.628546799666847,0.915864363509466,-6.48621953695342,"Human_vs_QC","limma_eBayes_BH"
"Q6P587","FAHD1",-0.372213640789735,22.7035146129561,-0.493633023905771,0.628924302029019,0.915864363509466,-6.48649876881088,"Human_vs_QC","limma_eBayes_BH"
"Q99584","S100A13",-0.315218718816553,24.7526802970501,-0.493407307205769,0.629079900228449,0.915864363509466,-6.48661375188638,"Human_vs_QC","limma_eBayes_BH"
"Q9Y4C8","RBM19",-0.137704698929991,23.3624133056759,-0.493401660843555,0.629083792791607,0.915864363509466,-6.48661662756641,"Human_vs_QC","limma_eBayes_BH"
"Q13426","XRCC4",-0.355987779369215,22.3529209299982,-0.493285865585414,0.629163623757423,0.915864363509466,-6.48667559482523,"Human_vs_QC","limma_eBayes_BH"
"Q96DV4","MRPL38",-0.0914864342527828,23.7487919026448,-0.493091535432814,0.629297608613685,0.915864363509466,-6.48677452491369,"Human_vs_QC","limma_eBayes_BH"
"Q9BPX3","NCAPG",-0.0490774574484938,24.7263764770233,-0.493027442903834,0.629341801464476,0.915864363509466,-6.48680714503874,"Human_vs_QC","limma_eBayes_BH"
"Q6NYC1","JMJD6",-0.0613185487927126,24.0095169505023,-0.492795105667105,0.629502014106896,0.915864363509466,-6.48692535955927,"Human_vs_QC","limma_eBayes_BH"
"P13995","MTHFD2",0.0804059800048869,25.8174001195008,0.492599371112485,0.629637001626098,0.915864363509466,-6.48702490862313,"Human_vs_QC","limma_eBayes_BH"
"O43617","TRAPPC3",0.114420847125722,24.886373281538,0.492559195416242,0.629664710319883,0.915864363509466,-6.48704533693945,"Human_vs_QC","limma_eBayes_BH"
"Q9NTX5","ECHDC1",-0.21951095106634,23.575695375746,-0.492549150802206,0.629671638059263,0.915864363509466,-6.48705044411769,"Human_vs_QC","limma_eBayes_BH"
"Q5T1C6","THEM4",-0.205523501782711,22.8443193743704,-0.492433553642997,0.629751367657106,0.915864363509466,-6.48710921218057,"Human_vs_QC","limma_eBayes_BH"
"Q9HAV7","GRPEL1",0.0682238499134833,25.5229204184253,0.492416098404316,0.62976340728764,0.915864363509466,-6.4871180850337,"Human_vs_QC","limma_eBayes_BH"
"O95218","ZRANB2",-0.0476466085520144,25.7682154808543,-0.492264617080465,0.629867895054195,0.915864363509466,-6.48719507330583,"Human_vs_QC","limma_eBayes_BH"
"Q9Y314","NOSIP",-0.059321958088546,25.7410030925701,-0.49215736322868,0.629941880845824,0.915864363509466,-6.48724956973548,"Human_vs_QC","limma_eBayes_BH"
"P69849","NOMO3",-0.265770625751177,22.4250599777764,-0.492155805346284,0.62994295553363,0.915864363509466,-6.48725036122181,"Human_vs_QC","limma_eBayes_BH"
"P78330","PSPH",0.0707704714271742,24.5733497527614,0.491954542698714,0.630081801611062,0.915864363509466,-6.4873525928807,"Human_vs_QC","limma_eBayes_BH"
"P07384","CAPN1",0.0446282009931807,26.2190682205013,0.491866377357193,0.630142629232006,0.915864363509466,-6.48739736386333,"Human_vs_QC","limma_eBayes_BH"
"O15235","MRPS12",-0.115180481195186,24.2531618438845,-0.491764150331867,0.630213161855244,0.915864363509466,-6.4874492657562,"Human_vs_QC","limma_eBayes_BH"
"Q9BTT4","MED10",0.274777391497018,21.4366276714052,0.491424999932221,0.630447188973162,0.915864363509466,-6.48762138180306,"Human_vs_QC","limma_eBayes_BH"
"P26374","CHML",0.194074882407854,26.5411180832836,0.491421864997761,0.630449352392569,0.915864363509466,-6.48762297222112,"Human_vs_QC","limma_eBayes_BH"
"P55072","VCP",0.146890121116126,27.8893294081866,0.490838137386402,0.630852244074388,0.915864363509466,-6.48791893852988,"Human_vs_QC","limma_eBayes_BH"
"P20340","RAB6A",-0.110184124449365,24.660654559551,-0.490397952121811,0.631156142395952,0.915864363509466,-6.48814189988653,"Human_vs_QC","limma_eBayes_BH"
"P53396","ACLY",0.12356024731422,27.3855462546656,0.490008633996892,0.631424980169648,0.915864363509466,-6.48833893497484,"Human_vs_QC","limma_eBayes_BH"
"Q8WUM0","NUP133",-0.0462127673314612,26.1979582055789,-0.489622805812211,0.631691461217993,0.915864363509466,-6.48853405450151,"Human_vs_QC","limma_eBayes_BH"
"Q9NZD4","AHSP",-0.175859918086484,23.6681423727386,-0.489611884594282,0.631699004977078,0.915864363509466,-6.48853957537423,"Human_vs_QC","limma_eBayes_BH"
"P09884","POLA1",-0.171347411679598,23.8222570365361,-0.489526846260839,0.631757746094408,0.915864363509466,-6.48858255971239,"Human_vs_QC","limma_eBayes_BH"
"Q8IYI6","EXOC8",-0.274635699580177,22.3997235140778,-0.48910718670713,0.632047667959213,0.915864363509466,-6.48879457934459,"Human_vs_QC","limma_eBayes_BH"
"P13984","GTF2F2",-0.050467762510312,24.5869885139455,-0.489017419060272,0.632109692076568,0.915864363509466,-6.48883990875959,"Human_vs_QC","limma_eBayes_BH"
"Q14738","PPP2R5D",-0.142151381030136,23.6252811961987,-0.488989123207418,0.632129243425289,0.915864363509466,-6.48885419547394,"Human_vs_QC","limma_eBayes_BH"
"P30084","ECHS1",0.0868920890745954,25.7401976249064,0.488886971831174,0.632199828473873,0.915864363509466,-6.48890576554967,"Human_vs_QC","limma_eBayes_BH"
"Q9NTI5","PDS5B",-0.166609509373163,23.0285627479534,-0.488880495654332,0.632204303538592,0.915864363509466,-6.48890903462995,"Human_vs_QC","limma_eBayes_BH"
"Q8N9N2","ASCC1",0.0669263769424902,24.0375771951877,0.488821057214612,0.632245376439611,0.915864363509466,-6.48893903633732,"Human_vs_QC","limma_eBayes_BH"
"Q96A65","EXOC4",-0.175093916045494,23.7349501658119,-0.488469397245804,0.632488404702354,0.915864363509466,-6.48911646543891,"Human_vs_QC","limma_eBayes_BH"
"Q4VC31","MIX23",-0.0655033203431223,25.6266825653542,-0.488289183988515,0.632612965077812,0.915864363509466,-6.48920734369691,"Human_vs_QC","limma_eBayes_BH"
"P78346","RPP30",-0.0597764254077262,24.7576517613889,-0.48809269756529,0.632748786325245,0.915864363509466,-6.4893063912549,"Human_vs_QC","limma_eBayes_BH"
"Q13868","EXOSC2",0.0755781121421677,25.332512686837,0.487323765117317,0.6332804425524,0.915864363509466,-6.48969363449439,"Human_vs_QC","limma_eBayes_BH"
"P47974","ZFP36L2",-0.350513364970098,21.9828550538998,-0.487036903216622,0.633478838639808,0.915864363509466,-6.48983795018847,"Human_vs_QC","limma_eBayes_BH"
"P09733","TUB1",-0.192340193827071,26.8074056768619,-0.486942668252792,0.633544018689262,0.915864363509466,-6.48988534037365,"Human_vs_QC","limma_eBayes_BH"
"Q16537","PPP2R5E",0.0911786225363755,23.8509261475621,0.486818763725379,0.633629725245831,0.915864363509466,-6.48994763769972,"Human_vs_QC","limma_eBayes_BH"
"Q9H4L4","SENP3",-0.0958897210019849,23.0751189107744,-0.486677781776386,0.633727251114142,0.915864363509466,-6.49001850264184,"Human_vs_QC","limma_eBayes_BH"
"P48735","IDH2",-0.0611134035954279,25.8592424361688,-0.48633636778507,0.633963457280732,0.915864363509466,-6.49019003299885,"Human_vs_QC","limma_eBayes_BH"
"P49189","ALDH9A1",0.0463937419363951,24.545607727131,0.486094213569579,0.634131015895521,0.915864363509466,-6.49031162349733,"Human_vs_QC","limma_eBayes_BH"
"Q92766","RREB1",-0.178285647211734,23.0605991929127,-0.486067023861154,0.634149831110244,0.915864363509466,-6.49032527233783,"Human_vs_QC","limma_eBayes_BH"
"P00505","GOT2",-0.0468042495042447,25.2166089266997,-0.485747545507637,0.634370928969179,0.915864363509466,-6.49048559052051,"Human_vs_QC","limma_eBayes_BH"
"O00159","MYO1C",0.506533855698105,22.0461179139624,0.48569777086928,0.634405379203334,0.915864363509466,-6.49051055886615,"Human_vs_QC","limma_eBayes_BH"
"Q9BVQ7","AFG2B",-0.118882905238536,23.2046987112947,-0.485243586012626,0.634719772006314,0.915864363509466,-6.49073827628497,"Human_vs_QC","limma_eBayes_BH"
"O75369","FLNB",-0.0442782399868911,26.4368770936699,-0.484857195824357,0.634987293810402,0.915864363509466,-6.49093184079319,"Human_vs_QC","limma_eBayes_BH"
"O60678","PRMT3",-0.125570434415025,24.798484536343,-0.484572168641273,0.63518466952867,0.915864363509466,-6.49107453125996,"Human_vs_QC","limma_eBayes_BH"
"Q15269","PWP2",0.0314379251212635,25.2302254204064,0.484356783787278,0.635333838323953,0.915864363509466,-6.49118230348347,"Human_vs_QC","limma_eBayes_BH"
"P23497","SP100",0.128057347068165,22.8227299039526,0.484249450301474,0.635408180240995,0.915864363509466,-6.49123599268095,"Human_vs_QC","limma_eBayes_BH"
"P04424","ASL",-0.0976637806506204,24.6189829724328,-0.483157737458714,0.636164559243584,0.915864363509466,-6.49178142324638,"Human_vs_QC","limma_eBayes_BH"
"Q9H3K6","BOLA2",0.107309887814655,26.513890096636,0.48238838663491,0.636697846097119,0.915864363509466,-6.49216508283444,"Human_vs_QC","limma_eBayes_BH"
"O14979","HNRNPDL",0.118302903805017,28.3500316151086,0.482137874094175,0.636871537503259,0.915864363509466,-6.4922898806084,"Human_vs_QC","limma_eBayes_BH"
"Q8NHZ8","CDC26",0.180339556651919,23.087405084431,0.481828926342406,0.637085775010527,0.915864363509466,-6.49244370261882,"Human_vs_QC","limma_eBayes_BH"
"P62826","RAN",0.457351902127336,29.3955255408584,0.481786029619791,0.637115524074733,0.915864363509466,-6.4924650529235,"Human_vs_QC","limma_eBayes_BH"
"P63272","SUPT4H1",0.0909086596165167,24.4449571615461,0.48168564097783,0.637185146563394,0.915864363509466,-6.49251501057603,"Human_vs_QC","limma_eBayes_BH"
"Q9UI10","EIF2B4",-0.0563604474781556,24.5326453638514,-0.481668504305737,0.637197031705585,0.915864363509466,-6.49252353750495,"Human_vs_QC","limma_eBayes_BH"
"P82663","MRPS25",0.0613223779568024,23.9546500422066,0.48062094706364,0.637923761090764,0.915864363509466,-6.49304422719304,"Human_vs_QC","limma_eBayes_BH"
"Q8IY57","YAF2",-0.632454826759343,20.9119783035991,-0.480038002490161,0.638328338179066,0.915864363509466,-6.49333350519289,"Human_vs_QC","limma_eBayes_BH"
"Q86U38","NOP9",-0.145110347168483,22.7946519811764,-0.479968304840309,0.638376717943189,0.915864363509466,-6.49336806891413,"Human_vs_QC","limma_eBayes_BH"
"Q86WJ1","CHD1L",-0.142055024531363,23.7907791915146,-0.479815496989503,0.638482793586686,0.915864363509466,-6.49344383075995,"Human_vs_QC","limma_eBayes_BH"
"P10591","SSA1",-0.366069544550228,30.574462678639,-0.479700871130695,0.638562369553585,0.915864363509466,-6.49350064671182,"Human_vs_QC","limma_eBayes_BH"
"P08237","PFKM",0.0954145761546066,23.7149044619259,0.479654086086574,0.638594850154402,0.915864363509466,-6.49352383261285,"Human_vs_QC","limma_eBayes_BH"
"Q6DD87","ZNF787",-0.180799372267828,23.1840574448566,-0.479442394587078,0.638741826941492,0.915864363509466,-6.49362871607869,"Human_vs_QC","limma_eBayes_BH"
"Q13435","SF3B2",0.142141357522682,26.5889891220725,0.479423490967814,0.638754952432281,0.915864363509466,-6.49363807977772,"Human_vs_QC","limma_eBayes_BH"
"P54619","PRKAG1",-0.0570641919372363,24.5555492082441,-0.479056940459814,0.639009486913022,0.915864363509466,-6.49381957584213,"Human_vs_QC","limma_eBayes_BH"
"Q92620","DHX38",-0.131929122027611,23.679887819243,-0.478952485211796,0.639082029763768,0.915864363509466,-6.49387127184031,"Human_vs_QC","limma_eBayes_BH"
"O15305","PMM2",0.0687227697174535,23.9080261555202,0.478497581357606,0.639397999262533,0.915864363509466,-6.49409628122389,"Human_vs_QC","limma_eBayes_BH"
"Q8IZH2","XRN1",0.195317366078626,21.4089101102942,0.477971174403708,0.639763724081254,0.915864363509466,-6.49435639976713,"Human_vs_QC","limma_eBayes_BH"
"Q7Z460","CLASP1",-0.161930094043743,24.3319737134709,-0.477584381617945,0.640032512723231,0.915864363509466,-6.4945473526669,"Human_vs_QC","limma_eBayes_BH"
"O75410","TACC1",-0.276832776844007,22.8929116329909,-0.477159759504056,0.64032764974635,0.915864363509466,-6.49475680882755,"Human_vs_QC","limma_eBayes_BH"
"P30519","HMOX2",-0.375812649455732,22.7755848025943,-0.477157821065008,0.640328997218355,0.915864363509466,-6.49475776460039,"Human_vs_QC","limma_eBayes_BH"
"Q8NEZ2","VPS37A",-0.215962184229813,22.144875419798,-0.477117219669707,0.640357220869668,0.915864363509466,-6.49477778278744,"Human_vs_QC","limma_eBayes_BH"
"Q9H3H1","TRIT1",0.158576944414666,22.5593408377703,0.477078941032483,0.640383830405941,0.915864363509466,-6.49479665424638,"Human_vs_QC","limma_eBayes_BH"
"Q96CN7","ISOC1",0.037819198655253,25.3939651841511,0.476628416070695,0.640697052915362,0.915864363509466,-6.49501865390165,"Human_vs_QC","limma_eBayes_BH"
"Q6P1J9","CDC73",-0.0732517156509047,25.4563758592185,-0.476422272596286,0.640840395497383,0.915864363509466,-6.49512016493627,"Human_vs_QC","limma_eBayes_BH"
"Q14697","GANAB",0.0561554753503479,26.7758038911034,0.476138657667607,0.641037632335055,0.915864363509466,-6.49525975563675,"Human_vs_QC","limma_eBayes_BH"
"Q8WV41","SNX33",0.412409876215158,19.6257882032741,0.476132341644414,0.641042025062008,0.915864363509466,-6.495262863365,"Human_vs_QC","limma_eBayes_BH"
"P18859","ATP5PF",-0.0696365085859263,26.7024796396039,-0.476051086741866,0.641098538222165,0.915864363509466,-6.49530284036493,"Human_vs_QC","limma_eBayes_BH"
"P11277","SPTB",-0.180936240526048,27.2152926035556,-0.475843534015815,0.641242902543803,0.915864363509466,-6.49540492524643,"Human_vs_QC","limma_eBayes_BH"
"P28289","TMOD1",-0.116178898895559,23.4189821071407,-0.475314082175238,0.641611233324711,0.915864363509466,-6.49566514097447,"Human_vs_QC","limma_eBayes_BH"
"Q8IWB7","WDFY1",0.261792525304738,22.9627930795951,0.475289401666967,0.641628405521489,0.915864363509466,-6.49567726413808,"Human_vs_QC","limma_eBayes_BH"
"Q32P28","P3H1",-0.240713855975798,23.5561084272244,-0.474494375512804,0.642181681934755,0.916117100689547,-6.49606745784592,"Human_vs_QC","limma_eBayes_BH"
"O00629","KPNA4",0.0651983650833294,26.8073547960858,0.474122587944208,0.642440492593848,0.916117100689547,-6.49624971156607,"Human_vs_QC","limma_eBayes_BH"
"P51946","CCNH",-0.172419783994247,23.0750201024786,-0.47392372231294,0.642578947664189,0.916117100689547,-6.4963471405164,"Human_vs_QC","limma_eBayes_BH"
"Q9NXV6","CDKN2AIP",-0.107421206811878,23.8721329258714,-0.47383164503652,0.642643058746565,0.916117100689547,-6.49639223792393,"Human_vs_QC","limma_eBayes_BH"
"A0A0B4J2F0","PIGBOS1",0.297206844270136,22.1984762933354,0.472697562841229,0.643432932827266,0.916315003568045,-6.49694698977011,"Human_vs_QC","limma_eBayes_BH"
"Q96GQ7","DDX27",0.0595148392040841,24.8278650710531,0.472687773392417,0.643439752997841,0.916315003568045,-6.49695177280429,"Human_vs_QC","limma_eBayes_BH"
"O75351","VPS4B",-0.20967938793525,23.3350609396376,-0.472486821900524,0.643579760399433,0.916315003568045,-6.4970499346317,"Human_vs_QC","limma_eBayes_BH"
"O14745","NHERF1",-0.0617909035531135,25.2816451803879,-0.471459669749068,0.644295618740996,0.916315003568045,-6.49755105129577,"Human_vs_QC","limma_eBayes_BH"
"Q9UK45","LSM7",-0.11122685234055,25.9660490013381,-0.471295596920767,0.644410000668706,0.916315003568045,-6.49763099957518,"Human_vs_QC","limma_eBayes_BH"
"Q8N8A6","DDX51",-0.0967542084825155,25.15359712151,-0.4711830135122,0.644488492587064,0.916315003568045,-6.49768584283782,"Human_vs_QC","limma_eBayes_BH"
"Q9UBS4","DNAJB11",-0.108079471149306,24.8370177871425,-0.470887811011995,0.644694325345536,0.916315003568045,-6.49782958584125,"Human_vs_QC","limma_eBayes_BH"
"P18074","ERCC2",-0.1597970670982,23.9320780513339,-0.47088394348458,0.644697022215829,0.916315003568045,-6.49783146847744,"Human_vs_QC","limma_eBayes_BH"
"Q13564","NAE1",-0.107394339255254,24.7588472187313,-0.470470995392408,0.644985005296658,0.916315003568045,-6.49803239722354,"Human_vs_QC","limma_eBayes_BH"
"Q9BRG1","VPS25",0.105210433705544,24.2895150720704,0.469141059594277,0.645912880363413,0.916315003568045,-6.49867834431653,"Human_vs_QC","limma_eBayes_BH"
"Q9Y3D0","CIAO2B",0.0358765692400738,24.1733709144822,0.469066137584039,0.645965170411007,0.916315003568045,-6.49871468102645,"Human_vs_QC","limma_eBayes_BH"
"Q9NQC3","RTN4",-0.0564190460510616,26.227984520722,-0.468987184977475,0.646020275611633,0.916315003568045,-6.49875296646063,"Human_vs_QC","limma_eBayes_BH"
"A6NDU8","RIMOC1",-0.138658957444399,23.816199461036,-0.468909365710304,0.646074591896811,0.916315003568045,-6.498790696204,"Human_vs_QC","limma_eBayes_BH"
"Q8NFV4","ABHD11",-0.337681736020919,21.8148894832618,-0.468846087437283,0.646118760398392,0.916315003568045,-6.49882137144407,"Human_vs_QC","limma_eBayes_BH"
"P30086","PEBP1",0.271421730975973,27.7073062295425,0.468540513090743,0.646332071995402,0.916315003568045,-6.49896944740354,"Human_vs_QC","limma_eBayes_BH"
"O95391","SLU7",0.144653824246806,22.9184237567427,0.467642599267626,0.646959062684499,0.916315003568045,-6.49940401889222,"Human_vs_QC","limma_eBayes_BH"
"Q9NXX6","NSMCE4A",0.29387657954263,22.3850560264265,0.467450267834709,0.647093398964002,0.916315003568045,-6.49949699814147,"Human_vs_QC","limma_eBayes_BH"
"P53985","SLC16A1",0.174055251920219,26.1737195826896,0.467341284922287,0.647169525078165,0.916315003568045,-6.49954966754791,"Human_vs_QC","limma_eBayes_BH"
"Q13555","CAMK2G",-0.307929969878295,24.1020266873019,-0.467228832678266,0.647248078849112,0.916315003568045,-6.49960400113101,"Human_vs_QC","limma_eBayes_BH"
"Q8TB61","SLC35B2",0.146560844397545,23.1584038474241,0.467217158003712,0.647256234468598,0.916315003568045,-6.49960964126019,"Human_vs_QC","limma_eBayes_BH"
"Q8NC96","NECAP1",-0.178373072324895,22.6825052364815,-0.466833376506149,0.647524360164651,0.916315003568045,-6.49979497308065,"Human_vs_QC","limma_eBayes_BH"
"Q9UK61","TASOR",0.575246300885812,20.8026346237918,0.466725233130354,0.647599922755503,0.916315003568045,-6.49984716989092,"Human_vs_QC","limma_eBayes_BH"
"P53597","SUCLG1",-0.121122156146541,25.4827521916872,-0.466297330286587,0.64789894898175,0.916315003568045,-6.50005358774097,"Human_vs_QC","limma_eBayes_BH"
"P84103","SRSF3",0.185299457874279,27.6402416253026,0.466027092043549,0.648087828712741,0.916315003568045,-6.50018385447825,"Human_vs_QC","limma_eBayes_BH"
"P08579","SNRPB2",0.059810731690817,25.6151292683845,0.465410962639434,0.648518558500927,0.916315003568045,-6.50048058206578,"Human_vs_QC","limma_eBayes_BH"
"P59998","ARPC4",0.097371138850864,25.0002019846753,0.465273780829842,0.648614478615805,0.916315003568045,-6.50054659691315,"Human_vs_QC","limma_eBayes_BH"
"O14802","POLR3A",-0.141070544641181,24.5183483400793,-0.464992246043166,0.648811353252186,0.916315003568045,-6.50068201839166,"Human_vs_QC","limma_eBayes_BH"
"O75940","SMNDC1",-0.107897829040276,25.5074576617409,-0.464725454172213,0.648997943352706,0.916315003568045,-6.50081027496776,"Human_vs_QC","limma_eBayes_BH"
"Q9BTM9","URM1",0.310071958195806,23.0529299805814,0.464224409979973,0.649348431729821,0.916315003568045,-6.50105095215407,"Human_vs_QC","limma_eBayes_BH"
"Q9BU89","DOHH",0.0601403017516198,25.4323414588104,0.463627241808082,0.649766272499839,0.916315003568045,-6.50133747355048,"Human_vs_QC","limma_eBayes_BH"
"Q15424","SAFB",-0.0775186003911337,26.2004162513714,-0.463338759550446,0.649968168254113,0.916315003568045,-6.50147575918233,"Human_vs_QC","limma_eBayes_BH"
"O95292","VAPB",0.138430180543882,26.3349753722078,0.46274840916574,0.650381416509889,0.916315003568045,-6.50175848667095,"Human_vs_QC","limma_eBayes_BH"
"Q2NKX8","ERCC6L",-0.368823558216171,22.8702418927623,-0.461580003005611,0.651199657193168,0.916315003568045,-6.50231702217309,"Human_vs_QC","limma_eBayes_BH"
"Q9Y305","ACOT9",0.149371598447726,23.7416772706888,0.46142957386493,0.651305037273411,0.916315003568045,-6.50238883252429,"Human_vs_QC","limma_eBayes_BH"
"Q8IY37","DHX37",-0.0882882013002195,23.4682107579036,-0.461034439742564,0.651581877153042,0.916315003568045,-6.50257734945678,"Human_vs_QC","limma_eBayes_BH"
"Q01970","PLCB3",-0.122410309094601,23.1845620534898,-0.46060110233143,0.651885544193967,0.916315003568045,-6.5027839127832,"Human_vs_QC","limma_eBayes_BH"
"O95319","CELF2",-0.252765968330014,23.8023407211258,-0.460300808952129,0.652096016289425,0.916315003568045,-6.50292694605061,"Human_vs_QC","limma_eBayes_BH"
"Q9Y2R5","MRPS17",-0.0361190634598678,24.3547746184626,-0.460197019517702,0.65216876820982,0.916315003568045,-6.50297636111963,"Human_vs_QC","limma_eBayes_BH"
"Q9NX63","CHCHD3",0.139431744260293,26.4386362318222,0.460112620236031,0.652227931167286,0.916315003568045,-6.50301653638966,"Human_vs_QC","limma_eBayes_BH"
"O43156","TTI1",-0.177844441672853,23.9653082414983,-0.460085811163573,0.652246724535285,0.916315003568045,-6.50302929639602,"Human_vs_QC","limma_eBayes_BH"
"O00560","SDCBP",0.0965196279012446,23.6385421594403,0.459699252169518,0.652517732529765,0.916315003568045,-6.50321320219985,"Human_vs_QC","limma_eBayes_BH"
"Q9H0U4","RAB1B",-0.152488805135881,26.2499991407747,-0.459597995969197,0.652588729407399,0.916315003568045,-6.50326135012716,"Human_vs_QC","limma_eBayes_BH"
"O76031","CLPX",-0.0506722374163289,24.4131721420019,-0.458964497785076,0.653032992476481,0.916315003568045,-6.50356234852788,"Human_vs_QC","limma_eBayes_BH"
"Q96PU8","QKI",0.0455313726618058,26.5618143621823,0.458652402867733,0.65325191015266,0.916315003568045,-6.50371048813602,"Human_vs_QC","limma_eBayes_BH"
"Q8N163","CCAR2",0.0607462099745959,26.8754240933051,0.458646316341376,0.653256179849399,0.916315003568045,-6.50371337620626,"Human_vs_QC","limma_eBayes_BH"
"O00505","KPNA3",0.0619815499786291,25.8146212462826,0.458536716656853,0.653333066149655,0.916315003568045,-6.50376537513084,"Human_vs_QC","limma_eBayes_BH"
"P60900","PSMA6",0.216276194341347,27.5908512911837,0.458343183179429,0.653468843570103,0.916315003568045,-6.50385716648046,"Human_vs_QC","limma_eBayes_BH"
"Q96T88","UHRF1",-0.0617717257853378,25.6072241062876,-0.458069056895024,0.653661184257363,0.916315003568045,-6.50398711794417,"Human_vs_QC","limma_eBayes_BH"
"O96028","NSD2",-0.258206114558586,23.2959587147424,-0.457855030990531,0.653811373206692,0.916315003568045,-6.50408852592283,"Human_vs_QC","limma_eBayes_BH"
"P35611","ADD1",-0.0356498250751756,25.4390466366397,-0.45773955529073,0.653892412707086,0.916315003568045,-6.50414322054629,"Human_vs_QC","limma_eBayes_BH"
"P22307","SCP2",0.0503569638949628,25.1638023992023,0.457354854028412,0.654162424125031,0.916315003568045,-6.50432533615869,"Human_vs_QC","limma_eBayes_BH"
"Q96T58","SPEN",-0.163226434297652,24.9708711966932,-0.457311867749792,0.654192598141697,0.916315003568045,-6.50434567640683,"Human_vs_QC","limma_eBayes_BH"
"Q16576","RBBP7",0.0994117739655742,26.9202916435135,0.456794886331463,0.654555539762924,0.916315003568045,-6.5045901562327,"Human_vs_QC","limma_eBayes_BH"
"O95816","BAG2",0.135353484113658,26.3821440066315,0.456415693510233,0.654821805699234,0.916315003568045,-6.50476930526478,"Human_vs_QC","limma_eBayes_BH"
"Q96EK7","FAM120B",-0.297998229494006,21.7136809312096,-0.456182489907373,0.654985583378007,0.916315003568045,-6.50487941016411,"Human_vs_QC","limma_eBayes_BH"
"Q9NUU7","DDX19A",-0.0422917971931334,26.5503907783575,-0.45592644737162,0.655165421863356,0.916315003568045,-6.50500023530117,"Human_vs_QC","limma_eBayes_BH"
"Q15437","SEC23B",-0.0911925981836461,25.3116244985869,-0.455379111307837,0.65554993250677,0.916315003568045,-6.50525829934887,"Human_vs_QC","limma_eBayes_BH"
"Q96ES7","SGF29",-0.191650178809649,23.0856648185196,-0.455336156629583,0.655580112997299,0.916315003568045,-6.50527853935108,"Human_vs_QC","limma_eBayes_BH"
"Q96PZ0","PUS7",-0.0295894581916407,25.1285905936368,-0.455293812620357,0.655609865032952,0.916315003568045,-6.50529848979413,"Human_vs_QC","limma_eBayes_BH"
"Q96CP2","FLYWCH2",-0.105673001163296,23.318839472435,-0.455121430703143,0.655730991425446,0.916315003568045,-6.50537968918695,"Human_vs_QC","limma_eBayes_BH"
"P13674","P4HA1",-0.165365563634079,23.2480887853545,-0.454984165134679,0.655827450020964,0.916315003568045,-6.50544432588595,"Human_vs_QC","limma_eBayes_BH"
"Q8N4H5","TOMM5",0.291877700818205,25.3811662222439,0.454769798012769,0.655978101743522,0.916315003568045,-6.50554523088697,"Human_vs_QC","limma_eBayes_BH"
"P16333","NCK1",-0.18374900913533,22.8922965721668,-0.454620725442807,0.656082875250797,0.916315003568045,-6.50561537377871,"Human_vs_QC","limma_eBayes_BH"
"Q12974","PTP4A2",-0.10032210643779,24.0527644082169,-0.45424686386938,0.656345671377796,0.916315003568045,-6.50579118802412,"Human_vs_QC","limma_eBayes_BH"
"P25398","RPS12",0.239170767987972,29.2156924572256,0.45417568829613,0.656395707698801,0.916315003568045,-6.50582464352581,"Human_vs_QC","limma_eBayes_BH"
"Q96AT9","RPE",0.111858121153897,24.6359430227528,0.453875817559225,0.656606535091076,0.916316934935712,-6.50596553940033,"Human_vs_QC","limma_eBayes_BH"
"Q8WTS1","ABHD5",-0.180345270730246,22.1889605423895,-0.45303412857253,0.657198455218357,0.916434444562278,-6.50636052840934,"Human_vs_QC","limma_eBayes_BH"
"P33121","ACSL1",-0.235350268094315,22.9521843825147,-0.452869262091692,0.65731442590423,0.916434444562278,-6.50643781374723,"Human_vs_QC","limma_eBayes_BH"
"Q8NDF8","TENT4B",0.232576175061833,21.8007575174073,0.45286254460793,0.657319151322612,0.916434444562278,-6.50644096215828,"Human_vs_QC","limma_eBayes_BH"
"Q9Y5K5","UCHL5",0.100076862697215,26.3303585829508,0.451830450298467,0.658045358607855,0.917112468267786,-6.50692415429236,"Human_vs_QC","limma_eBayes_BH"
"Q16204","CCDC6",0.0381834812035038,24.2573003856369,0.451090091115584,0.658566513708399,0.917112468267786,-6.50727010579335,"Human_vs_QC","limma_eBayes_BH"
"O75934","BCAS2",-0.042877727851252,24.82670563662,-0.451026619112971,0.65861120158794,0.917112468267786,-6.50729973902436,"Human_vs_QC","limma_eBayes_BH"
"Q96TA1","NIBAN2",-0.133631912986679,24.2463177377053,-0.450980075903508,0.658643971496545,0.917112468267786,-6.50732146611878,"Human_vs_QC","limma_eBayes_BH"
"Q7L576","CYFIP1",-0.139383814769882,24.3892940456594,-0.450391620937023,0.65905835041214,0.91739748108594,-6.50759597808355,"Human_vs_QC","limma_eBayes_BH"
"Q9Y5B6","PAXBP1",-0.105007065176206,23.5077082086132,-0.448664271633161,0.660275385538297,0.918799240372153,-6.50839976728482,"Human_vs_QC","limma_eBayes_BH"
"P62993","GRB2",0.126662480169255,25.8786369150927,0.448238824223046,0.660575294957542,0.918924297436962,-6.50859728027551,"Human_vs_QC","limma_eBayes_BH"
"O14548","COX7A2L",-0.209471447603562,23.0581345111788,-0.446909034779816,0.6615130881561,0.919823730175633,-6.50921345721751,"Human_vs_QC","limma_eBayes_BH"
"Q8WVJ2","NUDCD2",0.1180759707273,25.3269802061183,0.446462153123322,0.661828369734931,0.919823730175633,-6.50942012655441,"Human_vs_QC","limma_eBayes_BH"
"Q9Y2R0","COA3",-0.124093726351564,23.3838202110293,-0.445776285549838,0.662312388380728,0.919823730175633,-6.50973692855193,"Human_vs_QC","limma_eBayes_BH"
"Q9NRY2","INIP",0.312136768017389,22.9641496765695,0.445768881442996,0.6623176143311,0.919823730175633,-6.50974034592189,"Human_vs_QC","limma_eBayes_BH"
"Q86V81","ALYREF",0.155532616776188,27.4450879040874,0.445612527805022,0.662427975757391,0.919823730175633,-6.50981249814516,"Human_vs_QC","limma_eBayes_BH"
"Q9UL63","MKLN1",0.128275035196243,24.4421771421879,0.443775948050343,0.663724922613434,0.919823730175633,-6.51065817799546,"Human_vs_QC","limma_eBayes_BH"
"Q9P289","STK26",0.0552775722412697,25.798919122443,0.443631864794758,0.663826717833108,0.919823730175633,-6.51072437949384,"Human_vs_QC","limma_eBayes_BH"
"Q9P2T1","GMPR2",-0.326386993577639,22.7084944908077,-0.443491651867913,0.663925785241775,0.919823730175633,-6.51078878262488,"Human_vs_QC","limma_eBayes_BH"
"Q86WX3","RPS19BP1",0.358848644231603,22.5201904874072,0.443427416162182,0.663971173133425,0.919823730175633,-6.51081828099643,"Human_vs_QC","limma_eBayes_BH"
"P49257","LMAN1",-0.208844206846901,23.926181902777,-0.442859083342025,0.664372807111849,0.919823730175633,-6.5110790901404,"Human_vs_QC","limma_eBayes_BH"
"P34949","MPI",-0.171462283556568,23.8723416175266,-0.442776433966419,0.664431223314284,0.919823730175633,-6.51111699101066,"Human_vs_QC","limma_eBayes_BH"
"P16157","ANK1",-0.0416702804913029,26.3659148802357,-0.442341901999879,0.664738385603354,0.919823730175633,-6.51131614293292,"Human_vs_QC","limma_eBayes_BH"
"Q9NRW7","VPS45",-0.135078161251563,23.1994294755514,-0.441978585523418,0.664995254827061,0.919823730175633,-6.51148250977869,"Human_vs_QC","limma_eBayes_BH"
"P62861","FAU",-0.513431411717409,27.4551059573572,-0.441641788243189,0.665233413505624,0.919823730175633,-6.51163661436535,"Human_vs_QC","limma_eBayes_BH"
"Q9UJY5","GGA1",-0.186705837495921,22.8641876359957,-0.441478134883169,0.66534915081436,0.919823730175633,-6.51171145414442,"Human_vs_QC","limma_eBayes_BH"
"Q96A35","MRPL24",-0.0361029884644459,24.144914050053,-0.441310723350887,0.665467555064841,0.919823730175633,-6.5117879846318,"Human_vs_QC","limma_eBayes_BH"
"O75616","ERAL1",-0.0912655776954132,23.9406616073218,-0.441310535906396,0.665467687642864,0.919823730175633,-6.51178807030432,"Human_vs_QC","limma_eBayes_BH"
"Q15645","TRIP13",-0.0567291833535499,24.6600058609111,-0.440752730730243,0.66586227009495,0.919823730175633,-6.51204286132893,"Human_vs_QC","limma_eBayes_BH"
"Q96F86","EDC3",-0.0970969296886608,23.921116600049,-0.440697135269205,0.665901603042859,0.919823730175633,-6.51206823871588,"Human_vs_QC","limma_eBayes_BH"
"Q9UJS0","SLC25A13",0.0600316906926146,24.8671670118202,0.440276699734728,0.666199087722263,0.919823730175633,-6.51226005198799,"Human_vs_QC","limma_eBayes_BH"
"Q99523","SORT1",-0.115283727839369,23.3032325795751,-0.439803839424261,0.666533735632022,0.919823730175633,-6.5124755698585,"Human_vs_QC","limma_eBayes_BH"
"Q14240","EIF4A2",-0.0499371440508938,26.2485355790342,-0.439754226279829,0.666568851600144,0.919823730175633,-6.51249816921951,"Human_vs_QC","limma_eBayes_BH"
"Q9BWG4","SSBP4",0.227878101817566,22.4040550808245,0.439391654789223,0.666825502651045,0.919823730175633,-6.51266324939252,"Human_vs_QC","limma_eBayes_BH"
"P84077","ARF1",0.231427860034156,26.7791565603811,0.439366639272957,0.666843211807573,0.919823730175633,-6.51267463416424,"Human_vs_QC","limma_eBayes_BH"
"Q9NX02","NLRP2",-0.174482984119003,23.0830044989484,-0.4392470925166,0.666927845004988,0.919823730175633,-6.51272903218585,"Human_vs_QC","limma_eBayes_BH"
"P62070","RRAS2",-0.119884266669679,22.9678443805569,-0.438606272745461,0.667381593624145,0.919823730175633,-6.51302038230447,"Human_vs_QC","limma_eBayes_BH"
"Q9H8H2","DDX31",-0.282807819213097,21.5306015734483,-0.438582333252859,0.667398547194052,0.919823730175633,-6.51303125842421,"Human_vs_QC","limma_eBayes_BH"
"Q13423","NNT",-0.0498452109830296,24.3156202055088,-0.437557126099225,0.668124758755591,0.919823730175633,-6.51349648518745,"Human_vs_QC","limma_eBayes_BH"
"Q96ST3","SIN3A",-0.0864984226173426,24.2606814430919,-0.437503881633744,0.668162484182062,0.919823730175633,-6.51352061793529,"Human_vs_QC","limma_eBayes_BH"
"Q9Y3B3","TMED7",-0.137575340706277,22.8297197684907,-0.436482933296182,0.668886038303462,0.919823730175633,-6.51398280382141,"Human_vs_QC","limma_eBayes_BH"
"Q9Y6E2","BZW2",0.0910983375430376,26.5456180427053,0.436064151050807,0.669182931004916,0.919823730175633,-6.51417208350473,"Human_vs_QC","limma_eBayes_BH"
"Q9UKB3","DNAJC12",-0.462545159650027,20.4229297646111,-0.435877161067315,0.669315514700986,0.919823730175633,-6.51425654142452,"Human_vs_QC","limma_eBayes_BH"
"O00139","KIF2A",-0.0635206357792768,24.3134144377671,-0.435758174707574,0.669399886927125,0.919823730175633,-6.51431026572677,"Human_vs_QC","limma_eBayes_BH"
"Q9NW64","RBM22",-0.167498763660486,24.2230945229122,-0.435574431170416,0.669530186988133,0.919823730175633,-6.51439320090216,"Human_vs_QC","limma_eBayes_BH"
"Q7Z422","SZRD1",-0.0625819813887318,24.8192391397522,-0.434838079577603,0.670052474384244,0.919823730175633,-6.51472522154167,"Human_vs_QC","limma_eBayes_BH"
"O95071","UBR5",-0.10859434443325,24.4887638798505,-0.434818471316284,0.670066384756183,0.919823730175633,-6.51473405542055,"Human_vs_QC","limma_eBayes_BH"
"Q9NXU5","ARL15",-0.103113097376369,22.982173839464,-0.434773436431854,0.67009833360011,0.919823730175633,-6.51475434298749,"Human_vs_QC","limma_eBayes_BH"
"Q15018","ABRAXAS2",-0.130917126864276,22.5412420389892,-0.434561435415238,0.670248741149738,0.919823730175633,-6.5148498188994,"Human_vs_QC","limma_eBayes_BH"
"P20742","PZP",-0.146578302415417,22.9896506921134,-0.434445119517084,0.670331269555823,0.919823730175633,-6.51490218318417,"Human_vs_QC","limma_eBayes_BH"
"P27816","MAP4",0.0685353565186375,26.9477405157067,0.434128161147262,0.670556180049524,0.919823730175633,-6.5150448054634,"Human_vs_QC","limma_eBayes_BH"
"Q9Y2Z0","SUGT1",0.0362189262697576,26.0525860536432,0.433907544663719,0.67071274657724,0.919823730175633,-6.5151440167822,"Human_vs_QC","limma_eBayes_BH"
"Q96AE4","FUBP1",0.0914417862508472,27.2030006234143,0.433874229495721,0.670736390972734,0.919823730175633,-6.51515899435739,"Human_vs_QC","limma_eBayes_BH"
"P35579","MYH9",0.0487634018049086,26.3293664364959,0.433196149776668,0.671217715109901,0.919823730175633,-6.51546359675785,"Human_vs_QC","limma_eBayes_BH"
"O75976","CPD",0.204266479253544,22.1249375475791,0.432513252979295,0.671702609358533,0.919823730175633,-6.51576989400219,"Human_vs_QC","limma_eBayes_BH"
"Q13464","ROCK1",-0.224184491383497,22.7396742812948,-0.432428928671786,0.671762494737118,0.919823730175633,-6.51580768302732,"Human_vs_QC","limma_eBayes_BH"
"O75306","NDUFS2",0.0286064124050007,25.1662353146212,0.432320712442878,0.671839351039672,0.919823730175633,-6.51585616844131,"Human_vs_QC","limma_eBayes_BH"
"Q9UFC0","LRWD1",0.0875650082446064,24.5749016044945,0.432193623105686,0.671929616066016,0.919823730175633,-6.51591309470546,"Human_vs_QC","limma_eBayes_BH"
"Q7Z3K3","POGZ",-0.138397490514354,23.0989228545061,-0.432135093663702,0.671971188280894,0.919823730175633,-6.51593930591724,"Human_vs_QC","limma_eBayes_BH"
"Q9H0R6","QRSL1",-0.19110188714977,23.1446472475835,-0.431974712510334,0.672085109279883,0.919823730175633,-6.51601111160949,"Human_vs_QC","limma_eBayes_BH"
"Q02218","OGDH",-0.0928753811829814,26.3517416129695,-0.431822360153815,0.672193335024091,0.919823730175633,-6.51607929860566,"Human_vs_QC","limma_eBayes_BH"
"Q7L7X3","TAOK1",0.328466037855751,20.825418089077,0.43151773076221,0.672409755534255,0.919823730175633,-6.51621556861265,"Human_vs_QC","limma_eBayes_BH"
"Q9BVW5","TIPIN",0.502203041101701,21.4524554587471,0.431401393427633,0.672492414001886,0.919823730175633,-6.51626758512306,"Human_vs_QC","limma_eBayes_BH"
"Q7Z3U7","MON2",-0.209768004523113,22.9159622280463,-0.431146350685631,0.672673638921119,0.919823730175633,-6.5163815714928,"Human_vs_QC","limma_eBayes_BH"
"Q9NPJ3","ACOT13",-0.0587355461709649,25.4714890702347,-0.431002854144377,0.672775612051936,0.919823730175633,-6.5164456755953,"Human_vs_QC","limma_eBayes_BH"
"Q9H814","PHAX",-0.121154549941103,23.2743364533946,-0.430989141649011,0.672785356928463,0.919823730175633,-6.51645180027972,"Human_vs_QC","limma_eBayes_BH"
"P56381","ATP5F1E",0.104559303195376,25.7929194904811,0.429514808785895,0.673833455643599,0.920717525440609,-6.51710920313822,"Human_vs_QC","limma_eBayes_BH"
"O95983","MBD3",-0.0586723720457449,24.7034905635505,-0.429424204142121,0.67389788907792,0.920717525440609,-6.51714953201561,"Human_vs_QC","limma_eBayes_BH"
"Q99719","SEPTIN5",0.0415693340821619,24.3545758455313,0.429181566818962,0.674070453482576,0.920717525440609,-6.51725749106294,"Human_vs_QC","limma_eBayes_BH"
"Q96C86","DCPS",0.0569814531106339,24.2973822112481,0.428811478531912,0.674333697922672,0.920789615609141,-6.51742204361462,"Human_vs_QC","limma_eBayes_BH"
"Q9H9F9","ACTR5",-0.288547505711566,21.9950568837984,-0.428467897639113,0.674578127075294,0.920835976896852,-6.51757468632325,"Human_vs_QC","limma_eBayes_BH"
"Q13620","CUL4B",-0.0519976900465622,25.8339058347793,-0.427883573528244,0.674993912154545,0.921116146499107,-6.51783401016703,"Human_vs_QC","limma_eBayes_BH"
"O94889","KLHL18",-0.218020305023465,22.1648723768264,-0.427585807476393,0.675205834519103,0.921118031188362,-6.51796602646871,"Human_vs_QC","limma_eBayes_BH"
"P45983","MAPK8",0.127065945060284,22.5304003043174,0.426586225845383,0.675917452546198,0.921801388681302,-6.51840854161013,"Human_vs_QC","limma_eBayes_BH"
"P22061","PCMT1",0.107438117785275,27.4278630579566,0.42614340909746,0.676232803240906,0.921933997919163,-6.51860425402152,"Human_vs_QC","limma_eBayes_BH"
"Q14019","COTL1",0.0919497122835082,26.3807478111171,0.425615118092298,0.676609106355445,0.921933997919163,-6.51883748438103,"Human_vs_QC","limma_eBayes_BH"
"Q16851","UGP2",-0.0405087929374588,25.8871125615058,-0.425562105178958,0.676646872529928,0.921933997919163,-6.51886087299361,"Human_vs_QC","limma_eBayes_BH"
"Q5SRE5","NUP188",-0.0677144377924357,24.4489451063203,-0.424702732105538,0.677259211652945,0.92248102458955,-6.51923962102351,"Human_vs_QC","limma_eBayes_BH"
"P85037","FOXK1",-0.152688035860209,23.4929896317198,-0.424166415480808,0.677641479196101,0.922570807600469,-6.51947561135137,"Human_vs_QC","limma_eBayes_BH"
"Q6UB35","MTHFD1L",0.0663873167539819,24.1892833562525,0.424018569928462,0.677746874429236,0.922570807600469,-6.5195406153005,"Human_vs_QC","limma_eBayes_BH"
"Q16698","DECR1",0.0980811170875988,25.5843427645791,0.423364601735484,0.67821315490885,0.922726369236344,-6.51982788349405,"Human_vs_QC","limma_eBayes_BH"
"Q14980","NUMA1",-0.0406019720472131,26.8011371446606,-0.422988067750007,0.678481686149969,0.922726369236344,-6.51999308717273,"Human_vs_QC","limma_eBayes_BH"
"Q9H501","ESF1",-0.0765151878320474,24.2623938711966,-0.422970969511212,0.678493881104759,0.922726369236344,-6.52000058559459,"Human_vs_QC","limma_eBayes_BH"
"Q13085","ACACA",-0.0271046388986704,26.0026471642245,-0.421730166083245,0.679379106081714,0.923316596238726,-6.52054394995159,"Human_vs_QC","limma_eBayes_BH"
"O43818","RRP9",0.0463423684887552,24.8166064822496,0.421667831695533,0.679423590147392,0.923316596238726,-6.52057120593433,"Human_vs_QC","limma_eBayes_BH"
"Q8NB90","AFG2A",-0.0480099831363567,24.6283644005906,-0.421005702470199,0.679896185596672,0.923316596238726,-6.52086048222844,"Human_vs_QC","limma_eBayes_BH"
"Q8NCU4","CCDC191",0.271062694620291,21.6496986671631,0.421002049096711,0.679898793582002,0.923316596238726,-6.52086207711319,"Human_vs_QC","limma_eBayes_BH"
"P52434","POLR2H",0.0572070157286326,25.4281374125526,0.420235520001023,0.680446079170771,0.923316596238726,-6.52119640773768,"Human_vs_QC","limma_eBayes_BH"
"P50613","CDK7",-0.0954937243445393,23.9175891405086,-0.419803236331682,0.68075480269985,0.923316596238726,-6.52138469117482,"Human_vs_QC","limma_eBayes_BH"
"Q13404","UBE2V1",0.111074413804278,27.2614375134357,0.419686092325252,0.680838473489948,0.923316596238726,-6.52143568130683,"Human_vs_QC","limma_eBayes_BH"
"Q14203","DCTN1",-0.0525703611939115,26.9573536450706,-0.419671253800178,0.680849072303024,0.923316596238726,-6.52144213918986,"Human_vs_QC","limma_eBayes_BH"
"Q9BRT9","GINS4",-0.103084725241327,24.0379084382121,-0.419580375599731,0.68091398600665,0.923316596238726,-6.52148168548343,"Human_vs_QC","limma_eBayes_BH"
"Q9Y2Y1","POLR3K",0.227962884128232,21.7710683275392,0.419245012698775,0.681153556145962,0.923316596238726,-6.52162754871097,"Human_vs_QC","limma_eBayes_BH"
"O95834","EML2",-0.128807921247059,23.6605657765993,-0.418566234233975,0.681638557761102,0.923316596238726,-6.52192242932273,"Human_vs_QC","limma_eBayes_BH"
"P84098","RPL19",0.253519918449523,27.6596606142205,0.418307456048989,0.681823498591129,0.923316596238726,-6.5220347271431,"Human_vs_QC","limma_eBayes_BH"
"Q96KR6","MIMS2",-0.301409718358624,22.2805909244557,-0.418292978874889,0.681833845607871,0.923316596238726,-6.5220410075685,"Human_vs_QC","limma_eBayes_BH"
"Q9ULW0","TPX2",-0.0266294292776905,24.6100619057007,-0.417873439073462,0.682133724666498,0.923316596238726,-6.52222291837901,"Human_vs_QC","limma_eBayes_BH"
"Q10589","BST2",0.114932991237243,24.5240754271167,0.417726498659734,0.682238768005971,0.923316596238726,-6.52228658904266,"Human_vs_QC","limma_eBayes_BH"
"Q07878","VPS13",-0.119755528385799,24.0682728158001,-0.417634436267951,0.68230458414624,0.923316596238726,-6.52232646940806,"Human_vs_QC","limma_eBayes_BH"
"Q15019","SEPTIN2",0.0856748194032839,25.484274268265,0.417137163685611,0.682660134481523,0.923512086690372,-6.52254173383623,"Human_vs_QC","limma_eBayes_BH"
"Q96ER3","SAAL1",-0.213111700441821,23.3928075746788,-0.416414875111626,0.683176710167139,0.923603913330383,-6.52285395964797,"Human_vs_QC","limma_eBayes_BH"
"Q96PM9","ZNF385A",-0.105645072845295,23.5252130046553,-0.416223365867376,0.683313703759708,0.923603913330383,-6.52293665533392,"Human_vs_QC","limma_eBayes_BH"
"Q9Y2K6","USP20",-0.581607548552093,20.8351909550222,-0.415986242656025,0.683483342677174,0.923603913330383,-6.52303899615617,"Human_vs_QC","limma_eBayes_BH"
"O43808","SLC25A17",-0.155014691163693,22.7762331093439,-0.414774050265189,0.684350826008874,0.923603913330383,-6.52356128103395,"Human_vs_QC","limma_eBayes_BH"
"Q92575","UBXN4",-0.181647443523872,23.0298360564747,-0.414297620299075,0.684691900606547,0.923603913330383,-6.52376614818853,"Human_vs_QC","limma_eBayes_BH"
"Q8IZ21","PHACTR4",-0.160963543477255,22.9186878513024,-0.414270146758457,0.684711570990398,0.923603913330383,-6.52377795493184,"Human_vs_QC","limma_eBayes_BH"
"O75822","EIF3J",0.101229034863945,27.8168595198898,0.413658377473442,0.685149644085699,0.923603913330383,-6.52404066450911,"Human_vs_QC","limma_eBayes_BH"
"Q8WYH8","ING5",0.409711797447052,22.2098896604273,0.413438289657241,0.68530727226551,0.923603913330383,-6.52413508320305,"Human_vs_QC","limma_eBayes_BH"
"Q9H845","ACAD9",-0.16609195248077,23.4731919787721,-0.413342985332342,0.685375534480968,0.923603913330383,-6.52417595397773,"Human_vs_QC","limma_eBayes_BH"
"O95997","PTTG1",-0.315462891605172,22.409379794417,-0.41260008108977,0.685907740812176,0.923603913330383,-6.52449422929657,"Human_vs_QC","limma_eBayes_BH"
"P0DPI2","GATD3",0.0856037745352367,26.4224565987183,0.411907980641676,0.686403707081867,0.923603913330383,-6.52479023617856,"Human_vs_QC","limma_eBayes_BH"
"Q96BR5","COA7",-0.0384905013635723,26.015248320712,-0.411285187182137,0.686850134949613,0.923603913330383,-6.5250561860709,"Human_vs_QC","limma_eBayes_BH"
"O14777","NDC80",-0.0894222169984964,24.0131828429729,-0.411212992656075,0.686901892905889,0.923603913330383,-6.52508698969488,"Human_vs_QC","limma_eBayes_BH"
"O15091","PRORP",0.241705070767921,21.0886935503589,0.410972229935195,0.687074513103447,0.923603913330383,-6.52518967903594,"Human_vs_QC","limma_eBayes_BH"
"Q641Q2","WASHC2A",-0.482804671023271,20.4025163877216,-0.410957128632035,0.687085340920725,0.923603913330383,-6.52519611803753,"Human_vs_QC","limma_eBayes_BH"
"O95433","AHSA1",0.0803558543011533,26.4307626310481,0.410767591768998,0.687221247183305,0.923603913330383,-6.52527691446822,"Human_vs_QC","limma_eBayes_BH"
"Q14687","GSE1",-0.0963999572745422,24.7851343764967,-0.41041918504195,0.687471099278907,0.923603913330383,-6.52542533953097,"Human_vs_QC","limma_eBayes_BH"
"P19174","PLCG1",-0.178558773235562,23.974341642768,-0.410293995366602,0.687560885475435,0.923603913330383,-6.52547864165498,"Human_vs_QC","limma_eBayes_BH"
"P42285","MTREX",0.0484408037195507,27.1377961047134,0.410139195775913,0.687671914678376,0.923603913330383,-6.52554452885772,"Human_vs_QC","limma_eBayes_BH"
"P32780","GTF2H1",-0.113236400584558,23.7158591634309,-0.409243088507047,0.688314789232374,0.923603913330383,-6.52592546092033,"Human_vs_QC","limma_eBayes_BH"
"A8CG34","POM121C",-0.16725083271416,23.1593205429321,-0.409023464755458,0.688472387103972,0.923603913330383,-6.5260186980237,"Human_vs_QC","limma_eBayes_BH"
"O75880","SCO1",0.165944683940072,22.2143467951673,0.408901265924371,0.688560081162891,0.923603913330383,-6.5260705540523,"Human_vs_QC","limma_eBayes_BH"
"Q02880","TOP2B",-0.121278040020691,22.4380448391247,-0.408618406453778,0.688763088548549,0.923603913330383,-6.52619052960689,"Human_vs_QC","limma_eBayes_BH"
"O60762","DPM1",0.142650671664843,22.7186005151454,0.408467676264293,0.688871277275612,0.923603913330383,-6.52625442906929,"Human_vs_QC","limma_eBayes_BH"
"Q8WUB8","PHF10",-0.11210569154132,23.7842968416372,-0.408294760574189,0.688995398627581,0.923603913330383,-6.52632770532513,"Human_vs_QC","limma_eBayes_BH"
"P12081","HARS1",0.0822444471921457,26.0823477818022,0.407274086743361,0.689728241403903,0.923603913330383,-6.52675961738032,"Human_vs_QC","limma_eBayes_BH"
"Q99575","POP1",-0.17120428840575,23.0846781716093,-0.407256152582761,0.689741120993162,0.923603913330383,-6.52676719702226,"Human_vs_QC","limma_eBayes_BH"
"Q99808","SLC29A1",0.234680672654367,23.0600995346628,0.406812031642339,0.690060102400903,0.923603913330383,-6.52695479497696,"Human_vs_QC","limma_eBayes_BH"
"Q6PL18","ATAD2",-0.0972558247035735,25.2618648335062,-0.406798936393088,0.690069508738897,0.923603913330383,-6.52696032341204,"Human_vs_QC","limma_eBayes_BH"
"Q5SW96","LDLRAP1",0.3148777282791,20.8848583873057,0.406539118037299,0.690256147614601,0.923603913330383,-6.52706997524675,"Human_vs_QC","limma_eBayes_BH"
"P27348","YWHAQ",0.0397511201712,28.0355225777942,0.406418847993282,0.690342549895629,0.923603913330383,-6.52712070995625,"Human_vs_QC","limma_eBayes_BH"
"O00165","HAX1",-0.0943987185447845,23.9455015218374,-0.405644591484879,0.690898884377713,0.923603913330383,-6.52744697108881,"Human_vs_QC","limma_eBayes_BH"
"P35520","CBS",0.0741135900022414,27.2482814794817,0.405180948373378,0.69123211904549,0.923603913330383,-6.52764205291874,"Human_vs_QC","limma_eBayes_BH"
"P15311","EZR",0.113957956407631,27.7158186940812,0.404762385710007,0.691533009823427,0.923603913330383,-6.52781797948925,"Human_vs_QC","limma_eBayes_BH"
"Q6ZN55","ZNF574",0.342168069252825,21.1959241215493,0.403869000405512,0.692175414963667,0.923603913330383,-6.52819288484006,"Human_vs_QC","limma_eBayes_BH"
"Q709C8","VPS13C",0.288422207205873,20.7288147128762,0.40363144753141,0.692346272980854,0.923603913330383,-6.52829243661757,"Human_vs_QC","limma_eBayes_BH"
"O96019","ACTL6A",0.0680637093689462,27.1688723036743,0.403474668982486,0.692459044191225,0.923603913330383,-6.52835810676835,"Human_vs_QC","limma_eBayes_BH"
"Q9UHA3","RSL24D1",0.0543204372772728,25.0025077471254,0.40343494223683,0.692487620938087,0.923603913330383,-6.52837474323111,"Human_vs_QC","limma_eBayes_BH"
"P46087","NOP2",0.0450349097347988,24.8748988698735,0.403229360172871,0.692635510570168,0.923603913330383,-6.52846080973137,"Human_vs_QC","limma_eBayes_BH"
"Q9NWS6","SIRAL2",0.289815172696262,22.375974957499,0.403024105257825,0.692783177787198,0.923603913330383,-6.52854669649034,"Human_vs_QC","limma_eBayes_BH"
"P39748","FEN1",0.0791832022928958,26.8539309421456,0.402919727332519,0.692858275692863,0.923603913330383,-6.52859035593792,"Human_vs_QC","limma_eBayes_BH"
"Q8TAC1","RFESD",-0.0806218078961436,23.6735049363196,-0.402902640018036,0.692870570004295,0.923603913330383,-6.52859750220757,"Human_vs_QC","limma_eBayes_BH"
"Q14315","FLNC",0.0513325744785469,26.7708399121465,0.402780635550093,0.6929583547374,0.923603913330383,-6.52864851839907,"Human_vs_QC","limma_eBayes_BH"
"P55081","MFAP1",-0.0418470550042613,25.3236920923366,-0.40269010051057,0.693023499514176,0.923603913330383,-6.52868636588023,"Human_vs_QC","limma_eBayes_BH"
"Q9NS69","TOMM22",-0.0504546427805543,26.1332152910722,-0.402396691360876,0.693234640252005,0.923603913330383,-6.52880896617451,"Human_vs_QC","limma_eBayes_BH"
"Q13131","PRKAA1",-0.122571859520644,24.011218598968,-0.402277249481309,0.693320599606061,0.923603913330383,-6.52885884965077,"Human_vs_QC","limma_eBayes_BH"
"Q13951","CBFB",-0.0652860530730948,24.7172704737835,-0.401902506196171,0.693590321369363,0.923603913330383,-6.52901526274399,"Human_vs_QC","limma_eBayes_BH"
"Q8N5K1","CISD2",-0.375183413131449,22.4619994790561,-0.401525551148532,0.693861678369967,0.923603913330383,-6.52917245521209,"Human_vs_QC","limma_eBayes_BH"
"Q9BTA9","WAC",-0.052155374891143,23.6310108729556,-0.40151012256439,0.693872785803186,0.923603913330383,-6.52917888595012,"Human_vs_QC","limma_eBayes_BH"
"P30405","PPIF",0.136265974530296,26.413916313618,0.401322987972327,0.694007514582941,0.923603913330383,-6.52925686567467,"Human_vs_QC","limma_eBayes_BH"
"Q9BUQ8","DDX23",-0.0272415769500931,25.1339375473597,-0.401187379700829,0.694105153332969,0.923603913330383,-6.5293133519666,"Human_vs_QC","limma_eBayes_BH"
"Q96P16","RPRD1A",0.0719557509547712,23.2688467035346,0.401148543643708,0.694133116555944,0.923603913330383,-6.52932952530612,"Human_vs_QC","limma_eBayes_BH"
"Q6P1Q9","METTL2B",0.0839104379372166,23.7102822997314,0.400980251168699,0.694254297926641,0.923603913330383,-6.52939959329178,"Human_vs_QC","limma_eBayes_BH"
"Q15785","TOMM34",0.031660300071362,27.1642491429772,0.400795661254634,0.694387224438064,0.923603913330383,-6.52947641360031,"Human_vs_QC","limma_eBayes_BH"
"Q96BW5","PTER",-0.1309561571613,23.0228273113308,-0.400761241587267,0.694412011808537,0.923603913330383,-6.52949073411863,"Human_vs_QC","limma_eBayes_BH"
"Q8IX12","CCAR1",-0.0491979504379891,25.560679641491,-0.399893629014275,0.695036943493109,0.923603913330383,-6.52985131254181,"Human_vs_QC","limma_eBayes_BH"
"P17655","CAPN2",-0.0318553926643617,25.9379628891929,-0.399791060606022,0.695110837535983,0.923603913330383,-6.52989388930099,"Human_vs_QC","limma_eBayes_BH"
"Q9NT62","ATG3",-0.0447125641664883,24.6442385941776,-0.399511057391177,0.695312578425931,0.923603913330383,-6.53001006593115,"Human_vs_QC","limma_eBayes_BH"
"P63244","RACK1",0.23395885021236,28.4112150143228,0.399336290360189,0.695438509274612,0.923603913330383,-6.53008253848299,"Human_vs_QC","limma_eBayes_BH"
"O00303","EIF3F",0.0634681886889119,26.4109764117514,0.39912764307099,0.695588865187831,0.923603913330383,-6.53016901991924,"Human_vs_QC","limma_eBayes_BH"
"Q14155","ARHGEF7",-0.32302536006689,23.4672423569397,-0.398589622943599,0.695976635609489,0.923603913330383,-6.53039181792529,"Human_vs_QC","limma_eBayes_BH"
"Q13330","MTA1",-0.107256552742054,23.6124669286532,-0.398585231656245,0.695979800929784,0.923603913330383,-6.53039363517968,"Human_vs_QC","limma_eBayes_BH"
"Q99590","SCAF11",-0.077557076190768,26.7480749636172,-0.398493886748979,0.696045645338681,0.923603913330383,-6.53043143216785,"Human_vs_QC","limma_eBayes_BH"
"P31150","GDI1",-0.12678970947151,24.6880112246054,-0.398044199870134,0.696369831339162,0.923603913330383,-6.53061738151359,"Human_vs_QC","limma_eBayes_BH"
"P49368","CCT3",0.146103808287151,28.8919810714656,0.397932831398302,0.696450128017585,0.923603913330383,-6.53066340159633,"Human_vs_QC","limma_eBayes_BH"
"P50416","CPT1A",-0.160536237391867,24.5052746145843,-0.397059287252153,0.697080083840129,0.923925930623784,-6.53102393377538,"Human_vs_QC","limma_eBayes_BH"
"Q8WXI9","GATAD2B",-0.0731029562782695,24.3875614276172,-0.396908372224942,0.697188939535885,0.923925930623784,-6.53108614143654,"Human_vs_QC","limma_eBayes_BH"
"Q96QZ7","MAGI1",-0.386590937799824,22.3512974306768,-0.396549873626017,0.697447553840839,0.923925930623784,-6.53123382296646,"Human_vs_QC","limma_eBayes_BH"
"P26038","MSN",0.101993292965567,28.0418883918001,0.396134516040105,0.697747233781991,0.923925930623784,-6.53140476399244,"Human_vs_QC","limma_eBayes_BH"
"Q9UIA9","XPO7",0.0271735827716313,25.3624110815249,0.395860568494111,0.697944915104594,0.923925930623784,-6.531517411595,"Human_vs_QC","limma_eBayes_BH"
"P20810","CAST",-0.0563248635958544,25.2374367626593,-0.395469026112738,0.698227492538982,0.923925930623784,-6.53167828199664,"Human_vs_QC","limma_eBayes_BH"
"O75347","TBCA",0.101528216483214,27.2007279596201,0.39546128624153,0.698233078896132,0.923925930623784,-6.53168146045596,"Human_vs_QC","limma_eBayes_BH"
"Q12768","WASHC5",-0.174984634315937,22.7018802695027,-0.395254395196774,0.698382412016653,0.923925930623784,-6.53176639987672,"Human_vs_QC","limma_eBayes_BH"
"O60244","MED14",-0.209193842189311,22.0869610840503,-0.394824170825218,0.698692987566328,0.924057382286181,-6.53194288987442,"Human_vs_QC","limma_eBayes_BH"
"P84085","ARF5",0.193600374005218,24.9700390734061,0.393965994639556,0.699312664693885,0.924587650654729,-6.53229437586407,"Human_vs_QC","limma_eBayes_BH"
"Q99543","DNAJC2",-0.0533420579557244,24.7825612614067,-0.393316242862612,0.699781988851491,0.924587650654729,-6.5325599989651,"Human_vs_QC","limma_eBayes_BH"
"O75569","PRKRA",0.0453600957359122,25.843699318995,0.393278905582813,0.699808961909712,0.924587650654729,-6.53257524967189,"Human_vs_QC","limma_eBayes_BH"
"Q05D32","CTDSPL2",-0.098187420525413,23.6558798984119,-0.392951220750947,0.700045704725796,0.924587650654729,-6.53270903434513,"Human_vs_QC","limma_eBayes_BH"
"Q14676","MDC1",-0.122195270397253,23.5873745971052,-0.392568772506294,0.700322053291139,0.924587650654729,-6.53286503938748,"Human_vs_QC","limma_eBayes_BH"
"P56181","NDUFV3",0.133328576508298,23.2920416580634,0.392513581123834,0.700361936975948,0.924587650654729,-6.53288754031235,"Human_vs_QC","limma_eBayes_BH"
"Q6WKZ4","RAB11FIP1",-0.0596858973925798,26.8891279273254,-0.392080340047797,0.700675047480645,0.92472197065696,-6.53306406042656,"Human_vs_QC","limma_eBayes_BH"
"O75694","NUP155",0.031569111965613,25.6851190354128,0.390842610344144,0.701569884973738,0.925050074914662,-6.53356731082202,"Human_vs_QC","limma_eBayes_BH"
"Q00169","PITPNA",-0.0517602334737255,23.9788233476738,-0.390825520931596,0.701582243259391,0.925050074914662,-6.5335742483313,"Human_vs_QC","limma_eBayes_BH"
"Q9NR50","EIF2B3",0.0308726950256855,26.4010715284009,0.390542001582905,0.701787284288158,0.925050074914662,-6.53368930071534,"Human_vs_QC","limma_eBayes_BH"
"P04080","CSTB",0.120512130169082,27.546270501804,0.39001255841677,0.702170241554884,0.925050074914662,-6.53390393036036,"Human_vs_QC","limma_eBayes_BH"
"Q9NVA1","UQCC1",0.216359412012334,21.8867175699549,0.38988858060101,0.70225992938015,0.925050074914662,-6.53395414823026,"Human_vs_QC","limma_eBayes_BH"
"P23526","AHCY",0.174749576545608,28.2926604393938,0.389503191873438,0.702538755926692,0.925050074914662,-6.53411015216001,"Human_vs_QC","limma_eBayes_BH"
"Q8IZL8","PELP1",-0.0597227048868199,25.9352068197838,-0.388822553438208,0.703031302066215,0.925050074914662,-6.53438530312777,"Human_vs_QC","limma_eBayes_BH"
"P00761","",0.21196795478745,31.0617079862836,0.388292265277158,0.703415142331537,0.925050074914662,-6.53459934781038,"Human_vs_QC","limma_eBayes_BH"
"O75494","SRSF10",0.179697744932447,28.2122870303701,0.388246138848142,0.703448534133726,0.925050074914662,-6.53461795268811,"Human_vs_QC","limma_eBayes_BH"
"Q9UHD1","CHORDC1",0.0670134260355795,26.6008186866156,0.388163853637047,0.703508103538814,0.925050074914662,-6.53465113666624,"Human_vs_QC","limma_eBayes_BH"
"P20839","IMPDH1",0.0330654995586848,25.3931131826542,0.388056341943811,0.703585938389666,0.925050074914662,-6.53469448360147,"Human_vs_QC","limma_eBayes_BH"
"P52630","STAT2",0.0953400213632527,23.4161779572857,0.38783609172722,0.70374540286569,0.925050074914662,-6.5347832481273,"Human_vs_QC","limma_eBayes_BH"
"Q8NFH3","NUP43",0.0335475274799322,25.8746773435301,0.387462311948402,0.704016058029663,0.925050074914662,-6.53493377470469,"Human_vs_QC","limma_eBayes_BH"
"P43304","GPD2",-0.122928963035218,23.8930178848832,-0.387382670096858,0.704073732315406,0.925050074914662,-6.53496582927399,"Human_vs_QC","limma_eBayes_BH"
"Q9BTZ2","DHRS4",0.138230304028696,23.6732302896418,0.387352947509835,0.70409525702076,0.925050074914662,-6.53497779048565,"Human_vs_QC","limma_eBayes_BH"
"P43616","DUG1",-0.193700665588786,26.0719780075296,-0.386896484199433,0.704425854642182,0.92510509015545,-6.53516137137498,"Human_vs_QC","limma_eBayes_BH"
"Q6GQQ9","OTUD7B",0.366710508576862,20.6034969201756,0.386012068942909,0.705066575989406,0.92510509015545,-6.53551646314823,"Human_vs_QC","limma_eBayes_BH"
"A6NED2","RCCD1",0.286724272719979,21.7708574464536,0.386008610185415,0.705069082167121,0.92510509015545,-6.53551785027331,"Human_vs_QC","limma_eBayes_BH"
"Q9UPN7","PPP6R1",-0.0685556955564444,24.4698470489136,-0.385165920811598,0.705679791058669,0.92510509015545,-6.53585544571429,"Human_vs_QC","limma_eBayes_BH"
"O95793","STAU1",0.0380559223653378,25.1285424153034,0.385088452715814,0.705735943813926,0.92510509015545,-6.53588644445757,"Human_vs_QC","limma_eBayes_BH"
"Q8IXH7","NELFCD",-0.0823254200867076,23.9612540693686,-0.384930221075013,0.705850643537217,0.92510509015545,-6.53594974163565,"Human_vs_QC","limma_eBayes_BH"
"Q8IYS2","KIAA2013",-0.293420250113208,22.0328693948031,-0.384849654945174,0.705909047545989,0.92510509015545,-6.53598196060001,"Human_vs_QC","limma_eBayes_BH"
"Q8IXT5","RBM12B",-0.0523813959536383,24.6765351416607,-0.384689719010753,0.706024993999231,0.92510509015545,-6.53604590053624,"Human_vs_QC","limma_eBayes_BH"
"Q13907","IDI1",0.0305402034183544,25.21652530907,0.384587029543646,0.706099443283317,0.92510509015545,-6.53608694048807,"Human_vs_QC","limma_eBayes_BH"
"Q9BW92","TARS2",-0.127951983260129,23.6185567350693,-0.384229550501423,0.706358637828675,0.92510509015545,-6.53622972364392,"Human_vs_QC","limma_eBayes_BH"
"Q9NQG6","MIEF1",0.21904935567439,21.0702547786126,0.384085478021369,0.70646310999071,0.92510509015545,-6.53628723184746,"Human_vs_QC","limma_eBayes_BH"
"Q04637","EIF4G1",0.0577576853141757,26.855758708125,0.383351391078356,0.70699551789754,0.925287956129955,-6.53657992308722,"Human_vs_QC","limma_eBayes_BH"
"Q16773","KYAT1",0.242106343009514,21.9122762756234,0.383309719408208,0.707025745678272,0.925287956129955,-6.53659652174027,"Human_vs_QC","limma_eBayes_BH"
"Q9H4A3","WNK1",-0.0897225121330258,22.9390874999153,-0.382301289708505,0.70775739568861,0.925968482696671,-6.53699766027233,"Human_vs_QC","limma_eBayes_BH"
"Q9BZI7","UPF3B",-0.118196518155422,23.117597791465,-0.381441989883305,0.708381082480785,0.926507394873971,-6.53733866010332,"Human_vs_QC","limma_eBayes_BH"
"P62306","SNRPF",0.0997937870886538,27.2428707935126,0.380690994098385,0.708926338490709,0.92662919460664,-6.53763606543627,"Human_vs_QC","limma_eBayes_BH"
"O14925","TIMM23",0.315478783877101,24.4249991862095,0.380511036207376,0.709057020356299,0.92662919460664,-6.53770724609182,"Human_vs_QC","limma_eBayes_BH"
"O75448","MED24",-0.22119222631596,23.4361672486926,-0.380284461567764,0.709221567849513,0.92662919460664,-6.53779681866069,"Human_vs_QC","limma_eBayes_BH"
"P39019","RPS19",0.202912956391096,27.8809399450364,0.379707525989146,0.709640629080097,0.92662919460664,-6.53802466460892,"Human_vs_QC","limma_eBayes_BH"
"Q96DA6","DNAJC19",-0.176366884247354,26.0065073401302,-0.379545194232658,0.709758557416542,0.92662919460664,-6.53808871226746,"Human_vs_QC","limma_eBayes_BH"
"Q9UBW8","COPS7A",0.110723560399183,22.8804600563943,0.379373113433188,0.709883576486571,0.92662919460664,-6.53815657708271,"Human_vs_QC","limma_eBayes_BH"
"Q13573","SNW1",-0.0277845408377644,24.9718901585945,-0.378553203098649,0.71047937119044,0.92662919460664,-6.53847951710569,"Human_vs_QC","limma_eBayes_BH"
"Q99570","PIK3R4",-0.18872081909619,23.6048767155117,-0.378515202434906,0.710506989439214,0.92662919460664,-6.53849446791139,"Human_vs_QC","limma_eBayes_BH"
"Q6IAA8","LAMTOR1",0.0586338814539431,24.7405699928903,0.378149125909444,0.710773069280499,0.92662919460664,-6.53863842001904,"Human_vs_QC","limma_eBayes_BH"
"Q9H3S7","PTPN23",-0.0704718307178851,24.8351749390884,-0.378072050790013,0.710829095693259,0.92662919460664,-6.53866871083451,"Human_vs_QC","limma_eBayes_BH"
"Q86X55","CARM1",-0.0310559343685739,24.9332841913582,-0.378065173842424,0.710834094675786,0.92662919460664,-6.538671413207,"Human_vs_QC","limma_eBayes_BH"
"Q13094","LCP2",-0.235400238218208,22.3639850193532,-0.377815194657666,0.711015818581598,0.92662919460664,-6.53876961257855,"Human_vs_QC","limma_eBayes_BH"
"Q6FI81","CIAPIN1",-0.0576328529360772,25.8707435297623,-0.376636879009181,0.71187264682342,0.926819468945248,-6.53923163312825,"Human_vs_QC","limma_eBayes_BH"
"P41214","EIF2D",-0.0793047253539925,23.6656624175642,-0.376540849365867,0.711942493837699,0.926819468945248,-6.53926922424427,"Human_vs_QC","limma_eBayes_BH"
"Q9H0C8","ILKAP",-0.0888737488515083,24.2603328736921,-0.376457619204452,0.712003033330741,0.926819468945248,-6.53930179735926,"Human_vs_QC","limma_eBayes_BH"
"Q13111","CHAF1A",0.0654397979104786,24.768573878996,0.376449146049203,0.712009196599995,0.926819468945248,-6.53930511303357,"Human_vs_QC","limma_eBayes_BH"
"Q5SNV9","C1orf167",0.167502979828903,24.2608777221477,0.376127408011613,0.712243240295255,0.926848357017174,-6.53943095987703,"Human_vs_QC","limma_eBayes_BH"
"Q9BU76","MMTAG2",-0.0619687225929297,23.4299820206818,-0.375835566507377,0.712455562117795,0.926848969451488,-6.53954502153555,"Human_vs_QC","limma_eBayes_BH"
"Q6YHU6","THADA",-0.316244553279731,23.4821084449015,-0.375465005589279,0.712725189753887,0.926867339079974,-6.53968972435192,"Human_vs_QC","limma_eBayes_BH"
"P14868","DARS1",0.0994428729758567,27.3885409728996,0.374946874775693,0.713102258806199,0.926867339079974,-6.53989181806269,"Human_vs_QC","limma_eBayes_BH"
"Q9ULR3","PPM1H",0.331033977303949,22.3754334399423,0.374534479635592,0.713402434278994,0.926867339079974,-6.5400524746491,"Human_vs_QC","limma_eBayes_BH"
"Q9P253","VPS18",-0.160213683488237,22.6676407179343,-0.373870075268537,0.713886146229943,0.926867339079974,-6.54031094169571,"Human_vs_QC","limma_eBayes_BH"
"Q03188","CENPC",-0.140523029955439,21.9783056028047,-0.37358661435032,0.714092555409674,0.926867339079974,-6.54042107689926,"Human_vs_QC","limma_eBayes_BH"
"O43715","TRIAP1",-0.0947404929647995,23.7100862743424,-0.373384848191372,0.714239490597909,0.926867339079974,-6.54049942071527,"Human_vs_QC","limma_eBayes_BH"
"P50453","SERPINB9",-0.0459898639407541,25.0963295520632,-0.373141516980195,0.714416710912737,0.926867339079974,-6.54059384861884,"Human_vs_QC","limma_eBayes_BH"
"O75208","COQ9",-0.188211467716151,23.5860486249858,-0.372712096413593,0.714729503331694,0.926867339079974,-6.54076034368237,"Human_vs_QC","limma_eBayes_BH"
"Q03154","ACY1",0.0296168737006468,25.312392064827,0.372613303632827,0.714801472064135,0.926867339079974,-6.54079862104216,"Human_vs_QC","limma_eBayes_BH"
"Q14257","RCN2",-0.118283149378684,23.5936130807845,-0.372432041160406,0.71493352575018,0.926867339079974,-6.54086882548286,"Human_vs_QC","limma_eBayes_BH"
"O00487","PSMD14",-0.0669170778973438,26.9786861107926,-0.372248787931156,0.715067039339352,0.926867339079974,-6.54093976690155,"Human_vs_QC","limma_eBayes_BH"
"Q9Y6H1","CHCHD2",0.0712607956962756,26.1939424471625,0.371915511341578,0.715309880799554,0.926867339079974,-6.54106869793896,"Human_vs_QC","limma_eBayes_BH"
"P42773","CDKN2C",0.196663273744122,23.7313876616268,0.371132140990812,0.715880807804624,0.926867339079974,-6.5413713057329,"Human_vs_QC","limma_eBayes_BH"
"Q9Y285","FARSA",-0.0285350415394028,26.8780561672981,-0.371122889752108,0.715887551237052,0.926867339079974,-6.54137487565057,"Human_vs_QC","limma_eBayes_BH"
"P29372","MPG",-0.138658455547777,23.618679286618,-0.370907963753647,0.716044222447232,0.926867339079974,-6.5414577878777,"Human_vs_QC","limma_eBayes_BH"
"Q12769","NUP160",0.0283312020032938,25.0650811820333,0.370832196866361,0.716099456190833,0.926867339079974,-6.54148700531667,"Human_vs_QC","limma_eBayes_BH"
"P48634","PRRC2A",-0.0779595989399624,26.0390595959067,-0.370191716546866,0.716566429279052,0.926867339079974,-6.54173375516631,"Human_vs_QC","limma_eBayes_BH"
"Q8WVD3","RNF138",-0.118104255607673,23.5978555218807,-0.369856768645603,0.716810685907601,0.926867339079974,-6.54186262972111,"Human_vs_QC","limma_eBayes_BH"
"O75792","RNASEH2A",0.0694712353708056,24.4782568160377,0.368909570523613,0.717501591784918,0.926867339079974,-6.54222645419847,"Human_vs_QC","limma_eBayes_BH"
"O75175","CNOT3",0.0652893575250459,23.6687088202516,0.368719281585961,0.717640423323868,0.926867339079974,-6.542299434903,"Human_vs_QC","limma_eBayes_BH"
"Q8TCC3","MRPL30",-0.212075540797557,23.4228979876113,-0.368195329218214,0.718022743249914,0.926867339079974,-6.54250019319982,"Human_vs_QC","limma_eBayes_BH"
"P18615","NELFE",-0.0770427504444875,25.1114457235742,-0.368094617756241,0.718096239795206,0.926867339079974,-6.54253874984311,"Human_vs_QC","limma_eBayes_BH"
"Q9BSJ8","ESYT1",-0.0264309852763311,24.9949995829952,-0.368077938938532,0.718108411831053,0.926867339079974,-6.54254513420698,"Human_vs_QC","limma_eBayes_BH"
"P11166","SLC2A1",-0.0449710562594454,24.4084857955855,-0.367740760863534,0.718354498011168,0.926867339079974,-6.54267413928539,"Human_vs_QC","limma_eBayes_BH"
"Q9BRS2","RIOK1",-0.105530637335551,24.0197042659842,-0.367634164749128,0.718432302884698,0.926867339079974,-6.54271489905861,"Human_vs_QC","limma_eBayes_BH"
"Q9UIV1","CNOT7",-0.28744530270356,22.7273028721311,-0.367538183391152,0.71850236277296,0.926867339079974,-6.54275159008495,"Human_vs_QC","limma_eBayes_BH"
"Q9NZJ9","NUDT4",-0.0824118652116006,25.2358230027309,-0.367450719004589,0.718566208128066,0.926867339079974,-6.542785017121,"Human_vs_QC","limma_eBayes_BH"
"P50552","VASP",-0.050756743398356,25.7788498610574,-0.367396369552179,0.71860588205659,0.926867339079974,-6.54280578439776,"Human_vs_QC","limma_eBayes_BH"
"Q9Y605","MRFAP1",0.117393021332006,23.4787205260158,0.36738594897283,0.718613488950691,0.926867339079974,-6.54280976582403,"Human_vs_QC","limma_eBayes_BH"
"P82933","MRPS9",-0.060759647816969,24.0860335207649,-0.366250600081286,0.719442464146067,0.926922874551148,-6.54324288862943,"Human_vs_QC","limma_eBayes_BH"
"Q06546","GABPA",-0.115703335343913,24.1413986134683,-0.365842720402279,0.719740366755539,0.926922874551148,-6.54339816889865,"Human_vs_QC","limma_eBayes_BH"
"P63172","DYNLT1",0.0705632119303203,24.1060451656292,0.365630815766963,0.719895153883377,0.926922874551148,-6.5434787742094,"Human_vs_QC","limma_eBayes_BH"
"Q5MIZ7","PPP4R3B",-0.131566742731209,23.4949906098008,-0.364927466476402,0.720409010975958,0.926922874551148,-6.54374598904045,"Human_vs_QC","limma_eBayes_BH"
"Q8NBJ7","SUMF2",0.217105881083171,23.6400585589536,0.364446631385894,0.720760382729682,0.926922874551148,-6.54392837614315,"Human_vs_QC","limma_eBayes_BH"
"Q75QN2","INTS8",0.279282052485968,20.7710961435223,0.364043166045239,0.721055266615236,0.926922874551148,-6.54408123374169,"Human_vs_QC","limma_eBayes_BH"
"P14927","UQCRB",0.0703515369870225,25.680875116468,0.363772016572718,0.721253469537683,0.926922874551148,-6.54418386852896,"Human_vs_QC","limma_eBayes_BH"
"Q9UJA5","TRMT6",0.0980893874121485,25.5320375922069,0.363598531845499,0.721380293038205,0.926922874551148,-6.54424949613098,"Human_vs_QC","limma_eBayes_BH"
"Q9Y5X3","SNX5",-0.0475645615543598,24.2567050899978,-0.36323521922712,0.721645914919039,0.926922874551148,-6.54438683422347,"Human_vs_QC","limma_eBayes_BH"
"Q9HD45","TM9SF3",0.0772455078127017,24.2881474039114,0.362049883848187,0.72251278474058,0.926922874551148,-6.54483397301057,"Human_vs_QC","limma_eBayes_BH"
"Q9HAV4","XPO5",-0.0260891674571972,25.8883420956204,-0.361867228235961,0.722646401109037,0.926922874551148,-6.54490274777602,"Human_vs_QC","limma_eBayes_BH"
"O75586","MED6",-0.285735977582068,21.3527187074203,-0.361764547736049,0.722721518131744,0.926922874551148,-6.54494139479173,"Human_vs_QC","limma_eBayes_BH"
"Q96D71","REPS1",0.100175941593761,23.0640739395994,0.361686816653107,0.72277838510595,0.926922874551148,-6.54497064415262,"Human_vs_QC","limma_eBayes_BH"
"O00291","HIP1",0.266729386350924,21.6415221579113,0.36167757071838,0.722785149415305,0.926922874551148,-6.54497412288657,"Human_vs_QC","limma_eBayes_BH"
"Q7Z2T5","TRMT1L",-0.0906147659384544,24.6149948876315,-0.361344088873347,0.723029140149669,0.926922874551148,-6.54509953529215,"Human_vs_QC","limma_eBayes_BH"
"P01034","CST3",0.613363088464155,21.5821291387096,0.36098615517421,0.723291055641513,0.926922874551148,-6.54523401690102,"Human_vs_QC","limma_eBayes_BH"
"Q99829","CPNE1",0.0301097701607702,24.6908941248821,0.36085173007781,0.723389429530601,0.926922874551148,-6.54528448882771,"Human_vs_QC","limma_eBayes_BH"
"P50502","ST13",0.128389087753472,27.3784681827342,0.360622588089681,0.723557130021166,0.926922874551148,-6.5453704810858,"Human_vs_QC","limma_eBayes_BH"
"Q14192","FHL2",-0.141146466302011,23.1346227734062,-0.36059376112708,0.723578228441549,0.926922874551148,-6.54538129545137,"Human_vs_QC","limma_eBayes_BH"
"P50748","KNTC1",0.121050398787247,23.8767757143451,0.360544800635335,0.723614063100791,0.926922874551148,-6.54539966091653,"Human_vs_QC","limma_eBayes_BH"
"P00568","AK1",0.0601535279728544,25.4029974450913,0.360528139609629,0.72362625762006,0.926922874551148,-6.54540591003972,"Human_vs_QC","limma_eBayes_BH"
"O94905","ERLIN2",-0.267845624422357,22.3795271245891,-0.360419001986745,0.723706139425258,0.926922874551148,-6.54544683774845,"Human_vs_QC","limma_eBayes_BH"
"P25325","MPST",-0.0440985175206592,24.3669459406221,-0.359078728949799,0.724687405272245,0.926922874551148,-6.54594846129147,"Human_vs_QC","limma_eBayes_BH"
"Q9NWZ3","IRAK4",-0.134468974469673,22.7335639664495,-0.358940290664762,0.724788789845088,0.926922874551148,-6.54600016996026,"Human_vs_QC","limma_eBayes_BH"
"Q12788","TBL3",0.0466300543837228,26.0382886732773,0.358623515253624,0.725020798777799,0.926922874551148,-6.54611841640701,"Human_vs_QC","limma_eBayes_BH"
"Q16836","HADH",0.0372631845312625,27.7425760659557,0.358543998016215,0.725079042245478,0.926922874551148,-6.54614808263152,"Human_vs_QC","limma_eBayes_BH"
"P41252","IARS1",0.0641341880664932,27.3349602521306,0.358412340407972,0.725175480494676,0.926922874551148,-6.54619718713615,"Human_vs_QC","limma_eBayes_BH"
"P27144","AK4",0.0702581882553375,24.1683994488709,0.357734024306146,0.725672418517323,0.926922874551148,-6.54644989881197,"Human_vs_QC","limma_eBayes_BH"
"Q12374","NCA2",-0.235735685098192,25.3753095896451,-0.357602692483017,0.725768647685725,0.926922874551148,-6.54649877311736,"Human_vs_QC","limma_eBayes_BH"
"P61106","RAB14",0.0596779067778748,26.4484259744943,0.357532100317745,0.725820373802282,0.926922874551148,-6.54652503625993,"Human_vs_QC","limma_eBayes_BH"
"Q96G03","PGM2",0.0342235974411516,25.8199612250725,0.357319322515953,0.725976294220692,0.926922874551148,-6.54660416740145,"Human_vs_QC","limma_eBayes_BH"
"Q7LBC6","KDM3B",0.0643166200712599,24.4699496896401,0.357297086309588,0.725992589307941,0.926922874551148,-6.54661243427955,"Human_vs_QC","limma_eBayes_BH"
"Q9BW85","YJU2",0.161264645559129,23.3424468731104,0.357153377472643,0.726097905005027,0.926922874551148,-6.54666584952566,"Human_vs_QC","limma_eBayes_BH"
"Q9NVM9","INTS13",-0.0680254492179095,25.3537771546216,-0.357028216750769,0.726189632552494,0.926922874551148,-6.54671235341087,"Human_vs_QC","limma_eBayes_BH"
"P10515","DLAT",0.08731071220069,26.8658026893812,0.356896796444086,0.726285952285926,0.926922874551148,-6.54676116583264,"Human_vs_QC","limma_eBayes_BH"
"Q6PKG0","LARP1",0.0402143404283564,25.8507795280192,0.356728961738994,0.726408967586994,0.926922874551148,-6.546823477702,"Human_vs_QC","limma_eBayes_BH"
"Q96DT6","ATG4C",-0.20429766312683,21.5534795295266,-0.356610682611622,0.726495665562488,0.926922874551148,-6.54686737381206,"Human_vs_QC","limma_eBayes_BH"
"Q92896","GLG1",-0.0914060357712003,23.1837187699435,-0.355555045057497,0.72726961377256,0.927576919097515,-6.54725851183946,"Human_vs_QC","limma_eBayes_BH"
"Q9UL03","INTS6",-0.152711606063004,21.4468690783316,-0.3553331701031,0.72743232215396,0.927576919097515,-6.54734057673388,"Human_vs_QC","limma_eBayes_BH"
"O75083","WDR1",0.0625628572417867,27.1156656623309,0.354955390240802,0.727709392126198,0.927659845731968,-6.5474801903744,"Human_vs_QC","limma_eBayes_BH"
"Q9Y613","FHOD1",-0.0553811213224478,24.9106944916912,-0.354239145992702,0.728234805493909,0.928059211778576,-6.54774448749547,"Human_vs_QC","limma_eBayes_BH"
"P53582","METAP1",-0.0522626990006252,24.7194719873014,-0.353144389780831,0.729038155748997,0.928637646673494,-6.54814744343253,"Human_vs_QC","limma_eBayes_BH"
"P23396","RPS3",0.240172423938052,28.3821419374391,0.352990564523796,0.729151061666265,0.928637646673494,-6.54820396495292,"Human_vs_QC","limma_eBayes_BH"
"Q14152","EIF3A",-0.0474256601811298,26.0055561984378,-0.352577402880647,0.729454349569509,0.928637646673494,-6.5483556571868,"Human_vs_QC","limma_eBayes_BH"
"O95747","OXSR1",0.0261548596286616,25.2895720522213,0.352197600919426,0.729733190566169,0.928637646673494,-6.54849494739987,"Human_vs_QC","limma_eBayes_BH"
"Q8N9Q2","SREK1IP1",0.172844452860897,23.9443201460657,0.351386493735948,0.73032881724641,0.928637646673494,-6.54879192232375,"Human_vs_QC","limma_eBayes_BH"
"Q96Q89","KIF20B",-0.446798735779534,26.2796199093805,-0.351245198997258,0.730432593727181,0.928637646673494,-6.54884358647786,"Human_vs_QC","limma_eBayes_BH"
"Q9H061","TMEM126A",-0.158033819280899,23.1090554404611,-0.350895446641414,0.730689499153423,0.928637646673494,-6.54897138491656,"Human_vs_QC","limma_eBayes_BH"
"O95219","SNX4",0.270773373438562,20.2052817256817,0.350865331012235,0.730711621706752,0.928637646673494,-6.54898238322335,"Human_vs_QC","limma_eBayes_BH"
"Q9UN37","VPS4A",-0.0958352264409363,25.8212501507976,-0.350737343724498,0.73080564228311,0.928637646673494,-6.54902911416566,"Human_vs_QC","limma_eBayes_BH"
"O95861","BPNT1",0.0402062702785031,25.4553522286229,0.349999587568265,0.731347691535332,0.928637646673494,-6.54929815824808,"Human_vs_QC","limma_eBayes_BH"
"O15213","WDR46",0.104900792788342,23.6296638826602,0.349605683261162,0.73163716436784,0.928637646673494,-6.54944157877745,"Human_vs_QC","limma_eBayes_BH"
"Q9ULH1","ASAP1",-0.527317618436356,21.1094488458174,-0.349260778375941,0.731890663144758,0.928637646673494,-6.54956702824907,"Human_vs_QC","limma_eBayes_BH"
"Q92599","SEPTIN8",-0.0907764155135489,25.5838996727334,-0.348553303578122,0.732410745419347,0.928637646673494,-6.54982397140179,"Human_vs_QC","limma_eBayes_BH"
"Q9NVM6","DNAJC17",-0.0628487498623755,24.1110178402488,-0.34834036346133,0.732567309607354,0.928637646673494,-6.54990120744415,"Human_vs_QC","limma_eBayes_BH"
"Q9P2E9","RRBP1",-0.130615780245606,26.932733024641,-0.347999648889528,0.732817845543736,0.928637646673494,-6.55002469234789,"Human_vs_QC","limma_eBayes_BH"
"P83731","RPL24",0.147059523184002,26.3013951522567,0.347271199273288,0.733353598328913,0.928637646673494,-6.55028830517464,"Human_vs_QC","limma_eBayes_BH"
"Q00534","CDK6",0.0280072945659953,24.8765613974203,0.347000885811024,0.733552442311098,0.928637646673494,-6.55038598858698,"Human_vs_QC","limma_eBayes_BH"
"Q7Z7L9","ZSCAN2",-0.249943355787696,23.0360458282144,-0.34692274827778,0.733609924368843,0.928637646673494,-6.55041421128045,"Human_vs_QC","limma_eBayes_BH"
"P54727","RAD23B",0.0963094415697654,26.4929674083807,0.346807158792604,0.733694961070543,0.928637646673494,-6.55045594987802,"Human_vs_QC","limma_eBayes_BH"
"P48454","PPP3CC",0.296835359554525,21.7605562289742,0.346562664807094,0.733874841947251,0.928637646673494,-6.5505441899756,"Human_vs_QC","limma_eBayes_BH"
"P06730","EIF4E",0.0565079888466542,26.978713062233,0.346332018041606,0.734044549856609,0.928637646673494,-6.55062737639203,"Human_vs_QC","limma_eBayes_BH"
"Q9UKN8","GTF3C4",0.0645309321465319,23.6202916080653,0.345993317282623,0.734293789007759,0.928637646673494,-6.55074943548725,"Human_vs_QC","limma_eBayes_BH"
"Q07866","KLC1",-0.0630859575474183,24.7843956531081,-0.344838302539449,0.73514396039301,0.928637646673494,-6.55116479008525,"Human_vs_QC","limma_eBayes_BH"
"P05091","ALDH2",0.0765848112477201,25.0842839373352,0.344667320986109,0.735269845269315,0.928637646673494,-6.55122616065278,"Human_vs_QC","limma_eBayes_BH"
"P07996","THBS1",-0.104571461922792,23.3552671624712,-0.344649333358919,0.735283089086308,0.928637646673494,-6.55123261522818,"Human_vs_QC","limma_eBayes_BH"
"Q13371","PDCL",-0.184926867472594,22.0583441413843,-0.344623858024822,0.735301846053952,0.928637646673494,-6.55124175608184,"Human_vs_QC","limma_eBayes_BH"
"Q32P44","EML3",0.105596319364615,22.2631961474437,0.344514244012874,0.735382554601095,0.928637646673494,-6.55128107931488,"Human_vs_QC","limma_eBayes_BH"
"Q9Y3P9","RABGAP1",-0.304488568279591,22.83487983755,-0.344083781104791,0.735699534707246,0.928637646673494,-6.55143538573178,"Human_vs_QC","limma_eBayes_BH"
"Q92598","HSPH1",0.0408110511942823,26.7308060494785,0.343706503242728,0.735977391853794,0.928637646673494,-6.55157047106657,"Human_vs_QC","limma_eBayes_BH"
"P49755","TMED10",-0.0941058251909794,24.0212029637932,-0.343667685578485,0.736005982408311,0.928637646673494,-6.5515843615631,"Human_vs_QC","limma_eBayes_BH"
"P36915","GNL1",-0.0364875530022282,24.3792647066773,-0.342964398755061,0.736524047500785,0.928637646673494,-6.55183575815939,"Human_vs_QC","limma_eBayes_BH"
"Q14807","KIF22",-0.0823057931273929,23.5125562257437,-0.342835319137472,0.736619146351556,0.928637646673494,-6.55188184388096,"Human_vs_QC","limma_eBayes_BH"
"P56182","RRP1",0.045216201121459,24.9720890320105,0.342780132265742,0.736659806402509,0.928637646673494,-6.55190154222391,"Human_vs_QC","limma_eBayes_BH"
"P36969","GPX4",0.027291524676837,25.248658629736,0.342700030412965,0.736718824523484,0.928637646673494,-6.55193012814363,"Human_vs_QC","limma_eBayes_BH"
"Q587I9","SFT2D3",-0.17751738684456,22.4827145992715,-0.342411768462964,0.736931226811654,0.928637646673494,-6.55203294570111,"Human_vs_QC","limma_eBayes_BH"
"P26639","TARS1",0.118391004340573,27.3924406826616,0.342086444681952,0.737170964351972,0.928637646673494,-6.55214888027473,"Human_vs_QC","limma_eBayes_BH"
"O95905","ECD",-0.105709941000928,23.0216903545955,-0.341833430549417,0.737357435034781,0.928637646673494,-6.55223897114867,"Human_vs_QC","limma_eBayes_BH"
"P82664","MRPS10",-0.117401487920525,24.2233957883119,-0.341821096777505,0.737366525426107,0.928637646673494,-6.55224336116498,"Human_vs_QC","limma_eBayes_BH"
"Q15008","PSMD6",0.126087203249956,27.138961750975,0.341800079741553,0.737382015759249,0.928637646673494,-6.55225084149647,"Human_vs_QC","limma_eBayes_BH"
"Q8WXE9","STON2",-0.0906842733538049,22.8620604700371,-0.341759976890207,0.737411573371826,0.928637646673494,-6.55226511354874,"Human_vs_QC","limma_eBayes_BH"
"P30414","NKTR",-0.168111315310913,23.2857441722727,-0.341657102290468,0.737487398561723,0.928637646673494,-6.55230171766747,"Human_vs_QC","limma_eBayes_BH"
"Q9UMX5","NENF",0.120598735074292,23.629097326111,0.341321349413752,0.73773488965956,0.928637646673494,-6.55242110746685,"Human_vs_QC","limma_eBayes_BH"
"Q9H488","POFUT1",-0.138279899585502,23.5443821203149,-0.341211489367472,0.737815876534187,0.928637646673494,-6.55246014733905,"Human_vs_QC","limma_eBayes_BH"
"P15374","UCHL3",-0.0404419385176098,25.2863208318916,-0.340797164813153,0.738121338187025,0.92875491934663,-6.55260727048307,"Human_vs_QC","limma_eBayes_BH"
"Q14692","BMS1",-0.0260069560401632,24.8458001152133,-0.340121310196274,0.738619711550187,0.928915807558539,-6.5528468832875,"Human_vs_QC","limma_eBayes_BH"
"Q9Y608","LRRFIP2",0.176252702629657,23.4650092727608,0.339814248169413,0.738846178402029,0.928915807558539,-6.55295559230106,"Human_vs_QC","limma_eBayes_BH"
"P28482","MAPK1",0.0951242968896153,26.8609569972624,0.33976002273461,0.738886173783706,0.928915807558539,-6.55297477966693,"Human_vs_QC","limma_eBayes_BH"
"Q15042","RAB3GAP1",-0.0820576720699968,24.2422430338841,-0.339192350504347,0.739304922101386,0.928947352357988,-6.55317546641806,"Human_vs_QC","limma_eBayes_BH"
"O43823","AKAP8",-0.0542154308134997,25.3653203242004,-0.339150323525945,0.739335927065261,0.928947352357988,-6.55319031090796,"Human_vs_QC","limma_eBayes_BH"
"Q6P2H3","CEP85",-0.135087039924141,23.4310336280706,-0.338292901032979,0.739968583769146,0.929328436133278,-6.55349276879982,"Human_vs_QC","limma_eBayes_BH"
"P61421","ATP6V0D1",-0.0760899518192026,24.8641118317008,-0.33789961037019,0.740258841862746,0.929328436133278,-6.55363125097746,"Human_vs_QC","limma_eBayes_BH"
"Q14847","LASP1",0.093382444301767,26.2938959442529,0.337768673951387,0.740355485208487,0.929328436133278,-6.55367732002344,"Human_vs_QC","limma_eBayes_BH"
"Q13206","DDX10",-0.0820034129191995,24.5145037796777,-0.337117755709267,0.740835991100039,0.929328436133278,-6.55390608014029,"Human_vs_QC","limma_eBayes_BH"
"Q96HW7","INTS4",-0.0926459910645221,22.4063353160407,-0.337004792181585,0.740919391828841,0.929328436133278,-6.55394573606035,"Human_vs_QC","limma_eBayes_BH"
"Q9H0R4","HDHD2",-0.121718371865594,22.9804104976489,-0.336924860734463,0.740978407077854,0.929328436133278,-6.55397378814425,"Human_vs_QC","limma_eBayes_BH"
"Q9BYD6","MRPL1",-0.0427168337630057,24.2544243301089,-0.336724762443747,0.741126151695773,0.929328436133278,-6.5540439842756,"Human_vs_QC","limma_eBayes_BH"
"Q8WWK9","CKAP2",0.252970177264228,21.8050972367391,0.336234304393838,0.74148833104559,0.929516174305002,-6.55421586740086,"Human_vs_QC","limma_eBayes_BH"
"Q8IUR7","ARMC8",-0.0742983524277037,22.6311907078239,-0.335824562401552,0.741790954088857,0.929629167613506,-6.55435927416296,"Human_vs_QC","limma_eBayes_BH"
"Q9NTZ6","RBM12",-0.0296893861739917,25.4231289438725,-0.335320888969672,0.742163012554847,0.929829089326305,-6.55453532040906,"Human_vs_QC","limma_eBayes_BH"
"P33202","UFD4",-0.2634381229851,21.6722269016583,-0.334834044531115,0.742522702954729,0.93001340550442,-6.55470523728242,"Human_vs_QC","limma_eBayes_BH"
"Q14691","GINS1",-0.053723730800467,23.4972076148521,-0.334335301006204,0.74289124912073,0.930208704895019,-6.5548790551111,"Human_vs_QC","limma_eBayes_BH"
"P42898","MTHFR",-0.119590373424018,23.8067261008919,-0.333494302525143,0.743512851911253,0.930512591060711,-6.55517157498049,"Human_vs_QC","limma_eBayes_BH"
"Q9NZQ3","NCKIPSD",-0.224563606296375,21.3898553672638,-0.332853078895012,0.743986920436094,0.930512591060711,-6.55539412087966,"Human_vs_QC","limma_eBayes_BH"
"O96013","PAK4",0.159110747489226,21.2971174838053,0.332424216365398,0.744304046364882,0.930512591060711,-6.55554272844399,"Human_vs_QC","limma_eBayes_BH"
"O94822","LTN1",-0.0661534476337842,25.4332510641392,-0.331809150619864,0.744758945486521,0.930512591060711,-6.55575552901431,"Human_vs_QC","limma_eBayes_BH"
"P35241","RDX",-0.0301524633912251,25.4709701314841,-0.331460822166741,0.74501661091357,0.930512591060711,-6.55587587163829,"Human_vs_QC","limma_eBayes_BH"
"Q15388","TOMM20",-0.222597161775713,25.0622136736764,-0.331290655906352,0.745142497727628,0.930512591060711,-6.5559346164513,"Human_vs_QC","limma_eBayes_BH"
"Q96EV8","DTNBP1",-0.219004320245777,20.9335046282536,-0.331276047946957,0.745153304859268,0.930512591060711,-6.5559396580279,"Human_vs_QC","limma_eBayes_BH"
"P28340","POLD1",-0.0446200636279919,25.3169378951462,-0.331136667429688,0.745256422913175,0.930512591060711,-6.55598775076316,"Human_vs_QC","limma_eBayes_BH"
"P30038","ALDH4A1",-0.169340294934777,24.3631216006077,-0.330541188974973,0.745697033278847,0.930512591060711,-6.55619299393736,"Human_vs_QC","limma_eBayes_BH"
"P35269","GTF2F1",-0.0483032520600979,24.6827729800843,-0.330266960030582,0.745899973524816,0.930512591060711,-6.5562873898985,"Human_vs_QC","limma_eBayes_BH"
"Q6EEV4","POLR2M",-0.122712786272945,23.8455964798175,-0.330214152422317,0.745939055479026,0.930512591060711,-6.55630555864166,"Human_vs_QC","limma_eBayes_BH"
"Q92879","CELF1",0.0343868981089308,25.2463170057353,0.32948265412112,0.746480498436123,0.930512591060711,-6.55655694023837,"Human_vs_QC","limma_eBayes_BH"
"Q5UIP0","RIF1",-0.091500450132731,26.7258020961311,-0.32921907439463,0.746675629738246,0.930512591060711,-6.55664738563428,"Human_vs_QC","limma_eBayes_BH"
"Q96SZ6","CDK5RAP1",0.1138844855065,22.2464127819246,0.328414902333947,0.747271079118356,0.930512591060711,-6.55692289061843,"Human_vs_QC","limma_eBayes_BH"
"Q8N5P1","ZC3H8",-0.150261757287648,22.8371033882838,-0.328074656412581,0.747523064535894,0.930512591060711,-6.55703925721052,"Human_vs_QC","limma_eBayes_BH"
"Q8IXM3","MRPL41",0.0566704368161552,23.7346046756785,0.327998518778995,0.747579455994823,0.930512591060711,-6.55706528056853,"Human_vs_QC","limma_eBayes_BH"
"Q9Y6D9","MAD1L1",0.0710761203502912,23.8528343797392,0.327581541986577,0.747888317003371,0.930512591060711,-6.55720769505568,"Human_vs_QC","limma_eBayes_BH"
"P05756","RPS13",0.152361302814032,28.2143346004575,0.327085300099411,0.748255949189988,0.930512591060711,-6.55737694920493,"Human_vs_QC","limma_eBayes_BH"
"Q9H4A4","RNPEP",-0.0248342039512011,26.7973284477469,-0.326802482933153,0.748465497704601,0.930512591060711,-6.55747329709909,"Human_vs_QC","limma_eBayes_BH"
"Q9NVU7","SDAD1",0.100618691714097,23.0970016288645,0.326753321707449,0.74850192496588,0.930512591060711,-6.55749003657608,"Human_vs_QC","limma_eBayes_BH"
"Q99933","BAG1",0.282385092679441,22.1231282905481,0.326620775503015,0.748600141542103,0.930512591060711,-6.55753515641114,"Human_vs_QC","limma_eBayes_BH"
"Q8TD16","BICD2",-0.155684256563035,23.64443741717,-0.326469366513551,0.748712340938583,0.930512591060711,-6.55758667522757,"Human_vs_QC","limma_eBayes_BH"
"C9JLW8","MCRIP1",-0.117459592800852,23.7308031561798,-0.326369684177544,0.748786212274309,0.930512591060711,-6.55762058055079,"Human_vs_QC","limma_eBayes_BH"
"Q15427","SF3B4",0.0507120388126978,25.7887051241168,0.326335399615915,0.748811620036672,0.930512591060711,-6.55763223952846,"Human_vs_QC","limma_eBayes_BH"
"Q53H12","AGK",-0.0255918302638847,25.2568490456403,-0.325875217932005,0.749152682798267,0.930512591060711,-6.55778861438537,"Human_vs_QC","limma_eBayes_BH"
"Q9BV38","WDR18",-0.0295897767108109,25.1610070330972,-0.325724294374869,0.749264551320032,0.930512591060711,-6.55783985254431,"Human_vs_QC","limma_eBayes_BH"
"Q8IWZ3","ANKHD1",-0.0432987080828262,26.0313501240493,-0.325414087948823,0.749494502823884,0.930512591060711,-6.55794509339333,"Human_vs_QC","limma_eBayes_BH"
"Q9Y2R4","DDX52",-0.118367257085012,23.8876532134315,-0.325314799384357,0.749568109194008,0.930512591060711,-6.55797875722838,"Human_vs_QC","limma_eBayes_BH"
"O43837","IDH3B",0.0326729996075272,25.9355154857633,0.325279927098163,0.749593961937978,0.930512591060711,-6.55799057829176,"Human_vs_QC","limma_eBayes_BH"
"Q16385","SSX2",-0.0356690071999921,25.1582829470544,-0.32524842717443,0.749617314831602,0.930512591060711,-6.55800125511297,"Human_vs_QC","limma_eBayes_BH"
"P34913","EPHX2",-0.064981681888284,23.9652985797548,-0.325100093176766,0.74972728765463,0.930512591060711,-6.5580515188595,"Human_vs_QC","limma_eBayes_BH"
"P51790","CLCN3",-0.185304147260428,21.5942005013862,-0.324656927917748,0.750055877901421,0.930656399835144,-6.55820155313221,"Human_vs_QC","limma_eBayes_BH"
"Q92922","SMARCC1",0.0265738340275377,27.0168741551518,0.324362024786544,0.75027456519901,0.930663800041301,-6.5583012812843,"Human_vs_QC","limma_eBayes_BH"
"P31930","UQCRC1",0.0637917992365509,26.3892970574532,0.323709610273281,0.750758446183169,0.931000057270795,-6.55852159264221,"Human_vs_QC","limma_eBayes_BH"
"O15525","MAFG",-0.152219261537251,22.2398360888513,-0.323312564623586,0.75105297898824,0.931101383698937,-6.55865545550403,"Human_vs_QC","limma_eBayes_BH"
"P18031","PTPN1",-0.0299686576214455,24.935075053353,-0.323000025243014,0.751284852340566,0.931124994048152,-6.55876071342157,"Human_vs_QC","limma_eBayes_BH"
"Q8NDC0","MAPK1IP1L",-0.0844190746566795,25.6065151482576,-0.322691380306808,0.751513860775503,0.931145041317708,-6.55886456129728,"Human_vs_QC","limma_eBayes_BH"
"Q86VM9","ZC3H18",-0.0585148858808502,25.2195964335608,-0.322223127326921,0.751861341425955,0.931202313770744,-6.5590219246872,"Human_vs_QC","limma_eBayes_BH"
"O43464","HTRA2",0.149265373948396,23.9570098706455,0.322055460404131,0.751985777040466,0.931202313770744,-6.55907821689394,"Human_vs_QC","limma_eBayes_BH"
"P61964","WDR5",-0.0510091814794151,24.382313823183,-0.320295668391972,0.753292253074868,0.932332023299192,-6.55966730420992,"Human_vs_QC","limma_eBayes_BH"
"P25440","BRD2",0.135653124025879,22.7761834170058,0.320146185181971,0.753403266029814,0.932332023299192,-6.55971719684366,"Human_vs_QC","limma_eBayes_BH"
"P04179","SOD2",-0.0497244855618142,23.2767715489498,-0.319637451208714,0.753781116988851,0.932332023299192,-6.55988682366488,"Human_vs_QC","limma_eBayes_BH"
"Q9UH17","APOBEC3B",0.0786163757784166,23.3504837337543,0.319431884142897,0.753933815904754,0.932332023299192,-6.55995529031088,"Human_vs_QC","limma_eBayes_BH"
"Q8N954","GPATCH11",-0.108451149460322,24.3479441602232,-0.318992836374022,0.754259984114613,0.932332023299192,-6.56010137517093,"Human_vs_QC","limma_eBayes_BH"
"Q15118","PDK1",0.266053544113188,21.3648679972602,0.318568095016254,0.754575570242216,0.932332023299192,-6.56024251132843,"Human_vs_QC","limma_eBayes_BH"
"Q16890","TPD52L1",-0.0348934322313106,24.8255051257819,-0.318549699389553,0.754589239360031,0.932332023299192,-6.56024861977277,"Human_vs_QC","limma_eBayes_BH"
"Q9UBH6","XPR1",0.279026521898047,21.5107603959052,0.318011084805888,0.754989501834028,0.932332023299192,-6.56042731774684,"Human_vs_QC","limma_eBayes_BH"
"Q6NUQ1","RINT1",-0.0651479299507081,23.5746011311504,-0.317971689663549,0.755018780536253,0.932332023299192,-6.56044037630448,"Human_vs_QC","limma_eBayes_BH"
"P63000","RAC1",0.0517672021702893,25.3633084674344,0.317957790559213,0.755029110525494,0.932332023299192,-6.56044498314807,"Human_vs_QC","limma_eBayes_BH"
"P82094","TMF1",0.20040652177412,22.2953725553863,0.317612104446944,0.755286044376449,0.932386129838308,-6.56055949656873,"Human_vs_QC","limma_eBayes_BH"
"Q96EK5","KIFBP",-0.0974881105939893,23.6138401109758,-0.31701881898218,0.755727078115368,0.932667409521787,-6.56075574448724,"Human_vs_QC","limma_eBayes_BH"
"Q8TBF2","PRXL2B",0.187612532595359,21.214247164227,0.315852711589913,0.756594189968881,0.933348551853142,-6.56114041688207,"Human_vs_QC","limma_eBayes_BH"
"Q9Y5P6","GMPPB",-0.174619614964147,22.7708439143876,-0.315416721651831,0.75691847712931,0.933348551853142,-6.56128388103794,"Human_vs_QC","limma_eBayes_BH"
"Q9UQB8","BAIAP2",0.0555480733291738,23.8006960183749,0.315416007364681,0.756919008451417,0.933348551853142,-6.56128411591651,"Human_vs_QC","limma_eBayes_BH"
"O43716","GATC",-0.130875003399151,23.1746019699199,-0.314978456930199,0.757244503970418,0.933486814559194,-6.56142789675337,"Human_vs_QC","limma_eBayes_BH"
"P49366","DHPS",-0.0453076402121049,25.6877815331654,-0.314606200618843,0.757521464421636,0.933565185026664,-6.56155006670173,"Human_vs_QC","limma_eBayes_BH"
"Q9NUJ1","ABHD10",-0.133120470024259,23.1895880471513,-0.31328983953368,0.75850111917931,0.934202446491216,-6.56198093738979,"Human_vs_QC","limma_eBayes_BH"
"Q9NRG0","CHRAC1",-0.170149993685108,23.3839167733931,-0.313147039796792,0.758607418605808,0.934202446491216,-6.56202757139306,"Human_vs_QC","limma_eBayes_BH"
"P23284","PPIB",0.140901928183027,27.3768117956453,0.312787476088908,0.758875098417126,0.934202446491216,-6.56214490095915,"Human_vs_QC","limma_eBayes_BH"
"Q9UKL0","RCOR1",-0.0368073014541856,25.6607117163458,-0.312546273153579,0.759054681604652,0.934202446491216,-6.56222353359523,"Human_vs_QC","limma_eBayes_BH"
"Q92989","CLP1",-0.141203377236568,22.6328473811964,-0.312477058808388,0.759106216520291,0.934202446491216,-6.56224608656032,"Human_vs_QC","limma_eBayes_BH"
"Q9GZU8","PSME3IP1",-0.0846156928972768,24.5681697431005,-0.312024288220603,0.759443365030531,0.934354533748193,-6.56239349685112,"Human_vs_QC","limma_eBayes_BH"
"Q01628","IFITM3",0.109449207663083,23.9167055486402,0.311305992816197,0.759978336144029,0.934749851175183,-6.56262692248028,"Human_vs_QC","limma_eBayes_BH"
"Q8IWV7","UBR1",0.206523354371356,22.1074004660893,0.310785102062782,0.760366363940308,0.934909341324264,-6.56279586520286,"Human_vs_QC","limma_eBayes_BH"
"Q5QJE6","DNTTIP2",-0.0401717683827201,24.6510589919178,-0.310381521109382,0.76066704985993,0.934909341324264,-6.56292656842429,"Human_vs_QC","limma_eBayes_BH"
"Q53FZ2","ACSM3",-0.0784415946719577,25.5906849810778,-0.309802568335289,0.761098465472955,0.934909341324264,-6.5631137747274,"Human_vs_QC","limma_eBayes_BH"
"Q14181","POLA2",0.0766598444098534,23.7081268869835,0.309688714027678,0.761183315442298,0.934909341324264,-6.5631505493181,"Human_vs_QC","limma_eBayes_BH"
"Q96S94","CCNL2",-0.12525546293227,22.7305177204628,-0.309517147692308,0.761311181322999,0.934909341324264,-6.56320593952405,"Human_vs_QC","limma_eBayes_BH"
"Q9NY93","DDX56",-0.0441442595127413,24.456318310522,-0.309411171307854,0.761390167574481,0.934909341324264,-6.56324013887697,"Human_vs_QC","limma_eBayes_BH"
"P00367","GLUD1",0.0330438524375971,26.0627868612268,0.308884248551337,0.76178293411692,0.935129162952167,-6.56341000912434,"Human_vs_QC","limma_eBayes_BH"
"Q9BW19","KIFC1",-0.0857692574142561,23.8563235065006,-0.308184444455118,0.762304670774601,0.935177808187619,-6.563635171461,"Human_vs_QC","limma_eBayes_BH"
"Q96HE7","ERO1A",-0.0670223050644942,24.0424677201422,-0.307979053623726,0.762457821928485,0.935177808187619,-6.56370116040667,"Human_vs_QC","limma_eBayes_BH"
"Q6NZY4","ZCCHC8",-0.0704296266706734,24.8859837048371,-0.307901697065416,0.762515506070687,0.935177808187619,-6.56372600263591,"Human_vs_QC","limma_eBayes_BH"
"Q8NDD1","FSAF1",-0.0939156735102209,23.1878508754545,-0.30763333056701,0.762715636043501,0.935177808187619,-6.56381213791693,"Human_vs_QC","limma_eBayes_BH"
"P12270","TPR",0.0397312995608452,26.5956847288154,0.307001547416119,0.763186847343376,0.935177808187619,-6.5640146232575,"Human_vs_QC","limma_eBayes_BH"
"O15541","RNF113A",-0.0457326345879459,23.5727019709997,-0.306922341933764,0.763245929080357,0.935177808187619,-6.56403997948903,"Human_vs_QC","limma_eBayes_BH"
"Q96JP5","ZFP91",-0.089462192306577,23.1205775797707,-0.306606383920172,0.763481626779643,0.935177808187619,-6.56414106359251,"Human_vs_QC","limma_eBayes_BH"
"Q7L014","DDX46",-0.0259283138894446,26.3282055811004,-0.306538055667444,0.763532601336269,0.935177808187619,-6.56416291026259,"Human_vs_QC","limma_eBayes_BH"
"Q9Y277","VDAC3",0.0532870483401133,26.2557538026012,0.306100770335618,0.763858853779806,0.935198171958057,-6.56430261020821,"Human_vs_QC","limma_eBayes_BH"
"O15118","NPC1",0.239187237365691,21.9654970663909,0.305942770498814,0.763976746646422,0.935198171958057,-6.56435303815243,"Human_vs_QC","limma_eBayes_BH"
"P62753","RPS6",0.153782838019875,27.4544091946011,0.305601508310423,0.764231402857419,0.935248220280058,-6.56446186924497,"Human_vs_QC","limma_eBayes_BH"
"Q6IBS0","TWF2",-0.026476446502226,25.7617925347154,-0.304845921029629,0.7647953364882,0.935313719441612,-6.564702405152,"Human_vs_QC","limma_eBayes_BH"
"P52566","ARHGDIB",0.0335306906100925,25.592214013044,0.304814757290291,0.764818598553151,0.935313719441612,-6.56471231328885,"Human_vs_QC","limma_eBayes_BH"
"Q92890","UFD1",0.0224428980531144,25.6060725268423,0.304526409649663,0.765033845774511,0.935313719441612,-6.56480394253331,"Human_vs_QC","limma_eBayes_BH"
"O75909","CCNK",-0.0673229255914087,24.034630462972,-0.304253201537097,0.765237810082067,0.935313719441612,-6.56489068185654,"Human_vs_QC","limma_eBayes_BH"
"Q8TCF1","ZFAND1",-0.227291092218575,22.1648465084757,-0.303728137824765,0.765629848455525,0.935313719441612,-6.56505716563106,"Human_vs_QC","limma_eBayes_BH"
"Q9Y6R0","NUMBL",-0.245189751118538,20.6520818498426,-0.303704266851044,0.765647673276428,0.935313719441612,-6.56506472773742,"Human_vs_QC","limma_eBayes_BH"
"Q9UKZ1","CNOT11",0.0438621197615312,24.2413270510802,0.303343641207235,0.765916974646946,0.935313719441612,-6.56517889925705,"Human_vs_QC","limma_eBayes_BH"
"O43143","DHX15",0.0266917636335187,26.5985146031655,0.302770269518729,0.766345210989373,0.935313719441612,-6.56536014893551,"Human_vs_QC","limma_eBayes_BH"
"Q9UKV8","AGO2",-0.0587067165048474,23.9163943971564,-0.302674449055293,0.76641678449504,0.935313719441612,-6.56539040591873,"Human_vs_QC","limma_eBayes_BH"
"P49748","ACADVL",-0.0511399389994054,25.3820383860373,-0.301844210355758,0.767037027081354,0.935313719441612,-6.56565217237109,"Human_vs_QC","limma_eBayes_BH"
"P07948","LYN",-0.0949105599542932,23.4239742467441,-0.30179512221848,0.767073704302241,0.935313719441612,-6.56566762717146,"Human_vs_QC","limma_eBayes_BH"
"Q9NYL2","MAP3K20",-0.0634392073731753,23.0542867031281,-0.301491210103399,0.767300791390942,0.935313719441612,-6.56576325494123,"Human_vs_QC","limma_eBayes_BH"
"Q7Z7F7","MRPL55",0.102298387839543,23.0746253756568,0.301379465696306,0.767384293824169,0.935313719441612,-6.56579839206943,"Human_vs_QC","limma_eBayes_BH"
"P20226","TBP",-0.154119231997722,22.4000974151629,-0.301047856805319,0.767632110375264,0.935313719441612,-6.56590258809706,"Human_vs_QC","limma_eBayes_BH"
"Q9BYB4","GNB1L",-0.090194457497681,24.4719333700777,-0.300420285337436,0.768101176321757,0.935313719441612,-6.56609946957366,"Human_vs_QC","limma_eBayes_BH"
"P09668","CTSH",-0.148574009904024,22.1770672419976,-0.300394588704624,0.768120384767427,0.935313719441612,-6.56610752246533,"Human_vs_QC","limma_eBayes_BH"
"O60832","DKC1",0.0401425511042071,26.4066140465284,0.299783901014588,0.768576925183881,0.935313719441612,-6.56629870152154,"Human_vs_QC","limma_eBayes_BH"
"P49593","PPM1F",0.023646724467131,25.7398104369878,0.299488750500073,0.768797606852794,0.935313719441612,-6.56639096225813,"Human_vs_QC","limma_eBayes_BH"
"O75419","CDC45",-0.0889544125991968,24.7132675540055,-0.299375788932673,0.768882072792774,0.935313719441612,-6.56642624902832,"Human_vs_QC","limma_eBayes_BH"
"Q9H2J4","PDCL3",0.0239863446096251,24.5706211731509,0.299269544123524,0.768961519109233,0.935313719441612,-6.56645942563026,"Human_vs_QC","limma_eBayes_BH"
"P15056","BRAF",0.154374400851392,21.6362686664929,0.298861644535162,0.769266557701499,0.935313719441612,-6.56658669061613,"Human_vs_QC","limma_eBayes_BH"
"P41223","BUD31",0.0353387959766067,24.7172016647926,0.298703816075105,0.769384596789595,0.935313719441612,-6.56663588722016,"Human_vs_QC","limma_eBayes_BH"
"Q9UJX4","ANAPC5",0.0776787257396307,25.8521103560626,0.297928591807553,0.769964468770361,0.935313719441612,-6.5668771592145,"Human_vs_QC","limma_eBayes_BH"
"P07108","DBI",0.0702138602836975,25.7100870206227,0.297802699841813,0.770058650084239,0.935313719441612,-6.56691628195308,"Human_vs_QC","limma_eBayes_BH"
"Q9H6T3","RPAP3",0.0237451447719188,24.501280545382,0.297417139158866,0.770347116057049,0.935313719441612,-6.56703599887731,"Human_vs_QC","limma_eBayes_BH"
"P29084","GTF2E2",0.172229463129312,23.4739889555283,0.297250728694965,0.77047163067952,0.935313719441612,-6.56708762214224,"Human_vs_QC","limma_eBayes_BH"
"O95167","NDUFA3",0.0572150807878842,23.3866861856269,0.297059592217492,0.770614654316079,0.935313719441612,-6.56714688061027,"Human_vs_QC","limma_eBayes_BH"
"Q9Y6R4","MAP3K4",0.114949402365429,23.3440766005425,0.296743867625941,0.770850923658813,0.935313719441612,-6.56724468294969,"Human_vs_QC","limma_eBayes_BH"
"Q6P996","PDXDC1",-0.077804470149843,24.9233791993131,-0.296680007266034,0.770898715780746,0.935313719441612,-6.56726445254981,"Human_vs_QC","limma_eBayes_BH"
"Q96IU4","ABHD14B",-0.0388801779109578,25.0316319201504,-0.295826740350117,0.77153737997024,0.935313719441612,-6.56752819978192,"Human_vs_QC","limma_eBayes_BH"
"Q9UHQ1","NARF",0.0721614723828026,24.2159915265496,0.295737793378613,0.771603966007913,0.935313719441612,-6.56755565035496,"Human_vs_QC","limma_eBayes_BH"
"Q7L1Q6","BZW1",0.0446045041724119,24.8391221461739,0.295688687018868,0.771640728010866,0.935313719441612,-6.56757080193271,"Human_vs_QC","limma_eBayes_BH"
"O94886","TMEM63A",0.319491078636688,26.6487288184098,0.295576881303264,0.77172443012059,0.935313719441612,-6.56760528988282,"Human_vs_QC","limma_eBayes_BH"
"Q15121","PEA15",-0.0260494684362591,24.4578882692883,-0.295534382765663,0.771756246950503,0.935313719441612,-6.56761839573858,"Human_vs_QC","limma_eBayes_BH"
"Q13277","STX3",0.0556706451601947,23.0482481177288,0.295519439029358,0.771767434784964,0.935313719441612,-6.5676230037007,"Human_vs_QC","limma_eBayes_BH"
"P0CG12","DERPC",-0.0425954332571941,23.4491659309739,-0.294929509099709,0.772209135877642,0.935589855847323,-6.56780472709674,"Human_vs_QC","limma_eBayes_BH"
"P63279","UBE2I",0.0722649282010934,26.5752299351441,0.294057662620218,0.772862067165477,0.936032559985826,-6.56807263585519,"Human_vs_QC","limma_eBayes_BH"
"P62877","RBX1",0.0782612405742675,25.0199136815581,0.29387026744549,0.773002431823724,0.936032559985826,-6.56813011799936,"Human_vs_QC","limma_eBayes_BH"
"Q9Y6Y0","IVNS1ABP",0.119150537659717,22.5012231760231,0.293119481215897,0.773564875746714,0.936454435913634,-6.56836005326584,"Human_vs_QC","limma_eBayes_BH"
"Q5RI15","COX20",0.0516001785198021,24.7791101000797,0.291943951350541,0.774445776122226,0.9372614856251,-6.56871890282142,"Human_vs_QC","limma_eBayes_BH"
"Q13409","DYNC1I2",-0.0230184955425266,25.3192618614287,-0.290701740498324,0.775376993936877,0.938042214291372,-6.5690965592993,"Human_vs_QC","limma_eBayes_BH"
"Q8ND56","LSM14A",0.0263212484357886,24.8511343140808,0.29051141744992,0.775519700363861,0.938042214291372,-6.56915428065032,"Human_vs_QC","limma_eBayes_BH"
"Q7RTV0","PHF5A",0.0687975470957625,25.1906171288969,0.290012235957243,0.77589403224915,0.938235597316205,-6.56930549538067,"Human_vs_QC","limma_eBayes_BH"
"Q9H444","CHMP4B",0.0249323657151379,25.7460307475359,0.289269474882439,0.776451128916529,0.938649817355572,-6.56953002080113,"Human_vs_QC","limma_eBayes_BH"
"Q13228","SELENBP1",-0.056821372006965,24.3011107041566,-0.288607579104347,0.77694768098366,0.938766815259162,-6.56972962234031,"Human_vs_QC","limma_eBayes_BH"
"Q3B726","POLR1F",-0.0593128824940159,23.6004597567934,-0.288568421400199,0.776977060126497,0.938766815259162,-6.5697414165928,"Human_vs_QC","limma_eBayes_BH"
"Q71RC2","LARP4",-0.0476596894544734,24.5989055696875,-0.288082603172259,0.777341587916218,0.938932008025237,-6.56988761289089,"Human_vs_QC","limma_eBayes_BH"
"P33176","KIF5B",-0.020691716391557,25.9900588456087,-0.287535947198546,0.77775182938726,0.938932008025237,-6.57005182582255,"Human_vs_QC","limma_eBayes_BH"
"Q9Y2U8","LEMD3",-0.241129605564904,21.8958897231571,-0.287137737842645,0.778050711291457,0.938932008025237,-6.5701712519758,"Human_vs_QC","limma_eBayes_BH"
"Q9H910","JPT2",0.0376847984048609,26.5000307384263,0.28662220660526,0.778437704800208,0.938932008025237,-6.57032562087208,"Human_vs_QC","limma_eBayes_BH"
"Q14108","SCARB2",-0.284078762355566,21.4475868491312,-0.286617376149593,0.778441331162844,0.938932008025237,-6.57032706599025,"Human_vs_QC","limma_eBayes_BH"
"Q9P2S5","WRAP73",-0.247883080604499,20.8539222566572,-0.286015319297916,0.778893354383182,0.938932008025237,-6.57050699366963,"Human_vs_QC","limma_eBayes_BH"
"P55786","NPEPPS",0.020307448954533,26.5060010997114,0.285997048720872,0.778907073194226,0.938932008025237,-6.57051244807455,"Human_vs_QC","limma_eBayes_BH"
"Q69YH5","CDCA2",-0.0952534604756039,23.1200974691837,-0.285941643334339,0.77894867585059,0.938932008025237,-6.57052898640996,"Human_vs_QC","limma_eBayes_BH"
"Q9H7N4","SCAF1",-0.0852692955641352,23.6960505795177,-0.285577052300195,0.779222456506795,0.938932008025237,-6.57063773668806,"Human_vs_QC","limma_eBayes_BH"
"Q5JVF3","PCID2",0.0611187866121483,24.0034013447313,0.285520018563478,0.779265287327561,0.938932008025237,-6.57065473631318,"Human_vs_QC","limma_eBayes_BH"
"P22059","OSBP",-0.0378241417562926,25.2378560907675,-0.285241408899319,0.779474526433751,0.938932008025237,-6.57073773118671,"Human_vs_QC","limma_eBayes_BH"
"P48426","PIP4K2A",-0.044790471725161,26.5979529833099,-0.28412365717925,0.780314148516785,0.93968466825239,-6.57106989218684,"Human_vs_QC","limma_eBayes_BH"
"P62873","GNB1",0.0361705617866228,24.9096781129642,0.283290293003112,0.780940331564489,0.940169689890916,-6.57131670292301,"Human_vs_QC","limma_eBayes_BH"
"Q92925","SMARCD2",-0.0386183240047586,24.857026713854,-0.283015687496285,0.781146702343653,0.940169689890916,-6.57139787358382,"Human_vs_QC","limma_eBayes_BH"
"Q7Z3C6","ATG9A",0.162550866921666,22.4498473108139,0.282584796033601,0.781470559070968,0.940300796461904,-6.57152508391294,"Human_vs_QC","limma_eBayes_BH"
"Q8TD19","NEK9",-0.0953192806657803,23.4243136591134,-0.282255377663522,0.78171817720038,0.940340122422783,-6.57162220747257,"Human_vs_QC","limma_eBayes_BH"
"Q9C0C9","UBE2O",-0.0698794616062592,24.5201037848458,-0.281889638331201,0.781993125839373,0.940412293993198,-6.5717299084248,"Human_vs_QC","limma_eBayes_BH"
"Q0PNE2","ELP6",-0.115200987079181,23.4788117572738,-0.281483492018369,0.7822984861838,0.940520988473242,-6.57184934637183,"Human_vs_QC","limma_eBayes_BH"
"Q3YEC7","RABL6",0.0601332708419342,24.912223851215,0.280905907048119,0.782732806257002,0.940784622905051,-6.57201890701223,"Human_vs_QC","limma_eBayes_BH"
"P50579","METAP2",0.0265295263962315,26.975948339614,0.280526706923417,0.783017989849751,0.940868911176232,-6.57213004083702,"Human_vs_QC","limma_eBayes_BH"
"Q8TEA1","NSUN6",-0.10017799054339,23.4293751520018,-0.280069107071677,0.783362178159236,0.940876346433863,-6.57226395390536,"Human_vs_QC","limma_eBayes_BH"
"Q15286","RAB35",-0.0257217516979047,24.0831827009122,-0.279946651120197,0.783454292584814,0.940876346433863,-6.57229975301999,"Human_vs_QC","limma_eBayes_BH"
"Q12888","TP53BP1",-0.0702834058691622,25.0261175856405,-0.279579422548945,0.78373055120991,0.940888456331375,-6.57240701679285,"Human_vs_QC","limma_eBayes_BH"
"O60826","CCDC22",-0.116775058938831,23.2194070485747,-0.279361509877092,0.783894496760654,0.940888456331375,-6.572470601052,"Human_vs_QC","limma_eBayes_BH"
"Q6SPF0","SAMD1",0.0912391682059024,22.8703889290082,0.278468190135936,0.784566692380963,0.941040860808779,-6.57273074824066,"Human_vs_QC","limma_eBayes_BH"
"P53365","ARFIP2",-0.113069684254402,23.0766685435332,-0.27843748242812,0.784589802149733,0.941040860808779,-6.57273967610107,"Human_vs_QC","limma_eBayes_BH"
"Q9HAW4","CLSPN",0.0839387715088762,23.3646586244567,0.278335229175653,0.784666756624097,0.941040860808779,-6.57276939786221,"Human_vs_QC","limma_eBayes_BH"
"Q9UPN9","TRIM33",-0.0535432729414467,25.0124115745453,-0.277388163173662,0.785379616779706,0.941637660567611,-6.57304416652051,"Human_vs_QC","limma_eBayes_BH"
"P51610","HCFC1",-0.0190966554636489,26.2297478218139,-0.276720739238867,0.785882108930253,0.941981979882152,-6.5732372471457,"Human_vs_QC","limma_eBayes_BH"
"Q86X83","COMMD2",0.0623819196160049,22.7547323551105,0.275822256030735,0.786558717462624,0.942455345847946,-6.5734964447048,"Human_vs_QC","limma_eBayes_BH"
"Q15057","ACAP2",-0.14201397359739,23.4182096484162,-0.275401611776788,0.786875547614604,0.942455345847946,-6.57361750697989,"Human_vs_QC","limma_eBayes_BH"
"O94888","UBXN7",-0.0436566218393644,24.2866009517328,-0.275316985365146,0.786939293125652,0.942455345847946,-6.57364184054418,"Human_vs_QC","limma_eBayes_BH"
"O13516","RPS9A",0.225215913679541,27.6346238366336,0.274879136492781,0.787269131445866,0.942455345847946,-6.5737676218672,"Human_vs_QC","limma_eBayes_BH"
"Q9H0A0","NAT10",0.0216933640972101,24.8080176220614,0.274605623727006,0.787475194259514,0.942455345847946,-6.57384609365644,"Human_vs_QC","limma_eBayes_BH"
"O75396","SEC22B",-0.0847010190172917,24.16810510643,-0.274480401255293,0.787569541581735,0.942455345847946,-6.57388199463366,"Human_vs_QC","limma_eBayes_BH"
"Q7Z4V5","HDGFL2",-0.0497221835146782,24.762315121231,-0.274047659898715,0.787895611738361,0.94248354494639,-6.57400593577187,"Human_vs_QC","limma_eBayes_BH"
"P13861","PRKAR2A",-0.0223156933405626,24.8408430878778,-0.273877343849767,0.788023955980319,0.94248354494639,-6.57405466279861,"Human_vs_QC","limma_eBayes_BH"
"P07205","PGK2",-0.353467404315989,21.9066407623405,-0.273494185505714,0.788312714023333,0.942571228164001,-6.5741641739349,"Human_vs_QC","limma_eBayes_BH"
"P51608","MECP2",-0.228652768917534,21.8367595657789,-0.272681082165019,0.788925596271374,0.942752500726269,-6.57439606575903,"Human_vs_QC","limma_eBayes_BH"
"Q9H446","RWDD1",0.0885522736578643,23.8227745574247,0.272515376633607,0.789050515694825,0.942752500726269,-6.57444324009111,"Human_vs_QC","limma_eBayes_BH"
"P42338","PIK3CB",0.112602290002553,22.3252382272181,0.272435440385836,0.789110778893622,0.942752500726269,-6.57446598681287,"Human_vs_QC","limma_eBayes_BH"
"P35197","GCS1",-0.0504110615826754,23.7150277819446,-0.272071312886598,0.789385308901307,0.94282302114202,-6.57456951965777,"Human_vs_QC","limma_eBayes_BH"
"O60476","MAN1A2",-0.236617927318726,21.901119796089,-0.270647736995766,0.790458875825355,0.943847593268539,-6.57497297153771,"Human_vs_QC","limma_eBayes_BH"
"Q7Z4H7","HAUS6",-0.143933223784607,23.7716543566716,-0.269620975190112,0.791233464956278,0.944277321917166,-6.57526266294337,"Human_vs_QC","limma_eBayes_BH"
"Q9UJX6","ANAPC2",0.162384853342672,22.3396494472479,0.269598481088841,0.791250437062475,0.944277321917166,-6.57526899724653,"Human_vs_QC","limma_eBayes_BH"
"O95757","HSPA4L",-0.0212979300038114,24.8959455924646,-0.268902885204984,0.791775327623866,0.944373029303207,-6.57546461771539,"Human_vs_QC","limma_eBayes_BH"
"P35250","RFC2",-0.0309645056839791,25.4705293809714,-0.268874720455765,0.791796582697998,0.944373029303207,-6.57547252786991,"Human_vs_QC","limma_eBayes_BH"
"P02765","AHSG",0.122563804966894,26.8779229654787,0.268634065691233,0.791978204460221,0.944373029303207,-6.57554008303799,"Human_vs_QC","limma_eBayes_BH"
"O43809","NUDT21",0.0532641983589102,27.3216120264182,0.267546333260612,0.792799269978758,0.945094497590482,-6.57584467771845,"Human_vs_QC","limma_eBayes_BH"
"Q86X10","RALGAPB",0.115016291031655,21.5848325009711,0.267088308421361,0.793145082201586,0.94524917859764,-6.57597257105899,"Human_vs_QC","limma_eBayes_BH"
"Q86YP4","GATAD2A",-0.020606766464379,25.2327741459845,-0.26622313011819,0.793798421074038,0.945312653500172,-6.57621356103892,"Human_vs_QC","limma_eBayes_BH"
"Q5F1R6","DNAJC21",-0.0664077086254551,23.4523889542954,-0.265748583852739,0.794156842400462,0.945312653500172,-6.57634541413884,"Human_vs_QC","limma_eBayes_BH"
"P20674","COX5A",0.0779956304660985,27.2150061059304,0.265648741498147,0.794232258725125,0.945312653500172,-6.57637312576649,"Human_vs_QC","limma_eBayes_BH"
"Q9Y262","EIF3L",0.0325223934855856,28.9675317556139,0.265435363287225,0.794393441946517,0.945312653500172,-6.57643231513969,"Human_vs_QC","limma_eBayes_BH"
"Q9BRL6","SRSF8",0.0975680076039822,20.8260270059175,0.26537582279928,0.794438419816425,0.945312653500172,-6.57644882278056,"Human_vs_QC","limma_eBayes_BH"
"Q9NY61","AATF",0.0675203220109211,25.4250413490034,0.265289589011619,0.794503563586676,0.945312653500172,-6.5764727246554,"Human_vs_QC","limma_eBayes_BH"
"Q5HYI8","RABL3",0.0846066722948287,23.0395880475724,0.265015217289611,0.794710843331116,0.945312653500172,-6.57654872254353,"Human_vs_QC","limma_eBayes_BH"
"Q92797","SYMPK",0.0285715194561043,24.6574127127844,0.264221783904859,0.79531034900329,0.945688424600658,-6.57676805647245,"Human_vs_QC","limma_eBayes_BH"
"Q9UGL1","KDM5B",-0.14643722103315,21.6804196477813,-0.263670291897488,0.795727126385268,0.945688424600658,-6.57692012531803,"Human_vs_QC","limma_eBayes_BH"
"Q13137","CALCOCO2",0.113396214411701,21.4227824773797,0.263550437179345,0.795817712359155,0.945688424600658,-6.57695313253024,"Human_vs_QC","limma_eBayes_BH"
"O43760","SYNGR2",-0.0249686486104359,24.4006157966327,-0.263452972609847,0.795891378143914,0.945688424600658,-6.57697996268369,"Human_vs_QC","limma_eBayes_BH"
"Q86VX2","COMMD7",0.104874602184587,21.2411871048346,0.262917947205201,0.796295797485959,0.945912059191167,-6.57712707000328,"Human_vs_QC","limma_eBayes_BH"
"Q29980","MICB",0.161200330557268,20.078994996811,0.262475612102982,0.796630199029854,0.946052421486323,-6.57724846810637,"Human_vs_QC","limma_eBayes_BH"
"Q9NRF8","CTPS2",-0.0780049141657706,23.5268665074521,-0.261690055735943,0.797224174660279,0.946500885790697,-6.57746356364482,"Human_vs_QC","limma_eBayes_BH"
"O43148","RNMT",0.0270896146475437,24.3122906248139,0.260520312985168,0.798108882268835,0.947005583375885,-6.5777826709684,"Human_vs_QC","limma_eBayes_BH"
"Q9BXS5","AP1M1",-0.0387210149725092,24.341873394704,-0.260482658755537,0.798137365937362,0.947005583375885,-6.57779291956516,"Human_vs_QC","limma_eBayes_BH"
"Q9Y5P4","CERT1",0.0510159832987362,23.6907275013515,0.260269455997912,0.798298649483488,0.947005583375885,-6.57785092067061,"Human_vs_QC","limma_eBayes_BH"
"Q86VU5","COMTD1",0.119142420779745,22.2305313430208,0.259466242890777,0.798906349280904,0.947426317676201,-6.57806900965303,"Human_vs_QC","limma_eBayes_BH"
"Q9NW82","WDR70",0.0446087644938054,23.785591874918,0.259033982455702,0.799233447267513,0.947426317676201,-6.57818610092267,"Human_vs_QC","limma_eBayes_BH"
"Q6NXR4","TTI2",0.101158617117317,22.7099207504218,0.258723958517216,0.799468071051356,0.947426317676201,-6.57826996150725,"Human_vs_QC","limma_eBayes_BH"
"Q14061","COX17",0.0610320816098238,25.7275598126466,0.258304516626195,0.799785533379727,0.947426317676201,-6.57838326097031,"Human_vs_QC","limma_eBayes_BH"
"A8MT69","CENPX",0.145829176663639,21.6282115129109,0.258238671395949,0.79983537288052,0.947426317676201,-6.57840103051641,"Human_vs_QC","limma_eBayes_BH"
"P40938","RFC3",-0.0195992292362277,25.0989278887214,-0.258050926256543,0.799977485678499,0.947426317676201,-6.57845167235091,"Human_vs_QC","limma_eBayes_BH"
"Q14249","ENDOG",-0.0272433432106176,24.1594084042959,-0.257288527269542,0.800554655207199,0.947426317676201,-6.57865694470019,"Human_vs_QC","limma_eBayes_BH"
"Q9UBF8","PI4KB",-0.180972991558026,22.7187123971819,-0.257220185489545,0.800606398824727,0.947426317676201,-6.57867531601476,"Human_vs_QC","limma_eBayes_BH"
"Q9ULZ3","PYCARD",-0.120105885460958,22.2609852758398,-0.257095078405452,0.800701123668506,0.947426317676201,-6.5787089341819,"Human_vs_QC","limma_eBayes_BH"
"P41229","KDM5C",-0.0574692451384955,23.1032755534693,-0.256939581949375,0.800818862346649,0.947426317676201,-6.57875069584586,"Human_vs_QC","limma_eBayes_BH"
"O94903","PLPBP",0.0635227179472437,23.7959761182605,0.255482078019597,0.801922696878534,0.948294322023102,-6.57914092040176,"Human_vs_QC","limma_eBayes_BH"
"Q9NXV2","KCTD5",0.062852131287233,23.0241936574357,0.255398437199983,0.80198605519668,0.948294322023102,-6.57916324722455,"Human_vs_QC","limma_eBayes_BH"
"Q99807","COQ7",-0.143164962121464,21.5119932643673,-0.254701583713037,0.802513980955261,0.948662163382671,-6.57934898153549,"Human_vs_QC","limma_eBayes_BH"
"Q6PJG6","BRAT1",-0.0450568833541141,24.1481559185905,-0.254163869970925,0.802921412987586,0.948714772688856,-6.57949195614694,"Human_vs_QC","limma_eBayes_BH"
"P11387","TOP1",-0.0246182156262904,24.8905326602759,-0.252342101604316,0.804302228033628,0.948714772688856,-6.57997412662596,"Human_vs_QC","limma_eBayes_BH"
"P17482","HOXB9",-0.0782765384372759,23.9591612071356,-0.252155590400763,0.804443632983302,0.948714772688856,-6.58002329686922,"Human_vs_QC","limma_eBayes_BH"
"P14174","MIF",0.156503681666749,27.9367173434461,0.251987077851835,0.804571398194934,0.948714772688856,-6.58006769111237,"Human_vs_QC","limma_eBayes_BH"
"Q9Y3S2","ZNF330",0.110082019362828,22.7989753318507,0.251679042159425,0.804804963941732,0.948714772688856,-6.5801487663741,"Human_vs_QC","limma_eBayes_BH"
"Q9H5Q4","TFB2M",-0.0346713159711953,24.3546435308582,-0.251619967455732,0.804849759093994,0.948714772688856,-6.58016430365437,"Human_vs_QC","limma_eBayes_BH"
"Q02241","KIF23",0.247402304520197,20.8258906293067,0.251615963269285,0.804852795413181,0.948714772688856,-6.5801653566675,"Human_vs_QC","limma_eBayes_BH"
"Q8N7H5","PAF1",0.0333556885747299,24.4292296409731,0.251583482291246,0.804877425409758,0.948714772688856,-6.58017389783779,"Human_vs_QC","limma_eBayes_BH"
"O60763","USO1",-0.0166477742798747,25.8450281037204,-0.250827566144823,0.805450689398156,0.948714772688856,-6.58037236420286,"Human_vs_QC","limma_eBayes_BH"
"A8MPS7","YDJC",0.075850996838092,23.642008125019,0.250742605110373,0.805515128518885,0.948714772688856,-6.58039463378073,"Human_vs_QC","limma_eBayes_BH"
"Q8IWD4","CCDC117",0.149691246620407,21.4926062555576,0.250652576714266,0.805583412599347,0.948714772688856,-6.58041822343019,"Human_vs_QC","limma_eBayes_BH"
"Q6ZN17","LIN28B",-0.0286267880735842,24.7126029422135,-0.250623387555719,0.805605552131175,0.948714772688856,-6.5804258699035,"Human_vs_QC","limma_eBayes_BH"
"O75400","PRPF40A",0.0445109240952029,25.8668476864291,0.250600362365321,0.80562301650871,0.948714772688856,-6.58043190102376,"Human_vs_QC","limma_eBayes_BH"
"Q96S55","WRNIP1",-0.0864048927478471,24.2403517708592,-0.250523726384134,0.805681144909299,0.948714772688856,-6.58045197076958,"Human_vs_QC","limma_eBayes_BH"
"Q9NPE3","NOP10",-0.0296859823484787,24.9209079636087,-0.250352239824843,0.805811221785552,0.948714772688856,-6.58049685833263,"Human_vs_QC","limma_eBayes_BH"
"Q15050","RRS1",0.0498765617373245,25.210331088606,0.249348646311375,0.806572591781796,0.949281633525796,-6.58075894358649,"Human_vs_QC","limma_eBayes_BH"
"O75521","ECI2",0.0365302811112507,25.1612389531582,0.249071166054598,0.806783136272052,0.949281633525796,-6.58083122250913,"Human_vs_QC","limma_eBayes_BH"
"Q8IVS2","MCAT",-0.115806487261402,23.367864606221,-0.248705091109303,0.807060927695581,0.949281633525796,-6.580926456791,"Human_vs_QC","limma_eBayes_BH"
"O75794","CDC123",0.0542599243534703,24.720515547851,0.247957020350204,0.807628675551722,0.949281633525796,-6.58112063531796,"Human_vs_QC","limma_eBayes_BH"
"A2RRP1","NBAS",-0.0728758384401544,24.2190470061431,-0.247857423652478,0.807704272867122,0.949281633525796,-6.58114644412701,"Human_vs_QC","limma_eBayes_BH"
"P63218","GNG5",0.0678160863878965,24.429319412733,0.247837980102269,0.807719031421466,0.949281633525796,-6.58115148139667,"Human_vs_QC","limma_eBayes_BH"
"Q13643","FHL3",-0.0192585791858662,25.75702532306,-0.247584319247903,0.807911578680048,0.949281633525796,-6.58121716179654,"Human_vs_QC","limma_eBayes_BH"
"Q00535","CDK5",-0.0529591706395287,23.8017841421444,-0.247334853541193,0.808100954064162,0.949281633525796,-6.58128169090747,"Human_vs_QC","limma_eBayes_BH"
"Q96RL1","UIMC1",0.10129713027893,21.5541972906047,0.247144446308885,0.808245505116249,0.949281633525796,-6.58133090000425,"Human_vs_QC","limma_eBayes_BH"
"Q9Y6D6","ARFGEF1",-0.138362452858555,22.7269078909164,-0.246750995339938,0.808544223376815,0.949377610647764,-6.5814324649481,"Human_vs_QC","limma_eBayes_BH"
"P67936","TPM4",0.0346177116722437,28.1044240728439,0.245862363648981,0.809219009290107,0.949455344304018,-6.58166126479365,"Human_vs_QC","limma_eBayes_BH"
"Q9NP58","ABCB6",-0.0994529288235562,22.4601821578357,-0.245650102913283,0.809380213537889,0.949455344304018,-6.58171579537614,"Human_vs_QC","limma_eBayes_BH"
"P61586","RHOA",0.102705893794049,26.9761218569686,0.245617214944113,0.809405191545465,0.949455344304018,-6.5817242402406,"Human_vs_QC","limma_eBayes_BH"
"Q9Y296","TRAPPC4",0.0937235700170547,25.8665060556797,0.245520693994202,0.809478499258054,0.949455344304018,-6.58174901809855,"Human_vs_QC","limma_eBayes_BH"
"O95999","BCL10",0.140276281118268,22.8420943622605,0.244691646246284,0.810108237532702,0.949939302922962,-6.58196144492165,"Human_vs_QC","limma_eBayes_BH"
"Q6L8Q7","PDE12",0.0549441939722719,24.0469291279755,0.243446056272081,0.811054633549494,0.950653876798203,-6.58227926282147,"Human_vs_QC","limma_eBayes_BH"
"Q9HC38","GLOD4",0.0193950811618713,25.4966116322441,0.243040626491932,0.811362744009368,0.950653876798203,-6.58238236305883,"Human_vs_QC","limma_eBayes_BH"
"O15127","SCAMP2",-0.0717269205032807,24.7896690565289,-0.242812799366917,0.811535897720857,0.950653876798203,-6.58244022438915,"Human_vs_QC","limma_eBayes_BH"
"P78362","SRPK2",0.0366550257141256,25.9201359054946,0.242745833269264,0.811586795392294,0.950653876798203,-6.58245722155651,"Human_vs_QC","limma_eBayes_BH"
"P61313","RPL15",0.0888016780116558,28.273049517149,0.24161860679865,0.81244367735946,0.951402860933522,-6.58274263343915,"Human_vs_QC","limma_eBayes_BH"
"P51149","RAB7A",0.0398748640677589,26.2074134898295,0.240546620438128,0.813258798031675,0.951535050822493,-6.58301283622705,"Human_vs_QC","limma_eBayes_BH"
"Q13011","ECH1",-0.0537883788151809,25.4212393273105,-0.239924305741685,0.813732098531847,0.951535050822493,-6.58316914889572,"Human_vs_QC","limma_eBayes_BH"
"Q9ULI0","ATAD2B",-0.13489928925453,21.7110215378419,-0.23956794048355,0.814003165474679,0.951535050822493,-6.58325847966095,"Human_vs_QC","limma_eBayes_BH"
"Q96CB9","NSUN4",-0.214767891654763,22.0362000774943,-0.23931286072349,0.81419720538366,0.951535050822493,-6.58332234010896,"Human_vs_QC","limma_eBayes_BH"
"Q9H0H5","RACGAP1",0.0953542832779952,22.6603071070731,0.239138365644729,0.814329951556981,0.951535050822493,-6.58336598691792,"Human_vs_QC","limma_eBayes_BH"
"Q69YL0","NCBP2AS2",0.178743155678745,21.8609002206109,0.239126980446962,0.814338612988645,0.951535050822493,-6.58336883362302,"Human_vs_QC","limma_eBayes_BH"
"O95453","PARN",0.026313638965366,26.7666392237445,0.238910972006503,0.814502948867214,0.951535050822493,-6.58342281795453,"Human_vs_QC","limma_eBayes_BH"
"O60231","DHX16",-0.0582609445469728,23.4914365022412,-0.238865609195422,0.814537461339131,0.951535050822493,-6.58343414877438,"Human_vs_QC","limma_eBayes_BH"
"O94762","RECQL5",0.114879002639015,20.5096190554132,0.238705213563444,0.814659495101964,0.951535050822493,-6.58347419562101,"Human_vs_QC","limma_eBayes_BH"
"Q9Y547","IFT25",0.0292741246846475,24.2253531150966,0.238610580305128,0.814731497229957,0.951535050822493,-6.58349781070205,"Human_vs_QC","limma_eBayes_BH"
"P27694","RPA1",0.0322671859856172,26.415323015382,0.237601619775787,0.815499276722472,0.952120520632834,-6.58374901234725,"Human_vs_QC","limma_eBayes_BH"
"P0DMM9","SULT1A3",-0.0719129898399586,22.924466334273,-0.23704955093426,0.815919462509489,0.952120520632834,-6.58388601431297,"Human_vs_QC","limma_eBayes_BH"
"Q9UNM6","PSMD13",0.0340214660528382,26.4100292113523,0.236650212969306,0.816223439609152,0.952120520632834,-6.58398491734205,"Human_vs_QC","limma_eBayes_BH"
"Q9BSV6","TSEN34",-0.132579253405968,23.6630049078759,-0.236294255175619,0.816494421390762,0.952120520632834,-6.58407293704189,"Human_vs_QC","limma_eBayes_BH"
"P60983","GMFB",-0.0424114626240595,25.8618023211056,-0.235760075687843,0.816901124418235,0.952120520632834,-6.5842047799505,"Human_vs_QC","limma_eBayes_BH"
"Q13813","SPTAN1",0.143573509724167,22.3635480238014,0.235708919461622,0.816940075598319,0.952120520632834,-6.58421739048208,"Human_vs_QC","limma_eBayes_BH"
"P55263","ADK",-0.0366916184851362,26.368124249421,-0.235358869999017,0.817206622346254,0.952120520632834,-6.58430360838156,"Human_vs_QC","limma_eBayes_BH"
"O95707","POP4",-0.217987336682373,20.7232378128628,-0.23506513302853,0.817430307734,0.952120520632834,-6.58437585828622,"Human_vs_QC","limma_eBayes_BH"
"O75251","NDUFS7",-0.0287556070800754,23.9732268800093,-0.233968968098798,0.818265199834562,0.952120520632834,-6.58464468930311,"Human_vs_QC","limma_eBayes_BH"
"Q9NXH9","TRMT1",-0.0369448361464357,23.9780362608324,-0.233585513179883,0.818557311481906,0.952120520632834,-6.58473843602042,"Human_vs_QC","limma_eBayes_BH"
"O94925","GLS",-0.0221435786044673,25.4182578772796,-0.233368035737575,0.818722995735829,0.952120520632834,-6.58479153689496,"Human_vs_QC","limma_eBayes_BH"
"Q99805","TM9SF2",-0.0295337309907957,25.4663127760903,-0.233287204614668,0.818784578861694,0.952120520632834,-6.58481126069725,"Human_vs_QC","limma_eBayes_BH"
"Q15652","JMJD1C",0.198718539299847,21.0556399875812,0.232883913715032,0.819091854152229,0.952120520632834,-6.58490956738832,"Human_vs_QC","limma_eBayes_BH"
"P33981","TTK",-0.107527145301109,23.2189619863386,-0.232754228714937,0.819190670243122,0.952120520632834,-6.58494114369575,"Human_vs_QC","limma_eBayes_BH"
"Q3L8U1","CHD9",0.204391638921376,20.6914995156249,0.23249330275044,0.819389497644139,0.952120520632834,-6.58500462227083,"Human_vs_QC","limma_eBayes_BH"
"O00716","E2F3",0.11395109820679,21.7346646967118,0.232270041377666,0.819559634560047,0.952120520632834,-6.58505888162949,"Human_vs_QC","limma_eBayes_BH"
"Q00059","TFAM",-0.040984524764589,25.5440439592893,-0.232243306183063,0.819580008815331,0.952120520632834,-6.58506537563273,"Human_vs_QC","limma_eBayes_BH"
"Q9H2K8","TAOK3",-0.0663265576490879,24.0657321710494,-0.232135634687685,0.819662064061844,0.952120520632834,-6.5850915216268,"Human_vs_QC","limma_eBayes_BH"
"P46459","NSF",-0.0158306503553618,24.7305859553666,-0.231934717639881,0.819815186542954,0.952120520632834,-6.58514027836837,"Human_vs_QC","limma_eBayes_BH"
"Q16891","IMMT",0.0349421747772247,26.5246168838443,0.231853707077649,0.819876928293118,0.952120520632834,-6.58515992542923,"Human_vs_QC","limma_eBayes_BH"
"P52657","GTF2A2",-0.111745979250184,23.6774338346201,-0.23146066203584,0.820176502909779,0.952120520632834,-6.58525515184776,"Human_vs_QC","limma_eBayes_BH"
"Q9UP83","COG5",0.043220071383324,22.9953367616449,0.23142334718468,0.820204945388759,0.952120520632834,-6.5852641841043,"Human_vs_QC","limma_eBayes_BH"
"P51178","PLCD1",0.0332201361317459,24.4047473679508,0.231379684371489,0.820238226803463,0.952120520632834,-6.58527475108339,"Human_vs_QC","limma_eBayes_BH"
"Q8NBF2","NHLRC2",-0.0872649715698692,23.8323491681641,-0.230602196155941,0.82083091702574,0.952238161363704,-6.58546258215273,"Human_vs_QC","limma_eBayes_BH"
"Q71SY5","MED25",-0.15925785273669,22.5320958462973,-0.230558072400348,0.820864556582857,0.952238161363704,-6.58547322306258,"Human_vs_QC","limma_eBayes_BH"
"Q9BSH4","TACO1",-0.0369801158891967,24.4879129067298,-0.230390211027859,0.820992535923175,0.952238161363704,-6.58551368613524,"Human_vs_QC","limma_eBayes_BH"
"Q9ULC3","RAB23",-0.136065835774104,21.6761611256273,-0.229777928893265,0.821459391140017,0.95224634034454,-6.58566102911541,"Human_vs_QC","limma_eBayes_BH"
"Q8TAQ2","SMARCC2",0.0274470158614442,25.478924400263,0.229539386537544,0.821641294767209,0.95224634034454,-6.58571832791873,"Human_vs_QC","limma_eBayes_BH"
"Q16864","ATP6V1F",0.0184947411466752,24.7582204210561,0.229371080876736,0.821769644856024,0.95224634034454,-6.58575872004738,"Human_vs_QC","limma_eBayes_BH"
"Q12834","CDC20",-0.122904545783467,22.5504286632323,-0.229239210775428,0.821870212832225,0.95224634034454,-6.58579034735858,"Human_vs_QC","limma_eBayes_BH"
"Q96P70","IPO9",-0.0185280472807676,26.0373172159514,-0.228369453344821,0.822533596161395,0.952762637862352,-6.58599849497985,"Human_vs_QC","limma_eBayes_BH"
"Q12792","TWF1",0.10461329192329,22.8835125313882,0.227809841603022,0.822960498697713,0.953004812546981,-6.58613200422142,"Human_vs_QC","limma_eBayes_BH"
"Q9HD33","MRPL47",0.0673756792981308,23.4790497429135,0.227276053329324,0.823367755684904,0.953028062728243,-6.58625904960119,"Human_vs_QC","limma_eBayes_BH"
"Q9GZR7","DDX24",0.118399136694627,22.2091419486908,0.226974112003409,0.823598146949394,0.953028062728243,-6.58633078274569,"Human_vs_QC","limma_eBayes_BH"
"Q9UBT2","UBA2",-0.0186985961737456,26.3617265706584,-0.226927020060336,0.823634081182968,0.953028062728243,-6.5863419619911,"Human_vs_QC","limma_eBayes_BH"
"Q9NR28","DIABLO",0.0370614765390052,26.3295025062502,0.226281727222326,0.824126522996142,0.953301849405102,-6.58649491727558,"Human_vs_QC","limma_eBayes_BH"
"P49406","MRPL19",-0.0327038541028166,23.6170608909505,-0.225846794050288,0.824458476417732,0.953301849405102,-6.58659776653946,"Human_vs_QC","limma_eBayes_BH"
"Q9NSI2","SLX9",-0.0284236413426768,23.9957758295749,-0.225760440368438,0.824524388148322,0.953301849405102,-6.58661816334067,"Human_vs_QC","limma_eBayes_BH"
"P12259","F5",-0.124313819062667,24.1988596074112,-0.225068855688521,0.825052307761236,0.953485032720219,-6.58678123673477,"Human_vs_QC","limma_eBayes_BH"
"Q8N684","CPSF7",0.0373886578416247,24.7248837510559,0.224849787275741,0.825219551406,0.953485032720219,-6.58683278874092,"Human_vs_QC","limma_eBayes_BH"
"Q9Y5A9","YTHDF2",-0.0260779068641881,25.9907870421708,-0.224696416930767,0.825336644322621,0.953485032720219,-6.58686885076354,"Human_vs_QC","limma_eBayes_BH"
"Q9Y6G5","COMMD10",0.048511390276019,22.4941728134098,0.224094980097183,0.825795861840253,0.953555197077255,-6.58701003103746,"Human_vs_QC","limma_eBayes_BH"
"Q9UN86","G3BP2",0.0294994380070897,26.2973399661951,0.224044615096854,0.825834320227793,0.953555197077255,-6.58702183658285,"Human_vs_QC","limma_eBayes_BH"
"P46013","MKI67",-0.0966002604482092,23.1765697834925,-0.223760542317947,0.826051245010925,0.953555197077255,-6.58708837383662,"Human_vs_QC","limma_eBayes_BH"
"Q8N108","MIER1",-0.0846569010517371,23.1982929643945,-0.222660060013699,0.826891738156812,0.953972119486287,-6.58734534406126,"Human_vs_QC","limma_eBayes_BH"
"Q10570","CPSF1",-0.0368668118335798,24.2873012652765,-0.222449763374835,0.827052377170594,0.953972119486287,-6.58739430659283,"Human_vs_QC","limma_eBayes_BH"
"P17542","TAL1",-0.0503962607902508,23.2684258527788,-0.222306833879398,0.827161561102999,0.953972119486287,-6.58742755807356,"Human_vs_QC","limma_eBayes_BH"
"Q8N6T3","ARFGAP1",0.0653262660784293,23.6816635610594,0.222145744228504,0.827284622018508,0.953972119486287,-6.58746500893778,"Human_vs_QC","limma_eBayes_BH"
"Q86V48","LUZP1",0.0941905928302482,22.8680444497997,0.221126768302249,0.82806315492748,0.954370301373203,-6.58770128047691,"Human_vs_QC","limma_eBayes_BH"
"Q9H6Z4","RANBP3",0.0342907196292224,25.3208886691878,0.221015505974666,0.828148174530354,0.954370301373203,-6.5877270137151,"Human_vs_QC","limma_eBayes_BH"
"Q86X29","LSR",0.080926131488674,22.7343430394667,0.220837302819353,0.828284350700355,0.954370301373203,-6.58776820252104,"Human_vs_QC","limma_eBayes_BH"
"Q9Y487","ATP6V0A2",-0.136571284038084,21.94255067759,-0.219623237931011,0.829212245255037,0.955067194795929,-6.58804793595378,"Human_vs_QC","limma_eBayes_BH"
"Q99613","EIF3C",0.0471240925918366,26.1213379518064,0.219255799088446,0.829493126167096,0.955067194795929,-6.5881322958221,"Human_vs_QC","limma_eBayes_BH"
"Q01415","GALK2",0.0250785058990353,22.9972625753407,0.219189149322565,0.829544077765607,0.955067194795929,-6.58814758283283,"Human_vs_QC","limma_eBayes_BH"
"O60216","RAD21",0.025285243011183,24.9061845552703,0.218408978763238,0.830140551917268,0.955502476884516,-6.5883261820244,"Human_vs_QC","limma_eBayes_BH"
"P09012","SNRPA",0.0503431371729981,27.0098367687602,0.217910137738747,0.830521994234558,0.955690090682849,-6.58844004678366,"Human_vs_QC","limma_eBayes_BH"
"Q8N2F6","ARMC10",0.0718880634068135,23.2743381872644,0.217141121828013,0.831110114185207,0.955963882864745,-6.58861507458375,"Human_vs_QC","limma_eBayes_BH"
"P27635","RPL10",0.0796580766291015,27.3580858884688,0.216318449813139,0.831739384504591,0.955963882864745,-6.58880163394708,"Human_vs_QC","limma_eBayes_BH"
"Q9Y6M5","SLC30A1",0.134857439247138,21.3470857383593,0.216158461601921,0.831861775009088,0.955963882864745,-6.58883783315581,"Human_vs_QC","limma_eBayes_BH"
"Q9UFW8","CGGBP1",0.120135259427762,23.2326759357291,0.216008717838106,0.831976332626885,0.955963882864745,-6.58887169033089,"Human_vs_QC","limma_eBayes_BH"
"Q9BSC4","NOL10",0.0219589345185831,24.27072279098,0.215846007004233,0.832100814843047,0.955963882864745,-6.58890845294455,"Human_vs_QC","limma_eBayes_BH"
"Q9UBB9","TFIP11",-0.0357877424823343,26.0367017460028,-0.215596947476292,0.832291367302035,0.955963882864745,-6.58896467173056,"Human_vs_QC","limma_eBayes_BH"
"Q8IWV8","UBR2",-0.116004639392425,22.920389480375,-0.215566343402817,0.832314782863966,0.955963882864745,-6.58897157536457,"Human_vs_QC","limma_eBayes_BH"
"Q9Y3B4","SF3B6",-0.0274209853415641,25.5190584021755,-0.215313849106756,0.832507975706212,0.955963882864745,-6.5890284956006,"Human_vs_QC","limma_eBayes_BH"
"Q99595","TIMM17A",-0.0993227963240919,23.3073464605683,-0.214872972047679,0.832845334072736,0.956100324473425,-6.58912772439303,"Human_vs_QC","limma_eBayes_BH"
"A6NHR9","SMCHD1",-0.0176547079220342,26.142701166839,-0.21450254345122,0.83312881172026,0.956174856053552,-6.58921094102963,"Human_vs_QC","limma_eBayes_BH"
"Q9Y679","AUP1",-0.0663850311011949,22.8048758265003,-0.21406592127167,0.833462976095401,0.956307506010327,-6.58930884484488,"Human_vs_QC","limma_eBayes_BH"
"O60869","EDF1",0.0486253156795691,25.9382181012013,0.213026281313066,0.834258787857882,0.956699519747363,-6.58954116546707,"Human_vs_QC","limma_eBayes_BH"
"P31153","MAT2A",0.0747269243350352,27.528383124021,0.213016422265679,0.834266335549467,0.956699519747363,-6.58954336321571,"Human_vs_QC","limma_eBayes_BH"
"Q6XQN6","NAPRT",0.0330677209288766,23.1431849152425,0.212762602769481,0.834460655395643,0.956699519747363,-6.58959990908349,"Human_vs_QC","limma_eBayes_BH"
"Q9NR56","MBNL1",0.0171494642586296,25.6134679522605,0.21237588951044,0.834756737912025,0.9567504195618,-6.58968593221414,"Human_vs_QC","limma_eBayes_BH"
"O60264","SMARCA5",0.0175955437847115,25.0748276519657,0.212133383179244,0.834942423288446,0.9567504195618,-6.58973979763516,"Human_vs_QC","limma_eBayes_BH"
"P49840","GSK3A",0.0384965051669965,24.6746048213877,0.21080118483263,0.83596265932483,0.957668665762276,-6.59003461424484,"Human_vs_QC","limma_eBayes_BH"
"Q8NI27","THOC2",0.0287328527740875,25.0770856970318,0.209856572550314,0.836686255829496,0.958004300795112,-6.59024253933346,"Human_vs_QC","limma_eBayes_BH"
"P14854","COX6B1",-0.0792969837937854,26.3104789682304,-0.20982548511872,0.836710072176732,0.958004300795112,-6.59024936642706,"Human_vs_QC","limma_eBayes_BH"
"Q16540","MRPL23",0.0487753746112567,24.1771444607215,0.209561190569057,0.83691255717461,0.958004300795112,-6.59030736740566,"Human_vs_QC","limma_eBayes_BH"
"Q8N5N7","MRPL50",0.0559694283231238,23.9508368688518,0.207722591116152,0.838321500342386,0.959366090504299,-6.59070884785171,"Human_vs_QC","limma_eBayes_BH"
"Q53GS7","GLE1",-0.0628704966725664,24.0070307456473,-0.207281661294679,0.838659476152502,0.959501884980961,-6.59080460741501,"Human_vs_QC","limma_eBayes_BH"
"Q00613","HSF1",0.137015461415725,24.2281783177146,0.206650962767347,0.839142968206275,0.95956394198975,-6.59094122868798,"Human_vs_QC","limma_eBayes_BH"
"Q12933","TRAF2",0.0761456890721668,23.3297923724003,0.206638692376663,0.839152375326351,0.95956394198975,-6.5909438825834,"Human_vs_QC","limma_eBayes_BH"
"Q9Y2X7","GIT1",-0.20944389943114,21.3762559184071,-0.206015039310594,0.839630533664381,0.959859834016637,-6.59107856276317,"Human_vs_QC","limma_eBayes_BH"
"P61970","NUTF2",-0.0231447839684584,26.2291302601135,-0.205425872378061,0.84008231142729,0.959961237334087,-6.59120542379675,"Human_vs_QC","limma_eBayes_BH"
"Q9H583","HEATR1",-0.0145690762081685,26.2930174031705,-0.205185348447982,0.840266763796155,0.959961237334087,-6.59125711024304,"Human_vs_QC","limma_eBayes_BH"
"Q9GZZ1","NAA50",-0.0360537919658803,25.7764837405108,-0.205018007998778,0.84039509912933,0.959961237334087,-6.59129303470239,"Human_vs_QC","limma_eBayes_BH"
"O94874","UFL1",-0.0437400624691087,24.9250253193084,-0.2047548672172,0.840596914337575,0.959961237334087,-6.59134946653283,"Human_vs_QC","limma_eBayes_BH"
"Q9UKJ3","GPATCH8",0.090311402645213,22.6878314891962,0.20350816386687,0.841553227816224,0.960223518912275,-6.59161584878258,"Human_vs_QC","limma_eBayes_BH"
"O95684","CEP43",0.0240509709175001,24.4276283597079,0.203159949545816,0.841820380162931,0.960223518912275,-6.59168996251599,"Human_vs_QC","limma_eBayes_BH"
"P48730","CSNK1D",-0.118616468605204,23.103827372946,-0.202769468065922,0.84211998410949,0.960223518912275,-6.59177292226848,"Human_vs_QC","limma_eBayes_BH"
"Q9NY27","PPP4R2",-0.0212594919653277,24.3270461451424,-0.202753591039464,0.842132166579081,0.960223518912275,-6.59177629206517,"Human_vs_QC","limma_eBayes_BH"
"Q9GZN8","ADISSP",0.0692140290318051,23.9223275650905,0.202680842246289,0.842187987387063,0.960223518912275,-6.59179172917321,"Human_vs_QC","limma_eBayes_BH"
"O75947","ATP5PD",0.055780644673856,25.8865883702922,0.202312108154202,0.842470933879205,0.960223518912275,-6.59186988889089,"Human_vs_QC","limma_eBayes_BH"
"Q86TU7","SETD3",0.0620970253281286,23.1659386270296,0.202185817404664,0.842567847706695,0.960223518912275,-6.59189662591679,"Human_vs_QC","limma_eBayes_BH"
"Q8WVY7","UBLCP1",-0.0209933145019399,24.5713077195718,-0.202166827716701,0.842582420366679,0.960223518912275,-6.59190064478961,"Human_vs_QC","limma_eBayes_BH"
"O60828","PQBP1",-0.0160731940582437,25.5140049311642,-0.20121360597989,0.843313997889906,0.960512179976294,-6.59210189708606,"Human_vs_QC","limma_eBayes_BH"
"P26583","HMGB2",0.03732189978831,28.1020440384179,0.20044263938838,0.843905807867208,0.960512179976294,-6.59226397829356,"Human_vs_QC","limma_eBayes_BH"
"Q16531","DDB1",-0.0157520875360575,26.3689576254345,-0.200140468283464,0.844137787294703,0.960512179976294,-6.5923273353016,"Human_vs_QC","limma_eBayes_BH"
"P37840","SNCA",-0.104301125297894,22.5356715147678,-0.199747840852361,0.844439233175453,0.960512179976294,-6.59240951653377,"Human_vs_QC","limma_eBayes_BH"
"Q96GC5","MRPL48",0.0776837148608571,23.8666460815584,0.199708426313783,0.844469495699304,0.960512179976294,-6.5924177575658,"Human_vs_QC","limma_eBayes_BH"
"Q6UN15","FIP1L1",0.0146103641942155,25.2630058991348,0.199532914530501,0.844604256911178,0.960512179976294,-6.59245443500438,"Human_vs_QC","limma_eBayes_BH"
"Q96AB3","ISOC2",-0.0255542503948867,24.1137224107172,-0.198864512932692,0.845117514105218,0.960512179976294,-6.59259382009045,"Human_vs_QC","limma_eBayes_BH"
"Q9Y6G9","DYNC1LI1",0.0226955827651025,25.9226873373254,0.19860910165491,0.845313660432475,0.960512179976294,-6.59264695944087,"Human_vs_QC","limma_eBayes_BH"
"Q70CQ2","USP34",-0.113020406231719,22.1999541824848,-0.198380632873334,0.845489124914293,0.960512179976294,-6.59269443574658,"Human_vs_QC","limma_eBayes_BH"
"Q9UJY4","GGA2",0.0919175559210181,23.2260801034029,0.198183435645809,0.845640579595429,0.960512179976294,-6.59273537005871,"Human_vs_QC","limma_eBayes_BH"
"Q86UA1","PRPF39",-0.107629927448819,22.6746121769055,-0.19817556723232,0.845646622955611,0.960512179976294,-6.59273700254846,"Human_vs_QC","limma_eBayes_BH"
"Q9C0D3","ZYG11B",0.121103513807196,21.5022027436883,0.197804252126359,0.845931824125451,0.960512179976294,-6.59281396741195,"Human_vs_QC","limma_eBayes_BH"
"O14976","GAK",-0.0614504424414832,23.6546340482758,-0.197609997284381,0.846081037047753,0.960512179976294,-6.59285417466356,"Human_vs_QC","limma_eBayes_BH"
"Q9Y6I3","EPN1",0.0512508631258051,23.5340578863385,0.197568970979604,0.846112551353791,0.960512179976294,-6.59286266134404,"Human_vs_QC","limma_eBayes_BH"
"O60287","URB1",-0.0544358185042064,23.6504522035979,-0.197547686714078,0.846128900943688,0.960512179976294,-6.5928670635059,"Human_vs_QC","limma_eBayes_BH"
"Q8WWQ0","PHIP",-0.307153799105723,21.885947100886,-0.196972203302403,0.84657098847227,0.960553445173401,-6.5929859102461,"Human_vs_QC","limma_eBayes_BH"
"P25791","LMO2",0.0801502145667108,23.0904836042491,0.196593925357505,0.84686161146313,0.960553445173401,-6.59306384299306,"Human_vs_QC","limma_eBayes_BH"
"O95810","CAVIN2",-0.0227569959655547,24.7351630534383,-0.196555922550917,0.846890809494419,0.960553445173401,-6.59307166408714,"Human_vs_QC","limma_eBayes_BH"
"P62937","PPIA",0.11209189362398,29.6156220909038,0.196357228582049,0.847043472338053,0.960553445173401,-6.5931125314284,"Human_vs_QC","limma_eBayes_BH"
"O94966","USP19",-0.0894304634669858,22.8517351404433,-0.195371511856232,0.847800923338364,0.961034619160218,-6.593314665591,"Human_vs_QC","limma_eBayes_BH"
"P51812","RPS6KA3",-0.0473781839544678,24.240079813209,-0.195233333882446,0.847907115419072,0.961034619160218,-6.59334291993726,"Human_vs_QC","limma_eBayes_BH"
"P25386","USO1",0.0443621522729885,26.2244610824881,0.194545946787647,0.848435429218446,0.961318404950902,-6.59348317992966,"Human_vs_QC","limma_eBayes_BH"
"P55036","PSMD4",0.0276559368229208,26.8219126507769,0.194335805239313,0.848596955410374,0.961318404950902,-6.59352596068713,"Human_vs_QC","limma_eBayes_BH"
"O15479","MAGEB2",0.0231128938040293,24.9194195452418,0.193663176461597,0.849114021606904,0.961441082522634,-6.59366258569267,"Human_vs_QC","limma_eBayes_BH"
"Q96MF7","NSMCE2",0.138127354701403,23.9896931925461,0.19342565092299,0.849296630465262,0.961441082522634,-6.59371071952607,"Human_vs_QC","limma_eBayes_BH"
"Q13356","PPIL2",-0.0132014393871245,25.3777803392645,-0.192912328883372,0.849691301305917,0.961441082522634,-6.59381454196102,"Human_vs_QC","limma_eBayes_BH"
"P45974","USP5",0.0135253977834999,25.5499297989118,0.192776641441586,0.849795632404899,0.961441082522634,-6.59384193968972,"Human_vs_QC","limma_eBayes_BH"
"Q15436","SEC23A",-0.120765660009205,23.0213078387991,-0.19276570977944,0.849804037969149,0.961441082522634,-6.59384414615366,"Human_vs_QC","limma_eBayes_BH"
"P53990","IST1",-0.0177752326498002,24.8872196054623,-0.192004886429955,0.850389095931151,0.961504215903886,-6.59399740612669,"Human_vs_QC","limma_eBayes_BH"
"Q9BRP4","PAAF1",0.0448549799021798,23.9352375967579,0.191907660270419,0.850463867478854,0.961504215903886,-6.59401694787734,"Human_vs_QC","limma_eBayes_BH"
"Q13428","TCOF1",-0.0145582010501926,26.6889024361102,-0.191835766928576,0.850519157839552,0.961504215903886,-6.59403139158315,"Human_vs_QC","limma_eBayes_BH"
"O14957","UQCR11",-0.0960418108897727,23.6165349738264,-0.190623334815954,0.851451714224581,0.962264208689115,-6.59427416374077,"Human_vs_QC","limma_eBayes_BH"
"O43805","SSNA1",-0.0669141391353172,22.6655981155286,-0.190389863371106,0.851631317952972,0.962264208689115,-6.59432073721116,"Human_vs_QC","limma_eBayes_BH"
"O94817","ATG12",-0.0688518280404722,21.7587993625996,-0.189964708498046,0.85195840078912,0.962301828117546,-6.59440540230709,"Human_vs_QC","limma_eBayes_BH"
"Q86Y56","DNAAF5",-0.0308358923243759,25.0747851468825,-0.189359060275471,0.852424390528384,0.962301828117546,-6.59452568552274,"Human_vs_QC","limma_eBayes_BH"
"O95551","TDP2",-0.0656285688033691,23.6890558744588,-0.189179878287227,0.85256226526174,0.962301828117546,-6.59456119824299,"Human_vs_QC","limma_eBayes_BH"
"P29144","TPP2",0.0131484888325915,25.8821160796892,0.189039237215368,0.852670487499184,0.962301828117546,-6.59458904896784,"Human_vs_QC","limma_eBayes_BH"
"Q9NZB2","FAM120A",-0.0562025573750446,25.2241977607343,-0.188712219510169,0.852922136995544,0.962301828117546,-6.59465372761821,"Human_vs_QC","limma_eBayes_BH"
"Q13042","CDC16",-0.0561505709639931,24.3554110695906,-0.188631389648696,0.852984340443393,0.962301828117546,-6.59466969724251,"Human_vs_QC","limma_eBayes_BH"
"A4D1E9","GTPBP10",-0.0582382175380118,23.939642756856,-0.187879820175156,0.853562766781866,0.962706136806049,-6.59481785952246,"Human_vs_QC","limma_eBayes_BH"
"P30740","SERPINB1",0.0141945817780567,25.3532006662735,0.187399967956107,0.85393211841102,0.962874489187683,-6.59491214836381,"Human_vs_QC","limma_eBayes_BH"
"O14981","BTAF1",-0.106603615972755,22.2424580446442,-0.186818596642719,0.854379658702091,0.962981148740382,-6.59502606379582,"Human_vs_QC","limma_eBayes_BH"
"P27708","CAD",-0.0118336961000871,26.3688505631351,-0.18670523566742,0.854466930150894,0.962981148740382,-6.59504823500901,"Human_vs_QC","limma_eBayes_BH"
"P37268","FDFT1",0.0846411286715565,22.8589630434498,0.186130739452436,0.854909238859558,0.963231501419152,-6.59516038943903,"Human_vs_QC","limma_eBayes_BH"
"P50479","PDLIM4",-0.0933714156611778,23.3890149355971,-0.184122229022987,0.856456000628009,0.963950903943114,-6.5955497918053,"Human_vs_QC","limma_eBayes_BH"
"Q9BYW2","SETD2",-0.110002431064029,22.0824038693816,-0.183508781137966,0.856928541148926,0.963950903943114,-6.59566788651007,"Human_vs_QC","limma_eBayes_BH"
"Q9NP77","SSU72",0.0245262757973848,24.9170029470597,0.182435361960946,0.857755535114345,0.963950903943114,-6.59587358643001,"Human_vs_QC","limma_eBayes_BH"
"Q68CQ4","UTP25",-0.0532791523526051,23.9297262256967,-0.181565116468137,0.858426124847871,0.963950903943114,-6.59603947041081,"Human_vs_QC","limma_eBayes_BH"
"Q9BVP2","GNL3",0.0344165680795427,25.5609741322899,0.181351151814366,0.858591018062484,0.963950903943114,-6.59608013488427,"Human_vs_QC","limma_eBayes_BH"
"Q8NAV1","PRPF38A",0.0264675972457695,24.9426595810712,0.180751562671927,0.859053131550926,0.963950903943114,-6.59619383389426,"Human_vs_QC","limma_eBayes_BH"
"P35658","NUP214",0.0239312714162949,26.8805994318723,0.180740977128943,0.859061290488092,0.963950903943114,-6.59619583784465,"Human_vs_QC","limma_eBayes_BH"
"P53974","ARK1",-0.225716209543929,23.5929857163342,-0.180528561256801,0.859225016145202,0.963950903943114,-6.59623602562459,"Human_vs_QC","limma_eBayes_BH"
"Q15648","MED1",-0.0544506919082011,23.6449001969077,-0.180435329449503,0.859296879362855,0.963950903943114,-6.59625364965524,"Human_vs_QC","limma_eBayes_BH"
"Q7L4I2","RSRC2",0.0627629759278463,23.6608070795842,0.180380350240329,0.859339258024433,0.963950903943114,-6.59626403837611,"Human_vs_QC","limma_eBayes_BH"
"P49585","PCYT1A",-0.0443148922206902,23.5509207171857,-0.180374782911949,0.859343549415719,0.963950903943114,-6.59626509018751,"Human_vs_QC","limma_eBayes_BH"
"Q99661","KIF2C",0.0215804011085403,26.1158007258684,0.180132802919249,0.85953007614286,0.963950903943114,-6.59631077519865,"Human_vs_QC","limma_eBayes_BH"
"P31040","SDHA",0.0245058035646721,26.6875170294579,0.180113566686254,0.859544904482967,0.963950903943114,-6.59631440431536,"Human_vs_QC","limma_eBayes_BH"
"Q8NBS9","TXNDC5",-0.0265005325313474,25.8528426759697,-0.179947214501927,0.859673140126387,0.963950903943114,-6.59634577230113,"Human_vs_QC","limma_eBayes_BH"
"Q0VD83","APOBR",-0.157721141212818,20.6875229347751,-0.179804566687913,0.859783106079578,0.963950903943114,-6.59637264752323,"Human_vs_QC","limma_eBayes_BH"
"Q502W6","VWA3B",0.152777377465263,26.5952160421853,0.179731619658594,0.859839341469337,0.963950903943114,-6.59638638273564,"Human_vs_QC","limma_eBayes_BH"
"Q9Y5J1","UTP18",-0.0326959788007635,25.8128621224559,-0.179265691049401,0.860198547720761,0.963950903943114,-6.59647398163795,"Human_vs_QC","limma_eBayes_BH"
"Q9NYV4","CDK12",-0.0484678780780072,23.8607437117281,-0.178898229249553,0.860481863853086,0.963950903943114,-6.59654290820485,"Human_vs_QC","limma_eBayes_BH"
"Q5C9Z4","NOM1",-0.0648823521854247,23.0798551736908,-0.178897544752734,0.860482391624424,0.963950903943114,-6.59654303646781,"Human_vs_QC","limma_eBayes_BH"
"P11279","LAMP1",0.0157884512809936,24.4858706061969,0.178767692509088,0.860582513558496,0.963950903943114,-6.59656735971239,"Human_vs_QC","limma_eBayes_BH"
"Q9Y3B8","REXO2",-0.0196673763767521,25.4259810492249,-0.178762622041619,0.860586423167797,0.963950903943114,-6.59656830912921,"Human_vs_QC","limma_eBayes_BH"
"Q9BUI4","POLR3C",-0.0712880466373527,22.7618372445588,-0.178337081019618,0.860914552156999,0.963950903943114,-6.59664789377664,"Human_vs_QC","limma_eBayes_BH"
"Q08J23","NSUN2",0.0211995450834017,26.4443169396091,0.178247473318967,0.860983650842762,0.963950903943114,-6.59666462813327,"Human_vs_QC","limma_eBayes_BH"
"Q15058","KIF14",-0.0587329808945931,22.9269411296452,-0.178215430093823,0.861008360441709,0.963950903943114,-6.59667061021548,"Human_vs_QC","limma_eBayes_BH"
"Q9H2W6","MRPL46",0.0344562200413279,24.4605690660753,0.178153612711489,0.861056030310786,0.963950903943114,-6.59668214774707,"Human_vs_QC","limma_eBayes_BH"
"O75874","IDH1",-0.0279372491652943,26.3659847627631,-0.177433133873347,0.86161166174694,0.964326175529,-6.59681632327981,"Human_vs_QC","limma_eBayes_BH"
"Q969T4","UBE2E3",0.0586523192080897,23.928790326195,0.176522705435363,0.862313890126604,0.964674574854788,-6.59698509908382,"Human_vs_QC","limma_eBayes_BH"
"Q92696","RABGGTA",-0.0646311703142324,23.1850618001148,-0.176457815163821,0.86236394565876,0.964674574854788,-6.59699709548124,"Human_vs_QC","limma_eBayes_BH"
"P58107","EPPK1",-0.0291655540616205,24.8728680276869,-0.175801735568522,0.862870071426846,0.964778119586334,-6.59711813959276,"Human_vs_QC","limma_eBayes_BH"
"O14579","COPE",-0.0235541911200201,26.3721539293822,-0.17533310736922,0.863231627897176,0.964778119586334,-6.59720432479266,"Human_vs_QC","limma_eBayes_BH"
"Q9H3N1","TMX1",-0.0846185831851543,22.2315721149271,-0.175204106672931,0.863331160200365,0.964778119586334,-6.59722800904661,"Human_vs_QC","limma_eBayes_BH"
"O95373","IPO7",0.018541552714197,26.3319044721569,0.174699859394287,0.863720242286654,0.964778119586334,-6.59732042124622,"Human_vs_QC","limma_eBayes_BH"
"P55884","EIF3B",0.0276539896164287,27.0580167313878,0.174351110645606,0.863989361589369,0.964778119586334,-6.59738418045225,"Human_vs_QC","limma_eBayes_BH"
"Q9P2R3","ANKFY1",0.0629614099893523,23.1264432195873,0.174263085068317,0.864057291135988,0.964778119586334,-6.59740025347836,"Human_vs_QC","limma_eBayes_BH"
"Q8N442","GUF1",0.180461183794886,22.8768650116673,0.174108320527268,0.86417672599317,0.964778119586334,-6.5974284931047,"Human_vs_QC","limma_eBayes_BH"
"Q9H4I3","TRABD",-0.204381026296183,22.089603913911,-0.174051372940235,0.864220674436307,0.964778119586334,-6.59743887794723,"Human_vs_QC","limma_eBayes_BH"
"Q92541","RTF1",-0.0354442244982955,25.4165378270167,-0.173436423292523,0.864695282133592,0.965061698809812,-6.5975508033707,"Human_vs_QC","limma_eBayes_BH"
"Q96AQ8","MCUR1",-0.117588563207651,21.3347490575147,-0.172844325589296,0.865152304103772,0.965169797655808,-6.5976581967963,"Human_vs_QC","limma_eBayes_BH"
"Q9UK99","FBXO3",0.153863736460529,22.159187960991,0.172739320927578,0.865233359178533,0.965169797655808,-6.59767720413822,"Human_vs_QC","limma_eBayes_BH"
"Q9UPT9","USP22",-0.072045135110212,22.6870950757408,-0.171870363505576,0.865904183858233,0.965291137737738,-6.59783405636264,"Human_vs_QC","limma_eBayes_BH"
"Q8IY81","FTSJ3",0.0187538586939375,24.9542998221571,0.171662281318952,0.866064836681059,0.965291137737738,-6.59787149958685,"Human_vs_QC","limma_eBayes_BH"
"Q7Z2W9","MRPL21",-0.0217712675911237,23.8909296650829,-0.171339181726395,0.86631430246101,0.965291137737738,-6.59792955002009,"Human_vs_QC","limma_eBayes_BH"
"Q9BUP3","HTATIP2",0.0445386285606482,23.7449943009452,0.171273256259089,0.866365205443731,0.965291137737738,-6.59794138129224,"Human_vs_QC","limma_eBayes_BH"
"P60468","SEC61B",0.0961329864422815,22.7769894625667,0.171169493130888,0.866445325233394,0.965291137737738,-6.59795999389092,"Human_vs_QC","limma_eBayes_BH"
"Q9P0P0","RNF181",0.0892174565808865,22.2913845821193,0.170748989551032,0.866770028913874,0.965407045951679,-6.59803530706852,"Human_vs_QC","limma_eBayes_BH"
"Q9H8M2","BRD9",-0.0849867238616042,21.8039195501835,-0.170413878297547,0.867028812311736,0.965449491948039,-6.59809519418091,"Human_vs_QC","limma_eBayes_BH"
"Q96SB8","SMC6",0.0477051564471154,24.5926386436415,0.169949275674964,0.867387619065856,0.965564769508362,-6.59817802861803,"Human_vs_QC","limma_eBayes_BH"
"O14787","TNPO2",-0.0445712669457841,24.0199559955918,-0.169213049215596,0.867956259336659,0.965564769508362,-6.5983088298784,"Human_vs_QC","limma_eBayes_BH"
"Q9NP61","ARFGAP3",-0.082422212425211,24.4809614112255,-0.169154623638812,0.868001388822213,0.965564769508362,-6.59831918580244,"Human_vs_QC","limma_eBayes_BH"
"Q92878","RAD50",0.0165194234181563,25.2716680123321,0.169136820909669,0.868015140223174,0.965564769508362,-6.59832234062525,"Human_vs_QC","limma_eBayes_BH"
"O43813","LANCL1",0.0292307767877915,24.1843265959575,0.168403583946389,0.868581554367154,0.965949237507956,-6.59845199026941,"Human_vs_QC","limma_eBayes_BH"
"Q8IV63","VRK3",0.106361132672333,21.6624920005202,0.167835312353117,0.8690205866595,0.96600386992484,-6.59855208512345,"Human_vs_QC","limma_eBayes_BH"
"Q9Y2Z4","YARS2",0.0357170091993453,23.1828579635724,0.16776840361284,0.869072281605525,0.96600386992484,-6.59856384819393,"Human_vs_QC","limma_eBayes_BH"
"P82914","MRPS15",-0.0244010997904844,23.3119868908684,-0.16746171755664,0.869309240913751,0.966021826009057,-6.59861770617215,"Human_vs_QC","limma_eBayes_BH"
"P13073","COX4I1",0.0286206253568331,27.5477074505186,0.166088424802765,0.870370466941097,0.966703101935419,-6.59885766997308,"Human_vs_QC","limma_eBayes_BH"
"O95394","PGM3",-0.0246886708310363,25.0590432838045,-0.165864423806916,0.870543590550908,0.966703101935419,-6.59889662431605,"Human_vs_QC","limma_eBayes_BH"
"Q8TAA5","GRPEL2",-0.135114293907453,21.7660949205713,-0.165810595931199,0.870585193514412,0.966703101935419,-6.59890597731608,"Human_vs_QC","limma_eBayes_BH"
"Q99541","PLIN2",-0.0374689818880292,23.8753140403955,-0.165036541268601,0.871183495448318,0.966871694015543,-6.59904014072692,"Human_vs_QC","limma_eBayes_BH"
"Q8NFF5","FLAD1",0.0501809753613713,23.3859786743587,0.164516587325784,0.871585437218664,0.966871694015543,-6.5991299108593,"Human_vs_QC","limma_eBayes_BH"
"P17858","PFKL",0.0149061885003405,24.8477069017134,0.163896714678265,0.872064667402233,0.966871694015543,-6.59923656321202,"Human_vs_QC","limma_eBayes_BH"
"Q86W42","THOC6",0.0139033011668879,24.39777705975,0.163875253258147,0.872081260387317,0.966871694015543,-6.5992402485785,"Human_vs_QC","limma_eBayes_BH"
"Q00577","PURA",0.0435212851150126,23.8156977687299,0.163863632120589,0.872090245343515,0.966871694015543,-6.59924224396576,"Human_vs_QC","limma_eBayes_BH"
"Q6P1K2","PMF1",0.0720659037582081,22.6483763793928,0.163460154693768,0.872402207782804,0.966871694015543,-6.59931143494031,"Human_vs_QC","limma_eBayes_BH"
"Q49B96","COX19",-0.0615601740100651,22.8759480368302,-0.163245503750145,0.872568181484281,0.966871694015543,-6.59934817544843,"Human_vs_QC","limma_eBayes_BH"
"Q9Y289","SLC5A6",0.0344112972863897,23.6795238036896,0.162986641094218,0.872768349084896,0.966871694015543,-6.59939241942918,"Human_vs_QC","limma_eBayes_BH"
"Q9H269","VPS16",-0.0907432425958739,22.6260728754623,-0.162519412577487,0.873129660034011,0.966871694015543,-6.5994720995591,"Human_vs_QC","limma_eBayes_BH"
"Q5J8M3","EMC4",0.126421439762815,21.9941843198945,0.16247671951572,0.873162676325884,0.966871694015543,-6.59947936897688,"Human_vs_QC","limma_eBayes_BH"
"Q9BR76","CORO1B",-0.0256223702104705,25.2433939769492,-0.162438495971764,0.873192236363999,0.966871694015543,-6.59948587574805,"Human_vs_QC","limma_eBayes_BH"
"O43676","NDUFB3",-0.0309412201577572,24.4968249087832,-0.161877109419533,0.873626405133786,0.966871694015543,-6.59958126453585,"Human_vs_QC","limma_eBayes_BH"
"Q96EY1","DNAJA3",-0.0292045535057213,24.4157898205444,-0.161550903689762,0.873878707578497,0.966871694015543,-6.59963654110128,"Human_vs_QC","limma_eBayes_BH"
"Q7L9L4","MOB1B",-0.0200768783116025,27.5379282670218,-0.161392664729734,0.874001101944874,0.966871694015543,-6.59966331516322,"Human_vs_QC","limma_eBayes_BH"
"Q9NXR1","NDE1",-0.063238157595805,23.2730879748013,-0.161326847139463,0.874052011390051,0.966871694015543,-6.59967444381367,"Human_vs_QC","limma_eBayes_BH"
"P53007","SLC25A1",0.0316631125265978,26.2194292791761,0.160742989250009,0.874503646599061,0.967126757803562,-6.59977296637058,"Human_vs_QC","limma_eBayes_BH"
"Q8IY33","MICALL2",-0.0810266918234639,23.258802002408,-0.159228340793462,0.875675492414816,0.968177983147541,-6.60002689494133,"Human_vs_QC","limma_eBayes_BH"
"P07814","EPRS1",0.0166771980279634,26.9955686339602,0.158232406975838,0.876446186115623,0.968785261307693,-6.60019255632945,"Human_vs_QC","limma_eBayes_BH"
"Q9HBH1","PDF",0.101600337343523,22.8766432524268,0.155199040320102,0.878794322435662,0.970862699973498,-6.60069073765564,"Human_vs_QC","limma_eBayes_BH"
"Q9Y3C8","UFC1",0.0377685795223996,25.0506788835772,0.155079237196944,0.878887086680187,0.970862699973498,-6.6007102161077,"Human_vs_QC","limma_eBayes_BH"
"Q15003","NCAPH",-0.014865627980484,24.8220116914544,-0.1547313525923,0.879156466139309,0.970862699973498,-6.6007666927141,"Human_vs_QC","limma_eBayes_BH"
"Q99856","ARID3A",-0.028347135906035,24.8416966830206,-0.153856230213961,0.879834172946895,0.970862699973498,-6.60090820367588,"Human_vs_QC","limma_eBayes_BH"
"Q15428","SF3A2",-0.0422064744873332,26.0199628336544,-0.153834226755046,0.879851213985164,0.970862699973498,-6.60091175141782,"Human_vs_QC","limma_eBayes_BH"
"P07947","YES1",0.015908645817067,26.9496548214797,0.153407646283519,0.880181600291447,0.970862699973498,-6.60098043145164,"Human_vs_QC","limma_eBayes_BH"
"P17568","NDUFB7",-0.0430816199311082,23.4981060969327,-0.153342921442145,0.880231731657444,0.970862699973498,-6.60099083562984,"Human_vs_QC","limma_eBayes_BH"
"Q86U28","ISCA2",-0.144726459052055,20.23196677664,-0.153289037327606,0.880273466954434,0.970862699973498,-6.60099949388002,"Human_vs_QC","limma_eBayes_BH"
"Q92609","TBC1D5",-0.0458445422321248,22.5506775629648,-0.152740102521932,0.880698658785163,0.970862699973498,-6.60108752542167,"Human_vs_QC","limma_eBayes_BH"
"Q9UJX5","ANAPC4",0.0774875090897069,22.5506935095846,0.15253819324847,0.880855062476766,0.970862699973498,-6.60111982600978,"Human_vs_QC","limma_eBayes_BH"
"P27361","MAPK3",0.0591101628728055,23.0852474999437,0.15218995853811,0.881124825380051,0.970862699973498,-6.60117543505146,"Human_vs_QC","limma_eBayes_BH"
"Q7Z4G4","TRMT11",-0.111334052751864,20.5866360901309,-0.152067550567417,0.881219653353816,0.970862699973498,-6.6011949520914,"Human_vs_QC","limma_eBayes_BH"
"P0DPB6","POLR1D",-0.0228594519668839,24.6391349721792,-0.151866878073553,0.881375115980562,0.970862699973498,-6.60122691396143,"Human_vs_QC","limma_eBayes_BH"
"P62847","RPS24",0.046369485139131,26.8632970214769,0.151792968201411,0.881432375838797,0.970862699973498,-6.60123867526656,"Human_vs_QC","limma_eBayes_BH"
"P47897","QARS1",0.0148104870564474,25.8018499864229,0.150915938688149,0.882111885147033,0.971366598922293,-6.60137780164091,"Human_vs_QC","limma_eBayes_BH"
"P57678","GEMIN4",0.020428465311241,25.6750681104463,0.148940195090351,0.883643012429727,0.972708906783486,-6.60168827659675,"Human_vs_QC","limma_eBayes_BH"
"Q9H0U6","MRPL18",-0.0431536842656612,22.9571240990378,-0.148605628072193,0.883902337112501,0.972708906783486,-6.60174044775979,"Human_vs_QC","limma_eBayes_BH"
"Q15653","NFKBIB",-0.0742220335776906,22.9475266353707,-0.148482401074711,0.883997854484832,0.972708906783486,-6.60175963385593,"Human_vs_QC","limma_eBayes_BH"
"Q01844","EWSR1",0.0338987683907988,26.7636968267135,0.147821792547037,0.884509946035417,0.973027662535818,-6.60186221820097,"Human_vs_QC","limma_eBayes_BH"
"Q96A26","FAM162A",-0.0385571241507563,24.6702302014727,-0.147299395189023,0.88491493663074,0.97319588352403,-6.60194301716234,"Human_vs_QC","limma_eBayes_BH"
"P32322","PYCR1",0.0135122831309893,25.9731896993239,0.147048472443705,0.885109477300442,0.97319588352403,-6.60198172588093,"Human_vs_QC","limma_eBayes_BH"
"Q5T653","MRPL2",-0.0363851657265144,24.4282505763705,-0.146763794041962,0.885330198040146,0.97319588352403,-6.60202556226245,"Human_vs_QC","limma_eBayes_BH"
"Q9NUQ8","ABCF3",-0.0349986438653289,24.5622817791265,-0.14573275365487,0.886129680554312,0.973385848776831,-6.60218361881781,"Human_vs_QC","limma_eBayes_BH"
"P27105","STOM",-0.0730461769275479,22.3061271711661,-0.145441382368267,0.886355637020756,0.973385848776831,-6.60222808414488,"Human_vs_QC","limma_eBayes_BH"
"Q5TDH0","DDI2",0.0209804001954126,25.6057863907848,0.145224896582584,0.886523526904076,0.973385848776831,-6.60226106396019,"Human_vs_QC","limma_eBayes_BH"
"Q9H257","CARD9",0.0901845383423208,21.8700099033178,0.14502639330802,0.88667747587209,0.973385848776831,-6.60229126124131,"Human_vs_QC","limma_eBayes_BH"
"O00429","DNM1L",0.0100486372227486,25.365067046198,0.144549800064881,0.887047116466471,0.973385848776831,-6.60236359477916,"Human_vs_QC","limma_eBayes_BH"
"Q9UKI8","TLK1",-0.0304325886257999,22.7837006049373,-0.144501854460504,0.887084304067528,0.973385848776831,-6.60237085843952,"Human_vs_QC","limma_eBayes_BH"
"Q13257","MAD2L1",-0.011504896008109,25.4103776887742,-0.144310875227129,0.887232434233358,0.973385848776831,-6.60239976755436,"Human_vs_QC","limma_eBayes_BH"
"Q9UNX3","RPL26L1",0.0940311448267401,22.2123592510792,0.144039273577581,0.88744310546412,0.973385848776831,-6.60244081507428,"Human_vs_QC","limma_eBayes_BH"
"P0DMU9","CT45A10",0.0150397409303977,24.4503890695366,0.143930531351668,0.887527455203947,0.973385848776831,-6.60245722781733,"Human_vs_QC","limma_eBayes_BH"
"Q9Y446","PKP3",0.0221572323171664,25.075643110663,0.14367213629608,0.88772789408447,0.973385848776831,-6.6024961784673,"Human_vs_QC","limma_eBayes_BH"
"Q9NWA0","MED9",-0.130939377547161,21.5835243524049,-0.143001009999673,0.888248528582628,0.973490585810777,-6.60259701848398,"Human_vs_QC","limma_eBayes_BH"
"Q96CW1","AP2M1",0.0177486196752099,24.953429406877,0.142187607093369,0.888879607370769,0.973490585810777,-6.60271860515714,"Human_vs_QC","limma_eBayes_BH"
"P60010","ACT1",0.0627172635583726,31.4182698700324,0.14182101192135,0.889164055790085,0.973490585810777,-6.60277317735195,"Human_vs_QC","limma_eBayes_BH"
"P51970","NDUFA8",-0.0188914746829667,25.5445420599421,-0.141684871296996,0.889269694004726,0.973490585810777,-6.60279340778295,"Human_vs_QC","limma_eBayes_BH"
"Q9Y624","F11R",0.0407269899301816,23.8824137152038,0.141641947732231,0.889303000963373,0.973490585810777,-6.60279978218656,"Human_vs_QC","limma_eBayes_BH"
"O95182","NDUFA7",-0.0159438289604026,24.2482548933172,-0.141628194519729,0.889313672948445,0.973490585810777,-6.60280182421266,"Human_vs_QC","limma_eBayes_BH"
"P63208","SKP1",0.0258912495743715,27.01179514447,0.141281191396367,0.889582941894461,0.973490585810777,-6.60285328052036,"Human_vs_QC","limma_eBayes_BH"
"Q9GZS1","POLR1E",-0.0362437992169404,24.0653978810123,-0.140767764526619,0.88998137887413,0.973490585810777,-6.60292918451817,"Human_vs_QC","limma_eBayes_BH"
"P21399","ACO1",0.013707973875615,25.2673337777664,0.140468715434496,0.890213465466243,0.973490585810777,-6.60297326833309,"Human_vs_QC","limma_eBayes_BH"
"Q5TA45","INTS11",-0.0268410015971448,23.405703336379,-0.140075629264045,0.890518548357462,0.973490585810777,-6.60303107224844,"Human_vs_QC","limma_eBayes_BH"
"Q9H0W9","BKGD",-0.0273330352229557,23.7381177888052,-0.140058722875345,0.890531670182997,0.973490585810777,-6.60303355473517,"Human_vs_QC","limma_eBayes_BH"
"P49903","SEPHS1",-0.0158333383000091,24.8694933940083,-0.139529681342887,0.890942300372698,0.973490585810777,-6.60311108672874,"Human_vs_QC","limma_eBayes_BH"
"P80217","IFI35",-0.0559852702643973,22.8036503055154,-0.139357861117905,0.891075670348689,0.973490585810777,-6.6031362043434,"Human_vs_QC","limma_eBayes_BH"
"Q9BV86","NTMT1",0.0186158456597276,25.5449846297091,0.139192987923584,0.891203651117768,0.973490585810777,-6.60316027738438,"Human_vs_QC","limma_eBayes_BH"
"Q14241","ELOA",0.112678705526633,20.7618950753744,0.13915666840224,0.89123184411649,0.973490585810777,-6.60316557655705,"Human_vs_QC","limma_eBayes_BH"
"P05423","POLR3D",-0.0359451634520127,24.0691595282127,-0.138811013262724,0.891500166240619,0.973490585810777,-6.60321594009115,"Human_vs_QC","limma_eBayes_BH"
"P02795","MT2A",0.0196477326645272,21.7646054771211,0.138674526798172,0.891606120535722,0.973490585810777,-6.60323579239183,"Human_vs_QC","limma_eBayes_BH"
"O60271","SPAG9",0.0252442581428483,24.7718771248315,0.138220212070823,0.891958819975725,0.973632693960528,-6.60330173329668,"Human_vs_QC","limma_eBayes_BH"
"Q9UK76","JPT1",0.0235049837337655,27.0292944669113,0.13765915394597,0.892394420433168,0.973865200647321,-6.60338286950509,"Human_vs_QC","limma_eBayes_BH"
"Q9BQT8","SLC25A21",0.0190883355484033,23.6392372420682,0.137129841962404,0.892805406393461,0.974070736401843,-6.60345911307901,"Human_vs_QC","limma_eBayes_BH"
"Q7Z4S6","KIF21A",-0.0493953519209818,22.9344759236557,-0.136757159701664,0.89309479581891,0.974103190565241,-6.60351261952127,"Human_vs_QC","limma_eBayes_BH"
"Q92828","CORO2A",0.0546653227273524,23.5112710449093,0.136152073665999,0.893564681313726,0.974103190565241,-6.60359918312732,"Human_vs_QC","limma_eBayes_BH"
"Q8TAE8","GADD45GIP1",0.044142266025009,22.9624725357505,0.136065159106396,0.893632179065187,0.974103190565241,-6.6036115856774,"Human_vs_QC","limma_eBayes_BH"
"Q14204","DYNC1H1",-0.0103492516965353,28.4891438290546,-0.135944657893773,0.893725761583744,0.974103190565241,-6.60362876791384,"Human_vs_QC","limma_eBayes_BH"
"Q92621","NUP205",0.00893633490870371,25.9281650778608,0.135613792789519,0.893982723339307,0.974140576490528,-6.60367586779819,"Human_vs_QC","limma_eBayes_BH"
"Q01813","PFKP",0.0112630133345206,26.1117639523368,0.134149532091068,0.895120068269009,0.974616971662104,-6.6038829363807,"Human_vs_QC","limma_eBayes_BH"
"Q9NTM9","CUTC",0.0412394889914331,22.8795654207557,0.133811627049085,0.895382565453528,0.974616971662104,-6.60393040283321,"Human_vs_QC","limma_eBayes_BH"
"Q96CT7","CCDC124",-0.0172423840445646,25.0326340776037,-0.132919404954098,0.896075737514109,0.974616971662104,-6.604055161795,"Human_vs_QC","limma_eBayes_BH"
"Q3SXM5","HSDL1",-0.087431175304193,22.4019932647768,-0.132904893093299,0.896087012582223,0.974616971662104,-6.60405718410009,"Human_vs_QC","limma_eBayes_BH"
"Q9UBU9","NXF1",-0.0196634453165068,25.066160393107,-0.132848534352071,0.896130801028717,0.974616971662104,-6.60406503590213,"Human_vs_QC","limma_eBayes_BH"
"Q9BXW9","FANCD2",0.0387600951024893,23.6773972054247,0.132696363256088,0.896249033520067,0.974616971662104,-6.60408621952084,"Human_vs_QC","limma_eBayes_BH"
"Q9UIW2","PLXNA1",-0.0769135825681566,22.4267382809431,-0.132275601904731,0.896575966040537,0.974616971662104,-6.60414466731036,"Human_vs_QC","limma_eBayes_BH"
"Q9HB90","RRAGC",0.0396889239538751,22.9922121360148,0.13206691448447,0.896738123846578,0.974616971662104,-6.60417358730034,"Human_vs_QC","limma_eBayes_BH"
"Q8NCW5","NAXE",0.017183618761333,25.5832915471361,0.131868270861227,0.896892481684264,0.974616971662104,-6.60420107310125,"Human_vs_QC","limma_eBayes_BH"
"P60953","CDC42",-0.0159377167990087,25.6396347792486,-0.131683139396376,0.897036343661725,0.974616971662104,-6.60422665210312,"Human_vs_QC","limma_eBayes_BH"
"Q9UNQ2","DIMT1",-0.0153553192899913,24.8416672957752,-0.131336391026754,0.897305804987888,0.974616971662104,-6.6042744647249,"Human_vs_QC","limma_eBayes_BH"
"Q9Y2H0","DLGAP4",-0.147769694005312,20.8978410721086,-0.131167430146658,0.897437110779978,0.974616971662104,-6.60429771692113,"Human_vs_QC","limma_eBayes_BH"
"Q9NYF8","BCLAF1",0.0200411304656356,26.0695097842357,0.131131385797515,0.897465122588132,0.974616971662104,-6.60430267343721,"Human_vs_QC","limma_eBayes_BH"
"P16219","ACADS",-0.0964253564163116,21.2049244365854,-0.130962994097185,0.897595989799797,0.974616971662104,-6.60432581124476,"Human_vs_QC","limma_eBayes_BH"
"P18858","LIG1",-0.0111150611778683,24.8808784231411,-0.130750080679872,0.897761461896749,0.974616971662104,-6.60435502408458,"Human_vs_QC","limma_eBayes_BH"
"Q13485","SMAD4",0.0906761285901432,22.9299866624292,0.130342624295532,0.898078142642041,0.974718897062497,-6.60441079703862,"Human_vs_QC","limma_eBayes_BH"
"Q9Y3D5","MRPS18C",-0.0834391546079942,22.1648728513276,-0.129645384501258,0.898620088681719,0.974866841777164,-6.60450583292409,"Human_vs_QC","limma_eBayes_BH"
"Q5R3I4","TTC38",-0.0501389877457399,22.7717811408256,-0.129072340036373,0.899065540141982,0.974866841777164,-6.60458355987644,"Human_vs_QC","limma_eBayes_BH"
"Q9BTY7","HGH1",0.0156222828561106,24.8758898909194,0.128808876534962,0.899270353166194,0.974866841777164,-6.60461918042309,"Human_vs_QC","limma_eBayes_BH"
"Q96EY7","PTCD3",0.01387117104899,24.4423554069415,0.128375888430225,0.899606968473232,0.974866841777164,-6.60467756314396,"Human_vs_QC","limma_eBayes_BH"
"Q96C36","PYCR2",0.0225423850590758,26.8414386074972,0.128349725621187,0.899627308707185,0.974866841777164,-6.60468108456933,"Human_vs_QC","limma_eBayes_BH"
"P20448","HCA4",-0.184439894275837,24.8765917376978,-0.128159233559544,0.899775408652259,0.974866841777164,-6.60470670256684,"Human_vs_QC","limma_eBayes_BH"
"Q96T23","RSF1",-0.0414177806634832,23.4503692484962,-0.127726238557837,0.90011205926427,0.974866841777164,-6.60476479194004,"Human_vs_QC","limma_eBayes_BH"
"P54578","USP14",0.0149137837330073,26.9481693641917,0.127538972773846,0.900257663273515,0.974866841777164,-6.60478985422394,"Human_vs_QC","limma_eBayes_BH"
"Q9NXF7","DCAF16",-0.0200261406735009,24.0429643428288,-0.127368532639593,0.900390188130222,0.974866841777164,-6.60481263279382,"Human_vs_QC","limma_eBayes_BH"
"Q6P2E9","EDC4",0.011934745179051,25.836623712812,0.127300970288109,0.900442721742061,0.974866841777164,-6.60482165379168,"Human_vs_QC","limma_eBayes_BH"
"Q9NW13","RBM28",-0.0143517996717719,24.7501211935439,-0.126406975771059,0.901137899185203,0.975248347755064,-6.60494057121892,"Human_vs_QC","limma_eBayes_BH"
"Q8NBN7","RDH13",-0.00875480765335368,24.6780168711435,-0.126003221116669,0.901451889630405,0.975248347755064,-6.60499400378094,"Human_vs_QC","limma_eBayes_BH"
"A5YKK6","CNOT1",-0.0158515332442981,25.7407354408344,-0.125987849400554,0.901463844187767,0.975248347755064,-6.60499603469091,"Human_vs_QC","limma_eBayes_BH"
"Q99614","TTC1",-0.0187341042628226,25.5242084827261,-0.125550096449238,0.901804294272108,0.975375472791217,-6.60505376680804,"Human_vs_QC","limma_eBayes_BH"
"Q96RE7","NACC1",0.0576620338348661,23.0848893851086,0.124941472364438,0.902277667766272,0.975646267048305,-6.60513370072909,"Human_vs_QC","limma_eBayes_BH"
"P62633","CNBP",-0.028852903832739,27.0272336910774,-0.124405571920274,0.902694510344343,0.975686601766704,-6.60520376257035,"Human_vs_QC","limma_eBayes_BH"
"Q96I25","RBM17",-0.014871488099665,25.2620991300867,-0.124202546474786,0.902852438570141,0.975686601766704,-6.60523022695336,"Human_vs_QC","limma_eBayes_BH"
"P27824","CANX",-0.014236752376398,26.7143202268648,-0.123674096292432,0.90326352617124,0.975686601766704,-6.60529890823678,"Human_vs_QC","limma_eBayes_BH"
"Q9UQE7","SMC3",0.010438238346417,25.1560856583226,0.1232757160487,0.903573449807895,0.975686601766704,-6.60535049148825,"Human_vs_QC","limma_eBayes_BH"
"Q96DB5","RMDN1",0.0199359531273196,24.6356881728101,0.123048463444253,0.903750250378528,0.975686601766704,-6.60537984232409,"Human_vs_QC","limma_eBayes_BH"
"Q9H8H0","NOL11",0.0104269074288865,25.4045267124262,0.122129345305791,0.904465370121782,0.975686601766704,-6.6054979998309,"Human_vs_QC","limma_eBayes_BH"
"O60306","AQR",0.0230466674352385,26.4792622598656,0.121953252953757,0.904602388554442,0.975686601766704,-6.60552053652452,"Human_vs_QC","limma_eBayes_BH"
"Q9BYC9","MRPL20",-0.0362424415489251,23.6734666533027,-0.121899287869134,0.904644379714193,0.975686601766704,-6.60552743660072,"Human_vs_QC","limma_eBayes_BH"
"P54132","BLM",-0.0252857471822452,25.4028605261723,-0.121409531664965,0.905025480899786,0.975686601766704,-6.60558991840218,"Human_vs_QC","limma_eBayes_BH"
"Q9BVS4","RIOK2",-0.0092082340514601,24.432775649913,-0.121348301821162,0.905073128280421,0.975686601766704,-6.60559771229054,"Human_vs_QC","limma_eBayes_BH"
"Q9Y2P8","RCL1",-0.0160305772729679,24.3001493832715,-0.120906603871691,0.905416856663695,0.975686601766704,-6.60565381936003,"Human_vs_QC","limma_eBayes_BH"
"Q9UHD9","UBQLN2",0.0196152436982722,23.6903629025567,0.120685485097924,0.905588938177786,0.975686601766704,-6.60568183047395,"Human_vs_QC","limma_eBayes_BH"
"P57081","WDR4",-0.0289599788765216,24.5328400922757,-0.120671119117425,0.905600118400782,0.975686601766704,-6.60568364857231,"Human_vs_QC","limma_eBayes_BH"
"Q9BRP8","PYM1",-0.0157714201782397,24.0084121476478,-0.120119404685897,0.906029501898896,0.975686601766704,-6.60575330780993,"Human_vs_QC","limma_eBayes_BH"
"Q9Y570","PPME1",-0.0119022183700004,26.2884689957972,-0.120064513971443,0.906072223429516,0.975686601766704,-6.6057602208648,"Human_vs_QC","limma_eBayes_BH"
"Q9UNX4","WDR3",0.00928640335388309,24.6122038166672,0.120025379054446,0.906102682381398,0.975686601766704,-6.605765147675,"Human_vs_QC","limma_eBayes_BH"
"P0C2W1","FBXO45",0.121153647435928,20.6002916895738,0.120020848332397,0.906106208680713,0.975686601766704,-6.60576571795744,"Human_vs_QC","limma_eBayes_BH"
"Q14669","TRIP12",0.0758223107059379,23.6862499238561,0.119081889399326,0.906837052426119,0.975767234533412,-6.60588344121228,"Human_vs_QC","limma_eBayes_BH"
"P62805","H4C1",0.0713971803529283,28.1536468521723,0.119055700009393,0.906857438332733,0.975767234533412,-6.60588671151493,"Human_vs_QC","limma_eBayes_BH"
"Q99598","TSNAX",0.0134907492027025,25.1350827432546,0.118170261869665,0.907546706107761,0.975767234533412,-6.60599685487727,"Human_vs_QC","limma_eBayes_BH"
"P24539","ATP5PB",0.0280356327061746,26.9998493807668,0.117029624661578,0.908434746560572,0.975767234533412,-6.60613753404163,"Human_vs_QC","limma_eBayes_BH"
"Q96C01","TIMCC",-0.0122238311256773,25.0328966781247,-0.116957616054114,0.908490812955035,0.975767234533412,-6.6061463694382,"Human_vs_QC","limma_eBayes_BH"
"P51148","RAB5C",-0.017306068582382,25.3438972911693,-0.116153659820231,0.909116812943691,0.975767234533412,-6.60624464561272,"Human_vs_QC","limma_eBayes_BH"
"P53992","SEC24C",-0.00998458520407297,26.2491110274287,-0.116000845290632,0.909235808948293,0.975767234533412,-6.60626324924288,"Human_vs_QC","limma_eBayes_BH"
"Q15067","ACOX1",-0.031037004413939,23.3110088799092,-0.115887504183194,0.909324068626831,0.975767234533412,-6.60627703159208,"Human_vs_QC","limma_eBayes_BH"
"O14561","NDUFAB1",0.0176323117634603,26.3671993627734,0.115495092748631,0.909629652281656,0.975767234533412,-6.60632464518863,"Human_vs_QC","limma_eBayes_BH"
"Q96GK7","FAHD2A",0.0372750869945904,23.7565455372893,0.115466476690957,0.909651937123424,0.975767234533412,-6.60632811103768,"Human_vs_QC","limma_eBayes_BH"
"Q9Y294","ASF1A",0.0234527553779422,25.282465882993,0.115351410978687,0.909741545689519,0.975767234533412,-6.60634203862898,"Human_vs_QC","limma_eBayes_BH"
"Q9H7L9","SUDS3",0.0636406330902624,22.0306404261625,0.115315200826558,0.909769744967821,0.975767234533412,-6.60634641865042,"Human_vs_QC","limma_eBayes_BH"
"Q15257","PTPA",0.0178651070044005,25.1321564901948,0.115070410477536,0.909960382954929,0.975767234533412,-6.60637599276665,"Human_vs_QC","limma_eBayes_BH"
"Q8WWM7","ATXN2L",0.0118645086698095,25.8337270734114,0.114997837135155,0.910016902772082,0.975767234533412,-6.60638474859118,"Human_vs_QC","limma_eBayes_BH"
"Q7KZI7","MARK2",-0.09110113882398,22.2650385446228,-0.114754061365635,0.910206758012585,0.975767234533412,-6.60641411927016,"Human_vs_QC","limma_eBayes_BH"
"Q14739","LBR",-0.0134568812291,24.9821522132655,-0.114354289482277,0.910518117005098,0.975767234533412,-6.60646215006172,"Human_vs_QC","limma_eBayes_BH"
"Q9Y316","MEMO1",-0.0225337478554373,24.5311661905439,-0.114183905487022,0.910650823778819,0.975767234533412,-6.60648257008098,"Human_vs_QC","limma_eBayes_BH"
"Q9UIQ6","LNPEP",0.0954099616445667,23.9241214913347,0.114037503258658,0.910764854105205,0.975767234533412,-6.6065000916794,"Human_vs_QC","limma_eBayes_BH"
"O15347","HMGB3",0.00830301249821019,25.5504469739285,0.113898510873225,0.910873114905838,0.975767234533412,-6.60651670569439,"Human_vs_QC","limma_eBayes_BH"
"P10746","UROS",0.0274819725702713,23.8168108613476,0.113866367873958,0.910898151263378,0.975767234533412,-6.60652054492665,"Human_vs_QC","limma_eBayes_BH"
"Q06203","PPAT",0.0154678379004203,25.5584581968363,0.11368783252897,0.911037215198054,0.975767234533412,-6.60654184990129,"Human_vs_QC","limma_eBayes_BH"
"Q16594","TAF9",-0.0306944511396026,22.5060142880303,-0.11313497633235,0.911467862514126,0.975767234533412,-6.60660761165404,"Human_vs_QC","limma_eBayes_BH"
"P24752","ACAT1",-0.0108920431909603,26.3498694000403,-0.113126651116681,0.91147434766075,0.975767234533412,-6.60660859948539,"Human_vs_QC","limma_eBayes_BH"
"P12532","CKMT1A",-0.0313602373355835,24.0216675958688,-0.1125600874677,0.911915702676922,0.975767234533412,-6.60667565478646,"Human_vs_QC","limma_eBayes_BH"
"Q9BSU3","NAA11",0.0840350685572702,22.7062539419402,0.112308485510002,0.912111711106007,0.975767234533412,-6.60670532522361,"Human_vs_QC","limma_eBayes_BH"
"P00915","CA1",0.0589787070229129,22.2577096801193,0.111892538230256,0.912435764365592,0.975767234533412,-6.60675423090517,"Human_vs_QC","limma_eBayes_BH"
"Q5T447","HECTD3",0.079587581358453,21.30012417119,0.111764486214162,0.912535529467678,0.975767234533412,-6.60676925036269,"Human_vs_QC","limma_eBayes_BH"
"P36954","POLR2I",-0.0425623282158263,23.8275107890521,-0.11153151410382,0.912717041540679,0.975767234533412,-6.60679653205985,"Human_vs_QC","limma_eBayes_BH"
"Q5TC12","ATPAF1",-0.0430764202450327,22.8540016072027,-0.111473653444653,0.912762122431013,0.975767234533412,-6.60680329889807,"Human_vs_QC","limma_eBayes_BH"
"Q9ULH0","KIDINS220",-0.03459820315841,23.8791845144314,-0.111332543518677,0.912872066501773,0.975767234533412,-6.6068197870884,"Human_vs_QC","limma_eBayes_BH"
"Q9BW61","DDA1",-0.02713596876605,23.608856673918,-0.110824418266523,0.913267981330131,0.975951982979806,-6.60687898699962,"Human_vs_QC","limma_eBayes_BH"
"Q8NBU5","ATAD1",-0.0539450160458088,22.7259539221669,-0.110177792535786,0.913771845679514,0.976096262765084,-6.60695393220031,"Human_vs_QC","limma_eBayes_BH"
"Q13619","CUL4A",0.0329448717564773,23.6273746058544,0.109948754566109,0.913950326080033,0.976096262765084,-6.60698037315081,"Human_vs_QC","limma_eBayes_BH"
"Q9ULC4","MCTS1",-0.0137230364760974,26.0441789337953,-0.109792210723552,0.914072317382525,0.976096262765084,-6.60699841352162,"Human_vs_QC","limma_eBayes_BH"
"Q96MG7","NSMCE3",-0.0586311177833316,22.3605081155799,-0.109136593130363,0.914583250579569,0.976403543505518,-6.60707368919383,"Human_vs_QC","limma_eBayes_BH"
"P67775","PPP2CA",-0.0137016692018292,26.3959123563465,-0.108473562212402,0.915100000799306,0.976716883019509,-6.60714935827161,"Human_vs_QC","limma_eBayes_BH"
"Q8TDN6","BRIX1",0.0199132139704119,26.2531089342739,0.107920266395704,0.91553125652935,0.976904455855719,-6.60721215134799,"Human_vs_QC","limma_eBayes_BH"
"Q9HAS0","C17orf75",-0.136689302701988,23.0035863976911,-0.107229552419276,0.916069658761566,0.976904455855719,-6.60729008998363,"Human_vs_QC","limma_eBayes_BH"
"Q9H944","MED20",0.0651366358367724,24.3634118466157,0.107116406075361,0.916157858877388,0.976904455855719,-6.60730280954148,"Human_vs_QC","limma_eBayes_BH"
"Q49A26","GLYR1",-0.0227826392391215,24.4225618552458,-0.107032653923616,0.916223146295591,0.976904455855719,-6.60731221606132,"Human_vs_QC","limma_eBayes_BH"
"O14757","CHEK1",-0.0304183781867486,23.5270123077453,-0.106815788327354,0.916392202704428,0.976904455855719,-6.60733653891664,"Human_vs_QC","limma_eBayes_BH"
"Q99797","MIPEP",-0.0575366142297611,22.4304348718924,-0.10624186920475,0.916839618423486,0.977143320487881,-6.60740066994504,"Human_vs_QC","limma_eBayes_BH"
"Q13451","FKBP5",0.0170770905438395,26.2786617479442,0.105908842550202,0.917099252622086,0.977181984954123,-6.60743772494125,"Human_vs_QC","limma_eBayes_BH"
"Q9Y5U9","IER3IP1",0.0817842160478328,21.6734870667013,0.105279816417274,0.917589680550728,0.977466484638285,-6.60750739812415,"Human_vs_QC","limma_eBayes_BH"
"O15067","PFAS",0.00868357758570681,25.9064605651566,0.104660768174605,0.918072362957461,0.977696087924268,-6.60757556152505,"Human_vs_QC","limma_eBayes_BH"
"Q9P275","USP36",0.0537895389282284,22.3782122673874,0.104189997126005,0.918439453488432,0.977696087924268,-6.60762712944709,"Human_vs_QC","limma_eBayes_BH"
"Q3LXA3","TKFC",0.0240987494838407,23.5454435646573,0.104143592549868,0.918475639169998,0.977696087924268,-6.60763220000279,"Human_vs_QC","limma_eBayes_BH"
"P33992","MCM5",0.0110263665640815,26.6960271487833,0.103482856832872,0.91899089246054,0.978006605330786,-6.60770415287548,"Human_vs_QC","limma_eBayes_BH"
"Q5JTJ3","COA6",0.0298287428361981,25.6152910669273,0.103153717555959,0.919247575089679,0.978041863087876,-6.60773982489454,"Human_vs_QC","limma_eBayes_BH"
"Q9NX47","MARCHF5",-0.0451096338708368,22.4456468800138,-0.102371729656163,0.919857453613412,0.978230219218559,-6.60782412146172,"Human_vs_QC","limma_eBayes_BH"
"O14617","AP3D1",-0.0182651596762966,26.273350885322,-0.10235333640575,0.919871799283463,0.978230219218559,-6.60782609650333,"Human_vs_QC","limma_eBayes_BH"
"Q99816","TSG101",0.0245558917395314,25.0476939081382,0.101681052236547,0.92039616174928,0.978420247009012,-6.60789804225257,"Human_vs_QC","limma_eBayes_BH"
"Q96NY7","CLIC6",0.0683023436591448,22.2457067784906,0.101249494508237,0.920732784650181,0.978420247009012,-6.6079439767125,"Human_vs_QC","limma_eBayes_BH"
"Q86TI2","DPP9",-0.0573772028171717,23.2226068353646,-0.100905016295348,0.921001495216916,0.978420247009012,-6.60798050252368,"Human_vs_QC","limma_eBayes_BH"
"Q96BW9","TAMM41",0.0228127759311825,23.3268896258551,0.100845117643185,0.921048220238037,0.978420247009012,-6.60798684102806,"Human_vs_QC","limma_eBayes_BH"
"O14828","SCAMP3",-0.0123855871749754,25.4482613982403,-0.10069069072042,0.921168685126884,0.978420247009012,-6.60800316522429,"Human_vs_QC","limma_eBayes_BH"
"P22033","MMUT",0.0238070050315997,24.1138870850715,0.0994229818573668,0.922157670975922,0.978602316806766,-6.60813622818242,"Human_vs_QC","limma_eBayes_BH"
"Q96AG4","LRRC59",-0.00924373680147994,25.0946629271532,-0.0993803630445385,0.922190921786209,0.978602316806766,-6.60814067234455,"Human_vs_QC","limma_eBayes_BH"
"Q9UJZ1","STOML2",0.00716040003083052,25.6563949857344,0.0992491741928707,0.922293275079271,0.978602316806766,-6.6081543403815,"Human_vs_QC","limma_eBayes_BH"
"O15042","U2SURP",0.0109619411495316,26.0616328860196,0.0992316470609525,0.92230694982214,0.978602316806766,-6.6081561650973,"Human_vs_QC","limma_eBayes_BH"
"O00217","NDUFS8",-0.00934172882829998,24.5603838925368,-0.098852819393582,0.922602518979185,0.978602316806766,-6.6081955254635,"Human_vs_QC","limma_eBayes_BH"
"Q7Z478","DHX29",-0.0278150822525625,23.4167978570361,-0.0987507156904588,0.922682184417808,0.978602316806766,-6.60820610836288,"Human_vs_QC","limma_eBayes_BH"
"Q9Y6W5","WASF2",0.0367233043652639,23.9898447605932,0.0979667636208282,0.923293884041555,0.979013752467718,-6.60828699998965,"Human_vs_QC","limma_eBayes_BH"
"P61962","DCAF7",0.0132624376206891,24.7628860722798,0.0973756779788133,0.923755127661276,0.979265491523645,-6.60834756505881,"Human_vs_QC","limma_eBayes_BH"
"O60613","SELENOF",0.025638633476138,23.1923110490197,0.0965166904242165,0.924425474473305,0.979451944913209,-6.60843492796207,"Human_vs_QC","limma_eBayes_BH"
"Q969F1","GTF3C6",0.042334827267954,22.9234145077016,0.0963504450644225,0.924555217854307,0.979451944913209,-6.60845174657766,"Human_vs_QC","limma_eBayes_BH"
"Q5SY16","NOL9",-0.0155948858866175,24.4121834902016,-0.0961221767225085,0.924733369638554,0.979451944913209,-6.60847479272214,"Human_vs_QC","limma_eBayes_BH"
"O60508","CDC40",0.0396538948669729,23.3637259611022,0.0956172528643605,0.925127451741739,0.979451944913209,-6.60852557627611,"Human_vs_QC","limma_eBayes_BH"
"O43182","ARHGAP6",-0.0488630312351646,22.424009163475,-0.0946689577516438,0.925867630311962,0.979451944913209,-6.60862023067478,"Human_vs_QC","limma_eBayes_BH"
"Q7Z6M1","RABEPK",-0.0840014384079133,23.9315897189152,-0.0946584599062854,0.925875824657723,0.979451944913209,-6.60862127324765,"Human_vs_QC","limma_eBayes_BH"
"Q5GLZ8","HERC4",0.0369932015617813,23.4946550140819,0.0941787918883046,0.926250250331001,0.979451944913209,-6.60866878735493,"Human_vs_QC","limma_eBayes_BH"
"P82970","HMGN5",0.0105840035229861,24.0299606108221,0.094148561952917,0.926273848224135,0.979451944913209,-6.60867177374286,"Human_vs_QC","limma_eBayes_BH"
"O60885","BRD4",-0.0163000158479001,25.0609449571359,-0.0940787782677174,0.926328322578902,0.979451944913209,-6.60867866395337,"Human_vs_QC","limma_eBayes_BH"
"Q6RW13","AGTRAP",0.0387768523511447,23.8572205746157,0.0934530523180071,0.92681679213956,0.979451944913209,-6.60874021805851,"Human_vs_QC","limma_eBayes_BH"
"P30047","GCHFR",0.0785606617061667,21.3439447564272,0.0933811447615377,0.926872928340749,0.979451944913209,-6.60874726548811,"Human_vs_QC","limma_eBayes_BH"
"P61026","RAB10",-0.0256492858912303,26.5658502606488,-0.0932904852159087,0.926943704264683,0.979451944913209,-6.60875614301841,"Human_vs_QC","limma_eBayes_BH"
"O43920","NDUFS5",0.0115889365667741,24.3307076563723,0.0927385988770339,0.927374563624871,0.979451944913209,-6.6088099988344,"Human_vs_QC","limma_eBayes_BH"
"Q96QD8","SLC38A2",0.0336508146057639,23.1866344374037,0.0926819861214118,0.927418762711373,0.979451944913209,-6.60881550533989,"Human_vs_QC","limma_eBayes_BH"
"Q9BRT2","UQCC2",0.0193683971783756,23.6958952609926,0.0926753046703995,0.927423979114519,0.979451944913209,-6.60881615499741,"Human_vs_QC","limma_eBayes_BH"
"O43752","STX6",0.0887283978126341,22.1953515479261,0.092561272995536,0.927513007491526,0.979451944913209,-6.60882723542712,"Human_vs_QC","limma_eBayes_BH"
"Q99549","MPHOSPH8",-0.0448982794472208,20.5018730288379,-0.091627164998063,0.928242334803003,0.979712958560413,-6.60891748948457,"Human_vs_QC","limma_eBayes_BH"
"Q96TC7","RMDN3",0.0229576467110526,23.7567942535156,0.0913914453843803,0.92842638912892,0.979712958560413,-6.60894012036846,"Human_vs_QC","limma_eBayes_BH"
"P46060","RANGAP1",0.0189526876391035,25.9623858739368,0.091313273158535,0.928487428414747,0.979712958560413,-6.60894761264251,"Human_vs_QC","limma_eBayes_BH"
"P35606","COPB2",0.0124678694570726,25.6814249134623,0.091097494426652,0.928655917520008,0.979712958560413,-6.60896826032596,"Human_vs_QC","limma_eBayes_BH"
"P30260","CDC27",-0.0262070221049342,24.362704858611,-0.0905797999951937,0.929060169504415,0.979806665763275,-6.60901759910476,"Human_vs_QC","limma_eBayes_BH"
"Q8N1B4","VPS52",-0.0477713651573346,23.0438088512262,-0.0901405716942819,0.92940316553225,0.979806665763275,-6.60905923944837,"Human_vs_QC","limma_eBayes_BH"
"P40425","PBX2",-0.0368825484565889,22.2134520092008,-0.090123357281383,0.929416608666878,0.979806665763275,-6.60906086731634,"Human_vs_QC","limma_eBayes_BH"
"Q13362","PPP2R5C",-0.0477419500277918,22.4828737648944,-0.0893664866135158,0.930007688500874,0.980011479227268,-6.60913213321891,"Human_vs_QC","limma_eBayes_BH"
"P52294","KPNA1",0.0280667508442747,24.3733338585839,0.0893009210167723,0.930058894114655,0.980011479227268,-6.60913827852934,"Human_vs_QC","limma_eBayes_BH"
"O14618","CCS",0.0555488130921589,22.9664117159351,0.0884040754673404,0.930759347254348,0.980412364190021,-6.60922188547587,"Human_vs_QC","limma_eBayes_BH"
"Q8N6T7","SIRT6",0.0311808531050417,22.9761955827419,0.0873225746170832,0.931604098476853,0.980412364190021,-6.60932158540721,"Human_vs_QC","limma_eBayes_BH"
"Q96JC1","VPS39",0.0553409796671431,21.1789799596641,0.0872386373135593,0.93166966477591,0.980412364190021,-6.60932927204168,"Human_vs_QC","limma_eBayes_BH"
"O95865","DDAH2",0.0239735235497527,23.5513658765864,0.0872310099018256,0.931675622833552,0.980412364190021,-6.60932997016281,"Human_vs_QC","limma_eBayes_BH"
"Q8WW33","GTSF1",-0.018865417195137,26.3110409813545,-0.087176807932028,0.931717962148865,0.980412364190021,-6.60933492940013,"Human_vs_QC","limma_eBayes_BH"
"Q86WQ0","NR2C2AP",-0.0151664128705882,23.0538973427791,-0.0870923821319581,0.931783910926196,0.980412364190021,-6.6093426478491,"Human_vs_QC","limma_eBayes_BH"
"P06396","GSN",0.0119826722875587,24.7564480905639,0.0860598098210136,0.93259054120363,0.980420143459642,-6.6094364441351,"Human_vs_QC","limma_eBayes_BH"
"P48163","ME1",-0.100561510565697,21.5259416089335,-0.0859135220320743,0.932704825282254,0.980420143459642,-6.6094496421753,"Human_vs_QC","limma_eBayes_BH"
"O76094","SRP72",-0.0086993564203155,26.6686521211869,-0.0857817703373932,0.932807754673968,0.980420143459642,-6.60946150957549,"Human_vs_QC","limma_eBayes_BH"
"Q9HCN4","GPN1",0.0256568083768443,24.1883238672092,0.0855237158647949,0.933009360156594,0.980420143459642,-6.60948470085262,"Human_vs_QC","limma_eBayes_BH"
"P36957","DLST",-0.00967806626128365,25.2939599563605,-0.0851031790704387,0.933337915397971,0.980420143459642,-6.60952234480791,"Human_vs_QC","limma_eBayes_BH"
"Q8WZA9","IRGQ",-0.0290102949622337,23.9043562441038,-0.0846040567917945,0.933727883875089,0.980420143459642,-6.60956678269987,"Human_vs_QC","limma_eBayes_BH"
"Q3KQU3","MAP7D1",0.0303031540809684,23.2027464909408,0.0844631464215203,0.933837981532981,0.980420143459642,-6.60957928097566,"Human_vs_QC","limma_eBayes_BH"
"Q9Y3A3","MOB4",-0.0922861455281314,22.8155981518402,-0.0844032112290928,0.933884811188609,0.980420143459642,-6.60958459071661,"Human_vs_QC","limma_eBayes_BH"
"Q96HY6","DDRGK1",-0.114813936831517,19.051333851235,-0.0843983411886518,0.93388861634838,0.980420143459642,-6.60958502199477,"Human_vs_QC","limma_eBayes_BH"
"Q10469","MGAT2",-0.0425661999120912,21.2504538548653,-0.084214494191243,0.934032264671952,0.980420143459642,-6.6096012848245,"Human_vs_QC","limma_eBayes_BH"
"Q13541","EIF4EBP1",0.0181425358390079,24.6068936515737,0.0835982526649382,0.934513780516475,0.980690282983828,-6.60965553821534,"Human_vs_QC","limma_eBayes_BH"
"Q7Z2W4","ZC3HAV1",-0.0109222417275348,25.5344783632589,-0.0827986104041197,0.935138640616636,0.981110684100187,-6.609725344647,"Human_vs_QC","limma_eBayes_BH"
"P54725","RAD23A",-0.0140777157699326,25.4601417504697,-0.0823413188387521,0.935495999365407,0.981250299022694,-6.60976496360171,"Human_vs_QC","limma_eBayes_BH"
"Q9UMY1","NOL7",-0.0180623124932495,24.8052775944553,-0.0812816851671695,0.936324124333573,0.981445079667136,-6.60985592593955,"Human_vs_QC","limma_eBayes_BH"
"Q92783","STAM",-0.00675703568719044,24.3609417726303,-0.0812040731156362,0.936384782715155,0.981445079667136,-6.60986254214201,"Human_vs_QC","limma_eBayes_BH"
"P29218","IMPA1",-0.00877653860685612,26.4193442771539,-0.0808939618800769,0.936627156950863,0.981445079667136,-6.60988891520225,"Human_vs_QC","limma_eBayes_BH"
"Q9UHY1","NRBP1",-0.0108008824594386,24.5511828497718,-0.0806588786143238,0.936810895760868,0.981445079667136,-6.60990884041314,"Human_vs_QC","limma_eBayes_BH"
"Q15398","DLGAP5",-0.0225604456322479,23.4772291183743,-0.0804819633034125,0.936949173513936,0.981445079667136,-6.60992379721256,"Human_vs_QC","limma_eBayes_BH"
"Q9UNH7","SNX6",0.0118444858248452,26.2024925460908,0.0803815223918614,0.937027679490201,0.981445079667136,-6.60993227410006,"Human_vs_QC","limma_eBayes_BH"
"Q14320","FAM50A",-0.0110930849784481,25.0746085239767,-0.0787730739825711,0.938284956202186,0.982526731303151,-6.61006658113026,"Human_vs_QC","limma_eBayes_BH"
"Q99747","NAPG",0.00612987171576762,24.9040670885356,0.0764720953624229,0.940083858358845,0.98399608219481,-6.61025399960613,"Human_vs_QC","limma_eBayes_BH"
"O96017","CHEK2",-0.0521767341583832,23.3495509143345,-0.0764028864307586,0.940137971102699,0.98399608219481,-6.61025955079321,"Human_vs_QC","limma_eBayes_BH"
"Q86TP1","PRUNE1",0.0229126260018795,23.1646641589595,0.0754187182644571,0.940907500681964,0.984536412659304,-6.61033794656079,"Human_vs_QC","limma_eBayes_BH"
"Q9NRR5","UBQLN4",0.0131256642329447,24.7806628986588,0.0749043647143848,0.941309702487834,0.984536412659304,-6.6103785142789,"Human_vs_QC","limma_eBayes_BH"
"Q9Y6X3","MAU2",0.0314348139934921,22.3858935525447,0.0747225888072753,0.941451847199957,0.984536412659304,-6.61039278483519,"Human_vs_QC","limma_eBayes_BH"
"Q9UBC2","EPS15L1",0.0170091157763217,24.1286687484922,0.0745914887020039,0.941554365843777,0.984536412659304,-6.61040305551651,"Human_vs_QC","limma_eBayes_BH"
"Q9GZZ9","UBA5",-0.00799251139087431,24.5029729934329,-0.0738120497347593,0.94216389942207,0.984938365584601,-6.61046374645861,"Human_vs_QC","limma_eBayes_BH"
"Q9GZT3","SLIRP",-0.0181244612255398,26.8196812687591,-0.0732694213919885,0.942588265495073,0.985109255159189,-6.61050562204605,"Human_vs_QC","limma_eBayes_BH"
"Q9NV56","MRGBP",0.0215536691576901,23.3971364743585,0.073011242244829,0.942790182535358,0.985109255159189,-6.61052543778808,"Human_vs_QC","limma_eBayes_BH"
"Q9BSJ2","TUBGCP2",0.0209912493640303,23.5057558123251,0.0727392959538034,0.943002870995814,0.985109255159189,-6.61054623459869,"Human_vs_QC","limma_eBayes_BH"
"Q9BVT8","TMUB1",0.0232907486063283,22.7063776011904,0.0721684757628266,0.943449322525065,0.985340364298677,-6.61058963525428,"Human_vs_QC","limma_eBayes_BH"
"P20020","ATP2B1",-0.0219869039359573,23.0171716852407,-0.0715823178186713,0.943907790507031,0.985583910135624,-6.61063384649707,"Human_vs_QC","limma_eBayes_BH"
"Q5VVQ6","YOD1",0.0145972701860977,24.8091677403977,0.0706786876867701,0.944614612023791,0.985798608932905,-6.61070129737741,"Human_vs_QC","limma_eBayes_BH"
"Q96C19","EFHD2",0.00701129257021194,25.0589425343057,0.070281346072124,0.94492542882797,0.985798608932905,-6.61073068563854,"Human_vs_QC","limma_eBayes_BH"
"P00403","MT-CO2",-0.0261792670054248,26.312640963252,-0.0699582750857718,0.945178154957017,0.985798608932905,-6.61075445864271,"Human_vs_QC","limma_eBayes_BH"
"O00506","STK25",0.0494791562423096,20.9737821696427,0.0696389355447367,0.945427968115397,0.985798608932905,-6.61077784950217,"Human_vs_QC","limma_eBayes_BH"
"Q9Y2R9","MRPS7",-0.0111279452918893,25.3345543597433,-0.0688720931904674,0.946027878271758,0.985798608932905,-6.61083358212418,"Human_vs_QC","limma_eBayes_BH"
"Q14344","GNA13",-0.0336398378992442,22.252627794838,-0.0683388283803962,0.946445077833324,0.985798608932905,-6.61087197523974,"Human_vs_QC","limma_eBayes_BH"
"Q9Y2X9","ZNF281",0.0372176332616121,21.6028900466941,0.0681363109173195,0.946603521571159,0.985798608932905,-6.61088647762047,"Human_vs_QC","limma_eBayes_BH"
"Q6W2J9","BCOR",0.0389819982718329,21.9453499114718,0.0679015903753484,0.946787162977585,0.985798608932905,-6.61090323226444,"Human_vs_QC","limma_eBayes_BH"
"Q92733","PRCC",0.0155293689604861,24.4073026049651,0.0678427660196451,0.946833186655086,0.985798608932905,-6.61090742216532,"Human_vs_QC","limma_eBayes_BH"
"Q08752","PPID",-0.00851067838051733,25.8249115279201,-0.0678415146720689,0.94683416570096,0.985798608932905,-6.61090751125602,"Human_vs_QC","limma_eBayes_BH"
"Q9NVR2","INTS10",-0.0411471340787877,22.5683457093776,-0.0671033968415679,0.947411679512537,0.985798608932905,-6.61095977597656,"Human_vs_QC","limma_eBayes_BH"
"Q7Z7A3","CTU1",-0.0302551452420445,23.7538587374137,-0.0670382830722757,0.94746262691662,0.985798608932905,-6.6109643591326,"Human_vs_QC","limma_eBayes_BH"
"Q96E29","MTERF3",0.0349601896042522,21.4634201074662,0.0667818073346603,0.947663305260327,0.985798608932905,-6.61098236841157,"Human_vs_QC","limma_eBayes_BH"
"O60942","RNGTT",0.0237754317647685,23.9178071887928,0.0667656053784199,0.947675982535135,0.985798608932905,-6.61098350376795,"Human_vs_QC","limma_eBayes_BH"
"Q14790","CASP8",0.0585224254209571,18.8640324557014,0.0665466908847486,0.947847274347162,0.985798608932905,-6.61099881726829,"Human_vs_QC","limma_eBayes_BH"
"Q92615","LARP4B",0.00949332999813279,24.0204988560545,0.0665386361624715,0.947853576895222,0.985798608932905,-6.6109993797533,"Human_vs_QC","limma_eBayes_BH"
"Q96RP9","GFM1",-0.00794340172246422,25.394505480238,-0.0656897165610969,0.948517847950823,0.985798608932905,-6.61105828080834,"Human_vs_QC","limma_eBayes_BH"
"Q8WUW1","BRK1",0.00824080823579365,24.1094526288279,0.0650587964232582,0.949011562281664,0.985798608932905,-6.6111015666659,"Human_vs_QC","limma_eBayes_BH"
"P51649","ALDH5A1",0.0127755178868725,23.4854138801596,0.0650438612544869,0.94902324977179,0.985798608932905,-6.61110258627209,"Human_vs_QC","limma_eBayes_BH"
"P08727","KRT19",-0.00757208754786021,26.4628152156695,-0.0647745003493954,0.949234039755014,0.985798608932905,-6.61112093506101,"Human_vs_QC","limma_eBayes_BH"
"P21127","CDK11B",0.00557326752230836,25.5111096264354,0.0645815043818667,0.949385072317885,0.985798608932905,-6.611134035096,"Human_vs_QC","limma_eBayes_BH"
"Q14149","MORC3",0.0150959615057431,24.0185188056213,0.064405944595111,0.949522461622044,0.985798608932905,-6.61114591767876,"Human_vs_QC","limma_eBayes_BH"
"Q9UKT4","FBXO5",0.0181229752527301,21.9956517327778,0.0643830321208154,0.949540392552981,0.985798608932905,-6.61114746610107,"Human_vs_QC","limma_eBayes_BH"
"P61764","STXBP1",-0.0261509970242848,23.229603589063,-0.0640968786448396,0.949764334001368,0.985798608932905,-6.61116675793842,"Human_vs_QC","limma_eBayes_BH"
"Q6NVY1","HIBCH",-0.0103342575542307,25.3055531750931,-0.0639165862710655,0.949905431642576,0.985798608932905,-6.61117886875026,"Human_vs_QC","limma_eBayes_BH"
"P09669","COX6C",-0.0166714979373239,26.1819599918623,-0.0638316919676864,0.94997187091683,0.985798608932905,-6.61118455956393,"Human_vs_QC","limma_eBayes_BH"
"P14859","POU2F1",-0.0168077720325002,23.1336139794779,-0.0630754249493624,0.950563751242437,0.985937494877149,-6.61123492162788,"Human_vs_QC","limma_eBayes_BH"
"Q9Y4B6","DCAF1",-0.0325470702243216,22.5546651013186,-0.0629240924803832,0.950682192820226,0.985937494877149,-6.6112449272737,"Human_vs_QC","limma_eBayes_BH"
"O43318","MAP3K7",0.0122179533073101,23.2490334486028,0.0627968504249615,0.950781780774101,0.985937494877149,-6.61125332154427,"Human_vs_QC","limma_eBayes_BH"
"Q9Y5T5","USP16",-0.0543802026784839,22.0646944357271,-0.0617044927804402,0.951636766102809,0.986195599143741,-6.61132468663993,"Human_vs_QC","limma_eBayes_BH"
"Q8TEA8","DTD1",0.00758027722890731,23.8434222156409,0.0616761950229619,0.951658915502725,0.986195599143741,-6.61132651873618,"Human_vs_QC","limma_eBayes_BH"
"O43379","WDR62",0.036018334319337,22.7510362253571,0.0612685540474997,0.951977991401578,0.986195599143741,-6.61135281764374,"Human_vs_QC","limma_eBayes_BH"
"P31751","AKT2",-0.0299810530715341,23.5973523590014,-0.0612181258339995,0.952017464050837,0.986195599143741,-6.61135605889867,"Human_vs_QC","limma_eBayes_BH"
"Q9NPQ8","RIC8A",-0.0131735675456568,24.1986203487962,-0.060659751578223,0.95245453979116,0.986195599143741,-6.61139176990919,"Human_vs_QC","limma_eBayes_BH"
"Q15287","RNPS1",-0.0133538599915539,26.2719999705435,-0.059831204879095,0.953103126127912,0.986195599143741,-6.61144415719041,"Human_vs_QC","limma_eBayes_BH"
"Q86X76","NIT1",0.0264532762568734,23.1615957175247,0.0596225270456841,0.953266484565122,0.986195599143741,-6.61145723793152,"Human_vs_QC","limma_eBayes_BH"
"Q9P032","NDUFAF4",-0.0085707517969027,24.0423750625868,-0.0594080872466632,0.953434355881107,0.986195599143741,-6.61147063226603,"Human_vs_QC","limma_eBayes_BH"
"P09105","HBQ1",-0.012052791019542,23.9642853508355,-0.0593105703047957,0.953510696465321,0.986195599143741,-6.61147670741157,"Human_vs_QC","limma_eBayes_BH"
"O43929","ORC4",-0.0171372978088478,25.3943986001713,-0.0590145181011049,0.953742462138698,0.986195599143741,-6.61149508986521,"Human_vs_QC","limma_eBayes_BH"
"P35251","RFC1",0.0281141669973799,23.0953704965396,0.0586450560440179,0.954031703080616,0.986195599143741,-6.61151790151262,"Human_vs_QC","limma_eBayes_BH"
"P04818","TYMS",0.00439198367311633,26.6194860893087,0.0584845124001916,0.954157390051196,0.986195599143741,-6.61152776930805,"Human_vs_QC","limma_eBayes_BH"
"Q9Y2Q5","LAMTOR2",-0.0143286852337887,23.9646810941644,-0.058225105369379,0.954360478199733,0.986195599143741,-6.61154365659034,"Human_vs_QC","limma_eBayes_BH"
"Q9H0P0","NT5C3A",-0.0176470876692782,24.0232514382608,-0.0581199680373496,0.954442790496193,0.986195599143741,-6.61155007558209,"Human_vs_QC","limma_eBayes_BH"
"Q8TBB5","KLHDC4",-0.0187938512516723,21.988545257668,-0.0580968827222557,0.954460864122673,0.986195599143741,-6.61155148346652,"Human_vs_QC","limma_eBayes_BH"
"O43681","GET3",0.00407755200950533,25.0845442244894,0.0578714731072927,0.954637339971142,0.986195599143741,-6.61156520095069,"Human_vs_QC","limma_eBayes_BH"
"Q9UPW6","SATB2",0.011177860682686,25.6846387597321,0.0566593760976412,0.955586346962476,0.986942933890659,-6.61163805016854,"Human_vs_QC","limma_eBayes_BH"
"Q9H9A7","RMI1",-0.0333814069157512,21.0150700830571,-0.0563452604136469,0.955832294127935,0.986963957236185,-6.61165667762515,"Human_vs_QC","limma_eBayes_BH"
"Q96G74","OTUD5",0.0267815117663801,23.8621838377297,0.0557023377586811,0.956335705956596,0.987250758272796,-6.61169448100135,"Human_vs_QC","limma_eBayes_BH"
"Q9Y3E7","CHMP3",0.0179220861100724,22.4710465896707,0.0554125483961171,0.956562618866436,0.987252054149719,-6.61171137862267,"Human_vs_QC","limma_eBayes_BH"
"P20962","PTMS",-0.131501391720015,24.8837445713885,-0.054988443953138,0.956894711129774,0.987361877639803,-6.61173594934283,"Human_vs_QC","limma_eBayes_BH"
"Q9UHW5","GPN3",0.0508719340123172,21.8052337730063,0.0535945532928054,0.957986246218151,0.988255087763361,-6.61181537587944,"Human_vs_QC","limma_eBayes_BH"
"Q9Y2Y0","ARL2BP",0.0296235282234214,22.9669554337527,0.0531329842416563,0.958347713404861,0.988284291255816,-6.61184122771025,"Human_vs_QC","limma_eBayes_BH"
"Q96HR8","NAF1",-0.016822066519282,23.2751364160833,-0.0527888634081335,0.958617209888781,0.988284291255816,-6.61186035599148,"Human_vs_QC","limma_eBayes_BH"
"Q9C037","TRIM4",-0.0334574505915413,21.6794449345604,-0.0521755208739484,0.959097558928773,0.988284291255816,-6.61189414115378,"Human_vs_QC","limma_eBayes_BH"
"Q9NQ50","MRPL40",-0.0127869727947711,24.0656757934985,-0.0519168879354695,0.959300116395682,0.988284291255816,-6.61190826930195,"Human_vs_QC","limma_eBayes_BH"
"Q96BD8","SKA1",0.0160859346291389,23.6829411730481,0.0515501839641828,0.959587318464224,0.988284291255816,-6.61192818067019,"Human_vs_QC","limma_eBayes_BH"
"Q9Y2Q3","GSTK1",-0.00827261071697905,25.610498855174,-0.0514007976801588,0.959704319270842,0.988284291255816,-6.6119362516332,"Human_vs_QC","limma_eBayes_BH"
"O75340","PDCD6",-0.014965303512124,26.0818974904438,-0.0512605778601739,0.959814141686095,0.988284291255816,-6.61194380605234,"Human_vs_QC","limma_eBayes_BH"
"Q16877","PFKFB4",-0.0197830545348197,22.874982913775,-0.0512509228609279,0.959821703667648,0.988284291255816,-6.61194432546156,"Human_vs_QC","limma_eBayes_BH"
"P35270","SPR",0.0214084685734868,23.338043259531,0.0500919602647487,0.960729454344441,0.988383535141206,-6.61200596356928,"Human_vs_QC","limma_eBayes_BH"
"Q92616","GCN1",-0.00348506775349833,25.8656560412532,-0.050041795664838,0.960768746754734,0.988383535141206,-6.61200859969634,"Human_vs_QC","limma_eBayes_BH"
"Q7Z4Q2","HEATR3",-0.011087455001995,23.1568320944102,-0.0500190168296175,0.960786588760586,0.988383535141206,-6.61200979584217,"Human_vs_QC","limma_eBayes_BH"
"Q15649","ZNHIT3",0.0418028227397116,19.658881866204,0.0496890414961251,0.961045051371028,0.988383535141206,-6.61202706220486,"Human_vs_QC","limma_eBayes_BH"
"P08133","ANXA6",-0.0250280636747711,21.9316795242833,-0.0487914740154939,0.961748119574571,0.988383535141206,-6.6120734504973,"Human_vs_QC","limma_eBayes_BH"
"Q9UHB6","LIMA1",0.0123635255770758,24.8978704282517,0.0485696281740735,0.961921897404875,0.988383535141206,-6.61208478570299,"Human_vs_QC","limma_eBayes_BH"
"Q9BZL6","PRKD2",-0.0263594600143051,22.6570929155718,-0.0483579124987468,0.962087741868739,0.988383535141206,-6.61209555515185,"Human_vs_QC","limma_eBayes_BH"
"Q15654","TRIP6",0.00397633640815798,27.9933669027505,0.0481675311812676,0.962236875916161,0.988383535141206,-6.61210519921388,"Human_vs_QC","limma_eBayes_BH"
"Q9H270","VPS11",-0.0560372072573543,22.7707116001587,-0.0479102733698029,0.962438399578774,0.988383535141206,-6.61211817059308,"Human_vs_QC","limma_eBayes_BH"
"Q99504","EYA3",0.0171424251598147,23.1070579353789,0.0477728211491263,0.962546074268486,0.988383535141206,-6.61212507270602,"Human_vs_QC","limma_eBayes_BH"
"P30626","SRI",-0.00872024217509093,25.8598884608263,-0.0476545049569489,0.962638759147569,0.988383535141206,-6.61213099803405,"Human_vs_QC","limma_eBayes_BH"
"Q8IV48","ERI1",0.00697833151025407,24.0656906892467,0.0476528489313715,0.962640056425624,0.988383535141206,-6.61213108086432,"Human_vs_QC","limma_eBayes_BH"
"Q02447","SP3",-0.029319436269013,21.7701215638935,-0.0472075252368499,0.962988912878939,0.988383535141206,-6.6121532504161,"Human_vs_QC","limma_eBayes_BH"
"Q13542","EIF4EBP2",0.00934946967994321,24.4577835296221,0.0466732179744455,0.963407487370255,0.988383535141206,-6.61217957522782,"Human_vs_QC","limma_eBayes_BH"
"O43639","NCK2",-0.0369510418747545,21.7180550538699,-0.0465790919767466,0.963481226515678,0.988383535141206,-6.61218418169268,"Human_vs_QC","limma_eBayes_BH"
"Q9H0Z9","RBM38",0.00943336193044786,23.7996326232554,0.0463846615976331,0.963633546100343,0.988383535141206,-6.61219366755359,"Human_vs_QC","limma_eBayes_BH"
"Q8N488","RYBP",-0.0476755594576161,21.0301816589423,-0.0462249528515125,0.963758665351402,0.988383535141206,-6.6122014297433,"Human_vs_QC","limma_eBayes_BH"
"Q14008","CKAP5",-0.00433406283280036,25.3780079063973,-0.0456098088409925,0.964240591530863,0.988456609875367,-6.61223107699642,"Human_vs_QC","limma_eBayes_BH"
"O14686","KMT2D",0.0365510303355094,21.3683710162981,0.0455572287486672,0.964281785359558,0.988456609875367,-6.61223359270699,"Human_vs_QC","limma_eBayes_BH"
"O00410","IPO5",0.00381936127208959,26.0578399737092,0.0441222048792926,0.965406093886864,0.989335235023073,-6.61230113184196,"Human_vs_QC","limma_eBayes_BH"
"Q9BZE1","MRPL37",0.00312447531859306,24.3550470703041,0.0436651992070586,0.965764163512675,0.989335235023073,-6.61232218706615,"Human_vs_QC","limma_eBayes_BH"
"O94913","PCF11",-0.0110544058362585,23.4587114363655,-0.0435973521852991,0.965817323150524,0.989335235023073,-6.61232529423938,"Human_vs_QC","limma_eBayes_BH"
"P04844","RPN2",0.0111602223120748,23.3119495385512,0.0429840381322166,0.966297875829584,0.989595788097947,-6.61235316283844,"Human_vs_QC","limma_eBayes_BH"
"P01111","NRAS",0.00711174258546876,24.3083553034483,0.042608755956632,0.966591929024372,0.989665267840306,-6.61237002076277,"Human_vs_QC","limma_eBayes_BH"
"Q9GZL7","WDR12",-0.00916917044486354,25.851913154522,-0.042318595397902,0.96681928843069,0.989666445223273,-6.61238295365856,"Human_vs_QC","limma_eBayes_BH"
"P48556","PSMD8",0.00339977486375176,25.8349052863044,0.0417566508998301,0.967259616448296,0.989885572388607,-6.61240774913638,"Human_vs_QC","limma_eBayes_BH"
"Q9UHB9","SRP68",0.00286320636583071,25.3643605961128,0.0409401730119734,0.967899411168718,0.989913823274762,-6.61244318523555,"Human_vs_QC","limma_eBayes_BH"
"O15504","NUP42",0.0218252958626977,23.7746608322782,0.0406451011117301,0.968130636112007,0.989913823274762,-6.61245581960786,"Human_vs_QC","limma_eBayes_BH"
"Q8IUH3","RBM45",-0.0194938946542003,22.9639244688734,-0.0404261031055128,0.968302249766699,0.989913823274762,-6.61246513758111,"Human_vs_QC","limma_eBayes_BH"
"Q96C23","GALM",0.00633509665711784,24.914155657913,0.0403225100293521,0.968383429091989,0.989913823274762,-6.6124695277464,"Human_vs_QC","limma_eBayes_BH"
"P60520","GABARAPL2",-0.00365854745678718,25.6199075239009,-0.0402383035068548,0.968449416671421,0.989913823274762,-6.61247308803231,"Human_vs_QC","limma_eBayes_BH"
"Q9UJX2","CDC23",0.00955948085826819,23.4091101736282,0.0399889547133555,0.968644817700402,0.989913823274762,-6.61248358695961,"Human_vs_QC","limma_eBayes_BH"
"Q15819","UBE2V2",-0.00477605173568207,25.7885795058453,-0.0384133470518771,0.969879582968447,0.990565141328688,-6.61254841975996,"Human_vs_QC","limma_eBayes_BH"
"Q9Y508","RNF114",-0.0057390863662512,24.9717039434483,-0.0383960464923553,0.969893141443912,0.990565141328688,-6.61254911717974,"Human_vs_QC","limma_eBayes_BH"
"Q8WYQ5","DGCR8",0.0166411863407276,24.0372654056015,0.0383089664064011,0.969961386389051,0.990565141328688,-6.61255262278083,"Human_vs_QC","limma_eBayes_BH"
"Q99459","CDC5L",0.00295078660101922,25.5145025835674,0.0373094768253331,0.970744706889854,0.990798815011322,-6.61259228957934,"Human_vs_QC","limma_eBayes_BH"
"O15260","SURF4",0.0212576704075289,22.7710679286108,0.0371714694702245,0.970852868558185,0.990798815011322,-6.61259768431125,"Human_vs_QC","limma_eBayes_BH"
"Q9NXH8","TOR4A",-0.0250677273971256,21.9844721938454,-0.0369440088961728,0.971031139445078,0.990798815011322,-6.61260653216443,"Human_vs_QC","limma_eBayes_BH"
"Q8N1G2","CMTR1",-0.00953732031138088,25.5348363950475,-0.0365104952793186,0.971370907616664,0.990798815011322,-6.6126232447935,"Human_vs_QC","limma_eBayes_BH"
"Q99627","COPS8",0.0146745716480972,23.6936945504512,0.0356128208746239,0.97207448200465,0.990798815011322,-6.61265722449766,"Human_vs_QC","limma_eBayes_BH"
"Q8N1F7","NUP93",-0.00438067112584051,26.157640142468,-0.0354762339668727,0.972181537473912,0.990798815011322,-6.61266232059843,"Human_vs_QC","limma_eBayes_BH"
"Q8TBC4","UBA3",0.0033141900882292,23.8938903174284,0.0354569074649904,0.97219668544002,0.990798815011322,-6.61266304009513,"Human_vs_QC","limma_eBayes_BH"
"O75379","VAMP4",0.0299527489617439,21.7480256612918,0.0353761459971625,0.972259985788065,0.990798815011322,-6.61266604248189,"Human_vs_QC","limma_eBayes_BH"
"Q9BXJ9","NAA15",-0.00322420317637651,25.8739994052307,-0.035141285439921,0.972444069163143,0.990798815011322,-6.61267473475532,"Human_vs_QC","limma_eBayes_BH"
"O75496","GMNN",0.00425390602020315,23.9522904390668,0.0351274892285648,0.972454882664826,0.990798815011322,-6.61267524355788,"Human_vs_QC","limma_eBayes_BH"
"P49959","MRE11",0.00348585769135568,26.9611661047025,0.0344242351946759,0.973006102137604,0.9909238751233,-6.6127009148639,"Human_vs_QC","limma_eBayes_BH"
"O00584","RNASET2",0.00560525892501573,23.4987438718619,0.0343929538983599,0.973030621149645,0.9909238751233,-6.61270204468654,"Human_vs_QC","limma_eBayes_BH"
"P28288","ABCD3",0.0122405904422891,22.7837450685952,0.0337598582058451,0.973526862390868,0.99114662035219,-6.61272469021346,"Human_vs_QC","limma_eBayes_BH"
"Q14919","DRAP1",-0.00748840814237539,24.5862805975432,-0.0326490950780854,0.974397542346727,0.99114662035219,-6.61276340520372,"Human_vs_QC","limma_eBayes_BH"
"P27707","DCK",0.00410701224552668,24.7685581798591,0.0324246722079944,0.97457346202032,0.99114662035219,-6.61277107008561,"Human_vs_QC","limma_eBayes_BH"
"O95067","CCNB2",-0.0245228590474404,21.6126859216319,-0.0323977409110517,0.97459457290638,0.99114662035219,-6.61277198633799,"Human_vs_QC","limma_eBayes_BH"
"P46108","CRK",-0.00515013405012255,24.0752807278082,-0.0323833279907854,0.974605870904243,0.99114662035219,-6.61277247637941,"Human_vs_QC","limma_eBayes_BH"
"P04004","VTN",0.0243157208103995,22.9515927932199,0.0323798068840481,0.974608631029742,0.99114662035219,-6.61277259606442,"Human_vs_QC","limma_eBayes_BH"
"Q5TFE4","NT5DC1",-0.00702275675910258,24.8264737805928,-0.031627781002535,0.975198136798419,0.991332653926975,-6.61279785980735,"Human_vs_QC","limma_eBayes_BH"
"Q9H773","DCTPP1",0.00443213071725523,25.5498204288848,0.0314397938363099,0.975345500462952,0.991332653926975,-6.61280408236153,"Human_vs_QC","limma_eBayes_BH"
"Q9BQ75","CMSS1",0.00999148528800475,24.333875284776,0.030931282087989,0.975744128890363,0.991332653926975,-6.61282072872,"Human_vs_QC","limma_eBayes_BH"
"Q5VT25","CDC42BPA",0.00825915135290956,23.7226937005619,0.03055646187208,0.976037959225731,0.991332653926975,-6.6128328248769,"Human_vs_QC","limma_eBayes_BH"
"O95721","SNAP29",0.00471556295599029,25.9843390969337,0.0304430022704921,0.97612690357261,0.991332653926975,-6.61283645735977,"Human_vs_QC","limma_eBayes_BH"
"Q9P2I0","CPSF2",0.00328341016525613,25.7999848265038,0.0302552803339861,0.97627406508677,0.991332653926975,-6.61284243772913,"Human_vs_QC","limma_eBayes_BH"
"Q9Y4E8","USP15",-0.00311539097482694,25.8866591988158,-0.030123091666032,0.976377692747734,0.991332653926975,-6.61284662674975,"Human_vs_QC","limma_eBayes_BH"
"O95801","TTC4",0.00468195077501932,25.1645632480473,0.0292304342312079,0.977077491878868,0.991696002724727,-6.61287443471084,"Human_vs_QC","limma_eBayes_BH"
"Q13601","KRR1",-0.00771385465323249,24.1206553573713,-0.0290023294781833,0.977256317839407,0.991696002724727,-6.61288140644052,"Human_vs_QC","limma_eBayes_BH"
"Q9H4E7","DEF6",-0.0149582245974003,22.554224242596,-0.0282830016172097,0.977820253363895,0.991696002724727,-6.61290303412067,"Human_vs_QC","limma_eBayes_BH"
"Q9NUQ2","AGPAT5",0.0225728366048692,22.1177027800215,0.0281807710749887,0.977900400621521,0.991696002724727,-6.61290606375978,"Human_vs_QC","limma_eBayes_BH"
"Q9NV70","EXOC1",-0.00763086222188036,23.6219673758636,-0.0278251107112323,0.978179235088394,0.991696002724727,-6.61291651841798,"Human_vs_QC","limma_eBayes_BH"
"O43847","NRDC",-0.00205243728476745,25.8469650003833,-0.0276793047648324,0.97829354646895,0.991696002724727,-6.61292076602105,"Human_vs_QC","limma_eBayes_BH"
"P52701","MSH6",0.0018714021354036,25.7601403448565,0.0275874850614254,0.978365533066392,0.991696002724727,-6.61292342945224,"Human_vs_QC","limma_eBayes_BH"
"P49821","NDUFV1",-0.00189193166472279,25.0315714998663,-0.0273535394904642,0.978548947145748,0.991696002724727,-6.61293017555899,"Human_vs_QC","limma_eBayes_BH"
"O94979","SEC31A",-0.00223958579097427,26.0569688496409,-0.027021271605042,0.978809448388663,0.991730277142288,-6.61293965817633,"Human_vs_QC","limma_eBayes_BH"
"P51572","BCAP31",-0.00956027815591298,24.1927860574893,-0.025620625848922,0.979907595350055,0.992375105823008,-6.61297835749632,"Human_vs_QC","limma_eBayes_BH"
"P26232","CTNNA2",-0.0119447914418842,21.7505300163395,-0.0254424681296955,0.98004727924425,0.992375105823008,-6.61298313231095,"Human_vs_QC","limma_eBayes_BH"
"P78332","RBM6",-0.0118539893196861,23.4167238917773,-0.0253416040368381,0.980126361659707,0.992375105823008,-6.61298582080494,"Human_vs_QC","limma_eBayes_BH"
"P78406","RAE1",-0.00403690026009684,26.6185118881701,-0.0244199399831704,0.98084900155841,0.992594500294265,-6.6130098928081,"Human_vs_QC","limma_eBayes_BH"
"Q04311","VMS1",-0.0403296547017291,20.3298620517309,-0.024119451851631,0.981084606065357,0.992594500294265,-6.61301754821547,"Human_vs_QC","limma_eBayes_BH"
"O75683","SURF6",-0.00471472964522945,25.0492172042425,-0.0239772540541601,0.981196100097874,0.992594500294265,-6.61302113789087,"Human_vs_QC","limma_eBayes_BH"
"Q9BW91","NUDT9",-0.0150507365979529,22.9962298867509,-0.0239077928948327,0.981250563148045,0.992594500294265,-6.61302288366911,"Human_vs_QC","limma_eBayes_BH"
"P35637","FUS",-0.00566583247374552,28.6066763012188,-0.0231150822999034,0.981872117812746,0.992993646655285,-6.61304244829689,"Human_vs_QC","limma_eBayes_BH"
"Q9H3Z4","DNAJC5",0.00433527528994304,23.1209323407957,0.0224805569783323,0.982369650132716,0.993267210383784,-6.61305763351443,"Human_vs_QC","limma_eBayes_BH"
"Q8WYQ3","CHCHD10",0.00517012837280006,22.4500463580189,0.0216383643732757,0.983030026379226,0.993479095587638,-6.61307713582477,"Human_vs_QC","limma_eBayes_BH"
"Q96QR8","PURB",-0.0063489597452957,23.334576765528,-0.0216340970004049,0.983033372525459,0.993479095587638,-6.61307723274681,"Human_vs_QC","limma_eBayes_BH"
"P19447","ERCC3",-0.0100331751399274,22.7108583928633,-0.0209414537115046,0.983576494552853,0.993652209977438,-6.61309271095468,"Human_vs_QC","limma_eBayes_BH"
"P32019","INPP5B",0.00870657661113938,22.7330849912349,0.0208363531416361,0.983658907751379,0.993652209977438,-6.61309501558882,"Human_vs_QC","limma_eBayes_BH"
"O75153","CLUH",-0.00249588129297962,24.9741393295923,-0.0200601942933277,0.984267528181993,0.993863127492322,-6.61311167612947,"Human_vs_QC","limma_eBayes_BH"
"O94973","AP2A2",0.00663713640523511,23.4531594921384,0.0198280517953892,0.984449563351858,0.993863127492322,-6.61311653630604,"Human_vs_QC","limma_eBayes_BH"
"Q96D46","NMD3",0.00152270270039168,24.9611049893077,0.0197009764825255,0.984549210183251,0.993863127492322,-6.61311917281952,"Human_vs_QC","limma_eBayes_BH"
"Q9H0D6","XRN2",-0.00210990317453152,25.6058643645355,-0.0185469372270052,0.985454168639593,0.994508557503405,-6.61314234045702,"Human_vs_QC","limma_eBayes_BH"
"Q14011","CIRBP",0.00728274269192752,26.5322994215795,0.0182650452588996,0.985675221958219,0.994508557503405,-6.61314778706542,"Human_vs_QC","limma_eBayes_BH"
"O00764","PDXK",-0.00164026720204902,25.0940792679622,-0.0180159723574781,0.985870540318233,0.994508557503405,-6.61315253014572,"Human_vs_QC","limma_eBayes_BH"
"P16615","ATP2A2",-0.00591623645862782,23.675514110486,-0.016792984990664,0.986829597724101,0.995246539890028,-6.6131748745256,"Human_vs_QC","limma_eBayes_BH"
"Q9UDY4","DNAJB4",0.00497903599365657,23.3216812053951,0.0164185374291828,0.987123240938036,0.995313247085483,-6.61318140186125,"Human_vs_QC","limma_eBayes_BH"
"Q96EP5","DAZAP1",0.00157438178064595,27.1257438186463,0.0160687115690072,0.987397577463309,0.995360461152529,-6.61318736701118,"Human_vs_QC","limma_eBayes_BH"
"P42229","STAT5A",-0.00192364359237018,26.2908504533289,-0.0151983171716816,0.988080155500966,0.99581909244799,-6.61320165133875,"Human_vs_QC","limma_eBayes_BH"
"Q9NR19","ACSS2",0.00383822678600865,24.4181388875765,0.014480574332636,0.988643028882992,0.99603114584752,-6.61321283217743,"Human_vs_QC","limma_eBayes_BH"
"Q92636","NSMAF",0.00554955897395359,22.195144766555,0.0143494134745969,0.988745889466464,0.99603114584752,-6.61321481693253,"Human_vs_QC","limma_eBayes_BH"
"Q96HS1","PGAM5",0.00168647483427264,26.1608405768598,0.0137928400240388,0.989182374631438,0.996220415423191,-6.61322303822066,"Human_vs_QC","limma_eBayes_BH"
"Q49AR2","C5orf22",0.00328407595557678,23.4062534851823,0.0135267745747694,0.989391034118197,0.996220415423191,-6.61322685346108,"Human_vs_QC","limma_eBayes_BH"
"O15258","RER1",0.00252123413081762,23.5601362329924,0.0130245820619628,0.989784876350344,0.996220415423191,-6.61323385214085,"Human_vs_QC","limma_eBayes_BH"
"P08962","CD63",0.00900702497579431,23.3420078275699,0.0124480047949896,0.990237057881507,0.996220415423191,-6.61324156100097,"Human_vs_QC","limma_eBayes_BH"
"Q9NPA3","MID1IP1",-0.00882039705835069,20.7198167414467,-0.0124228323339201,0.990256799499623,0.996220415423191,-6.61324188960729,"Human_vs_QC","limma_eBayes_BH"
"Q9NVT9","ARMC1",-0.00132946805800316,25.0217403021636,-0.0123677223103504,0.990300019811534,0.996220415423191,-6.6132426067023,"Human_vs_QC","limma_eBayes_BH"
"O43663","PRC1",0.00294630856885547,23.9177819550152,0.0119473801933685,0.990629676246912,0.99631097824135,-6.61324797132333,"Human_vs_QC","limma_eBayes_BH"
"Q96BK5","PINX1",0.00772512235417011,22.6226619237913,0.0113307683376898,0.991113261870012,0.99631097824135,-6.61325550523831,"Human_vs_QC","limma_eBayes_BH"
"O43504","LAMTOR5",-0.00176866882272009,25.8391739814582,-0.0111492609716008,0.991255612007257,0.99631097824135,-6.61325764690467,"Human_vs_QC","limma_eBayes_BH"
"Q14694","USP10",0.000798131517413481,25.4197400306574,0.0110914422925312,0.991300957322193,0.99631097824135,-6.61325832186376,"Human_vs_QC","limma_eBayes_BH"
"Q9BQY4","RHOXF2",0.00200291104432893,24.7036532537274,0.0107121242449079,0.991598444928906,0.996381074084512,-6.61326266288551,"Human_vs_QC","limma_eBayes_BH"
"Q5T6F2","UBAP2",-0.000820368599622867,25.5042695847598,-0.00988441847760297,0.992247593807312,0.99645971952291,-6.61327161100155,"Human_vs_QC","limma_eBayes_BH"
"O15439","ABCC4",0.00632729946771349,21.8525083944402,0.00950344926219327,0.992546380346116,0.99645971952291,-6.61327548787479,"Human_vs_QC","limma_eBayes_BH"
"Q68E01","INTS3",0.00252857737967815,24.4824772223836,0.00948114327687584,0.992563874520704,0.99645971952291,-6.61327571014665,"Human_vs_QC","limma_eBayes_BH"
"O00483","COXFA4",-0.00238158033291569,25.3329639928675,-0.00891058704476958,0.993011352612142,0.99645971952291,-6.61328121800797,"Human_vs_QC","limma_eBayes_BH"
"Q14558","PRPSAP1",-0.00171604072568954,23.7411444652363,-0.00889985246104691,0.993019771597579,0.99645971952291,-6.61328131835903,"Human_vs_QC","limma_eBayes_BH"
"Q14202","ZMYM3",-0.00316405944626652,23.5819883795795,-0.00886987029646222,0.993043286198832,0.99645971952291,-6.6132815980032,"Human_vs_QC","limma_eBayes_BH"
"Q9UIL1","SCOC",0.00743547671541478,23.2088795576907,0.00849848196840268,0.993334561527486,0.996523436524364,-6.6132849837081,"Human_vs_QC","limma_eBayes_BH"
"Q9NWU2","GID8",-0.00198692890005958,24.0605732900337,-0.00726445367584406,0.994302401658761,0.997265705469298,-6.61329519368701,"Human_vs_QC","limma_eBayes_BH"
"P14678","SNRPB",0.00115534190759803,27.306057425354,0.00686302040426257,0.994617245162132,0.997352841527465,-6.61329817042692,"Human_vs_QC","limma_eBayes_BH"
"Q12824","SMARCB1",-0.000825147011628502,24.9823441041613,-0.00652352819822931,0.99488350910777,0.997391235643101,-6.61330055582898,"Human_vs_QC","limma_eBayes_BH"
"P19367","HK1",0.000469889048879679,25.1466932743371,0.00612116399026521,0.995199084416535,0.997479036499963,-6.6133032263187,"Human_vs_QC","limma_eBayes_BH"
"Q9BUT9","MCRIP2",0.000901548743232894,22.8086185358764,0.00543385822910812,0.99573814202781,0.997621793990536,-6.6133073948616,"Human_vs_QC","limma_eBayes_BH"
"Q01085","TIAL1",0.000355001233234731,25.6274462873561,0.00528036700509391,0.995858526325229,0.997621793990536,-6.61330825805472,"Human_vs_QC","limma_eBayes_BH"
"Q9UPR3","SMG5",-0.0029461226085381,20.9157927061084,-0.00476428166635819,0.996263296604407,0.997621793990536,-6.61331097900137,"Human_vs_QC","limma_eBayes_BH"
"Q8IUI8","CRLF3",-0.000590652768035937,24.454833195926,-0.00470037406495199,0.996313419975723,0.997621793990536,-6.61331129648489,"Human_vs_QC","limma_eBayes_BH"
"Q9UNW1","MINPP1",0.00173476421997165,22.4429594403015,0.0044858737987702,0.996481654797404,0.997621793990536,-6.61331233074524,"Human_vs_QC","limma_eBayes_BH"
"Q9ULA0","DNPEP",0.000347767628507967,24.4890328173905,0.00326572133449997,0.997438636292248,0.998222646874603,-6.61331729517348,"Human_vs_QC","limma_eBayes_BH"
"Q86SE9","PCGF5",0.0025785115603405,20.7842117950857,0.00313883986329701,0.997538151345317,0.998222646874603,-6.61331772170566,"Human_vs_QC","limma_eBayes_BH"
"Q04864","REL",-0.00168678218502194,21.6471028567703,-0.0026889347132431,0.997891019075209,0.99834740646102,-6.61331909792599,"Human_vs_QC","limma_eBayes_BH"
"Q9Y5Q9","GTF3C3",-0.000288381737629351,23.4933378633603,-0.00113443842110089,0.999110238150708,0.999338658415489,-6.61332221753932,"Human_vs_QC","limma_eBayes_BH"
"Q9H4A6","GOLPH3",-0.000107686142147401,24.3498974593334,-0.000828125643575773,0.999350485077672,0.999350485077672,-6.61332253307862,"Human_vs_QC","limma_eBayes_BH"
