Protein ID,log2FC,p_value,p_adj,neglog10_padj
P0A6F3,-2.060122550304584,1.0492590098796159e-30,7.26506938440646e-27,26.138760233654885
P0AC38,-1.9327918277193064,4.5031233397528395e-28,1.558981300222433e-24,23.80715909408564
P0A955,-2.0900741829851874,5.686709967370864e-28,1.3124926604691955e-24,23.881903116513733
P00350,-1.9925033516091908,8.767417309654998e-28,1.5176399363012801e-24,23.81883125362238
P0ABK5,-2.098952668920429,2.9748300196545064e-27,4.11954461121756e-24,23.385150789735356
P08200,-1.9995399160331502,6.2200210909940636e-27,7.177904339007149e-24,23.14400233387101
P0CE47,-2.0320804136118547,1.879276666561724e-26,1.8588730913247678e-23,22.730750259296816
P0A836,-1.9563787218382345,3.138482151164503e-26,2.716356301832877e-23,22.566013264667337
P0A9B2,-1.9149316263432112,3.794792771697565e-26,2.9194605723593266e-23,22.53469738556851
P77581,-1.9668109233008515,3.920753040240721e-26,2.714729405062675e-23,22.566273452905634
P61889,-2.019928380197058,9.250099600719221e-26,5.82251723957999e-23,22.234889216912066
P0ACF8,-2.0380034429898473,1.1487278195221524e-25,6.62815951864282e-23,22.178607048044995
P09373,-2.0555469956059653,2.2397383249897475e-25,1.1929190894022317e-22,21.923389011667275
P00509,-2.016363157337235,3.9030029703287107e-25,1.9303137547539995e-22,21.714372094679444
P0AE08,-1.9990105282898405,4.637862414928911e-25,2.140837290731185e-22,21.66941633897499
P0A799,-2.0039957552511254,5.118143566557703e-25,2.214876628427846e-22,21.654650459547103
P0A9Y6,-1.9626572938523879,8.441747435424295e-25,3.4382740731104597e-22,21.463659507609595
P69783,-2.0775024672996842,1.111322698489416e-24,4.2748879801892875e-22,21.369075261104946
P0AEX9,-2.067233331981445,1.3283653649675228e-24,4.840843045807962e-22,21.315078998219377
P0A7V8,-2.1152480371578015,1.6190852593985912e-24,5.605273168037923e-22,21.251403217595207
P04802,0.8856473030277776,2.297136391826824e-24,7.573986846194729e-22,21.120675453457338
P0A6M8,-1.9053790649715232,4.048817801358965e-24,1.2742733843913398e-21,20.894737387859767
P0A7S9,-1.9703957398665004,4.288367452621695e-24,1.2909850539979397e-21,20.88907878562188
P54839,0.8657441551254479,4.645599070169168e-24,1.3402553317438052e-21,20.87281245640834
P02925,-2.097986653447414,5.0316213390966875e-24,1.3935578460762185e-21,20.855874999171498
P37647,-2.0730037672376262,5.958025117587052e-24,1.586667919775875e-21,20.799513959004507
P0ABT2,-2.0596721315751623,9.640783272316338e-24,2.4723253102784565e-21,20.606894385054282
P02359,-2.008506693311965,1.4858001939238643e-23,3.6741716224031554e-21,20.43484056144288
P60438,-2.1257905970219255,1.5246774925535232e-23,3.640298951186412e-21,20.438862949450023
Q05911,0.9281273886927295,1.5758398023228592e-23,3.6370382637611585e-21,20.43925212989032
Q12230,0.9398676483071,1.6512424356747338e-23,3.68812987890705e-21,20.433193793502504
P0A6F9,-2.112242150510845,1.8628854983648074e-23,4.030818497086852e-21,20.39460675716531
P60624,-1.9818576773674899,1.965624249823178e-23,4.124237062356268e-21,20.384656379296814
P0A7K2,-1.9937727863052928,2.707331997532629e-23,5.513401985563508e-21,20.258580341685885
P0A6F5,-2.0775494283808307,2.832258874016931e-23,5.6030172696266375e-21,20.25157803894739
P05030,0.8615475767404064,2.8911899941561095e-23,5.5607220887602506e-21,20.254868809352853
P0A6Y8,-2.0558641430295594,2.923137986647171e-23,5.470218221498652e-21,20.261995348163403
P0A7D4,-2.024850326403101,3.437785386986178e-23,6.264006847234815e-21,20.20314777621916
P0A7L0,-1.8753614849049605,3.6414162053327064e-23,6.464914309159913e-21,20.189437227211375
P0A9Q7,-1.9538609082007028,4.314079275950874e-23,7.467671226670963e-21,20.126814810646056
Q04947,0.9159779193367044,4.7064866579230644e-23,7.948222834014462e-21,20.09972996564045
P0A862,-2.126359981598423,1.0390782612310744e-22,1.7129947335152282e-20,19.76624397224102
P00815,0.8787005343049366,1.2744478218595602e-22,2.052157376408278e-20,19.687789336988633
P25491,0.9448908923758275,1.4965148657865142e-22,2.3549702115240506e-20,19.62801458197566
P00448,-1.9922647271268232,1.639634075235208e-22,2.52285029709524e-20,19.598108519230497
P0A9G6,-1.9975580593911388,1.9076177002301059e-22,2.871379338346359e-20,19.541909429005443
P41940,0.9539319578725305,2.0815001703463107e-22,3.0664483360591183e-20,19.513364347967666
P0A763,-2.0467958656365184,2.248185261674675e-22,3.243007239965719e-20,19.489052081769934
P32327,0.8550793680045707,2.2514061016494503e-22,3.1813746628205703e-20,19.497385182067124
P38249,0.868400610334902,2.5160707112622127e-22,3.484254720955912e-20,19.457890102842953
P41277,0.9552348501414762,3.0834832612265245e-22,4.186281980535775e-20,19.378171521705365
P39077,0.8235835946169061,3.5874891762473847e-22,4.776879818526325e-20,19.320855684989915
P06105,0.8765173763556149,3.9020385446528954e-22,5.097682053429556e-20,19.292627255321666
P0A6A8,-2.0546812053118266,4.2325705566830425e-22,5.427096024902479e-20,19.265432494116794
P0ABB0,-2.032110433579085,4.295797059531958e-22,5.4080179709453237e-20,19.2669618738953
P38764,0.894237281217805,4.616862091102474e-22,5.708420199784559e-20,19.243484065737672
P0A6P9,-2.040505898667785,4.61826083137882e-22,5.609971578327535e-20,19.2510393389946
P0ACF0,-2.263745887653993,5.985191138883623e-22,7.145079904419001e-20,19.14599291007046
P27550,-2.01555739217995,6.985681583017167e-22,8.198111742510316e-20,19.086286166426337
P34223,0.8716065130664354,8.566089020451927e-22,9.885266729601523e-20,19.00501160782413
P13663,0.8784523445047299,8.904480780509561e-22,1.0107315561352165e-19,18.995364174942875
Q12363,0.95034643570839,9.373436281733264e-22,1.0468011744309858e-19,18.980135798786637
P16120,0.913642492078452,1.0920439708854867e-21,1.2002083260970015e-19,18.92074336476752
P38009,0.9229330312413389,1.5676147394404587e-21,1.6959631962321463e-19,18.77058357651723
P54115,0.8971653737458567,1.6285723241801157e-21,1.7348053496343262e-19,18.760749247283545
P40075,0.8845556020326057,2.6828550368446257e-21,2.814558829562453e-19,18.550589669339068
P0C2I4,0.9385688300744732,2.7564546400346996e-21,2.8486107354627256e-19,18.54536689333363
P40825,0.8687717934393078,2.86455671821762e-21,2.916792752491e-19,18.535094427802193
P32599,0.9022832037799411,3.1691898686595136e-21,3.1802131377678944e-19,18.497543772639915
Q12068,0.8893000476559898,3.2240611822807322e-21,3.1890570894445413e-19,18.496337706091374
P15108,0.9116498431345796,3.3317212662654916e-21,3.2491321193834175e-19,18.488232628589593
P16862,0.8790241977101658,3.741773106105939e-21,3.598338470371878e-19,18.443897988044068
P0AFH8,-2.037799414014721,3.752556428766574e-21,3.559274070243803e-19,18.44863856928422
P07245,0.8594489287174234,4.12853230774583e-21,3.862967256598936e-19,18.413078973019733
P49723,0.9374749275774263,4.186140108759528e-21,3.8646445484067956e-19,18.412890444246155
P25553,-2.052313781831142,4.262347893202216e-21,3.8832232648068607e-19,18.41080763909955
P21954,0.9460363707969606,4.661917134197469e-21,4.19209275807575e-19,18.377569116321382
P31373,0.8776969201048921,4.8756884287962824e-21,4.328111112946854e-19,18.36370159838202
P62399,-2.057120584523247,5.491162005459673e-21,4.812760218456047e-19,18.317605775221764
P23254,0.9419567254780219,5.752572453196235e-21,4.978851458241341e-19,18.30287083050872
P0CX47,0.9085451252810799,6.200000234337729e-21,5.299852052167214e-19,18.27573625376227
P38788,0.9253688704642187,6.777732888688758e-21,5.723051526985483e-19,18.24237234394226
P33442,0.8609271301168882,7.449640004900488e-21,6.214615348666382e-19,18.206585746687878
P0AG67,-1.7900849100049498,7.528086534969927e-21,6.205294186682354e-19,18.20723762421776
P31116,0.9390947644483028,7.57430783415681e-21,6.169942052200207e-19,18.209718914820545
P38088,0.9289582884411729,8.012750236770463e-21,6.451195655744033e-19,18.190359786361814
P0CX37,0.915460518303334,8.803070712578794e-21,7.006030070562709e-19,18.154528002980154
P32263,0.8809771801878519,9.70003300833142e-21,7.632162335191677e-19,18.11735240081337
P39516,0.9660657761925364,1.2025283490821749e-20,9.355400324769638e-19,18.02893762397171
P0AEE5,-2.0862048494129226,1.3274531576895545e-20,1.021253962649164e-18,17.990866245315512
P22137,0.8668323790562553,1.3933551478081145e-20,1.0601748399366356e-18,17.974622506661508
P29453,0.9264024810204887,1.461849730935682e-20,1.100200819238985e-18,17.958528035998835
P36683,-1.9804841451718254,1.521135158280909e-20,1.1325096597781738e-18,17.94595808497035
P26784,0.9627319738271041,1.56210247292034e-20,1.1506380343085569e-18,17.939061274481105
P15625,0.8727154918827793,1.5726213838554125e-20,1.1461926801910395e-18,17.940742369358283
P39954,0.9226820492158012,1.7021995321111937e-20,1.2277114125351985e-18,17.910903707032556
P27472,0.8413520101435701,1.7069626453816576e-20,1.2184545728476904e-18,17.914190657804117
P15992,0.9325937247488021,1.8072962895767726e-20,1.2769101539826096e-18,17.893839659512068
P38427,0.9197935610104757,1.9097551570994176e-20,1.3356711826016532e-18,17.87430044392485
P77674,-1.8712414607799808,1.9297048340049483e-20,1.3361276270650261e-18,17.87415205602008
P0A6P1,-2.050352122313967,1.9506692927418258e-20,1.3372707111826141e-18,17.873780667179314
P46672,0.8729808383895588,2.1048182916902676e-20,1.4288001815356286e-18,17.845028503276417
P0CX43,0.9476266502482673,2.162112730083793e-20,1.453443547873804e-18,17.837601831676842
P04449,0.9716336294071652,2.177974076821532e-20,1.4500281257607968e-18,17.838623573803474
P0AEM9,-1.8411233922365682,2.2336750844343297e-20,1.4729491699641238e-18,17.831812239976777
P28834,0.8799207356441201,2.6465818072003724e-20,1.7287672106656018e-18,17.76226348326158
Q05022,0.8307320735295463,3.077190636148339e-20,1.991258688288888e-18,17.700872316266675
P46655,0.9161709674615253,3.1282463000064384e-20,2.0055534612263497e-18,17.69776575671592
P39976,0.8509007216706443,3.1677237209055557e-20,2.0122311049128503e-18,17.696322141993566
P17649,0.9009479594895105,3.2228689864047305e-20,2.0286495328969413e-18,17.692792974689496
P04840,0.9002292471347602,3.2799602839141015e-20,2.045986036560472e-18,17.689097334585455
P32565,0.9065475866567922,3.960118988110129e-20,2.4482021315780836e-18,17.611152728272806
P40303,0.8700098796972426,4.205888727883077e-20,2.577130402819684e-18,17.588863605588728
P16861,0.8374317445840838,4.3026779304195475e-20,2.6133107008969253e-18,17.58280895320288
P31412,0.8649611662930106,4.852025457242142e-20,2.9213412405169208e-18,17.534417710326128
P19414,0.9016286854123585,5.746902895314686e-20,3.4303065213068007e-18,17.464667071046343
P36060,0.8776970238349193,6.251710850894234e-20,3.6997304215035615e-18,17.43182991937049
Q02326,0.9035375250141264,6.252684677982357e-20,3.6689481957923595e-18,17.435458420280124
P31539,0.9032105628016893,7.582860247163556e-20,4.412077676584912e-18,17.35535685021751
P40069,0.8360249269202598,7.806958730498542e-20,4.504615187497659e-18,17.34634230326082
P0AG55,-2.061519793346431,8.023485025158601e-20,4.591290108611418e-18,17.33806526471852
P17891,0.8779813907229972,8.129930032014606e-20,4.614068487022059e-18,17.33591596349611
P0AFG6,-1.9216466786595774,8.56155048648899e-20,4.8195264689796556e-18,17.316995630228316
P0A853,-1.8738428664305609,9.270949570593627e-20,5.176778615063731e-18,17.285940407224444
P0A8G6,-1.8895168286662987,1.0155443773218424e-19,5.625303414861149e-18,17.249854047821728
P19882,0.9005264658361867,1.0165556145437883e-19,5.586215138969198e-18,17.252882342557683
P68919,-2.039157122091666,1.049827673497473e-19,5.723627410469687e-18,17.2423286451505
P0A7V0,-1.9663650198744982,1.0571425123545353e-19,5.7184802777678146e-18,17.242719372373447
P19097,0.8833799265647784,1.2255684382850806e-19,6.5781673385162005e-18,17.18189508292545
P34730,0.9683807741502086,1.3305705808975173e-19,7.086823617026469e-18,17.14954837619931
P29311,0.9094597218437244,1.3868412960062905e-19,7.33014437675386e-18,17.13488747127838
P53598,0.8806927875751569,1.4443460197200035e-19,7.576251394349472e-18,17.12054562305344
P32457,0.8028020448766782,1.5102246670757586e-19,7.862252326941768e-18,17.104453022276303
P12385,0.8465501331962599,1.5652516493245948e-19,8.08791225367425e-18,17.092163569082707
P37012,0.9081560909991779,1.5842798134132563e-19,8.125595131906212e-18,17.09014482074447
P22147,0.8699391155532368,1.627081315610469e-19,8.28375810976977e-18,17.08177259122788
P0ABB4,-1.7928325562977712,1.6669145132176506e-19,8.424610284320448e-18,17.074450180104552
Q46938,-1.8827865933245,1.785863323179071e-19,8.960375108472382e-18,17.047673809073398
P07246,0.8428483545401413,1.8552055482126162e-19,9.241326054549752e-18,17.034265706609617
P47068,0.8235822441162028,1.9456005663548302e-19,9.62238451531489e-18,17.01671729246122
P0CX35,0.9352481892302364,2.0352420781044654e-19,9.994337694181076e-18,17.000245980464605
P32861,0.9032265418734582,2.0444108802104372e-19,9.96866262998385e-18,17.001363101605765
P32445,0.9561675659353419,2.167934705572789e-19,1.0497048882088105e-17,16.978932780393727
P07806,0.8894363592140238,2.1705171605746083e-19,1.0436570013762909e-17,16.9814422090782
P09394,-1.976555943788707,2.2900312248337575e-19,1.0935293931550991e-17,16.96116953899717
P33333,0.8060420031826396,2.737914434507078e-19,1.2984465441456854e-17,16.886575925172476
P0C0V8,0.9851547045030493,3.600727164717449e-19,1.6960159788097698e-17,16.770570060407007
P38715,0.8925254206484681,3.709527465315453e-19,1.7354573087732566e-17,16.760586065249406
P38972,0.9001748095698048,3.7958527452715567e-19,1.7639251280711582e-17,16.753519852965898
P18239,0.872597924669499,4.020905189721734e-19,1.8560498355755527e-17,16.731410367004603
P16521,0.9061143485274066,4.3562632789027e-19,1.9975342346438605e-17,16.699505768815218
P25349,0.8656831673768437,4.421124894820022e-19,2.013938734982489e-17,16.695953745035496
P07284,0.9577525735625478,4.424568421977532e-19,2.0023341015537537e-17,16.69846345614979
P40302,0.9080592190628707,4.60913310726733e-19,2.0723141321246098e-17,16.683544411326555
P32527,0.8970585398405184,4.668385418406854e-19,2.0854129443257458e-17,16.68080793508599
P39986,0.875207940081804,4.769456796091973e-19,2.116905054880822e-17,16.67429862004673
Q04409,0.8281430497733808,4.944274651143136e-19,2.1805195977398137e-17,16.661440005687638
P48589,0.9642514411003198,5.007115584901596e-19,2.1942574879657377e-17,16.65871241092664
Q03558,0.9451528043525528,5.169662539888868e-19,2.2512417249176428e-17,16.647577870542964
P32588,0.9008860109408836,5.318904909473518e-19,2.3017560995746652e-17,16.63794069730948
P02358,-1.693175079667629,5.477333890571012e-19,2.3555937800194835e-17,16.627899601111913
P09624,0.9205970759893063,5.507812064454928e-19,2.3540796749559207e-17,16.628178842338748
P15624,0.8780375992084686,5.734210835106464e-19,2.4358083326550405e-17,16.61335688818414
P54838,0.8675006949659974,5.790643151293728e-19,2.4447812914364494e-17,16.611759986507955
P14020,0.8596652577885671,5.875361788433919e-19,2.465515455946452e-17,16.608092270597368
P35844,0.8642614519814202,6.14650189348731e-19,2.5637577777413332e-17,16.59112300909066
P11412,0.8754488507299065,6.321065042418132e-19,2.620781697826536e-17,16.5815691527954
Q00955,0.7935482252833062,6.447726734244426e-19,2.6573845183278813e-17,16.575545599483007
P16474,0.7429925840053464,6.666405315595379e-19,2.7312538701291367e-17,16.563637930298945
P0ABH7,-1.9177733945850406,6.739374380008129e-19,2.744907541598605e-17,16.56147227957447
P0AB71,-1.9200085874191473,6.781533231366437e-19,2.7459260873673225e-17,16.56131115693194
P12709,0.8830525331049337,6.976534233008804e-19,2.8084606412414505e-17,16.551531658101325
P07395,-1.9557186147709125,7.079590965607082e-19,2.83347328588806e-17,16.547680877550842
P0AEQ3,-1.9728611914621084,7.354507246228702e-19,2.926586676602732e-17,16.5336386088767
P34216,0.8658016654150167,8.013344003345177e-19,3.170536793094972e-17,16.49886720259517
P00924,0.8870373776637379,8.04405356656511e-19,3.1646038008464104e-17,16.49968065464405
P33330,0.8338997706721969,8.60426627966526e-19,3.3658723005876984e-17,16.472902364950254
P47075,0.8192586856031703,9.943231348477561e-19,3.867805272857227e-17,16.41253539887352
P62707,-2.0312234253581174,1.0564989796306816e-18,4.086703315621698e-17,16.388626889830682
P0C2H6,0.9199362913207381,1.090239509758597e-18,4.1937879808714034e-17,16.377393529298693
P39683,0.7964833693586115,1.1889455511612493e-18,4.548209390188116e-17,16.342159549501023
P40482,0.8445599474149681,1.2159694450823588e-18,4.626028811950688e-17,16.334791666673002
P38431,0.8732978117664594,1.3407637498386105e-18,5.072922515782809e-17,16.294741771079984
P39730,0.8797946890132629,1.3480519220476332e-18,5.0727779936183765e-17,16.29475414384389
Q12159,0.9305036857561397,1.4501671049531823e-18,5.427544343078829e-17,16.265396619669808
Q12118,0.9492176036846516,1.5128068871926777e-18,5.631545638130162e-17,16.24937239200745
P23641,0.8270574690857764,1.5215237378870438e-18,5.633706075470529e-17,16.249205814987995
P14742,0.8844251461027,1.5443717958088482e-18,5.687888464989609e-17,16.245048928367332
P47120,0.8239073744279963,1.7138404345470863e-18,6.278640830055039e-17,16.20213436006741
P0AD61,-1.905110151260434,1.938198071425621e-18,7.063201813974212e-17,16.150998384653093
P32074,0.7805564398448865,1.9807221404571836e-18,7.180377015981957e-17,16.14385275190507
Q04869,0.9081827179558957,2.0046918901975934e-18,7.229420129025071e-17,16.140896536020016
P05694,0.8807426647407262,2.2341950325479092e-18,8.015319381016436e-17,16.096079167926234
P76558,-2.1431788834888152,2.3168939334334784e-18,8.269161646955363e-17,16.082538518326164
P38845,0.8905968657095542,2.5802967766636797e-18,9.16203840083042e-17,16.03800789229866
Q00764,0.8962242699953897,2.6384641022171295e-18,9.320778287628268e-17,16.030547822419614
P33297,0.8577813617537302,2.705607171004147e-18,9.509453833519144e-17,16.021844425638854
P07259,0.8657949671644722,2.7130697084802568e-18,9.487522556321868e-17,16.022847178572146
P04147,0.9039530897652526,2.7882517932120174e-18,9.701434882512568e-17,16.013164027025404
Q12213,0.9659165226815425,2.879490082319774e-18,9.968794664991057e-17,16.001357349410366
P38248,0.934918775300968,2.9466831713713774e-18,1.0150663820186774e-16,15.993505555384546
P38934,0.8884668477098465,2.9494428899908986e-18,1.0109872559552961e-16,15.995254318892853
P76108,-1.878736675689435,3.0141898905051438e-18,1.0280911725053012e-16,15.987968369815256
P47079,0.876826585203311,3.068740236114953e-18,1.0415665389637224e-16,15.982312980558559
P05750,0.8454275562203932,3.147246239984719e-18,1.0630016080806924e-16,15.97346607848701
Q04062,0.9490520394125816,3.2634946940518806e-18,1.0969144301754961e-16,15.959827250230282
P35732,0.8363559194711243,3.3194072690977765e-18,1.1103176778373431e-16,15.954552745544055
P32589,0.8873686890269745,3.4502980842289833e-18,1.1485511507308404e-16,15.939849658731488
P35997,0.9495567056569527,3.581757864862693e-18,1.186607246713363e-16,15.925693003716402
P0A953,-2.1354159656129568,3.601354078856347e-18,1.1874178877143498e-16,15.925396412983549
P05740,0.9168090719454156,3.94545894069741e-18,1.2947088959899937e-16,15.887827867935552
P07278,0.7901254823947106,3.9492933464946755e-18,1.2898541099589214e-16,15.889459408168053
P05453,0.8194247204468503,4.160633364775056e-18,1.352498845901525e-16,15.868863096808315
P0CX23,0.9634493130266293,4.450462756566007e-18,1.439953463853413e-16,15.841651543125755
P0CX84,0.8974908156989727,4.9613223380572806e-18,1.5977765520329587e-16,15.79648395656421
P15703,0.8548113919919444,5.108728476596272e-18,1.637631294997805e-16,15.785783870934832
P32454,0.8030937859590068,5.209880021786695e-18,1.6623598742327684e-16,15.779274952588635
P32288,0.9575759557166954,5.307030084380866e-18,1.6855906561583999e-16,15.773247884845432
P0AC33,-1.6821847882503285,5.328734740910046e-18,1.6847561345233407e-16,15.77346295360307
P40185,0.8354997850564772,5.718355508683173e-18,1.7997224337328313e-16,15.744794469781926
P53090,0.8775392929235757,6.321547481384905e-18,1.9805608489189627e-16,15.703211810192895
P48164,0.9354303984896397,6.663980960290794e-18,2.0784416292366421e-16,15.68226216767275
P0AEK4,-1.7810993953571987,6.780983956621841e-18,2.1054499065313734e-16,15.67665508697979
Q07478,0.9680533933568043,6.890469069949957e-18,2.1298932071577455e-16,15.671642171540048
Q06177,0.9053547537225697,7.041694150750274e-18,2.1669640133242177e-16,15.664148300929599
P15705,0.9150293463753378,7.523286393983637e-18,2.3049219022983494e-16,15.637343785231158
P26637,0.8493217784461535,7.665009241316827e-18,2.3379966514043044e-16,15.631156115192004
P00817,0.9569429232613338,7.711316292474733e-18,2.341805000398906e-16,15.630449270995738
P07260,0.9326457033086903,7.772756198145141e-18,2.350155629517771e-16,15.628903377386631
P32473,0.8582565501363639,7.903893147201824e-18,2.3794154848358885e-16,15.623529716425745
Q05506,0.9019491003347468,8.13318566660617e-18,2.4378431842242906e-16,15.612994234081231
P16140,0.8771111860189826,8.757508563509775e-18,2.6136633316267966e-16,15.582750355023737
P37769,-2.0138074035227653,8.780721557833546e-18,2.6093440371862437e-16,15.583468656200209
P32497,0.8942435448511006,9.318114143563117e-18,2.7572060824799585e-16,15.55953077211004
P51401,0.8974975157939014,1.0594812170810622e-17,3.121637424284798e-16,15.505617541304584
P43603,0.8739394472950544,1.0650902955284188e-17,3.1248666128130386e-16,15.505168516097703
P0A7W7,-2.0597944522907348,1.1034943202538443e-17,3.2238796090454087e-16,15.491621184640984
P09436,0.8475305536142628,1.1277536562395588e-17,3.280910216723826e-16,15.48400565407446
P11076,0.9160640149447659,1.129337253447363e-17,3.2717703526650804e-16,15.48521718729609
Q00055,0.9524315133988637,1.229007166115127e-17,3.545685674242141e-16,15.45029976732303
P15303,0.8550821285552139,1.2319065035461288e-17,3.5393031662047285e-16,15.451082235392803
P47143,0.8779924077136805,1.3068945307413731e-17,3.7392304672947386e-16,15.42721776630078
P53252,0.9151299110405553,1.4986875733450606e-17,4.270334468247407e-16,15.369538108107175
P38968,0.8522226417321015,1.5436109102938377e-17,4.3803122716698904e-16,15.358494927617159
P06208,0.8376542256373689,1.6215976821516148e-17,4.582833612741952e-16,15.338865910239349
P21243,0.9286051170955218,1.7380743569509568e-17,4.892043433954644e-16,15.31050969573978
P0A9C5,-2.144686777344642,2.0864843238508322e-17,5.84891395074622e-16,15.232924767932452
P15180,0.8429303500747238,2.183150937053381e-17,6.095216567805488e-16,15.215010858949299
P0CX55,0.9438084279611658,2.277983772951386e-17,6.334441624062409e-16,15.198291661802841
P32582,0.9316238420911347,2.4401430944529365e-17,6.758220314396853e-16,15.170167654560643
P36008,0.9671846522980658,2.578211096791276e-17,7.112164794495138e-16,15.147998188973906
P53141,0.9086027311030307,2.598363603909384e-17,7.139313330741498e-16,15.146343557272964
P16649,0.8454947934012296,2.6802733650574055e-17,7.335261968244061e-16,15.134584371346095
Q01662,0.8836703510239126,2.7675048211363347e-17,7.54417455966456e-16,15.122388271301745
P35723,0.90570567447147,2.8263691797778686e-17,7.67442360814979e-16,15.11495423255437
P24280,0.8406597321082074,2.915892809344151e-17,7.886578832773009e-16,15.10311135119712
P23638,0.827550583577036,3.0728729304371505e-17,8.278821856166083e-16,15.082031462462828
P53221,0.9072866771199166,3.073450458609503e-17,8.248283323803178e-16,15.083636429701867
P17536,0.9601965407404371,3.200534898134551e-17,8.556179009530359e-16,15.06772013784081
P34167,0.8787068070674948,3.2157924544014126e-17,8.563902674721301e-16,15.067328276930105
P00958,0.9005980662932132,3.236529351406075e-17,8.586103152925541e-16,15.06620389823752
P0A7T7,-1.7484226596016263,3.3102369434558255e-17,8.748122365071808e-16,15.05808515086259
P41338,0.9055330502139185,3.380459382901925e-17,8.899734132020126e-16,15.05062296714399
P02407,0.8524337759102671,3.519019134158022e-17,9.229427456405358e-16,15.034825239411376
P40037,0.9720210901799113,3.590315658698311e-17,9.380885139934757e-16,15.027756181529986
P07251,0.909812438349956,3.6325281714939403e-17,9.455498142640618e-16,15.024315586342876
P0A7J7,-2.0192812947150394,3.8066184013790426e-17,9.871545247621157e-16,15.005614859489695
O14467,0.9344995493023909,3.929841289574824e-17,1.0153067570528388e-15,14.993402723496748
P04807,0.8424661742593855,4.119076042520906e-17,1.0602409858146749e-15,14.974595411230986
P31383,0.8412394343709444,4.1905418681227167e-17,1.0746411812919144e-15,14.968736520862848
Q12672,0.961580202442974,4.237820091331425e-17,1.082755214478922e-15,14.965469716059012
P17709,0.8437213213535557,4.3037355537449666e-17,1.0955538593430202e-15,14.960366266902458
P40212,0.9056902966315548,4.4348783908993707e-17,1.1248021237577745e-15,14.948923872324775
P53860,0.872904565550904,4.466764460072687e-17,1.1287546394723826e-15,14.947400451612555
P37291,0.9583109986612115,4.4908686407933073e-17,1.1307190715946495e-15,14.94664528261762
P07213,0.8371016994753724,4.845462211444351e-17,1.2155789982623436e-15,14.915216811897102
P07149,0.8555885632989231,5.0418805466727885e-17,1.2602881193199417e-15,14.899530157797818
P37302,0.9719257004475637,5.0781978890266073e-17,1.2648000785474903e-15,14.89797811610499
P39076,0.9135480482181109,5.242598348725823e-17,1.301066342888086e-15,14.885700557692365
P30656,0.9603454423891193,5.367907272974779e-17,1.327406784217049e-15,14.876995967061236
P07257,0.9007224069642383,5.4235074519503307e-17,1.3363831173417826e-15,14.874069019483784
P40016,0.8452043225411501,5.872905588022044e-17,1.4419857550164765e-15,14.841039029871997
P40531,0.895837089674604,6.00113187586518e-17,1.4682627953530216e-15,14.833196205756929
P15019,0.9434363789048099,6.306148472764009e-17,1.5374567614583801e-15,14.813197089226746
P41810,0.7429393520015992,6.359830285151655e-17,1.5451040313821074e-15,14.811042274340005
P69441,-1.9159723564707782,6.38154660675262e-17,1.5449590456347953e-15,14.81108302853077
P22803,0.9181350121005813,6.478669706157532e-17,1.5630072838130576e-15,14.806038998108486
P0AA25,-2.093460851448242,6.96118455344749e-17,1.6735847863913339e-15,14.776352280719323
P05319,0.8807662374465508,7.089381876633684e-17,1.698507962415627e-15,14.769932412865154
P40054,0.8296336905769692,7.127912796071187e-17,1.7018506275861001e-15,14.769078560856562
P0CT04,0.7838996657029114,7.135908934137846e-17,1.6979049298958914e-15,14.770086630686595
P33322,0.8561037192188614,7.787840844541063e-17,1.846678424917888e-15,14.733608724723707
P31688,0.9119423855316171,8.04987440264945e-17,1.9022979646397538e-15,14.720721456765718
P0A6B7,-1.9965887758277923,8.235831432517501e-17,1.9396223414541216e-15,14.712282822125928
P17255,0.8886606971825124,8.434050801606534e-17,1.9795717881465642e-15,14.703428744161537
P0AF93,-1.898709291888391,8.513138896258734e-17,1.9913842472194417e-15,14.700844932666591
P54113,0.9048308819104101,8.768061014228258e-17,2.044109577862507e-15,14.689495826841895
P07244,0.8853323128661046,9.884253404311774e-17,2.2965963279011655e-15,14.638915333917486
Q12335,0.9896950754981653,1.0553169258448546e-16,2.443817523260794e-15,14.611931225434203
P39940,0.8698675659927986,1.1452950822356824e-16,2.643341049799955e-15,14.577846799603579
P39926,0.821342479712996,1.171339897473605e-16,2.694470913656891e-15,14.569526500175765
P32905,0.8828295688122871,1.179058357949849e-16,2.7032450564386602e-15,14.568114582553221
Q08245,0.941794232444142,1.2087125229937317e-16,2.762087626801518e-15,14.558762547613759
P54114,0.8580588148857942,1.2187653956447968e-16,2.7758985524488726e-15,14.556596409584877
P38912,0.8560992688403744,1.2460064233752362e-16,2.8286388444098803e-15,14.548422498952519
P25694,0.835228406011634,1.2538948565336549e-16,2.8372444400781133e-15,14.547103246367017
P49095,0.860027719297527,1.3236047308531863e-16,2.9852244809209975e-15,14.52502300551965
P25087,0.8661811872050436,1.3404134187838117e-16,3.0133189972919194e-15,14.52095489042079
P00950,0.9029725224446814,1.396735621013737e-16,3.1297726342715582e-15,14.504487211101418
P23542,0.9235947013030028,1.4201744929402752e-16,3.172028448102731e-15,14.498662926399
P00942,0.9023195960633146,1.5136321534600223e-16,3.3699000098254647e-15,14.47238298513023
P09938,0.8878245973465084,1.515280132968524e-16,3.3627562950878398e-15,14.473304605636201
P17505,0.8818650464428828,1.5381660358072001e-16,3.4026394990188666e-15,14.468184060860198
P10664,0.8979223797145188,1.5597927483712712e-16,3.4394920349435292e-15,14.463505691937328
P36010,0.904545026532098,1.7219424852821328e-16,3.784993577172536e-15,14.421934853125835
P17555,0.8504052136112037,1.8959869126514263e-16,4.154371323796986e-15,14.381494688188782
P15646,0.8522622905886585,1.99872786879297e-16,4.365675635180607e-15,14.359948535022733
P04456,0.7732761639604746,2.2033455150280035e-16,4.797473064796823e-15,14.318987454913064
P32614,0.9070895539357906,2.3372079019977857e-16,5.0729866813268556e-15,14.294736277882446
P53691,0.8428223346064172,2.3694397846474616e-16,5.1268753340309446e-15,14.290147242809395
P28777,0.8658505538409891,2.4548697172935973e-16,5.295176922909928e-15,14.276119524629234
P36114,0.8424395056189162,2.553330615818341e-16,5.49045378382801e-15,14.260391759799791
O13516,0.9153879408226473,2.5989644328855383e-16,5.571278555201073e-15,14.254045126953876
Q08972,0.8089472063168017,2.614365877038756e-16,5.5869967075976386e-15,14.252821584568348
O43137,0.8834043927617898,2.62010604368135e-16,5.582035152753744e-15,14.253207432878039
P32449,0.9021161897360166,2.7541319244077424e-16,5.84957344926356e-15,14.232875801505013
P0A6T9,-2.1973879291062772,2.8417926657805727e-16,6.0173004335977636e-15,14.22059830438064
P05739,0.9295954082686535,3.014813194966943e-16,6.364197122546071e-15,14.19625637712285
P52871,0.9966864098503478,3.3361727271086324e-16,7.021173240881512e-15,14.153590311023057
P38791,0.9142326381269505,3.880218022718375e-16,8.1414029058491e-15,14.089300752141318
P38817,0.7309038555119329,4.038324269241038e-16,8.447539951729591e-15,14.073269745599273
P52910,0.9324492047547039,4.2311375167610687e-16,8.824215712666759e-15,14.054323883877501
P16547,0.9030759584288752,4.476906614943175e-16,9.308739159719683e-15,14.031109138896033
Q03161,0.9213530326604129,4.512718043192373e-16,9.355107703911374e-15,14.028951208169836
P22217,0.9274799473870736,4.776399924130191e-16,9.872177037217147e-15,14.005587065061533
P21576,0.8460612438405093,4.956118803793418e-16,1.0213144820674295e-14,13.990840509825984
P23847,-1.9035170142749607,5.00612873898466e-16,1.0285589136121599e-14,13.987770827815728
P0AF36,-2.125185896938877,5.223778231717849e-16,1.0701017892430292e-14,13.970574909787675
P39958,0.905890692934431,5.231392718330945e-16,1.0685003888414001e-14,13.971225315454387
P08524,0.8736728838539598,5.498880717495477e-16,1.1198308849393731e-14,13.950847558832663
Q12452,0.8301463020329969,5.621960649913057e-16,1.1415382856304401e-14,13.942509518287451
P25373,0.8652890934107731,5.735465140726113e-16,1.1611801355084098e-14,13.935100402320966
P07283,0.8863039481511237,5.894083025899671e-16,1.1898143111174729e-14,13.924520811674316
P13188,0.8355441713346359,5.991847843803945e-16,1.2060335601889102e-14,13.91864060695369
P43616,0.8279189411271943,6.143109415878888e-16,1.2328953505955195e-14,13.909073785194787
P01120,0.9172395572574032,6.382107844702132e-16,1.27715938487623e-14,13.8937549009724
P0CX49,0.9338784426838345,6.771008264973625e-16,1.3510795742558323e-14,13.869319071671905
P0A7U3,-2.0592186261959284,6.999489741170197e-16,1.3926570967776565e-14,13.856155803396293
Q05050,0.8703043211126094,7.425813677731912e-16,1.4732473898170704e-14,13.831724319680665
P32602,0.7394307150820865,7.579200574100925e-16,1.4993824221449946e-14,13.824087584866577
P40043,0.991293227879801,8.337692421867812e-16,1.6447345392881117e-14,13.783904187334436
P26783,0.8068538971862509,8.393806726883192e-16,1.6510999368448644e-14,13.782226639210416
Q03940,0.8094632874930348,8.50651187982362e-16,1.6685294123484062e-14,13.777666133325624
P15454,0.823199564206309,8.863800268301948e-16,1.7336992389187198e-14,13.761026241466013
P48510,0.9166625269456858,9.164564537486425e-16,1.787477319931155e-14,13.747759459955546
P32481,0.8556302146893238,9.814801063926796e-16,1.908923667601942e-14,13.719211437453405
P0AGE9,-1.8986307620574792,9.988800050110612e-16,1.937323572744142e-14,13.712797837142906
P15891,0.8681089390392529,1.0233105680453716e-15,1.9791626740631714e-14,13.703518508196591
P29547,0.8943366376381192,1.0288179718020713e-15,1.9842717651135214e-14,13.70239884729958
Q05933,0.9446574224765172,1.0359578816502465e-15,1.9924923257073073e-14,13.70060334265927
P0CX51,0.9067049621701102,1.0365258566638185e-15,1.9880623356067255e-14,13.701570002440917
P14126,0.9492063117583243,1.0595776203186298e-15,2.0266617246094454e-14,13.69321873448186
P10964,0.7574051676303633,1.0845337693017303e-15,2.068680941775532e-14,13.684306486575148
P04801,0.9147482944869942,1.0893871930045549e-15,2.0722299242756973e-14,13.683562059108132
P20081,0.9263452581177773,1.1311692949588857e-15,2.145812657067212e-14,13.668408197353077
P38707,0.880766930222336,1.1821696922949166e-15,2.2364324998497273e-14,13.650444205197642
P33416,0.7478620980676922,1.1918589819504264e-15,2.2486189621320852e-14,13.64808413134227
P24000,1.0400319216385867,1.1994793394507255e-15,2.256846452814354e-14,13.646497987649695
P06738,0.8794524878765984,1.2012504897849264e-15,2.2540537645720408e-14,13.647035729204516
P36421,0.9012050888109613,1.2503376064808986e-15,2.3398209695334434e-14,13.630817371187387
P05743,0.9818733694718809,1.338337265415063e-15,2.4977485783649317e-14,13.60245127954239
P0A870,-1.9993358104706367,1.4423622423166573e-15,2.684654883279714e-14,13.571111535633188
P54885,0.7259689132795373,1.449327046121582e-15,2.6903861842750228e-14,13.57018537588541
P00445,0.8211851453694763,1.4795460459314515e-15,2.739138187708388e-14,13.562386057324222
P37292,0.7736576807355604,1.530802345392537e-15,2.82647345053278e-14,13.548755089574556
P41057,0.9692906909021808,1.5687659408258111e-15,2.888865791031361e-14,13.539272633845798
P38689,0.8175991198689871,1.6936792278279603e-15,3.110619356360954e-14,13.507153129857578
P34760,0.9061953192048335,1.7465962788951026e-15,3.19932080292849e-14,13.49494221007023
P0A7V3,-2.0799541915394606,1.7758616251369e-15,3.24434456265116e-14,13.488873028162637
Q12443,0.9251084964870664,1.805974281787524e-15,3.290675243972847e-14,13.482714976019185
P48606,0.9340193241202392,1.813690826515982e-15,3.296061754014871e-14,13.482004660088801
P38626,0.8257133007252513,1.8494504566905763e-15,3.352249990085223e-14,13.474663601835847
P39004,0.9600198096138506,1.900346354417397e-15,3.435508657437613e-14,13.464008952705187
P22146,0.9576335524516821,1.914555039010159e-15,3.4521820547151925e-14,13.461906309343451
P25294,0.8744453631040834,1.917116443344152e-15,3.447821884081794e-14,13.462455178102102
P33302,0.8116613814369558,2.01161212046541e-15,3.608394383964378e-14,13.442686001778911
P32381,0.817050092107138,2.0593965571021677e-15,3.684563762629305e-14,13.433613923462413
P22203,0.864350626060503,2.1964414238266506e-15,3.919628973859724e-14,13.40675504069166
P38886,0.8938331489786471,2.4765291934224555e-15,4.408094636312874e-14,13.355749090293457
P25578,0.9571499693795893,2.6576005381919804e-15,4.718263109343916e-14,13.326217844766628
P39935,0.8004721131103665,2.7299829626946496e-15,4.8343739216618296e-14,13.315659761492702
P35197,0.712095820121526,2.7680859221941692e-15,4.889343603385824e-14,13.310749441195801
P10869,0.7830217014101883,2.9820006526649317e-15,5.2537843559928724e-14,13.27952775700186
P0AAV6,-1.9653427530064427,3.034917911541174e-15,5.333444573479971e-14,13.272992213849106
P02994,0.8195205661847105,3.056826483354085e-15,5.358345967276882e-14,13.270969249139794
P38625,0.9136876901514768,3.1027783536678334e-15,5.4251609395949694e-14,13.265587373766756
P80210,0.92883214024544,3.1918826341027157e-15,5.566900594087457e-14,13.25438653364631
P19358,0.8594049115816418,3.4096310334931936e-15,5.931729968820823e-14,13.226818627657199
P32521,0.7943813087451446,3.4317647605652475e-15,5.955272982995934e-14,13.225098326155758
P05755,1.002902770254341,3.5167491502826808e-15,6.08749277913932e-14,13.215561540928325
P33892,0.7724049912443434,3.6291711639337515e-15,6.266429211739974e-14,13.202979861942932
P06101,0.8171322511471466,3.6852231082784505e-15,6.347384279034824e-14,13.197405208128087
P40553,0.945765030247248,3.778771487938175e-15,6.492360740070453e-14,13.18759735713456
P41807,0.8658959546326948,3.929679039056631e-15,6.734925164957454e-14,13.171667225572264
P38910,0.9057416205425852,3.962730590898885e-15,6.774801632440464e-14,13.169103416497501
P50095,0.9405157013580698,4.024352168007292e-15,6.863205520020318e-14,13.16347299588212
P49089,0.9843911807013086,4.153778602632982e-15,7.066526546592327e-14,13.15079400520295
P0CX39,0.8789466449077814,4.286031812258452e-15,7.273648104920962e-14,13.138247713700306
P0C0W1,0.9529767532503257,4.330501575615521e-15,7.331147410650823e-14,13.134828047853267
Q08220,0.8665184849781298,4.3940745589424176e-15,7.42062737710178e-14,13.1295593757324
P0CX33,0.91152319167076,4.48370847335879e-15,7.553576026651158e-14,13.121847395263492
P0C0W9,0.8695544923927834,4.914398638687947e-15,8.259052469484306e-14,13.083069774819915
P46990,0.9056836182352868,4.96299746451497e-15,8.32053134244592e-14,13.079848939127057
P08417,0.6500537823165367,5.013604062745909e-15,8.385071142621418e-14,13.07649324829739
P22515,0.914080763593244,5.285372140876254e-15,8.818293181548719e-14,13.054615466293075
P09064,0.8484118751409433,5.391023666504334e-15,8.972944198768271e-14,13.047065033045005
Q12123,0.8907164958848917,5.589270072066902e-15,9.28060095419454e-14,13.032423900651795
Q08723,0.8922909596216506,5.614011011866818e-15,9.29938092013537e-14,13.031545962405017
P36139,0.8622848403912897,5.779940557423032e-15,9.551386257660398e-14,13.019933591729247
P00498,0.9235784509030367,5.784075998701877e-15,9.535462432145667e-14,13.020658240545687
P32503,0.9360707243373696,5.9321646192552984e-15,9.756367654091137e-14,13.010711842313357
P53912,0.8510512804128325,6.071537238230974e-15,9.961925079978971e-14,13.001656728762446
P22106,-2.0701256297424564,6.239997192081075e-15,1.0214123063349731e-13,12.99079891391618
P32468,0.7906532195354288,6.2478305784573875e-15,1.0202825218216734e-13,12.991279553062814
P53551,0.8028967531212672,6.395229533602974e-15,1.041895748015694e-13,12.982175734324974
P0A7F3,-1.7204492631851096,6.473534984447997e-15,1.0521773763454912e-13,12.977911040529683
P0CX25,1.0330290373711257,6.787302692701504e-15,1.1005921275003562e-13,12.958373598008038
P17967,0.8934282268487337,6.873793562881588e-15,1.112012771714769e-13,12.953890224756304
P38426,0.7949320586647879,7.207862567971062e-15,1.1633389375438611e-13,12.934293735607033
P33767,1.004929132361724,7.227893703159289e-15,1.1638589767598816e-13,12.934099639381472
P07560,0.9035599325161812,7.576451254808621e-15,1.217154257269023e-13,12.914654377533836
P32471,0.8590983876581504,7.796869631387257e-15,1.249664938141791e-13,12.90320641500977
Q12513,0.8708378679483246,7.856495333220054e-15,1.2563134800742645e-13,12.900901980280661
P07991,0.85216732870839,7.866692427219154e-15,1.2550455844715536e-13,12.901340499900133
P35691,0.9652281060457426,8.343527135141655e-15,1.3280593536487543e-13,12.876782515038698
P41056,0.902330075675021,8.438381542676284e-15,1.3400769220525367e-13,12.872870271885835
P36775,0.7907477787802506,9.069887000452144e-15,1.437068594762715e-13,12.842522501444103
P53622,0.7899713768116321,9.648325315692757e-15,1.5252284129191014e-13,12.816665113010847
P39726,0.8479004457115735,9.788275753293458e-15,1.5438273648246903e-13,12.811401265331757
Q3E764,0.9152527627664142,1.0541839074413303e-14,1.658902130709948e-13,12.78017923504037
P38879,0.8587081011419215,1.0556236785030776e-14,1.657400986384424e-13,12.780572407026538
P36015,0.8119715534204062,1.0583628320136251e-14,1.6579421377516606e-13,12.780430630416424
P20435,0.9576399407769571,1.0616459622285847e-14,1.6593310705351515e-13,12.780066954685799
P0ADY7,-1.8134132351366077,1.1405233307986439e-14,1.7785998969481557e-13,12.74992173718332
P00549,0.8773872679294215,1.1920481017575892e-14,1.8547732711392244e-13,12.731709171284097
Q12285,0.8495579749283984,1.2034963580981792e-14,1.8683876196125095e-13,12.728533019114819
P39714,0.9007164851910829,1.2321616305621117e-14,1.9086100961995664e-13,12.719282783164257
P11075,0.704020410361597,1.2817964489322427e-14,1.9810621902693858e-13,12.703101890707348
P38219,0.8662603193537137,1.283659626809147e-14,1.9795232196050188e-13,12.70343939965202
P41811,0.8182871417903002,1.2928882256905662e-14,1.9893240165958845e-13,12.701294474211386
P05748,0.9320861496983994,1.3025016542908721e-14,1.9996721628181815e-13,12.699041199110765
Q12447,0.8718593423076442,1.3220727611389166e-14,2.02522827392165e-13,12.69352601811986
O14455,0.9116137425171722,1.3268142633228219e-14,2.0280048475159423e-13,12.69293101124851
P26785,0.8724010088044238,1.3395134320389059e-14,2.0429055073650626e-13,12.689751720777732
P26786,0.8660239128328833,1.3552703751886902e-14,2.0623938632541738e-13,12.685628392251541
P25719,0.7805652543327177,1.3841610740339557e-14,2.1017393150462958e-13,12.67742115179862
P36105,0.9143738333079163,1.424748556816973e-14,2.1586343561051906e-13,12.665820915134114
P16550,0.8260983717757568,1.4402690816799795e-14,2.1773849610375935e-13,12.662064781030452
P28241,0.8846996244076877,1.4724556046215403e-14,2.2211944676251732e-13,12.653413416904339
P10080,0.8569974432399654,1.6022798949302322e-14,2.4117795635862887e-13,12.617662389190677
P01123,0.8686911838112508,1.60325839163943e-14,2.408017592995968e-13,12.618340344443633
P23301,0.874940795070323,1.6408177008538715e-14,2.4590956192017765e-13,12.60922458387441
P06634,0.8313393867334966,1.748382892911202e-14,2.614644308966989e-13,12.582587383339588
P02406,0.9194478759932316,1.8383200979239312e-14,2.743217318539935e-13,12.561739786086978
Q9NXR8,0.8966477015212639,1.9269904620418425e-14,2.8693509589629497e-13,12.542216328638228
Q04438,1.0020385908328926,1.931993358706347e-14,2.870627041992006e-13,12.54202322830683
P25372,0.8198935949674997,2.056267670948924e-14,3.048736050032195e-13,12.515880173855876
P39003,0.9512018720223843,2.0982367594012832e-14,3.104314385062924e-13,12.508034302625171
P02413,-2.019382680997765,2.127280994548506e-14,3.1405743296916536e-13,12.502990923453057
P14832,0.8675269819906859,2.1300544098577256e-14,3.137978028479764e-13,12.503350101585093
P07262,0.8134319203274138,2.1451478203447185e-14,3.1535039295258667e-13,12.501206623503597
P38130,0.8783622736257861,2.1641202876416875e-14,3.17465442195573e-13,12.498303543066823
P21367,-2.031728958381308,2.1945330635509736e-14,3.212462353494068e-13,12.493161953081843
P07256,0.846231997755968,2.3686818380215576e-14,3.4600744823757947e-13,12.460914552381603
P40961,0.731915291930914,2.4429913693288693e-14,3.561109945522756e-13,12.44841461773357
P05317,0.9088929089887117,2.4780185089901048e-14,3.604579864757875e-13,12.443145347602092
P00890,0.8857898770764443,2.497415127253936e-14,3.625178687862946e-13,12.440670581854292
P08679,0.884126324266397,2.5005523932004955e-14,3.622139073330592e-13,12.441034878809226
Q02046,0.8191574568024826,2.699755504777273e-14,3.9025275814358743e-13,12.408654018842592
P53235,0.8035847957132916,2.706102651311837e-14,3.9035530745173246e-13,12.408539911390031
P25451,0.9110334262824225,2.943334216329985e-14,4.2369326640059906e-13,12.37294843802474
P46680,0.8786651052053003,3.0358734825823125e-14,4.361076347178409e-13,12.360406310284139
P27248,-2.0585761582475506,3.0487014515426676e-14,4.3704366150065073e-13,12.359475174009887
P33399,0.9202875377891289,3.059660250177035e-14,4.3770842091375596e-13,12.358815098072293
P20459,0.8656082585554721,3.0666348772557566e-14,4.3780164721894553e-13,12.358722608741699
P0CX41,0.840483293293218,3.165670429108986e-14,4.510103302705888e-13,12.345813510609549
P21965,0.6881885923050461,3.196312697590173e-14,4.5444084431446314e-13,12.342522641946655
P53849,0.9428080653233621,3.250514984417307e-14,4.612001178710129e-13,12.336110590382708
P43588,0.9226511432786424,3.3540452667242556e-14,4.749163481962934e-13,12.323382880303775
P0AEP3,-1.9316166153742138,3.4392360789319376e-14,4.859851145005047e-13,12.313377032773294
P25623,0.8288106027594715,3.657712587042638e-14,5.15804520421247e-13,12.28751485609998
P29952,0.8377884467280694,3.8252031570097945e-14,5.383273711206466e-13,12.268953538028532
P0A7Z4,-1.7142863075409132,3.8920086259005896e-14,5.466180066072146e-13,12.26231606594496
P04050,0.8522885062671968,3.91578377253448e-14,5.488438631787194e-13,12.260551187433878
P18562,0.6486590281359703,3.9436059057373194e-14,5.516268139661656e-13,12.258354631411144
P06103,0.7667875272409148,4.0272363138779104e-14,5.621891983324727e-13,12.250117503000489
P00931,0.8311190182992334,4.5142597110937317e-14,6.28908133593823e-13,12.201412788556437
P32628,0.8201310661549321,4.733922963578908e-14,6.581863975867543e-13,12.181651097298491
P31787,0.9596260468620521,4.737165508981307e-14,6.573173143123562e-13,12.182224927872868
P0A7R5,-2.007518607208027,4.801829946489435e-14,6.649574109898569e-13,12.177206169380206
P53278,0.8753242369712808,5.0541851946154796e-14,6.985065526450615e-13,12.155829515442077
P00937,0.785462657489532,5.3805425246720694e-14,7.42129012765526e-13,12.129520589785995
P22943,0.9526174364170465,6.08105637560111e-14,8.370821937308566e-13,12.077231896210828
Q05584,0.9863549194530883,6.13057902777354e-14,8.422247854822221e-13,12.074571982056373
Q08971,0.9995875967631669,6.172913990841088e-14,8.46361514308588e-13,12.072444093068126
P10081,0.8464296407706122,6.181021417950371e-14,8.457982667566871e-13,12.072733209161662
P39990,1.0249563088478908,6.376196980183421e-14,8.707847710214991e-13,12.060089174852765
P28707,1.0283723005361196,6.485372360528606e-14,8.839511461476391e-13,12.053571736734431
P38624,0.8390352950887205,6.514050218966546e-14,8.861155936370209e-13,12.052509620771913
P0ACF4,-1.960643624937024,6.692241160450982e-14,9.08570152842404e-13,12.041641534161009
Q04697,0.8229658542945621,7.133893548242238e-14,9.666355954604551e-13,12.014737216410646
P33331,0.8116291575974017,7.164128074965745e-14,9.688363826379457e-13,12.013749560531592
P40413,0.8019543512566223,7.404650140028595e-14,9.994112586658476e-13,12.000255762409031
P41920,0.8756393150435215,7.723368836058218e-14,1.0404008914565583e-12,11.982799284355348
P28495,0.7515819101212458,7.856746815475464e-14,1.0563129116573227e-12,11.976207411654576
Q12306,0.9097269962221155,7.963487757945969e-14,1.0685889386825173e-12,11.971189325655647
P53834,0.7991820456577692,8.229116629215311e-14,1.1020967802840777e-12,11.95778026637552
P60422,-1.8822514032324769,8.589498750348933e-14,1.148140720992587e-12,11.940004879703551
P35176,0.8088109582383609,8.676829799424173e-14,1.1575793743971671e-12,11.936449220024212
Q04304,0.8272225455121287,8.866608283247159e-14,1.18062299525391e-12,11.927888762183242
Q12499,0.8615681461973352,8.905190129543794e-14,1.183484384970465e-12,11.926837467828603
P38787,0.8095418996034809,8.911786587382413e-14,1.1820921519355522e-12,11.927348665995277
P02829,0.9026081702067508,8.928974853358463e-14,1.1821074930144168e-12,11.92734302979961
P04806,0.8305359765238336,8.994463327023697e-14,1.1885050396242763e-12,11.924998972390682
Q12154,0.8134742070235923,9.082903400702706e-14,1.1979052027898198e-12,11.921577548836728
P29704,0.9154584509928689,9.266580263230959e-14,1.2198061167796798e-12,11.913709193181136
P53163,0.8269030165506983,9.387167981724783e-14,1.2333349355875219e-12,11.908918966450207
P11745,0.8186851792521104,9.691752391162574e-14,1.270941165841092e-12,11.89587455325556
P0C0X0,0.9192589297497378,9.966354416265779e-14,1.3044808691535775e-12,11.884562285656868
Q05905,0.91368613473648,1.0182394972314525e-13,1.330243448835958e-12,11.87606887120527
P38143,0.8240687209312725,1.07233045192954e-13,1.3982704424030385e-12,11.854408822664517
Q02725,0.8101567868282444,1.0821306371430319e-13,1.408397092401946e-12,11.851274880190248
P14540,0.8662297636723899,1.1132418434493239e-13,1.4461700795578083e-12,11.839780628016745
P38205,0.8578818549630718,1.1351469214381728e-13,1.4718646599321925e-12,11.832132122163522
P27616,0.8963502574773692,1.1454361883486329e-13,1.4824299379674642e-12,11.82902582293715
P17695,0.8078402943457448,1.1487169809456953e-13,1.4839023089679094e-12,11.828594689402474
P46367,0.8880749344987606,1.219491335969624e-13,1.5723944153172583e-12,11.803438507335544
P40580,0.8964987850049546,1.2379747292759325e-13,1.593259670168505e-12,11.79771343692274
P41805,0.9261927079626631,1.2744557698183866e-13,1.6371673005978683e-12,11.785906938172705
P16603,0.8295012168073512,1.2852363784317474e-13,1.647958645233596e-12,11.783053690923005
Q3E841,0.8393549044684434,1.3104078062764336e-13,1.6771282163878051e-12,11.77543373432823
Q12117,0.8574637539078154,1.3531766549825173e-13,1.728670693560692e-12,11.7622877306073
P38523,0.869018799477324,1.3593005712589406e-13,1.733295977052837e-12,11.761127270970235
P32324,0.7927526545907071,1.386199627776538e-13,1.76434673211852e-12,11.753416062600843
P14065,0.7697258596947876,1.3890033018457828e-13,1.7646713508220551e-12,11.753336164958638
P15288,-2.0102909037043943,1.4041433028321441e-13,1.7806388697453783e-12,11.74942415059838
Q02486,0.9108815921219495,1.4210885631095717e-13,1.7988331281482039e-12,11.745009122861113
P07703,0.8371626316381438,1.4340459072588837e-13,1.8119222375657868e-12,11.741860444915696
P17106,0.8889924390992583,1.4732962666063594e-13,1.858124471763649e-12,11.730925196914244
P10592,0.8868177526979686,1.4816374608163876e-13,1.865246868853212e-12,11.729263680377857
P00899,0.9596876561291019,1.4840400046559625e-13,1.8648807608417214e-12,11.72934893144992
P32495,0.9425978404398414,1.4899146812010277e-13,1.86887124141955e-12,11.728420618935377
Q04344,0.9237395969549027,1.5559880062300233e-13,1.9482207875473206e-12,11.710361827036484
Q02821,0.8613061671982685,1.6649122907089878e-13,2.0808398377019914e-12,11.681761346159872
P40540,1.0085637138600276,1.740706613417581e-13,2.17164911555015e-12,11.663210344594553
P40525,0.7413033957993314,1.8646546711655522e-13,2.322098730782425e-12,11.634119318911639
P40024,0.8003033919429647,1.8887997913784703e-13,2.3479443008087123e-12,11.62931220986835
P64581,-1.744606486403626,1.937180239375294e-13,2.403769888429128e-12,11.619107109451626
P38986,0.8189262151029233,1.9477725107286333e-13,2.412589778941871e-12,11.617516516419997
P04046,0.8519083721742824,1.9539371128613675e-13,2.415903673116448e-12,11.616920385890301
P38999,0.7076869485074404,1.9958246359042504e-13,2.4632958607844975e-12,11.608483422919546
P14906,0.8581868981775891,2.1341719727657045e-13,2.6293606297917684e-12,11.58014984417606
P07170,0.8524451892346789,2.1553321052362833e-13,2.650713942567678e-12,11.576637137550787
P0CX53,0.8697627603951901,2.319282367275819e-13,2.847289204081165e-12,11.545568418572158
P38221,0.7873221093082172,2.3483284160871636e-13,2.8778453014137203e-12,11.540932555273669
P39522,0.8092965266421253,2.350601403430723e-13,2.8755413634901635e-12,11.541280380872262
P38250,0.8552364008499609,2.3885510268337245e-13,2.9168125766837227e-12,11.535091476098394
P40319,0.9896754773713461,2.3961192727770556e-13,2.9209031416740022e-12,11.534482844167822
P38754,1.1597381721927533,2.4173194461755745e-13,2.941567635381314e-12,11.531421161441012
P43621,0.9876266221483547,2.4972806731230035e-13,3.033538838719943e-12,11.51805044036596
P19926,-2.201431614249472,2.5134319697637163e-13,3.0478113762949162e-12,11.51601191422519
P76621,-2.0250470806731364,2.752185224855447e-13,3.331491345611733e-12,11.477361310583733
Q12449,0.863123393630385,2.7642671599110677e-13,3.340276756583636e-12,11.476217548494521
P18899,0.871297162518399,2.7877607801693106e-13,3.362797150155454e-12,11.473299329303014
P32558,0.8157448119332358,2.927647958403041e-13,3.52539729808394e-12,11.452791932674673
P06169,0.7642862037199549,2.972175658048408e-13,3.572802822279023e-12,11.446990951208452
P43593,0.875520473796719,3.111651835559967e-13,3.73398220267196e-12,11.427827756365456
P49090,0.8905239561324265,3.160588761232255e-13,3.78614473750383e-12,11.421802787757922
P40159,0.9064877045124398,3.1718238862067916e-13,3.793041206925013e-12,11.421012439173577
P09734,1.0174691755183254,3.297399491700552e-13,3.93641277250597e-12,11.404899367704509
P25443,0.857327272839342,3.309416892536901e-13,3.9439591332057666e-12,11.40406759381074
P40106,0.8675281656652416,3.3479212407006375e-13,3.982990836874779e-12,11.399790692711761
Q12109,0.8187272466266613,3.431564459638289e-13,4.075497824791683e-12,11.389819334321599
P38555,0.8652141175500461,3.432056917321638e-13,4.069103098550517e-12,11.390501306321612
P0A7W1,-2.0799457763874187,3.434928736099911e-13,4.065546422009536e-12,11.390881075625792
P10622,0.9741813869622291,3.4882822822294156e-13,4.121649577159808e-12,11.384928934724469
P0C2H9,0.907034041498683,3.581831232089561e-13,4.224974352808879e-12,11.374175923037932
P49334,0.8916913106238695,3.5866920137432607e-13,4.223512840673187e-12,11.374326181101312
P0CX82,1.0021045973180485,3.604068734133699e-13,4.236769425321177e-12,11.37296517065454
P38197,0.7344549066774384,3.6121016636458275e-13,4.2390155795057135e-12,11.372734987281525
Q12250,0.774127923431891,3.6976310095449726e-13,4.332046888339998e-12,11.363306851391794
P48015,0.700116261151468,3.712622742070825e-13,4.3422634908949986e-12,11.362283826858167
P27466,0.8798506320402844,3.765426583586518e-13,4.3965958962484065e-12,11.356883449798657
Q99258,0.9202776886189028,4.2166349620055613e-13,4.915148228438806e-12,11.308463380411228
Q03690,0.8712379979484197,4.2273643360663043e-13,4.919373220659343e-12,11.30809022734428
Q04773,0.9215052581649488,4.233651475463162e-13,4.91842329129311e-12,11.308174097565164
P0CS90,0.8771430737160699,4.407797396244313e-13,5.112158990217023e-12,11.291395647905173
P16387,0.8743117426336084,4.408110315530227e-13,5.1039725459416875e-12,11.29209167033276
Q06440,0.8273010107863392,4.723038743014956e-13,5.459485852526804e-12,11.262848255083615
Q06523,0.8648445144347221,4.811540799590843e-13,5.552518082727833e-12,11.255510018422688
P25045,0.8396140837295363,4.832778050442983e-13,5.567746293056109e-12,11.254320562556275
P0A7T3,-1.9850226026333573,4.864402846287462e-13,5.594871313570496e-12,11.25220989813455
P38701,0.9933754752913266,4.93238976284658e-13,5.66365948888055e-12,11.246902865231
Q12460,0.8687544470394641,5.082586553219529e-13,5.826461803723844e-12,11.23459509628565
P00360,0.7294969235479307,5.216788330728958e-13,5.970420231730133e-12,11.223995099708398
P42943,0.8646143935113635,5.352832038979788e-13,6.116008092062055e-12,11.213531948646315
P38264,0.9527569100502298,5.396736058551445e-13,6.156013256904481e-12,11.210700453591329
P40893,0.8820565201436388,5.514092596519369e-13,6.2795357135362025e-12,11.202072465260134
P0AG51,-2.030942301648615,5.850836740687498e-13,6.652084333747165e-12,11.177042253522142
Q00402,0.7743174668207828,6.770951942594372e-13,7.685585450905481e-12,11.114323044440964
P30624,0.858441366290819,6.918639986186887e-13,7.840370419698529e-12,11.105663418510613
P39078,0.8305272089481015,7.174393562539378e-13,8.116911932520041e-12,11.09060916604818
P00925,0.8109768978119227,7.33804759082582e-13,8.28852227061631e-12,11.081522891273977
P13298,0.7670984362440443,7.512118459310476e-13,8.471320555743605e-12,11.072048884194768
P09551,-2.19780717277499,7.534351309724184e-13,8.482576986752886e-12,11.07147219006537
P40056,0.8270014038133588,7.565403956524746e-13,8.503710551132684e-12,11.070391530726672
P40510,0.7620843405090696,7.82007764578944e-13,8.775724087430483e-12,11.056717039625473
P38071,0.8053494275186495,8.081400785453631e-13,9.054307287780087e-12,11.043144770375045
Q12329,0.9127190422430367,8.462530403745862e-13,9.466003314303126e-12,11.023833347809784
P0A972,-2.027062282554482,9.038949109312502e-13,1.0094465102077382e-11,10.995916689040387
Q12265,0.7288078850642599,9.248927942806637e-13,1.031233125217281e-11,10.986643145045635
P07280,0.843680669649757,9.585612532499206e-13,1.067054359727082e-11,10.971813455431992
P33299,0.7787850973741968,9.642750346161775e-13,1.0716918683278353e-11,10.969930064569509
Q04371,0.812401701207687,9.746775013226091e-13,1.081517150506049e-11,10.965966589205859
P46784,0.9322899828036064,1.0732825791470495e-12,1.1890253724822672e-11,10.92480887792002
P23180,0.8483420202970215,1.0871691096157151e-12,1.2024854496771904e-11,10.91992016997545
P39676,0.8433226170692265,1.093706279158427e-12,1.2077866470323682e-11,10.918009776145334
Q03640,0.7999629354105835,1.1136915355850734e-12,1.2278981198074917e-11,10.910837665638615
P07267,0.9065947318220218,1.126299781079633e-12,1.2398250690294718e-11,10.906639586543006
P39015,0.8973761660319859,1.1654054010907862e-12,1.2808360312940642e-11,10.892506463746404
Q07653,0.7894104699821796,1.1765762700472566e-12,1.2910640402230118e-11,10.889052215033596
P25293,0.8764423637606136,1.202648151419029e-12,1.317584778548316e-11,10.880221431013968
P38077,0.7652437853916183,1.2237952572744727e-12,1.3386348122225038e-11,10.873337885025371
P0AA04,-2.101030276770665,1.2552914692108012e-12,1.3709208411381054e-11,10.86298762124945
P54783,0.8307463692594794,1.2992158844957061e-12,1.4166568164170503e-11,10.848735344380358
Q06103,0.8660755616198514,1.3271891708786348e-12,1.4448833048999477e-11,10.840167227014376
Q08977,0.8474784930715629,1.3318785417409656e-12,1.447712248510902e-11,10.839317751193182
P0A8V2,-2.032395389728677,1.3406406258084527e-12,1.454952302993374e-11,10.837151243713341
Q12122,0.8078026650418053,1.4186619615077703e-12,1.5372168108732082e-11,10.813264874773946
Q05016,0.8998976970456418,1.4273304257639152e-12,1.5441931043733356e-11,10.81129839122835
P22256,-2.0564476367858475,1.4368709236475151e-12,1.552089590535943e-11,10.809083213778594
Q06252,0.8699557471656476,1.4376711951602114e-12,1.550535102069985e-11,10.809518397461007
P38011,0.9919427923078494,1.4580560015550774e-12,1.5700746119389355e-11,10.80407970887521
P32462,0.7483994499514282,1.497527464415179e-12,1.6100745595668787e-11,10.793154012130442
P26321,0.8893093481071972,1.5197852772754034e-12,1.6314718232333168e-11,10.787420422409333
P0CX29,0.860372211069599,1.5634674110692806e-12,1.6757659991089318e-11,10.775786625557059
P22259,-1.970533082097969,1.58399393644264e-12,1.695142815444952e-11,10.770793706695798
P28272,0.8300484328522053,1.5957999770249271e-12,1.705141827302561e-11,10.768239492182802
P21264,0.8813114712439862,1.6020289786315683e-12,1.7091600382195654e-11,10.767217269952441
P36016,0.908485595498103,1.6523913456319312e-12,1.760178104177768e-11,10.754443385738037
P27476,0.7133531290992359,1.6611564303562735e-12,1.7667967932084238e-11,10.752813397671034
P38628,0.728319659455849,1.8013734380141317e-12,1.9129922829462955e-11,10.718286781922835
P39743,0.7790096388087413,1.8760540385590438e-12,1.9892493358319784e-11,10.701310778268544
P0A7R1,-2.3302656770742836,1.904556049977944e-12,2.0163831941968323e-11,10.69542693090161
P06168,0.8626524005628191,2.113116645750801e-12,2.23377399315703e-11,10.650960769667165
Q03195,0.7577833383594879,2.286026624894723e-12,2.412873224202906e-11,10.617465495942646
P25738,-2.049227180455162,2.3351071240368056e-12,2.460925681404999e-11,10.608901501552406
P38631,0.6826281711199584,2.3900035527688196e-12,2.514952066773755e-11,10.599470287878049
P29509,0.8308004796634485,2.4795741974736197e-12,2.605246091548914e-11,10.584151246969519
P45523,-2.1628166996615334,2.6620585383624804e-12,2.792741412063911e-11,10.553969275008917
P32368,0.7775521871132298,2.674720530133194e-12,2.8017798715041206e-11,10.552565989088258
P24276,0.7881990344669632,2.8975099062282344e-12,3.0305677629492895e-11,10.518476000799017
P0A7L3,-2.114923401936462,2.939637841951057e-12,3.069992823177846e-11,10.512862639785974
P07273,0.8220064471668458,2.9499306921065088e-12,3.076102426527932e-11,10.51199920770829
P0CX80,1.151162011304237,2.9617754011197656e-12,3.083809455241091e-11,10.510912464309111
P23644,0.9253134600101163,3.1111377092100106e-12,3.23446208687239e-11,10.490197935127485
Q08193,0.8502270390548254,3.1700503711268464e-12,3.290768930986849e-11,10.482702611634673
P47154,0.8640435571151812,3.2639421148486105e-12,3.3831639525766134e-11,10.470676955220007
P38616,0.8434889187789132,3.2867309163567367e-12,3.401692804910918e-11,10.468304908582331
P43582,0.7951483392292538,3.3363798877226048e-12,3.4479245287449726e-11,10.462442248969229
P47089,0.9649704692024734,3.3834140725625984e-12,3.4913202739826274e-11,10.45701030963803
Q12464,0.7027649785204062,3.421727069253053e-12,3.525600926712521e-11,10.452766848342794
Q07451,0.9684850603209156,3.4605056344353714e-12,3.560258694328457e-11,10.448518444319962
P0CX45,0.8702901399767669,3.6147771195927438e-12,3.713459462323465e-11,10.430221312662702
P41895,0.8667695889037894,3.6319594475687085e-12,3.725583291106035e-11,10.428805722841247
P08518,0.7940907119588871,3.701443679901481e-12,3.7912420176979075e-11,10.421218491069252
Q12112,1.028548432112693,3.767183484153174e-12,3.852877170498756e-11,10.414214836049263
P12688,0.8266078845371254,3.770905085409626e-12,3.850995104922751e-11,10.41442703341736
Q08412,0.8285311776490545,4.000004299254786e-12,4.0789440011841144e-11,10.389452256963777
Q96I15,0.7918470835983449,4.243601482844611e-12,4.320984804002366e-11,10.364417261008725
P38720,0.812073357454679,4.2670276242208816e-12,4.33845804259991e-11,10.362664598271055
P05759,0.8459643699955457,4.4198029724906405e-12,4.4872017274963634e-11,10.348024405802517
P29478,1.032313306784964,4.757421394971436e-12,4.822896887083781e-11,10.316692023139124
P07263,0.9000170769824472,4.954769882861305e-12,5.015617934054339e-11,10.299675553407726
P38295,0.8875011741972152,5.139232688853932e-12,5.1947514069525e-11,10.284435230623066
P09372,-1.472550433969598,5.141255916912643e-12,5.1892209866914204e-11,10.28489783416977
Q12008,0.8377182113473616,5.149133122659132e-12,5.189606658121082e-11,10.284865557889724
P35719,0.8163381620008892,5.182208591004195e-12,5.21535062269085e-11,10.282716489081908
P40215,0.6582790967055843,5.5733915222882116e-12,5.600894470293698e-11,10.251742610048789
P47117,0.7903016570603789,5.83851489174939e-12,5.858822769633737e-11,10.232189639274317
P00722,-2.074458567185239,5.868489364332483e-12,5.880379212538077e-11,10.230594666338419
P38708,0.8905685763189055,5.985338706669104e-12,5.988798440025561e-11,10.222660303355552
P39079,0.7906789624631223,6.268305378687795e-12,6.262878274463823e-11,10.203226029180444
P10659,0.8963869724440379,6.455467429432246e-12,6.440584507404736e-11,10.191074716984705
P0AG63,-1.8443469086450506,6.71638780650783e-12,6.691261751404348e-11,10.174491980886213
P20606,0.9130071532314687,6.963853267350311e-12,6.92783333665712e-11,10.159402568715995
P38115,0.8220382860498283,7.118208804698687e-12,7.07123066911531e-11,10.150504995496792
Q04182,0.826853178984237,7.508858946046588e-12,7.448615951637045e-11,10.12792441723934
P00830,0.8597369051835884,7.621555338665305e-12,7.549592155210097e-11,10.122076509235178
P14904,0.8888444228210375,7.750025110020258e-12,7.665881980254324e-11,10.115437871191613
P53900,0.8962159741222244,8.29964925092075e-12,8.197827591066373e-11,10.086301219593055
P09733,0.8332091944118396,8.361922667024185e-12,8.247571587817017e-11,10.083673906148308
P0A7M6,-1.6496025182031886,8.495023925694714e-12,8.366933949005719e-11,10.077433659446887
P52490,0.9873556732871371,8.50821333403266e-12,8.368021182505985e-11,10.077377229118076
P02400,0.8370926646388561,8.610921118334935e-12,8.457023804730652e-11,10.07278244696004
P32529,0.8307625736488902,8.953159686840114e-12,8.780690888340077e-11,10.05647131129332
P02992,0.8309434637921349,8.956010372367369e-12,8.771063057747053e-11,10.056947766709852
P14120,0.8795479319924482,9.269523632736862e-12,9.065279891676558e-11,10.042618782463771
P0CX31,0.8160425226261374,9.330464745598703e-12,9.112008166223614e-11,10.04038589971207
P40093,1.012371830387714,9.464225550755699e-12,9.229619396258093e-11,10.034816207697055
P49573,0.7706207664542504,1.0203165021405425e-11,9.936246780339124e-11,10.002777630733458
P32496,0.7911243588365586,1.0284537710078421e-11,1.0001424031542554e-10,9.999938159498939
P43638,0.8832619376528754,1.0694228061201409e-11,1.0385250364061508e-10,9.983583029179943
P38911,0.8062064830223044,1.0921953481636614e-11,1.0591541443536684e-10,9.975040830099676
P39968,0.8795866045708038,1.1507198957814475e-11,1.11434749068402e-10,9.952979360549866
P32566,0.7441171482032196,1.3063833515495837e-11,1.263323788565547e-10,9.898485325956582
P32610,0.7195710130578448,1.3368264107207835e-11,1.2909603999763883e-10,9.889087079449698
P24783,0.8282777242051402,1.3446040693600314e-11,1.2966627543522085e-10,9.887172963753192
P20449,0.8449890198237284,1.3533623313351837e-11,1.3032935719283466e-10,9.884957746752583
Q12125,0.8806014162267672,1.3793072644347285e-11,1.326433819298064e-10,9.877314413703264
P33195,-2.0705501431531843,1.3904026668142623e-11,1.3352493848851528e-10,9.87443761342701
Q12207,0.800863096169742,1.4245615925621855e-11,1.366158513421132e-10,9.864498907162421
P32319,0.8335355762468417,1.4789524504322776e-11,1.4163577824056834e-10,9.848827026803438
P47176,0.7216980330709397,1.5151001189295705e-11,1.4489714397055727e-10,9.838940174708613
Q12466,0.7890632419222428,1.5337141355828122e-11,1.464749886175916e-10,9.834236527068985
P11484,0.8950308895280799,1.5641896994716584e-11,1.4917974489175982e-10,9.826290139858681
P32835,0.9631026929701534,1.577269958541696e-11,1.5022031902259564e-10,9.823271320044496
Q04491,0.9463844987169807,1.6465237615341945e-11,1.5660069402284014e-10,9.805206317567846
P32775,0.9502463540383665,1.7322011743772743e-11,1.6452346956636826e-10,9.783772140412315
P0A7S3,-1.8577480439061915,1.796329971166116e-11,1.7038066740211216e-10,9.768579684903255
P23776,0.7292407524064579,1.872794826140581e-11,1.7739030610393134e-10,9.75107011686394
P39966,0.9306820112579572,1.9681159786979238e-11,1.8616441306700033e-10,9.730103334556254
Q08985,0.8795196088758388,2.024087348168666e-11,1.9119755523492282e-10,9.718517665170644
Q06336,0.9072165606922766,2.043304413482096e-11,1.927498604761585e-10,9.715005927645132
P21827,0.8236085655396757,2.0671976236515315e-11,1.947384536892953e-10,9.710548282809086
Q12522,0.8955664546690478,2.0753618087762946e-11,1.9524191798868295e-10,9.70942693463665
P07264,0.7547793399959772,2.11459239798578e-11,1.986626562232502e-10,9.701883762081906
P32447,0.823173944477805,2.1537541425332813e-11,2.0206766507995176e-10,9.694503176840273
P0A825,-1.9946614074606153,2.1605455369634158e-11,2.0243054530358174e-10,9.6937239549948
P46969,0.9821752550590226,2.3017706637403242e-11,2.1537108210456764e-10,9.666812609884452
P40582,0.944477632176902,2.317102160459871e-11,2.165130277871005e-10,9.66451596662782
P50085,0.7822391530353663,2.3977499351128375e-11,2.2374690769166153e-10,9.650242958165025
P0ADE8,-2.019121799103761,2.401788891046115e-11,2.238221572221171e-10,9.65009692279881
Q02642,0.8141693103279408,2.486217283099438e-11,2.313786084432864e-10,9.635676795187553
Q12497,0.9132691243997542,2.505722429511152e-11,2.3288083358302304e-10,9.632866253035326
P25343,0.8552767924846201,2.5134305482135418e-11,2.332840900245384e-10,9.632114879080927
Q07551,0.8451107016081281,2.5432939967850993e-11,2.3573986122811283e-10,9.627566976458587
Q12305,0.7819019340924029,2.710660576609591e-11,2.50917297225198e-10,9.60046939914564
P38075,0.9035716450029376,2.8545502742351217e-11,2.6388392655279015e-10,9.578587062307507
P38810,1.0108357545721027,2.9142822849293305e-11,2.690465405446758e-10,9.570172587828663
P19262,0.7893286896418381,2.920004884505273e-11,2.692158964089815e-10,9.569899299875711
Q01532,0.7506785025213603,2.942423605438493e-11,2.709220883518102e-10,9.567155585375687
P0AGG2,1.0203397953080753,3.0217560811973666e-11,2.77857093043965e-10,9.55617851221121
O13547,0.8212079878249092,3.289943397741536e-11,3.0211628761223336e-10,9.519825860527986
P47096,0.778588248283647,3.2986365606705723e-11,3.025133714712986e-10,9.51925542422521
P04076,0.808248526750365,3.3369954066280544e-11,3.056264047022837e-10,9.51480912744871
P53184,0.8675793335006503,3.427520646787042e-11,3.135026810878927e-10,9.503758740713014
P0A7A9,-1.6939593351595228,3.496810148251661e-11,3.194183834629881e-10,9.495640092559517
P23639,0.9005249707306255,3.5077771706281034e-11,3.1999801224544123e-10,9.494852719409836
Q12746,0.8383611217933691,3.5648365974751004e-11,3.247753763278631e-10,9.488416905324694
Q04178,0.7573147370454905,3.59787188305801e-11,3.2735433532580374e-10,9.484981903113434
P40217,0.7173256997199715,3.671754848818116e-11,3.33638196498906e-10,9.476724235075368
P53731,0.8916228813093561,3.784686450440242e-11,3.4344913476865316e-10,9.464137573378894
P0ACA3,-2.0913113840606776,4.1779445518708993e-11,3.786398962978286e-10,9.421773627484937
P0A6X7,-1.9612920813812806,4.2706659983631406e-11,3.86537142126358e-10,9.412808768639556
P32458,0.8266548222294219,4.290604978334073e-11,3.8783484164471433e-10,9.41135317809811
P47119,0.8158910273367042,4.342503809324033e-11,3.9201429433845644e-10,9.406698096655232
Q04636,0.9332873537717283,4.412773329248733e-11,3.9783909546508116e-10,9.400292541195324
P39929,0.9343177929522106,4.5266330840180625e-11,4.075735692294027e-10,9.389793987349634
P11491,0.864353542031985,4.5343786461455736e-11,4.0774074994690846e-10,9.389615882630011
P50861,0.760047125187711,4.775398108452648e-11,4.2885676398088367e-10,9.367687735787081
P05749,0.8959383930644123,4.8513465466111667e-11,4.3511299855875285e-10,9.361397942407086
P32356,0.913933185655047,5.177086699797418e-11,4.637276624760326e-10,9.333736996615803
P25342,0.8536519278050747,5.447797959414227e-11,4.873456469119393e-10,9.312162908804357
P38858,0.724956160617225,5.467177662885485e-11,4.884482340363754e-10,9.31118145623102
Q03973,0.8466508668584609,5.485139144927679e-11,4.894214360757635e-10,9.310317012986802
P32598,0.8471315505659902,5.4919388773310906e-11,4.893974876015505e-10,9.31033826449707
P46683,0.9541028167986063,5.6062206906499826e-11,4.989392295894662e-10,9.30195234788597
P52286,1.0034610452758237,6.151690635389401e-11,5.467818480030323e-10,9.262185911520039
Q12074,0.8696845747257882,6.318311196661544e-11,5.608716246882632e-10,9.251136531024589
P40581,0.9093200988105181,6.510282785698687e-11,5.771728298102139e-10,9.238694121343666
P03841,-2.1287259152273244,6.59811458781121e-11,5.842115780819031e-10,9.23342984029767
P28000,1.0182443167031856,6.7701045104951e-11,5.986743758706011e-10,9.222809329888646
Q12692,0.8718103614863004,7.029824373060086e-11,6.208482647840311e-10,9.207014528356513
P0A9L3,-1.8881802314362055,7.037586665222893e-11,6.207420391083223e-10,9.207088841476978
Q10740,0.838840420647923,7.086417964759148e-11,6.242539184222945e-10,9.204638722915197
P47039,0.8802859622023966,7.595196884454715e-11,6.682229126806155e-10,9.175078636928728
P32379,0.7656248691944576,7.921183563004399e-11,6.96018718150285e-10,9.157379080676694
P34160,0.9382577516119461,7.961956791203747e-11,6.987146872280704e-10,9.1557001276272
P21242,0.9426966723333834,8.081865518181809e-11,7.083397069353272e-10,9.149758412557723
P03965,0.8011806809466968,8.23531519980203e-11,7.208763899295735e-10,9.142139198212346
P22202,0.6279840919015172,8.382520309499643e-11,7.328354876638325e-10,9.134993508058265
P38765,0.7008841257291287,8.628102222584266e-11,7.533540957020612e-10,9.123000846291843
P33338,0.7829889709101323,9.351958996204076e-11,8.155285149838415e-10,9.088560849236053
P0AFG8,-1.8394553013212693,9.46532154853584e-11,8.243759295856874e-10,9.08387469738861
Q08954,0.9378882580184609,9.475630177602016e-11,8.242369767552306e-10,9.083947906141766
Q04894,0.9324130756392428,9.556558176952503e-11,8.302334857869401e-10,9.080799754215496
P32419,0.7741093839087547,9.94868440174239e-11,8.6321667666246e-10,9.063880178018703
P41921,0.8113941233127875,1.0688324844078587e-10,9.26232305637048e-10,9.033280075517437
P05373,0.8537125585778362,1.0852340325351155e-10,9.392700551591425e-10,9.027209523172257
P52489,0.9244526560629645,1.098199687804041e-10,9.493051982965268e-10,9.022594140968643
P12612,0.8265867065745454,1.1364132152659985e-10,9.81112855673538e-10,9.008281033621842
Q04336,0.8683047412000953,1.2098340456050956e-10,1.0431993688380674e-09,8.981632684371192
P08566,0.8237484783786009,1.2144416516730205e-10,1.0458699000228848e-09,8.980522335751965
P40414,0.996720532463975,1.292247599088935e-10,1.1114934628685449e-09,8.954093087214623
P32891,0.8093553337100019,1.3344613506837673e-10,1.1463784605625811e-09,8.940671982543279
P48837,0.8991363306931888,1.3524010984232902e-10,1.160350087420429e-09,8.93541096068986
P28274,0.7952529482696669,1.3534016874026113e-10,1.1597714459870892e-09,8.935627587951055
P32915,0.8887093610014389,1.3907151580421037e-10,1.190273393607358e-09,8.924353274155282
P40471,0.7360975948815813,1.3967277315397066e-10,1.1939435571828305e-09,8.923016203678545
P25043,0.9804745985679517,1.4019774623209974e-10,1.1969533846005654e-09,8.92192276288094
Q06089,0.9653753158924907,1.418691798838822e-10,1.2097317752660102e-09,8.917310911861227
P40046,0.9266137863985584,1.427139830076697e-10,1.2154386449509285e-09,8.915266959347822
P31382,0.8112667353841339,1.533734181456015e-10,1.3046161514006693e-09,8.884517249130436
P32505,0.9203335284642158,1.6941798984914514e-10,1.439325351798136e-09,8.841841025021338
Q05775,0.8788971016467855,1.7292209783131189e-10,1.46729485953922e-09,8.83348260394591
Q08641,0.7495886669949847,1.8152888924222313e-10,1.5384406721091224e-09,8.812919247074914
P17076,0.8920375100561699,1.8369847178094553e-10,1.5549244726299106e-09,8.80829070111732
P32897,0.7497617916336878,1.936826512109891e-10,1.637434282032831e-09,8.785836121274034
P0A7X3,-2.0689693243467566,1.95016853877451e-10,1.6467032881066716e-09,8.783384647306667
P23724,0.924648898605156,1.960073312415398e-10,1.6530508666460677e-09,8.781713782385111
P05318,0.8614486749095747,2.0419722867389195e-10,1.720026291165484e-09,8.764464914708249
Q01939,0.9709388199020168,2.0834066982105096e-10,1.752795623136035e-09,8.756268719912345
P07342,0.8061687989344755,2.1186405584092988e-10,1.780275148838105e-09,8.749512870507203
Q03104,0.7546232915112192,2.136435576731121e-10,1.79305211312561e-09,8.746407087953719
P32377,0.8575334246169426,2.1899392893154873e-10,1.8357311911889145e-09,8.736190912857156
P43535,0.8214462244953147,2.20602458671405e-10,1.8469787470868297e-09,8.733538101893824
P39007,0.774351523785441,2.322625901914005e-10,1.9422538339193926e-09,8.711694012601736
Q12462,0.8204933858655288,2.324075500103056e-10,1.9411216842839035e-09,8.71194723887409
P52643,-1.9291452563612523,2.3265828848856474e-10,1.94087468613834e-09,8.712002504217779
P00045,0.9150802758321994,2.3354633792432515e-10,1.9459384401781318e-09,8.710870902769528
P43585,0.833553312184538,2.3478833548723844e-10,1.9539356188865854e-09,8.709089750147916
P53549,0.8711556370517108,2.3626986416544556e-10,1.9639046092215427e-09,8.706879610589194
Q08925,0.7737348782733768,2.4218754927500816e-10,2.010679365923449e-09,8.696657178887257
Q12458,0.8641748721989799,2.4243675867150925e-10,2.0103378647203954e-09,8.696730947329371
Q99312,0.7012934848589367,2.4804884179470357e-10,2.054414091610679e-09,8.687312014693907
P38996,0.7870329823400795,2.6182468166534044e-10,2.16591887198425e-09,8.664357814612556
P32340,0.774403625916559,2.6868802876071624e-10,2.220042853388066e-09,8.653638642301459
P12695,0.8023792153090135,2.6962497303605504e-10,2.225129098094929e-09,8.65264478694652
P0A858,-1.8563676025541191,2.8109614680140895e-10,2.3170353814916136e-09,8.635067334414924
P39936,0.8259188774344715,2.920439848252996e-10,2.404414448193073e-09,8.618990671008
P14843,0.8215840562906997,2.9322904568450407e-10,2.411303933871148e-09,8.61774804533223
P09457,0.7849671613026175,3.0149679341564295e-10,2.4763508868444984e-09,8.606187817881526
Q06819,0.9543432455178369,3.144511003910377e-10,2.5796912548667595e-09,8.58843226858378
P0A6N4,-2.2601171354011953,3.1571024531305896e-10,2.5869559036066513e-09,8.587210974060234
Q06705,0.8059425021960891,3.1696753149914606e-10,2.5941881656029403e-09,8.585998526201331
P38174,0.7284594399915179,3.170050598744121e-10,2.591432154156351e-09,8.586460156865439
O13563,0.9384654258459442,3.175744820552951e-10,2.593025605838282e-09,8.586193194599964
P25560,0.8625223297436513,3.2031985819246667e-10,2.612361246318774e-09,8.582966767506116
P38755,0.8712849636852873,3.2433600362978253e-10,2.642002928391311e-09,8.578066705349999
P49166,1.2082023426109139,3.316653456605724e-10,2.698532142601414e-09,8.568872404624415
P0A9R4,-1.8813260622201113,3.485905580087364e-10,2.8329119995921252e-09,8.547766916014378
P0C0L2,-1.834813235342942,3.496896458072338e-10,2.8385124356029156e-09,8.546909198778046
P22213,0.7651909967050265,3.56713785070811e-10,2.8921384635015172e-09,8.538780918675172
Q03063,0.9084834078107136,3.7340195974559824e-10,3.023900782781897e-09,8.519432462574677
P01094,0.8758880113167216,3.7406594416624957e-10,3.0257390156625144e-09,8.519168534655767
P39993,0.7149418805900254,3.820073581049656e-10,3.0863698337442027e-09,8.510552034484553
P05745,0.9860934429848953,4.0740260192373064e-10,3.2877105078320643e-09,8.483106430300522
Q07807,0.8120909884194987,4.081340280613538e-10,3.2897788245597367e-09,8.482833299163131
Q05515,0.8206467352495252,4.3327866151261e-10,3.488397037573618e-09,8.457374090994577
Q3E834,0.8343971637933763,4.4097166204711044e-10,3.5462111359049857e-09,8.450235410746178
P35179,0.9298294422871045,4.608997928823545e-10,3.7021695660294927e-09,8.43154369365863
P02309,0.7956551613087193,4.6350614953683164e-10,3.7187909378829923e-09,8.429598236020128
P37685,-1.9971897368179192,4.688387327075629e-10,3.757221510725886e-09,8.425133199919296
P08179,0.5471696001569022,4.931032369100537e-10,3.947106141462673e-09,8.403721194853093
P22214,0.7428114291458954,5.03623606443926e-10,4.026662645517025e-09,8.395054754134211
Q03835,0.899934623686331,5.070785472573315e-10,4.049609989861319e-09,8.39258680083648
P25567,0.7511460988798433,5.133364889417172e-10,4.09486388183462e-09,8.387760530130823
P39704,0.8934952577093149,5.217327396172006e-10,4.157051195753161e-09,8.38121462695008
P13029,-1.8297468692611112,5.253203784083242e-10,4.180825632297974e-09,8.37873794498485
P08997,-2.0884926059359117,5.307858738314038e-10,4.219473467748152e-09,8.374741739635095
P60010,0.5551228543276352,5.484913521790075e-10,4.3552226175314774e-09,8.360989641093859
P15639,-1.7283948435688679,5.532908017645209e-10,4.388299554888366e-09,8.357703734197905
P16451,0.9535299366868379,6.195110944520621e-10,4.907888807764391e-09,8.309105285130318
P42938,0.8383455240401823,6.505923182780987e-10,5.148229956294349e-09,8.288342062676886
Q06287,0.7923627681456651,6.798027733170746e-10,5.37323561923222e-09,8.269764114970338
P47122,0.8106023954692176,6.820926444679612e-10,5.385187537395853e-09,8.268799167939262
P36018,0.799767871712973,6.999275609535119e-10,5.519702086608334e-09,8.258084361697174
P15731,0.9636338722680762,7.179458017016077e-10,5.655354642755326e-09,8.247540155625817
Q06494,1.0106707309476306,7.354695115343862e-10,5.78680783848192e-09,8.237560938938087
P0A8F0,-2.0507159945713234,7.40865380047686e-10,5.822646868842426e-09,8.234879548130614
Q12377,0.8110304880305144,7.784196224495495e-10,6.1108588048080284e-09,8.213897750808265
P38199,0.8833192405912733,7.927043711464376e-10,6.215951376917252e-09,8.206492391378815
Q06151,0.8015174907623752,7.981132310584836e-10,6.251285081277083e-09,8.204030695241748
P48570,0.6797359143446293,7.986553266148668e-10,6.248462690939365e-09,8.20422681897042
Q12515,0.8031059832709353,8.021112501905873e-10,6.268417941670007e-09,8.20284205500659
P53981,0.9255134582906237,8.363277936696535e-10,6.528448301430306e-09,8.18519003070142
P0A6T1,-1.9179570090403892,8.443666415957606e-10,6.583777732442621e-09,8.181524839278634
P06787,0.9166464902295495,8.682399421561158e-10,6.762309740707476e-09,8.169904940698425
P12945,0.7494917534445236,9.163876927120457e-10,7.129290319481129e-09,8.146953699555294
P54861,0.7539284646250586,9.263316777105898e-10,7.198564013993404e-09,8.142754128985018
P15873,0.8186669730351142,9.688773644761809e-10,7.520747613938426e-09,8.123738985409744
P36154,0.8465733907523116,9.6897634384735e-10,7.513093174467023e-09,8.124181225175155
P39727,0.9083823818775869,9.837393244203678e-10,7.619028056249024e-09,8.118100427181458
Q01852,0.7351536984000866,9.83837252540472e-10,7.611272778313103e-09,8.118542713219124
P38013,0.9458922048565199,9.97432066951878e-10,7.707834410239735e-09,8.113067623997335
Q12434,0.8259695667279132,9.984346793819976e-10,7.706980735831608e-09,8.113115726563814
P38737,0.8668648589485528,1.0269276396590158e-09,7.918092402003368e-09,8.101379434454739
P17157,0.9993947001019912,1.2026389789714171e-09,9.26259431634938e-09,8.033267356787347
P08456,0.8845961498428103,1.211263756634503e-09,9.318655834374776e-09,8.030646727754833
P32590,0.7355086138164282,1.2132682367063981e-09,9.323717281859157e-09,8.03041090383336
P32476,0.784701592337818,1.2481641383013877e-09,9.581251101550786e-09,8.018577777870966
P41058,0.9651096525640135,1.2586781151628276e-09,9.651259434537561e-09,8.015416009995016
P23292,0.8390125022887283,1.259356551278279e-09,9.645779602932306e-09,8.015662665524632
Q12164,0.8514424457364953,1.3838670864869457e-09,1.058773006280178e-08,7.9751971396912475
P0AG44,-1.8177360826892546,1.5082603167734928e-09,1.1526704672560336e-08,7.938294833822011
P47160,0.725150755864167,1.6117526071302356e-09,1.230405187626213e-08,7.909951846469262
P25605,0.7173634249672602,1.6351012177057872e-09,1.2468547171139725e-08,7.904184147348647
P25631,0.8445758592587609,1.7013893123105285e-09,1.2959757534035313e-08,7.8874031236672435
P38081,0.7685501768013552,1.7027014000626353e-09,1.2955499443993063e-08,7.887545839985048
P32621,0.6384793096121086,1.7128640532415406e-09,1.3018518885449424e-08,7.885438422562423
P63224,-2.1034733390615123,1.7531439956263283e-09,1.3310053756268306e-08,7.875820190505524
P32911,0.777335404936327,1.7774982449794878e-09,1.3480172889636335e-08,7.870304537731446
P53852,0.8091120576076172,1.8223499201460287e-09,1.3805197863338188e-08,7.859957364443759
P0ABE2,-1.6797459139097022,1.8789778787533103e-09,1.4218626046434885e-08,7.847142367690679
P16965,0.8799944831346558,1.9125793940525745e-09,1.4457095769017494e-08,7.839918942046289
P04825,-1.983895395449533,1.9375969732006082e-09,1.4630230580633601e-08,7.834748829096311
P38144,0.8443941973339548,1.9564404359425676e-09,1.4756420020115838e-08,7.8310189917061095
P39721,0.9629023764636138,1.9874715942394837e-09,1.4974160303062225e-08,7.824657521925042
Q06685,0.8648468968752638,2.0614724496679845e-09,1.5514820914675135e-08,7.809253233049023
P38353,0.9197498970648752,2.065671665504613e-09,1.5529544638386472e-08,7.808841278587951
P20051,0.7514946390876069,2.196611205561195e-09,1.6496026016600558e-08,7.78262066711529
P0AC41,-1.5241549680173279,2.2454701765544864e-09,1.6844675517294977e-08,7.773537350512814
P39931,0.8002203298459101,2.2742161427775346e-09,1.7041853433540745e-08,7.76848317411238
P06785,0.8640354349729371,2.3527357151822795e-09,1.761118063991579e-08,7.754211528290921
P53250,0.7743085227179876,2.3574737793732076e-09,1.7627590117041132e-08,7.753807056413583
P46989,0.8765805438828984,2.4707228206942883e-09,1.8454460421237596e-08,7.733898648355337
P68206,-1.7333207870683616,2.4718410524245958e-09,1.8442917507530067e-08,7.7341703762760305
P47019,0.7997078233124988,2.5276348557258916e-09,1.8838906072170156e-08,7.724944319197779
P53075,0.8116037381451804,2.540102160712597e-09,1.8911470280402175e-08,7.72327470543083
Q08208,0.9866433352078765,2.5764862597998227e-09,1.9161751732388798e-08,7.7175647910333005
Q06625,0.7898117584211093,2.827361168118194e-09,2.100498790563345e-08,7.6776775641863635
Q3E756,1.023490977440371,2.830127469906941e-09,2.1003003860274018e-08,7.677718587806673
Q04767,0.9518062810048384,2.847222325814354e-09,2.1107245593081998e-08,7.675568436601065
P0AET2,-1.8467377178933582,2.9086288944570732e-09,2.1539407984193342e-08,7.666766237562241
Q08962,0.8358240783561754,2.96684024735342e-09,2.1947010547729787e-08,7.6586246276333965
P46654,0.8402057884249032,3.005367546699079e-09,2.220828697261945e-08,7.653484939291708
Q06505,0.772023943554089,3.015681451557899e-09,2.2260744531542527e-08,7.65246031437089
P0AG86,-2.953011764120788,3.2359359442608714e-09,2.386115066886291e-08,7.622308616948656
P51532,-0.13509630523772387,3.3286258105260456e-09,2.451851607668334e-08,7.610505817971314
P17423,0.8957039888620564,3.3746834288913385e-09,2.4831358195157947e-08,7.604999525289152
P02557,0.8678287515901708,3.387744314984174e-09,2.490099961459705e-08,7.603783218430781
P32563,0.8919447462584245,3.4509375268226053e-09,2.533859113013756e-08,7.596217536311971
P38286,0.8984395837640733,3.475978856097928e-09,2.549542118604031e-08,7.593537809063747
P40312,0.9265346899867204,3.60445713494511e-09,2.6409800214137505e-08,7.578234884148086
P38891,0.6946482722472318,3.6553610752369538e-09,2.675446097773855e-08,7.572603794334724
P49167,0.8286068709289509,3.702236677714388e-09,2.706894060875863e-08,7.567528740785584
P00729,1.0398889204252946,3.825567080677419e-09,2.794116715887178e-08,7.553755456487032
P53254,1.0376347129282841,3.8451524239122054e-09,2.8054621057079145e-08,7.551995593078184
P40518,0.7150049787790991,3.904585404374579e-09,2.8458262463041668e-08,7.545791619562662
P25367,0.8735524951119942,3.906001418920103e-09,2.8438647554787377e-08,7.546091061017486
P05756,0.6723658318412973,4.0152393381467625e-09,2.9203274345932965e-08,7.5345684516116265
Q04792,0.7571650427482766,4.201335183501848e-09,3.0524705992200206e-08,7.515348510399624
P23615,0.7522385970657979,4.3884156756658315e-09,3.185051377181364e-08,7.49688355778816
P05738,0.9348995213520084,4.410163526577905e-09,3.1974840060759594e-08,7.495191619199685
P33401,0.675162722881332,4.485596554217722e-09,3.248773069184467e-08,7.488280623602067
P10591,0.7578833456816021,4.52649927480014e-09,3.274971889103048e-08,7.48479242344619
P38687,0.945720124785769,4.572418870577517e-09,3.3047419895489276e-08,7.48086244143982
P38066,0.9675397058992026,4.9198930841891906e-09,3.552173067249839e-08,7.449505882893277
P50109,0.8097688406993058,4.936388333273702e-09,3.5603700853736574e-08,7.448504856610853
P89886,0.7797251896489037,4.996804956612721e-09,3.6001953714450025e-08,7.443673930777655
P14306,0.8970762874202016,5.117526875323457e-09,3.683342628351311e-08,7.433757880742897
P32895,0.7732400603428395,5.495581554553074e-09,3.951340257915419e-08,7.403255570730493
P50107,0.5883301739316806,5.576895760964735e-09,4.005645876443965e-08,7.3973274476296265
P32463,0.7997284096444766,5.74023540149836e-09,4.118693255955922e-08,7.385240551380879
Q3E795,0.6762603274374754,6.036177877391737e-09,4.326552341931717e-08,7.3638580378926415
P09232,0.8803316640886862,6.129693990526099e-09,4.389038385770704e-08,7.357630620873983
P38166,0.8571997691093252,6.142129052045564e-09,4.3933989211119304e-08,7.357199360956883
Q06146,0.7410929103361035,6.389184502861091e-09,4.5653987097843336e-08,7.340521288250642
P40053,0.7625661242170914,6.469948815875346e-09,4.6183428454763805e-08,7.335513830108381
P41911,0.6700656695420513,6.645502099522279e-09,4.738769983222684e-08,7.324334371157428
P25619,0.8996622858913668,6.686758150994125e-09,4.7632832754612474e-08,7.322093589953575
Q46851,-1.8927964073453545,6.783218184238681e-09,4.827030083008081e-08,7.316319994563596
P40509,0.7372608044674749,6.84972623280753e-09,4.8693536381888434e-08,7.312528683548814
P00359,0.8263170417200527,6.933884882702292e-09,4.924125018239043e-08,7.307670929330871
Q05788,0.7747464853444583,7.845383878134243e-09,5.5657211037091696e-08,7.254478559797664
P52553,0.8015809442231898,7.972228782166213e-09,5.6499193539118584e-08,7.247957751189594
P27810,0.8321592759402314,8.099745505148703e-09,5.7344210508844185e-08,7.241510422069291
P40029,0.9210551532769813,8.147645711870443e-09,5.7624411551574e-08,7.239393496503973
P40991,0.7199068125866894,8.193959793468528e-09,5.789283429589397e-08,7.237375187884658
P0AFG3,-1.786451132795996,8.330850982532745e-09,5.8800012439405436e-08,7.230622582046913
P38903,0.8331790880435683,8.483699836884105e-09,5.981785913501583e-08,7.2231691343084945
Q8IWI9,0.47488108108112215,9.007237240952305e-09,6.34446700471554e-08,7.1976048568842925
Q05874,0.8099842489889681,9.014531818721178e-09,6.343152267563561e-08,7.197694863225127
Q9UIA9,-0.1334221257166952,9.639586386794326e-09,6.77609097889989e-08,7.16902077160165
Q01477,0.6858132174747844,1.0100164857375098e-08,7.092651264955901e-08,7.149191393236005
P32939,0.7828073236536603,1.0123100574291378e-08,7.101555053332675e-08,7.148646541825431
P40202,0.7864962227588137,1.017710084049127e-08,7.132211155826069e-08,7.146775807609333
P40693,0.7291817603901052,1.0298640986286786e-08,7.210090009004014e-08,7.142059313620409
P38314,0.6746428676461385,1.0769131410432348e-08,7.53186524099329e-08,7.123097458917794
Q03048,0.8715417422533918,1.087017746616612e-08,7.594864659509003e-08,7.119479960860065
P04911,0.880092416814815,1.094373790654395e-08,7.638552546865959e-08,7.116988929443267
P53066,0.7556493494336181,1.09933919454387e-08,7.665482963768134e-08,7.11546047722295
P0AG48,-1.4135091996143707,1.1212444178290194e-08,7.81035850004842e-08,7.107329031293058
P07274,1.214014384826978,1.2296471212095286e-08,8.556860972115352e-08,7.067685524167495
P17812,-0.14386343564729032,1.2396047753573482e-08,8.617493438327589e-08,7.064619038607477
P20967,0.5896395195511204,1.2534698859878568e-08,8.70514091331988e-08,7.06022419440513
P07275,0.7946513572728051,1.2572699041332628e-08,8.722782380980673e-08,7.059344962319331
P33734,0.7746695407460038,1.2751185514851297e-08,8.83775860909213e-08,7.053657864752789
Q04175,0.6501388907378924,1.2784736854888672e-08,8.852151798324916e-08,7.052951147319382
P47018,0.6402303036588108,1.2950345714758487e-08,8.95786151138739e-08,7.047795656035691
P37903,-1.8708554041101237,1.3066362106081654e-08,9.029090940370198e-08,7.044355972771181
P40495,0.9914151974895411,1.3158168048060737e-08,9.08346516099427e-08,7.041748445177432
Q03102,0.8688131220891009,1.3546063371631503e-08,9.341926572228738e-08,7.029563550600066
P32472,0.6583561790862227,1.3623180772011231e-08,9.385761558746842e-08,7.027530483048717
P32191,0.9054931369042585,1.3633336659051747e-08,9.383421772094861e-08,7.027638762286992
P10614,0.7370812444577375,1.4251569927116047e-08,9.799192668853179e-08,7.00880970327741
P25655,0.7985008241988325,1.4493707282546186e-08,9.955796550034702e-08,7.001923986922833
P40462,0.8744066181947829,1.4555709379762518e-08,9.988476882604132e-08,7.000500731184585
P39713,1.1186142553727514,1.6340252073447723e-08,1.1201970827381389e-07,6.950705562672794
P0A8N3,-1.8694895235641056,1.6719081131950798e-08,1.1450338057134255e-07,6.941181691124909
P38137,0.8160961384215852,1.7173195241625803e-08,1.1749723700891013e-07,6.929972345867925
P0A850,-1.6535789385273674,1.8147443150487013e-08,1.2404037154390136e-07,6.906436941570276
P41818,0.8413686192508543,1.8416181603579673e-08,1.2575309805047897e-07,6.900481306871207
Q92794,1.008628015091304,1.8973393196354334e-08,1.294303196961157e-07,6.88796397610705
Q12314,0.7687793681912041,1.91496478579559e-08,1.3050409622882547e-07,6.88437585658887
P40442,0.8026663975869397,1.9408539273832656e-08,1.3213837358113797e-07,6.878971042987698
P15274,0.7911225963401414,1.9981452425346926e-08,1.3590528152564057e-07,6.866763665468596
P30657,0.8139296482409293,2.2471078608702822e-08,1.5268866367679914e-07,6.8161932058078305
P56508,0.9600857557609217,2.257313595977068e-08,1.5323175822103155e-07,6.814651215181427
Q06449,0.6652335530562787,2.3338041664233573e-08,1.5826895248105117e-07,6.800604272052493
P07172,0.823650655886695,2.3691018926535555e-08,1.605054941754718e-07,6.794510096908635
P53192,0.824649198196969,2.443610052833528e-08,1.6539155430908452e-07,6.7814866713893345
P11717,-0.10245275026630907,2.8616992491278194e-08,1.93500054696885e-07,6.7133189078825275
P00724,0.810741314018955,3.013908308696782e-08,2.0359318175040503e-07,6.691236770430359
P13586,0.9151931290584372,3.288093741563056e-08,2.21898256009577e-07,6.653846111055029
P61175,-2.0016460959556888,3.31367732947608e-08,2.2340702852280796e-07,6.650903167833413
P38777,0.6940741934751706,3.358689398753852e-08,2.262214532779345e-07,6.645466211972765
P29029,1.0182489402182746,3.4503670796490726e-08,2.3217047288134282e-07,6.634193014055239
P36148,0.7923103372696865,3.56918890953116e-08,2.39932660287318e-07,6.61991063066026
P38773,0.8473112752221503,3.6607876337308405e-08,2.4585153807907213e-07,6.609327070362779
P38234,0.9244839450723532,3.91895883436786e-08,2.629347962128204e-07,6.580151936513479
P38758,0.7843147727157174,4.126966568134111e-08,2.76622618758573e-07,6.558112311571556
P32771,0.6529655124269098,4.130143936701622e-08,2.765678589721666e-07,6.558198292347081
P13517,0.6572156083528498,4.1459786191875e-08,2.7735996095897825e-07,6.556956232482686
P27692,0.8430420269851986,4.1989924138118956e-08,2.806353617107487e-07,6.55185760619345
P39517,0.8951871336503032,4.310459508487554e-08,2.878073446168546e-07,6.540898127404724
P21373,0.8681130849107852,4.34490794707904e-08,2.8982796363752667e-07,6.537859714559866
P40188,0.6814762714565745,4.360750976183983e-08,2.906048100009422e-07,6.536697201670553
P39013,0.7393426528190901,4.387328130656235e-08,2.920948074679209e-07,6.534476163355356
Q12114,1.090156428292623,4.423678934672324e-08,2.942320167499632e-07,6.531310071440941
P34227,0.8105902667905767,4.474433100469146e-08,2.973222148526715e-07,6.526772640652114
P23291,0.7601783337138741,4.8893653349014314e-08,3.245826038241372e-07,6.488674760127897
P38328,0.8681792226705127,4.9005101216147446e-08,3.250108436978974e-07,6.488102148930056
P0A9P0,-1.6476277273863253,5.0763693063938734e-08,3.36351972033217e-07,6.473206021703095
P30822,0.7542528873369214,5.1359005058329106e-08,3.3997108128477126e-07,6.468558023465366
P0A8A0,-2.263679254988272,5.137879063540692e-08,3.3977721715335003e-07,6.468805744938127
P38061,0.8356471269259806,5.191967091328887e-08,3.430265280568818e-07,6.464672292367672
P38521,-1.9041162650877261,5.3967653533175644e-08,3.5621738137627085e-07,6.448284893262348
P28007,0.9133084389745996,5.457382892095379e-08,3.598754204273182e-07,6.443847814745587
P15496,0.9474678449386147,5.4786524977120234e-08,3.609342520852336e-07,6.442571902130689
O75369,-0.11052849653363594,5.586057353026179e-08,3.6766027673339606e-07,6.434553290249212
P38288,0.8375687726528476,5.609377818008741e-08,3.688445585174979e-07,6.433156619209142
P32501,0.9591860583616167,5.7040954470334856e-08,3.7471685839904987e-07,6.426296767688208
P0AES9,-1.7455910897448916,5.836039529832195e-08,3.830212104697452e-07,6.4167771755485825
P53173,0.8062010157498456,5.8843258671872644e-08,3.85824548337165e-07,6.413610143544907
P39101,0.7051428197494332,5.900482305359978e-08,3.865178758969961e-07,6.412830415784729
P39111,0.9053023435691436,6.048334386610854e-08,3.958286133543814e-07,6.402492815049373
P0A7K6,-2.0097125634538884,6.108321728728627e-08,3.9937695608797934e-07,6.398616997383571
Q02776,0.9793111621367672,6.37692046928975e-08,4.165452578241719e-07,6.380337805408483
P19073,0.9115834665168379,6.632428655028375e-08,4.328269180717858e-07,6.36368573772008
P36156,0.7651114752806016,6.977241673780897e-08,4.549003893527206e-07,6.342083691453919
Q52MB2,1.136777892077383,7.14694519003743e-08,4.6552632639528844e-07,6.332055753812809
P05744,0.8587441424537445,7.147347810434339e-08,4.651150022504452e-07,6.3324396521257516
P47044,0.762272002059003,7.163775321238881e-08,4.6574629412448843e-07,6.331850592035988
P53200,0.9174728554395131,7.408056601802301e-08,4.811762092953013e-07,6.317695853541654
Q14315,-0.08061755230727741,7.617562227484562e-08,4.943205329250526e-07,6.305991349582026
Q03768,0.7560813229361436,7.63162103339301e-08,4.947691389064906e-07,6.305597397200973
P0C0T4,0.9667649182628502,7.705862681582964e-08,4.991149972617441e-07,6.301799380383999
Q04067,0.8616055720055904,7.911519568928072e-08,5.119566494883922e-07,6.290766811846534
P0AEZ3,5.601609030802159,8.209443500338011e-08,5.307393725148495e-07,6.275118693354836
P43609,0.7630615867015997,8.278717138446505e-08,5.347186330839888e-07,6.271874681984263
P27809,0.8782478494700392,8.345014631355248e-08,5.384984278425325e-07,6.268815560296008
P40151,-2.0609041806475865,8.606743790849065e-08,5.548705214882581e-07,6.255808347261978
P33204,0.9102691254138158,8.913188602496863e-08,5.740922593831468e-07,6.241018308784443
P32469,0.6851279734266598,9.099971601745438e-08,5.85578098238712e-07,6.232415175105316
P0AFF6,-1.5768840494154581,9.372156791410904e-08,6.02533088428311e-07,6.220019098583382
P38682,0.779932519150897,9.387482860945308e-08,6.029585466529249e-07,6.2197125445409895
P14907,0.7960887261988105,9.601684950187376e-08,6.16145195506e-07,6.210316933652683
P46965,0.8302644264215573,9.765534729465355e-08,6.260792821001677e-07,6.203370667431056
P12962,0.5763789659110969,9.844138544103486e-08,6.305348314465545e-07,6.200290917517214
P15700,1.1085078482210307,1.0064922098570678e-07,6.440805971395876e-07,6.191059783722731
Q12178,0.706337143882461,1.0298919103494018e-07,6.584461299408363e-07,6.1814797505829056
Q99383,0.6564474822850634,1.0453476931918287e-07,6.677110173118286e-07,6.175411457796384
P40533,0.8070325655675958,1.0862579107471226e-07,6.932027441486707e-07,6.159139726733847
P36013,1.0182829718903825,1.1026752315033912e-07,7.030316116877975e-07,6.153025146569204
P38759,0.9642157288877371,1.1133372743786272e-07,7.091763834220437e-07,6.14924573545164
P36046,0.8340071897010475,1.1457773594231024e-07,7.291693416034523e-07,6.137171599825557
P25375,0.7898533208787164,1.2444314475738358e-07,7.912252840221523e-07,6.101699843079416
Q03529,0.7255223847541856,1.3470992648589395e-07,8.557170009067245e-07,6.067669839605153
P20485,0.7129285202373339,1.3596708045440638e-07,8.629111503815855e-07,6.064033919099944
Q70YC5,0.8922156975827491,1.3608252605618617e-07,8.628529399386749e-07,6.064063216817166
P33201,0.8947003049020381,1.3771952647074046e-07,8.724336699756697e-07,6.059267581971755
P12270,-0.08591526535523997,1.3881841454209485e-07,8.785911355479568e-07,6.05621318281669
P53044,0.8801121213078353,1.3947706575201962e-07,8.81953610289483e-07,6.054554257640441
P0A8M0,-1.7292067565701998,1.4074789458883313e-07,8.891773924571903e-07,6.051011587871279
P32499,0.9075617508263285,1.6282225947743458e-07,1.0276949176132699e-06,5.988135791237158
Q04493,0.9280085538264871,1.6673836775878093e-07,1.0514539693641158e-06,5.978209735140035
P32864,0.8604375998213811,1.8089076586212723e-07,1.1396612036663958e-06,5.943224235721745
P53112,0.6391580456961918,1.8526032389159544e-07,1.1661295296594607e-06,5.9332532069595265
Q9UHB9,-0.13574987653223758,1.856182686565932e-07,1.167321427954815e-06,5.932809542269689
P38795,0.744139873744686,1.9125816581523577e-07,1.2016983122547118e-06,5.920204548779359
P53183,0.9752942084921479,2.0262724080637947e-07,1.2719773484527394e-06,5.895520622594503
P36081,0.7466935864272415,2.1394592556891642e-07,1.3418130331876607e-06,5.872307994086328
Q93009,-0.09122800081943438,2.1641343965066212e-07,1.3560603222997144e-06,5.867720991103755
P0A6Y1,-2.2409807180206833,2.172477211613736e-07,1.360057162135037e-06,5.866442838189988
P43555,0.711282218269023,2.3521759471374031e-07,1.4712254975591127e-06,5.832320757020884
P47912,0.5816429571128054,2.364295431094465e-07,1.4774712603698624e-06,5.830480958219414
P49954,0.6774024112508386,2.3765298003073774e-07,1.4837774875859586e-06,5.828631222479593
P0A707,-1.8160799849562963,2.4072690829649337e-07,1.5016154171575857e-06,5.823441281441522
A6NHR9,-0.10136744439908085,2.4228365783306516e-07,1.5099658387364025e-06,5.8210328780155045
P18759,0.6890613077304053,2.4616269205532226e-07,1.5327612228336792e-06,5.814525495297356
P38281,0.7511598251182434,2.523980554691622e-07,1.570174425937537e-06,5.804052100447789
P36059,0.9853750477576,2.5545195938977024e-07,1.5877462897798645e-06,5.799218893440101
P10507,0.859756410966753,2.626395678709906e-07,1.6309563838015593e-06,5.787557653017104
P13010,-0.10884224805073828,2.6955890411824425e-07,1.6724245986691066e-06,5.776653453303105
Q15149,-0.10136032502811432,2.7046190897710056e-07,1.6765248502752411e-06,5.775590004861212
P33232,1.071437477940556,2.784974661447928e-07,1.7247911051758009e-06,5.7632634961634785
P0ADG7,-1.8812351030999004,3.110385229166228e-07,1.9246029782615695e-06,5.715658846484559
P00560,0.8291026326267144,3.1531273899680093e-07,1.949308397155223e-06,5.710119446368604
P25654,1.0213183863717283,3.1699049052061245e-07,1.957932342876646e-06,5.708202319490491
Q03862,0.7672172687857639,3.1781035832629857e-07,1.961246810206142e-06,5.7074677497458595
P53295,0.9992817188821768,3.272220131389433e-07,2.0175291353286226e-06,5.695180184873013
P08067,0.9562689898234176,3.3278221538090726e-07,2.049985817880251e-06,5.6882491434504185
P0AFG0,-1.9308752420283781,3.50314941050484e-07,2.1560716905187124e-06,5.666336802725071
P53199,0.9980897588272271,3.5460086886054284e-07,2.1805119147339243e-06,5.661441535916003
Q99615,-0.10761201622443295,3.729226742517752e-07,2.29114161181836e-06,5.639948066929939
O75534,-0.08856495175913182,3.7507413647440564e-07,2.3023167738907662e-06,5.637834922370846
Q06205,0.8610707859632853,3.843438300567203e-07,2.3571272624559183e-06,5.627616969070788
P22336,0.6409972907183956,3.8683043635998146e-07,2.3702778242093023e-06,5.625200746627226
Q96RP9,-0.09643592068566775,3.8830699347126776e-07,2.377221593983252e-06,5.623930333392301
P38230,0.627415815668158,3.909244752598882e-07,2.3911316843634856e-06,5.621396505767283
P38355,0.9444625643104558,4.2724360970416705e-07,2.6109750693659777e-06,5.583197274974634
A5YKK6,-0.12557382439270626,4.822057811503046e-07,2.94426175369022e-06,5.531023582537675
P21333,-0.0807935648010023,4.835284465308247e-07,2.9497365319642555e-06,5.530216773114718
P32366,0.6410611383345177,4.857156441133003e-07,2.9604710561976152e-06,5.528639180552293
Q96G03,-0.11066624886075616,4.930083591391598e-07,3.002277817660108e-06,5.5225491225210765
P46971,0.8049931045275969,5.097772624684471e-07,3.1016676321015184e-06,5.508404742072985
P63020,-2.0775157910132016,5.274354622340337e-07,3.206288973229543e-06,5.493997338555987
P40010,0.8620431041889169,5.304697101816415e-07,3.221905502892707e-06,5.491887201400998
P28625,0.7370401286753889,5.444171220625267e-07,3.30371967849337e-06,5.480996809792414
P31109,1.0032905691936946,5.623234609086726e-07,3.409393733215104e-06,5.467322841455605
P0A9J8,-2.013382525881717,5.667057994435544e-07,3.4329579661830012e-06,5.464331514129314
P28838,-0.11367601630910684,5.691504142613908e-07,3.4447530317708656e-06,5.4628419089621225
Q03655,0.6595828817328524,6.081744327698152e-07,3.677729058950393e-06,5.434420268718662
P0A9Q1,-1.1799687703098236,6.24910694730518e-07,3.7756384383194646e-06,5.423009601175066
P42940,0.5868722926615533,6.303086682223912e-07,3.804932187246588e-06,5.4196530789635915
P54886,-0.11265380856504592,6.467550218344961e-07,3.9008116473711245e-06,5.408845019306827
O75153,-0.13264508398798114,6.500380674746972e-07,3.917200678150395e-06,5.407024178980374
Q03532,0.8746120579250736,6.575251301927556e-07,3.958873044743165e-06,5.402428425212066
P43321,0.8553590574755532,6.822846636259684e-07,4.104377941743011e-06,5.3867526550950435
P53108,0.9308755088905478,6.847470918834263e-07,4.1156153335076765e-06,5.385565223399842
P22141,0.752773049976792,6.858845193137772e-07,4.118876332808841e-06,5.385221247321315
P0AC59,-1.4635211884549193,7.095382671024269e-07,4.257229602614561e-06,5.370872926647024
P00961,-2.2225889394453446,7.184598273642462e-07,4.307026705342027e-06,5.365822435424137
P40011,3.1190502688580146,7.275001268727835e-07,4.357448856805496e-06,5.360767701484178
Q01080,0.5988929843062358,7.51410917246082e-07,4.496775445991247e-06,5.347098799112473
P17174,-0.12046105916256167,7.561349435777376e-07,4.521138470925954e-06,5.3447521914310645
P0A9M8,-2.005444199872052,7.799409640845827e-07,4.659457493806429e-06,5.331664645791065
P36160,0.658572658439553,7.970624577752972e-07,4.7576383255484115e-06,5.322608575999626
P20107,0.8638229678473657,8.151106257007565e-07,4.861176548106837e-06,5.313258605941246
P33754,0.691008239244848,8.280195666584899e-07,4.933913493582947e-06,5.306808469274521
P37330,-1.699035476167296,8.621314605478092e-07,5.132758583691342e-06,5.289649162046724
Q12044,0.8815950495012821,9.31621490590373e-07,5.541707217223147e-06,5.256356422852463
O95347,-0.1120840366480742,9.59409103022522e-07,5.7021018277493065e-06,5.243965031355784
P29012,-2.3907658314933222,1.0513926062682105e-06,6.243432595026664e-06,5.204576572625313
P40165,0.7556092725622747,1.05435333613148e-06,6.255649099720967e-06,5.203727620294908
P11938,0.6748163881304876,1.059024393269997e-06,6.2779836464053595e-06,5.20217981993339
P0ABP8,-1.07467134376963,1.0863535446080508e-06,6.434484125633998e-06,5.191486266222119
P14747,0.9183612415916151,1.1129370440724263e-06,6.586304353126051e-06,5.181358204412275
P32843,0.93513025450698,1.1323668683823552e-06,6.695566350708307e-06,5.174212681895491
O60264,-0.11332883414264927,1.2026780202992881e-06,7.105241136989992e-06,5.148421178442064
Q9BY44,-0.12164373176418408,1.2064779025446982e-06,7.121613808371262e-06,5.147421580990441
P53925,0.9133902961622589,1.230188973935311e-06,7.255390507264133e-06,5.139339207542467
Q12016,0.9552035183460603,1.2646402448583834e-06,7.4522289833186786e-06,5.1277138090812295
P46985,0.9131590201978099,1.2658796681772046e-06,7.453189474880072e-06,5.127657838001078
P40030,0.9282806712341447,1.2791859960037426e-06,7.525134950152857e-06,5.123485707351236
Q9NVE7,-0.3452590292904141,1.2866624390053381e-06,7.562691619416776e-06,5.121323608279833
P0ADZ4,-1.943161671383919,1.353709126631513e-06,7.950027135535704e-06,5.099631388979591
P35191,0.8647485900549547,1.3718172497007613e-06,8.049544607566162e-06,5.094228688578147
Q07505,0.9341633438533385,1.4007999824690412e-06,8.212649516185978e-06,5.085516710769948
P16930,-0.09808926205145241,1.4108855631870123e-06,8.2647814209026e-06,5.0827686277490525
Q12532,0.6221013112124645,1.428807239077488e-06,8.362689199807715e-06,5.077654043513752
Q01560,1.087005074433133,1.4303989447498572e-06,8.364934369466225e-06,5.077537462124238
P20447,0.7820263569647992,1.4539327102493009e-06,8.49538403862123e-06,5.070816983824464
Q8N163,-0.09013764472430097,1.4569784317038274e-06,8.506002243775128e-06,5.070274507060624
P53914,0.7016544343684998,1.4803919477209726e-06,8.635411833209783e-06,5.063716945574756
P40040,0.8076873498535271,1.4893404870926441e-06,8.68029758638844e-06,5.061465385663255
P06367,0.6303431162687332,1.5106976557072995e-06,8.797368013555376e-06,5.055647240140918
P32597,0.7653330747149276,1.5175057170056683e-06,8.829587886174157e-06,5.054059566290751
Q02455,0.7419618770885208,1.525346261291963e-06,8.86775609839257e-06,5.052186260367982
P40098,0.870389217413976,1.588171076656768e-06,9.225248770781428e-06,5.035021913697801
P39325,-2.156909554678105,1.614619116239208e-06,9.371016563990174e-06,5.028213294471417
O95801,-0.14844150859647343,1.6407533827516546e-06,9.514720621584971e-06,5.021603959272423
P14625,-0.06401652357368448,1.7331544161899397e-06,1.0042143244936522e-05,4.998173587976431
Q01855,0.9185040513259359,1.7508874458498677e-06,1.013640859119104e-05,4.994115891679947
P25574,0.6628994595070523,1.7537767180449108e-06,1.0144653296360036e-05,4.9937627908238955
P25685,-0.13583369658367417,1.780492414859773e-06,1.0290592220775515e-05,4.9875596309893755
P05042,-2.2490275748093467,1.8222339596034715e-06,1.0523059162881097e-05,4.977857987898618
P32453,0.9623043637882844,1.8433083296620986e-06,1.0635889062150308e-05,4.973226201233967
P39109,0.6902098007305248,1.8458540031017203e-06,1.0641709506641392e-05,4.972988600455892
Q99567,-0.14377301392891084,1.9383038976410343e-06,1.1165404481918903e-05,4.952125539401004
P19524,0.6333887336344759,1.9400023346924065e-06,1.1165898724364274e-05,4.952106315555016
Q03362,0.8686079612222528,1.9710231160238087e-06,1.1335019979525623e-05,4.945577710033266
P38688,0.5078917383465118,1.9954698500583253e-06,1.1466085677845513e-05,4.9405848173776254
P00546,0.7311830180617207,2.0557947919839644e-06,1.1802921343032314e-05,4.928010487089232
Q2V2P7,0.7590927480364051,2.0647547628213917e-06,1.184454182085776e-05,4.926481734309877
Q6PI48,-0.18503248689253837,2.1496539772435823e-06,1.2321361041750468e-05,4.909341316500001
Q04432,0.7733016573408733,2.1996897923766905e-06,1.25977271484005e-05,4.899707802179772
P52917,0.8580701295841848,2.206641120595815e-06,1.2627093486781343e-05,4.89869660414917
Q03921,0.6329725929364045,2.3360903467841855e-06,1.3356803931572008e-05,4.874297449116164
P0A7J3,-1.6713142765728435,2.3882498917086567e-06,1.3643764232830642e-05,4.865065793901502
Q14204,-0.07796517563306793,2.419090211354974e-06,1.3808557809910833e-05,4.859851677533188
Q12502,0.9499522881739857,2.4237442919311467e-06,1.382372774080005e-05,4.859374828238486
P0AEU7,-1.9135810873199084,2.4331217068926938e-06,1.3865789875329228e-05,4.85805538546398
P53885,0.6299110796265595,2.4353483317189077e-06,1.3867065665149438e-05,4.8580154279140935
P40579,-2.484477851720186,2.5091127557987233e-06,1.4275346525185175e-05,4.845413340724904
Q9NU22,-0.16092283306734956,2.648760533455577e-06,1.5057485988215447e-05,4.822247532291105
Q01970,-0.3077781804630746,2.8267225558883366e-06,1.6055969628360003e-05,4.794363462035776
Q9BUQ8,-0.07864739371167673,2.8930227217099252e-06,1.6419089610753706e-05,4.784650926874744
Q03769,0.9789565745426287,2.9153813592106693e-06,1.6532432867464926e-05,4.781663232141218
Q03579,1.2457286366594005,3.0225881345110027e-06,1.7126350444643358e-05,4.766335173556227
P29401,-0.1073102803489121,3.0387942981472184e-06,1.720409789073699e-05,4.764368094989955
Q13823,-0.10675870988398017,3.069214994448088e-06,1.7362127958789673e-05,4.760397047355167
P40032,0.8706998339828473,3.0728781773192867e-06,1.7368659999803054e-05,4.76023368628173
O15294,-0.10524297020569406,3.0808040809858665e-06,1.7399255674344323e-05,4.7594693300759765
P53334,0.8588147183120256,3.1061697927303712e-06,1.7528214869490702e-05,4.756262311619066
P87108,0.7737585145261257,3.1124675768213814e-06,1.7549450734455413e-05,4.755736471604314
Q05086,-0.16182082010872634,3.121067226378721e-06,1.7583620403129587e-05,4.754891700409986
P11632,0.6333817319003039,3.1214796799408615e-06,1.757164658854514e-05,4.75518754010898
P38998,0.6951096853525023,3.2463435679189235e-06,1.8259693634663385e-05,4.738506513433228
Q9P2X0,-0.5165401374674516,3.2630188244744143e-06,1.833858956222471e-05,4.736634069369268
P38432,-0.1601719171322742,3.2982360063720787e-06,1.8521481028483594e-05,4.732324288886203
P40008,0.7929567946609133,3.311358523159826e-06,1.858010244275416e-05,4.730951895821376
O75955,-0.1330974594413057,3.3668850327110226e-06,1.8876365964770136e-05,4.72408161138103
P36006,0.9693328360739031,3.379279697238141e-06,1.8930528012683567e-05,4.722837272470604
P0A9D8,-1.8027627930404115,3.4635260298112266e-06,1.938678595829663e-05,4.712494184540419
P26640,-0.08141957876964767,3.6021798528561904e-06,2.0146602020336238e-05,4.695798192612716
P07702,0.7574132217241676,3.678902750093787e-06,2.0559098177279563e-05,4.686995939541597
O00425,-0.11249942349448716,3.849203187303815e-06,2.1493453926525493e-05,4.6676937892223656
P0ACJ8,-1.753414750891757,3.900942544565732e-06,2.176480755727085e-05,4.662245168487508
A0MZ66,-0.2394322521150265,3.963094171099878e-06,2.2093771369320093e-05,4.655730144468769
P53073,1.0210730466812947,4.049665840750887e-06,2.2558235141881853e-05,4.6466948806693615
Q8NF50,-0.16830986455321195,4.058219181808045e-06,2.2587708693600406e-05,4.646127821855013
P49435,0.8194671561746496,4.089401925414772e-06,2.2742987093632035e-05,4.643152495097516
P00447,0.9064466453429887,4.117064151965375e-06,2.287845279952509e-05,4.6405733489064955
P49626,1.0384889470144856,4.2090338446406155e-06,2.3370770120522554e-05,4.631326976371886
Q14320,-0.15588994888806695,4.304278402582703e-06,2.3880467675867496e-05,4.62195717222191
P34110,0.7920388779752301,4.351150852829259e-06,2.412119175739775e-05,4.617601238784146
P39265,-1.8377927859511267,4.38302993240152e-06,2.4278479401558497e-05,4.614778517275217
Q06489,0.9034648067925062,4.4117070651267e-06,2.4417793540317563e-05,4.61229358267445
P53337,1.0341604287418065,4.4795125129994935e-06,2.4773278466460457e-05,4.606016515591175
P40513,1.0928283246957697,4.481326008775415e-06,2.4763528559266535e-05,4.606187472550346
Q9UPT8,-0.1809866637012263,4.500974295304967e-06,2.4852269553980535e-05,4.604633944565946
Q03010,0.9341953534011438,4.579147081938715e-06,2.5263756490313678e-05,4.597502073348397
P25340,0.6462911294789961,4.589450753236372e-06,2.530044348360561e-05,4.59687186614455
P32623,0.9238552769319277,4.63564164953524e-06,2.553475161605569e-05,4.59286836229644
P40150,0.8600952641067643,4.749003274493887e-06,2.6138393221459198e-05,4.582721112872594
P43590,0.7424336673254146,4.756222884110262e-06,2.6157336973454695e-05,4.582406472756188
P40363,1.138205699466333,4.996923389194337e-06,2.7459283767286977e-05,4.561310794847687
Q08686,0.8386350786996104,5.1586235768806585e-06,2.8325384334910134e-05,4.547824188670275
P46956,0.751064453338941,5.186236710641437e-06,2.8454439765833052e-05,4.545849960714678
P53145,0.7688032709980668,5.32944834451627e-06,2.921702322836948e-05,4.534364034169994
P07143,1.056675880696833,5.399755966116994e-06,2.9579042966292775e-05,4.5290158817651545
Q99216,0.47802174059594904,5.551400317766953e-06,3.0385688379619276e-05,4.517330920380227
P61517,-1.268584892871754,5.612534695009743e-06,3.0696042834318685e-05,4.512917607779793
Q96AG4,-0.16063580996143756,5.713018410015854e-06,3.122094670161782e-05,4.505553932117451
P40327,0.660227518590446,5.849831764734701e-06,3.194340310648507e-05,4.495618817952141
P25296,0.5690416174086828,5.909841816932688e-06,3.2245661733996795e-05,4.491528706198357
P20434,0.9733352239116364,5.913966647685444e-06,3.224275989651497e-05,4.491567790796018
P38109,1.0174321115997067,5.914103115708525e-06,3.221813530540191e-05,4.491899598926397
Q14203,-0.11724675788367733,5.983775562691167e-06,3.2572061317667956e-05,4.487154756308902
P56628,1.0288168383063656,6.011521553940656e-06,3.269738824782805e-05,4.485486935867417
Q12189,0.7687525643399482,6.037435272346594e-06,3.281256030276909e-05,4.483959881104877
Q8TGU7,0.9118167903360934,6.077227263634702e-06,3.3002918881103273e-05,4.481447648064622
P30740,-0.14102034822396092,6.155824230948718e-06,3.340354778611985e-05,4.4762074043827855
Q08732,1.0766273309831007,6.259833076117797e-06,3.3941334548973864e-05,4.4692710855345315
P51659,-0.09325956889733078,6.315400279718117e-06,3.421583062344933e-05,4.465772912607552
P40548,1.0847785150235154,6.3868955917980655e-06,3.45761259402735e-05,4.461223668581316
P43613,0.819389072911374,6.428946499505685e-06,3.4776582470763564e-05,4.458713098785703
P00358,0.6186128253509224,6.484991117439523e-06,3.505236416639443e-05,4.455282684978539
P31384,0.6642172376674722,6.498520041971397e-06,3.509809108471915e-05,4.454716503303896
P39744,0.8286307617382853,6.656403241072613e-06,3.592278724956101e-05,4.444629973782519
Q9Y376,-0.10957103281999636,6.692652340286545e-06,3.609028411537698e-05,4.442609699008524
Q13283,-0.10042854372325749,6.830327597125305e-06,3.680403757392654e-05,4.4341045345903485
Q8WXX5,-0.1109308165043359,7.211967486911734e-06,3.8830219968411235e-05,4.41083014922226
P14743,0.863400249478623,7.24133731277989e-06,3.8958057151272696e-05,4.409402709635326
P38429,0.9742911345506187,7.286469240973215e-06,3.9170429366846696e-05,4.407041667905026
Q04439,0.6623828959044609,7.474016911495924e-06,4.0147473308919923e-05,4.396341781954992
P16157,-0.12206937440490861,7.476353612920106e-06,4.0128893345626985e-05,4.396542816855112
P38804,1.0878341460481629,7.62900986529987e-06,4.0916548650144304e-05,4.388101006568201
P0CX27,0.7169275210663777,7.934050515291266e-06,4.251963294727301e-05,4.371410493200057
P06115,0.860837222999379,8.206473869427312e-06,4.3945572368070156e-05,4.357084874696699
P0A6A3,-2.3730650614497364,8.330820427444836e-06,4.457697112799694e-05,4.350889443865782
Q12514,0.9455428194461,8.372327176814802e-06,4.4764473646537214e-05,4.349066517699571
P53897,0.8186763799344874,8.414739580554535e-06,4.495652535166636e-05,4.34720726236141
P23585,0.6705596945443837,8.511647311615317e-06,4.54392027645524e-05,4.342569296971179
P40227,-0.12279256233714975,8.721783023556893e-06,4.652513532750996e-05,4.33231235496441
O75122,-0.14404885417253155,8.970234518798543e-06,4.781362879766059e-05,4.32044829443442
Q7Z6Z7,-0.09783262868038634,8.982600502990676e-06,4.784271221746726e-05,4.320184208039476
Q96QK1,-0.11289465385466713,9.059451970638684e-06,4.821494653705015e-05,4.316818310467973
P15640,-1.6823325551727777,9.181987530271438e-06,4.8829555806143964e-05,4.311317226398203
P08312,-1.8718627498489937,9.245439717375757e-06,4.9129259096784145e-05,4.308659785277035
Q03219,0.8797361088932547,9.321282250664983e-06,4.94942931776107e-05,4.305444873477599
Q86UX7,-0.09520762580975628,9.425842879729127e-06,5.001113877336741e-05,4.300933256282989
Q9UKK6,0.9588501803062499,9.631027174675155e-06,5.106066780815526e-05,4.291913509478885
P47032,0.8579526056073377,9.758485882750713e-06,5.169682957319505e-05,4.286536090195932
Q07648,0.9683705265286271,9.824566701351432e-06,5.200710996953923e-05,4.283937279260249
P47124,0.8799903843302062,9.82886500224373e-06,5.19901155657262e-05,4.2840792171980535
Q86VP6,-0.13089929123893995,9.948639758013794e-06,5.258349746907444e-05,4.279150531181265
Q07623,1.017840923591148,1.0055179703459249e-05,5.3106074955569674e-05,4.274855795890781
Q9BXJ9,-0.06955462024508208,1.0416232311400123e-05,5.49710308872976e-05,4.259866118510588
P53738,0.8029806931895109,1.0526048755412495e-05,5.550827234004274e-05,4.255642289599547
P48231,0.7779410252617538,1.067416592539966e-05,5.624651816397812e-05,4.249904356576127
Q12769,-0.19439988730448832,1.067656720234119e-05,5.62163888281448e-05,4.250137055604791
O95747,-0.11550249288407599,1.0694303411698418e-05,5.626698846702116e-05,4.249746328619862
Q12012,0.5151150031109459,1.0705237996454948e-05,5.628175238227339e-05,4.249632388882931
P32832,0.9548646268809762,1.0821996893720216e-05,5.68524328468276e-05,4.245250946115285
Q16222,-0.10706510603795039,1.1013176459204698e-05,5.781291418008592e-05,4.237975138557212
Q99287,0.5604225047491305,1.1027237720542152e-05,5.7842874225025656e-05,4.237750134989897
Q9GZT8,-0.32650168003098656,1.1212451657601847e-05,5.876988287451567e-05,4.230845174812268
P0AG59,-2.828032393966218,1.1289295112582536e-05,5.912789664109038e-05,4.228207569900189
P38074,1.08598687165712,1.1351438772321333e-05,5.9408436930878994e-05,4.2261518740031185
P40357,1.423276845803425,1.1611816545871392e-05,6.0725240002729244e-05,4.216630760069065
O75131,-0.13362909093505237,1.161597996076503e-05,6.070116622516005e-05,4.2168029649332075
Q00839,-0.1264877285297814,1.1691545475459496e-05,6.104997049176588e-05,4.214314541633371
Q9Y230,-0.08776514675702884,1.1905143965344053e-05,6.211847537003936e-05,4.206779212095194
P49773,-0.13932863148752261,1.2442255192425678e-05,6.487211969303871e-05,4.18794191128898
P0A6L2,-2.080940356058278,1.2460404908362225e-05,6.49178657528217e-05,4.187635766526161
Q9UBX3,-0.14330672536218714,1.2486319573063618e-05,6.50039674615733e-05,4.187060135755836
P33775,0.4376650020105153,1.2606771841826629e-05,6.558173420947225e-05,4.183217103256069
Q9P2I0,-0.18003341958972996,1.3116537017449131e-05,6.818235909070404e-05,4.166327976378608
Q02795,0.4307826637263332,1.317952558042936e-05,6.84583909369039e-05,4.164573312844009
P22059,-0.1515946888179478,1.3213854398045981e-05,6.858525326242157e-05,4.163769253319856
P76402,-1.4888227047273652,1.3234552273708294e-05,6.864122842183988e-05,4.163414952839236
P38809,0.7440754688968418,1.3326305555847562e-05,6.906537400350937e-05,4.160739632049891
P35180,0.8269677585331792,1.3375725574054855e-05,6.926965136481363e-05,4.1594569981682525
P40019,0.7713461827521755,1.341486850149522e-05,6.942044058621294e-05,4.158512634347207
P0AEH5,-1.9920356772512413,1.358496667462251e-05,7.024817718826457e-05,4.15336494042429
Q05015,0.7859690431495068,1.4165555926849128e-05,7.319575316231595e-05,4.135514116095656
P26646,0.7775416858533255,1.421980872334543e-05,7.342129425834732e-05,4.134177964093757
P50453,-0.13783947847883482,1.4243315363421869e-05,7.348786555613489e-05,4.133784366454267
P54000,0.681258165529016,1.452359027359518e-05,7.487813779178929e-05,4.1256449649751685
P53111,0.9062293292857291,1.4740985049800747e-05,7.594239619406277e-05,4.119515703779826
P40005,0.971245387016495,1.5001767325666574e-05,7.722842896871031e-05,4.1122227997745995
Q07541,1.2419687980208742,1.518499100941879e-05,7.81135793084812e-05,4.107273461563078
P30771,0.8302702020809356,1.527109254373268e-05,7.849817726266152e-05,4.105140427508997
Q9NQ29,-0.1876869841904103,1.5286479781235495e-05,7.851898071607905e-05,4.105025346772688
O43491,-0.1341570700292607,1.5431864805604097e-05,7.920699178206283e-05,4.1012364805526085
Q9NZB2,-0.17794710453405216,1.567276418819846e-05,8.038386610302677e-05,4.09483111002712
P48836,0.48321395655563393,1.6201148206083463e-05,8.303238355212576e-05,4.080752494912139
Q8TEA1,-0.20848298229140383,1.638771813613564e-05,8.392644998121536e-05,4.07610114679248
Q04500,0.3475732174556221,1.641386475969302e-05,8.399822586556871e-05,4.075729886615862
P16622,0.6664900607671846,1.6446855074254835e-05,8.410489256583492e-05,4.075178739605884
Q00245,0.7913647464868241,1.6931767508485627e-05,8.65207071798926e-05,4.062879939497972
P38695,1.0680058011997033,1.7010893655898395e-05,8.686093486241923e-05,4.061175500746238
P54858,0.8652861393841569,1.7078474152378234e-05,8.714175020712372e-05,4.059773721682078
Q9HC35,-0.18890944458348358,1.733701023984992e-05,8.839577238639236e-05,4.053568505045362
P08670,-0.08817847977944382,1.7835945356991888e-05,9.087276354070039e-05,4.041566264373729
P60842,-0.08555565956898903,1.7899561355962845e-05,9.112982560932849e-05,4.04033946081373
P36053,1.3279663053352664,1.7973403036071828e-05,9.143853241863434e-05,4.038870752949648
P50086,0.6430236571351386,1.817674038234025e-05,9.240510308907777e-05,4.034304044123727
Q9Y6E2,-0.09949265245623451,1.8202842269353658e-05,9.246990452898367e-05,4.033999590760499
P54860,0.8034123717074344,1.8252586162414245e-05,9.265462359864825e-05,4.033132903886611
P07913,-1.5962478945535459,1.881331655642762e-05,9.543106508183505e-05,4.020310229095719
Q14789,0.6242213617717134,1.89862579670569e-05,9.6237811247366e-05,4.016654262787918
P38836,0.9070254667357212,1.899245805270938e-05,9.619881459909272e-05,4.016830279482402
O00541,-0.10303060942433007,1.9603816541847556e-05,9.922282583022843e-05,4.0033884085737785
P38067,0.8393440891719663,1.9920370418818535e-05,0.00010075138406128528,3.996748979072212
P40018,0.6354105692910004,1.999586882206523e-05,0.00010105941293721143,3.9954232289443166
P33240,-0.09210194294411522,2.0079185513895975e-05,0.00010140647738746589,3.9939343033479706
Q13162,-0.1550967637808398,2.024622348185401e-05,0.00010217554765915246,3.990653025799286
P0C018,-2.1919637063169866,2.028376678632128e-05,0.00010229045974398291,3.9901648694525753
Q14684,-0.11568715731980106,2.0492091270401806e-05,0.00010326582238447022,3.986043391993034
Q96FV9,-0.14613547601074472,2.0539910854197728e-05,0.00010343152200324733,3.985347084590372
P50995,-0.09479813810218118,2.082111253479156e-05,0.00010477135406315171,3.9797574432386162
P46982,0.8820584704066761,2.1098759313797324e-05,0.00010609136491556476,3.9743199631498887
P21734,0.5301425184652757,2.1138692112476444e-05,0.00010621502480898904,3.9738140451180306
O60313,-0.12857508746377277,2.1193287276695144e-05,0.00010641212552852587,3.973008881908568
O60271,-0.14976624131530158,2.1631629654230384e-05,0.00010853435052600811,3.9644327882405617
P30101,-0.11932222156919536,2.1706148968254445e-05,0.00010882938121375365,3.9632538401489064
P39102,1.7049112110750677,2.1716890297916895e-05,0.00010880444893109739,3.963353346303984
Q06608,0.8027338993115833,2.179567776063402e-05,0.00010912022618556035,3.9620947424764625
Q02201,0.8608013226990359,2.2152964167381206e-05,0.00011082884674490423,3.9553471858928986
P49792,-0.08407514259095095,2.295647044897101e-05,0.00011476577717593883,3.9401875979959224
P39105,1.3544362910900567,2.3647429363834948e-05,0.00011813477699508888,3.9276222341922633
P00812,0.8176314127698667,2.378340185332911e-05,0.00011872838819931561,3.925445427934446
O76094,-0.11605571777451473,2.401234667578596e-05,0.00011978493399361815,3.921597802104457
P38351,0.9145029597867627,2.4120700022159064e-05,0.0001202388243005251,3.9199552789471848
P56537,-0.10962826616378862,2.4316014087815345e-05,0.00012112523852088738,3.916765354723814
Q15046,-0.0820144290271223,2.4485260734664447e-05,0.00012188062208973158,3.9140653377653454
Q06217,0.7230584415822676,2.5111654495111754e-05,0.00012490883313516794,3.903406848685775
P43246,-0.08888217602381232,2.5304042627619882e-05,0.00012577544232134964,3.9004041466924657
P00330,0.5954684570514637,2.6053905065266455e-05,0.00012940978383924314,3.8880328882208826
P28074,-0.07495862388428876,2.6143334184994012e-05,0.00012976089311605632,3.8868561739679985
P33993,-0.09889517772403877,2.73867503249025e-05,0.00013583514272895767,3.866987856573963
P53315,0.6308301837979506,2.7459734832324285e-05,0.00013609964493844907,3.8661430077979397
Q7L2E3,-0.10492839144495392,2.8386983687691933e-05,0.00014059476041028537,3.8520308640053935
P53261,0.7376335492527701,2.857289302935257e-05,0.00014141437550767492,3.8495064399993746
P32629,0.7906890542820939,2.946882499765723e-05,0.00014574438877412762,3.8364081567840005
Q16181,-0.10443352502537451,3.0137120259179886e-05,0.00014894319819740295,3.8269793249617527
O95487,-0.17130608010108617,3.023026630452953e-05,0.00014929697852536551,3.8259489814446943
P32803,0.6363060798580875,3.0472588318404605e-05,0.0001503864586718699,3.8227912673936197
P32178,0.49976858342115804,3.1644501640062074e-05,0.00015605878159244288,3.806711788101916
Q12955,0.868934469240827,3.239820410602006e-05,0.00015966203930966753,3.7967983279318136
P04161,0.8218781151424004,3.297477272291143e-05,0.00016238785656716838,3.789446450606264
Q8NAV1,-0.1615674383344583,3.310411169473754e-05,0.0001629089334572585,3.788055099578461
Q13573,-0.1154404059981573,3.393893119053587e-05,0.00016689855082618635,3.7775474342669666
P0AA10,-2.2897642692590523,3.401410162380221e-05,0.00016714949584329774,3.776894928989474
P52732,-0.1513327953793535,3.4657576810963173e-05,0.0001701908239993681,3.769063859021515
O00203,-0.1197427804779494,3.4956159894338684e-05,0.00017153540121077324,3.765646237347774
Q7L576,-0.2004747435142491,3.509135537469472e-05,0.0001720768729563642,3.764277494706456
Q5UIP0,-0.15933995447219118,3.5453464338578256e-05,0.00017372950253383994,3.7601264239267573
P12630,-0.21500884736372328,3.6211309702298084e-05,0.0001773176155436435,3.7512481174539163
P21306,0.6295551729207212,3.621895471456824e-05,0.0001772297119743254,3.751463468313526
Q03435,0.8687190345682474,3.738501370094432e-05,0.00018280638055461756,3.738008650006443
P06959,-1.711809770807978,3.7396562979915784e-05,0.00018273380527377336,3.7381811018770135
P14922,0.9460422785634499,3.792792909698962e-05,0.00018519956351731746,3.732360041208317
P09874,-0.07121476193656662,3.864159135279437e-05,0.00018855135907452304,3.724570332860914
P38310,0.9646187911671191,3.941327859557514e-05,0.00019218136689842417,3.716288722002947
O43175,-0.10122640876899425,4.1421457365872424e-05,0.00020183122505369505,3.6950116437508904
Q06142,0.8735396985873933,4.223132396307743e-05,0.0002056326913645205,3.6869078403061977
O95163,-0.11483414644038348,4.253563361813144e-05,0.00020696888768232047,3.6840949343663487
Q86WQ0,-0.18397572191000577,4.423433252092532e-05,0.00021508322919584758,3.667393451777354
Q04080,0.7831123024936382,4.453783969588275e-05,0.00021640701898546818,3.6647286573490994
P15565,1.0748032059222012,4.472557588728288e-05,0.00021716682148916313,3.6632065250538743
P38861,0.8306780953586177,4.489811168697257e-05,0.00021785180470959925,3.6618388379675024
Q00610,-0.09378806570678933,4.563455125929398e-05,0.00022127005106397168,3.6550773639211056
Q9BU76,-0.1618649821270104,4.710764273674309e-05,0.0002282528469623577,3.6415837968721685
Q8WYQ5,-0.44846733588887133,4.775676926333344e-05,0.00023123627299253202,3.635944039088574
P05374,0.995129999352848,5.111322612841828e-05,0.00024731514864651866,3.6067492812444515
Q9ULW0,-0.1131244792561894,5.1486669469262085e-05,0.00024894811410975607,3.603891159345656
P0AB80,-1.6987407367095635,5.150214616075844e-05,0.00024884916958624667,3.604063804165337
Q9NTK5,-0.08349622515798671,5.2204738156503075e-05,0.00025206806624520733,3.5984821703169896
P26599,-0.10468566331217133,5.278123045670449e-05,0.00025467403462175743,3.594015331421652
P28496,0.9043762224153618,5.3183687549189974e-05,0.00025643722325250094,3.591018934380122
Q8IWY9,2.561280875723078,5.4595267756023145e-05,0.000263060288060337,3.579944708653129
Q9Y3B7,-0.16957426865469216,5.571306654428065e-05,0.00026825957771390766,3.57144476340099
P62891,0.6349710458502322,5.61354423144053e-05,0.0002701054917199043,3.568466585751814
P00635,0.4119906145466743,5.678154528049983e-05,0.00027302459689040334,3.563798225440659
Q9UJZ1,-0.08692643847591341,5.697985612210937e-05,0.0002737880109573111,3.5625855733279694
Q14690,-0.14419552489551535,5.80274356505188e-05,0.00027862826937877406,3.5549748225410265
P25374,0.715215507904599,5.814903784776458e-05,0.000279018668092808,3.5543667387390596
Q99747,-0.11079776305206224,5.8268017413443116e-05,0.000279395950533712,3.5537798926871487
P41250,-0.07022448654588942,5.9036198134077784e-05,0.00028288348503830764,3.548392406258427
P52815,-0.18618831514063672,6.111755761623857e-05,0.0002926541970503706,3.533645243144724
Q14980,-0.08437308476469241,6.187831344891265e-05,0.00029609221998636574,3.528573003827791
P04083,-0.11349796495467501,6.202587026253249e-05,0.0002965933188520545,3.527838636242115
P53119,1.962644206166349,6.202708232947595e-05,0.00029639442239426606,3.5281299732506857
P0A9K9,-0.9726692048183168,6.255272598271148e-05,0.000298700051520203,3.524764702488145
Q9NRY5,-0.11628777343512553,6.274752826259796e-05,0.00029942376684371347,3.523713730381016
P0AGE0,-1.9866653675257915,6.345291397749593e-05,0.0003025812509505384,3.519157985965806
Q12402,0.7641745116714098,6.422114626242121e-05,0.0003060338724852061,3.51423050221358
P07900,-0.09718011846090491,6.431553058153762e-05,0.000306272856772054,3.513891490547202
Q5T4S7,-0.07894416633843093,6.475890201077465e-05,0.000308172259465707,3.511206457451444
Q92317,0.9146666787828082,6.53244828811656e-05,0.0003106502194156529,3.507728335303808
P33176,-0.09684951688739574,6.572671284390905e-05,0.0003123484967269913,3.5053605798884204
Q9Y2Z0,-0.08856008226590006,6.836852250556092e-05,0.00032468014391529753,3.4885442702027585
P38821,0.7937529505662191,6.93330909941399e-05,0.0003290351761778099,3.4827576704290886
P47133,0.7374811674315112,6.940197465183136e-05,0.0003291364880063564,3.482623969235825
P28321,0.7165848582378977,6.97162818467848e-05,0.00033040077721227783,3.4809589397457033
P38216,0.7715936897878102,7.083654000427349e-05,0.00033548030300245525,3.4743329734039676
Q12176,0.7555581812429146,7.092835104548037e-05,0.00033568551103137803,3.4740674035089674
Q99190,0.6742036822062367,7.132469128193133e-05,0.00033733071204651127,3.4719441169633884
P53152,1.2902338552948116,7.228611011795595e-05,0.0003416443866598819,3.4664257104971714
Q4J6C6,-0.28155450713586916,7.274391296447255e-05,0.00034357356982674483,3.4639802526402512
P40506,0.8918289454169432,7.282975831241012e-05,0.00034374454434569026,3.4637641859016495
Q9Y450,-0.1419563916497637,7.370819085006201e-05,0.0003476536195135078,3.458853244700455
P36969,-0.20992772073572752,7.37438073632543e-05,0.00034758483470604003,3.4589391802877003
P53131,0.821606622396061,7.457156076432355e-05,0.0003512472698858342,3.4543870426829493
Q07914,1.0817471378995798,7.477908412017003e-05,0.0003519853014602701,3.4534754718286274
Q13564,-0.1329381060334427,7.539891133188978e-05,0.00035466172694429674,3.4501856755645064
Q08211,-0.10053062894932197,8.089934390254861e-05,0.0003802763456763385,3.4199006881612193
Q00684,1.1404497611266073,8.110934962078382e-05,0.0003810048417736141,3.4190695053159756
Q15393,-0.09590018394090194,8.190394435159781e-05,0.00038447654962065305,3.415130143979404
Q14CX7,-0.14576572738369364,8.206772097313612e-05,0.0003849843496056873,3.414556925083814
P0DTT0,-2.1437718368541923,8.299580873374924e-05,0.00038907446152503704,3.4099672749345076
P78527,-0.07846049703112712,8.534456629010928e-05,0.00039981446345921287,3.398141499145096
P0A6S7,1.4988598282645391,8.611701722268303e-05,0.000403160397058727,3.3945221357480233
Q15042,-0.1147965742682544,8.695003689988935e-05,0.00040678517263164455,3.3906348855467754
P20700,-0.07566275920986598,8.753079345664656e-05,0.00040922566772033815,3.3880371340026367
P43586,1.328084919182782,8.774162148598923e-05,0.00040993453925033024,3.387285488431767
Q9H3S7,-0.12351434633151825,8.780015818404017e-05,0.0004099314195996589,3.3872887934770795
Q03559,1.1565550395957302,8.828043864147011e-05,0.0004118960627719266,3.3852123593536056
Q13409,-0.13276633239920343,9.01001180160252e-05,0.00042010317652724477,3.376644034617594
P12758,-1.5504395729750478,9.014417822534163e-05,0.00042002576718187443,3.376724066264852
P53312,0.6159701820522834,9.065095456004825e-05,0.0004221030325311191,3.374581527715764
Q15029,-0.10432575672449218,9.15879686942555e-05,0.0004261794994885921,3.370407444985763
Q92499,-0.09960067591315536,9.256889501947494e-05,0.0004304546871154093,3.366072558894385
Q15154,-0.10925453501503668,9.301673019510763e-05,0.00043224687239659415,3.36426814046194
Q96KG9,-0.16040242402973348,9.302992472316883e-05,0.0004320182419739912,3.364497914709672
P11353,0.7798298433529247,9.352974943236486e-05,0.00043404824736574684,3.362461993067898
P53299,0.9888635743213321,9.435106105283198e-05,0.0004375664747018143,3.358955960005893
P0A7U7,-1.813638768702667,9.456967668262177e-05,0.00043828677466564464,3.358241634014964
P32790,0.5698732900286281,9.468168344984629e-05,0.0004385123586667128,3.358018162331869
P27302,-2.0541975501587544,9.486492530557182e-05,0.0004390673414543979,3.3574688652267946
P53041,-0.1304436690095514,9.542656092330205e-05,0.00044137174871940107,3.3551954685643297
Q9UJS0,-0.15995333922350596,9.556168195992785e-05,0.00044170165947299094,3.354870969094317
P38256,0.9822113493116866,9.559310368701956e-05,0.00044155213470908834,3.3550180112715906
P22855,0.6249897872320105,9.702285832346498e-05,0.0004478575140211144,3.348860134923826
Q08548,1.171685775308326,9.709801001570411e-05,0.00044790581035891757,3.3488133037297962
P53303,0.6024109227838252,9.723205038984478e-05,0.00044822551058540963,3.3485034293913505
Q9Y388,0.37159868697254694,9.813916440541553e-05,0.00045210617055428947,3.344759565473137
P18031,-0.13996888884305747,9.884339992446102e-05,0.00045504767358840964,3.3419431016027072
P10356,0.6238739147712415,9.957837999303145e-05,0.00045812671300448493,3.339014384119562
P05023,-0.10459418240136742,0.00010014607250460768,0.00046043254051919227,3.3368339907144335
Q86UK7,-0.13148818780554095,0.00010065644082903667,0.0004624719285336761,3.334914623255573
P46988,0.7486941353008092,0.00010100927359424636,0.0004637852853889667,3.3336830344297046
Q3E846,0.7977079171490971,0.00010176249192076619,0.00046693405835611997,3.3307444473014307
Q02753,0.6919859085793831,0.00010353096893347753,0.00047473405887112476,3.3235496095515367
O75822,-0.10364966948535326,0.00010388616506451028,0.0004760475227707936,3.3223496904582475
Q9NX24,-0.12913311696553365,0.00010546975916434618,0.00048298453204625194,3.3160667776429533
P53301,0.7624148418139285,0.00010605709615915307,0.00048535316180170246,3.313942136847401
P36049,1.0398340922535958,0.0001075895526138935,0.0004920409922712012,3.3079987143554352
Q9UHA4,-0.29642731654005416,0.00011005293397378814,0.000502974597250501,3.2984539484480897
P98175,-0.11669326458152796,0.00011139406931121907,0.0005087681635296048,3.2934800727448716
Q7Z2W4,-0.12279538948208213,0.00011153263899624248,0.0005090652553790263,3.293226543332122
O60828,-0.08117850506087265,0.00011231296054092369,0.0005122891559850828,3.290484837068583
P38885,1.0616109179426907,0.000113542332744382,0.0005175557023845299,3.2860429020326256
P23248,0.9221634911917214,0.00011405382253054548,0.0005195451757904585,3.2843766834417414
Q53GS9,-0.18125925081617567,0.00011451369543832096,0.0005212970593129089,3.2829147249632147
O14818,-0.12521054239338625,0.00011604060145756802,0.0005279008702314067,3.277447622074839
Q08045,0.7796445551022195,0.00011615649756007087,0.0005280811484608868,3.2772993357600244
P0A8E7,-2.223082710562494,0.00011674137890500184,0.0005303919340802052,3.275403089073672
P38853,0.8229951794493857,0.00011727118123470931,0.0005324496123731982,3.2737214847975444
P53008,0.5004538577698767,0.00011743521999268047,0.000532844995563119,3.2733991087257515
Q6P3X3,-0.1664755496505208,0.00011767984110662769,0.0005336052520119778,3.2727799045251733
P26754,0.7790391011580411,0.00012001864277466806,0.0005438541116307603,3.2645175837777516
P50278,0.7169682578816889,0.00012160063241959761,0.0005506623799040509,3.2591145925911023
P25205,-0.10879148100216085,0.00012321091395569233,0.0005575897831563488,3.2536851925131156
Q9H6Z4,-0.11770558934167141,0.00012342393059630656,0.0005581889584904158,3.2532187585211814
P08133,-0.6251099186863485,0.00012366161853249108,0.0005588988555606842,3.2526667796741084
P21980,-0.09967318762047128,0.0001259983507183497,0.0005690884412092978,3.244820235284311
P04040,-0.09541321596802277,0.00012675175072376013,0.0005721180717153294,3.242514333789499
Q15717,-0.09796965576320815,0.00012901052872967028,0.0005819341374099263,3.2351261654842025
P02293,1.1687063164558928,0.00013027291443045027,0.0005872458720810141,3.2311800273196
Q08421,0.6199606957490467,0.00013049518285339492,0.000587865091787187,3.230722328030535
P36151,0.6462594416651619,0.0001313010717690739,0.0005911109368849594,3.2283310051497667
P47897,-0.09881212915851378,0.00013477409330742696,0.0006063520611180145,3.2172751418332974
Q12496,1.0753983289298645,0.0001351900623122675,0.0006078285658767144,3.2162188934118783
Q9BYC9,-0.2763900489107911,0.00013601444872230923,0.0006111382498074426,3.2138605338870283
P32929,-0.07222034265751631,0.00013642102807857808,0.0006125675735512805,3.2128459964299916
Q6PKG0,-0.1099121987827516,0.0001390736471630597,0.0006240738385982017,3.2047640228198238
Q96EK5,-0.278427872774742,0.00013957063736047545,0.0006258983763496969,3.203496175053641
P48813,0.6680985914095672,0.0001398383115492364,0.000626692860302209,3.2029452530405997
Q04013,0.8063391943655631,0.00013990877522599194,0.0006266030786964866,3.20300747562474
P38698,0.9843792247745498,0.00014043363520435315,0.0006285471817420434,3.2016621165442456
Q96B26,-0.1472688092047143,0.00014253106813691594,0.000637522684612407,3.1955043573619055
Q96AE4,-0.08453681862004458,0.00014264573398069645,0.0006376236682261732,3.1954355705497637
P47116,0.7318974168344852,0.00014301642248737705,0.0006388681995500637,3.1945887288715342
O95817,-0.15849787956137718,0.00014384567495892946,0.0006421582549423775,3.192357930219906
O43395,-0.0895339979339731,0.0001488717617672047,0.0006641675763377097,3.1777223298236423
Q5T8P6,-0.16892444850589072,0.0001502849602089707,0.0006700406081692937,3.1738988758522826
P32179,0.6006901394500908,0.0001505938033106495,0.0006709855174536275,3.173286853538685
Q9H900,-0.508700042244385,0.00015150646426355122,0.0006746178511645201,3.1709421710631034
P53081,0.6913441809704501,0.00015200040100062377,0.000676382247126169,3.169807799767854
O14777,-0.10456282035145392,0.00015529224642688616,0.0006905867143607963,3.160781780946448
P40938,-0.14012956525246167,0.00015599696407973788,0.0006932753397227889,3.1590942476777473
P62495,-0.09025210099996173,0.00015663813286716225,0.0006956782758000201,3.157591558303244
Q06210,-0.07880287951305576,0.00015845869035613952,0.0007033128025807115,3.152851476942415
P47047,0.7616868036824371,0.00015854599040580032,0.0007032494795450106,3.1528905805716683
O95861,-0.12379515481261194,0.00015886266461606497,0.0007042030024338244,3.152302127607694
P38117,-0.10305666029638161,0.00016101933831447177,0.000713306396986182,3.146723881175809
P0A7Z0,-1.6597371860434187,0.00016237647225631721,0.0007188584999378134,3.14335658770331
P36017,0.6594977327640343,0.00016287063104967578,0.000720585462867703,3.1423145036067646
P56556,-0.16769572309631187,0.0001641433859767041,0.0007257527487245845,3.1392113106410924
Q14137,-0.09015742999860876,0.00016478831001276605,0.0007281392843193313,3.1377855374103323
P11387,-0.11266656201372527,0.00016488439171210336,0.0007280991889123747,3.137809452743316
P61163,-0.13842398451883398,0.0001654213466208318,0.0007300047189309365,3.136674332483596
Q9UPN3,-0.11550604135162246,0.00016621855429693264,0.0007330555859566634,3.1348630925362793
O43156,-0.16445724509738824,0.0001672039470813518,0.0007369319730052706,3.132572600488299
Q9BZE4,-0.17032913785719828,0.00016795940138712836,0.0007397906458043745,3.1308911643712958
P25369,0.6093741542543647,0.00016872038014430714,0.0007426700013472236,3.1292041181774235
O94742,0.899240103304237,0.0001697825580992794,0.0007468706685383803,3.1267545960466934
Q96GA3,-0.08275099426392174,0.00017194166884880227,0.0007558883270534012,3.1215423612803574
Q9NP77,-0.13257410571848993,0.00017343135896979208,0.0007619535085703302,3.1180715268065096
Q5QJE6,-0.12042015948675555,0.00017359848215092592,0.0007622041156709011,3.117928710499123
P62768,-1.7397504626275655,0.00017408593459413406,0.0007638599563560102,3.1169862562891772
Q12743,0.9434262270701126,0.00017425112904680828,0.0007641005810766944,3.1168494700480327
Q03705,1.027740220859478,0.00017573342566316579,0.000770112809678329,3.1134456527076537
P51178,-0.2021920516225677,0.00017602308505615638,0.0007708942700372086,3.1130051823746525
Q15036,1.0977851659086326,0.00017669037427437494,0.0007733275293778585,3.1116365292709545
Q13310,-0.08440228083147971,0.00017969470541059587,0.0007859798738237307,3.104588574570266
P82650,-0.1672148480880402,0.00018245822812365376,0.0007975636183890016,3.0982346649938775
P07195,-0.20228098083062207,0.00018250779623002697,0.0007972769596824648,3.0983907862984026
P53634,-0.08820531266047027,0.00018273957196380828,0.0007977861262783155,3.098113520461829
Q7L014,-0.09544347898499694,0.00018285760323143955,0.0007977983899020084,3.0981068445082283
P53550,0.7355836309497406,0.00018290598860274844,0.0007975069679379283,3.098265513758214
P46992,0.8730367520111457,0.00018339791009707753,0.0007991486025878947,3.097372455625737
P31142,-1.2831062228958316,0.0001835605748665131,0.0007993543524375703,3.097260655988985
Q92615,-0.21360146958431514,0.00018404081146018513,0.0008009419098367831,3.0963989809846564
Q9UBB4,-0.15587054393390432,0.0001865889525795478,0.0008115212987819026,3.0907000774125297
P38922,-1.08070357236371,0.00018792977684801358,0.0008168397833619875,3.0878631185290923
P20457,0.8662250922557746,0.000187931155783463,0.0008163333266277903,3.0881324731623394
P05455,-0.10326173168932229,0.0001900637580843626,0.0008250792858784492,3.083504315977332
Q86X55,-0.1159770505318356,0.00019080233097232624,0.0008277665035415959,3.0820921517711866
Q86XP3,-0.1281872723347064,0.00019202481821196447,0.0008325484291168704,3.079590494294338
Q9UNZ2,-0.12151860233379352,0.00019221403798864336,0.0008328473085315185,3.0794346134078974
P31948,-0.07676740497423395,0.0001929845737080561,0.0008356630321166857,3.077968809634721
P43598,1.1122808448012762,0.0001932940880285202,0.0008364801659434212,3.07754435227893
P32626,0.8851718667613682,0.0001947863489279068,0.0008424114178493608,3.074475755455799
P63010,-0.09655270381346881,0.00019527802559757978,0.0008440106424704386,3.0736520771456184
Q14807,-0.16692653242870747,0.0001956945787722435,0.0008452833832932091,3.072997668366119
O60841,-0.07540822035849004,0.00019618390820610887,0.0008468686910343502,3.072183922821647
Q9NWV4,-0.16465274104105987,0.00019648704320610993,0.0008476487770461714,3.071784060228716
Q9UHD8,-0.07903832769780905,0.00019700327227143078,0.0008493466109635036,3.0709150417826727
P29144,-0.12252970938251195,0.0001973558160152274,0.0008503370691284595,3.070408888114994
O75367,-0.12433271466624518,0.0001980042604536694,0.0008526004349385614,3.0692544501414214
Q05123,0.7089605341582903,0.0001984465431567163,0.0008539738128136131,3.0685554467874807
Q12788,-0.09997223498044505,0.00019999572941494735,0.0008601058574342207,3.0654480947211358
P49366,-0.20003901395826418,0.0002006654324298528,0.0008624503129387341,3.064265915893079
P41734,0.9248284142259386,0.0002032272028144528,0.0008729188289623271,3.059026138622855
Q92878,-0.09758073083790819,0.00020449682732658124,0.000877827670433508,3.056590733667414
P36136,0.8623993374100145,0.00020463818146791225,0.0008778901911300027,3.056559803420478
Q9Y295,-0.12020061519690728,0.00020525897175300076,0.0008800081240976948,3.05551331849243
P42126,-0.14340761565909332,0.00020754686918565186,0.0008892664122781271,3.050968110740382
P28289,-0.16795492197155681,0.00020775455359854108,0.0008896057693978345,3.0508024092045556
O15042,-0.09127799298787664,0.00020884238871834228,0.0008937111863323869,3.0488028060889887
P60660,-0.10250087305136901,0.0002120577045862328,0.0009069101584651487,3.0424357334640266
P31040,-0.08124393392052554,0.000212342926378905,0.0009075693964490977,3.0421201570988785
O14497,-0.08639640939374615,0.0002171646073680316,0.0009276050224652997,3.032636908564602
Q9Y6M1,-0.13085706902586836,0.00021733464788187889,0.0009277590024254805,3.0325648228215494
P23643,-2.4032390654020226,0.00021832644575105117,0.0009314185522983846,3.030855115898057
P02549,-0.08874763307776945,0.0002186771429245544,0.0009323402325182357,3.030425574618947
Q99460,-0.09800879215710268,0.0002229020368840067,0.0009497684328522231,3.022382269020072
P0DPI2,-0.11770826707701332,0.0002234746856962099,0.0009516228313410562,3.0215351469137883
P25526,-1.7473454802978523,0.00022401388616056432,0.0009533326046562676,3.020755553542245
Q12040,1.313875121400379,0.00022407516186338986,0.0009530076294484714,3.0209036225367965
Q12680,0.7635979464931495,0.00022446970488248038,0.0009540995927601561,3.0204062895216333
P27614,1.1159555456835264,0.00022949523559516555,0.0009748619700987278,3.0110568713456534
Q6UWE0,-1.2050139923990244,0.00023189085420619406,0.0009844342578318134,3.006813281470208
O13297,0.8901036209448066,0.0002320147653698378,0.0009843567618999737,3.006847471036544
P00427,0.9290439491418638,0.00023377458984952823,0.0009912157134832416,3.003831821820682
Q15003,-0.10682504752981359,0.0002366005879352044,0.0010025841314953215,2.998879173509676
Q92599,-0.12738829516944605,0.0002375170841130053,0.0010058521653813141,2.997465844804004
Q15418,-0.1606236280689366,0.00023955036001481063,0.0010138427217252742,2.9940294122459528
Q9Y4L1,-0.10685910804858523,0.00024050801630067927,0.0010172739797592568,2.992562063918151
O95831,-0.12185099565454394,0.00024070813868492714,0.0010174988719502049,2.9924660635829126
P47031,0.811678709926678,0.00024330627531046837,0.0010278539659851636,2.9880685840488903
Q8TCS8,-0.10530148066449385,0.00024488445197621064,0.001033890210660538,2.985525576750626
Q14008,-0.11089027905070736,0.00024719411353389843,0.0010430055101210926,2.98171339722173
P12829,-0.0782230755880775,0.0002479542559946579,0.001045575681185756,2.9806445264696464
O95793,-0.08945292804187588,0.0002498274980330115,0.0010528335948755763,2.977640265602932
Q86X29,-0.7455683133881585,0.0002514533046969301,0.0010590405606578732,2.975087406339574
P54780,0.9661606005284717,0.00025322710364249836,0.0010658628970338351,2.9722986554323683
Q8IXT5,-0.13785818636524283,0.0002532810159606798,0.0010654421351833213,2.97247013210932
P50108,0.5921743782431435,0.0002553579448340915,0.001073526660613995,2.9691871655605073
P14164,0.8769592117259037,0.0002567525776901304,0.0010787347378194557,2.967085335728814
P00127,0.9420294515012522,0.000259267408207033,0.0010886401057765291,2.963115670205792
Q07362,0.7166995213441005,0.0002601782380196267,0.0010918024969987243,2.9618559167789793
P36147,1.6371570184395523,0.0002605191176902463,0.0010925707879389857,2.9615504153961236
Q96GU1,-0.10838379453812053,0.0002616821381788081,0.0010967839738196532,2.9598789040724283
P10155,-0.13710846591275683,0.00026170394919254575,0.001096211823478032,2.9601055180423494
Q9NYV4,-0.24666698492814731,0.00026337015548297927,0.0011025241575357608,2.957611885878685
Q12160,1.1852645296340967,0.0002640398387399868,0.0011046597241303132,2.9567714800702944
P39687,-0.11049049432820723,0.000264502213912264,0.001105925923386785,2.9562739617670952
Q9Y6W3,-0.19347074797477148,0.0002661060750070498,0.0011119604486112327,2.95391065992606
Q7KZF4,-0.07701817967166491,0.00026923251636755424,0.0011243461660608838,2.9490999566811062
P53889,0.6340939422839007,0.00027129513511192004,0.0011322769834327512,2.9460473207961995
P35845,0.7344975653111803,0.00027344665231264373,0.0011405690485618947,2.942878417970238
P0A7M9,-2.1825497390881203,0.00027383045123796683,0.0011414822663285264,2.9425308311693565
P19338,-0.08954104863555301,0.0002774092053166803,0.0011557047759402494,2.937153092000954
O15381,-0.11953966559138252,0.0002831678649181147,0.0011789863479813748,2.928491223768934
Q9BYT8,-0.13090775556721823,0.0002865236206041309,0.0011922413155426698,2.9236358323460836
O75683,-0.167027892484942,0.00028866739796211264,0.0012004402783721729,2.920659441120139
Q13618,-0.2014167171110941,0.0002889533285489511,0.0012009080713523035,2.920490236254434
P11441,-0.15256090330568384,0.0002939974605762401,0.0012211388224534414,2.913234961445448
P23202,0.5373183140574369,0.0002942363392125365,0.0012213983289613925,2.913142678513514
P53839,0.9039895872951362,0.00029470173324582644,0.0012225972444542253,2.9127165873779686
P17898,1.64408793660332,0.0002952838046607968,0.001224278481120573,2.9121197839406396
Q969G3,-0.12560604874548176,0.0002975070812079144,0.0012327582467286649,2.9091220835063982
Q96SI9,-0.11659835722178613,0.00030046215953683034,0.0012442583687996493,2.9050894295381005
O75821,-0.09250455468491836,0.00030192011704368915,0.0012495486493786633,2.9032468305776282
P0AD49,-1.7762859944253826,0.0003022847319466736,0.0012503103249693955,2.902982182435724
P17987,-0.058707422924726416,0.0003038694041288891,0.0012561144801124945,2.9009707779431975
P78371,-0.130615002045829,0.00030632511667512776,0.0012655102075528547,2.897734347490318
Q8N1G4,-0.08213249444866833,0.000308339860090663,0.0012730740556158322,2.895146332395166
O43815,-0.1529797044893435,0.0003116398735885397,0.0012859323508504464,2.890781877776596
O60476,0.854314071013512,0.0003120345279133731,0.0012867939674045237,2.8904909837733848
P16659,-0.8457611559509033,0.0003122785323996833,0.0012870336656758375,2.8904100928578345
P07384,-0.0938498063404758,0.00032525332081870186,0.0013397108824203996,2.8729889148568333
O00170,-0.09378697542056358,0.00032657401945086366,0.0013443510765028417,2.8714873007186714
Q14444,-0.12252677699943249,0.00032793750704989034,0.0013491617937097093,2.8699359658937365
Q16539,-0.14947340553744226,0.00032794515771486515,0.0013483920855212152,2.870183805264497
Q15459,-0.08055116754135128,0.0003292708452900564,0.0013530393666399707,2.8686895674335715
P09661,-0.12042239865537852,0.0003299458515591214,0.0013550089419901285,2.8680578387791282
Q9Y5X3,-0.12719032149208687,0.00033037440449048,0.0013559646571974413,2.8677516300737933
Q8WUM0,-0.08640996894583353,0.0003312010389823017,0.0013585521290956498,2.8669236925834234
P37262,0.8090632951965802,0.00033169283315904324,0.0013597638702150475,2.8665365024873193
Q9BTE3,-0.14354648143299897,0.00033444059324534676,0.0013702169630951367,2.8632106602781646
Q9Y490,-0.08099818610478238,0.00033621108562391936,0.0013766561542637597,2.8611745194041855
O43765,-0.09093671184859886,0.0003405470526629568,0.0013935861658618872,2.8558661735589044
P46087,-0.09662857362302191,0.00034099107552326696,0.00139457897632788,2.85555688619378
Q15019,-0.08888769101615779,0.00034456608501641555,0.0014083681066432475,2.8512838183545366
Q9UNF0,-0.11579649636574985,0.0003446712357012279,0.0014079667468998832,2.851407602160118
Q9BY43,-0.20796542509357607,0.000347651908232966,0.0014193053140360002,2.847924171182177
P61221,-0.09367137283526361,0.00034960671616993117,0.0014264448454688293,2.845745015995422
P53367,-0.2008493524286763,0.00035099171304171155,0.0014312524270322796,2.8442837638647998
P55263,-0.09549421177855777,0.0003539535255636887,0.0014424804067115836,2.840890077177314
P23857,-2.40756795298347,0.0003559389952404831,0.0014497185900265322,2.8387162920130486
P46940,-0.12874556099305323,0.00036061988082407683,0.0014679200792627324,2.833297588888637
Q96IX5,-0.15724678846417106,0.00036505003445678905,0.0014850801636773251,2.828250102775686
Q14232,-0.11870700194170425,0.0003657247379942964,0.0014869513129022363,2.8277032513059286
P0A749,0.7454153943154793,0.00036705410632229874,0.0014914804179434252,2.8263824442361742
O95757,-0.13669273393592718,0.0003687594530367624,0.0014975310573762716,2.824624161988887
Q13895,-0.10856183961470833,0.0003695147140153058,0.0014997185696611825,2.823990231017943
P46108,-0.18728550712964065,0.0003708311243452672,0.0015041796748486412,2.822700284000592
Q05567,0.8002351915404695,0.0003710883381904866,0.0015043417175825112,2.8226535007100377
P27708,-0.09238936503237483,0.00037238769909225946,0.0015087258212491542,2.821389676816525
P63173,-0.12019063804831376,0.0003743668787020726,0.0015158574667445326,2.819341632685814
Q06538,0.9366162629344181,0.00037662886878752944,0.0015241252410782313,2.8169793444961684
Q14149,-0.2259821296854767,0.0003817587435385216,0.001543982208096217,2.811357708514632
P32774,0.8813282204666848,0.00038367643438102323,0.0015508322426469382,2.809435178352161
Q8TEQ6,-0.05918146882935105,0.000384194728812106,0.0015520211798687408,2.8091023563785016
O74700,0.46306409884362054,0.0003863154512453436,0.0015596782416459236,2.806964986447145
Q9Y5X1,-0.17618789044814065,0.0003879767544041177,0.0015654726383998315,2.8053545186544215
Q9H6T3,-0.15102734920397154,0.00038839178067414824,0.0015662345308024475,2.805143205364314
O00629,-0.14696346596743481,0.00038878533468170016,0.0015669089972852688,2.804956225691269
P40970,0.3749883180831439,0.0003913266110674315,0.0015762335398667225,2.802379435601973
P33317,0.6351132458274797,0.00039153538814391944,0.0015761575741328477,2.8024003666970363
P62834,-0.1349217396025466,0.0003941687650557884,0.0015858364493005687,2.7997416044262606
Q08920,0.7877459220034915,0.00039549430084331817,0.0015902453769100666,2.798535858311006
Q8N2F6,-0.15897216385587853,0.00039734488633053793,0.0015967591369429163,2.7967605900517456
P07237,-0.07184034595414346,0.00039773242999163527,0.0015973894114049204,2.7965891986963705
P0A705,-1.6870205015687105,0.00039856143791879744,0.0015997909542897122,2.795936763175206
Q02199,0.7633367171407066,0.0004065671357553606,0.001630979633818144,2.7875514619981185
Q9H5X1,-0.40191727649909126,0.0004122834785604075,0.0016529535643035678,2.7817393467007783
Q9NVP1,-0.1300643619349664,0.0004153458641098692,0.0016642678027180174,2.7787767886915415
P62805,0.1238395835044308,0.0004154225727621908,0.0016636124313507282,2.7789478430276784
Q53H82,-0.13986589203670619,0.0004166698114033567,0.001667642644021296,2.7778970078691145
Q86UV5,-0.11593721905109078,0.0004167266920248755,0.001666906768099502,2.7780886900533566
Q7Z7H8,-0.4234402545209761,0.0004194166529813626,0.0016766979822418907,2.775545158299215
Q99848,-0.09591026448451245,0.0004222991809730217,0.0016872472758552811,2.7728212643760677
P35219,-0.2348750317721766,0.00042529381691034865,0.0016982320578357865,2.7700029651217926
P54003,0.8461734267232188,0.000426725881579107,0.0017029683020482634,2.768793435639069
P34897,-0.11077043431944489,0.00042784462013740874,0.0017064493950641809,2.7679065862428
P49959,-0.12484382817749662,0.0004279836307065501,0.00170602110478535,2.768015600580497
P41227,-0.11513702635604162,0.0004283417244087184,0.0017064661103601648,2.767902332190335
Q9H9J2,-0.19659646566780253,0.00042847978266820504,0.0017060345113252742,2.768012187748489
Q9Y4E5,-0.23988930320395596,0.0004294527102352926,0.0017089256124535436,2.767276841202061
Q9NWX6,-0.26530204767666987,0.0004297517814970751,0.0017091334492163974,2.7672240262227255
P07311,-0.14373775925408694,0.0004359878220424224,0.0017329389666026018,2.761216732689701
P47008,0.7486174091828062,0.00044590084352129675,0.0017713238327833956,2.7517020339909877
Q96A72,-0.19650405228107104,0.0004462539572341,0.0017717100916794198,2.7516073410744815
Q9UGR2,-0.3824811263160406,0.00044702987080886864,0.0017737735389573676,2.7511018281678945
Q9HCN8,-0.155846659733907,0.00044954916040873023,0.0017827482168786073,2.7489099892652935
P22695,-0.0813233622613545,0.0004625355974805619,0.0018331977544106528,2.73679068341921
Q9UMY4,-0.21112943830657827,0.0004638711738007235,0.0018374393634989757,2.7357869839620323
Q8IWZ3,-0.1330757376030718,0.00046636068009153856,0.0018462443390244786,2.733710823316663
P36507,-0.12545299636945018,0.00046962779690116194,0.001858115923282083,2.7309271949326597
P13433,1.6968797732308794,0.0004698605411303629,0.0018579750923967064,2.7309601123591554
P19454,1.1583338002113521,0.00047490573578074505,0.001876853490037602,2.7265696277258114
Q07979,0.6061475551744131,0.0004750803436477869,0.0018764725039459647,2.726657794945026
P51553,-0.19392265372527717,0.00047515809488867184,0.0018757096060485542,2.726834397434966
Q8IY81,-0.12882607494192655,0.0004760424019578964,0.0018781296815706407,2.7262744237599557
Q93074,0.5451872694033355,0.00048087744946864784,0.0018961249772898165,2.722133040859481
P40529,-2.599976097639356,0.0004822417827679996,0.0019004223698836822,2.7211498661396636
P30046,-0.15441914876607044,0.00048503033264098513,0.001910324245282242,2.7188929123410417
P11474,-0.4322234701151402,0.00048644624944777735,0.0019148117289234851,2.7178739209691014
P39107,1.1481942567442367,0.0004872514911131282,0.0019168916616291475,2.7174024317678507
Q9NRG9,-0.18993307550583793,0.0004922844137094587,0.0019355918685543963,2.7131862110361213
P23677,0.31447924232671554,0.0004950152895296844,0.0019452246678226645,2.711030231684913
P23337,0.8232497214819539,0.0005004918233885775,0.001965629827080267,2.7064982663580075
Q92621,-0.09820252736204793,0.0005005088217429414,0.0019645822458889605,2.706729785030821
P53723,0.6391991026117587,0.0005012197750666884,0.0019662581997517,2.706359453256392
P12814,-0.11278004869708269,0.0005040544894909136,0.0019762589384117136,2.7041561527869424
P51812,-0.16857935492616605,0.0005063108329881234,0.0019839820077021883,2.7024622706854124
Q96C23,-0.14720932438528322,0.0005071309439739261,0.0019860716380517333,2.7020050904582376
Q8ND24,-0.26157687185844125,0.0005081555441266041,0.001988959291991298,2.7013741054851512
O43148,-0.15230929973311902,0.0005136690838265131,0.0020094038058840547,2.696932779506131
P46063,-0.17680627548638483,0.0005163129624815334,0.00201860584541058,2.6949484734656743
Q92797,-0.14816526045076372,0.000518023851303322,0.0020241518885012427,2.6937569019789906
Q96EY8,-0.22680584708282225,0.0005208044361831988,0.002033869101033541,2.691677001525447
P57678,-0.14348986478495362,0.0005231436546363074,0.0020418526858521943,2.689975594290907
Q9H0W9,-0.2501403426825881,0.0005267378970286776,0.00205472292902905,2.687246732671827
O76003,-0.10723383510541495,0.0005270368486848725,0.0020547314979133206,2.6872449215218452
P53633,0.8127435318726839,0.0005292927222441231,0.002062365114697979,2.6856344461031156
P40517,0.8972711457018541,0.0005320067432414452,0.002071774291453187,2.6836575603726516
P0A9A9,-1.9410542383836713,0.0005351172720727046,0.0020827161280671204,2.6813699198820062
P33417,0.7154653134046285,0.0005431934419395307,0.00211296145617377,2.6751084251075157
Q9NW13,-0.1552747773416705,0.000548641632550182,0.002132956015596553,2.6710181001908255
P40422,0.8973412037152997,0.0005521113461853954,0.0021452407188483043,2.668523968280246
P0AAC0,-2.2361516833454083,0.0005549703825955158,0.002155140173354656,2.6665244774593297
P53228,0.6813279635837652,0.0005565834212163997,0.002160192605662753,2.6655075248456703
Q07657,0.5754285892748108,0.0005605983053312967,0.002174556115469971,2.6626293806753494
P43558,1.127901332984095,0.0005608619522442872,0.0021743606704028246,2.662668416011463
P40956,0.8981531317504334,0.0005617583080540463,0.002176616969762852,2.6622179892198505
Q03103,0.8410055504681395,0.0005627392739057537,0.0021791983962659053,2.6617032293768554
P43577,1.8069199194673686,0.0005677765127424132,0.0021974760057174225,2.658075858298064
Q8TAT6,-0.1192317699406793,0.000570105646777569,0.002205257820272563,2.6565406291548053
Q14558,-0.26080584525564987,0.0005718844982190825,0.0022109035542540074,2.655430202138094
Q01476,0.9710594293325947,0.0005762174413580251,0.002226411587032905,2.6523945464461307
P48634,-0.0850397641094851,0.0005866265214568871,0.0022653664442651906,2.64486153676372
P10809,-0.143504894223355,0.0005933246379551991,0.0022899552916397985,2.6401729966049463
Q06709,0.9378550746199039,0.0005937601305800819,0.0022903594117752017,2.640096361195962
P12684,1.068896314259657,0.0005943530488353529,0.002291369994507786,2.639904778292448
P46379,-0.08426254483018525,0.0005951489374626434,0.002293161515298466,2.639565355330016
P45974,-0.10114106045321236,0.0005989804195912965,0.0023066409484149815,2.6370200024697215
Q9BV20,-0.132860791954851,0.0005993250834242589,0.00230668531274573,2.6370116496314666
P08839,-1.492754323785757,0.0005997949015158495,0.0023072110544976343,2.636912676128565
Q8IUR0,-1.0849881035857827,0.0006017877517789727,0.0023135915565339294,2.6357133093429517
Q12220,1.0552544334514344,0.0006026527786009971,0.0023156314312060508,2.635330564172299
P31323,-0.11930407941937915,0.0006038271414532604,0.002318856975830491,2.6347260372710823
Q15654,-0.094115014141952,0.0006077236895586534,0.002332527065689643,2.632173308176762
Q92974,-0.11771472770061919,0.0006079171308905378,0.002331976850019991,2.6322757652159727
Q9UBR2,-0.142876030794735,0.0006082327091063796,0.0023318955026869173,2.6322909151579963
Q96DF8,-0.2672434998841311,0.0006085352594395098,0.002331764325599981,2.632315346393173
Q96P11,-0.16298641063895403,0.0006107685544668842,0.0023390273623499483,2.630964697708552
Q7Z3K3,-0.22647318803587524,0.000619179844471362,0.0023699288242784466,2.6252646968959246
Q12255,0.9886891918657419,0.0006208323667030355,0.002374941053619789,2.6243471651571566
Q9H583,-0.09990482345151719,0.0006243299603954984,0.0023870020131300006,2.6221472147214056
P40081,1.1638348269172418,0.0006309509728040365,0.002410984843098868,2.617805519850342
Q6IA86,-0.12535571431103065,0.000632138622009925,0.002414190743958478,2.6172284195013034
Q96BD8,-0.1522611442466726,0.0006342944680490593,0.0024210886972280523,2.6159892997730188
P47137,0.6039927812538117,0.0006344079766065027,0.0024201877851368733,2.616150935306879
Q9HCE1,-0.11316965958968694,0.0006361575936248587,0.0024255259792172476,2.6151940693907223
P49593,-0.08137965705973471,0.000638432005051851,0.002432858119416079,2.6138832177240867
Q2TAY7,-0.14464282491285374,0.0006385982919185038,0.002432153230607107,2.6140090671004637
Q9Y3A5,-0.1018147836356249,0.0006431404936105773,0.0024481059800767657,2.611169785233071
P28817,1.1947584552364852,0.0006452210711355035,0.0024546762068913333,2.6100057869766817
P49321,-0.06966752333160287,0.000645563068185272,0.0024546286019301615,2.610014209583447
Q8WWM7,-0.05778349798302784,0.0006469286246557576,0.0024584707997346135,2.60933494563676
Q99832,-0.06793178302647718,0.0006485135944117031,0.0024631421435582185,2.608510525074534
P12268,-0.09333244902146731,0.0006568854037353237,0.0024935715654952747,2.6031781630166297
P53210,0.8994463986530477,0.0006580763990946617,0.0024967238286747605,2.602629493818392
Q04119,0.7460360038105485,0.0006612062548129365,0.0025072245938251763,2.600806760780488
Q8TED0,-0.10589068739594154,0.0006613756335537345,0.002506494190873595,2.6009332975837287
Q8WU90,-0.09129230461470073,0.0006658187286841908,0.002521952339939462,2.598263125017845
P32264,0.9258396100790733,0.0006822115732345781,0.0025826314560285506,2.587937563641902
Q03629,0.5392174039559627,0.000682350939075214,0.0025817474875173673,2.5880862369497786
P35250,-0.08519209568764197,0.0006825459191605564,0.002581074792063185,2.588199410679024
Q9UBL3,-0.08024800684032485,0.0006852356748172108,0.0025898317753462706,2.5867284449579717
P0A867,-2.4865786260589466,0.0006910099144216947,0.002610230576898971,2.583321127201241
P11586,-0.08886897369659152,0.0006936170868816801,0.0026186503323711845,2.58192248892111
Q99536,-0.10721572964855142,0.0007002840555486108,0.002642379727857537,2.578004771179108
P11166,-0.20222623963893582,0.0007073601370342524,0.0026676261377043377,2.5738750359658034
Q7Z2T5,-0.1083937666524406,0.00071030729273216,0.002677282359759105,2.572305823501668
O00231,-0.10946120658158875,0.0007141469453207965,0.002690290233624154,2.5702008649559187
Q9NR46,-0.10922863201172106,0.0007223568368973524,0.002719738302706508,2.565472882421052
Q13200,-0.057644592664182426,0.0007236091663270268,0.0027229727541567025,2.564956704153461
P51858,-0.07811946795331437,0.0007256582546680723,0.002729200301641354,2.5639645893922896
P61158,-0.09483980632345279,0.0007266726330490513,0.0027315316564775413,2.563593761961097
P17858,-0.1251995723054371,0.0007304500165756879,0.0027442408653120254,2.5615777727447893
P32793,1.113470478413582,0.0007323370858595763,0.00274983838529919,2.560692829964387
Q6NW29,0.34480918381525427,0.0007351689850570245,0.002758975638230264,2.559252134326497
P0AGD3,-1.9155565909606587,0.0007355436988954361,0.002758886549919826,2.5592661580771123
P32657,0.32847039137381273,0.0007369178470245513,0.0027625442191651288,2.5586907616377967
Q5T6F2,-0.13424795759706853,0.000740552340284802,0.002774666885352797,2.556789148951033
P38828,0.7375000506167488,0.0007444127258084923,0.0027876223436982153,2.5547660631269027
P78346,-0.10934971906548441,0.0007448317998780976,0.0027876839904626746,2.554756459044892
O15355,-0.05961549449855852,0.0007478555271293165,0.002797488746538837,2.5532316518330047
Q9NSI2,-0.12851426831114665,0.0007482037039179075,0.002797279938405827,2.5532640693376742
P0ACB2,-1.4314676804973807,0.000750030865831768,0.002802597795477151,2.5524392239443894
Q01105,-0.10583029645446729,0.0007510005504369563,0.0028047075572952994,2.552112415289842
P33324,0.6120781813361731,0.0007533278865181759,0.0028118826340980323,2.5510028104044635
Q6P161,0.792517782706696,0.0007565229173810444,0.0028222870042814395,2.549398824019721
Q09666,-0.09091829229888049,0.0007573040781762782,0.0028236798262210824,2.5491845489759273
Q00169,-0.21793303475097758,0.0007595082629484726,0.0028303741725808525,2.5481561473925183
P30040,-0.16681835330978245,0.0007608836345922283,0.0028339743334677724,2.5476040873573633
Q14839,-0.07492418202510365,0.0007613346536687049,0.002834129646237695,2.547580286989831
P37744,-0.8380422775430567,0.0007632448489449507,0.0028397137743658455,2.5467254319522343
Q14151,-0.1034108867079766,0.0007639273019846034,0.0028407264441146045,2.546570585893964
P61201,-0.0957865003645999,0.0007645913003428079,0.002841669438311112,2.546426443462411
Q86TP1,-0.3251854527646678,0.0007657114712525673,0.002844305915747198,2.546023695433123
O15479,-0.09663548787075626,0.0007774325299205143,0.0028862964274368047,2.539659068187389
P21825,0.6641724102820632,0.0007774518677677677,0.0028848214000128745,2.5398810689518756
Q8N1F7,-0.09564688240719477,0.0007776122020317162,0.002883870855312053,2.540024191969653
Q9NTJ3,-0.10994167689458223,0.000777978827361755,0.0028836859746535284,2.5400520348335216
O95782,-0.12233707912731973,0.0007814288756679598,0.0028949243098581883,2.5383627867692393
P55060,-0.0492057656263718,0.0007907664022692457,0.002927950037065378,2.533436338410073
P31350,-0.1366019166388135,0.0007908759766107646,0.0029267906264312847,2.5336083445419133
P11234,-0.24861207404667596,0.0007922439929889357,0.002930287076632153,2.5330898302636857
P13639,-0.08115495044101806,0.0007943632114787114,0.0029365567945961544,2.532161595249702
Q9BTU6,-0.4878397936489556,0.0007977174107627638,0.0029473827919537766,2.5305634564007504
Q13616,-0.12182875553807904,0.0008025773476781319,0.0029637576295058056,2.52815731502202
Q7Z3B4,-0.12125636043798949,0.0008108720958629432,0.0029927923196988375,2.5239234193235824
P45880,-0.08780796637419641,0.0008113382207961982,0.0029929173365971637,2.523905278066417
Q8NE71,-0.08826832278733932,0.0008116587383110027,0.002992505380226508,2.5239650601026433
P54920,-0.07853304025411845,0.0008151632614859343,0.0030038267283281584,2.522325122633676
Q8WWC4,-0.2951509242825736,0.0008153033643888642,0.0030027449441640936,2.5224815555953586
P53890,0.7528844578100795,0.0008175286706929411,0.0030093399871759297,2.521528744060085
O14545,-0.12538774501986083,0.0008184924029280593,0.003011286608859661,2.521247907149982
Q9H7N4,-0.21739194424763042,0.0008187370293570846,0.003010586931103799,2.521348827964022
Q10570,-0.08940466521092105,0.0008197453537017937,0.003012694707553726,2.5210448754764676
Q9P305,0.619241777941415,0.0008238888419311999,0.0030263163615552404,2.5190856741660688
Q8N7H5,-0.12492424799431134,0.0008240041148239054,0.0030251349369250905,2.519255248761937
P06704,0.5250939897161153,0.0008268750062618558,0.003034066000719178,2.5179749761411228
O14737,-0.09448584779865143,0.0008271258825865872,0.003033379031265641,2.5180733196918625
P46778,-0.17003261448361684,0.0008350076032710858,0.003060663126018527,2.5141844686915897
P43304,-0.22807944309212047,0.0008452126808666906,0.0030964299483179714,2.5091387407482535
P61247,-0.0997850307745054,0.0008464274347252034,0.0030992403797130137,2.5087447382059205
P49790,-0.07368108246036442,0.0008509426176108206,0.0031141261545123266,2.5066637979660973
P0AE52,-0.9285084954393312,0.0008678167819800209,0.003174201478304102,2.4983655104297426
P0A6K6,-1.2841709973777675,0.0008739886881188157,0.0031950885303773393,2.495517103789873
P0A9J6,-2.4059814218201474,0.0008780187151545023,0.0032081274848178225,2.493748382017293
O75368,-0.17354832520457109,0.0008851477952205414,0.003232470112925648,2.4904654818695255
P34932,-0.07047549834854294,0.0008960991532659508,0.0032707382905711353,2.485354204731004
Q96HP4,-0.6346178648733307,0.0009001228693198062,0.003283693755095015,2.4836373529758977
Q6GMV2,-0.1508815433054025,0.0009051329170860819,0.003300231868301227,2.4814555463081125
Q96FK6,-0.37810183205958836,0.0009066812701694336,0.00330413742876482,2.480941897394945
P35579,-0.06884040562077942,0.0009102085670663687,0.003315246774522639,2.479484138805336
Q96FW1,-0.07050533914011581,0.0009118045429714975,0.0033193136990192686,2.478951701699525
Q8TAQ2,-0.15620528383627885,0.00091374010742392,0.0033246119305324344,2.4782590409666776
P49189,-0.08286123192176831,0.0009166388196497394,0.003333407136163233,2.477111639177578
P38694,1.1394437122389967,0.0009177397144597688,0.0033356586786978683,2.4768183949473186
O43396,-0.09147793443480623,0.0009191007426248213,0.003338852855159634,2.476402720089186
P25789,-0.09651235751791987,0.0009221770157047183,0.0033482714508334924,2.4751793401590056
O00429,-0.1283561565416136,0.0009255033927117325,0.0033585877836142747,2.4738432960355126
Q9BSD7,-0.13231567986011328,0.0009282085171955388,0.003366640006842279,2.472803320024286
P22102,-0.09472093544522053,0.0009309312404679376,0.0033747475963350785,2.471758703312374
Q9BPX5,0.36474935072038406,0.0009331099792879473,0.003380875717734038,2.4709707937696836
P49411,-0.0524735316935363,0.0009450602628816068,0.0034223835042846472,2.4656713260449346
Q15435,-0.20547013313819562,0.0009529615493318346,0.003449192769249149,2.4622825330081675
O94979,-0.09830146548456042,0.0009538556779752515,0.0034506252425813176,2.462102204984586
Q6ZN17,-0.11597619671580262,0.0009561835521776806,0.0034572401646361674,2.4612704502078495
P32337,0.6874662350749041,0.0009564896435800826,0.0034565419061317803,2.461358173486751
P09104,-0.23316664022657818,0.0009627280323854933,0.003477271203044943,2.4587614360372805
Q66PJ3,-0.26804101683005044,0.0009804868790654394,0.003539567857481284,2.451049757343554
Q5H9R7,-0.11613677811219603,0.0009835004904897933,0.003548596871365987,2.4499433346860555
Q9H4I3,-0.8464717118382197,0.0009840789921859606,0.0035488348655706202,2.449914208778638
Q53H12,-0.1627970041295761,0.000985769429867539,0.0035530804437287036,2.449394959729364
Q16891,-0.056998580964332746,0.000989734842898746,0.0035655171967902796,2.4478774645721573
Q01415,-0.2655348797251129,0.0009930070458187901,0.0035754450261306827,2.4466698950197374
O00154,-0.0937689619216755,0.0010006437344666171,0.0036010692398372435,2.4435685281177038
P33991,-0.08979527276108712,0.0010067349276584733,0.0036211078644713085,2.4411585383569805
Q13363,-0.19782699562459882,0.0010072848849073971,0.0036212048510378078,2.4411469065116553
Q15102,-0.09080424914004581,0.0010148805038423699,0.0036466178560480376,2.4381097457910434
P14550,-0.07695290660753784,0.0010183978288701735,0.0036573581779549176,2.436832505592472
Q8IX90,-0.17254386523915954,0.0010238023001189294,0.0036748611332418184,2.4347590675202686
P35658,-0.06483956769803001,0.0010251366219421899,0.0036777440260765404,2.4344185012890978
Q9Y3F4,-0.06133432546325679,0.00102875480313382,0.003688813183272175,2.4331133386816957
Q8N1B4,-0.42550253440529673,0.0010296980049196854,0.003690284154277382,2.432940191596127
P13929,-1.721157761731046,0.0010359440150731528,0.00371074824643896,2.4305385091088203
Q96JB5,-0.24052115810214048,0.001045076396758857,0.003741524804114956,2.426951371313712
Q9H444,-0.13135871499083507,0.001047706115825766,0.003749001109032354,2.426084431105107
Q99497,-0.08498065171531977,0.001048890846312527,0.0037513017664607116,2.425817998435971
P38712,-3.368351011942366,0.0010569663046663506,0.003778231643525974,2.4227114189866854
Q7Z2W9,-0.1486294644558086,0.0010632231507983606,0.00379863627251179,2.420372289073218
Q06706,0.3917270293061961,0.0010760307319449384,0.003842411958734788,2.415396074712721
P24031,0.6783753379398938,0.0010763530016857886,0.003841581537975464,2.4154899444316356
Q96BP3,-0.10743576009470246,0.0010841226625523412,0.003867318555132617,2.41259005315625
P08243,-0.08612076878754493,0.001085896594682698,0.0038716519163661182,2.4121036951644683
Q8IUF1,-0.4598876390211757,0.0010860430271300461,0.0038701811218983216,2.4122687098130418
P29218,-0.11380486174241611,0.0010902635076250136,0.00388322249320761,2.4108077253941826
P53350,-0.12735475575761157,0.001095954831835859,0.0039014865067514073,2.4087698907485846
P37898,0.4739721008228557,0.0011000405319473972,0.003914018830012219,2.407377089319119
P27999,0.5078655074222809,0.0011007392319404793,0.003914493293249039,2.407324446680869
O43390,-0.09793604535866862,0.001108217476218747,0.0039390645817959985,2.4046068987827063
P21281,-0.09543889301170339,0.0011162314443965001,0.003965513864033539,2.4017005274247745
P00954,-2.2926181455764123,0.0011172652530276718,0.003967151083058256,2.401521259750433
P50395,-0.06752534036812818,0.0011180952025559598,0.003968063138132991,2.401421426153796
O15213,-0.2811879956658636,0.0011307236647504276,0.00401082513049793,2.3967662725771546
Q03020,0.7702919175996001,0.0011344127191082736,0.004021850315978334,2.3955740968805816
O15347,-0.12851746858776636,0.0011347642696939127,0.004021037770399515,2.395661847464349
O43808,-0.252755981367752,0.0011577020996129527,0.004100219610087,2.3871928815986236
P0C8J8,-1.1787616271561419,0.0011633586304710332,0.004118146808477215,2.3852981752082556
P15923,-0.5737062640903474,0.0011639922554120804,0.004118284300701709,2.3852836756966065
Q9Y613,-0.12709594986244,0.0011643938422830887,0.004117601105193108,2.3853557281901767
Q13596,-0.09749405691000135,0.0011734162254453011,0.004147388435417696,2.382225287650592
P41091,-0.07504922017411886,0.0011752240378634122,0.004151658794982789,2.381778346283214
P24752,-0.07508082242943104,0.0011901179624393958,0.004202129919393359,2.3765305244185515
P61026,-0.15113422863304038,0.0011934587791158256,0.004211778076757378,2.3755345203400218
P20436,1.2556473211839254,0.0011957928708569694,0.0042178654293498,2.3749072805052833
Q96T51,-0.2142007195616884,0.0011960710679828064,0.004216698612379303,2.3750274389799606
Q9NY61,-0.16450306749372956,0.0011986112101250472,0.004223503317509326,2.3743271603482885
Q08945,-0.09713051128302652,0.0011988515975865702,0.004222201659048531,2.3744610279396596
Q13547,-0.10422027524580812,0.0011988566492822587,0.004220072923045429,2.3746800443457667
Q08742,0.501780845787227,0.001205794098883728,0.00424233655521897,2.372394880780202
P53297,0.6463717515999932,0.0012066288488739594,0.004243117394415081,2.3723149524329163
Q16630,-0.093068021983985,0.0012115784093205415,0.004258359850830167,2.3707576414823777
P02769,-0.07158715741574895,0.0012118757890852063,0.004257244020104499,2.3708714558722943
Q9Y277,-0.07814450063799683,0.0012142941042374527,0.004263576256460509,2.3702259650100252
Q9Y5K6,-0.09946175737090357,0.0012181212139143176,0.004274846064441325,2.3690795194310996
P18858,-0.10341496382026705,0.0012203362464809995,0.0042804499344652695,2.368510578233255
P30566,-0.1133388928691339,0.0012230652618944308,0.00428785006245926,2.367760409459192
Q8TD16,-0.29443469967281644,0.00122783549888564,0.004302395240022354,2.3662896956044963
P06782,0.5384692976592369,0.0012333699205387503,0.004319602088927823,2.3645562574772483
P57744,0.8011948214530875,0.0012373283946908293,0.004331274926612387,2.3633842486596306
Q99598,-0.19259224684029874,0.001237465190116097,0.00432956491984025,2.3635557439252106
P53920,0.6990004972353923,0.0012385092846133431,0.004331029437708479,2.3634088643904754
P13861,-0.09351352265329282,0.0012424952367445204,0.004342774870882917,2.3622326838469525
P38068,0.7048267051286885,0.0012430897546104613,0.00434266067655037,2.362244103877237
Q96SB4,-0.10211880684977004,0.0012610418417727304,0.004403153662347143,2.3562361581596054
Q13422,-0.24774024465079947,0.0012620862032098198,0.004404579068056851,2.3560955894437843
Q5JTH9,-0.05891542651347237,0.0012643956442063514,0.004410415839035152,2.3555204608531994
P68400,-0.1448517687288451,0.0012665396642507925,0.004415670007690074,2.355003389806532
Q9NR50,-0.08592892292587351,0.0012677600032419806,0.004417700182409398,2.3548037618786966
Q12206,1.14120073342524,0.0012701508604674814,0.004423805109595997,2.354204014092917
Q00772,1.738729106161255,0.0012708850701084234,0.004424136865475477,2.3541714461243948
P53992,-0.12973383607554823,0.0012720590691923973,0.00442599848999405,2.353988738575811
O14776,-0.05171587857291726,0.001278134314010168,0.004444903058868108,2.352137706337805
Q99257,0.766308542050048,0.0012850900582092283,0.004466849178233281,2.349998711098082
Q8N6H7,-0.11895392728470355,0.0012851830492118354,0.004464930974783115,2.3501852506617773
P36068,1.0437489712994683,0.0012886689457408385,0.004474796278991758,2.349226731727659
Q86Y56,-0.1739431417946875,0.0012930351227565184,0.004487706862138413,2.347975519023181
P09440,0.647352236308187,0.0012947291143100988,0.004491334863468499,2.347624563744903
P07277,0.5122699568105915,0.001296210308260523,0.004494221419326921,2.3473455347600103
P21127,-0.09605053943966269,0.0012984917171775235,0.004499878203071657,2.346799240991266
P25705,-0.07897092810882356,0.001304754764804903,0.004519320656082615,2.3449268433940085
P67936,-0.08219630199495498,0.0013069019593654934,0.004524494583323338,2.3444299273832154
O60763,-0.0909723698409266,0.001308394006072514,0.00452739635084762,2.344151483536312
O75152,-0.10030466037392216,0.0013111210498954464,0.004534566508229806,2.3434642239472527
Q9UIF9,-0.32383552915882774,0.0013164334056424956,0.004550666450658333,2.341924995727893
P20810,-0.15013238434970333,0.001317672293718063,0.0045526761285947445,2.341733243732455
Q9ULV3,-0.1879376925672318,0.0013263756963069028,0.004580461506847379,2.339090762218919
P0AES4,-2.0682926902573335,0.0013289055742813738,0.004586910367060933,2.3384797463452722
P38159,-0.10311667716320727,0.0013296551350669825,0.004587210839663073,2.338451298150578
Q9Y446,-0.09864627200296283,0.001333906053735597,0.004599584420351232,2.3372814057317974
Q9Y678,-0.1148469249805224,0.0013552981622334855,0.004671022635791266,2.3305880281146107
P49005,-0.1248137324822558,0.001357625347742681,0.004676715377000161,2.330059060273153
P52597,-0.0672487465263778,0.0013643951980193126,0.004697698831967041,2.3281148291521516
Q9UDY2,-0.33312004239829207,0.001371538805607644,0.0047199476590593075,2.3260628173633187
Q14677,-0.0977739754491509,0.001384329703553489,0.004761599039942553,2.322247178034854
P23921,-0.10261166066129945,0.001391844009449668,0.004785068481345333,2.3201118424519085
Q5T3J3,-0.3618662239910613,0.0013952871091374734,0.004794525034078345,2.319254409410058
P32477,1.118160872174382,0.0014031726225030756,0.004819229780858778,2.3170223660457676
P0A786,-2.5053142914107838,0.0014066532608686246,0.004828788883616438,2.316161781695259
P38841,0.5709637529009299,0.0014102898554968336,0.004838873617175459,2.3152557207473543
Q9Y4W6,-0.09833190873662545,0.0014181091330168832,0.004863292539380336,2.3130696057315543
Q96I24,-0.06071645383683588,0.0014242682368243676,0.004881996669194021,2.311402521221811
Q96T37,-0.11742526398310815,0.0014274681003641012,0.004890543853003977,2.3106428424663146
P32898,1.1485442147803795,0.0014413645530245158,0.0049357112587249,2.3066502546495196
P33298,0.7359353424864459,0.0014479494004764613,0.004955809020711329,2.30488543814128
Q6PJT7,-0.12007246551042883,0.001451705095592994,0.004966208538481171,2.3039750477274703
P32795,0.9343982299952529,0.001452950114509121,0.004968013132277113,2.303817264830682
P22255,-1.7359548383186443,0.001453273314042908,0.0049666655609245285,2.3039350829955283
Q86W42,-0.14591526238815788,0.0014563918922350586,0.004974868012745706,2.303218436947724
Q06704,0.523187792480666,0.0014662397003731792,0.0050060373202090195,2.3005059170329445
Q9Y4R8,-0.16667560572474827,0.001470782252261365,0.005019071618855442,2.299376607176719
P38217,0.6893578678816219,0.0014712481665629432,0.0050181883277250336,2.299453044066245
Q9NXH9,-0.10097344615356363,0.0014872867783486414,0.005070395693395368,2.2949581470271223
P42846,0.8518952098810182,0.0014987424896161687,0.005106935530562181,2.2918396245994868
O95071,-0.12608675880357012,0.0015111299938606354,0.00514661292547518,2.2884784936211306
O43837,-0.1021008122158591,0.0015167987301826478,0.005163379748173379,2.2870659329672396
P02008,-0.30496038731713426,0.0015253642178578242,0.005189986164347703,2.284833799907892
P50457,-1.9614199268345196,0.0015357141979136784,0.00522263512099917,2.2821103150536945
P46459,-0.11868318887987428,0.0015403421345550456,0.005235802130416856,2.281016774514686
Q99436,-0.08944551403090628,0.0015441372144110828,0.00524612663031518,2.280161230676014
P84095,-0.10820229470632015,0.0015495716616343836,0.0052620079377913055,2.2788485011122765
Q9NYB0,-0.08900245786946215,0.0015508922227544168,0.0052639106619370496,2.2786914900926205
P38779,0.5091475505220764,0.0015720444586020917,0.005333089579304695,2.2730211214603844
P08574,-0.13191198689930772,0.0015731515631929192,0.005334231843069428,2.272928112384881
Q9H2P0,-0.0922500585986441,0.0015756275347704035,0.0053400122617475645,2.2724577457423814
P46964,1.2305634208089593,0.0015906251957178744,0.005388203940876009,2.2685559748048627
Q8WVM0,-0.13691113192068727,0.0016036556446310608,0.005429687864755729,2.265225135882706
P48556,-0.0799658711948723,0.0016454712600813815,0.005568544968134646,2.2542582688946067
Q9HCG8,-0.19866377612249764,0.0016592136776978521,0.005612308502383942,2.2508584643007445
P39023,-0.08662963589884498,0.0016710952202270428,0.005649737941822287,2.2479716960849823
Q5VT52,-0.17555032527057435,0.0016718476426741413,0.005649523220046732,2.2479882020283255
Q9BWF3,-0.08624897328472159,0.0016737064776314327,0.00565304568347319,2.2477175048989553
P37303,0.5772354998801319,0.001674328983136241,0.005652390969885584,2.247767806096045
Q92614,-0.2063046192572351,0.0016816063756553835,0.00567419227341027,2.2460959519616854
P38606,-0.07025034111518735,0.0016851494862454585,0.005683378004268658,2.2453934578548753
Q8IUR7,-0.24858227302104297,0.0016886418503855795,0.0056923837254477866,2.244705831667962
Q04660,0.6680920332856175,0.001690385856576744,0.005695489864203102,2.244468916682158
Q9H4A5,0.764708455194846,0.0017099807479818412,0.005758709483962193,2.2396748302553995
Q9Y3Q8,-0.13520979516738763,0.0017111572601920353,0.005759870135911353,2.239587308224859
O75616,-0.12927054981343034,0.0017138843067389525,0.005766246326462832,2.2391068090621817
Q14C86,-0.07330764224428066,0.0017171241129907626,0.005774340630572142,2.2384976005012938
P62701,-0.0785186870841521,0.0017359429509162,0.005834790772885325,2.233974712508159
Q9Y520,-0.08434016746996065,0.0017428109658828143,0.005855033055687825,2.232470648693703
Q92620,-0.15851357907639496,0.0017568801844244414,0.005899436661956756,2.2291894572196025
Q9NZI8,-0.05431025914996468,0.0017573014339992076,0.005897990852646881,2.229295905342726
Q05827,1.331394628790889,0.0017649013820649898,0.005920628473555227,2.2276321905557723
Q9NR09,-0.20128426084537665,0.001769476123060987,0.005933100569527493,2.226718290054479
Q13177,-0.08173159784386996,0.0017700746266960663,0.005932234615316343,2.2267816812912695
O43488,-0.12590277493495705,0.001774068749403237,0.005942744083632324,2.2260129716531805
Q12489,0.6739711710045277,0.0017745967911332477,0.005941638385786561,2.226093783336192
Q96EK6,-0.27858193847592005,0.0017764351094168526,0.005944918655196852,2.2258540834911824
P0A6G7,-1.681183315980089,0.0017865730054030318,0.005975957241261156,2.2235925186141383
P29692,-0.08796885321079273,0.001787601142517682,0.00597650908295144,2.2235524161290705
P38875,0.6677758952315322,0.0018028212108320756,0.006024485552027651,2.220080032811959
P47165,0.7210405932530648,0.001806577961143562,0.00603412725661265,2.2193855350191876
P35189,0.7394746349391745,0.0018089110587784024,0.006039006832681609,2.219034479019893
P05783,-0.07001526415777093,0.0018146400755407648,0.006055213437611689,2.217870543991897
Q9H2K8,-0.1833195992360288,0.0018160972737905874,0.006057156803336237,2.2177311834867366
O43719,-0.10338402370936706,0.001847449093201155,0.006158756630392295,2.210506957164165
P40501,1.0164718702340316,0.0018496064719747138,0.006162981333952319,2.2102091476309638
O60749,-0.08475154229653015,0.0018521950989090312,0.0061686382226292125,2.2098106994469
Q06323,-0.06342239642781422,0.0018594322627812998,0.00618976393629698,2.2083259136807767
Q13011,-0.1317990182755402,0.0018667537144466473,0.006211149792805664,2.206827996852586
P0C2H8,0.7901009462772492,0.0018669323269751815,0.006208760534090372,2.2069950901505853
P31943,-0.08236017048560029,0.0018720560741367909,0.006222811453347643,2.2060133576225054
Q9NZL4,-0.1428849817361879,0.0018858516123808594,0.006265660539407423,2.203033137998157
Q14249,-0.15914954563920958,0.0018915372362655533,0.006281536606188341,2.20193410499551
P52907,-0.11284489618013183,0.0018928847632312667,0.0062829981306871,2.201833069495011
P0A6Q3,-0.967331952475881,0.0018946643858415103,0.006285891810046295,2.2016330981361674
Q6IBS0,-0.09403294524780392,0.00189704359815471,0.006290771012271653,2.2012961230993375
P0AED0,-2.009346921753899,0.0019041321978840496,0.006311254829176237,2.199884283987677
Q15020,-0.09206789483469535,0.0019058574545200695,0.006313950724926776,2.199698811733618
Q29RF7,-0.0859847931612201,0.0019061635542831495,0.006311944739290544,2.1998368120049476
O60885,-0.0857614982795667,0.0019266778735304556,0.006376824854839806,2.1953955111327366
Q96A65,-0.20588414824792167,0.0019335398622428819,0.006396478741600437,2.1940590391324184
P35659,-0.08249700608839561,0.001944203502095004,0.00642868435936285,2.191877897049549
Q03497,0.7680602304392607,0.0019448364283876254,0.006427707603893039,2.1919438874942614
Q9BV44,-0.1345253598350915,0.00195148137398402,0.006446592096118967,2.1906698086176672
P10746,-0.3562948995048387,0.0019516499864223932,0.006444074633280234,2.190839438359264
O43264,-0.13170611647097985,0.001957408224455648,0.006460006933332177,2.1897670158893914
P38203,0.7773149829690311,0.001961540445428976,0.0064705602878276465,2.189058112008809
O75694,-0.08038202249140625,0.0019775720898822526,0.006520337690640341,2.185729911417787
Q9BVS4,-0.14660624257714971,0.0019863470477360762,0.006546152764647593,2.1840138639731195
Q14160,-0.19572435093265028,0.0019916326315185776,0.006560449258151585,2.183066419213444
Q3E754,0.9441537528235955,0.0019972888778822815,0.006575952539446941,2.182041329885689
Q96T88,-0.11400871703078863,0.002020569351178315,0.006649440203212288,2.177214915131368
Q13492,-0.11714399794400165,0.0020216943687348314,0.0066499818570641194,2.1771795395672244
Q8NCF5,-0.9135594359216341,0.002028268465536376,0.006668438202931561,2.1759758691226607
O75717,-0.11470831536223614,0.0020397150512317798,0.006702888948613594,2.173737975803028
P01097,0.7533387957405004,0.002055168225044906,0.0067504671680317496,2.1706661706537647
P19525,-0.2170366692733765,0.0020576928853246555,0.006755555020383079,2.170338964571231
Q9BZX2,-0.18368230286294462,0.0020660703264036096,0.006779844047402176,2.1687802958278684
O00267,-0.07476411229704638,0.0020802948835660865,0.006823288381720314,2.1660062731663596
P37838,0.6278027138688635,0.0020803575570854317,0.006820263127490307,2.166198869828466
Q96BP2,-0.22175991558036756,0.002085601072373405,0.006834217617185734,2.165311196383289
P61923,-0.1622868627755345,0.002087273650002317,0.006836462986100304,2.165168533209962
P32466,0.9559673566952043,0.002101582724983096,0.0068800750769659365,2.1624068226170867
P13667,-0.07797734203478157,0.0021041389561456377,0.006885188153285631,2.1620841871692678
P17655,-0.1584267182564183,0.002143042515157397,0.007009176369839309,2.1543330118549076
P0AEK2,-1.3375350512210993,0.002144823095814042,0.00701168796761871,2.1541774190124454
Q9UBQ0,-0.11164923368788848,0.0021452273222810334,0.007009699848737082,2.154300577871861
P52789,-0.09018133117953653,0.002149983397312137,0.007021926907070395,2.1535436955230756
P53365,-0.2991168019554067,0.0021638973025586653,0.0070640381531900985,2.150946963779981
P26358,-0.11369356557800714,0.002166296145654722,0.00706853652804585,2.150670493357935
Q96EK9,-0.14594138918965527,0.00216706969754132,0.0070677299038040976,2.150720055589834
Q9Y224,-0.10414989463122737,0.002176940129871,0.007096578841443881,2.1489509679519334
P26196,-0.11979476014192869,0.00217992249967658,0.0071029568883579485,2.1485608212852965
P08238,-0.0812281853884258,0.002182729578794715,0.00710875804495513,2.1482062672500426
P13856,0.5100048514361397,0.0021865192495501193,0.007117752366659627,2.1476571255853405
Q9BPX3,-0.13375379492149975,0.0021895692867146817,0.007124331645306604,2.1472558718626207
P35580,-0.05977248912712341,0.0021920105064541493,0.007128924728364739,2.1469759708149128
P53582,-0.12340631496895682,0.0021979118096452075,0.007144761206564984,2.146012281695149
Q07418,1.1790130530103013,0.002199779706453177,0.007147477563341997,2.1458471992623216
P17152,-0.4212433263038591,0.0022062095076165644,0.0071650068624470415,2.1447833893110952
P15254,-1.5125141871507424,0.0022089492103075673,0.007170541177763523,2.1444480658598084
Q12451,0.5639221712384845,0.0022124552494533316,0.007178556770016339,2.143962860746658
Q9NY33,-0.1236337323188117,0.0022164356182167743,0.0071881031477906065,2.143385699482531
Q9UBP6,-0.16035322050767675,0.0022248595848222068,0.007212044833946142,2.1419415821333727
P36973,1.113277767437129,0.00222982351709305,0.007224753407745568,2.1411769714756357
P42166,-0.09632317703667681,0.0022325567365743936,0.007230225839121188,2.1408481371242356
P48643,-0.06888971030858926,0.0022543217138348915,0.007297299460772692,2.136837831150024
Q9UDW1,-0.12954942377914236,0.0022563704458575763,0.0073005182089335785,2.1366463114832914
P40563,0.7151218391805081,0.0022735384925395975,0.007352629856302743,2.1335572965893106
O14828,-0.10834729331729775,0.002274859873989394,0.007353468612279443,2.133507756992725
Q9NX02,-0.2822790386763714,0.0022808091744287292,0.007369259320459412,2.132576160608027
P49406,-0.1892676828872979,0.0022878305626298626,0.007388497581925918,2.131443864475979
Q9P289,-0.0944422633792108,0.0023220378571779153,0.007495473250862417,2.1252009413681288
P55084,-0.061918589897228316,0.0023269314757135818,0.00750776958892863,2.1244890642063052
Q92598,-0.08752815182137397,0.0023481237012438596,0.007572616910765013,2.120754013035294
P62879,-0.1361165410755305,0.002348925980504774,0.007571677601962316,2.1208078863444793
P82914,-0.24614670392077187,0.0023540187465293824,0.007584562959967169,2.120069439207244
P49591,-0.06430477753539421,0.00235627180364543,0.007588291148112074,2.119856014421125
O15372,-0.08646842353103068,0.002360007197830008,0.007596787465260332,2.1193700236491324
Q7Z478,-0.2526876563916467,0.002360509433054936,0.007594873287394227,2.1194794674950113
P39985,0.6880247000308124,0.0023659375650312,0.007608802461809582,2.1186836908185813
O43242,-0.06817286374871045,0.0023669621198259814,0.007608563471529757,2.118697332096608
Q06679,0.4959242983590393,0.0023704762163647562,0.007616323583345509,2.1182546130117
Q96GQ7,-0.11706723926246809,0.002372294004607595,0.00761862879772866,2.118123186031319
P53898,0.6591188782804629,0.0023745010686909746,0.007622181455547662,2.1179207165183223
O60716,-0.12705055287970168,0.0023827458988787196,0.007645103152843491,2.116616650420596
O43809,-0.07661945298527328,0.0023950019832008214,0.007680867870163265,2.114589705759075
P43569,0.8497427121117553,0.002395061466269704,0.007677502589097884,2.1147800284269667
Q9UPU5,-0.14528591088808085,0.0023991151672333785,0.007686938185064281,2.114246611319626
Q15370,-0.09859728577623628,0.002416083533002827,0.007737725431318953,2.1113866850281497
P53903,0.7916686768163252,0.002422047185494628,0.007753238424579197,2.110516860569772
P13489,-0.09074427270050123,0.0024297959196412865,0.0077744486818836726,2.1093303988162546
O60610,-0.08213674484394318,0.0024317829030933856,0.007777212388461248,2.1091760407031956
Q3YEC7,-0.141662462863124,0.002444221643140187,0.007813384421561705,2.107160807706826
Q04410,0.7540947490646417,0.002448274728666344,0.007822729220713321,2.106641702348285
P12754,0.6814237859702104,0.002469190020333733,0.007885918681176553,2.1031477056419976
Q12271,0.8364642205188773,0.0024742281638254027,0.007898365978020789,2.102462746700702
Q9BQE9,-2.18157123352778,0.002492946939920555,0.00795445373825342,2.099389639601064
P38822,0.6544898949431044,0.0025030208145895277,0.007982918526125237,2.0978383031271437
Q15056,-0.12974902685799705,0.002505947401771765,0.007988572656476841,2.0975308105222052
Q96K17,-0.06743568164849023,0.0025115194459069254,0.008002651009415346,2.0967661220026956
P62424,-0.09758281466774577,0.0025145647026731024,0.008008668813849384,2.096439665544292
Q16512,-0.09603826030402729,0.0025214544276465304,0.008026919750356127,2.095451078888398
Q9UIG0,-0.6849766157110828,0.0025296415634458967,0.008049282254273616,2.0942428434713265
P32836,0.9534568469188258,0.002539143994093998,0.008075807540242003,2.092814039555894
Q15785,-0.09660756915369362,0.0025496415525360656,0.00810547204304854,2.0912216878208247
Q12800,-0.26122443411292906,0.0025524915222182197,0.008110808306488734,2.0909358627364334
Q9UHI6,-0.1096820614770877,0.002553080669859466,0.00810895897160869,2.0910348969486146
O43847,-0.08751320141012897,0.0025549651866644133,0.008111223728777808,2.0909136194555114
O75475,-0.09504985806472632,0.002567318977144109,0.00814670788164336,2.0890178560061416
P47755,-0.09660498777497395,0.0025724224245879646,0.008159163017795266,2.0883543897015824
P38869,1.1595878782622044,0.002578377986341322,0.008174308231422763,2.0875489902258186
Q99661,-0.07949719372221153,0.002588961883201309,0.008204106214776139,2.085968725657088
P38428,1.144005640354937,0.002597104286776998,0.008226143678702622,2.0848037093268705
Q92925,-0.10231262431149446,0.002601260233592455,0.008235539943938802,2.084307922057561
P47985,-0.11532253280318017,0.00260785163733105,0.008252634706069557,2.083407378039732
Q12872,-0.15781059886899484,0.0026180659841294773,0.008281173537739836,2.081908114320121
Q8NI27,-0.10522256361676696,0.0026187673726003227,0.008279609720495268,2.0819901342573965
Q9H0S4,-0.15172577881700988,0.0026257587855287225,0.008297925071200763,2.081030491091881
Q5TA45,-0.33334907859862284,0.002627510593712902,0.008299673061527435,2.080939014897551
P41214,-0.18208349897185983,0.0026307983575318042,0.008306268959211225,2.080594010426942
Q15397,-0.08381947570669723,0.0026495302432504356,0.008361598634578858,2.0777106828716017
Q99459,-0.12051902438804518,0.002652175494478772,0.008366133541581328,2.077475207421059
P53845,0.7414037353242335,0.002660329860439216,0.00838803458728649,2.0763397874297866
Q9HD45,-0.17257137165922032,0.002667375367721527,0.008406421049660379,2.0753888614202056
P40047,0.3984477645647395,0.002678244028324573,0.008436834236633004,2.073820483644104
Q12018,0.6253322009941726,0.0026947209233185335,0.008484878432495464,2.0713543756768438
P38116,1.0984538692818262,0.0026980930639589154,0.008491634715841604,2.071008696124785
Q9UDY4,-0.23100908552549626,0.00274701859474546,0.008641688664251504,2.0634013841522134
Q9NTZ6,-0.08058748117163717,0.002755000745258322,0.008662863378823172,2.0623385347630725
Q9BRJ7,-0.3538392537074344,0.002764312314589463,0.008688197215713773,2.0610703294766672
Q00796,-0.13677590751170143,0.002769363455973386,0.008700123670217661,2.0604745739432926
P55010,-0.10583869531080836,0.0027839490456191746,0.008741978771821843,2.0583902524439215
P42285,-0.08171781006175394,0.002801283214404108,0.008792422926806005,2.0558914299612114
O43760,-0.15591984377677903,0.002805571781348822,0.008801893526986519,2.0554238892293224
P51570,-0.17835223610865825,0.0028314928955918274,0.008879192395415675,2.0516265335642707
Q86ZR7,0.30671072593526816,0.002834878681737078,0.008885785419804223,2.051304178617111
Q8TDP1,-0.16816432109348867,0.002846633834544329,0.00891859396849997,2.049703607490792
Q8IV38,-0.19540081252942088,0.002856039229693734,0.00894401430411552,2.0484675148921925
Q6L8Q7,-0.11326808103111574,0.0028667760348669844,0.008973579233914557,2.047034298149637
Q8IXI1,-0.14032830975346045,0.0028850223807405143,0.009026613178602495,2.0444751681526347
P55196,-0.13079208362451666,0.002888495212257535,0.00903339695107099,2.0441489053136928
P31689,-0.11740235465668647,0.002896413782878841,0.009054071798037517,2.0431560659079335
P23919,-0.10428328583576985,0.0029053496395611373,0.00907790654527135,2.0420142925208933
P33755,0.9639298417230862,0.0029276370083204666,0.009143418423820888,2.038891405464686
Q7Z4W1,-0.12233881518633538,0.002935794047015437,0.009164760135949001,2.037878897095322
P50570,-0.11489408372463927,0.002935796523064717,0.009160637731275395,2.038074291230292
Q6NYC8,-0.22027714841606993,0.002937242816601285,0.00916102219015644,2.038056064893672
P54730,0.8357972114023084,0.0029493814008951878,0.009194739675730878,2.036460562129441
Q9NV06,-0.0828282438952499,0.002966102665097556,0.009242706954606425,2.034200816303969
P48363,0.7068530573255174,0.0029838392426788595,0.009293793484619174,2.03180698211396
P07014,-1.9019400445040802,0.0030115707624593607,0.009375951420534448,2.0279846515231346
P03872,0.7367278961538624,0.0030265276257090113,0.009418281923779413,2.026028313669343
P48444,-0.08146551501080168,0.0030345479619099934,0.009438998242706555,2.0250740947644505
P54964,0.6993148068327244,0.0030643243700145266,0.009527338095186612,2.0210284227672353
P30153,-0.06689338894280894,0.0030764985440859278,0.009560895834493252,2.019501413398616
Q15437,-0.10597255234825909,0.0030792864007976456,0.009565266504765768,2.0193029252773775
P40222,-0.10945313066264717,0.0030825567518105654,0.00957113136750509,2.01903672286859
Q9BQ39,-0.09758701224189892,0.003084588844629534,0.009573147987545896,2.018945227446609
P07814,-0.05450140675154458,0.0030859527149499316,0.009573089873796294,2.0189478638372105
Q15366,-0.09283363381067034,0.003099402397034653,0.009610507029587075,2.01725369928847
Q92888,-0.11277878292611376,0.0031048389319768502,0.009623054953002556,2.0166870341354666
Q9NVJ2,-0.11275364478470706,0.0031125464243131895,0.009642627043375627,2.015804630514964
P25644,0.8242978926807822,0.003120288123706645,0.009662287553016463,2.0149200419033173
Q9BZK7,-0.10684654690732032,0.0031254357102108855,0.009673901143272316,2.0143983549412265
Q6UWP2,-0.17666539186380348,0.003137209547393338,0.009706004873168665,2.012959494971101
O43482,-0.14687175664084862,0.00314202009055064,0.009716546273770716,2.012488076718382
P36095,1.1447694120390892,0.0031450125807285707,0.009721458530787779,2.0122685720744573
P53927,0.8860844371320304,0.0031537457048213483,0.009744103195083897,2.011258125284047
Q5VYK3,-0.14001581627024962,0.0031625181596300848,0.009766849124566775,2.010245521083741
O94925,-0.12325589591667452,0.0031635286647762025,0.009765614121672057,2.010300440418416
O14617,-0.14059871082600495,0.0031817134227636627,0.009817372432805527,2.008004733254751
Q15645,-0.1288173643376922,0.0031887527358492053,0.009834709996890824,2.007238441907021
P69850,0.9700573368785292,0.0032239433783762214,0.009938817431824112,2.00266528696952
P21375,0.71820214270614,0.0032677046052761696,0.010069241961251535,1.9970032230349803
P06786,1.1637791993041624,0.0032744903912605354,0.010085663464896774,1.9962955273306333
P25555,0.6386017903069039,0.0032772471063810104,0.010089666058062302,1.9961232075530635
Q9Y617,-0.07823653738861935,0.0032875062509290765,0.010116752569525746,1.9949588716333329
Q9HAV7,-0.08516025953795037,0.0032938851359391344,0.010131879467455604,1.9943099853767805
P14735,-0.0685838705357753,0.0032984775615019593,0.010141500282344389,1.9938977929172272
Q01650,-0.14242500391337742,0.0033032616632103985,0.010151701622755792,1.9934611554420176
Q9UHX1,-0.12892556109664355,0.003314931249882505,0.010183045241431439,1.992122326736158
P14406,-0.11407911149041183,0.003317217535331446,0.010185549540858064,1.9920155345456194
Q9Y262,-0.10011961567679961,0.003343915370516073,0.010262974302062628,1.9887267585440103
Q8NBF6,-0.18155751168663414,0.003358046729494392,0.01030177915596773,1.9870877645284952
P50094,1.1373857455410068,0.0033863245553071527,0.01038392879581343,1.9836382985571246
P48439,0.6390223342583283,0.0034066508925493567,0.010441633811426182,1.9812315415855188
P27306,-1.0264670010421604,0.0034115340090673566,0.010451974105655919,1.9808016748904331
Q9H4M9,-0.0956714114735604,0.003428546940384826,0.01049945113455309,1.9788334033553232
P08195,-0.11508423259637723,0.003445265608701947,0.01054598544414336,1.9769128324292256
P42229,-0.06208453383441537,0.003446499139458488,0.010545099443928667,1.97694932035827
O15530,-0.47976792499210674,0.0034594158203864276,0.0105799448499804,1.97551659613936
Q9Y371,-0.14486750580752528,0.0034695088806661676,0.010606127810036444,1.9744431436836911
Q8NEZ2,-0.38498071560733393,0.003470173482025866,0.010603478018334994,1.974551659601378
P00492,-0.10438240308513969,0.0035057132343759073,0.010707348228856984,1.9703180727882286
Q9H2J4,-0.0820112528542154,0.003527218623855091,0.01076828119557877,1.9678536121009973
P28066,-0.1043870150932733,0.0035335753526737753,0.010782933337114685,1.967263079703122
Q9Y2S7,-0.14536633379789166,0.0035475032179647444,0.010820666203166473,1.965745999908543
Q99798,-0.05297197511021068,0.00356100027458918,0.010857052356343232,1.9642880678536219
Q9UL63,-0.31638899479357363,0.0035706664292292894,0.01088173167076743,1.9633019874304647
P0ADZ0,-1.7172921969559418,0.003579206722119285,0.010902959676178587,1.962455594118476
Q96MG7,-0.24036529782379645,0.00357981599429197,0.010900020204255761,1.9625726970512427
Q9NY12,-0.18323895295842263,0.003584600135207802,0.010909789598320362,1.96218362495424
O60231,-0.2179587583583853,0.003588726618498672,0.010917549695292093,1.9618748225490987
Q9ULH0,-0.1520131955695767,0.003639130800025501,0.011066026200868058,1.956008305847969
P22570,-0.06569937214989707,0.003639911376041321,0.011063540986703294,1.9561058508919813
O75792,-0.18464948867913478,0.0036415423231150757,0.01106364152928863,1.956101904154526
Q96S55,-0.33590837280891606,0.0036631891718013477,0.011124527116470408,1.953718441027695
P07947,-0.11641172873650873,0.003676361824487061,0.011159635805676638,1.9523499783523688
P48729,-0.10026367757639676,0.003678157928970421,0.011160195223571952,1.9523282082856739
Q8NFH5,-0.09906969284220679,0.0036838126878775135,0.011172456877294745,1.9518513129252966
Q8IX01,-0.12483790114752225,0.00373602408256439,0.01132584533611026,1.9459293733233418
P11310,-0.09427673899826416,0.003751175534619132,0.011366800613436704,1.9443617579558736
Q15365,-0.08425368286598456,0.003757323066867157,0.011380448344264302,1.9438406281338771
Q9H5Q4,-0.2175375881848609,0.0037582559671727467,0.011378296596722386,1.9439227497173923
O15305,-0.24379110078578847,0.00378458034927977,0.011452987036019725,1.941081230871815
Q08235,0.9583833729974458,0.0037845931191580417,0.011448022174333893,1.9412695380374552
P62913,-0.066698286876818,0.0037888024162067427,0.011455750187692352,1.9409764654700223
Q08873,0.8422929378791331,0.003804384425120906,0.01149784275841866,1.9393836349506155
Q7Z3U7,-0.24995033952076184,0.003806007564908868,0.011497729659436738,1.9393879069263564
Q8IYB8,-0.14723142674950296,0.003812450560229075,0.011512170815100793,1.938842775056047
P0AB77,-1.7335651352703536,0.003819109653656881,0.01152725163117709,1.938274226416844
P82930,-0.16200217243368797,0.003823355747613192,0.011535039301295747,1.9379809214457226
Q9BRX2,-0.13054327536354648,0.0038386082932786374,0.011576012117883835,1.9364410272650272
Q92616,-0.09609910534690158,0.0038445497831209046,0.011588882324044033,1.935958447030918
P84022,-0.17068985422974947,0.003850478583481133,0.011601703094875267,1.9354782529786825
Q15555,-0.09467208646753633,0.003855184626750838,0.011610830080740672,1.935136730597473
O00625,-0.251033538040609,0.0038577517063759915,0.011613509919542332,1.9350365047818758
Q9NVI7,-0.061999664015633726,0.0038685679360730162,0.011641010164871606,1.9340093315422981
Q9Y316,-0.14377558726831907,0.0038718713188781962,0.011645889231934244,1.9338273449328283
Q9Y5A7,-0.15899853964197774,0.003906144843543792,0.011743876203515942,1.9301885354604704
P49327,-0.056936591857638774,0.003913111005137073,0.01175971380189631,1.9296032476280467
P06744,-0.08652058331011503,0.003941226229072894,0.011839067423037189,1.926682506141828
P53877,1.1553461880179299,0.003942625756911137,0.011838135620491201,1.92671668895501
O43929,0.16235013083615613,0.003965991005564011,0.01190313035219992,1.924338810379958
P40364,1.0246775448183563,0.003989327453279219,0.011967982359837656,1.9219790596058515
Q12025,0.7269035426920212,0.003990050601819149,0.011964967677347678,1.9220884702698087
Q9H4A3,-0.13440109331081018,0.0039940839322944195,0.011971877552903272,1.9218377337271337
P82663,-0.17150361741492048,0.004010668887267709,0.012016387440693041,1.9202260772904403
P00044,0.87076294535877,0.004024517694663491,0.012052664583845159,1.918916929343588
P43620,-0.10360378440439177,0.004034764742583453,0.012078128438239442,1.9180003564364225
Q00013,-0.11436012839472909,0.004067311428625004,0.012170295735436269,1.9146988683839385
P42704,-0.07566131229609141,0.004075396974895657,0.012189221880854223,1.9140240174035457
P50416,-0.1521739410166134,0.004139800372727593,0.012376501632455031,1.9074020965459113
P36551,-0.1096204257428468,0.0041495580659990875,0.012400319399645093,1.906567128408981
P42898,-0.17198997619890122,0.004163488371319571,0.012436580449964069,1.9052990164186865
P51398,-0.14945689223791092,0.004170230548915456,0.012451348133113677,1.9047836240642233
P0A6L0,-2.097169581061692,0.004183451294180307,0.012485438259010538,1.9035962086086387
Q8WU79,-0.14225102524186184,0.004204961093761734,0.012544226890653272,1.9015560993927705
Q04637,-0.05784630805175084,0.004214437495936773,0.012567082352224899,1.9007655389734142
Q9BVQ7,-0.17704422989168478,0.004215197630096897,0.012563938179419249,1.9008742092046966
P11908,-0.08865568888471742,0.0042404326077005615,0.012633715738261053,1.8984688990653247
O15027,-0.127254739547233,0.00425489519075494,0.012671352387435358,1.8971770312841232
Q15021,-0.08666770614551567,0.004268207099694148,0.012705531366415427,1.896007167317552
O94874,-0.21447333407961722,0.004297240918923502,0.012786461591158715,1.8932496215919197
Q7Z4Q2,-0.26140050358952394,0.0043171677484393715,0.01284023603530679,1.8914269927867071
P78344,-0.0704871300572556,0.004319646798966123,0.01284209293088941,1.891364191667115
Q08959,0.8522068132310743,0.004324903690544219,0.012852203070097927,1.8910224210347564
P63151,-0.17612774305920453,0.004327540257987219,0.01285452112668533,1.8909440976218104
Q8WUM4,-0.05454979371685553,0.004333995987209603,0.012868176764768136,1.8904829820072353
P38113,1.2400102852512838,0.004336936933693579,0.012871389339431778,1.8903745727628278
Q16576,-0.0788520938767121,0.004352281796722829,0.01291139638410834,1.889026785687263
O14662,0.6357445486919033,0.0043541312119028935,0.0129113509684007,1.8890283133164458
P40347,0.5526909054133711,0.004372609706607706,0.012960594866674552,1.887375064716559
Q03701,-0.08413630558314367,0.004398238899534577,0.013030982516207707,1.8850228379113088
O75600,-0.23250068460317053,0.004409302143037199,0.013058172813682448,1.8841175881797054
Q9UKZ1,-0.36073982531127413,0.004430309089465947,0.013114775603019331,1.8822391358936192
Q0VDF9,-0.1360750188554256,0.004442270408749911,0.013144564235121533,1.8812538069268903
Q13617,-0.1264719719281544,0.004455718566924971,0.013178725056552114,1.8801266024648093
Q9NVI1,-0.13675613282170573,0.004459239144865147,0.013183506336057336,1.8799690677480096
P32831,0.9486875656597498,0.004493293413429149,0.013278516258891775,1.876850450312585
Q9UBC2,-0.14491407780876386,0.004509597382072104,0.013321012062059406,1.8754627784487063
Q9Y6G9,-0.06861997983143908,0.004518040604734847,0.013340261470014533,1.8748356581352386
P10619,-0.4333669241661475,0.004528985546650839,0.013366878058401711,1.873970013854734
P30850,-1.726892685121797,0.004538031177350652,0.013387868714092848,1.8732885551299603
Q12906,-0.057271844602386324,0.004555551285298439,0.013433831814057237,1.871800093188145
Q9P2J5,-0.05301123768779803,0.004566162796348213,0.013459391741981706,1.8709745663430872
Q07955,-0.07709400104609898,0.0045695171858066794,0.01346354765724487,1.870840488035097
Q8N122,-0.31916713410443975,0.004586980706625139,0.013509253259324738,1.8693686564789098
Q5JTZ9,-0.09116523538200028,0.0046031936011812925,0.013551238305518397,1.868021017359218
O15160,-0.08737991550901825,0.004612214612071847,0.013572024638327865,1.8673553606184228
Q9H8H0,-0.13659582210314625,0.004658001528523764,0.013700935676932261,1.8632497725915877
P54619,-0.1513421358691076,0.004662912645362406,0.013709557178976347,1.8629765727694159
O00151,-0.10568044499808948,0.004673918565511751,0.01373608325450058,1.862137085577147
Q7Z7F7,-0.29683734452680355,0.004695751200341988,0.013794391731509514,1.8602974451284804
P18206,-0.054755945708119924,0.004705636984470218,0.013817570178317128,1.8595683209941714
P08559,-0.1216201637844172,0.004729213809266993,0.01388091412266412,1.8575819326307008
Q9ULA0,-0.14170231588401805,0.004746710318604413,0.013926365358481763,1.8561622152863089
P35232,-0.07002927571671336,0.004747683056711877,0.013923319561487945,1.8562572090240468
P43034,-0.09625067263995746,0.004772765200265942,0.013990950993497621,1.8541527646224385
P35606,-0.08719373267078367,0.004783491153947438,0.014016459056255632,1.853361687265183
P0A6W9,0.6707382942370721,0.0048041575082563934,0.014071060316060603,1.8516731753396816
O00442,-0.18479952549741085,0.004831702400113992,0.014145753665280878,1.8493739090091708
P38325,0.5687470262985457,0.004833527997758812,0.01414511743722824,1.849393442542199
Q03154,-0.1101163524560036,0.004847726747866662,0.014180675962073836,1.8483030667832985
O43318,-0.1689447755159641,0.004886513244808959,0.01428809869385863,1.8450255585919952
P47818,0.9770994150992287,0.004905538156890465,0.014337672519337097,1.8435213433717323
Q96T60,-0.25599543692251103,0.004918050358729894,0.0143681775037324,1.8425983153917402
Q9BQ52,-0.11981421975849571,0.004918887475258613,0.014364562158874161,1.8427076070464055
Q8NBN7,-0.10901337193979543,0.0049302426822074195,0.014391652753627391,1.8418893283314066
Q06218,0.7037534025750816,0.004931364271097054,0.014388860603908978,1.8419735947379223
Q9UPN7,-0.13291768347705357,0.00493627284479697,0.014397115912963023,1.8417244987751875
Q9H0A0,-0.07371528995812682,0.004939667702604215,0.014400951230665933,1.841608820364115
Q9NY93,-0.10600147915429048,0.0049418096129840335,0.014401132053998926,1.8416033672463705
P49756,-0.08486216951314773,0.004956170460343744,0.014436905455372354,1.8405258876308104
P32352,0.8228928716626633,0.0049571900378135875,0.01443380312103502,1.840619222831458
P12956,-0.1323489478497919,0.004960070411602994,0.014436119180302283,1.8405495411917783
Q02218,-0.09601312005120732,0.004979073299914768,0.014485337617062966,1.839071378021925
P38235,0.7726894468216798,0.00499484736175848,0.014525125213278336,1.837880115102764
Q05979,0.7199799131635345,0.005004360013980492,0.014546678730814831,1.8372361526252552
Q12211,0.5816147676962444,0.005011560228154443,0.01456149518243448,1.8367940291341212
P26755,0.4334884210699066,0.005011893875922259,0.014556356206747367,1.8369473253905577
Q9BW19,-0.12722370868643296,0.005052148900647101,0.014667119072570454,1.8336551822545613
Q9UNI6,-0.2502192142048152,0.005059659597432832,0.014682767415182282,1.833192080668527
P80967,0.49155196050406147,0.005080177834986483,0.014736133778569924,1.8316164444876855
O00217,-0.17522166394797978,0.005082901004507574,0.01473785869146166,1.8315656118661965
P22307,-0.114693226736712,0.005091054172982071,0.014755319838312204,1.8310513722359547
P36037,0.6858183342697899,0.0050974844591010655,0.014767775060592375,1.830684931343047
P55769,-0.11600083798357375,0.005099760156758599,0.01476818876009893,1.8306727653332318
P34248,0.5033300658791902,0.005106306105399467,0.014780962990713173,1.8302972704115017
O95140,-0.18117567960307213,0.00510853365726493,0.014781231526494933,1.830289380360704
P05423,-0.1638601617373574,0.0051300689379291066,0.014837342241529296,1.828643885661449
P52948,-0.1348048178313732,0.005132714144811934,0.014838794462913498,1.8286013806857884
O75643,-0.09815280432488649,0.005148442022059521,0.014878051986953309,1.8274539281113371
Q14258,-0.11954254482992255,0.005149432269507669,0.014874705479378848,1.8275516245874375
Q9UM54,-0.39641980267789734,0.0051520209426272395,0.014875977067035449,1.827514499825544
P09001,-0.12457695037166161,0.005159340317816511,0.014890901359133606,1.8270790132316965
O00139,-0.10281589484776532,0.005177836388113661,0.014938057979707911,1.8257058592487219
P40564,0.7790421591080374,0.005187836534722539,0.014960674788179449,1.8250488175562063
Q15084,-0.14315604042426244,0.00519886738966033,0.014986243882601218,1.8243072040743582
P0ADN2,-0.9821621027461056,0.005199926789793388,0.014983059963599428,1.8243994823912388
Q5F1R6,-0.14346139936404612,0.00520675270217791,0.01499648740011641,1.8240104530370183
Q9HBM1,-0.15839497457131202,0.005240637259501601,0.015087805565400866,1.8213739212675095
Q9NRF8,-0.25206580339092355,0.005248230625408939,0.01510338688708707,1.820925652611642
P48637,-0.11724070971064648,0.005254184150323713,0.015114238079285995,1.8206137410632077
Q9BRF8,-0.10191279560704913,0.005267879371942006,0.015147340851879756,1.8196636017965107
P46736,-0.20526857750881433,0.00526803103993358,0.015141488966583691,1.8198314155773445
Q8WXE1,-0.59415110270022,0.005286225945406327,0.015187480682984818,1.8185142614380858
P30260,-0.19124691140189043,0.005313556322025491,0.015259669835630237,1.8164548628500181
O76021,-0.07228031501203347,0.0053354405659387,0.015316165206699652,1.8148499578133108
Q9Y4C2,-0.13692679223563076,0.005336564408621327,0.015313042671070894,1.8149385072791164
P06865,0.7637885276419247,0.005374754174131302,0.015416237738891938,1.812021600902371
Q13620,-0.10230229543414282,0.005403022548594272,0.015490901915721215,1.8099232958871532
Q7Z4V5,-0.11312292004588187,0.005433051495565934,0.015570549898716278,1.807696049361172
Q06338,0.8152613215216,0.005439349619636975,0.015582150089518581,1.807372616779777
Q8WUA4,-0.18471195105719573,0.005452702599315363,0.015613942430793868,1.8064874262288335
P02545,-0.06726931728164587,0.005474119960660894,0.015668791487232752,1.8049644987877027
P37902,-1.7244227673495267,0.005505488178478788,0.01575206617677154,1.8026624723304296
Q7Z422,-0.20427320412945704,0.005514882146130525,0.015772426261795848,1.8021014943020726
Q5SSJ5,-0.10095118267316394,0.005555105099167071,0.015880903264505697,1.799124799664949
P34221,0.6051529167297325,0.005585754149940524,0.015961932205608,1.796914538082926
P38793,0.437856870735132,0.005598876412512145,0.015992830148611425,1.7960746751428251
Q9UGP4,-0.35361911083185404,0.005610747157798834,0.016020129204370775,1.795333985597662
P43123,0.47896069546373354,0.005648942773748671,0.01612253906242201,1.7925665621608933
Q12133,1.0741025914203384,0.005658394145642194,0.016142859935898868,1.792019521389089
P13798,-0.11995719903343982,0.0056601007397079255,0.01614107805672886,1.792067462274858
Q9Y5B9,-0.08819828266883079,0.005677484038151161,0.016183984965071486,1.790914533696812
P08579,-0.13315949717633302,0.005687871213962166,0.016206921928178616,1.7902994599536213
Q14694,-0.09920731494504054,0.005691837757697315,0.01621155270847232,1.790175387345969
Q70J99,-0.10404973484434876,0.005700503275858496,0.01622955784623529,1.7896933118161515
Q9Y679,-0.4853615788577379,0.005726479570733522,0.016296812391187385,1.7878973340191975
Q9Y6I4,-0.15265925840566652,0.005732722407863259,0.01630787590470222,1.787602601984911
P36776,-0.1120349174042019,0.005746824246153742,0.01634127765107536,1.7867139909419387
P61604,-0.1233828754573878,0.005754542813795214,0.016356508391920387,1.7863093991953298
Q96EK7,-0.30668318013306717,0.005767597699881141,0.016386888171512935,1.7855035100201597
Q8WVJ2,-0.08405848186733067,0.005775796424490643,0.016403451371276953,1.7850647645254643
Q9BTA9,-0.20801387277128214,0.005824325648803883,0.016534493969790114,1.7816090919199616
Q8NFF5,-0.16634860999909762,0.005845084570879624,0.01658662523310267,1.7802419679077213
Q96EM0,-0.23079565110845124,0.005853265689642101,0.016603036310971694,1.77981248229022
P62312,-0.09784925481502071,0.005884292060702058,0.01668420893869822,1.7776943800611913
Q14692,-0.0931128363465703,0.005904063817278181,0.016733417057238693,1.776415364622105
Q07866,-0.10444175178590953,0.005934697627877321,0.016813357764084522,1.7743455457639363
P42345,-0.1863582073631349,0.005939700996113778,0.01682065018285963,1.774157221060655
Q9GZX9,-0.3452672021724652,0.005964887403092703,0.016885069656179016,1.772497143424674
Q96S59,-0.13463774773205728,0.005975267006709962,0.01690753933570077,1.7719195935073564
Q13523,-0.1186343211113261,0.005983186199477787,0.01692303155440531,1.7715218357758662
Q15172,0.3576278838506113,0.0060370818402067615,0.017068499249322834,1.767804662622253
Q8WVM8,-0.18438578744145673,0.006047116988261512,0.01708989307213172,1.7672606545600376
Q6DD88,-0.211962259803677,0.006056642919143789,0.017109830914790534,1.7667542822845155
Q9UBE0,-0.06840387798920844,0.006083169040568106,0.017177757926954963,1.765033521732634
Q96P47,-0.18623698986962367,0.0060933438896483,0.017199475373797322,1.764484799937784
P36161,0.9663632042457699,0.006151921081984807,0.017357743101737086,1.7605067435708401
Q6P9B9,-0.4240502542428324,0.006166822936921028,0.017392701431870144,1.7596329582021306
Q14254,-0.10435156202738938,0.006197117270214148,0.01747102605006627,1.7576815887321977
P30613,-0.14345917661519536,0.006209701350440334,0.017499378164610856,1.7569773835694968
P24941,-0.09541778664506495,0.006211240511080401,0.017496594507209397,1.7570464730651854
Q13643,-0.08700526310101964,0.00621669812596647,0.017504846614148774,1.7568416903785626
Q53EL6,-0.17373116732040117,0.006237386250702,0.017555960325146606,1.755575409291485
Q13247,-0.0776114544648081,0.006238646970691501,0.01755237367942623,1.7556641438039295
Q9NQR4,-0.2627997140735374,0.006239346866876993,0.017547212715782412,1.7557918591577648
Q93034,-0.11007861600243629,0.0062439741690810974,0.017553096689694486,1.7556462548899452
P0C2I8,0.8712174879519985,0.006250469329491232,0.017564224690502145,1.7553710158160525
O15226,-0.06516294314307558,0.006259399009771891,0.017582182046109767,1.7549272275683927
P26641,-0.11005644843244156,0.006264082497814444,0.0175882024391189,1.7547785443210207
Q14566,-0.06818529173878574,0.006267386647534081,0.01759034663458694,1.7547256022705062
Q07960,-0.1121568444927199,0.006277239092025536,0.017610860402424964,1.7542194254695658
P0ABZ6,-2.1960177057695454,0.006282780463710365,0.01761926769166892,1.7540121460985698
Q5T440,-0.31258724877254096,0.006299886975778421,0.01766008802440882,1.75300713606877
P82909,-0.19520680866499163,0.006337365980363916,0.017757961168773675,1.750606898015729
P11277,-0.11586970116039907,0.006338939741340075,0.017755185586180697,1.7506747838730408
P51159,-0.13369205196944023,0.006348088312836327,0.017773620492551042,1.7502240972492462
P62829,-0.1277504996622696,0.006354759657579606,0.0177851074652713,1.7499435062761588
O60784,0.5945643406821866,0.006372308949760555,0.017827017037633165,1.7489213204519642
P25582,-4.5673416620584355,0.0063840728526379275,0.01785271422926697,1.7482957467685118
P09105,-0.1367629638829655,0.006404618071633642,0.01790293723374701,1.7470757109329327
P29966,2.4544695259689675,0.0064048678795539105,0.017896410491538048,1.747234067346536
P16949,-0.129510567516121,0.00645541523576189,0.018030373171607633,1.743995284664572
Q96SB8,-0.16255636206382107,0.006466132690257231,0.018053025301347204,1.743450009182887
Q9NYH9,-0.06873632619906189,0.006478964631452605,0.018081560301563014,1.7427640959225525
O95232,-0.09218045739331515,0.006501163068178088,0.018136201887213974,1.741453658407841
Q9Y4A5,-0.17085566703486776,0.006512951742713065,0.018161771190714965,1.7408418000415613
P42566,-0.15631321902646178,0.006524860039380638,0.018187653346486126,1.7402233319654408
Q08179,1.2931841100660044,0.006546693317964941,0.018241168826394066,1.7389473371375446
P48445,0.5863380858880625,0.00657179190362349,0.018303735776624717,1.7374602620950086
Q16204,-0.06880098443966176,0.006588430511393737,0.018342699180092577,1.7365367563014125
P37296,0.6566130466654698,0.006624585496915158,0.01843594452598093,1.7343346073438188
Q7Z417,-0.10049793832023113,0.006627540185985862,0.018436757030038612,1.73431546765435
P62269,-0.06866358714826148,0.006630114750553349,0.018436511860574854,1.734321242881144
P69891,-0.05337649125643651,0.006658714595672986,0.01850860692912074,1.7326262676740707
P49720,-0.12955188610478885,0.006665453435708943,0.018519903526825327,1.7323612799584331
Q13889,-0.12698771721654722,0.006698437008052681,0.01860408256869505,1.7303917416691719
P43490,-0.07419039870054078,0.006707682621394416,0.018622291287303503,1.7299668844603855
P0A7E5,-0.8004904808295166,0.006713706473115175,0.01863154453701382,1.7297511410190682
P09382,-0.08337784098185352,0.00674642025740979,0.018714829271756963,1.7278141304342538
Q05519,-0.13336719000120567,0.00675793118872901,0.018739253324293017,1.7272477178025483
O95229,-0.20839036081428475,0.006765170646211372,0.01875181807620798,1.7269566190196322
P0A8M3,-2.2551164473195264,0.006771466394885549,0.018761758030487213,1.7267264694128557
P00441,-0.11556981411271039,0.006804390600713286,0.018845440207735514,1.724793713477972
Q12387,0.7463828407756772,0.006809893498323124,0.018853139777044906,1.724616312604414
Q9BVA0,-2.161042297871134,0.0068399380219796345,0.01892874934619784,1.7228780796436058
Q9UNH7,-0.11275771415583336,0.006841581737406311,0.018925733899241428,1.7229472704957394
Q13561,-0.09767928651145752,0.0068417519995225325,0.01891864650347205,1.723109937548387
P41543,1.369419725674991,0.00686932444693977,0.0189873063754934,1.7215366418577174
P78417,-0.06999299504030887,0.006893681401794777,0.019047027145262185,1.720172799261838
Q14240,-0.13447642193254694,0.006899327494565891,0.019055023363531803,1.719990514399202
P40070,1.2459635466395511,0.006922514463184183,0.019111439450991738,1.718706601166888
O15511,-0.09161753597398459,0.006926923192418262,0.019115988913632538,1.7186032300213843
Q9NXV6,-0.14618087250421397,0.006935262225634885,0.01913137675310595,1.718253775672527
Q12996,-0.08229155123206411,0.0069387628031233,0.019133410453534738,1.7182076118263712
P54136,-0.10664515773210326,0.006939492929955869,0.019127806149289186,1.7183348382264838
P23497,-0.20301290647599046,0.006959979476792546,0.0191766406276608,1.7172274704006245
P62875,0.20558815849480538,0.006983036327896906,0.019232515327906992,1.715963912766582
P47083,0.7167699165698593,0.007028833658992043,0.019350951990004337,1.7132976645553726
Q9UN86,-0.08252678352678444,0.007043478945399447,0.019383564474541246,1.7125663568373473
P21599,-0.45982809574356764,0.00704828127030292,0.019389074102335088,1.7124429295415975
P82933,-0.10417389279863443,0.007049003651653326,0.019383360319319948,1.7125709310194126
O95239,-0.09522293006153859,0.007049267653320743,0.019376391120124185,1.7127271077065285
Q13045,-0.11663368926312145,0.007065992920544408,0.01941465673882916,1.7118702836010762
P42839,1.0238877429491602,0.007112786520064385,0.01953547555133907,1.7091760122964461
Q86UP2,-0.08651395434702991,0.00715563180553862,0.019645358692129026,1.706740037272628
Q13155,-0.15349728506961569,0.0071753231444594825,0.01969161214912305,1.705718726786875
O14979,-0.10386239648458329,0.007184977968789503,0.019710296139420967,1.7053068505683384
P11388,-0.1692546736938496,0.007201672709809962,0.019748270036722446,1.7044709428938343
O75330,-0.1185438149661131,0.007205391988052611,0.01975064692212046,1.704418674715707
Q13619,-0.16611327107622742,0.007216328852440742,0.019772798169489396,1.703931866671288
O75935,-0.1898280394052385,0.007220151906879572,0.019775447706975535,1.703873675493093
Q12931,-0.05181324212582439,0.00724004220697568,0.019822084713760225,1.7028506721478787
Q8TCF1,-0.24137298971796284,0.0072438021903497825,0.01982454006560549,1.7027968796364188
Q9UPN9,-0.08657101757044927,0.007262264840298519,0.01986721523280401,1.7018630032366093
P34087,0.8607393136412291,0.007288783712980239,0.01993188721511658,1.700451578955882
Q9Y4C8,-0.10357392009025546,0.007309741713238045,0.019981307391417378,1.6993760989777893
P62136,-0.07038679164443806,0.007330124937014537,0.020029118020476973,1.6983381743845771
P11279,-0.15994686288588156,0.007360917193742388,0.020105321755215896,1.6966889722802123
Q8TBX8,-0.14110074049445132,0.007372243967881154,0.020128319098426307,1.6961924912195612
Q9NVG8,-0.2369494755144359,0.007377481615597131,0.020134679821203996,1.6960552720903173
P61088,-0.08114430622447699,0.00739108853442695,0.020163868011178962,1.6954261540331461
Q13112,-0.11484190298618557,0.007420670725388037,0.020236598701294514,1.6938624804384934
Q14498,-0.1331347882843552,0.0074209255412551155,0.02022932616049229,1.694018583351481
Q5JVF3,-0.23274023679256217,0.007427828293007153,0.020240174380472858,1.6937857501251794
Q02880,-0.29979339968116747,0.0074296370369968615,0.02023713880573024,1.6938508894962898
Q99385,1.3697384692731909,0.0074343062072178496,0.020241893896490913,1.6937488559470695
Q9H7B2,-0.3505329598525684,0.007434839977372953,0.020235389938416008,1.6938884222844894
P42167,-0.2270127484690967,0.0074663027119576085,0.020313037319290562,1.6922251335925438
O95630,-0.26021689354428545,0.007477029739849586,0.020334231704131397,1.6917722320599666
O43379,-0.3493097256385198,0.007495486569760267,0.020376422853953705,1.6908720554201166
P07355,-0.10324954091140981,0.007555957080084685,0.020532749930340013,1.687552882115312
P51003,-0.1852595980190337,0.007557135245255758,0.020527895032620976,1.687655581685731
P53007,-0.0939599997240812,0.007567901093395907,0.02054907732183265,1.687207673692184
Q9NZT2,-0.08531037525736451,0.007603183608528332,0.02063678687003143,1.6853579210585914
P00390,-0.07101998989485026,0.007603810981800497,0.02063040252272204,1.6854922983626892
Q07666,-0.11868821860578649,0.0076150366534359915,0.020652766857967412,1.6850217575353088
P08397,-0.09101522668143502,0.007631738753461232,0.02068996050468503,1.6842403383634448
Q16881,-0.05433576810386853,0.007636197190201077,0.02069394494910069,1.6841567105758042
P0ACI6,-1.4677560912593215,0.007646691587008678,0.02071427720987797,1.6837302160822254
P53743,-1.946593769210164,0.0076608759854011445,0.020744585577988865,1.6830952368046577
P40089,0.8627476822828548,0.007667159856943299,0.02075348508579961,1.6829089627378737
O14745,-0.0898061799966321,0.007699314930343107,0.02083237849851335,1.6812611424474215
Q6DKI1,-0.1326421495856991,0.007712720924677734,0.02086049987596431,1.680675288873446
O43681,-0.14685141429547954,0.007729002032462162,0.020896372539151897,1.6799290977626127
P09620,-1.7632149514154953,0.007742679478974623,0.020925180605940785,1.6793307849081796
Q07157,-0.11426737140624965,0.0077802244315984415,0.021018444777365433,1.6773994219707704
Q9Y263,-0.11839112399371743,0.007806331835374296,0.021080749464949932,1.676113953103411
Q8NB90,-0.1703385368635999,0.007807449570732235,0.021075548080994152,1.676221122494141
O75419,-0.18393911430123566,0.007823997690023636,0.02111198753145895,1.6754708792781627
Q8IV08,-0.13691204140403457,0.007852479882903171,0.021180588511578325,1.6740619770056742
O14981,-0.481398432091936,0.00789234922779523,0.021279838805784334,1.672031666133734
Q9NZ63,-0.10065790637335326,0.007967085653910525,0.021472986013108788,1.6681075587847416
Q6UXN9,-0.08756156994884634,0.00799068994927065,0.02152822459484435,1.6669917844103757
Q9BSL1,-0.15138048516266878,0.007991563440748672,0.021522203525376822,1.6671132660019012
Q6SPF0,-0.12067546620885139,0.007998253350564768,0.021531845334102042,1.6669187484359183
P10768,-0.0500338545451271,0.008003237077982896,0.021536888273592528,1.6668170449206374
O95295,-0.20055118239854153,0.008023417399749093,0.021582805779278447,1.6658920974079976
Q00534,-0.11161670877417507,0.008038778365512396,0.021615728700119546,1.6652301191353507
P06780,0.47655677337722935,0.008040960933635358,0.021613204000190688,1.665280847348162
Q96DM3,-0.47895902505554844,0.008044943597067608,0.021615517837057088,1.6652343557314149
Q9HAU5,-0.18473203982964037,0.008061046017865022,0.021650381158920644,1.6645344534095157
Q13206,-0.11107788615658265,0.008089742117957559,0.021719028470235803,1.6631596053931486
P04983,1.1034475539107937,0.008132346109510422,0.021824947465988436,1.661046792995075
Q9BS26,-0.07654349880823119,0.008134054403268642,0.021821074268977947,1.6611238725558932
Q12055,0.547387148893332,0.008160628201412216,0.021883884456459404,1.6598755868965136
Q13123,-0.10440838481829928,0.008161296732273464,0.021877204248649425,1.6600081785434868
P57081,-0.24513677079671936,0.008169260800148622,0.02189007808832394,1.6597526891736079
P09960,-0.07752090137735479,0.008176050806868843,0.021899797209578287,1.659559906674443
Q12905,-0.11300863676080297,0.008188828232045316,0.021925540092297666,1.6590496998449038
P48730,-0.26276457272026477,0.008277427035363875,0.022154195899829716,1.6545440083317275
Q14145,-0.13626591415076916,0.008288181008326147,0.022174406994455272,1.6541479855877552
P51809,-0.16265882540567134,0.008300160452280821,0.022197879865427733,1.6536885033293418
Q6XQN6,-0.21378251978964613,0.008308336942777923,0.022211167950499745,1.653428603940461
O76071,-0.10719439046516754,0.008332547891884286,0.022267295099732458,1.6523325353057303
Q9NQG5,-0.15836359342607054,0.008342265298546947,0.02228466239472958,1.6519939409458382
Q04081,2.2311942967183214,0.008357801917527422,0.022317555139591157,1.6513533835490337
Q9H3U1,-0.1165952408774018,0.008360222250680905,0.022315412052318656,1.651395089536153
Q03252,-0.05278141626099142,0.008361008793209444,0.022308911323384275,1.6515216228037055
P00957,-1.00645282398132,0.008364301555350765,0.022309100142237557,1.6515179470242
Q10567,-0.14970099181092777,0.008399799234426974,0.022395152059750623,1.649845984414363
Q14697,-0.0784844004770271,0.008412136187895809,0.02241941145688629,1.6493757924717134
P37108,-0.07983125449810302,0.008429682321842697,0.02245752997169636,1.6486380120395063
Q15527,-0.3205711606515216,0.008435920985460865,0.022465506501281166,1.648483785473726
P49736,-0.10806143245507727,0.008452587716773147,0.022501236966911677,1.6477936066380718
P25039,0.6701658905005488,0.008465621862269563,0.02252727354894483,1.6472913672774854
P52292,-0.08456060531989351,0.008503734745614394,0.022619999761288537,1.6455074039937232
P47082,-0.5147673326538573,0.008534093732121032,0.022692037250847168,1.6441265121766069
P45978,0.516984165322107,0.008538413169961893,0.02269480721259737,1.6440735021416986
O94776,-0.07193529203834004,0.008540964508667053,0.02269287730545306,1.6441104349807614
P45983,-0.26471158532320516,0.00854485732391064,0.022694511741755765,1.6440791563951236
O95336,-0.1247840950955954,0.008558109138793474,0.02272099220744096,1.6435727072564579
Q07953,0.6874737026993571,0.008570557293450206,0.022745319547661645,1.6431079574134362
Q8TA86,-0.30984587869135893,0.008585488155973407,0.022776214556306462,1.6425184547045741
P30419,-0.11739921563042088,0.00858578460149446,0.022768277510818703,1.6426698238355664
P04406,-0.15513483163411834,0.008594566530323566,0.0227828402205055,1.6423921356035756
P57737,-0.15358173146051612,0.008604829730740495,0.022801316898448984,1.6420400694375494
Q96ST2,-0.16678671228871522,0.008630587924195805,0.022860822795383227,1.640908142748083
P63241,-0.17072128418987376,0.008662242496684578,0.02293589562028452,1.6394842965019978
P54577,-0.054932620518812314,0.008672262598476622,0.0229536491711973,1.6391482605001015
P38225,1.378101046799685,0.008688784374356056,0.022988591137960007,1.638487643770233
Q9Y5P6,0.4291510347457148,0.008697870060569183,0.023003839686547373,1.638199667656231
Q9Y5P4,-0.14500316989495232,0.008724732146542348,0.023066073074707608,1.6370263364346984
Q92540,-0.19698492778466914,0.008726351102655659,0.02306154772320144,1.6371115493791386
P31939,-0.07700987944788906,0.008881257510357357,0.02346197138562165,1.6296354992142323
Q04225,0.6152809609731413,0.008906780115948245,0.023520421633419393,1.6285548972461479
Q9H2C0,-0.44455451905036725,0.008907794523094367,0.023514132397218983,1.628671040819731
P23381,-0.11485091466150266,0.008952384535143305,0.0236228317535565,1.6266680431649432
Q8N3X1,-0.1403371299957854,0.008988764077794175,0.023709791418913093,1.625072266604415
Q13423,-0.13442753168182975,0.008998483092471858,0.023726388778474924,1.6247683575655332
P18074,-0.17987572071289293,0.009046976832489895,0.023845172283273708,1.6225995354064697
Q9UQE7,-0.06591248584676279,0.009047965347067637,0.023838703220356285,1.6227173730744733
Q9BV38,-0.08599266183592746,0.009055205411659682,0.023848703792442617,1.622535220443047
P68104,-0.15654682632037975,0.009079474421975228,0.023903528858462537,1.6215379797787843
Q9BZI7,-0.2594447252226004,0.0090823825336052,0.0239020967931138,1.6215639992302775
P12277,-0.0847105156026835,0.009082719277842252,0.02389390132210477,1.6217129342043781
Q96P70,-0.09061975792477739,0.009097731561694031,0.02392430434225958,1.6211606815431923
O95758,-0.1251761371194533,0.009100212757535997,0.023921743786324695,1.6212071654371683
Q92990,-0.22604970910647992,0.009115143650769542,0.023951899293331427,1.620660043004797
Q12768,-0.4646116150412176,0.009120734219381539,0.023957497623292027,1.6205585462639776
Q9Y5V0,-0.17317963604774889,0.009133028581838332,0.023980693932745017,1.6201382538142544
O75530,-0.11157958591212491,0.009190499626677342,0.024122448603151596,1.6175786102606122
P37840,-0.5506554183342622,0.009219701258665653,0.024189924787798783,1.6163654819603501
P32802,0.6082132707369468,0.00926429687264305,0.02429772407052291,1.6144344041755025
Q38SD2,-0.09849152218805557,0.009322377231438025,0.02444079513459935,1.6118846692579776
P52306,-0.16176475914101474,0.00932759446536279,0.024445217289239953,1.6118060980156712
Q53FZ2,-0.183237830059376,0.00936063070252635,0.024522514939195023,1.6104349922202803
O75531,-0.1494228160254849,0.00937497662935559,0.024550808692003826,1.6099341978509758
P47135,1.5918936081951962,0.009403960062698561,0.02461739866696591,1.6087578410988754
P53753,1.858515711720603,0.00942843204111783,0.024672132824149606,1.6077933055681788
Q15843,-0.48865753428346537,0.009453030093508797,0.024727155408936496,1.606825841635409
Q8IU60,-0.21903108634475998,0.009453806132487462,0.024719846548845615,1.6069542295054078
Q9NRK6,-0.2467404122840975,0.009509183084077137,0.0248552599751416,1.6045816899710108
Q06546,-0.24865401619772953,0.009513148330661964,0.024856241147737147,1.6045645463388745
A1L020,-0.1883332332956691,0.009520251147071142,0.02486541642486631,1.604404263175887
O95394,-0.12716994447572816,0.009520652961764192,0.024857089406959,1.6045497255938068
Q9H9B4,-0.057158212840246136,0.009537296062587661,0.024891156403074623,1.603954926299891
Q06203,-0.07742767924519711,0.00956303438386564,0.024948926177048115,1.6029481420413354
Q01658,-0.1498079783671855,0.009601407217089693,0.025039602098353684,1.601372576734066
Q9BSV6,-0.6120438735616496,0.009601686976524998,0.025030903849946946,1.6015234680123436
Q9UNN5,-0.09890993663563563,0.009627375341918192,0.025088425618156402,1.6005265912481745
P46821,-0.09169998243270783,0.009682349762691436,0.0252221932870111,1.5982171504739007
Q9UNX4,-0.13169552701184273,0.009734714567261478,0.025349064935584233,1.5960380560862977
Q92733,-0.23753706561116772,0.009764635301631323,0.025417419108456872,1.5948685499212794
Q8N201,-0.13136446950879588,0.009773761024234334,0.025431612676361716,1.5946260993509018
P17844,-0.07416333470180092,0.009780119117979267,0.02543859683429318,1.5945068475806177
Q9H4A4,-0.0636379193324359,0.009788448505053001,0.025450701257599316,1.5943002468003076
Q04917,-0.07389519874594441,0.009801390230400837,0.025474784517753528,1.5938894808503439
Q5T6V5,-0.16910935228322543,0.009833015971356678,0.025547393090309057,1.592653409590167
P51965,-0.6724604337792108,0.0098770397477253,0.02565214674165416,1.5908762843906792
Q96GM5,-0.09519661317149897,0.009904780403582912,0.025714547999403106,1.5898211051399083
Q14997,-0.17534427221140092,0.009906081219457458,0.025708285743449563,1.5899268816216918
O15247,-0.12933621890466185,0.009906108739479265,0.025698724957719906,1.5900884236556008
Q9UQ80,-0.09046371152479438,0.00992741138897792,0.025744343242428133,1.5893181828745226
O95104,-0.12784811729316914,0.009982563797691149,0.025877675677728758,1.5870747344047658
P50454,-0.11879642988104067,0.009991646850756727,0.025891527992005833,1.586842318861576
P48582,0.6085888805090569,0.009995834998950166,0.025892690434991004,1.5868228209299895
P18583,-0.10382265509656463,0.010006054373517637,0.025909469140701614,1.5865414851857615
O14974,-0.07277017806756092,0.010032551386170744,0.025968368522559335,1.5855553343101132
Q9BVJ6,-0.06714258935687312,0.010034041721371097,0.02596252050776288,1.5856531474080342
Q04458,0.818960341505349,0.010056855543590943,0.026011829579314045,1.5848291000049803
Q13085,-0.09992730944929917,0.010063022645301687,0.026018061536993608,1.5847250634680374
O43314,-0.10192704306183131,0.010100800865876995,0.02610598924797772,1.5832598451922868
Q8IZ69,-0.12928432511024823,0.010111389274748335,0.0261236042307304,1.5829669043674082
P15153,-0.14317475577074035,0.010124675317559511,0.026148173031996295,1.5825586498116517
Q99909,-5.460657416217991,0.010125965425602396,0.026141754141264347,1.5826652741268699
O75190,-0.14050446386688265,0.010128948095149934,0.026139708017449925,1.582699267831164
Q92922,-0.09744486716885348,0.010130385806811295,0.02613367784141632,1.582799466895942
P11182,-0.38997658624324316,0.010135995094165004,0.026138409695343947,1.5827208391558845
Q9H2M9,-0.07768468494752412,0.0101524855566417,0.026171187637448672,1.5821765688126508
Q96C19,-0.06252481460441217,0.010156050611444653,0.0261706343258812,1.5821857507689343
P51610,-0.08003381140958865,0.010194731018404402,0.026260534810800623,1.5806964335011302
P02786,-0.08438551533336991,0.010202807694620572,0.026271565815378522,1.5805140419945527
Q9NYU2,-0.16389182511374756,0.010259273284720613,0.026407140603496474,1.578278622168824
P18621,-0.10262153052136824,0.010313944205531021,0.02653799690787692,1.5761318608493629
Q96H55,-0.21508503508560395,0.010325005126338948,0.02655658822242603,1.5758277203939783
Q9Y6G5,-0.19439603162587815,0.010361248418146852,0.026639912382936802,1.574467207867714
P62140,-0.10452255878882966,0.01038318080433343,0.02668639342583692,1.573710115650255
Q15024,-0.09096312505558402,0.010430949208787801,0.026799217930110104,1.57187787961276
P19955,0.671410898805199,0.010451783791147666,0.026842785968066187,1.5711724114625316
Q14247,-0.07167412898567349,0.010453743311903848,0.02683786380853624,1.571252055309534
Q8IXQ4,-0.20923565874272754,0.010462017021224485,0.026849149686789593,1.5710694638632248
O75390,-0.059829380919261155,0.010486497431358948,0.02690200378463481,1.5702153705477944
P49748,-0.12807338121119827,0.010490723861597348,0.026902878525074087,1.570201249340588
O15397,-0.20509480175777384,0.010529246390846604,0.026991670496194702,1.5687702364205498
P29084,-0.5069768456542363,0.010589901547038557,0.02713711262460954,1.5664363629367037
P55809,-0.099915081342008,0.010618999598553811,0.027201610514386455,1.5654053821126763
Q7Z460,-0.20612900740476547,0.01061964813832459,0.027193211431124062,1.5655395005972095
Q8WZA0,-0.1296466144968207,0.010627989403638618,0.02720450966018255,1.5653590975028335
Q9H078,-0.10281359449279748,0.010656727315806335,0.027267989628471198,1.5643468798598283
Q04311,-0.367692621179895,0.010675778654513895,0.02730664625188556,1.5637316357716262
P62241,-0.08787977120043777,0.010681151290251788,0.02731029968009726,1.5636735342543164
Q6UB35,-0.09299098764781277,0.010715327381854597,0.0273875698752164,1.5624465013935498
O00566,-0.10517869536107582,0.010716026500230666,0.027379249995423297,1.5625784527436766
O75489,-0.14010958542747431,0.010721438254233108,0.027382972509151622,1.5625194095894885
Q96ES7,-0.1549365844440942,0.010724601119127496,0.027380950644852062,1.5625514775809062
P00558,-0.06539859914303037,0.010727372079627807,0.02737793006979098,1.5625993901410395
P19211,0.8459097948461896,0.01075770635768614,0.02744523169514327,1.5615330985133566
Q13428,-0.08531750160350171,0.010762706120035576,0.027447873729328293,1.56149129286729
Q9BUP3,-0.21184478351274194,0.01077942705708341,0.027480395045377592,1.5609770283521376
Q12165,1.1509424352727713,0.010799536921857767,0.02752152876221685,1.560327445634399
P63284,-1.922301702570394,0.010865779332724975,0.027680153090429628,1.5578315122591757
Q8WWW0,-0.411020741333072,0.010870614915111054,0.02768228674962447,1.5577980369854083
O95456,-0.13711907069544793,0.01089993367254968,0.027746742922328673,1.5567879896180459
P00956,-0.7759754957787628,0.010930993370433508,0.02781558180701272,1.555711851670211
A8MWD9,-0.1950687691863351,0.01095142637684609,0.02785733880723083,1.5550603737891826
P30050,-0.03969250254271017,0.010978333800820264,0.027915528181006063,1.5541541505853127
P11154,0.9395510083208514,0.010979366042306817,0.027907903993000145,1.5542727797226337
P37387,-0.3006884854748755,0.010994790348183035,0.027936854448007094,1.55382249488533
Q9NUD5,-0.1449053324779932,0.011007752365570132,0.027959529486136316,1.553470141341736
P23255,-0.22728103436790903,0.011064832192956946,0.028094205392018293,1.5513832468487379
Q99590,-0.08168556072215694,0.01108020778199846,0.028122932068386123,1.550939402189282
Q14676,-0.17619164588789715,0.011097166533311083,0.028155654480266006,1.55043437299836
Q9Y285,-0.11397605632136987,0.01116673666336178,0.028321789251691196,1.547879313214262
P30048,-0.1112214095682269,0.011179110387175919,0.02834279030421313,1.5475573963584937
O60870,-0.18562572357907925,0.01122001773946065,0.028436091811136727,1.5461300922421652
Q9H0G5,-0.30492850220062095,0.011222984954767734,0.028433204473769406,1.5461741917745673
P07948,-0.372740067387884,0.011227695025043505,0.028434733121214785,1.5461508435337645
P35127,0.47533168850299745,0.01124710920870172,0.02847348598210264,1.5455593593331254
O15067,-0.10053307226272068,0.011259806053964497,0.02849521093481366,1.545228123828366
Q99714,-0.09116340326878714,0.011265561168050057,0.02849935897975104,1.5451649082261474
Q99733,-0.08052207437645009,0.011277561803211168,0.028519298000523784,1.5448611688009228
Q9Y512,-0.16126375808136828,0.01129144562623535,0.028543983028862203,1.544485425518436
P04844,-0.19834470967822426,0.011319823523851904,0.028605276671222844,1.5435538473667871
P0AET8,-1.9215673845303982,0.01137172782910072,0.028725955304156652,1.541725519596159
P63000,-0.06650805466177445,0.011398569284303123,0.028783258105220578,1.5408600478896168
Q5JSH3,-0.06739819591820506,0.011411842098181585,0.028806268570109112,1.540512994561144
Q06406,0.41043307832395115,0.011438717978975584,0.02886358720350836,1.539649695214941
O60306,-0.09137472751477205,0.0115087825052282,0.02902980330280512,1.5371559068068295
P07602,-0.050213727320986834,0.011515242876529278,0.029035521368204198,1.5370703712734597
P20290,-0.13567639034820544,0.01156675131127769,0.029154781972801868,1.5352902020002033
Q06187,-0.10649568827438216,0.011584783858148607,0.02918960823647051,1.5347717337848812
P49750,-0.09959615004024869,0.011591590445076648,0.029196133954787453,1.534674652430395
P35817,0.6185830379046102,0.011593166418664579,0.02918948519375765,1.5347735644666576
Q9P287,-0.1474192210297538,0.011604438662752015,0.02920724583820245,1.534509393853716
Q9UJC5,-0.19857314003277082,0.011613770238649243,0.02922011087660151,1.5343181404549442
Q96C86,-0.11425799714133333,0.011620044191854842,0.029225276420051915,1.5342413724797062
Q8IUI8,-0.09047305542761919,0.011665671053848288,0.029329377769370207,1.5326971505958367
P07996,-0.2781118247792591,0.011672553178455263,0.02933602838752241,1.5325986827945777
P25332,0.7617826049134031,0.011685476723774327,0.029357852262486737,1.5322757193509415
Q04338,0.8475607301041528,0.011704181476923158,0.029394179378388084,1.5317386598638287
P53953,1.0112999995727279,0.011709052603410212,0.029395750625820272,1.531715445544995
P34913,-0.14456388946152288,0.01172540176325953,0.029426126063359544,1.5312669088160151
Q92541,-0.1158708255034071,0.011763354267221566,0.02951067570516019,1.5300208463569425
Q7KZ85,-0.09509631602779578,0.0118099959845718,0.029616954797962745,1.5284595974835782
Q9UJU2,-1.8104759713224716,0.011810421386185944,0.029607298217940434,1.5286012218770098
P68767,-2.227816440378959,0.011867015750706741,0.029738406463226015,1.5266823069226558
P15927,-0.08985757276968798,0.011872158753513117,0.02974053082826513,1.5266512841755644
P55036,-0.07314454482309785,0.01191462313275802,0.02983611232232063,1.5252577665532148
Q9BTW9,-0.09790678631095773,0.011943556290740643,0.02989775262367614,1.5243614558166576
O60488,0.17944543551618608,0.01198147134793241,0.029981824218678715,1.5231419464042293
Q01082,-0.06288970441357833,0.01202143062610287,0.03007094857483247,1.521852872055193
Q14166,-0.1577541732137071,0.012061229982544226,0.030159608667077006,1.5205742979094137
P38333,0.7134989251668138,0.012085327821750312,0.0302089566201441,1.519864274459894
Q06787,-0.41115259857041764,0.012094589810591345,0.030221198068760186,1.5196883227786662
P40045,0.8582860432192909,0.012097792561686591,0.030218295706031007,1.5197300332576926
Q9Y5Q9,-0.23169734072258663,0.012105025137063971,0.030225457644800193,1.5196271147481921
Q9Y3E7,-0.2807919671628518,0.012140132410680024,0.030302190631416183,1.5185259739813204
Q9Y2R9,-0.08420894049725902,0.012181157125902096,0.030393633131440043,1.5172173830188445
Q9NR12,-0.08226182947880645,0.012216453287258185,0.03047072138363677,1.516117263886148
P62318,-0.11439617004090508,0.01223751500714254,0.030512262840999258,1.5155255831501955
Q12789,-0.20977136101565108,0.01225462980132077,0.030543936913011164,1.5150749859632235
Q9NXF1,-0.23674371019352947,0.012318170008113383,0.030691259135004343,1.5129852939022599
P07858,-0.16982698047668165,0.012349109991036264,0.0307572797042932,1.512052077897178
P46984,0.8682842890913456,0.012366802796104616,0.030790270607777188,1.5115864941774142
Q15650,-0.18733553323048824,0.012377897620255223,0.03080681636328079,1.511353180206241
Q8IZ21,-0.4431066510823243,0.01240663196930114,0.030867236706949727,1.5105022476361052
O75061,-0.3192825447763923,0.012432924818387418,0.03092154146642043,1.509738864246798
P25339,0.5906619197975402,0.012446621272379022,0.030944490373411977,1.5094166653330199
P27816,-0.06345793858791282,0.012513697579089444,0.031100086876387403,1.507238397793646
P85037,-0.1489334484882292,0.012514931697674921,0.031091993927054595,1.5073514257937386
Q9Y508,-0.1262056598328627,0.012517733599775514,0.031087800374765297,1.5074100054864514
Q86SZ2,-0.674408635930174,0.012526002844214103,0.031097183109838094,1.5072789490844116
P25398,-0.05612027706368394,0.01260183655588036,0.03127423523760416,1.5048133014954324
Q13595,-0.19605802502572445,0.012629764113064596,0.031332313406972144,1.5040075380008129
Q9H061,-0.24400506608040473,0.01265719659549005,0.031389122216036215,1.503220828997696
Q5SY16,-0.11895504058790252,0.01266666140161565,0.0314013474918678,1.5030517151202178
Q92538,-0.1707150556825141,0.012717177307692418,0.03151529551841886,1.5014786161469056
O60664,-0.08418788874302408,0.012735856618913636,0.031550293820879434,1.5009965919129553
Q7L5Y9,-0.10911663559000218,0.012755063870468635,0.03158657447751246,1.5004974702069065
Q6Y7W6,-0.2306875108304034,0.012764742630056395,0.03159924131945316,1.5003233444300277
Q13057,-0.15724733653933853,0.012772607089582808,0.03160740939537933,1.5002110983204133
Q8IZ73,-0.10983870631799775,0.012777771560406992,0.031608892563150415,1.5001907196662092
O15182,-0.21273750507151235,0.01282238151744924,0.03170791772386376,1.4988322773904055
O00488,-1.5513806819041065,0.012841064822055293,0.03174278215919702,1.4983550113103892
P10620,-0.5006046785649545,0.01285478512510504,0.0317653576753131,1.4980462501810647
P47064,1.3847926361031604,0.012857180508777785,0.031759942148689754,1.498120297319491
Q03262,0.7044317749195024,0.012878967977227176,0.031802415932354125,1.4975398867377123
Q04206,-0.07630568827441664,0.012888477939093614,0.03181455303040434,1.4973741738828115
O94880,-0.22901553789570173,0.012903832493054795,0.0318411034147938,1.4970118907254197
Q13630,-0.14026928653812476,0.01291834031950488,0.03186554626727887,1.4966786320615246
O43852,-0.08697146822710522,0.012918554684361405,0.03185472672169458,1.4968261163320309
P27695,-0.08598323266267016,0.012972265701421536,0.031975780604002385,1.4951788445702556
Q9BV86,-0.10864418361434502,0.013049457065497571,0.03215460523896982,1.4927568178675443
P30084,-0.1271139433669788,0.013055398215401758,0.032157800513497606,1.492713663204599
Q9Y6M5,-0.6333167257089336,0.013056683798055873,0.032149530091656775,1.4928253704875631
O75306,-0.12285333409387178,0.013116216142212329,0.032284635822494905,1.4910041081639163
Q8N0U8,-0.38528593604104344,0.013157690369375639,0.032375212550659886,1.4897873716589327
Q8NFW8,-0.12051617737418852,0.013158873002289484,0.03236662048591559,1.4899026444633467
Q99543,-0.08260327168076032,0.01316828046589636,0.03237825779327642,1.4897465234369498
P18887,-0.10208679968127399,0.013176056190087897,0.032385876130695275,1.489644349541706
A4D1E9,-0.2569150451394968,0.013246541721017005,0.032547570928432135,1.4874814179020148
P07437,-0.13782745692160603,0.013250104057356375,0.032544774917749396,1.4875187277268742
P60510,-0.14966800273843361,0.013251994880184784,0.03253787679092179,1.4876107896926751
Q9UBS4,-0.12482058875464119,0.013253647867491693,0.03253039979954359,1.4877105991937478
Q01780,-0.11817762572742296,0.013267567335936212,0.03255302488803059,1.4874086497642132
P38339,1.333943685728535,0.013304984357364689,0.03263326662784028,1.4863394506547418
P61962,-0.1857089404846093,0.01338635985847873,0.03282123075782816,1.4838451374416268
O75937,-0.0987032062338109,0.013444923532002271,0.03295315063206504,1.4821030564354654
Q9NUQ2,0.39666472547509457,0.013447213971233284,0.032947101746928255,1.4821827829114382
P53039,0.8101675839688696,0.013449575010812894,0.03294123005831924,1.4822601878752377
P20338,-1.4359898058094736,0.013499735956513208,0.03305239454133573,1.480797071778406
Q9BT78,-0.0863025680023739,0.013519208802750236,0.03308837106760079,1.4803246125248113
Q3E6R5,1.3893051637018097,0.013540526658043417,0.03312883624745322,1.4797938197831872
O43237,-0.14789452756497212,0.013543503619394558,0.033124415069123246,1.479851782021022
Q9NYF8,-0.08695488090263126,0.01354906157402752,0.03312630732294016,1.479826973374064
P48059,-0.11948170811173497,0.013572296800007563,0.03317140241554972,1.4792361670557514
Q9BVP2,-0.10213953740516146,0.013574096133807598,0.03316409372988137,1.4793318661023558
O75396,-0.1340910578549952,0.013578063299271038,0.03316208475631487,1.4793581750547
O95453,-0.12433171656655517,0.0136728717013747,0.03338186306781327,1.476489428666614
Q92900,-0.10012783110364154,0.013700708024463843,0.03343803396594559,1.4757592654089136
P32386,0.640625235526386,0.013715463702742252,0.03346225182444938,1.4754448367739124
Q9UEE9,-0.2677008048411622,0.013724156186773013,0.03347166517689903,1.4753226814531064
Q14687,-0.12245296623812507,0.013751594424265002,0.0335267745752151,1.4746082256217181
O14929,-0.09071082891588844,0.013772617481581435,0.03356621029302001,1.4740976888900905
P11021,-0.05007833693024466,0.013808256765915548,0.03364122795467954,1.4731281601925492
Q96D46,-0.1288048024084496,0.013848348643907207,0.033727036936480305,1.4720218117506667
Q8IV63,-0.24767892619344423,0.013852983329015307,0.03372646152253937,1.4720292212729322
Q9Y5B6,-0.11202028334492553,0.01387576761660442,0.0337700579885304,1.4714681936116378
P52272,-0.049918227353238365,0.01393460417225174,0.033901334957368606,1.4697831999325017
Q96KP4,-0.11333027286979203,0.013935044541969524,0.03389049821166033,1.4699220467133889
P04075,-0.09851446222467786,0.013938658561550714,0.03388738478938804,1.4699619459269309
P04079,-1.8234472982441368,0.013996341626373261,0.03401567898245295,1.468320855722388
Q13164,0.587283380478258,0.014046276195899049,0.03412505837908948,1.466926596985774
Q96BR5,-0.12907340802349765,0.014084492461598153,0.034205901720135254,1.4658989564185818
P51601,0.8035046950645253,0.014098056365137307,0.0342268381038607,1.465633219397675
P40939,-0.06431671941956907,0.014102300204767753,0.03422514077035119,1.4656547569073104
P80303,-0.1429271636626872,0.014110458995222445,0.0342329425658445,1.4655557685459297
O43678,-0.12284009509432181,0.014111951373890711,0.03422457138802777,1.46566198205387
P27707,-0.14303118997317554,0.014165984200497967,0.034343583544904736,1.4641543908122894
P27361,-0.3350922874038389,0.01420055074681395,0.034415335446601254,1.4632479930171807
O15234,-0.30335746109037487,0.014248112394940594,0.03451852002189247,1.4619478328903184
P62820,-0.1654771129746777,0.014288859383336834,0.03460512849605604,1.460859533794285
Q08379,-0.08625983307115703,0.014294191629386756,0.03460593805659926,1.460849373925518
P42696,0.41645165618398394,0.014331957951033694,0.034685241822075254,1.4598552732957224
Q04430,1.923071641083279,0.014343663295980224,0.03470144118146998,1.459652488201558
P36873,-0.06572272236477517,0.014353526612023866,0.03471317438409125,1.4595056699800497
Q9UQB8,-0.15968929954508226,0.014398259021300234,0.03480919883501495,1.4583059722783707
P22087,-0.10640275492999152,0.014413547295206466,0.034833997023389025,1.4579966896070493
P0A7M2,-1.2167007061068027,0.014428152241395998,0.034857127047950416,1.4577084106465363
Q96PZ0,-0.05689421603769418,0.014451852657357817,0.03490220711529317,1.4571471086372525
Q8WUX9,-0.20079119517323107,0.014531973659613746,0.035083467789109334,1.4548974857951484
P49589,-0.08669791409066008,0.014563411179415398,0.03514711014509314,1.454110377603879
Q9BXL5,-0.05600093476954626,0.014579434482237114,0.03517352068118807,1.4537841589538283
P89105,0.47484643139599925,0.014583935891843423,0.0351721254319484,1.4538013867164328
Q9UNQ2,-0.1101004746082559,0.014602360322188446,0.03520429765697521,1.4534043156474656
P08865,-0.13447512632796688,0.01466227171254618,0.03533643207019483,1.451777303455512
P40425,-0.3280861192712372,0.014702184240652139,0.03542029355681121,1.450747843779063
Q96I99,-0.06716449400925129,0.014749421526531305,0.035521737269461826,1.449505802237732
Q9H910,-0.07143196251917772,0.01477544333712537,0.03557203395905983,1.448891301754292
Q96A49,-0.07247188758621803,0.014791569644015875,0.035598480436275955,1.448568540010978
P78332,-0.15222226138385864,0.014894467696765445,0.0358336672454496,1.4457087435234652
O75934,-0.09418146691425022,0.014928562069801619,0.03590321770451768,1.4448666275026134
P37235,-0.09138272752899468,0.014931214628042228,0.03589712850158485,1.444940290301722
Q13627,-0.18491939909399235,0.015054416748757151,0.036180764168134164,1.4415222647150343
Q02750,-0.06902224329185458,0.015066166465805329,0.036196438795709954,1.441334155639532
Q8TEX9,-0.11113480973816436,0.01511144486322295,0.03629262720532629,1.4401815922988228
Q9H9E3,-0.28529114535533395,0.015122658764176343,0.03630696577085887,1.4400100442304413
P69849,-0.2568313717734796,0.015168647967245244,0.036404755121388584,1.4388418859085619
Q9HCD5,-0.11900590689326052,0.015196056087719376,0.036457897557646904,1.4382083797139427
P49770,-0.10789394778261752,0.015198373631711445,0.03645082751159336,1.4382926078222948
E9PAV3,-0.1103029350707807,0.015206340326045497,0.03645730623876005,1.4382154236915012
P19784,-0.07887938113333348,0.015266043501703078,0.0365877761183081,1.436663987039735
P67910,-1.4659697828643594,0.015286822278052479,0.0366248987727458,1.4362235669790948
Q96EP5,-0.07500393639979919,0.0153365935296253,0.03673143327538069,1.4349621249777573
O00116,-0.06583359882599282,0.015360870553445642,0.03677685605534496,1.4344254000619256
Q5U5X0,-0.12390497204225426,0.015454738873828953,0.03698880468800265,1.4319297029044569
P13693,-0.11778527517180848,0.015483034404450044,0.03704372156752319,1.4312853887544474
P54725,-0.07261162687589717,0.015493940808715944,0.03705701076322943,1.4311296163553227
O60502,-0.2930574191180355,0.015510494883595212,0.03708379370649629,1.4308158435264713
P40348,0.4686345905374658,0.01552081849236092,0.03709566698001623,1.4306768158989271
Q08965,1.022210210018926,0.015589441998091041,0.037246824152788946,1.4289107514181956
Q9BTE7,-0.15227112462616788,0.015613700099540188,0.037291914277066664,1.4283853227628884
P62333,-0.047484006829137115,0.0156153974474839,0.037283107560820185,1.428487896203514
P29295,0.38799535643459393,0.015629076755034898,0.03730290501615362,1.4282573455811682
Q8NI51,0.986367089014287,0.01563566418692785,0.03730576803249084,1.4282240145447977
Q92890,-0.11074078570636203,0.01569450119942211,0.03743325053558343,1.4267424590631645
Q7L0Y3,-0.07599658144611254,0.015703867760595912,0.03744269296637951,1.4266329233319153
O75083,-0.08474263782584401,0.015716336882722493,0.03745952377830311,1.4264377480971875
Q15691,-0.04703845227879455,0.015797673450383548,0.037640430478477524,1.424345418364911
Q9BVG4,-0.1319069716990775,0.015799927367719492,0.03763285073756098,1.424432882060189
Q9H6Y2,-0.13183579801953016,0.01583147094828504,0.03769501542157002,1.4237160746756214
P0DP23,-0.18118911791601988,0.015876690242214362,0.037789688290509535,1.4226266903605715
Q9H269,-0.28358593307190105,0.015882966828438004,0.037791636536118466,1.4226043009060476
Q96CS2,-0.4672198820054625,0.015913859061947408,0.037852133337314964,1.4219096387394732
Q9NVM4,-0.34582064690228975,0.015949160280471077,0.037923072040515704,1.421096488944625
Q96C57,-0.17734791298345343,0.016004281886157774,0.03804107373146461,1.419747233346899
P56192,-0.10156350682427018,0.016035624958326073,0.038102493895487206,1.4190465978256257
Q96JB3,-0.1222116061972578,0.016039513154249282,0.03809865834649126,1.4190903178407805
Q7L1Q6,-0.0646811816601911,0.016049836624807193,0.03811010589511832,1.4189598444684088
O15400,-0.2687153619939373,0.016088042693988065,0.038187729726833514,1.4180761598098734
Q92917,-0.10160064929884882,0.016111256082343133,0.03822972485063189,1.4175988277011469
Q92979,-0.0946175225571011,0.016160183323386174,0.03833268562217399,1.416430752620631
Q04120,0.4968349169695294,0.01616654730045979,0.0383346484617752,1.416408514977493
P39748,-0.08873512001620654,0.01620293170073842,0.03840777100168189,1.4155808964213736
Q9NW68,-0.2796872232632168,0.016280983165482005,0.03857957817857543,1.4136425251555491
Q96GC5,-0.11611060998171396,0.016376161952054078,0.038791838985980986,1.4112596315231025
Q9UN36,-0.11944957328746142,0.01638315672668567,0.038795135832958814,1.411222723203005
P07813,-1.3970013308911433,0.016390037509743247,0.03879816058716658,1.4111888637300138
A6NHL2,-0.6551528750651698,0.016390477172770493,0.03878594119762915,1.4113256653007
P01023,0.11473558277510776,0.01641987527897238,0.038842233150531175,1.4106958092204478
Q02896,0.6168550168744034,0.016428777222076193,0.038850018266958865,1.4106087726613277
Q9H2U2,-0.09921533301228891,0.016468318724158444,0.03893022835304646,1.4097130488331573
Q92576,-0.2118438671830951,0.016486408264915303,0.038959689701799846,1.409384510759868
Q13546,-0.14286172288028354,0.016535171776393028,0.03906159310124371,1.4082500482737088
Q9NQ50,-0.16195655307284085,0.0165373464306559,0.0390534061002256,1.4083410825031109
Q9BTY7,-0.11077851081903844,0.016544900612794917,0.0390579242560491,1.4082908411326014
P04899,-0.1096853641062907,0.01656341577011309,0.039088306336831295,1.4079531467717306
Q9ULX6,-0.17992773994106415,0.016566652162452986,0.03908262336382435,1.408016292594136
Q9UNP9,-0.12596859077869738,0.016570739931078136,0.03907895207179326,1.4080570906937864
Q9P258,-0.05770753426799402,0.016577686475297858,0.039082022865155726,1.4080229655152265
P04792,-0.13813487675705716,0.016617687841850807,0.039162992041175966,1.4071241356295443
O94906,-0.06342136853066194,0.016653711628170618,0.03923453532271295,1.4063314866249483
P32769,0.6020930108850671,0.016668058650083174,0.03925497894325711,1.406105251264053
Q9Y2L1,-0.12156911453854491,0.016734067813222224,0.03939703690538955,1.4045364407132679
O60678,-0.11340725504009797,0.01674212686762053,0.03940261265513411,1.4044749806087096
Q05040,0.608556010692272,0.016773643833956842,0.03946337407622058,1.4038057857832773
A0JLT2,-0.5993562975422293,0.01678014029182797,0.039465248430916054,1.4037851589973112
Q8N3U4,-0.0835860474479233,0.0167930965064789,0.0394823090699015,1.403597456129255
Q9BRP4,-0.17946482056871815,0.016798796695239863,0.03948230424909736,1.403597509156771
P12611,0.5760709531196078,0.016803913086962576,0.0394809277957682,1.403612650028542
P59998,-0.13208034785564848,0.01680831254018047,0.039477868394915044,1.4036463050732797
O75127,-0.2828801181924554,0.01682738446364283,0.039509260775267195,1.4033010959633447
P32568,0.46785356711651716,0.01690052947754663,0.03966754783136708,1.401564645914109
P38260,1.1922068794174443,0.016945898036953205,0.03976055506874415,1.4005475613569678
P37686,-0.24017728784299308,0.016968809562909897,0.0398008256821098,1.4001079182412735
Q96RS6,-0.12416617239297523,0.016986336736930653,0.03982844414714116,1.3998066584791673
P43243,-0.05257011315747562,0.017012477059175902,0.03987623261940892,1.3992858791941023
P62888,-0.09753913981833762,0.017028503499063753,0.039900290432324,1.399023943092785
P82932,-0.21649837696558194,0.017044979902020113,0.039925385940997045,1.3987508770370627
Q99618,-0.4951888578461272,0.017045620108224503,0.039913383033258865,1.398881460128554
Q9NPF5,-0.39575407238919524,0.017071925586210453,0.03996146475960824,1.398358601393091
P29468,1.2014664955783232,0.017098010793780892,0.040008998559019564,1.397842319046767
Q16836,-0.12175635736081958,0.017127289831913445,0.040063971214921855,1.397246004836561
Q06385,0.7069224843678796,0.017168810366248472,0.040147532244479714,1.396341144421232
P33327,-1.579866066389112,0.017169914655024546,0.040136559443413225,1.3964598585247034
Q5JPI3,0.7464807458340808,0.017205044311955565,0.0402051052365779,1.3957187967836808
Q00341,-0.04758423777238008,0.017244216417060046,0.040283048067383184,1.394877675438137
P63104,-0.10714123067895187,0.017256449993309442,0.04029803027105382,1.3947161812365192
Q08647,0.2996577973507435,0.017333005506390962,0.04046315917945078,1.3929402125033974
P30043,-0.06956488508829395,0.01733376097159991,0.04045128445141819,1.3930676836609377
Q5HYI8,-0.5249565700424306,0.01736486566951784,0.0405102189675679,1.392435409342962
O75947,-0.13899564279640586,0.017457448261723338,0.04071248627961347,1.3902723747872587
P52488,0.5802648236457415,0.017473060779389125,0.04073517603922232,1.3900304025226609
Q05D32,-0.1826667798792201,0.017486926070711787,0.04075377856398802,1.3898321186194031
Q9UQ16,-0.35393594865468714,0.017499862144459786,0.0407702037309016,1.3896571183495285
P38623,0.9965177238976821,0.01751709875891849,0.04079663363832883,1.3893756715330332
Q9H307,-0.059884392866532465,0.01756836596209557,0.04090227502405841,1.388252535442129
Q9NY27,-0.11127441836632457,0.0176370359882134,0.04104834863273599,1.3867043097775773
P32916,0.45993112677097514,0.017644719659829316,0.04105243243436095,1.3866611050116953
Q12096,0.9522771073232121,0.017665111667264533,0.04108607093857562,1.3863053883385945
P60981,-0.11817803597145016,0.0176863030087198,0.04112154534330957,1.385930572965571
Q09028,-0.06752539293335857,0.01769871750126683,0.04113659616608645,1.385771646706526
Q9GZS1,-0.14272811654551276,0.017714239942804924,0.041158858175832654,1.385536681888554
P30044,-0.1272164173184045,0.017741623101136767,0.04120865426107715,1.3850115678712194
Q7Z739,-0.07492366542117423,0.017794444786121806,0.04131748346717216,1.3838661380140636
Q14289,-0.24674635343121665,0.017823310460247217,0.04137063413568613,1.3833078221183008
Q96F86,-0.1552285948733214,0.01787900439341451,0.04148600081099265,1.3820984284978288
Q9NSD9,-0.08438089975742002,0.01788290262049703,0.041481144972972006,1.3821492646122897
Q96KB5,-0.06526681235167331,0.0179852294107247,0.04170453062285928,1.3798167623493636
Q9UHR6,-0.21635787467551282,0.018006940058849865,0.04174089486691546,1.3794382444991828
Q6P3W7,-0.2332036756165472,0.018008886963612462,0.041731436859455386,1.3795366617922507
Q92667,-0.1802039368145536,0.0180456722789128,0.04180268814292146,1.3787957898015208
O95159,-0.1307810267974574,0.018124970157244864,0.041972338919318876,1.3770368289431207
Q9UGM6,-0.5129110087827407,0.018143109752080066,0.04200029820240802,1.3767476260973248
P77695,-0.9652604782763099,0.018150929595537445,0.04200435712550176,1.376705657758866
P35611,-0.05721634253487551,0.01818404691210773,0.0420669364582138,1.3760591145039924
P53265,0.6085371930370158,0.018201586838395574,0.04209344932166031,1.3757854848011701
O43805,-0.2613684163342995,0.018259834743769198,0.042214055347531865,1.3745429247833818
P84090,-0.08890351501079152,0.018260433998126723,0.04220135013452251,1.3746736545692906
O15514,-0.17576085456229507,0.01826670702366596,0.042201761572193235,1.3746694204810814
Q9Y5K8,-0.2622764789375793,0.018280215968579348,0.042218884378400066,1.374493246980664
P47173,1.0361823643464483,0.01832492176830767,0.04230802211529253,1.3735772773038408
Q8WWY3,-0.14293341878093457,0.018352909872342102,0.04235851598536557,1.3730592636414307
P46777,-0.0776794425921068,0.01836734447193362,0.04237770513950963,1.3728625651389725
Q6P1L8,-0.17306788813712615,0.018410434046911978,0.0424629731315185,1.371989601093056
P42941,0.7536617973811488,0.01843087534314065,0.04249596432764098,1.3716523112074699
Q68CQ4,-0.10371305686588883,0.018481749809723405,0.04259907978779123,1.3705997822916685
Q04264,1.0489972862769186,0.01848728244905831,0.0425976518060831,1.3706143407040525
P04183,-0.07640309196370154,0.018529376359852124,0.042680439759020666,1.3697711144600295
P22392,-0.07885412752897736,0.018548018488453118,0.04270917193683053,1.3694788487733962
P15880,-0.053425631516926586,0.018561091062945408,0.04272506466749801,1.3693172712703903
P25786,-0.08867268799927075,0.018564391581951226,0.04271846038997351,1.3693844080438233
P04843,-0.14232429255353907,0.01862364694403871,0.042840575229409976,1.368144706437722
Q8NI36,-0.11330143526651781,0.018661247666879696,0.04291281263549486,1.3674130195609344
P78330,-0.11224565223754723,0.018662113362655306,0.042900555419331125,1.3675370851115654
Q8N6M0,-0.1723289570790918,0.018675172549443387,0.042916327491651515,1.3673774492958215
P03905,-0.3455589560814545,0.01870488418485486,0.04297034442466325,1.3668311652564924
P14618,-0.10351075861637682,0.018724753579287774,0.043001722647757396,1.3665141462476242
Q15813,-0.14122115808793723,0.018782382027802285,0.04311976563677156,1.3653236082789586
P09972,-0.0783300257594135,0.01882129962092802,0.04319478905379703,1.364568642575906
P46781,-0.07538174503148554,0.018849292218856832,0.043244698251611896,1.3640671289207098
P27694,-0.08759917259731509,0.018870447004925444,0.04327889203779522,1.363723865924382
Q9HCS7,-0.08552075656509217,0.0189136760221424,0.04336367310507085,1.3628739381463073
Q6NUQ1,-0.23709612254920387,0.019005918578618313,0.043560734934906725,1.3609048016554264
O95373,-0.11652533617717964,0.019108108549320428,0.043780457840997565,1.3587197010417478
Q9BTD8,-0.11072470707268423,0.019204532943849356,0.043986829673573584,1.356677338429813
Q9HD34,-0.4353745883435316,0.019237330568359096,0.044047379912473004,1.3560799197921642
O43660,-0.05461034516398655,0.01931328357820601,0.04420666958528874,1.3545122024705896
Q8WTT2,-0.11443604047885714,0.01938210522767039,0.044349536218238526,1.3531109174086464
P15056,-0.2785203484004093,0.019383164143450864,0.04433730707937026,1.3532306882194025
O00571,-0.04515811447800644,0.019431435370665554,0.04443304442090102,1.3522939291651364
O75494,-0.10020571194541006,0.019436831718503366,0.04443071073585913,1.3523167395119338
Q13509,-0.1539872189074778,0.019453266172943438,0.044453602304112334,1.3520930401513995
Q9Y265,-0.10897095797518475,0.01948316321950619,0.044507232640006875,1.3515694083357166
P67870,-0.11303373975864517,0.019533298773346103,0.044607045087944726,1.3505965448485913
Q6P2E9,-0.11473751917107933,0.019544049339607635,0.0446168801936839,1.3505008007495667
Q9NV31,-0.14957796157326442,0.019613902118817413,0.04476158809185622,1.3490945135803525
Q8TC07,-0.10767519240269152,0.019621668695511144,0.04476455817058292,1.3490656976677695
P53618,-0.11284754026071653,0.01962188797272641,0.04475031367692941,1.3492039161540559
Q9UL33,-0.9034794754034756,0.019627116625813266,0.04474749934709616,1.3492312296240936
Q9BQG0,-0.12623515883274194,0.019651514167554594,0.04478837527852139,1.3488346915265284
Q15181,-0.10760667480579755,0.01968533045972232,0.04485068381148975,1.34823093114179
P38902,0.44871610999081923,0.019721308364207133,0.04491787470847703,1.3475808005899315
Q68EM7,1.0469277488644302,0.019723248955463457,0.04490752244907234,1.3476809043311195
O75179,-0.11921266577608947,0.0197308213910393,0.04490999582891391,1.3476569852730624
Q9NVZ3,-0.17044153867706768,0.019753368339876426,0.0449465403829459,1.3473037310813512
O15270,-0.13569124571596092,0.019892582630935306,0.04524843696997243,1.3443964181613226
P33316,-0.09808108462336307,0.019971710221170648,0.045413504621144685,1.3428149817173125
P36957,-0.13729620700394207,0.019978223206071292,0.04541340035418175,1.3428159788352185
Q9C0C9,-0.09606000162558814,0.020022020142033095,0.0454980201717877,1.3420075010829973
Q9H2P9,-0.18060707816055555,0.020089949276395035,0.04563740445858242,1.3406790632321122
Q9BT73,-0.15555400149655796,0.020139681420568715,0.04573537361627346,1.3397477687747803
O60506,-0.12339869463919229,0.020164677957471035,0.045777124648370304,1.3393514896991277
Q96EY1,-0.09253457211058347,0.020188667157191753,0.04581656224070656,1.338977500391101
Q16658,-0.07135273568583855,0.020224966761390017,0.045883902311882205,1.338339653533459
Q13451,-0.07076946751548974,0.020254920342519724,0.04593680591274371,1.3378392055427266
P56182,-0.09842387626211746,0.02029428768569201,0.046011017660684835,1.337138161007488
P42942,0.5770907483982164,0.020299885407668646,0.046008643719377317,1.337160569036272
Q9BY32,-0.19456847282224032,0.02037498908530205,0.04616375144850504,1.3356989059358577
Q99613,-0.054406900561144056,0.02038790086653234,0.04617789519132153,1.3355658663003258
Q9NW82,-0.16142210133063628,0.020469909967622536,0.04634848156174573,1.3339644893545874
Q03660,-2.1604143613656532,0.020487012350522492,0.0463720410313886,1.333743788530293
P62277,-0.11828371317811559,0.020501701871025436,0.046390125410124224,1.3335744534167588
Q99816,-0.17997136250018642,0.020513116530936754,0.04640079021895004,1.3334746232208263
O00584,-0.3160034678262136,0.020513296363373783,0.04638604311561074,1.333612672670906
Q7Z6J9,-0.5246070681842063,0.020534227976533908,0.04641821564137146,1.3333115582359945
Q9UHB6,-0.11833810728812466,0.020588769121927877,0.046526317689369656,1.3323013182053984
P49840,-0.1798763392425684,0.020597937704028325,0.046531850134646696,1.332249679310839
Q02159,0.7028334799337053,0.020608947967599697,0.04654153807164393,1.3321592685570196
Q16531,-0.06397855374443395,0.020614255588693762,0.046538345515525145,1.3321890603756739
Q9UFC0,-0.14358526343272615,0.020692117768526305,0.04669889942284098,1.3306933545563582
P06733,-0.1334137642294415,0.020716795202550254,0.04673935809138415,1.3303172564128565
P43487,-0.06539168272045259,0.02075788743686701,0.04681681192601537,1.3295981636868206
Q9NPI6,-0.31707661387819996,0.020862053603766754,0.047036424341413544,1.3275657002783516
Q9H0C8,-0.08007342797195349,0.02086281378437112,0.04702282638118022,1.3276912704714001
Q99417,-0.12599977309509214,0.020876135278855557,0.04703754008161272,1.3275553986010549
Q96HC4,-0.06000696615896928,0.020964075646578102,0.04722031873028847,1.3258710858227656
Q9Y3D0,-0.13548531950018017,0.020969566949963554,0.047217327337088666,1.325898599120998
Q06144,1.152271735794951,0.02099099224638609,0.04725020491351667,1.3255963037130973
P40557,0.6812848002907081,0.021011841923103323,0.04728176583541352,1.3253063121975441
P61421,-0.10059974948042694,0.02104562136445893,0.047342391919270185,1.324749803629206
P69905,-0.12322970192493443,0.021051890035022777,0.0473411128946079,1.3247615368947663
Q8WUA2,-0.12820351103201233,0.021061099075278134,0.04734644480429409,1.3247126261611188
Q9UHV9,-0.07429422319088985,0.021121020639292297,0.047465740638253776,1.3236197381636174
Q9NUQ6,-0.2861278100150173,0.021188076292362246,0.04760098645305522,1.3223840471391823
Q8WXD5,-0.42119582955875146,0.021213512617366308,0.04764267316336176,1.3220038788532553
Q8TAA5,0.6861938907221088,0.021296054096713025,0.047812541687951036,1.3204581688390036
Q13888,-0.20155318641331021,0.021308519094890892,0.047825019842147334,1.320344841115966
Q8IVI9,-0.24224034891788548,0.021411239634616535,0.04803999456580846,1.318397050395683
P0A7R9,-1.0198144009949957,0.021473066472065972,0.04816310730566401,1.317285501771606
Q8N392,-0.1887263508293202,0.02160243483174339,0.04843758380019146,1.314817528791075
P30837,-0.09850045895760218,0.021603974030471703,0.048425353249267104,1.3149272025417813
Q9HD33,-0.135944655294729,0.02161637383966325,0.04843746681742018,1.3148185776673693
Q9UFG5,-0.2958378509176818,0.021689202365456448,0.04858493600078306,1.3134983650145178
Q01469,-0.045612546972883194,0.02172813020803806,0.04865639507129868,1.312860070880714
P28331,-0.107237451179504,0.021835829274867685,0.04888175942424308,1.3108531707178654
Q9H0D6,-0.09879451525583605,0.021931726918694005,0.04908056793310837,1.3090904205011051
Q96QC0,-0.08667078020190999,0.022070804410378213,0.04937584805733724,1.3064854320549224
P55957,-0.2357009906876364,0.02208323503462966,0.049387700058067106,1.3063811980811655
P19404,-0.14261228935568582,0.022093523148443376,0.049394754368686455,1.3063191698961278
Q00362,0.9660174290816244,0.022116211978962002,0.049429519606950585,1.3060136103173807
Q16773,-0.35407806378064777,0.022127617711473625,0.049439052931346684,1.3059298573089988
P20618,-0.06318974785297726,0.022197375874547252,0.04957891308237586,1.304702998493988
Q9UQ35,-0.05580786823386319,0.02224859882044959,0.04967729707603772,1.3038420419960501
Q9BVI4,-0.1417506606940968,0.02226122510715952,0.049689465713079466,1.303735672988998
P32322,-0.07891852909110142,0.022326930596942227,0.049820066855697065,1.3025956940006196
P32796,0.8258415608110994,0.022334515796229797,0.049820936653703324,1.302588111811336
P0A9M0,-2.026510660875207,0.022386190247640995,0.04992012279377334,1.301724355044531
Q9NRX1,-0.07337567884814078,0.022390657107119245,0.04991400830962448,1.3017775530179996
Q9UNM6,-0.058738404245474385,0.022391059790481373,0.04989884067888414,1.3019095444089184
Q86X83,-0.1615149505622817,0.022470377887398977,0.05005949050590428,1.3005135748556491
P49247,-0.10161841808928429,0.022480864652424316,0.05006674392196397,1.3004506519145602
P10606,-0.09435746523745081,0.02260000519203031,0.05031589580373565,1.298294790903078
P0AG40,-0.3081702656051135,0.022609756960453038,0.05032142629192441,1.298247057905915
P49427,-0.10794298259669333,0.02266384380776608,0.050425595927047664,1.2973489606154622
P62081,-0.13492129325426205,0.022704724461947816,0.050500325144403044,1.2967058256840023
P22830,-0.0637014538091698,0.022727333275347546,0.050534378804915354,1.2964130685059034
O60783,-0.35250597733257294,0.022816719252466793,0.05071684240901447,1.2948477931197981
O95292,-0.18135065080787527,0.022888737147179965,0.05086059563770028,1.293618558028739
Q96HW7,-0.31812375849972696,0.02289060534158407,0.05084842841999619,1.2937224653385015
Q8WXI9,-0.06593384639936417,0.02296992982954849,0.05100827265548227,1.2923593831713074
Q93050,-0.11592642067018843,0.02303410682667987,0.05113438783838776,1.2912869388941037
Q96JM3,-0.139107978184704,0.023078272514074297,0.051216012463926416,1.290594237510045
Q9Y606,-0.10562321232529825,0.023096391136303386,0.05123979885541962,1.2903925837703019
Q7Z7F0,-0.19308949590026714,0.02323438494480124,0.05152943028757328,1.2879446590978414
Q9P0J0,-0.15061639530513204,0.023235797215390604,0.05151606145352691,1.288057347402595
Q99496,-0.10108455722015464,0.023247730260309133,0.051526019309340726,1.2879734080680438
P53803,-0.1581153002641571,0.023369360381333217,0.05177902440971238,1.2858461365483074
P53962,0.9800761234992628,0.023450837133610476,0.05194292908289153,1.2844735639737652
P0A9K3,-2.4061098957550904,0.023482747658870852,0.05199697626799545,1.2840219107557
Q08601,0.45063599448227976,0.023521677111293764,0.052066525677301155,1.2834414011896425
P46109,-0.08069644938613862,0.023685434616179012,0.0524122560825898,1.2805671457137136
Q9Y6X3,-0.44526236743354985,0.02373546267925028,0.052506180061063557,1.279789576432939
Q15907,-0.06896815880186935,0.023896795748692076,0.05284618772403192,1.2769863368359031
P19367,-0.05319818408976573,0.02390925128500552,0.05285685054194707,1.2768987177272424
P61457,-0.2658043880979619,0.02400064257925357,0.05304195634176564,1.2753804662630692
P17948,-1.9517130017920508,0.024026243156049974,0.053081591452613285,1.2750560649197507
Q9UKN8,-0.18343413286561372,0.024070842353576767,0.05316316186799539,1.2743891973871828
Q9NPQ8,-0.162339642042987,0.024208946614987445,0.05345113085528478,1.2720431020732637
Q9BSC4,-0.11974077233013602,0.024336358917344172,0.05371531690905038,1.2699018576789327
Q15208,-0.45416579341558716,0.024384587503415194,0.05380461563851077,1.2691804667062307
P27797,-0.0977205679213462,0.024409033332934357,0.05384139751425215,1.2688836760342428
Q96I25,-0.0946484721755354,0.02448580808891467,0.05399354624447298,1.267658147545828
P49821,-0.10179266195835979,0.02453796912946194,0.05409133978108707,1.266872261443367
Q14353,-0.2619229277238375,0.02461013061786638,0.05423314589373228,1.265735202780808
P27514,-0.44869488070667174,0.02466174626970393,0.0543295994818422,1.2649634965761998
Q969U7,-0.13918531420206293,0.02468314930863036,0.054359454775113426,1.264724907887798
Q9Y6C9,-0.0866076517319101,0.024687703660566947,0.05435219718466313,1.2647828948916258
Q9P2N5,-0.08192316713983061,0.024958247196858036,0.054930357149092515,1.2601875772506992
Q9NTG7,-0.4562163908947241,0.024959675099023457,0.05491604397382854,1.260300755889367
Q99614,-0.06840664968193977,0.02499463192337165,0.05497548647948707,1.259830918867181
P49755,0.15381957565596593,0.025014963350027033,0.05500273300590257,1.2596157305076905
Q03124,0.5812480929853869,0.025044323339918854,0.055049807874793064,1.2592441923881932
P20042,-0.052264536754897506,0.025071089017421267,0.05509115212841157,1.2589181450748639
P30622,-0.15166638985927605,0.025095745821614963,0.05512783758529886,1.258629042586772
P05161,-0.13150450567778194,0.025099407789481488,0.055118395031515964,1.2587034369477526
Q9Y6D5,-0.29642315300984734,0.02511841948906364,0.0551426558472659,1.258512320710555
P56385,-0.12049890860896895,0.02517092482281677,0.05524040680608029,1.25774313181344
Q14978,-0.0875542083449048,0.025188410979958085,0.05526126667466089,1.2575791645966545
Q7L2H7,-0.2114858151122334,0.02527525101801845,0.05543422174493499,1.25622204526266
Q12166,0.8282604903923279,0.025314778438062995,0.05550333309219385,1.255680935794755
P20676,-3.5956382055936835,0.02536742640562799,0.05560115873142393,1.2549161576010412
P50213,-0.10793021281686066,0.02538507752977598,0.05562223949878762,1.2547515292729081
Q9HCN4,-0.21169438799472928,0.025475313585297112,0.05580230030515571,1.2533478980293613
P52895,-0.09283657443110371,0.025500939255515588,0.05584076641530359,1.2530486296461238
Q15814,-0.19860491121060875,0.02555342259042315,0.0559380012697091,1.2522930555376766
Q04170,0.3044403176814434,0.025578919850483377,0.05597611916711344,1.2519972145288745
P18754,-0.0765577839498448,0.025669277929336383,0.056156107545884716,1.2506030029069084
Q05397,-0.1959264006448791,0.02567913806115947,0.05615993428157555,1.2505734090898928
Q9NZD2,-0.4139320375868536,0.025707468645144817,0.05620414047962826,1.2502316893914658
Q6P2Q9,-0.07745359485840808,0.02571950152212035,0.05621269840251304,1.250165566580514
Q9Y2V2,-0.14701991430025885,0.025751994743168676,0.056265955065225595,1.2497543049632032
Q04726,-0.19022211357321694,0.02576088651254544,0.056267627196487265,1.249741398640212
Q9P0L0,-0.07905437528129511,0.02579112193480207,0.05631590295697557,1.2493689481113261
Q9ULK4,-0.1987323466399573,0.02580002204007612,0.05631757648344484,1.2493560424759043
P28273,0.7024694731214183,0.025804736879494347,0.05631011602698357,1.2494135777943705
P32474,0.5936088711711669,0.02583918360777423,0.05636751962830143,1.2489710752639345
P49721,-0.072800892156625,0.025840535323153207,0.0563527138826812,1.249085163985365
Q9UHA3,-0.13983165734787306,0.02585739269740166,0.05637172135919682,1.2489387034202504
Q9H1A4,-0.11935524560850297,0.025958917624457227,0.05657524256586145,1.2473735753354205
P50897,-0.11999779416221301,0.02596495225310103,0.05657058823174057,1.2474093053594526
Q9Y2B0,-0.11632513485560025,0.025968003673933298,0.05655943926968045,1.2474949047856045
O60287,-0.13894578421011516,0.02599456904586097,0.056599495620610486,1.2471874389559277
P04424,-0.11335936448037387,0.026058467364492122,0.056720788441289985,1.2462577409187543
P28070,-0.07641214351223269,0.026074123307249668,0.05673703010037609,1.2461334010882006
Q8IZQ5,-0.17981701630727542,0.026195279027187456,0.056982755885719744,1.2442565505858705
Q9BRS2,-0.05771159194861042,0.02624599319594861,0.057075143495209854,1.2435529879568776
P53974,-0.17987053907757655,0.026323538894063567,0.05722580323469267,1.242408102752214
P50990,-0.06339743371517059,0.026361313231229998,0.05728993496956576,1.2419216707225427
P49643,-0.3372301061020977,0.026426627898098985,0.05741385992043846,1.240983254633936
P16467,0.4546945353145091,0.026437009378963636,0.057418398036368945,1.2409489284133612
P35612,-0.12367840825690735,0.02647112305332645,0.05747446096620644,1.2405250931426306
Q96T76,-0.119976248333316,0.026547514844068105,0.05762225479007134,1.2394097515445606
P0DMV8,-0.10178218087213153,0.026562889866405516,0.057637558581946656,1.2392944233619398
P49687,1.2291371273819216,0.026584716764390434,0.057666848018997297,1.2390737858071799
Q8NFA0,-0.3940333843802186,0.026611202276556584,0.057706221284960155,1.2387773632033752
P61024,-0.1680292346295964,0.026747423905904472,0.05798345745913668,1.2366958919362485
Q86VU5,-0.1801462653735868,0.026748570830881748,0.05796779481471838,1.2368132205541094
O15371,-0.10948583742767326,0.026779348748178205,0.05801633627421336,1.236449700320175
Q12156,0.6579823560337559,0.026812121473012953,0.058069167681933584,1.236054398759752
Q96S44,-0.39471031466549533,0.026955936497211248,0.05836238408589452,1.2338669756168263
Q9NS91,-0.0961041713842441,0.026959826289007366,0.05835255930762332,1.2339400913100722
Q92973,-0.12105269855100431,0.027027113189131834,0.058479916162984,1.232993258655865
A6NDG6,-0.10600630026110025,0.02706525684277916,0.05854415444529925,1.2325164621439404
Q99541,-0.11895569368586578,0.02713099895353032,0.058668031466034956,1.2315984837588048
P35725,0.6492182146348142,0.027139985329740577,0.05866914093759718,1.2315902708904112
Q9BRQ8,-0.5624413636127947,0.027150185235082433,0.05867287221214443,1.2315626512526805
Q8WW59,-0.5062185218593847,0.027157056457481225,0.05866940995681748,1.2315882794977782
P38820,0.8978628904299129,0.02716033556364114,0.05865819196589247,1.2316713275016884
P00338,-0.17564098607951806,0.027166027293181072,0.058652189890235656,1.2317157680413704
Q96GK7,-0.10524463814142493,0.027217172361124455,0.05874429595649181,1.2310342967989565
Q8NCU4,1.1482870008876205,0.027237419448356146,0.058769676615898395,1.2308466990136473
P40483,0.8160555341761757,0.027259026872239734,0.05879797572068159,1.2306376254284688
Q96RE7,-0.14312191590661172,0.02730386318453349,0.058876346524356866,1.230059147270084
P38837,0.7956255116157074,0.02730407157586542,0.05885846562618063,1.2301910636561941
Q9H936,-0.3770532739900361,0.027369062790686252,0.05898020254052649,1.2292937403959199
Q9UMS4,-0.08294450570986456,0.02752090515129518,0.0592889692805127,1.2270260996580167
P05387,-0.08821272871669805,0.027544024632262114,0.05932031930133215,1.226796519976201
Q14019,-0.08018912283957036,0.02754464558253473,0.0593032108250841,1.2269217922029152
Q5T653,-0.11888631139411743,0.0275532182872193,0.05930322767196346,1.2269216688283862
Q9BZZ5,-0.05957060076516285,0.027564936462450104,0.05931001245059183,1.2268719847978444
P53332,0.4621427687335711,0.027656845948646012,0.059489282804729725,1.2255612668428255
Q92610,-0.7722719565585514,0.027676900550669663,0.059513931494669804,1.2253813592622913
Q12486,0.45621018891197807,0.027757150148488674,0.0596679626290393,1.2242587909487925
Q8IY67,-0.06294812658261861,0.02778754155643321,0.05971475410823822,1.2239183516823369
Q08J23,-0.04402492665429136,0.02781450214389195,0.05975414608883271,1.223631955467168
Q9H0W8,-0.14964407695055115,0.027843794675194943,0.05979852181484175,1.2233095513893806
Q9NX63,-0.06748129271648295,0.027899893086932585,0.059900421622921314,1.2225701207181388
Q7RTV0,-0.07854403129277543,0.027914688623319705,0.059913609432072426,1.2224745160094843
Q8IUF8,-0.1624742811625346,0.02796221250745393,0.05999701251986707,1.221870374256996
P08754,-0.11452592847610532,0.028064225738690617,0.060197242569607755,1.2204234018357087
P0A8N5,-1.2910692534911767,0.028117364108908614,0.0602925453979818,1.2197363809387156
P28340,-0.05681157049749075,0.028126391771540603,0.06029323115360592,1.219731441386274
O14976,-0.347909408351633,0.028137278484693162,0.060297900411023043,1.2196978098462836
Q92522,-0.13432208204717355,0.028165651879371874,0.06034002896434742,1.2193944856914707
A8MXV4,-0.2064275247092482,0.02817689290048219,0.060345439666853906,1.2193555441640438
Q9UBM7,-0.24259915309138336,0.02819429427076634,0.06036403634223443,1.21922172809872
Q9H1Y0,-0.2344447290905869,0.028263479034897027,0.06049345559122937,1.218291606411181
Q8IXH7,-0.14058984354396742,0.02826996609272636,0.060488641911630815,1.2183261661440927
O95298,-0.14102631769770824,0.028339261920080145,0.06061818027019923,1.2173971050926642
Q8WXE9,-0.15596765396442436,0.028360142011979565,0.06064410849010084,1.217211383989829
Q8N983,-0.18407310378605501,0.028432956993197193,0.06078104174772997,1.216231860665857
O00505,-0.12103024329452694,0.02851295746049496,0.06093324612853923,1.215145684863228
Q13907,-0.11820895725731972,0.02860972314877919,0.061121173428616817,1.2138083165939948
Q05048,-0.08973857446887834,0.028611453492360904,0.0611060160336542,1.2139160303204577
Q8WYP5,-0.270748850242569,0.028615834155560963,0.061096526578200465,1.213983479295905
Q13838,-0.04684886121897236,0.028633748011462307,0.06111592824641338,1.2138455876623973
Q9NX58,-0.06709427094728326,0.028645992027041878,0.06112321996771586,1.2137937752213706
P17442,0.6156388543799842,0.028654539961453552,0.06112262313404325,1.2137980158820598
P80428,0.9433299349531126,0.028701430097556,0.061203788726663926,1.2132216926885264
P24215,-1.2444082024129877,0.028751675705722877,0.06129205744655948,1.2125958000430552
P41567,-0.10669961296569141,0.028771405760372435,0.06131523960751577,1.2124315702632005
Q9UHY1,-0.1460608479280694,0.028774652273256242,0.0613032899507773,1.2125162176654696
O43676,-0.10895677252638336,0.02879120380284837,0.061319684752667525,1.2124000865399205
P46673,1.0318472470300364,0.028835278426422382,0.06139467030275171,1.211869328509817
P52788,-0.1298693460405076,0.028859152755770463,0.06142661348938048,1.2116434271094776
Q9BXW7,-0.13884894761650912,0.028874178080178114,0.06143970775265927,1.2115508587595731
P40692,-0.09384625527611234,0.028897482780837664,0.061470405767901685,1.211333920079419
Q6P1N0,-0.8393991948674007,0.02890750916848589,0.061472848121190506,1.2113166649552414
P33136,-1.7931313502412642,0.028960236641455424,0.06156606647388313,1.2106585930912974
Q13263,-0.0728250752340216,0.028965966332276383,0.06155934649621905,1.210705999214055
Q96DB5,-0.21330616184252804,0.02897119976143038,0.061551576295840425,1.2107608205909997
P53602,-0.13830116278033344,0.02900432875156503,0.06160305898031787,1.210397721840646
P32347,0.6764969991728478,0.02912331405921614,0.06183680666851044,1.2087529460310873
O43716,-0.18354347163236184,0.02913126590158194,0.061834728725491526,1.2087675401603513
O14757,-0.21566727278569076,0.029135552078157517,0.06182487360991806,1.2088367628044534
O43290,-0.05042205351884377,0.029155316573921695,0.061847859055708894,1.2086753294444745
Q09161,-0.12413014144316037,0.029178323673024902,0.06187770692558175,1.2084657888320554
P40989,1.1723106447263305,0.029205983608393934,0.06191740064437219,1.2081872840677546
O60216,-0.09983578339550903,0.029250509219852745,0.06199281476530775,1.2076586441890236
Q99426,-0.14258582311865098,0.029270688062839927,0.06201659857622511,1.2074920571906924
Q8IZL8,-0.0812561709859807,0.029292436063491297,0.06204369143579497,1.20730237071493
Q9ULX3,-0.05606414494904399,0.029316852629328524,0.06207641822797269,1.2070733495575838
Q92785,-0.08609550096259255,0.029369202163868943,0.062168253067144165,1.2064313361698686
Q6IN84,0.3452091364508476,0.029444127254358368,0.06230780473996862,1.2054575497581244
Q9Y6Y8,-0.33344978060558006,0.02944776028726887,0.06229645347664211,1.2055366769261606
P69892,-0.07496896092949967,0.029477733913035084,0.062340815398245236,1.2052275215868893
A5D8V6,0.2903502155870008,0.029490140964340127,0.06234801100369192,1.2051773966184685
Q14974,-0.047794965191680916,0.02949552775927923,0.06234036453151691,1.2052306625409979
O94832,-0.20341607575416631,0.029561068692867756,0.0624598228957633,1.2043992515419677
Q9NYL9,-0.08262678526378764,0.02961833473814747,0.06256172962993688,1.2036912529412787
Q06124,-0.06103731079537056,0.02966363844488959,0.06263831430082815,1.2031599383654907
Q6UB99,-3.5783784538725563,0.02966458830502952,0.06262122238537329,1.2032784590755243
Q8NFH3,-0.15795392458901958,0.029668952039737007,0.06261134529812223,1.2033469646500512
Q969X6,-0.09659667727500931,0.029723519683698473,0.06270738887566368,1.2026812827918676
Q53GS7,-0.21070876017963158,0.02976260782513653,0.06277072695133881,1.2022428417312088
Q06168,1.1667500330707163,0.029815531413661236,0.06286319717058174,1.201603534896049
P35178,1.1360653386817958,0.029847051978730294,0.06291049859991736,1.2012768727813792
O94927,-0.2109190366588578,0.02993572707062343,0.06307820275015114,1.2001206892621508
P22768,0.3152971272022924,0.0299561957678738,0.06310212944835965,1.1999559847801509
Q6NS38,-0.5538040726808013,0.030005307540577206,0.06318635930990164,1.1993766672213928
P32608,0.6412516061623563,0.030060969715446022,0.06328432785337436,1.1987038282055718
Q9Y697,-0.09434796841398452,0.03007854750436023,0.0633020859939788,1.1985819784384513
Q96GG9,-0.20754922879456217,0.030102247431183966,0.06333271382969242,1.198371901898338
O60942,-0.19392452367264923,0.030111344426655386,0.06333260899458137,1.198372620789811
Q99757,-0.1463076646289636,0.03021251762046028,0.06352610750199422,1.1970477548047542
Q9NWT1,-0.16565024548257767,0.03026908779190684,0.06362573280848906,1.1963672026457493
O43707,-0.04703096910242621,0.03027212091126293,0.06361279671914553,1.1964555103660524
O75909,-0.13686304501806035,0.030322790304328176,0.06369993934076708,1.1958609812279568
Q9UBQ7,-0.13897351018018256,0.03038456680653768,0.06381035504048131,1.1951088389586628
P53217,0.5315604614007015,0.030423682191701277,0.06387312780331705,1.1946818163539754
Q96DG6,-0.07406107391395977,0.030467093092137,0.0639448780145367,1.1941942367851701
Q9NR30,-0.07457533902593738,0.03061393605007718,0.06423360400325286,1.1922377100143164
Q9BXS5,-0.1855860989276401,0.030764658412127017,0.0645302922888723,1.1902363677588772
Q8IUH3,-0.4130377901530764,0.03082840651906546,0.06464442360327355,1.189468932543518
O60934,-0.1276510107771216,0.0308353830939464,0.06463947700347711,1.1895021660859273
Q6WKZ4,-0.09404918606541557,0.03086481046878433,0.06468158222937734,1.1892193650012102
P48147,-0.13232439729737422,0.03097603828420798,0.06489503451735433,1.1877885322321908
O43143,-0.08074321372339455,0.03102862484246078,0.06498554095862022,1.1871832615173559
Q9UBU9,-0.09787718669655021,0.031044679266738633,0.06499950385331064,1.1870899583508638
P53741,0.41818069689151116,0.031099993581081484,0.06509563348107866,1.1864481422870092
Q9GZU8,-0.0985408185074057,0.031118683274281446,0.06511506890030969,1.1863184955646764
P51149,-0.11761444206227267,0.031155221725701534,0.06517182937424695,1.1859400881805544
Q9UBF2,-0.0905973059131675,0.031162244749788237,0.06516683257249585,1.185973387332108
Q9UBI1,-0.17314555068888282,0.031186209426235196,0.06519725666281778,1.1857706779071258
O00764,-0.07252799195818227,0.03129351043600262,0.06540183104705166,1.1844100926161183
P19158,0.8275316834506405,0.03132267829211099,0.06544303696275693,1.184136554911868
Q9Y3I0,-0.0556174837634309,0.03133828480679338,0.06545589261002636,1.184051250368789
Q9NP79,-0.05430578579615286,0.03139541953119526,0.06555545381001085,1.1833911718447505
P61949,-2.343341850938689,0.031462343304493406,0.06567538891779087,1.1825973467207977
Q9H7Z7,-0.1727126380662476,0.03149863953307281,0.06573133819379028,1.1822275260299486
O43324,-0.10071950105558258,0.03152126844762884,0.06575874140746674,1.182046507588185
P51790,-0.2704929460126664,0.031529492380782856,0.06575608591703028,1.182064045760373
O60762,0.25307054913456284,0.03157733742743014,0.06583603864725272,1.1815363084974269
Q15233,-0.0558359704583431,0.03158708397733562,0.06583653505691506,1.1815330338902545
Q8NEJ9,-0.08541510005386499,0.03164548505780932,0.06593841063505018,1.1808615252053956
Q13442,-0.08433060992188146,0.03170071029199698,0.0660336095252067,1.1802349626992017
Q8ND56,-0.1072739882657423,0.03173151701795469,0.06607790190445662,1.179943755121434
P08575,-0.05510334194033106,0.03173246378674237,0.06606000579056048,1.1800613925760555
P24468,-0.8994680084887712,0.03183156205059435,0.0662463888302721,1.1788377906565208
Q8N4Q1,-0.09937455002651063,0.03183328427776678,0.06623006620770949,1.178944810805014
P53206,0.846899632607677,0.031833498380927396,0.06621061663849243,1.179072367390582
P39010,0.4709215098438442,0.031845094043137456,0.06621484419059573,1.1790446385453957
Q9P2E9,-0.11048772582752164,0.03184647123657734,0.06619782853259128,1.1791562563575881
O43172,-0.06342185011130397,0.031848508987322124,0.06618219574676422,1.179258828217504
Q15126,-0.23148733428891433,0.03186705780440789,0.06620087255857193,1.1791362863174668
O75146,-0.9127044345993767,0.03191858976136154,0.06628803704489121,1.1785648413414105
P08727,-0.04200153815123997,0.03198961573118319,0.06641562198582081,1.1777297558087758
P52294,-0.17620354791102955,0.0320069352622288,0.06643166059822309,1.1776248913243537
Q9BYD2,-0.1409558777965998,0.03201928815250587,0.06643738422773468,1.177587474923594
P12004,-0.06532792565355194,0.03202018263132708,0.06641933629098523,1.1777054684937744
Q9Y383,-0.08639192488293546,0.03205702145436398,0.06647583604373052,1.1773361919896927
P11498,-0.1762644988987141,0.032115960339450786,0.06657811658393929,1.1766684946820805
Q86TU7,-0.24035943070296995,0.032121277189856,0.066569207800827,1.1767266112889263
P48507,-0.0947447491177158,0.032183671193293475,0.06667855755307123,1.1760138037678096
Q9UJX2,-0.15912275116357932,0.032265652986312336,0.06682841198840161,1.1750388586857994
Q6P1J9,-0.06180371369635296,0.03238729906599897,0.06706030464502898,1.1735344779672272
Q16401,-0.06022994219917521,0.03241874228367722,0.06710534277195249,1.17324290093377
Q9Y3B2,-0.12280523221126671,0.032427187463077926,0.06710276329777393,1.1732595951772833
Q9NTX5,-0.4245994427495212,0.03242719248608209,0.0670827250593464,1.173389303636035
P07954,-0.0678764184378764,0.03251876141754746,0.06725206214309995,1.172294394394126
Q5MIZ7,-0.21675559712934245,0.03265450405597964,0.06751262648062198,1.1706149960868324
P24171,0.19792492444320686,0.03266686888922193,0.06751802990715601,1.1705802383749004
O75347,-0.06221027144831481,0.032696651361537675,0.06755941928597041,1.1703140921084672
Q13228,-0.13782518029325885,0.03276607325794003,0.0676826644504704,1.1695225528449265
P05937,-0.1071701062222239,0.03279208097158793,0.06771618510208018,1.169307516537462
Q96CN7,-0.0941208144117347,0.032803423552489656,0.06771941105469242,1.1692868275390245
A6NFI3,0.39104199042745336,0.03293571867162663,0.06797225516612304,1.1676683209272958
Q9Y2W2,-0.06640117996935402,0.03302011612593685,0.06812612754945971,1.1666862966865892
O00273,-0.07060296022774537,0.033066753261836945,0.06820202549447692,1.1662027272788285
P46976,-0.17029823042725312,0.03325067473328807,0.06856095052212227,1.163923170028104
Q13131,-0.13595050247057472,0.0332737734260141,0.06858815337949438,1.1637508896315496
P78347,-0.12176694278205957,0.03328607597435078,0.06859309227571571,1.1637196180773908
P32798,0.7898214325353656,0.03333849284691556,0.06868066779888228,1.163165490739432
P33202,-0.3908726507825939,0.033386846405546206,0.06875982287685958,1.162665250712466
Q9H2G2,-0.08145626089532243,0.03342602932669017,0.06882004967529073,1.1622850182350413
Q9UKF6,-0.04856374617613923,0.03342984929682713,0.06880745437908177,1.162364509143408
P53396,-0.08154515285096409,0.033463633907629735,0.06885652338081077,1.1620549089425032
Q99549,-0.4860160474896844,0.03346627537411665,0.0688415005021936,1.1621496721515552
P26583,-0.07720474221184759,0.03348204769926127,0.06885348923958569,1.1620740464150299
Q8NBT2,-0.12883591963251106,0.03360916536880412,0.06909437678551061,1.1605572960468793
P15954,-0.16215208823924954,0.03361154090953928,0.06907875015068268,1.16065552877065
Q5TFE4,-0.1543934604643269,0.033637695796006145,0.06911198981945002,1.160446602977106
P0DMU9,-0.08455224767251579,0.03369955692673655,0.069218550032846,1.1597775024029051
P02924,3.2161477394449065,0.033729473134136254,0.06925945195158939,1.1595209493349588
P10398,-0.11879622257041689,0.033776285311760836,0.06933501319259769,1.1590473974765507
P53049,-4.041343786699819,0.03413978611569552,0.0700604265160272,1.1545272230989256
Q96GA7,-0.41099772260697875,0.03414548505829987,0.0700513595684943,1.154583431436522
O75528,0.5496901406649144,0.03414555011359076,0.0700307431832057,1.15471126478934
Q9H773,-0.10711597282103469,0.03415764472214839,0.07003480368852694,1.1546860843635376
P51530,-0.5406966963915423,0.03418569266795153,0.07007156188066797,1.1544582020640717
P32906,0.3930903838615194,0.03418685484410237,0.07005320596051044,1.1545719845880762
P99999,-0.1291899759118671,0.03426631016894862,0.07019524603840244,1.1536922993972663
P06753,-0.10836420426998572,0.0343313981226118,0.07030777894142683,1.1529966214319927
Q92552,-0.07344073893229108,0.034339671852372314,0.07030392900822764,1.1530204033029179
P29590,-0.07864084002617489,0.0343750904805372,0.0703556389261719,1.1527010886147764
O76031,-0.08215378639443571,0.034389688497638154,0.07036471724516744,1.1526450531703323
O14964,-0.12239710760209377,0.0344851216063834,0.07053913796236298,1.151569852018636
Q8IVD9,-0.15756931368897398,0.0345368933865859,0.07062417300907288,1.1510466246195712
Q14739,-0.16090421566157787,0.03454936958689928,0.07062882640085345,1.151018010113945
Q96BN8,-0.7872320536951314,0.03458087745610025,0.07067237175502897,1.150750333577915
P52209,-0.06629686331098839,0.03458302478809348,0.07065590546850377,1.1508515336710339
P15424,0.4159289815909659,0.03460014012631614,0.07067002071817491,1.1507647813640984
Q9NZJ9,-0.10994489341003089,0.03463969727765731,0.07072995103229113,1.1503966425878924
O95777,-0.08206353246626819,0.03466201902726914,0.07075466383986188,1.1502449280558331
P62917,-0.07027094797283695,0.034679028524635516,0.07076852151623234,1.150159877505511
O00178,-0.12513297692871816,0.0347514165051408,0.0708953470482012,1.1493822671808485
Q86WB0,-0.08163894824283346,0.0347584088333978,0.07088872540867344,1.1494228322663382
P09884,-0.11748112465664562,0.034778857706861004,0.07090954380515477,1.149295308639583
Q8IYL3,-0.5728103042371053,0.03478359049091852,0.07089831632591105,1.149364078202665
P42766,-0.09388540509389998,0.034822362992002226,0.07095645713850011,1.1490080769927231
P40515,0.5350354753880779,0.03485357122552726,0.0709991548001032,1.1487468212504475
P52565,-0.08965233364610725,0.03485809157407797,0.07098747825262232,1.1488182513568037
P53600,1.205227437424277,0.0349140526870783,0.07108053537351665,1.1482493097793922
P25490,-0.12868411906859123,0.03494546436499983,0.07112357297567867,1.1479864341997628
P04080,-0.07565699499293288,0.034999751991220025,0.07121313041058108,1.147439922948641
Q96C36,-0.08062411853520857,0.03500274538772273,0.07119829878513284,1.1475303832880883
Q15022,-0.15631060514106565,0.035015554820188886,0.07120343658589952,1.1474990449266949
P51991,-0.08606663478197163,0.03510050506780651,0.07135522521711458,1.1465742187669965
P21796,-0.10671944751115348,0.03515466403233862,0.07144434803637,1.1460321225581929
Q9NTJ5,-0.4567858079494336,0.035166811644695935,0.07144806450348434,1.1460095315593901
O95168,-0.15226413563772567,0.03517755397268808,0.07144892452534242,1.1460043039790218
O00560,-0.20805360253847027,0.035178652787759876,0.0714302029039441,1.146118116220997
P50851,-0.056587254922465746,0.03520723959506529,0.0714672902246356,1.1458926844274238
Q13347,-0.0665887145708588,0.035224705426549485,0.07148178791718307,1.1458045933676264
Q9Y5L0,-0.06263667964985942,0.035230653425447025,0.07147291072891743,1.145858530928547
Q15013,-0.16100856056005952,0.03528424492314558,0.07156066545045695,1.1453256295339869
Q9NYL2,-0.18263410417850423,0.035284709443479285,0.07154065247046869,1.1454471032836109
Q04924,0.4764309610843327,0.03532118134558297,0.07159363572506337,1.1451255823336721
Q96CW6,-0.770204665555827,0.03535642494864088,0.07164409901796588,1.1448195745544754
P68366,-0.09826696824812231,0.03536644792018559,0.0716434421882285,1.1448235561641547
Q9Y2T2,-0.1474605041226944,0.03541250876394666,0.07171576796770011,1.1443853465848095
O75446,-0.14745829355350537,0.03542233185871794,0.07171468590343948,1.1443918993708433
Q15631,-0.0973193544416695,0.035451438758854543,0.0717526343076027,1.1441621497263217
O75027,-0.2127726927757898,0.035565282464423996,0.07196201513257502,1.1428966837269299
P19388,-0.14228075328291823,0.035811348156113885,0.07243873053839689,1.1400291691393158
P15104,-0.08946058428301029,0.035911175107121725,0.07261944405423798,1.1389470801973056
Q9Y2A7,-0.13849441347224456,0.03593466484462746,0.07264572828735782,1.1387899179904863
P80217,-0.15871700575308623,0.03594987784461139,0.07265526975951234,1.1387328804096357
Q86XI2,-0.3226667629989528,0.036014914347635804,0.07276547036563476,1.138074658972149
P83436,-0.26162408595373776,0.036025598243919,0.07276582329080956,1.1380725525735582
P27635,0.09025163168122319,0.03610227182320235,0.07289942551876731,1.1372758941101786
Q7Z6V5,-0.22729819221483183,0.03623297362309103,0.07314201439250213,1.135833082998507
Q8N183,-0.11566833706939406,0.03626411778903503,0.07318354752879001,1.1355865421733289
P49902,-0.30678881239557754,0.03632031569476103,0.07327560194362627,1.135040605237237
P32119,-0.07763234945694819,0.036328247520354615,0.07327025512115798,1.1350722962797712
P36112,-0.8388071103581645,0.03633205660428057,0.07325659869773986,1.135153249486581
Q99729,-0.19311615074814625,0.03636452164350131,0.073300712622883,1.1348918031667663
P32787,0.49040006123663105,0.036370556353400044,0.0732915402185512,1.1349461515312274
Q69YN4,-0.10535397403213764,0.03638039834116803,0.0732900430940493,1.1349550229446097
Q9Y5A9,-0.09427654889592674,0.036413295560958917,0.07333497919257695,1.1346888269033686
Q8IWZ8,-0.12583909216471767,0.03644115813303804,0.07336975251909142,1.1344829458260606
Q9UKY7,-0.06517686682678914,0.036508107734093076,0.07348317963687805,1.1338120599210166
Q12024,0.8593608563194373,0.03672661018940111,0.07390149635321513,1.1313467679466476
Q8IX12,-0.06564341972362442,0.03672982555290202,0.07388649393616897,1.1314349411053457
P49588,-0.0656373010894491,0.03673860730324535,0.07388269444312251,1.1314572745685334
Q71SY5,-0.28429109381756135,0.03677006187598868,0.07392447979946155,1.13121172288596
P54819,-0.06285023793316213,0.036869563355777964,0.07410300629184517,1.130164172729509
Q9H3M7,-0.263974082616798,0.03700664239270169,0.07435693323478423,1.1286785305014841
Q86UE8,-0.31689223736695027,0.03700748749868839,0.07433705930981097,1.1287946231001607
Q6P4F2,-0.9779635611760114,0.03705235808520277,0.0744056053891949,1.128394345396381
Q9NXC5,-0.5266315822192844,0.03707468141947424,0.07442884724512601,1.1282587073141563
P09211,-0.10816455568113525,0.037101502174210155,0.0744611017548496,1.1280705420833579
O00410,-0.0956937842679011,0.0371579813339348,0.07455284345295989,1.1275357878598102
P11172,-0.09193451554819987,0.037230630919502926,0.07467696653726484,1.1268133318970894
Q9HCI7,-0.21733096404841135,0.03740524280545975,0.07500547384448403,1.1249070409588768
Q8TBZ6,0.5613961589393064,0.03740988703469408,0.07499306827684475,1.1249788772515061
Q04323,-0.12119346048691071,0.037431938471328266,0.07501555484094845,1.1248486741928103
P42677,-0.12087583463893736,0.03759028114271203,0.07531108409494737,1.1231411007313505
Q9NUJ1,-0.11526608374326486,0.03759625739216569,0.07530126878315163,1.1231977061249405
P37370,1.0487887556200342,0.03760918312953054,0.07530537420152385,1.1231740290744456
Q10471,-0.09507718770820617,0.037867290050391654,0.07580026490572762,1.120329276598887
Q14651,-0.5558807301275195,0.03788667475947325,0.07581714914294589,1.12023254983262
Q96AB3,-0.14346512605183648,0.037894890034110396,0.07581167829996545,1.1202638889514258
Q13242,-0.05455359230939649,0.03792517079636917,0.07585034159273835,1.1200424590234963
O15357,-0.3100040890805147,0.037928581861939134,0.07583525868093173,1.1201288274774355
Q96ST3,-0.14297752955776133,0.03809950792195059,0.07615502103105828,1.118301457604433
P49458,-0.1901174399257961,0.03810219588405024,0.07613841393972982,1.1183961743353859
Q13951,-0.0822452065311765,0.038162753605203104,0.0762374223780803,1.1178317958154338
P60709,-0.13443449652278616,0.038228592412799446,0.07634692064211808,1.1172084749809155
Q5RKV6,-0.10219299846554009,0.03826049229617795,0.07638859534565633,1.1169714758243838
Q04779,-0.9807988423839511,0.03829760356820036,0.0764406477677196,1.1166756413350494
P36542,-0.06575680539637929,0.038331453477452454,0.07648616250083021,1.116417128154997
Q5T160,-0.25829526812719905,0.038337958818435956,0.07647710367584286,1.116468567926224
Q9H2U1,-0.11043483894939143,0.038380329888889085,0.0765395749281878,1.1161139540118992
Q9UKM9,-0.06499406130349428,0.038613617388188574,0.07698263368724954,1.1136072351448592
Q3B726,-0.14076650726820716,0.03864492950841988,0.07702288195633253,1.1133802354624933
O00233,-0.05226671168057706,0.038791714244936576,0.07729318832573837,1.1118587777879294
P38167,1.74038503765005,0.03885988820297289,0.07740675083929353,1.1112211617408472
P15976,-0.13486433958996003,0.03901970805272204,0.07770274908169325,1.1095636158208428
Q96DT6,-0.2403522969401699,0.0391428365271237,0.07792553194761485,1.1083202243911896
Q9H6E4,3.9292263265772966,0.03915485850263161,0.07792705957810327,1.1083117106862197
Q66K74,-0.1288256839477171,0.039201474042291566,0.07799741559449047,1.107919787202424
Q9Y5S9,-0.07371689944370985,0.039212195548421626,0.07799633495468869,1.1079258043140223
P36145,-2.997858117584986,0.03928460645943346,0.07811792507901129,1.1072493006978452
P0ACD4,-1.4342102766392237,0.039285028366668966,0.07809633546104391,1.1073693441814159
Q86YP4,-0.06530524755096323,0.039303567617145936,0.07811076411627971,1.1072891137004075
Q6P5X5,-0.7319779095091903,0.039499850171662215,0.07847832498955212,1.1052502749394963
Q9UGV2,-0.08914642630217173,0.039612809494899745,0.07868017582980087,1.1041346782160086
P32367,0.6435349537084072,0.039616496560969786,0.07866493323434322,1.1042188216019355
Q96HS1,-0.06738028329709778,0.03963594596369777,0.07868098906325784,1.1041301893981594
P00352,-0.21071400231776494,0.039638495414737684,0.07866349734928167,1.1042267489289492
P52630,-0.3485982743453704,0.0396723382456317,0.07870810029018736,1.1039805696701601
O43598,-0.14186104520650034,0.03978695483701589,0.0789128832115434,1.1028520886672242
Q12874,-0.08961082691004307,0.039801298998187656,0.07891872687956795,1.102819929421344
P49903,-0.13554716629612074,0.03994524949792901,0.0791814793941198,1.1013763883289427
Q9BWH6,-0.13243967327671058,0.04004187822468381,0.07935030475893265,1.100451400920871
Q16762,-0.13482501162470584,0.040179721428337194,0.07960068416875729,1.0990831994804333
Q06179,-0.38502260504926866,0.04025067799381252,0.07971844806326026,1.098441164614336
P31937,-0.2161210190664633,0.04027626320695197,0.0797463101072163,1.0982894027804786
P33527,2.1870767420873882,0.040283147579977176,0.0797371394636255,1.0983393485262232
P13797,-1.4170538000973139,0.04036736114906163,0.07988099702660838,1.0975565231647293
Q9H7Z6,2.0225769007570236,0.04042693116807464,0.07997602040221394,1.097040210109454
P14868,-0.04057274461363747,0.04048919619492565,0.0800763194669138,1.0964958964670934
Q96C90,-0.09243352802457494,0.040521338921227196,0.08011700476601288,1.096275295498135
P27105,-0.27710456656252447,0.0405737402390789,0.08019770979599837,1.0958380336754614
Q9BX68,-0.20180551468514452,0.040672651340172714,0.08037027336739608,1.09490455448226
Q9HCE5,-0.18253250656582054,0.04068943677336575,0.08038050220222095,1.0948492847454765
P62906,-0.07097106276970777,0.04074733822579418,0.08047192523542468,1.0943556083521875
P06132,-0.07276455900506207,0.04078189310992151,0.0805172021366115,1.0941113246644312
Q9Y3B4,-0.10875848923733855,0.040867484977633935,0.08066318870727975,1.093324613835919
O95563,0.2475897084036376,0.04096658698226906,0.08083575043181275,1.0923965255937
P53905,0.48591722855623587,0.040970783277111594,0.08082099812271244,1.092475790412678
P33315,1.2588571690639192,0.041026125946627905,0.08090711935472845,1.0920132613242561
Q9BXW9,-0.22110702780391733,0.04110014023853562,0.08103000313542728,1.0913541442880152
Q02241,4.984608193404387,0.041110968763367575,0.08102828002207715,1.0913633797137534
Q9GZS3,-0.11556385222262833,0.041129809166907706,0.08104234452807882,1.0912880034710875
Q99471,-0.11647795796708493,0.041457147081694734,0.08166409285736964,1.0879688578096978
P00367,-0.05781815288465708,0.04148627070597093,0.08169821910356732,1.0877874103209912
O60493,-0.09590531983099027,0.04152218174531909,0.08174568848580875,1.0875351440646281
P16401,-0.4515484213608332,0.04182524521982946,0.08231893061458191,1.0845002800240824
P36915,-0.09343586781220736,0.04185244789845602,0.08234906202015045,1.0843413432069502
Q9UPN6,-0.09581624035627101,0.042153586351265954,0.082918020425047,1.0813510747491961
O15047,-0.21346517840365564,0.04223666490869697,0.0830578437454751,1.0806193477457309
P04179,-0.15799251079590704,0.04238969649410627,0.08333511031379666,1.079171985352645
Q9BRP8,-0.11339594396536157,0.042459769197157236,0.08344917454473934,1.0785779548797352
Q14376,-0.08378916348900134,0.042465251972276914,0.08343626692850323,1.0786451351738047
P21359,0.31334274565812237,0.04251307112372915,0.08350652608814203,1.0782795828000311
Q16822,-0.0884317160931225,0.04256039763000292,0.08357577798926269,1.0779195719609858
Q5R3I4,-0.19639745907197437,0.04257626708037119,0.08358323596951804,1.0778808189246227
Q71RC2,-0.06702783873875617,0.04263070027912541,0.08366637435733117,1.077449050552009
Q9UHY7,-0.1537186316947725,0.04267256075352217,0.08372479757931071,1.077145893776685
Q99707,-0.11946703013841287,0.04277110391924525,0.08389436927389635,1.0762671866723443
P06576,-0.0800223940778082,0.04282854183457196,0.08398324091265257,1.0758073699538175
P49915,-0.08885411927491305,0.04287376574351777,0.084048118348844,1.0754720050069182
O75439,-0.089888874803286,0.042918308726173394,0.08411162457402337,1.0751439787624235
P17050,-0.7255479809760992,0.043149734251279555,0.08454124503561393,1.07293136062203
Q6NYC1,-0.171110451336709,0.04331804907330172,0.08484700757667359,1.0713634699739452
Q07381,0.9797853098728844,0.043534699812801295,0.08524724590040617,1.0693196429463405
Q5SRE5,-0.08625328393666365,0.04355255670389843,0.08525810082493435,1.0692643457498483
Q99856,-0.06424593159057679,0.043609558842038834,0.08534555834434056,1.0688190760341667
Q13427,-0.08775477872388748,0.04378691529097927,0.08566843782840929,1.0671791524254908
P0A9L8,-1.2229026766901647,0.04381205855565792,0.08569341622581228,1.0670525433817732
P49006,-0.10136255091037683,0.044027917543722456,0.08609130219506758,1.065040723104954
P40429,-0.07625872110499188,0.04403144134611329,0.08607388477710005,1.0651285955566516
Q8NBS9,-0.057676785788245866,0.044052363895203686,0.08609047914490273,1.065044875067399
P60033,-0.28742776606313925,0.04408696088477253,0.08613378023875988,1.064826492052299
Q7Z7E8,0.14669363512398448,0.04415067701166902,0.0862339316301259,1.0643218128284668
Q9HAU0,-0.31878048979275064,0.044273640058645966,0.08644971341400583,1.0632364420999738
P20226,-0.4485685544544147,0.04432772517180612,0.08653091882988036,1.0628286846979083
P13186,-0.9986961745229657,0.044437194026594705,0.08672016105979191,1.0618799242176586
Q9BV68,-0.11908473231163441,0.0444381329144791,0.08669755770635483,1.061993136544469
P11413,-0.04628881736941537,0.04447197351969361,0.08673913933812917,1.0617848914166284
O75436,-0.06543804597091096,0.044502750462405066,0.08677472379659044,1.0616067600110022
O43813,-0.07178025357028162,0.044581570300933605,0.08690393940418477,1.0609605362933163
P33992,-0.04794980827215767,0.0445854721471987,0.0868870839142144,1.06104477823133
Q9NRW7,-0.16990708869052185,0.04460090286365379,0.08689269876981959,1.0610167139678213
Q9Y221,-0.12618256473347955,0.04463196329325006,0.08692875213571405,1.0608365546376008
P60900,-0.030904395562934894,0.04465518153860231,0.08694951545930327,1.0607328338330593
Q9BZE1,-0.09590674998297644,0.04486663704420536,0.08733668678495304,1.0588032875498432
Q5JRX3,-0.10334063573976238,0.04497850889130663,0.08752984698240784,1.0578438307551075
Q9Y3D3,-0.23493583712926025,0.045069010951687936,0.08768132391949628,1.0570929013027843
P0A800,-0.9212529275044155,0.045133184154118974,0.08778150760761792,1.0565969646160531
Q9P0P0,0.609462517149364,0.04516908744210438,0.08782666707361154,1.0563735979378828
Q96QU8,-0.11178981410458277,0.045239778417380194,0.08793942329083113,1.0558163868221913
Q0JRZ9,4.587305218113816,0.04532864769878658,0.08808744223025493,1.055086000314766
P32019,-0.368951740136346,0.04561983720862546,0.08862843794402994,1.0524269049692467
Q08257,-0.05900232471570632,0.04562149670254375,0.08860680032774557,1.0525329459291841
Q96BK5,-0.7164301237188297,0.04566763073451069,0.08867152978288055,1.0522157989161967
P43545,0.7811624863693716,0.04574183376915585,0.08879070844340767,1.05163247884849
P40959,0.3647501178573691,0.04584324182804844,0.08896261390622405,1.0507924651013634
Q16643,-0.054752267420241196,0.04596895616345849,0.08918157816637337,1.0497248465986218
Q13501,-0.10364533832738942,0.04605834088851027,0.08932995863082496,1.0490028671352138
Q8TEM1,1.3528593709202035,0.046063208792770365,0.08931438187654493,1.0490786030743173
Q9H6F5,-0.07216115927974442,0.04614483912776441,0.08944761089603605,1.048431254744732
O96028,-0.3651611576503697,0.046150936439916704,0.08943439236215596,1.0484954393606114
O75175,-0.16605065420901255,0.04617573578998247,0.08945741315328444,1.0483836645078446
Q9NVH1,-0.12161079325507984,0.046235912210718016,0.08954893878238086,1.0479395564781206
Q9NVS9,-0.08676281574777178,0.04634524069121704,0.08973558348601421,1.0470353089377034
Q9P253,-0.21842396906933814,0.04645451986100591,0.08992202838065555,1.0461339052381993
Q99638,-0.22672761485710424,0.04663742914327194,0.09025085505534233,1.0445486748067057
Q12035,-0.4797960791983016,0.04663992144889802,0.09023045993634252,1.0446468288752029
P49023,-0.11405624339707288,0.046684527277634294,0.09029152705875415,1.0443530018933247
Q96RL1,-0.45640925245860586,0.04671115256380754,0.09031779401055666,1.0442266784872332
Q14457,-0.22598547704023275,0.04671199513059575,0.09029420834289362,1.0443401053386363
Q9BU61,-0.24500491432792515,0.04675090534769514,0.0903442000076587,1.0440997234076708
Q8N0X7,-0.11807721335925336,0.046763819711913304,0.09034394187647536,1.0441009642743637
P61006,-0.13446648874938205,0.0467979576312085,0.09038467465508722,1.0439052009069154
P37304,0.6332800835388355,0.04686824067684054,0.09049517524998435,1.0433745745866694
Q69YH5,-0.25713082497451367,0.046891829190070206,0.09051547959633291,1.0432771431330095
P32519,-0.22380638375064876,0.046907342790447046,0.09052018993340451,1.0432545434607583
Q9Y6V7,-0.11331748659063834,0.046984238746107874,0.0906433182162304,1.0426642044617251
P49356,-0.5674158763273098,0.0470558486292707,0.09075618270447641,1.0421237792618283
P49642,-0.1191298468021813,0.04719371797157422,0.09099674275554996,1.040974153048231
P11216,-0.1940803730103262,0.04726135643700795,0.09110179063748415,1.0404730867335246
O14641,0.39824993292671707,0.04731250641072935,0.09117500539601726,1.040124202311297
P50991,-0.0644415669268632,0.047320541490901986,0.09116511666193805,1.0401713079356583
O96007,-0.26103191484122235,0.04733599382149072,0.0911695191154386,1.0401503359326778
O95478,-0.0996681596229827,0.04740905824999806,0.09128484964487947,1.0396012954296476
Q96SY0,-0.1174423854715414,0.047445024227930614,0.09132870385159622,1.039392705870036
Q6NZI2,-0.07881494603909545,0.04744598875932407,0.09130517681199551,1.039504598181512
P55795,-0.09092856993839149,0.04746449895874768,0.0913154183913223,1.0394558866833667
P40463,0.6143094832005218,0.04746981902551449,0.09130028525907287,1.0395278655517064
Q9Y399,-0.15960277154093916,0.047632307422548946,0.09158736367501497,1.0381644418864886
P22138,0.5051999271649699,0.0477473948701579,0.09178316548611141,1.0372369681117921
P61081,-0.06037986569899445,0.04783796023048665,0.09193173373185945,1.0365345494875597
P48681,-0.15523969055148612,0.047853985750668106,0.09193701368968533,1.0365096071677664
Q6ZSR9,-0.4648368477970166,0.04800562519305416,0.09220275973278974,1.035256079827226
P40477,0.6967376514560684,0.048064654632507905,0.09229053485177058,1.0348428371369287
Q7Z7K0,-0.2423308919174545,0.0480848385274255,0.09230369336398506,1.0347809211246055
P51571,-0.13074651025726425,0.04812615845167055,0.09235740607521255,1.0345282730593348
Q9UI10,-0.09570266530381843,0.048140183201175864,0.09235872221804979,1.0345220841728862
Q9BTV4,-0.42759049935744997,0.04817440450516895,0.09239877473512183,1.0343337877550405
Q5TAQ9,-2.3596354129179318,0.04819787021228396,0.0924181814870823,1.0342425813474538
O75438,-0.2675630088681267,0.0484326800159062,0.09284271218995972,1.032252181099268
O94966,-0.2661268595105142,0.04845682596200367,0.0928632889457275,1.0321559389588166
Q9UGL1,-0.3883475105120944,0.04854374754940593,0.09300412507805386,1.0314977884470775
P23869,-0.876460001095495,0.04873883821707199,0.09335206523236694,1.0298760696902705
P54578,-0.08036522867399043,0.048821137797738105,0.09348383797332374,1.0292634659800641
Q9NZ45,-0.08606266794110695,0.048841655584280816,0.09349726935735704,1.0292010727675809
Q12974,-0.0993450254512176,0.048934599892106,0.09364930062270369,1.0284954616078545
Q6NUK1,-0.16724373756690625,0.04901335002118255,0.0937740910601459,1.0279171367157747
P05091,-0.12044649689542197,0.04947895024535785,0.09463874350797176,1.02393103434776
P08697,-0.27711641871679404,0.04952753439025172,0.09470550900803726,1.0236247574042943
P0A8T1,-0.5606935642230475,0.04954013608418947,0.09470345175232686,1.0236341915387652
P0ACY1,-1.4107271570436843,0.04997769210589246,0.09551353578283174,1.0199350776389455
P23634,-0.1516293825140984,0.05005617761409809,0.09563713405077683,1.019373446824166
Q7Z569,-0.2439999712518457,0.05008968421767966,0.09567475131674869,1.0192026579448965
Q15018,-0.16654805350662727,0.05020271141890721,0.09586419577068768,1.0183435667882168
Q9UJX4,-0.15195131924363992,0.05021838064099474,0.09586767784897922,1.018327792182157
O00303,-0.09046994384078744,0.05025466192597462,0.09591049591385013,1.0181338634441433
Q9Y3E5,-0.14520747060842254,0.05036974255060642,0.09610363665483572,1.0172601778960255
Q01085,-0.09475840296428117,0.05038169341924772,0.0960999573649783,1.0172768050074044
P53384,-0.06673332093209794,0.05041163242337908,0.09613058190566696,1.017138428772339
Q9UKB3,1.0976669344470196,0.050663394539322636,0.09658407042683644,1.0150944956983219
Q9Y584,-0.46292167964919884,0.050765156574362515,0.09675142970572147,1.014342608647884
Q9Y483,-0.41734566503384585,0.050800356840700195,0.09679187417859333,1.0141611008272062
P32342,0.7030184738223362,0.05097927263844348,0.09710604779878476,1.0127537212367148
Q8ND04,-0.44981524279345564,0.05125568562034136,0.09760571156084807,1.0105247681244691
Q9Y2K6,0.6831635039037778,0.05126568255893505,0.09759790652682604,1.0105594978414882
Q86U44,-0.2045675625979051,0.051318663088193786,0.09767191402491858,1.0102303015582206
Q9NPL8,-0.11571171920870427,0.05134900515486792,0.09770280618090285,1.010092962469768
Q99871,-1.0261633072831273,0.05137754822475151,0.09773025931543391,1.0099709488802464
P49916,-0.07322760804004957,0.051523858210794506,0.09798165181311211,1.0088552433112783
Q9NUP9,-0.32770140880015575,0.05163839233516024,0.09817249547738867,1.0080101693977448
Q9NQW7,-0.1531317744653471,0.051665926380591254,0.09819787929157668,1.007897891254915
P39729,0.5288806661698722,0.05170025282893392,0.09823615548505445,1.0077286421749891
P25788,-0.062342265288567233,0.05172984317080165,0.09826541402321827,1.0075993116887358
P41223,-0.07419645616212733,0.05191554121166723,0.09859111556488862,1.006162219287887
O43592,-0.10916093597754539,0.05204354128178736,0.09880709619827137,1.005211863822471
O43615,-0.08570221495526553,0.05211535770763379,0.09891632038587073,1.0047320474445292
Q99570,-0.18945202913894832,0.052237882971941034,0.09912170504185248,1.0038312360518966
P42945,0.6707047047724828,0.052255168753186275,0.09912733930056486,1.0038065506620915
P04786,-0.23951420591883377,0.052389214598744786,0.09935440204922183,1.0028128860445216
P08134,-0.14571092928649776,0.05254188231893115,0.09961664654334043,1.0016680822807678
P13224,1.100530091689599,0.052548484246014535,0.09960189020514772,1.0017324196297566
O00232,-0.056906630822425086,0.05263140456807564,0.09973175840978538,1.001166523675703
P35237,-0.12171097628803906,0.052633297145071936,0.0997080573002676,1.001269745402923
Q8WU76,-0.19124006966864826,0.05265500886049731,0.0997219040891913,1.0012094376739398
P39656,-0.17136270460967395,0.05265544182451769,0.09969545507053883,1.001324639910779
P12074,-0.5634455747134908,0.05274928260362394,0.09984582633884422,1.0006700843825929
Q16563,-0.5445428068042943,0.052834243839434664,0.09997931247451369,1.0000898540762424
Q96GD0,-0.10399318303551652,0.05293647538049974,0.10014539768704377,0.9993690044837148
Q02892,0.5467058023511484,0.05302784144884892,0.1002908424451871,0.9987387205896595
Q9UHR4,-0.20351293133042248,0.05307409806409585,0.10035091616488248,0.9984786582184817
Q12446,0.9877906347721925,0.05311945107545407,0.10040924904352824,0.998226280980238
Q13111,-0.18153294019037247,0.05324548827007104,0.10062002204748141,0.9973155918492841
Q99447,-0.08887405449114283,0.053253379303169444,0.10060747566033977,0.9973697477352595
Q14738,-0.09939696809281173,0.05339583069914148,0.10084908122227376,0.9963280540393586
P47035,0.3262393214312169,0.05339820244111036,0.10082605773172842,0.9964272132613956
Q9BYG3,-0.11397158754040504,0.05351465364254515,0.10101839199045327,0.9955995488629795
P16989,-0.07192485711538765,0.053529033193300324,0.10101799559291672,0.9956012530437445
P53043,0.8432919308621756,0.0535514458742597,0.10103275510446164,0.995537803891402
Q6FI81,-0.07263606532558242,0.05366971589601243,0.1012283064189567,0.9946980289724299
Q12078,1.4500758627934545,0.053758941504209304,0.10136898447035546,0.9940949043107093
O60732,-0.125584648192838,0.053772347143172604,0.10136665712478277,0.9941048754566981
Q9H857,-0.9255677833504592,0.05389357863636449,0.10156753905231022,0.993245070231377
Q15269,-0.06099157780970188,0.05390562265420962,0.1015625935395231,0.9932662173540283
Q07864,-0.17852450974381284,0.05391358508956522,0.10154996277479587,0.99332023145862
Q9UHQ9,-0.2278840096611674,0.05394445077792429,0.10158046700743752,0.9931897948714012
P29469,0.31690807368865137,0.05408977664848473,0.10182643108050797,0.9921394775739032
P34896,-0.1380288967424228,0.054105059712981476,0.10182751656773138,0.9921348479449001
Q8IWD4,-0.2833321094364045,0.05416476686690528,0.10191218635501417,0.991773881250729
P51665,-0.0877606987036117,0.05432085853103616,0.10217811042349752,0.990642132973349
Q13094,-0.2304452729683959,0.054384181815169255,0.10226943913314283,0.9902541258061064
Q9UKT4,-0.5488372019628969,0.054429211700120744,0.10232632685626827,0.9900126151887323
Q7L8L6,-0.5692750273830036,0.05444505335280221,0.10232832503116246,0.9900041345964522
P00734,-0.09715545931558722,0.054491399938669687,0.10238763993903634,0.9897524674838375
P51531,0.7094678591691803,0.054557400506788166,0.10248384186353805,0.9893446023416248
Q9H2H8,-0.1748980201366308,0.054590389541159044,0.10251799760862089,0.9891998850864995
Q68E01,-0.14345289502508507,0.05467452224308563,0.1026481540160317,0.9886488564040548
O14646,-0.07680834021088145,0.05481071619741106,0.10287595525911472,0.9876861191008286
P38627,0.8181710706843361,0.05498639733661426,0.1031777276852892,0.9864140409578341
P33570,-1.2925219367557936,0.054986866141654475,0.10315065325516543,0.986528017286416
P0DPB6,-0.11115646420185499,0.05509765508657506,0.1033304885751478,0.9857715171414098
Q8WVX9,0.5558571513310646,0.055098508607206935,0.10330410874527507,0.9858824048122846
P78395,-0.13818484292376354,0.05510121377938319,0.10328121391674316,0.9859786662272594
Q86V48,-0.27550067802961564,0.055225662202290325,0.10348646416472482,0.9851164513954895
P0AE12,3.1408013703348523,0.05531385135613646,0.10362367607951538,0.9845410050547838
P36024,1.16573892713906,0.0555088246425419,0.10396080655259944,0.9831303597983383
Q9GZT9,0.44603850919474297,0.05554269927854065,0.10399611947123187,0.982982865736538
Q9H0Z9,-0.1653581864285556,0.05575882438407392,0.1043725601609429,0.9814136635660562
P20248,-0.1971981589414611,0.05589351571998417,0.10459640617437037,0.9804832371269945
O43663,-0.11462062057549005,0.056047268054319296,0.10485579140991809,0.9794075775218679
P51116,-0.06718302284306432,0.056100901434712226,0.10492777999296257,0.9791095156155484
Q8N6T7,-0.19450881761756378,0.056152538427238885,0.10499599677834244,0.9788272591226237
Q99961,-0.09625372691262157,0.056179629620775946,0.10501829252004662,0.9787350471339938
Q8WXF1,-0.08047672506708636,0.0562734467933175,0.10516527546475853,0.9781276362612993
Q4G0J3,-0.08110278180662078,0.05632932392579853,0.10524129488997006,0.977813816989708
P30520,-0.08506193791964733,0.056368787027562046,0.10528661488503901,0.9776268372766297
O96000,-0.068482404564282,0.056504879425136614,0.10551234766441367,0.9766967137432523
O96017,-0.7233875879906222,0.057075539809373355,0.10654921478568377,0.9724497464706727
Q9BRU9,-0.19282799261909744,0.05713062692817815,0.10662330481151092,0.9721478605546341
Q6YHU6,-0.41855069260337174,0.057195240401644004,0.10671512922149907,0.9717740053962304
P26612,-1.2056677937538929,0.05719759975830986,0.10669078144572669,0.9718731039139554
O96019,-0.09317645787196582,0.05723914170205063,0.10673951444788543,0.9716747771093814
P22033,-0.14667004099199232,0.05725509141568155,0.10674050968286997,0.9716707277837947
Q02809,0.17591692741622467,0.05753391254672123,0.10723144292691732,0.9696778500220294
P52756,-0.17234424268237092,0.05753435062031,0.10720340250135266,0.9697914304631005
Q15751,-0.16415111954496808,0.057666887944804686,0.10742145066715836,0.9689089870146251
P54687,-0.10419924899771615,0.05767560128180323,0.10740878517353565,0.9689601953929595
Q9NUW8,1.1197067232766642,0.057983552128215446,0.10795324413438122,0.9667643020236798
P35244,-0.1319777222865426,0.05799584344530637,0.10794710215465089,0.9667890118303235
P12532,-0.18637483456966564,0.058125507465244815,0.10815936944083716,0.9659358532918918
P18085,-0.08756170214240555,0.058371344508625946,0.10858763819928158,0.9642196127528402
P25437,-2.101268937714437,0.05845754563947433,0.10871878753900624,0.9636953996167624
P52893,1.034036694031908,0.05846700804057322,0.10870718680798308,0.9637417430537811
O14980,-0.07567524197646591,0.05848288741078398,0.10870752011604518,0.9637404114616898
O00165,-0.14235215024707415,0.05853375990384931,0.10877288072309518,0.9634793695312835
Q9UHD1,-0.0725345512216613,0.05855852796405239,0.10878970958494734,0.9634121825958519
Q05518,0.63992282295726,0.05856956685756067,0.10878103029016901,0.9634468321983968
Q9UL03,-0.24832586203789475,0.058742946718783516,0.10907379004581846,0.9622795959376487
Q9H0E3,-0.1983560104915547,0.05876156055422402,0.10907910061057563,0.9622584516020101
Q13033,-0.17244090359100994,0.058836316329712375,0.10918859669443273,0.9618227155807348
Q96RS0,-0.2798958908048803,0.05884859224999029,0.10918211488181478,0.9618484975680097
Q9BWS9,-0.12907664384842832,0.058912210975845904,0.10927086761231102,0.9614956086050022
Q9H063,-0.554644867767454,0.058928434097541955,0.1092716865804447,0.9614923536476999
O75116,-0.12097053936750157,0.05893985927699722,0.10926361061149364,0.9615244523411204
Q96DI7,-0.05418821560489562,0.058984481969194,0.10931706454890237,0.9613120387734675
O60832,-0.048032299787223565,0.059022344957277526,0.10935796534230388,0.9611495786233927
Q5TC12,-0.3484352463206868,0.05910007666447347,0.10947269417464268,0.960694193592107
P07741,-0.05442357309176771,0.05916631716938121,0.10956608186167305,0.9603238686629195
O75410,-0.19603417616435337,0.05958190712434586,0.11030618313608845,0.9574001428034966
P35241,-0.06553255528520197,0.05967548858074497,0.11044990187999952,0.9568346656050741
Q9H9B1,-0.09267811973447238,0.059687164418448305,0.110441989960806,0.9568657767773299
P56381,-0.10282787933394033,0.05978653835127333,0.11059631085872736,0.9562593594727228
P39106,1.0085062804543306,0.059806744811998394,0.11060414024526626,0.9562286157797965
O95433,-0.06512704611347431,0.05981538837982967,0.11059058722081193,0.9562818358886879
Q9Y676,-0.08852758161085106,0.05984802128377153,0.11062138263983824,0.9561609176522484
P21538,0.6707690921939502,0.0598808417312901,0.1106525081791974,0.9560387373983643
P62847,-0.11825321902472297,0.05988950141110271,0.11063898286298697,0.9560918254784874
Q05881,0.5565918361376454,0.05990661202676162,0.1106410727322746,0.9560836221300464
Q13144,-0.12899659967611754,0.06009593718549131,0.11096113841929116,0.9548290962148724
Q9NSI8,-0.050843379842454794,0.06025359733451161,0.11122258276303877,0.953807024142124
P20433,0.7451045955424789,0.06029644984867373,0.11127201992329876,0.9536140281233804
Q96A00,-0.3496800897214314,0.06036296146209627,0.11136507997963084,0.9532509666990087
Q9NX20,-0.1446236189407344,0.06041857997006984,0.11143799885795513,0.9529666953345489
P0ACY3,-0.48830721366663,0.06041861448508909,0.11140838527157307,0.9530821202922483
Q9H0P0,-0.08516712724228626,0.060573272740110186,0.11166382866148108,0.9520874854050948
Q9NUG6,-0.2415140474084403,0.0605830618617241,0.11165214807840769,0.9521329171100079
Q12968,-0.5696393524608823,0.060607085519179184,0.11166670040840784,0.9520763164543117
Q9NP81,-0.07931431700018621,0.060928970273844515,0.1122298989561318,0.9498914280900105
P35226,-0.09302844810471811,0.06098564206104189,0.11230441107198247,0.9496031852648251
P57740,-0.08850119459484063,0.06109007132299739,0.11246680506259875,0.9489756420455189
O75533,-0.043877312147323266,0.06113295509117187,0.11251583760001968,0.9487863424575973
Q8TBC4,-0.13876729113172814,0.06117617643228332,0.11256546521847721,0.9485948294271903
P53868,0.6507440591068381,0.06120730177473668,0.1125928154857271,0.9484893208030661
P20133,1.6111317800608873,0.061259592232130025,0.11265907479821204,0.9482338196875761
P13804,-0.04524237823943622,0.061298288541790535,0.11270030532749806,0.948074907362341
Q86U42,-0.10421352753300539,0.06131635914359169,0.1127036025246161,0.9480622016863138
Q9H9A6,-0.13002998435123914,0.0614125594031792,0.1128504674383261,0.9474966376897618
P43686,-0.04148435509948456,0.06141316546990662,0.11282163908560186,0.9476075950851744
Q7Z4H3,-0.07650363515308456,0.06153725888056112,0.11301962347188467,0.946846143900226
P49757,0.3628963535602061,0.06159302475438728,0.11309204545196964,0.9465679409437431
Q8NB78,-0.2602276493986615,0.061669911239606995,0.11320319868055112,0.9461413015074092
O95202,-0.09033928390882551,0.0617544969285213,0.11332842213969825,0.9456611578289689
Q8N954,-0.11426840283508355,0.0618064758342575,0.11339375693598276,0.945410855521504
P0C0V0,-2.244931179318055,0.061813362680107814,0.11337635051577921,0.9454775266744515
P46682,0.43934626109249564,0.06213146086805496,0.11392961733326604,0.9433633613259568
P36404,-0.1455713214346872,0.062146644523469755,0.11392728797471659,0.9433722408248078
Q9NVV4,-0.18075558341499232,0.06224225322437356,0.11407235609464333,0.942819588273588
Q9NWS6,-1.0815424155891442,0.0623523242482158,0.11424384575142794,0.9421671858155188
P52434,-0.1104366519865998,0.06235445048965307,0.11421751724612642,0.9422672843570823
Q8N1G2,-0.07153512949105334,0.062363013014223645,0.11420298918552883,0.9423225285788674
Q8N5M4,-0.11809097054504036,0.06255365372794744,0.11452181343530092,0.9411117836096692
Q9BYN8,-0.10443852849281399,0.06262109201745672,0.1146149725426567,0.9407586453012987
Q658P3,-0.36853673748669635,0.0626862113191945,0.11470383910520685,0.9404220461414141
Q92905,-0.10810299811663526,0.0627217761294399,0.1147385939023096,0.9402904766098416
Q9BW91,-0.34409464607347573,0.06280513518917362,0.11486073852346491,0.939828395649886
Q6KC79,-0.12014291514243425,0.06285598238755222,0.11492337524462941,0.939591627471321
Q49AR2,-0.12288928472865379,0.06298928723277498,0.11513670137268585,0.9387862170917725
P82094,-0.5928077377491157,0.06314794430244129,0.11539624342837253,0.9378083288309232
Q7Z6E9,-0.08666057098598401,0.06322234650949643,0.11550172222473702,0.9374115400391653
P10599,-0.10411420849676034,0.06329045269777499,0.11559564613014878,0.9370585231582249
Q6UN15,-0.13608101472060952,0.06355032310309493,0.1160396722483727,0.9353935065233221
P50336,-0.1917596038400049,0.06355197443488039,0.11601209359006376,0.9354967357242289
Q9NVN8,-0.10794864462592102,0.06356793805320268,0.11601064920410525,0.9355021428566846
Q8TAG9,-0.15938613735273321,0.06364544245869513,0.11612148711040979,0.9350874110102793
P21399,-0.0837759560297755,0.06380064592689895,0.11637399167488102,0.9341440689487945
Q8N806,-0.1552840469478589,0.06384720419220398,0.1164282438311352,0.9339416532592041
P53621,-0.03226228315804036,0.06387035346409507,0.11643979130737078,0.9338985816095451
P24784,1.0995058700561664,0.06388438045452761,0.1164347065720319,0.9339175469537118
Q08752,-0.053603380147766444,0.06390331653460615,0.11643856939095079,0.9339031391094945
Q7L2J0,-0.07224909959907677,0.06390650798504285,0.11641374935239061,0.9339957231635105
Q96P16,-0.19254445564203237,0.0641889828125079,0.1168975583886914,0.9321945597482723
Q9NPD3,-0.06625750393455121,0.06421582909346485,0.1169156983021695,0.9321271720864002
Q86VN1,-0.16509233822189273,0.06427960813097801,0.11700105328572338,0.9318102285605177
Q9Y266,-0.08290934747434875,0.06433481502959312,0.11707076458998758,0.9315515452560679
P49257,-0.12260628895459647,0.06442593035844647,0.11720576505567087,0.9310510259434521
Q9H496,-0.3794280473116949,0.064444183969425,0.11720817699088487,0.9310420888457263
Q92575,-0.22797805924423997,0.06446635185778776,0.11721770490108259,0.9310067862691351
Q5H9F3,-0.15738119825193664,0.0645540545343222,0.11734635694293696,0.9305303886741557
Q86W56,-0.12607961453552718,0.06477889351523819,0.11772416238832263,0.9291343908952087
P34077,0.6563177794233646,0.06485471709711645,0.11783103153514413,0.928740320332283
Q16595,0.3904670185393577,0.06508494707745041,0.11821830366323889,0.9273152767159452
O95810,-0.089994044258777,0.06511234977781422,0.1182370600213967,0.9272463775990998
P18124,-0.04330093693955206,0.06515127187022464,0.11827671904285145,0.9271007311644179
P20742,-0.21888007702803236,0.06516829995510551,0.11827662094079962,0.9271010913806785
Q9NSE4,-0.06338484365571873,0.06519247296090135,0.11828948710201283,0.9270538512847077
Q8IXI2,-0.20122807560355227,0.06523106424827319,0.11832850114095979,0.9269106366279458
Q99996,-0.13900134136218867,0.0653618670607689,0.11853472172047246,0.9261544155372738
O15084,-0.09445842933526905,0.06537413610475344,0.11852592783171323,0.9261866362991048
Q13137,0.3958123431021505,0.0654170497780559,0.11857268394326154,0.9260153495812966
Q8WUH6,-0.10273143738695367,0.06562310771908672,0.1189150478531684,0.9247631850273422
Q92945,-0.041736253398241274,0.06568005632919023,0.11898710361677477,0.9245001069400939
Q92989,-0.25251014262232374,0.06569423080943287,0.11898165161509631,0.9245200068151207
P48200,-0.19685095361704796,0.06572173745518238,0.11900034260974968,0.9244517882435236
P53985,-0.07053294702586754,0.06585093888144047,0.11920311132420754,0.9237124089137326
P48415,0.4056996462678022,0.06589970138272339,0.11926020187505926,0.9235044598473141
Q05785,0.37550325739507073,0.06596990267279634,0.1193560507202618,0.9231555596667577
P11171,-0.06348197992791071,0.06597850379806865,0.1193404284999549,0.9232124071251384
O43776,-0.09243336083971343,0.0659934652768599,0.11933631589892346,0.9232273736434634
Q06678,1.708407111238266,0.06611751424025356,0.11952941738890747,0.922525197331592
Q13158,-0.3227324978730266,0.06617007442974122,0.11959321204686199,0.9222934696306442
Q9NSY1,-0.08852481515731014,0.06635839991354626,0.1199022862738503,0.9211725357781249
Q16698,-0.05860049193563199,0.06642619537946926,0.11999347164295464,0.9208423815070914
O43684,-0.03700457773888388,0.06642851326979816,0.11996636042777321,0.9209405166916302
O95466,-0.5517465149543597,0.06657651362073087,0.1202022895201931,0.9200872601492823
Q9BY77,-0.1076993601318037,0.06660863024643386,0.12022892487651408,0.9199910364675937
Q14527,-1.1344615887034877,0.06681324276006848,0.12056682118079597,0.9187721893813986
P23258,-0.11045014774428097,0.06718955523453973,0.12121429922979499,0.916446144936313
Q04934,1.4081259352520306,0.0674833506754999,0.12171261267964609,0.9146644149223694
Q02206,0.5020479774105802,0.067608185762027,0.12190600995215493,0.9139748831862301
P51946,-0.22831843134247976,0.06773830371187342,0.12210882970606914,0.9132529310266512
Q9UBW7,1.2683819441885262,0.06777038392598204,0.12213486160944813,0.9131603553537824
Q96GM8,-0.06866473620999969,0.06799013799495443,0.12249901521651431,0.9118674026280431
Q9UL54,-0.3951252582928184,0.06810359986098735,0.12267152066531645,0.9112562510750486
P11766,-0.09095506054002911,0.0681067262678218,0.12264524647032461,0.9113492796770335
O95551,-0.23133113609898004,0.06811745722889083,0.12263267650879878,0.9113937929774307
P29083,-0.14431077308273643,0.06830060259891628,0.12293043212760497,0.910340591734816
Q8TBN0,-0.09429056343615372,0.06846135640247573,0.12318774213376871,0.9094325047407127
Q8NBF2,-0.19841129651176104,0.06858132275971812,0.12337154554125443,0.9087849945928222
Q02889,1.6766273066817696,0.06858380705254422,0.12334396883943277,0.9088820813894121
Q9NX07,0.38862385180773984,0.0688576357002327,0.12380427670433947,0.9072643527551998
Q9NTI5,-0.2791930842812853,0.06893641365187737,0.12391374042720636,0.906880533326525
Q00765,-0.11322135476020634,0.06894227392066052,0.12389211124491394,0.9069563461814527
Q9Y2R5,-0.08321017595110192,0.06900432279652825,0.12397144033294281,0.9066783530183402
P25558,-5.5918518492971,0.0691396068609818,0.12418226664213697,0.9059404174390719
P62253,-0.09689721862021727,0.06916346822890414,0.12419290819941188,0.9059032030144892
P21170,-1.2840695191212532,0.06916790104472997,0.12416866653712998,0.9059879827973988
P55199,-0.09147295750989315,0.06918616484831809,0.12416926008547291,0.9059859067973808
Q7Z7A3,-0.10153329180008797,0.06940961263587699,0.12453800411785754,0.9046980986880632
P67809,-0.057245302870782666,0.0694278180358004,0.12453839691188652,0.9046967289213682
Q16629,-0.07160621079529506,0.06948392703192403,0.12460676269594458,0.9044583868756361
P60174,-0.07663801243854351,0.06948466772115647,0.12457582581597292,0.9045662251993991
Q9BQC6,-0.25542311326438494,0.06948771107097147,0.12454903221729394,0.9046596427105487
Q12888,-0.06501134916200613,0.06971776212499424,0.12492903337304868,0.9033366203253871
Q8N5C7,-0.26384773514633864,0.06977487645568471,0.12499902835165871,0.903093362857168
Q9NWZ3,-0.1433077107831835,0.06979287110353341,0.12499892382847008,0.9030937260108951
Q9UKK9,-0.05184997737645247,0.0699080123886253,0.1251727638424726,0.9024901583436676
Q9UKX7,-0.06219381480949693,0.07004630237613928,0.12538795182326484,0.9017441916396809
Q96C01,-0.06657321177416975,0.07013027362612306,0.12550581922648646,0.9013361371362383
P43897,-0.06135738484265474,0.07030388797468745,0.12578401042292917,0.9003745625985491
Q9H8H2,0.6105143454547957,0.0704485647139079,0.12601029761795357,0.8995939626926437
Q00816,0.3877289948646201,0.07045711853515524,0.12599304977722492,0.8996534114431649
P53814,0.818245995877728,0.070490099372654,0.12601948052059292,0.8995623149724787
O94888,-0.11651603989793458,0.07059092910864427,0.12616716395153663,0.8990536591188469
P16403,-0.08665394673568372,0.07088886936591375,0.12666697586828046,0.8973365979629251
P35269,-0.07290413401755202,0.0708921822988741,0.12664021419953672,0.8974283635784378
Q8IWV7,-0.3702553792788805,0.07092141792327153,0.1266597621100676,0.8973613319914883
Q9H7D7,-0.12331104562328576,0.07108422701442356,0.12691778954302957,0.8964775003726377
P48362,2.07886113778612,0.07119209236255544,0.12707760956904715,0.8959309631928313
Q02878,-0.061823372762333406,0.07122760255417424,0.12710822682605732,0.8958263396935567
Q7Z6M1,-0.3776718618010584,0.07124278189776014,0.12710255652153857,0.8958457140248199
Q9H9Q2,-0.11131697679866193,0.07141588581637752,0.12737856604652187,0.894903644456388
P32561,0.48531578771644845,0.07145444685366283,0.12741452228039182,0.8947810697494685
P49585,0.14559798150191483,0.07145680065692772,0.1273859134265107,0.894878594444761
Q96TC7,-0.17392741235795484,0.07147166004848238,0.12737960725243036,0.8949000945017411
P0AAB6,-2.5243573531292434,0.07149308707923242,0.12738500641703687,0.8948816867067018
P21291,-0.28419596394725133,0.07160410784914195,0.12754999813415457,0.8943195434072008
Q02543,-0.06499395361276328,0.07161131293927725,0.12753002335173758,0.8943875607905154
Q9H9L3,-1.0581222032740776,0.07164479980049293,0.12755685107189846,0.8942962104935062
O43583,-0.07194770651362958,0.07196492634664396,0.12809386890081306,0.8924716568772326
Q92759,-0.154077151624346,0.07197069367499871,0.12807121125820894,0.8925484830330495
Q9Y6X9,-0.13161006022585298,0.07201890367488258,0.12812407221091648,0.892369266459786
Q86U38,-0.26921977546875553,0.0720978119369018,0.12823150522761573,0.8920052597974435
P51151,-0.5278418014108368,0.07250572718279903,0.1289238970245764,0.889666575400706
Q8NEY8,-0.10662766895111986,0.07259437415511442,0.12904838168164628,0.8892474373125789
P55212,-0.09604733392022524,0.07265729976592498,0.12912709024108435,0.8889826352859036
P40157,0.5183181749047492,0.07276352690838372,0.12928269446077725,0.8884596050746495
Q9NVP2,-0.24522859363231575,0.07288524937964344,0.12946574312587256,0.8878451315019851
Q14683,-0.044431500133935486,0.07289728854683993,0.1294539179015952,0.8878848011789353
Q9ULU4,-0.1004286218492183,0.07298665370484879,0.1295793821159931,0.8874640952677908
Q9H000,-0.11217909907581358,0.07307828675293349,0.12970880735127185,0.8870305339067095
P16150,-0.08478299146272761,0.07315297725260277,0.129808102126351,0.8866981996854844
Q6PL18,-0.12391927635566446,0.07329812661803402,0.130032341456128,0.885948617161831
Q9BPX6,-0.4235439960239127,0.07338458772005259,0.13015237842562605,0.8855478911145847
Q00325,-0.046243358081966335,0.07342481739182734,0.13019038044072023,0.8854211039080138
P32860,0.5803643278207566,0.07342508213228187,0.13015751886429075,0.8855307387575658
P21889,-1.5851004758981126,0.07350980812462274,0.13027435665597334,0.8851410628662533
Q99595,-0.2026723257755627,0.07358126537992389,0.130367625765249,0.8848302437047111
P51114,-0.059411028399409815,0.0735998482620015,0.13036719093530275,0.8848316922588291
P34931,-0.779669052441136,0.07373901804447354,0.13058029691558434,0.8841223482246381
Q6P1Q9,-0.12132185159730824,0.07379061928367348,0.1306382633393391,0.8839296015962133
P00959,-1.2060613183773405,0.0738674870372782,0.13074092030831141,0.8835884622841701
O00148,-0.08877933310076713,0.07406245046334589,0.13105249348535827,0.8825547114848
P0ADS6,-0.39711416648414755,0.07406888960673254,0.13103040154241596,0.8826279280824423
O15212,-0.07174293206624327,0.07408171242146998,0.1310196109339101,0.8826636945507499
P11940,-0.05776424888734866,0.07420839081914034,0.1312101373931889,0.8820326097481342
P02100,-0.07004344256247919,0.0742414455395869,0.13123506993007397,0.8819500929947742
Q7Z434,-0.10373202919658908,0.0745483311892415,0.13174391147378972,0.8802694465096175
P40356,1.1655589651702911,0.07480342417475846,0.13216098723807798,0.8788967258465727
P56211,-0.1315868120875443,0.07482528280849648,0.13216588218521166,0.8788806408489769
Q13309,-0.3115348471217594,0.07492089872027488,0.1323010208465145,0.8784368047444895
Q13356,-0.0647234252742308,0.07495552876589967,0.13232842457294475,0.8783468579345575
Q9BXK5,-0.0925511941860151,0.07497887736739318,0.13233590285287547,0.8783223153319295
P48047,-0.054053984163381585,0.07509665180192747,0.13250999415814113,0.8777513651683287
Q00577,-0.12172335799436951,0.07515010235850758,0.13257052451727552,0.877553025421991
Q9UJX5,-0.16717918421288402,0.07520642221722854,0.1326360844197887,0.8773383075113802
Q9UL25,0.3025470078674637,0.07532709668812174,0.13281507956927804,0.8767526132064508
Q12846,-0.13105288025372275,0.07546346597375309,0.133021649287746,0.8760776718068846
P55884,-0.05150844539726762,0.07557234572495544,0.1331796695850322,0.8755620669143802
P09429,-0.06701012065558132,0.07575711166585784,0.13347130818687014,0.8746120828787023
Q13190,-0.2106545023507671,0.07578398531223386,0.13348468946881387,0.874568544490617
Q9NVT9,-0.08906629841062497,0.07587196653831554,0.13360567047591476,0.8741751091947626
Q9Y6D9,-0.1600504626733077,0.07607500452318683,0.1339291460255646,0.8731249003543649
Q9NR33,-0.7676307592431861,0.07609291629987504,0.13392662746831083,0.8731330674026494
Q9Y4W2,-0.04949004233019849,0.07632336480174087,0.13429808840845078,0.8719301690108819
P05787,-0.05386336018053939,0.07638458185153517,0.1343716577083408,0.8716923250240535
Q13610,-0.1347045059040255,0.07649393387998138,0.13452984459867695,0.871181359477801
Q9UBB6,-0.08672306135779095,0.07649529072342799,0.13449806830091807,0.8712839530762677
O14686,-0.3835566225571512,0.07669498171169714,0.13481494119618964,0.8702619733832513
P27250,-1.7529186914491355,0.07677301483242678,0.13491785652277236,0.8699305671843389
Q96SN8,-0.5414295388519506,0.07681682164975268,0.13496058693298338,0.8697930417022621
Q9NQS7,-0.15003755735980917,0.07711871338334454,0.13545661376617898,0.8681997853740142
Q14CZ7,-0.217628259847924,0.07725375149086881,0.13565939014019163,0.8675501396471197
Q9Y6H1,-0.08910719087507601,0.07736373991536298,0.1358180870116565,0.8670423908338764
Q8TEA8,-0.08131763737144482,0.0774402877188512,0.13591801068829548,0.866722990476698
Q5BKZ1,-0.06372246637780776,0.0776368070814815,0.13622839640957374,0.8657323555761873
Q8TDN6,-0.07501495654591395,0.07773420371917955,0.1363647394354191,0.8652979130248379
Q92820,-0.12714873910222124,0.0780679117568937,0.13691545618154308,0.8635475222425096
O75081,-0.05441671053169728,0.0781434726807891,0.13701327040814984,0.8632373672529159
P55265,-0.09761393863939105,0.07816418130071849,0.13701488388004426,0.8632322530197285
P50748,-0.4669118043798619,0.07837263250114727,0.13734550934901132,0.8621855357106718
P17169,-0.9167736479355213,0.07841353966247475,0.13738242627099576,0.8620688179435687
Q96EV8,-0.4083774873597399,0.07850329334173466,0.1375048831515737,0.8616818786473469
P14866,-0.05001237416515991,0.07852295380320963,0.13750453518801808,0.8616829776544501
P61086,-0.0700671105589663,0.07860550579994043,0.13761429131701328,0.8613364620465438
O43674,-0.1693205981539272,0.07865034697320678,0.13765798848394434,0.8611985808283834
P04632,-0.08958492600017465,0.07881033826565599,0.13790315444816834,0.8604257994966349
P09012,-0.04554849329468169,0.07882019787894921,0.13788556091810117,0.8604812098351298
Q9NW08,-0.7321094357917239,0.07882984064741969,0.13786759703024346,0.8605377939006702
Q9UHR5,-0.1917816350986392,0.07888184228423573,0.13792370605455762,0.8603610817294867
Q96DA6,0.1264335446188376,0.0790141180239516,0.13812010936577654,0.8597430864409265
P38079,0.41367150029981303,0.07910218593046645,0.13823915582598428,0.8593689269285225
Q13098,-0.08728407566508878,0.07912977730247518,0.13825247995012319,0.8593270696507935
Q15398,-0.2083744885926393,0.07917572447405155,0.13829785980280854,0.8591845406645314
P10412,-0.3538861341707218,0.07924019637623901,0.13837556613091526,0.8589405892963855
Q9UQR0,-0.07808699170645639,0.0793285896664229,0.13849499618010894,0.8585659173621625
Q8WV44,-1.7606279343958633,0.07935725747598224,0.13851012119074893,0.8585184907389394
P61289,-0.06595305621744885,0.0793716310730027,0.13850029575339481,0.8585492992065346
Q6W2J9,-0.6700348095217095,0.07939577164568072,0.13850751395179978,0.8585266657382536
Q9Y324,-0.2117866252892071,0.07945618137407219,0.13857798484485537,0.858305758323166
O60888,-0.1792766756747426,0.07965099218177639,0.13888276753125656,0.8573516378503475
Q9P015,-0.09186271982011363,0.0796662024380526,0.13887431663672614,0.85737806509251
P41910,0.8525870306945826,0.07971809370209043,0.13892979632350216,0.8572046009786197
P25098,-0.12117130155753486,0.07973632695040433,0.1389266048828887,0.8572145775351561
O15446,-0.07298831775941039,0.07975716410919383,0.13892795076529763,0.8572103702310712
Q10713,-0.04642126839469185,0.07987169811742406,0.13909246422662078,0.8566963986452614
P51608,-0.9211896953429886,0.07994713118339097,0.13918881979225525,0.8563956476100231
Q9HCC0,-0.08313036196188506,0.08013304025811861,0.13947741848849002,0.8554960993415079
Q06106,-1.3484149075898593,0.08019291667659284,0.13954655819772024,0.8552808705631769
Q96MU7,-0.38878133511974156,0.08028930895657536,0.1396791897525949,0.8548682928753154
Q9UKL0,-0.07861551343891904,0.08030915839611674,0.13967862666031458,0.8548700436612665
P35249,-0.04868722048014007,0.08043657483168996,0.1398651040016628,0.8542906273948492
Q03088,0.5298647937159338,0.08061582384758459,0.1401415928497805,0.8534329506219578
Q9H6V9,-0.06674237316265774,0.08063189724763555,0.14013435154182444,0.8534553917921739
Q96FX7,-0.33999715522503493,0.080644357242236,0.14012083551950869,0.8534972817138207
Q9BXP5,-0.04757435479834626,0.08068341765036659,0.14015353331940247,0.8533959490504914
Q86TI2,-0.3162600256010002,0.08091217863518627,0.1405156571030925,0.8522752813487621
P47037,0.47942532820514216,0.08091423115720406,0.14048398609139442,0.8523731785953111
P61160,-0.08266874342821495,0.0809710546686326,0.1405474009841093,0.8521771809971026
Q9H7E9,-0.18216984792087487,0.08110199958845295,0.1407394098121424,0.8515842745098972
P52566,-0.04447582057113664,0.081109509444187,0.14071717449049131,0.8516528938142949
Q00653,0.37327611113079584,0.08129334345505435,0.14100077907885677,0.8507784877083526
O75380,0.17775981219357107,0.08131080975537432,0.14099575425650182,0.8507939648675625
Q8NFU5,0.33010915763336257,0.08141349990886172,0.14113847605632415,0.8503545761742546
O00743,-0.14976671006509434,0.08141911751024283,0.14111288351462364,0.8504333336313366
Q8N5L8,-0.5260223534683917,0.08153998557210816,0.14128700202734656,0.8498977900796107
Q5T5C0,-0.25877808595220486,0.08168724418945349,0.14150674975425967,0.8492228441600737
Q9NYJ1,-0.14229395489859442,0.08171125062583776,0.14151293129897466,0.8492038729652098
Q9ULV4,-0.04719083012781056,0.08181491894325521,0.1416570389505124,0.8487618404770143
P30038,-0.12186990852334034,0.08191496849487359,0.1417948104646262,0.8483396635663447
Q5TDH0,-0.0865631162309235,0.08193304317642422,0.14179065007587136,0.8483524063485415
P49454,-0.07478667271016448,0.08202309847064768,0.1419110279387218,0.847983854106746
Q9UBS8,-0.3845804179456209,0.08209467054079354,0.14199937517473257,0.8477135665941464
O14972,-0.29203558813985353,0.08216433359360498,0.14208437707345678,0.8474536724159207
Q5JSL3,-0.15003390052720178,0.08228992614372249,0.14226602961776144,0.8468987886774716
P38069,0.7976421618929947,0.08234258836616348,0.1423215381545971,0.8467293712166832
Q9H3U5,-0.27780852760456654,0.08241631142161715,0.14241341160051837,0.846449109646995
Q8TAF3,-0.0988817409224616,0.0824170806142661,0.14237920812704052,0.8465534268155999
Q8NCG7,-0.4318401665881879,0.08258976732629997,0.14264194287036694,0.8457527544363683
O75607,-0.2300873748726211,0.08260527782916996,0.14263315303969396,0.8457795171998488
P05388,-0.07748105295667074,0.08278392867841028,0.14290598907237914,0.8449495699033482
P61011,-0.06977160563683071,0.08295694872927585,0.1431689713363674,0.8441510954189144
P04818,-0.07541777262255422,0.08302424870374922,0.1432494139109792,0.8439071462244352
Q96G21,-0.13275611710231416,0.08306333839845241,0.1432811547261795,0.8438109270949052
P61960,-0.11017612674807253,0.08313578173949875,0.14337039919409447,0.8435405055278279
P09525,-0.3080824310135597,0.08347701257086276,0.1439230166933899,0.8418697465527064
Q9UGJ1,-0.18180392644991272,0.08376696423320927,0.14438697046321658,0.8404719959023823
Q49A26,-0.12505281353816144,0.0839428621470957,0.1446541506984795,0.8396691002145242
Q9H9Y6,-0.10832972835638088,0.08395843067763271,0.1446449798487009,0.8396966346868678
C9JLW8,-0.16622657620419545,0.0841227778841312,0.14489206817654837,0.8389553884518248
P22681,-0.4706854542488088,0.08414761647440581,0.1448988053889047,0.8389351950336243
Q9NP64,-0.5320540434886851,0.08415737464340822,0.1448795778296764,0.8389928281999968
Q15043,-0.11035418123174168,0.08425530641422249,0.14501211573752834,0.8385957110192633
P77808,-1.2088083753717171,0.08434833153383428,0.1451361450149773,0.8382244164684585
P46681,-0.6490095101124567,0.08441340349320942,0.14521202628247998,0.8379974144084196
Q06265,-0.06010379981224645,0.08458623068168641,0.14547318957774383,0.8372170389208602
P57076,-0.1037582285558436,0.08464725534286492,0.1455419905622043,0.8370116895748707
P06245,0.5619327269548471,0.08469435750409038,0.14558682506413154,0.8368779248913719
P32780,-0.11531138118570894,0.08518060137560021,0.14638632016000394,0.8344995063145987
P08962,-0.21600207343404776,0.08539118611863171,0.14671180463657715,0.8335349408106332
O43169,-0.10770513735127807,0.0854016492741396,0.14669338118931843,0.8335894810974389
Q9NNW5,-0.23237149138007496,0.08558391790629215,0.14697000188074574,0.8327713002664272
Q07651,0.9535424660122693,0.08592996053743222,0.1475276585076074,0.831126550457606
Q9NX62,-0.25268071041618256,0.08626631031754935,0.14806840174484673,0.8295376113775522
O75150,-0.0766425969235307,0.08639873830650618,0.14825895019436156,0.8289790793957825
P13473,-0.1623230490519738,0.086485297157511,0.14837071296298468,0.8286518164007374
Q5VVQ6,-0.10944711737695556,0.08655608615878138,0.148455372941145,0.8284040796680436
P25303,-0.6347750578362863,0.08670163392677736,0.1486681806114429,0.8277819733986791
Q9BYW2,0.25641871620433676,0.08702009921876286,0.14917731294645062,0.8262972198348402
Q9Y5J1,-0.08439574533032967,0.08714501060503148,0.14935446867060345,0.8257817788184657
P40616,-0.2081060712736651,0.08717752691070399,0.149373223541132,0.8257272466341224
Q9P032,-0.088068303896911,0.08719459601332606,0.1493655078664695,0.8257496801158143
O00422,-0.08050094608583436,0.08740105682494174,0.14968214629134224,0.8248299981175895
P14859,-0.1413106706113716,0.08747476958570179,0.14977134139747753,0.8245712805193949
Q9H0H0,-0.3723578651397972,0.08762124661290013,0.14998504611810148,0.823952039025213
Q14331,-0.12441973327075573,0.08774160211454862,0.15015394291674114,0.8234632591060247
Q9NX47,-0.2797385948590758,0.08775211303106342,0.15013482348087054,0.8235185623103805
O95379,-0.48662715109591304,0.08788643524750928,0.1503274895389709,0.8229615951719041
P51970,-0.07513347344198351,0.08793988185865818,0.1503817589501974,0.8228048397265288
O75157,-0.12814181629744326,0.0879679777237801,0.15039266117517366,0.8227733558247545
P0ABU5,-1.098770213864892,0.08797781758462844,0.1503723547163583,0.8228319995004345
Q9H3P2,-0.07718198290375611,0.0880433509688744,0.1504472265815613,0.8226158138489645
P00387,-0.13443751977614937,0.08807777010959325,0.15046890704140728,0.8225532335945982
Q9H8Y8,-0.058536892583390454,0.08811773918834381,0.1505000557819666,0.822463339101395
Q9Y547,-0.3877533094331582,0.08815665989333397,0.15052939903858062,0.8223786722074096
Q6IAA8,-0.11327652713358916,0.08835003164848854,0.15082239130526,0.8215341777074203
Q13151,-0.10416370521970819,0.08843972640591523,0.15093829569498574,0.8212005581106333
P61020,-0.3185636454640459,0.08854900233602916,0.1510875535176604,0.8207713110497312
P39962,0.5065367631664195,0.08855429184977448,0.1510593537245229,0.8208523776719103
P21304,0.36552959055169865,0.08858129029922214,0.15106819064823007,0.82082697232721
P14317,-0.10053947247883954,0.08862240782000264,0.15110109621908355,0.8207323848987511
P09110,-0.1473601583181967,0.08862856589692508,0.15107439445354734,0.820809137844093
P25618,0.3280970951106781,0.08867371846835803,0.15111415866968028,0.8206948424509357
Q12100,0.5208652369343838,0.08872484813715512,0.15116408673761367,0.8205513753975027
Q9BVJ7,-0.27526268023460077,0.08888048180494477,0.15139199410023066,0.8198970905560513
Q13257,-0.08284099824048496,0.08888995531408708,0.1513708929155777,0.8199576272232866
P00915,-0.24366741651301993,0.08909758793212445,0.15168716470175309,0.8190511663130423
O14874,-0.2900743108114554,0.08949575136980206,0.15232757681526782,0.8172214664962149
Q9BVC4,-0.19434968015656295,0.08952041185942342,0.1523321041323784,0.8172085590525191
P09669,-0.06372861369292337,0.08960981209204753,0.15244676632072166,0.8168817833941162
P35251,0.32447251359522866,0.0896508085248697,0.1524790464815028,0.8167898325315393
Q9Y2W1,-0.04423359570247243,0.0896821074066746,0.15249482114042606,0.8167449050931078
P06396,-0.06218926783075318,0.0898399802233188,0.15272576063497653,0.8160877032314713
O43670,-0.08231429185245887,0.08985153033644942,0.15270790281040153,0.8161384871207982
O43913,-0.16129750375605667,0.08988724309375268,0.15273110949230514,0.8160724933642218
P0C037,-1.5869784492914114,0.09023691862414263,0.15328764096014807,0.8144928593607799
O15091,-0.2688151618133574,0.09026037665186798,0.15328988176049396,0.8144865107725556
Q9Y3T9,-0.06172743216547261,0.09026827543866321,0.15326570356481217,0.814555016828171
O96013,-0.46176627177398544,0.09030399597247944,0.1532887639405363,0.8144896777448557
P00568,-0.0713686898797441,0.09039885186374479,0.15341216919229628,0.8141401892563661
Q9H501,-0.08906416433546838,0.09063723028566041,0.15377902046015993,0.8131029097873096
Q02774,0.7381374637175888,0.09065324086550713,0.15376850557392732,0.8131326063817146
P14908,-0.1254830477373048,0.09065715861213401,0.1537374886677482,0.8132202174949756
P16083,-0.10444123701325125,0.09083242177342912,0.15399698539647974,0.812487780712163
P0AF28,-1.1899489882848968,0.09100500918451007,0.15425181972914265,0.8117697038349894
P23394,-1.9557670057053151,0.09105088378136954,0.1542918059966233,0.8116571374815271
Q9UMX0,-0.12129644990018562,0.09106246647633846,0.15427367699588146,0.8117081692749559
Q07688,0.7952041411819657,0.09129966267260164,0.1546376869728703,0.8106846549859161
P0AD24,-1.9089598530362437,0.09139682020738808,0.1547643881428112,0.810328964921386
Q9BTT0,-0.08959636504218693,0.09142828423429203,0.15477981419027825,0.8102856790368657
P61758,-0.042363467094066465,0.09165388891507177,0.15512381492250232,0.80932152329875
Q9BV40,-0.11772615005185827,0.09176661805868734,0.15527665284417183,0.8088938392050468
O75063,1.4735958970011964,0.09182425012188551,0.15533621007670054,0.8087272950541162
O95149,-0.2128504682358603,0.09197689851669485,0.15555643510737546,0.8081120181533739
A0AVT1,-0.05495624219855699,0.09240316270205455,0.15623919378486584,0.8062100107320259
P05556,-0.2207953008277741,0.09253088064884304,0.15641694765932354,0.8057161932443879
Q96QR8,-0.08700157610243053,0.09268891947133341,0.15664585755907068,0.8050810853850495
P63162,-0.520532313937597,0.09274528830315919,0.15670287364838317,0.8049230392800215
P13645,-0.14924152687800074,0.092787674189713,0.15673624203209874,0.8048305702533591
P32969,-0.16268956017139757,0.09284773769160143,0.156799447750402,0.8046554712394337
O14579,-0.09822304186168296,0.09288442518670452,0.156823155326199,0.8045898122641778
Q9H9A5,-0.15066543128598298,0.09289690730321463,0.15680599370245202,0.8046373410001026
Q9HAN9,-0.10478114773768255,0.09292466648969146,0.15681462119781225,0.8046134466930926
Q8TF05,-0.08474017667857225,0.09294844267460599,0.15681652462937912,0.8046081752151978
Q00535,-0.10991866176313891,0.09308507095106056,0.1570087774092919,0.8040760681393871
Q9UQ13,-0.5239495842013433,0.09323427998205212,0.15722215163071818,0.8034862645737635
P61254,-0.05688342459628615,0.09328125301548748,0.15726306205971155,0.8033732724654489
Q9Y3C8,-0.09381512629055777,0.09330056602129594,0.1572573318236254,0.8033890972574871
Q9Y5U2,-0.12989309846375008,0.09335718261079383,0.1573144639564703,0.8032313452235186
Q96BW9,-0.13533300245272528,0.09346539881570294,0.15745849669097986,0.8028338992291234
Q99575,-0.20511801428935428,0.09351197162714171,0.15749863574466777,0.8027232037228172
Q16890,-0.140707758981943,0.09364866894685842,0.1576905116216069,0.802194437770339
Q9NVM6,-0.10272320505985988,0.09370136744593288,0.15774088699140268,0.802055721425623
Q92572,-0.2775580779368454,0.09373920938489494,0.15776623378245322,0.8019859418816058
O43818,-0.05074717247503102,0.09423376990055256,0.15856005414129426,0.799806214566284
P36047,0.3288302815482069,0.09426042006312915,0.15856636261348547,0.7997889360646045
Q9P013,-0.07808373542592051,0.09429895354364302,0.1585926534700472,0.7997169344920406
Q9UI12,-0.08281307552274342,0.09441602984326061,0.15875099335471987,0.7992835485107982
Q9Y696,-0.0893157018062638,0.09463078725395974,0.15907345737956233,0.7984022796573027
Q04964,0.8454874640347079,0.09495300954561865,0.15957636846938436,0.7970314225293403
Q07020,-0.06308036007837359,0.09524038432668966,0.1600204855806841,0.7958244160618905
Q6NXR4,-0.1285839669261506,0.095316290595505,0.16010916935547712,0.7955837955856657
O95671,-0.13834679579582243,0.09558848203378442,0.1605274435124723,0.7944507106286836
Q9NX14,-0.10816841470845162,0.09561470047952361,0.16053253785650376,0.7944369284968057
Q9H967,-0.1761244896825218,0.09562674795819692,0.16051384311819525,0.7944875069937353
Q96FX2,-0.6213024338204782,0.09569007364934465,0.160581209391193,0.7943052755901061
Q9NP97,-0.13595340654603305,0.09602065289852879,0.16109692286634683,0.7929127550179562
Q6IN85,-0.12146490173399371,0.09614262312386061,0.1612624812281034,0.7924666623130294
Q9BWD1,-0.07260078216683041,0.09617064564656656,0.16127041667639305,0.7924452919571574
Q13867,-0.08953202695247242,0.09626657464272576,0.16139219438891844,0.7921174734292834
Q6YN16,-0.10707376264160118,0.09628785617848278,0.16138879597671624,0.7921266184019475
Q8N1G0,-0.1494071795651415,0.09633566983000855,0.16142985912463195,0.792016132230447
P61964,-0.07990360874419267,0.09635835963411771,0.16142881251067773,0.7920189479433576
Q13371,-0.22054511097095997,0.09645914721895492,0.1615585716845776,0.7916699950183181
Q6UXV4,-0.2545302055666312,0.09677788851277,0.16205322855197568,0.7903423121890671
P62328,-0.16290458175087608,0.09678613242263788,0.16202784837871004,0.7904103351006543
Q03778,1.86478259026849,0.09698388585106542,0.16231965811766425,0.7896288806972847
P21524,1.4879831445854563,0.09713557601716419,0.16253425044534675,0.789055107226376
P13130,0.8365691084966365,0.09753576984131976,0.1631644528584919,0.7873744510291065
P50402,-0.07410369394085947,0.0981568736511831,0.1641638147731381,0.7847225644893658
Q13435,-0.0387246886227679,0.09818349696639309,0.16416868703098425,0.7847096751489228
Q99700,-0.05861205092192634,0.09911470905493773,0.16568571837189494,0.780714924891386
Q6P2C8,-0.1889341023406672,0.09924354552787491,0.1658610449517272,0.780255602818768
Q9UG63,-0.06160351646841278,0.09926821851919303,0.16586224542154743,0.780252459491581
P26232,-0.2950571978286689,0.09931659830804915,0.16590304624485702,0.7801456395622218
Q9Y5J9,-0.06190052635416876,0.09934248989492403,0.16590627111250697,0.7801371977123278
Q03013,-0.5385424311208986,0.09944846743328778,0.16604320918931387,0.7797788814140815
O60293,0.8527850069986016,0.09966124755751729,0.1663583601948529,0.778955369154884
P35573,-0.05030615917954151,0.0996665976209518,0.1663271925590432,0.7790367428855655
Q9NQT5,-0.0813543330294415,0.09969332182954393,0.1663317012886174,0.7790249703677654
Q9GZZ1,-0.05110368838362689,0.09972377002727026,0.1663424195781304,0.7789969856602058
Q9UJY4,-0.32452459858800964,0.0998935198618314,0.16658543630137781,0.7783629693783171
Q5GLZ8,-0.16890106226651724,0.10000448698767575,0.1667303317848945,0.7779853856038133
Q9NVM9,-0.09075805466656917,0.10003057483508315,0.16673367842034562,0.7779766684693403
O95684,-0.12760188535962413,0.10044935491679906,0.16739141599131568,0.7762668168516605
P22517,0.169474697830875,0.10057857365503337,0.16756642059370813,0.7758130072568936
Q15257,-0.0752093201626387,0.10060951636090934,0.1675776500560347,0.7757839039908532
Q03034,0.45884555379834424,0.100693804347747,0.16767770594126988,0.7755246763940234
Q9Y3C6,0.1164501566348548,0.10071054139892674,0.16766525334122837,0.7755569305108084
P41252,-0.06476640972594794,0.10088281395726803,0.16791168361541436,0.7749190837716282
P41903,0.4004275224767859,0.10098642189704893,0.16804373593250824,0.7745776718327044
Q16775,0.2512145983144656,0.10110642095986445,0.1682029934469249,0.7741662794898715
O14950,-0.06658030605756693,0.10134556128763964,0.16856033301840423,0.7732446193795928
O15144,-0.07090119553335228,0.10136142727482232,0.16854623497859506,0.7732809443965435
Q9NS86,-0.16804528648718176,0.1013686687082234,0.16851780603499134,0.7733542036699184
Q9BRK5,-0.13394997139671005,0.10161382282446021,0.16888480778602077,0.7724094160977333
Q9H4H8,-0.6033226186533156,0.10189917447416318,0.1693184267000494,0.7712957756259826
P50552,-0.042851328100525166,0.10199328307973601,0.16943413916604896,0.7709990794973671
Q13769,-0.07390441729932462,0.10216885438969125,0.16968509181919458,0.7703563122201589
P38797,0.6226184237241981,0.10219143044854076,0.16968188595340436,0.7703645174370106
Q9H299,-0.07748397805545437,0.10222018917496059,0.1696889450605196,0.77034645029047
Q04373,0.43550372304083496,0.1024445849911764,0.17002068707548068,0.7694982331150816
Q9ULJ6,-0.20543275987103726,0.10272862330047333,0.1704512311843943,0.7683998574761135
Q9BQG2,-0.4883408451634743,0.10316579301291945,0.17113558955952426,0.7666596646725584
Q96G46,-0.10463290216351595,0.10326482903938253,0.1712588446152538,0.7663469902389846
P58107,-0.0904136895403127,0.10327227854038021,0.17123018597068787,0.7664196716396214
Q5JRK9,-0.2644656073432685,0.10336912746544905,0.17134973391687078,0.7661165656346073
Q6NZY4,-0.07370101472837476,0.10345866994040422,0.1714571160046335,0.7658444856005788
Q04760,-0.07712527268719782,0.103748153746414,0.17189572063655673,0.7647349349887074
Q96IJ6,-0.11689982129534471,0.10409549962414251,0.1724299615783643,0.7633872685717108
Q92901,-0.1643976910053233,0.10422098308094345,0.17259652878556622,0.7629679429454529
P0CG38,-0.6913279283174845,0.10434094483577615,0.17275387423312147,0.7625722042188909
O75791,-0.2282469236286353,0.10459703601806042,0.17313647558906295,0.7616114273396994
Q6PJG2,-0.6767585511129965,0.10516456283060249,0.17403428131909457,0.7593651958479792
P36543,-0.14670185166303185,0.10526040033652402,0.1741512573309659,0.759073385690791
P68402,-0.10631420548397585,0.10528059531098138,0.174143058273587,0.7590938327966873
Q92560,-0.36978205975585965,0.10530632969452398,0.17414402359801387,0.7590914253857113
P37095,0.755320603617168,0.1053276013355442,0.17413761023097135,0.7591074198548234
P46776,-0.059174089355128245,0.1053839279364901,0.17418914228509366,0.7589789193204943
Q9NUQ8,-0.0978147245041967,0.10538553505040822,0.17415022546277484,0.7590759589480613
Q15067,-0.36130831658307017,0.10560373469896059,0.174469162265713,0.7582813242426439
P62993,-0.06360831045990167,0.10572154364881348,0.17462212982451922,0.7579007190974748
Q96VH4,0.6736444753696631,0.10575990079536411,0.17464382377941834,0.7578467684342725
P42356,-0.14728687598430668,0.1058056478154914,0.17467770755232773,0.7577625163379836
Q9NP73,0.2630945420630759,0.10601900886063717,0.17498822821240803,0.7569911661385662
Q8NHM5,0.27500567826442435,0.10617542641301454,0.1752046359589401,0.7564544064741674
Q12480,0.3446605859851708,0.10642096893350379,0.17556797448071962,0.7555547012702254
P36639,-0.09778285702940792,0.10647915183047998,0.1756221170257845,0.7554207919754425
Q8N6R0,-0.09400767630201301,0.1065031014976798,0.175619784417703,0.7554265603009988
Q8IWS0,-0.06608727744286114,0.1067649106804001,0.17600958132168817,0.7544636901297226
P06493,-0.046909978659257945,0.1068509268931264,0.17610945436991365,0.7542173284707276
Q96CW1,-0.052361276884937524,0.10710150268058943,0.17648043897201363,0.75330342465181
P30876,-0.05049473022203088,0.10723555851853359,0.17665929269148858,0.7528635127239653
O60234,-0.21793621680885522,0.10778421661760418,0.1775209124310874,0.7507504785612666
Q13277,-0.15582293191354424,0.10798156103127216,0.1778036453223611,0.7500593393885424
P40339,0.7976488338516781,0.10806008063418307,0.1778906320283128,0.7498469218741068
Q3MHD2,-0.0870229354323051,0.10841240784829301,0.17842821771846465,0.7485364625700643
P05791,-0.23619998613572335,0.10841629361643816,0.17839220936316963,0.7486241157920955
O76070,-0.053145374892434205,0.10875135315168359,0.17890101430797273,0.7473871971234781
P20073,-0.05666121231371335,0.10893602713971651,0.17916224511054563,0.7467535039801293
P63218,-0.1716252323515448,0.10897396348810978,0.17918207627444124,0.746705435323564
P04805,-1.760649397620746,0.10915636501413367,0.17943938066425963,0.7460822383916439
Q9UP83,-0.11350675621390494,0.10924266536988614,0.17953862212700963,0.745842112142062
O14562,-0.1666847659293076,0.109258489981555,0.17952201818516536,0.7458822780612208
P32569,-2.5009698943589456,0.10952973965894267,0.1799250100589606,0.7449084643606252
Q5VT25,-0.26322014221616996,0.10957218746283963,0.17995204601344916,0.7448432111544463
Q13084,-0.1959937003066088,0.10958035988239685,0.17992279151665067,0.7449138194061686
P49354,-0.11251962569627594,0.10998875059691833,0.1805505237394648,0.743401247437489
O14908,-0.16137464299975335,0.11068418563726445,0.18164904037743992,0.7407668921028541
P17568,-0.18230348541564467,0.11080202882114473,0.1817993477624659,0.7404076792200474
Q9NNW7,-0.10270608892334465,0.11085899610827032,0.18184972495940863,0.7402873514621781
Q9BRT3,-0.1794327300847698,0.11088544940833586,0.18185003593162422,0.7402866087973112
Q02647,0.5668533241728255,0.11090916454549457,0.18184585728463284,0.7402965883619095
Q9NYP3,-0.2785775855447632,0.11091322901834473,0.18180946915791166,0.7403835012244222
Q96SB3,-0.08237670544525244,0.1109471656201375,0.18182205319617326,0.7403534423431466
Q02790,-0.03086322690665,0.1110471493588121,0.1819428448084276,0.7400650190627359
Q8WVC0,-0.1624097181726647,0.11129184301660719,0.18230062007262554,0.739211854144466
Q9UNF1,-0.09827951057488349,0.11137030054697629,0.18238598888062058,0.7390085277705005
Q9H6R7,-0.2738244308456679,0.11143400338880362,0.18244715995840063,0.7388628926391236
P52701,-0.07340225089586383,0.11180991718221205,0.1830193537989684,0.7375029823806957
P29353,-0.14533583440261566,0.1118493489077659,0.18304062676373695,0.7374525057827954
Q9UPW0,-0.5595481235599848,0.1118593467049593,0.18301373265244286,0.7375163212454516
P42588,-1.1440765493835734,0.111862859806518,0.1829762441059132,0.7376052912718636
Q96HY6,-0.6294101101651357,0.11191187685709734,0.18301318737802127,0.737517615192205
O75312,-0.058565823419908014,0.11194944041648766,0.1830313873538986,0.7374744283802896
Q04066,-0.37971819588898015,0.11205537526958849,0.18316133578060215,0.7371661978587476
P37020,-0.3108428313878875,0.11213251771166824,0.18324417102562918,0.7369698313207618
O60341,-0.08272909664556138,0.11216602924549447,0.1832556834581887,0.7369425473484799
P27824,-0.055126496933198155,0.1121811031079965,0.18323707429105163,0.7369866511319054
Q9Y6K9,-0.23962660758067145,0.11221700386386382,0.18325248461164934,0.7369501283058586
O15164,-0.08503682028154458,0.11235557953999734,0.18343551821149295,0.7365165690489166
Q15185,-0.07272797349184756,0.1123927165346642,0.18345289233522277,0.7364754367271943
Q7LBC6,-0.07648662002326745,0.1124627784783965,0.1835239873166197,0.7363071636821606
Q9UI26,-0.05041109850279568,0.11246436480251581,0.18348333220844004,0.736403381322935
Q8TCD5,-0.2416545752453274,0.11256918846945019,0.183611086210241,0.7361011001795599
Q9BRT2,-0.20833736763879784,0.11258075678710411,0.18358670748796724,0.7361587668908343
Q96SZ5,0.27468399498497575,0.11258094484389357,0.1835437866962842,0.7362603125993334
Q9H223,-0.3182828155648316,0.11263440343850148,0.1835877140791394,0.7361563856955988
Q9BWE0,-0.07862890980367965,0.1126409506870377,0.18355517593717322,0.7362333646371966
Q53F19,-0.0969108870369162,0.11265245269804622,0.18353072528971104,0.7362912191135031
Q13526,-0.11363381299857167,0.11279216729651731,0.18371511793956383,0.7358551040775376
Q96MX0,-0.20757143088283314,0.11297004153804042,0.1839615634076651,0.7352729082063022
P40038,-2.6182311768297417,0.1130203656908039,0.18400023795982276,0.7351816153351858
P06400,-0.16612905921697063,0.11307871931377013,0.18405196345287833,0.735059545170848
P62316,-0.06597269839757658,0.11316830505606368,0.1841544874754841,0.7348176937947049
Q04835,-0.3187505500051131,0.11381949587646124,0.18517062722006994,0.7324279023621634
P32333,-0.3628025514540134,0.1139902007158297,0.18540478030453483,0.7318790726018913
Q9Y2P8,-0.10205585849007548,0.11419571474247793,0.18569542716696036,0.7311987908246144
Q9HAV4,-0.05991791486531994,0.11421033198472784,0.18567559020010696,0.7312451869344208
P60228,-0.05055298766896499,0.1142887305429543,0.1857594296430553,0.7310491310640181
P05055,-0.5002426886272744,0.1143704461727141,0.18584861987793297,0.7308406596509756
Q9NRX4,0.11439420035374326,0.11456432622198726,0.1861199893855091,0.7302069809067423
Q15633,-0.24478860075991804,0.11483708110077763,0.18651934073229753,0.7292761282638209
Q01804,-0.36684506881176304,0.11490230978761001,0.18658151805098774,0.7291313777706447
P08758,-0.07648037818761466,0.1149220546065122,0.18656982557924745,0.7291585944806738
Q99611,-0.11147197346199178,0.11500965047442159,0.18666826532697964,0.7289295083221441
P62861,-0.7461763847563105,0.11505944803890987,0.18670532416719285,0.7288432973510629
Q15427,-0.20708797795178668,0.1152221628995392,0.1869255519954099,0.7283313281978987
Q15738,-0.134645996753612,0.11526108800806292,0.18694489889150334,0.728286380809289
P21165,-2.114261006628972,0.11545576016214346,0.1872167876727591,0.7276552107968887
P02042,-0.08645752637264792,0.11559973602546934,0.18740636203239283,0.7272156698587925
P32485,0.4697462947230484,0.11566144590826102,0.18746251204793993,0.7270855676082224
P23797,-4.00592353032518,0.11602421668886524,0.18800647703105616,0.7258271885533849
P16615,-0.1837089857804024,0.11604295380320238,0.1879928432693901,0.7258586836500092
O15260,-0.17598020293679184,0.11607112710558849,0.18799449919978825,0.725854858194452
Q9BYB4,-0.11594420705454667,0.11626437108608331,0.18826344840973827,0.7252339906304378
Q9C0B5,-0.7634332686467538,0.11642930605552076,0.18848644262998032,0.7247198820774691
P53318,-0.515411451471298,0.11647443832224728,0.18851543032801313,0.7246530962165673
Q86WJ1,-0.43517542981954094,0.11670548428836304,0.18884523795574334,0.7238939621502961
P18846,-0.39842928711372494,0.11683615614337033,0.18901251054595702,0.723509449365064
O75340,-0.06460457931658681,0.1169356396901031,0.18912926167116884,0.723241272851534
Q08378,-0.07543453454551141,0.11696647724380699,0.18913495759834648,0.7232281935825112
Q9BQY4,-0.08461150477949886,0.11705075014277713,0.18922703571996005,0.7230168138899606
O14519,-0.27944816488318835,0.1172267520204512,0.18946732749523904,0.722465670719146
P35184,0.6564781325686049,0.117411362126225,0.18972141688727698,0.7218836405875914
Q9UHD9,-0.0924789742048624,0.11750390413470785,0.18982665240987334,0.7216428109713606
Q9H8W4,-0.10165077388258581,0.1175626791116014,0.1898773011823485,0.7215269497467224
Q16877,-0.2758244614741088,0.1176862513362739,0.19003255696183782,0.7211719880071206
Q9BUT9,-0.1697929290848741,0.11771956723873013,0.19004203393820646,0.721150330160785
O14802,-0.06571254532226689,0.11776766015175376,0.1900753563847886,0.7210741865531541
P78406,-0.10353236155441792,0.11791263628560326,0.1902649950224929,0.720641105916662
Q86SF2,-0.26180391817627324,0.11792938945003456,0.19024769164772584,0.7206806039962165
O00567,-0.040630154456707146,0.11809022210529393,0.1904627761139192,0.7201898898464422
P35613,-0.04771279300754827,0.11812342246965914,0.1904719555612296,0.7201689593143425
P68191,-0.4615483480060547,0.11830641714200796,0.19072261520169106,0.719597806823055
Q9H2W6,-0.09800501571752562,0.11833063757957128,0.1907172566575772,0.7196100089356894
Q9UJX3,-0.04363630067970092,0.11840523982039049,0.19079308366683354,0.7194373727124883
Q9BQ67,-0.11925494288968608,0.11840540629417375,0.19074896072146558,0.7195378195810098
Q9Y2R4,-0.3380628172321458,0.11854710485826998,0.19093281089524572,0.7191194337523825
Q14671,-0.07996809595746868,0.11881493258038724,0.19131967283409332,0.7182403704640365
P20839,-0.0857157410379017,0.11886309650515947,0.19135272731962896,0.7181653434660079
P07919,-0.08213044526919333,0.1191278790640579,0.19173441065540142,0.7172999371133605
Q9BQ48,-0.2080832081246946,0.11939187498771076,0.19211465080523105,0.7164395142572726
Q9UBB9,-0.08731436248350022,0.11948150419034656,0.19221420423186794,0.7162145220182393
O43747,-0.09843818026580209,0.11972138457869747,0.19255536976141727,0.7154443657702271
P30533,-0.11217737906214253,0.11976418336320754,0.1925794718083718,0.7153900087768897
Q68CZ6,-0.2918414049376139,0.11981692669062707,0.19261954966470907,0.7152996368343545
Q9P270,-0.1520331637143535,0.11982484147393703,0.19258755858067317,0.7153717723219997
Q9Y241,-0.11365107603601388,0.11986357639777437,0.19260510628410066,0.7153322031844276
O94973,-0.15208490896656102,0.11999101237635743,0.19276514378048698,0.7149714934225191
Q9NRP2,-0.09678922782624255,0.12004832205234753,0.19281247550230904,0.7148648694657251
P30047,-0.3850698987083305,0.12011789274485431,0.19287947341497477,0.7147139883071005
O96008,-0.10438375579551717,0.12040362931174164,0.19329346843368866,0.7137828209385071
Q06169,0.8230091431117224,0.12045974451662592,0.19333872763864576,0.7136811438238868
Q14966,-0.06823821830239751,0.12047525134084959,0.19331880423732156,0.7137258998291379
Q9BSU3,1.174459710196981,0.12047860562983542,0.19327939420319287,0.7138144442687242
O75586,-0.42351261233040205,0.12086787462615219,0.19385896778120865,0.7125141040309761
Q8N9N7,0.6159411828787711,0.12097414461579437,0.19398447830471519,0.712233018813564
Q8WYA6,-0.10850355365050035,0.12099185236312193,0.193967952248728,0.7122700190969079
P22579,0.34578722266109096,0.12099838540424634,0.19393352327291705,0.712347112457955
O43447,-0.0771301652319707,0.12114791354175769,0.19412824655476285,0.7119112681647182
Q9H3N1,-0.2417607501000134,0.1213776980299808,0.19445145329930288,0.7111888066563559
Q9Y3S2,-0.2943910605496285,0.12142820426027291,0.1944873667124982,0.7111086038253764
Q8TBF2,-0.21109937186349725,0.12145294134902053,0.19448199951448153,0.7111205890596106
Q9NZL9,-0.11364464226503301,0.12161140969407078,0.19469072849057711,0.7106547298423502
P16219,-0.38426025603347114,0.12178192550672719,0.19491864359883934,0.7101466194515729
P23246,-0.03809425235660413,0.12183019926839449,0.19495084347916883,0.710074881442622
P62263,-0.06095142514847396,0.12204834639551415,0.1952547944645425,0.7093982932563981
P36000,1.1594744945186335,0.12209595326070385,0.19528583515294837,0.7093292566507535
O43432,-0.27584873184062886,0.12214154358563492,0.19531363690229472,0.7092674329811759
P0ACJ0,-0.6065932443746433,0.122199116306549,0.19536058215343924,0.7091630592466048
Q9P0J7,-0.12087246609405966,0.12252145140959225,0.19583068549400204,0.7081192558598957
O95372,-0.08908274875770772,0.12284918411677297,0.1963091970515892,0.7070593533027496
P62258,-0.09910334437312329,0.12288701150618915,0.19632433494897408,0.7070258650508846
P46926,-0.19327928786647774,0.12302430630925122,0.19649833838183517,0.7066411177295271
P09543,-0.08301994416092384,0.12322204496929429,0.19676878214192658,0.7060438023423102
L0R6Q1,-0.053383336880568066,0.12326699965591806,0.19679518229595955,0.7059855376520889
A4D1P6,-0.38767180002951207,0.12342484513611221,0.1970017583500325,0.7055298975018163
Q52LJ0,-0.06773718587059818,0.12349367300781025,0.19706618850105512,0.7053878831130275
Q6P1N9,-0.094174409746131,0.12377395649068511,0.19746794348882574,0.7045033967255289
Q07817,-0.11950850771680166,0.12378637800271942,0.1974422670561689,0.7045598709960631
Q07825,0.3778325491671488,0.12415395646309511,0.19798295590752432,0.7033721959704032
P53082,-0.4145864112569839,0.12416924034540602,0.19796173616200582,0.7034187459991293
Q8WYN0,-0.22146807958433,0.12439546731642832,0.19827675315353355,0.70272820142237
P08648,-0.22093583716894472,0.12451755766597704,0.1984256776246778,0.7024021279019746
P78316,-0.05282922367690546,0.124535918437006,0.1984092727238448,0.7024380348093967
Q9UK76,-0.09253228855174811,0.1247354806534087,0.198681497134622,0.7018425761035545
Q9H6R4,-0.04480899695364471,0.12542884167633778,0.1997399493484275,0.6995350645913663
O43159,-0.05908487834618015,0.12548088043126407,0.19977687194897042,0.6994547912168091
P31949,-0.09598844273263296,0.12548990740166882,0.19974531467796666,0.6995233989144444
Q9UJ41,0.5557349444063,0.12557274402313157,0.19983122951417215,0.6993366395042888
Q6BDS2,1.681655156225144,0.12557437046857256,0.19978790007453961,0.6994308178617137
O15392,-0.3340146401165498,0.12558511972454733,0.19975910153291196,0.6994934240016026
P53990,-0.04884233157292073,0.12562904522169424,0.19978307512976826,0.6994413063457119
Q8N0T1,-0.22349388915559842,0.1256796369494863,0.19981763633484345,0.6993661826521905
Q08225,0.40276772349581336,0.12589149305258837,0.2001085165050785,0.6987344276433843
Q6P582,-0.23360136837326095,0.12627643567083033,0.20067432650558392,0.6975081859089288
P17482,-0.15676301471502896,0.12640444947401133,0.2008316677737619,0.6971678051972242
P32857,0.5256934519493974,0.12655233318942666,0.20102049896847676,0.6967596533508538
P52918,0.45077538996234523,0.12659813676734835,0.20104713279291744,0.6967021161501952
O00291,-0.31454327103892865,0.12668158206412639,0.20113351850768427,0.6965155490456161
Q9Y6A5,-0.03132517564756654,0.1268104406206288,0.2012919511364589,0.6961735904710458
O75351,-0.1946459799623277,0.127154920363746,0.2017924979597931,0.695094983566042
O95602,-0.096906449573396,0.12724213118070027,0.2018846279319818,0.6948967482107651
Q9NP92,-0.09022415490249003,0.12730518912975194,0.20193840310066496,0.694781082399923
Q9UHW5,-0.5130690669393303,0.12742972301794137,0.20208964777284152,0.6944559330472
P31153,-0.03673219967954111,0.12745739871259007,0.20208725181725984,0.6944610820316623
P38768,0.4292807824306841,0.12785078933935712,0.20266457540881608,0.6932221568273418
Q14669,-0.3088512055255812,0.1278747514542949,0.20265616366892603,0.6932401829082488
P39011,-1.4987816775226364,0.1279426001637471,0.2027172914264954,0.693109205175637
P07118,-1.604461956144391,0.12818639970451215,0.2030571108565642,0.6923817973500395
Q86WX3,-0.39444810172310696,0.12823810013014159,0.20309254467088295,0.6923060188291862
Q9BUB7,-0.17842462760225786,0.1285135457981887,0.2034822298437362,0.6914735118332718
Q9UHY8,-0.2814253697532578,0.12922888431858434,0.20456808299539964,0.6891621245840573
Q12144,0.6886025079406046,0.12964085531739064,0.20517332164974006,0.6878791104878175
P17980,-0.06101086092308705,0.12990847217180798,0.20554987690073093,0.6870827789729007
Q9BRX9,-1.2810739474627937,0.13000614675081276,0.2056574274851788,0.6868556009732978
P52870,0.7278336722571055,0.13001459599422405,0.20562381513568004,0.6869265872300528
Q7Z7C8,-0.24888187219912794,0.1300149570690308,0.20557742926375183,0.6870245690750814
Q06451,0.6923842156780395,0.1301659015602501,0.20576911013771043,0.6866198205533454
P60059,-0.13306793386341909,0.1304799672134077,0.20621851015421935,0.6856723550707259
Q9NX55,-0.13801088971446873,0.13072848343861615,0.20656413038087135,0.6849450909970664
Q5TG30,-0.2846445918805216,0.13089196802664024,0.20677526502771096,0.6845014138588379
P25371,-0.3201204299090463,0.13089343743839324,0.20673041989585647,0.6845956132572553
P19880,0.662351299167991,0.13119330291355494,0.20715676838619257,0.6837008725285939
Q92636,-0.21830451503026893,0.13127239348179648,0.2072343940875419,0.6835381643571987
Q9Y2Y0,-0.20553002802146025,0.13132778874950962,0.2072745861184419,0.6834539433722522
Q14103,-0.09158208012482305,0.1313843351799863,0.20731657629585806,0.6833659718761782
Q8IVS2,-0.2653673455475314,0.13151038118417255,0.2074681884983392,0.683048485066402
Q9UH17,-0.18514770924823765,0.13159351880005604,0.20755205561995171,0.6828729609605715
Q99986,-0.1037234770931903,0.13164781425942673,0.20759040444825114,0.682792724963692
Q9NWT8,0.15732431010968284,0.13169607119123627,0.2076192160583151,0.6827324531266843
P24928,-0.039122865508957716,0.1318216136794597,0.20776982770693805,0.682417520358209
Q92734,-0.07349461043295236,0.13196347794234697,0.20794609041256495,0.6820492403782044
Q8IV50,-0.3690282333083488,0.13198965357477133,0.20794001395943496,0.6820619312088734
Q96I51,0.19896551532013618,0.13202566161769502,0.20794942698838043,0.6820422720104076
Q86UA1,-0.20744223578456555,0.1322684827655643,0.2082845064063605,0.6813430345768925
A3KN83,-0.09020023085589202,0.1323024487792948,0.20829062195266876,0.681330283225048
Q8NBJ5,-0.0467160885713227,0.13247660168440475,0.20851738805701717,0.6808577237964719
O95363,-0.23034673457557986,0.13250475256627736,0.20851429699293283,0.6808641618304304
P20645,-0.06510623656939885,0.13251904271139878,0.20848940053027157,0.6809160193867532
P32502,1.3032485944057868,0.13265328144118615,0.20865318507468716,0.68057498143009
Q96K76,-0.05818513310908813,0.13267940452179405,0.20864687642718646,0.6805881125606639
Q9UL40,-0.1510150099180656,0.13299420246207283,0.20909442730413083,0.6796575416601663
Q9UPT9,-0.368119968012234,0.13304556517225924,0.20912769426849556,0.6795884508190152
P40168,0.7675570194133812,0.13329196708447788,0.2094674489543633,0.6788834564106279
Q04837,-0.04730855508873688,0.1333180521687954,0.2094609015694893,0.6788970314915139
Q5T200,-0.0746219251259852,0.13341198375968277,0.20956092911797722,0.6786896847138985
Q9BTE6,-0.07773624066348006,0.1334150287669629,0.20951818080799528,0.6787782854327629
Q9BRJ2,-0.07302738378927742,0.13361373777924723,0.2097826576833351,0.6782304169229024
O60884,-0.08242631171606263,0.13382736136286255,0.21007042622454325,0.6776350833937587
P21964,-0.09952352347190185,0.13385412410569847,0.2100648130797498,0.6776466880276099
P30665,1.0230124024873675,0.1340739835707296,0.21036217136726304,0.6770323550293655
Q9Y2R0,-0.35183240564292717,0.1342878494598797,0.21064999312646288,0.6764385507082196
Q07800,1.2533881903319006,0.1344044757047184,0.21078518454801135,0.6761599176300931
Q8NBU5,-0.14051302798695176,0.13442095817051766,0.2107632958271432,0.6762050187330032
Q9NVU0,-0.06684940846749043,0.1346143632022072,0.21101875725879163,0.6756789389585859
Q4G0F5,-0.18644997870941182,0.13461655508058126,0.2109744290126629,0.6757701798287385
Q76FK4,-0.10945952069241827,0.13462379687867482,0.21093803339849387,0.6758451072880887
Q9Y4B6,-0.2724013327507855,0.13465737805237799,0.21094291530196044,0.6758350561883965
Q9Y535,-1.2375141510638734,0.13469856715094575,0.21095971023595303,0.6758004797400917
P46060,-0.052581321015036764,0.13485465681912048,0.21115640972763233,0.6753957308761062
Q9BRL6,-0.18118526741354302,0.13493035582026106,0.2112271724394048,0.6752502145405651
P35340,0.5537000193881845,0.13495896634251636,0.21122420500804326,0.6752563157826705
P09622,-0.04092334519722485,0.13505355698612342,0.21132448103320192,0.6750501888834527
P25358,0.8208717364757483,0.13507257668450526,0.21130648914674974,0.675087165714595
Q9H0R4,-0.21871224833469327,0.1350941866544264,0.21129255667387586,0.6751158018232205
P28482,-0.033495013459013734,0.13527070045803588,0.2115208513937309,0.6746468141098514
P07199,-0.42570982501908716,0.1355026394262383,0.21183569098832106,0.6740008662614838
Q9Y5Z4,-0.09052369527743309,0.13564415100424515,0.21200905226938904,0.6736455953603352
Q9Y244,-0.07796076657318807,0.13572963661955756,0.21209478762216577,0.6734700044431122
Q96KQ7,-0.16250066832074594,0.13577748479626323,0.2121216842800827,0.6734149331721724
Q8NHZ8,-0.15757962814426563,0.13582347082427765,0.2121456602723434,0.6733658478900655
Q9UN37,-0.06839674271732221,0.13596230234975024,0.21231461016456263,0.6730201193736682
Q9UBQ5,-0.06759133475001633,0.1359849204943147,0.2123020494932661,0.6730458132795035
O60684,-0.0679207699178157,0.13679134410461793,0.2135129095086507,0.6705758613468004
Q9NRP0,-0.1552228494949155,0.13688236458798872,0.21360682722723323,0.6703848706522358
O95391,-0.1503734775464025,0.13700178054539947,0.21374500416772102,0.6701040271857391
P41208,-0.20898418137084107,0.13704763583311227,0.21376837812761193,0.6700565377632726
Q6ZQW0,-0.17326963807309426,0.13708029863981333,0.21377116841938457,0.6700508690089805
P39960,0.5366339611474373,0.1372443725476938,0.21397884159428776,0.669629167927158
P41236,-0.07130031301423045,0.13750451357826546,0.21433616659520713,0.668904540915822
O60318,0.48014882469860964,0.13777520676369256,0.21470977529412724,0.6681481825797932
P00761,-0.0835463173516402,0.1380356997052334,0.21506732330311343,0.6674255700271491
P52888,-0.051907888665830626,0.13836768936877053,0.2155360812574504,0.6664800174784284
Q9UI09,-0.1429830548384068,0.13837280556889311,0.21549557034615743,0.666561652621545
Q96CS3,-0.18956381531470612,0.13841451570312532,0.21551205458251402,0.6665284327317914
Q9NPJ3,-0.0835439055947873,0.13868340627106135,0.21588217289137338,0.665783219335821
P56282,-0.15394801655352808,0.13918907211482026,0.21662061931288276,0.6643002068630417
Q15942,-0.04756312246600203,0.13934952655393285,0.21682160041784967,0.6638974542601055
P53730,0.9644206588447162,0.13946479234616327,0.21695219550771389,0.6636359505494708
Q86U06,-0.29221385157053703,0.13966140640798339,0.21720924931915475,0.6631216853320693
Q9UHJ6,-0.1057122838257527,0.13991547241832028,0.21755552010430038,0.6624298927416501
P0AE88,0.6872756650860197,0.1399888995168471,0.21762082179044664,0.6622995540286507
Q01574,0.48090847560503036,0.14009213995723216,0.21773243031736825,0.6620768798292387
P63098,-0.14472154228465683,0.14010466933492574,0.2177030364620794,0.6621355134966688
P39173,-2.3647937204574134,0.14030066750820658,0.2179586766495002,0.6616258376075527
Q16740,-0.09820744267041448,0.14032233300626787,0.21794343511336894,0.6616562082566576
Q9UBP0,-0.5519444606265331,0.14062494436270437,0.21836445722524447,0.6608180495164151
O75459,-0.07219055081131742,0.14077037823858035,0.21854127778563462,0.6604665219821968
O43414,-0.06417864244746951,0.14079945275487166,0.21853741557380216,0.6604741972009266
P20049,1.7868885680761792,0.14080807596646278,0.21850181936167373,0.6605449425130288
Q16537,-0.10224146370443776,0.14093075568278868,0.21864318896429058,0.6602640469781544
P0ABD8,-1.3272136517512827,0.1410602735287102,0.21879510168297253,0.6599624050802351
Q07812,-0.11601302572739769,0.14111366312676005,0.21882889215894435,0.6598953382946333
P83731,-0.05352565028914569,0.14113669340862361,0.21881559900611508,0.6599217210918085
Q9NPF4,-0.25103657995622086,0.14122913725738437,0.2189099051645689,0.6597345871712603
P53597,-0.06306743588591601,0.1412374616734176,0.2188738103461825,0.6598062014407301
Q9UM00,-0.4689215429877933,0.1412674969412211,0.21887136917006375,0.6598110453059163
P62280,-0.038644532687214905,0.14142435641975648,0.2190653789374483,0.6594262528568398
Q9Y605,-0.25616413162994434,0.1414394198328714,0.21903970989103144,0.6594771444146489
P0A910,-0.9019797233194318,0.14148320029430522,0.21905851494583392,0.6594398608509427
Q9BRD0,0.2964997389996391,0.1416505040362753,0.21926851999713173,0.6590237147560951
Q9Y2Q3,-0.12100790114389426,0.14170526507684106,0.21930425913993015,0.6589529337442402
Q58FF6,-0.13041687043888928,0.14187294000766032,0.21951468974593075,0.6585364118130573
Q676U5,-0.19185747002887155,0.14193468550334482,0.21956116229337788,0.6584444788547864
Q9UNW1,-0.3358723570309472,0.1421504846450597,0.21984586903783634,0.6578816904760598
Q9H0E9,-0.1133988951779159,0.14237712736015062,0.2201472152393218,0.6572868037944857
P31374,0.9052171091000965,0.1423870375194351,0.22011338418945492,0.6573535489827771
Q13069,-0.1100461303488558,0.14252320333094748,0.22027470086238402,0.6570353798660202
Q96E39,-0.10039776462291883,0.14272751843150133,0.2205412491898494,0.6565101698237185
Q13188,-0.33067301853915154,0.14291332220504077,0.22077908142519018,0.656042077917404
Q8WUK0,-0.25747229492713686,0.143046122088729,0.22093494297175095,0.6557355908751872
Q96PK6,-0.04440675780382719,0.1431055029304625,0.22097736447157057,0.6556522104260257
Q99873,-0.05126044398188867,0.14315982498105057,0.2210119572282707,0.6555842294018617
Q96J01,-0.07092383610932984,0.14328516083982196,0.2211561421433186,0.6553009945177194
P82673,-0.10831360855631544,0.14364484105586572,0.22166188532890893,0.6543089772255791
Q9BSJ8,-0.05271253181549085,0.14386327265415289,0.2219494874904979,0.6537458534784689
Q6FIF0,-0.3083837349426872,0.1439124308777918,0.2219758679879328,0.6536942371229806
Q8IZV5,0.5505734788478627,0.14405392253514174,0.2221446235263522,0.6533641933440795
Q13330,-0.11286617857906478,0.14430657916538797,0.22248469252753203,0.6526998641415522
Q96Q11,-0.08548504582234884,0.14450783174973886,0.22274537556437932,0.6521913036220406
Q96BW5,-0.0954833521195333,0.14463415154705184,0.22289046635027532,0.6519085071142668
O43251,0.28398274245013866,0.1447599955662677,0.2230347595239959,0.6516274477452327
Q14152,-0.03735548557732571,0.1448697009267607,0.2231541288580403,0.6513950733151623
Q9UGI8,-0.07580141908655236,0.14493835767392163,0.223210228766511,0.6512859074268192
P28789,0.5727856694624123,0.14511273602533964,0.22342908255269106,0.6508602977821695
P17612,-0.08522926355934146,0.14514087380611057,0.22342272348455083,0.6508726585163825
P52435,-0.18182436676299218,0.14534631217088165,0.22368923437901414,0.6503549169417953
Q9Y296,-0.20287079304829092,0.14538569725169523,0.22370012617127505,0.6503337709526636
Q5VTR2,-0.09023687718349294,0.14542161609305498,0.22370568092164247,0.6503229870182811
P26373,-0.0502111420954634,0.14560533515912658,0.22393854745486283,0.6498711431069369
P47756,-0.03854279757245749,0.14645995395364836,0.22520291387409755,0.6474259944989571
Q96NT0,-0.30708331094054486,0.14661759210972158,0.22539525039247607,0.647055239798661
P84101,-0.29030065430300667,0.1466245314963946,0.22535588370278273,0.6471310986700198
Q6ZUT1,-0.396824813332735,0.1467270928580073,0.22546346891896196,0.6469238153476147
P25365,1.109216040659934,0.14713358056701095,0.226037921421341,0.6458186950008972
P63165,-0.10856151023393679,0.14733420274795325,0.22629592276548988,0.6453232707752796
P13598,-0.25488950308891845,0.14760285973605555,0.22665828361331752,0.6446284042831476
Q9BRX5,-0.1747653379694647,0.14768072317668884,0.22672756702336885,0.6444956722939835
Q92520,-0.764082022854577,0.14796594239142125,0.22711509313194428,0.6437540034019794
P33328,0.40918258813217534,0.14797470587040315,0.227078205551124,0.6438245463751262
O60437,-0.8388615778993582,0.14809783722694417,0.22721680145343703,0.6435595580458323
O60294,-0.14415757234320026,0.1481165027246363,0.2271950963370363,0.6436010464502289
P17480,-0.08032826527943371,0.14830596985127284,0.22743533449617123,0.6431420621434597
P19387,-0.07643723964339344,0.14832030188672704,0.22740694647114662,0.6431962732981927
P32316,0.6711195121976878,0.1485472988058588,0.22770455986977337,0.6426282723868236
Q12034,0.6846977354935362,0.1487153831791489,0.22791175589473814,0.6422332729392441
P25617,0.44978389013481035,0.14901463654621777,0.228319837009518,0.6414563542587389
Q8NFV4,-0.25039274371239273,0.14938768868256921,0.22884078682259054,0.6404665676703887
Q9UPR3,-0.3740195022195998,0.1494055956335254,0.22881759437437066,0.6405105845734158
O75448,-0.1878869061768711,0.14947371784822866,0.22887130083616436,0.640408661977737
Q86YM7,1.7177210942771737,0.14948356030487453,0.22883576642736042,0.6404760954905492
Q6NXE6,0.07691390598387926,0.14955430926645796,0.22889346537598473,0.640366605716286
P00491,-0.05031888692393949,0.149559987191819,0.22885156935163645,0.6404461050482658
Q9Y3B3,-0.12100159730664828,0.14962599399702736,0.2289019846300083,0.6403504418814872
P21283,-0.05757977846621287,0.14995197452629908,0.22935000477581063,0.6395012464885794
P01111,-0.08670411410524892,0.1502986852342834,0.22982952662592276,0.6385941774451279
P36041,0.3001466081709694,0.15035015508899888,0.2298574682791407,0.6385413810599474
P53064,0.8792522764892716,0.15052843259466975,0.23007922015132304,0.6381226033267277
Q13574,-0.32635096308268174,0.15060103190017982,0.2301393831111995,0.6380090553673322
P31946,-0.06675348690063387,0.1506896037735839,0.23022392244666703,0.6378495510503427
Q9BVW5,-0.32727600198699136,0.15091567492445002,0.23051844985150938,0.6372943095453023
Q15833,-0.047099067561418906,0.15120346985970276,0.2309071074787344,0.6365626989958243
O14530,-0.054694292423722146,0.1512251629552662,0.23088931164327742,0.636596171031655
Q15428,-0.05690005471669224,0.151401266767555,0.23110722466899267,0.6361864777799404
Q05359,0.596813807005006,0.15151854967613002,0.23123527396022134,0.6359459154168481
Q14157,-0.04197482249093554,0.15153525242280264,0.23120980338816335,0.6359937556013314
Q8IWA0,-0.0867012410494219,0.1516047654530709,0.2312649032820143,0.6358902706772004
P24666,-0.07043808257206763,0.15172320491701458,0.23139459710251298,0.6356467857298121
Q8IZH2,-0.28048909545381306,0.1517486724059934,0.2313824725256768,0.6356695424183438
P62380,-0.15322697810047714,0.15190335600085017,0.23156733530380597,0.6353227018435765
Q8WVV9,-0.060390769796086374,0.15190357602134316,0.231516698298873,0.6354176797323154
Q9Y624,-0.12238523793227785,0.15191649868905174,0.2314854394636871,0.6354763211015246
Q7Z5L9,-0.08043605133966736,0.15216344359019113,0.2318107114232087,0.634866500190739
P39938,0.8262836492954477,0.1526209503116781,0.23245654640520438,0.6336582187748362
Q9UBW8,-0.16028025144064628,0.1527238378907285,0.23256209666932134,0.6334610658273604
Q9UKV3,-0.0369451846832618,0.15285587039373266,0.23271197154929749,0.633181274452569
Q4VC05,0.40386696425754565,0.15287595632724546,0.23269138747193835,0.6332196908113884
Q7Z4S6,-0.19790571329310325,0.15292989854361555,0.2327223335199987,0.6331619370438353
P43121,-0.0846076529559987,0.15301237084999908,0.23279667232814624,0.6330232319252962
Q08645,-0.28651902995916245,0.1532001551360856,0.23303116743459065,0.6325859891043593
Q8WW01,-0.11874796314108593,0.15331855002565575,0.23316003522460804,0.6323458877416314
Q9H4E7,-0.2556004620809169,0.15338252844418296,0.23320611044082623,0.6322600744277485
P20674,-0.0924284856873463,0.15354008868960028,0.23339441802124972,0.631909534972562
O00186,-0.09742341225125273,0.15358387293275244,0.23340973138419183,0.6318810411854524
Q12849,-0.07187891341041563,0.15359156143965055,0.23337019341850787,0.6319546138455043
P04921,-0.16258008849077044,0.15375085916831036,0.2335609804478677,0.6315997103251646
Q9BUR5,-0.18710217013403252,0.15408436318247598,0.2340162602929291,0.6307539651960561
Q9Y3B9,-0.05244326444644898,0.154088254566389,0.23397084969685908,0.6308382477368957
P19447,-0.2967977323262545,0.1543542112470824,0.2343232972319225,0.63018453019828
Q92841,-0.04173926489922053,0.15453622182608406,0.2345481806058321,0.6297679315333315
Q99735,-0.12533827003239395,0.15464093912068336,0.23465567882349583,0.6295689311089983
Q9H939,-0.13239930590527038,0.15490041939040766,0.23499791933812061,0.6289359829366604
P35268,-0.07927013884324907,0.15499278022925891,0.23508653018781792,0.6287722540426078
P08708,-0.10083710376818544,0.15504559417222286,0.23511513229270062,0.6287194182603132
Q13148,-0.04457417688741572,0.15521568750740117,0.23532152842155585,0.6283383395175842
Q7Z3C6,-0.383143877849637,0.15566243531456325,0.23594717647067337,0.6271852153989853
Q96A35,-0.05948037429244124,0.15572259218922138,0.23598669912851145,0.627112474393786
P23201,-2.187244549504584,0.15584291327642252,0.23611735919605026,0.6268720826971443
P0ABU2,-1.8279309883467931,0.1560031325295415,0.23630839851991808,0.6265208430479524
Q12824,-0.06984072740387504,0.15634222783682092,0.2367702505560254,0.6256728662692358
Q15050,-0.05884451333954388,0.1566038300802795,0.23711456800259245,0.6250417627287748
Q8NFD5,-0.23521233208759185,0.156615635819308,0.23708059956556377,0.6251039831215355
P23595,0.5023218120061976,0.1567702198463852,0.23726273272488987,0.6247704718246769
Q99719,-0.07758207849306231,0.15685175890283717,0.2373342610671426,0.6246395634330032
Q9UEU0,-0.14396385590867666,0.15685203292220035,0.23728282192556593,0.6247337013653641
Q99622,-0.17432890834293957,0.15695412476882054,0.23738539971588324,0.6245459956502435
Q8N3D4,-0.2085207986730495,0.15713914541319496,0.23761333104192225,0.6241291973796815
Q96JH7,-0.13830661505072683,0.15722532062132508,0.23769172925372375,0.6239859297651349
P34222,0.2747941887085972,0.15723803001991196,0.23765905257757483,0.6240456385137189
P48449,-0.13965727481455303,0.157472895713743,0.23796209732037465,0.623492212000176
O95835,-0.552000124037022,0.15775071604370555,0.23832990571385934,0.622821458821776
Q04941,0.4949785159872633,0.15778943786137392,0.23833640221469307,0.6228096207941368
P25815,-0.11810980814423999,0.15781208838005398,0.23831862594187433,0.6228420137691042
P52593,-0.502190468797437,0.15804617923388245,0.23862009267671216,0.6222929899564305
O15014,-0.1556342161004025,0.1580802534862302,0.23861950624343972,0.6222940572808302
P26570,0.2530727926930254,0.15836620257790215,0.23899903806656378,0.6216038470151427
Q9BXR0,-0.13536763744494706,0.15840495432485985,0.2390054268348942,0.6215922378899736
Q14691,-0.08592643933904043,0.15868718783464197,0.23937910426297626,0.6209137624482117
Q3ZCQ8,-0.07369290102122505,0.1588039381322815,0.2395030423933603,0.6206889653965747
Q9UBF6,-0.1924458136368017,0.1589073347210797,0.23960679129110538,0.6205008766898495
P38736,0.9795530282578433,0.15902568418481844,0.23973303664177723,0.6202721134732945
Q8IZ83,-0.0850053746092101,0.1590676261184607,0.2397440668794562,0.6202521318252712
Q9NXR7,-0.15253836691101696,0.15911848426744543,0.23976852776230512,0.6202078233896985
Q15653,-0.16986468531301924,0.15946284794099663,0.24023515211998708,0.6193634446651429
Q9GZZ9,-0.09743084679760727,0.15983208149505726,0.2407390324715633,0.6184534892317869
Q8IWX8,-0.03962180227980028,0.1598406194092451,0.24069953214215162,0.6185247538806797
Q96R06,-0.06844199319937161,0.15995166832896734,0.24081438388992607,0.6183175761457044
P15042,-0.3780938535905385,0.1600591907976788,0.24092387762676698,0.6181201555531107
P42765,-0.124733652173731,0.1602931061990216,0.2412235312588623,0.617580329212624
P13796,-0.05242706197665825,0.16034496469451234,0.24124913853646315,0.6175342287801424
Q9H9A7,-0.20645463783998963,0.1603676938454372,0.2412309172682614,0.6175670317784917
P62857,-0.10857302577281303,0.1610538917138098,0.24221050091798849,0.6158070321596182
Q15836,0.2146018117810371,0.16112448013087224,0.24226403918049064,0.6157110462196128
Q8IXJ6,-0.4663789457004057,0.16146949887069306,0.24273009339571835,0.6148763770034403
Q5TA31,-3.730293656236878,0.16151320234319996,0.24274308943440775,0.6148531250171706
P38713,-1.332232908317696,0.16164344088398055,0.2428861077866062,0.6145973245697437
O95834,0.1524175399755805,0.1617055574205622,0.24292672587979447,0.6145247031297332
B3EWF7,-0.27888380766219,0.16185039142124638,0.24309156403486118,0.6142301121425913
Q8NEM2,-0.12172533281211884,0.16211281710323028,0.24343290948227425,0.6136207102455533
P05198,-0.037560839614020125,0.16239649373208215,0.24380601097158217,0.6129555911720759
P31942,-0.03251020809338456,0.1627480460432492,0.24428083043647458,0.6121106122828305
P78559,-0.0998307796104605,0.1627886403455508,0.24428880488786167,0.612096435142118
Q8WXB1,-0.5193288171586268,0.1628763042355733,0.2443673955638374,0.6119567398014345
Q16594,-0.2474128775354778,0.16293578556859517,0.24440367835289276,0.6118922621105701
Q9ULC3,-0.9791732611321535,0.16300088845746993,0.24444837593232008,0.611812843759011
Q16384,-0.3919549464472887,0.16318651313155083,0.24467375853678172,0.611412606593426
Q9Y3A2,-0.1402912769425626,0.16320731799633495,0.24465197441147937,0.6114512750090891
P40763,-0.07171972689139139,0.16345532642325628,0.24497070999017886,0.6108858391051607
Q9Y3X0,-0.10753266150388896,0.16368911946514048,0.24526800761234205,0.6103590968141899
O43252,-0.056911854460793165,0.16379321136818703,0.24537087743689462,0.6101769840662054
P39996,0.5247725541566766,0.16382531047609686,0.24536587707906005,0.6101858345457962
Q92947,-0.2523497573066322,0.1642885617912548,0.24600648828777,0.6090534384640361
O95749,-0.09875313734108104,0.1645473457170588,0.2463407182151168,0.6084637967091365
P61599,-0.09937596723911213,0.16456744586966168,0.2463175519242407,0.6085046404051054
Q9H6E5,0.6451883499874462,0.16481867754272136,0.24664026870667877,0.6079360151313524
O75964,-0.051475993900130135,0.1651997149733439,0.24715704980022324,0.6070269973995632
Q13042,-0.10744499804476604,0.16530678396524817,0.24726380906791498,0.606839444788303
O15541,-0.11120959036714595,0.1656985238474167,0.24779623739082363,0.6059052923619286
P29703,0.6023090981105739,0.16581668342534484,0.24791939452323206,0.6056894974155156
P31930,-0.03512879254944323,0.1659020891517545,0.24799353741078325,0.6055596365262252
O43715,-0.08569064747673494,0.16591498268686156,0.24795927911155394,0.60561963493673
Q96QD8,-0.3158102100200608,0.16621250308514568,0.24835031751436093,0.6049352804255659
Q06511,1.5023882466355793,0.16644589991835093,0.24864539612398312,0.6044195776803386
Q9NRF9,-0.07847835713117135,0.16653454545677018,0.24872415719212182,0.6042820320773185
P02654,0.28040468818931075,0.16653612254770175,0.24867287309042202,0.6043715879093823
Q9BR76,-0.058170340706759305,0.16655230725346915,0.24864341859056066,0.604423031736926
Q5JTJ3,0.0574519041142203,0.16656563438546923,0.24860971168031665,0.6044819100998855
Q92882,-0.3952991290069221,0.16695166997637073,0.24913219028370492,0.6035701537988386
P02788,-0.14733417193783183,0.16714708034739031,0.24937004618085123,0.6031557142882334
P09417,-0.07333927266263274,0.16723336718804713,0.24944503110944385,0.6030251426898933
P53319,1.2633654534223169,0.16745857978080245,0.2497271605432428,0.6025342208341601
Q9BWW4,-0.07939881858266062,0.16748840982065238,0.24971786167058507,0.6025503925804144
Q9NWU2,-0.10848238014215283,0.16761726058265147,0.2498561705649685,0.6023099205490932
Q9BUK6,-0.19267726617884406,0.16788401848984974,0.2501999449039431,0.6017127902777553
O15318,-0.21290688679518865,0.1680341563152226,0.2503698081184853,0.6014180435051417
P17096,-0.05279848072687798,0.1683240923827115,0.2507478519057432,0.600762778784028
Q96GD4,-0.07586020236713864,0.16846572051553396,0.2509048502580247,0.6004909432292876
P60651,-0.9523727772939736,0.1685676774560703,0.2510027093991034,0.6003215905877699
P48163,-0.33327288944133926,0.16924534143368913,0.25195758849427297,0.5986725569686256
Q9UK73,-0.5978534056605014,0.1694970419404248,0.2522780564048799,0.5981205235479394
Q96G28,-0.3280128548787964,0.16955639404269032,0.25231215825308145,0.5980618214800476
Q6P4I2,-0.24192557816791194,0.16974636543432448,0.2525405746169451,0.5976688356974122
Q6YP21,-0.0753470333991828,0.16983847015813971,0.2526233227443522,0.5975265569018379
P14772,-0.13569387030446123,0.1700659235037057,0.2529073140763871,0.5970386106829457
Q9NRR4,-0.3294718110776813,0.17011225726703566,0.25292189592376096,0.5970135713387283
Q63HN8,0.2630914830452795,0.17074978350485165,0.2538152642738499,0.5954822632871697
Q9BRP1,-0.11060971321468571,0.17113823413315404,0.25433808395319996,0.5945886047776576
P01591,-0.17275300694779716,0.17175587674652057,0.2552012211572765,0.5931172518137363
Q9Y2D8,-1.32709859445551,0.17175667832195463,0.2551476594510221,0.593208411232075
Q9Y333,-0.12496807452571446,0.17189952812627599,0.25530509067917956,0.5929405254549157
P82675,-0.06600005525275421,0.17222643070644722,0.25573575084954764,0.5922085550735207
Q14318,-0.1242899189162685,0.17244899746100142,0.25601133328044035,0.5917408086248273
Q8NHP8,-0.08705355522767633,0.1726836558263636,0.2563047444676831,0.5912433544983028
Q99829,-0.07128452790515993,0.17312601779760775,0.25690624672752593,0.5902253356468043
Q01518,-0.04959471549894445,0.17313781056411257,0.2568686951673271,0.5902888203911172
Q9GZN1,-0.6665884746628628,0.17384855473346095,0.2578679076637711,0.5886027035843593
Q9BUJ2,-0.042668952181028175,0.1739505750937776,0.25796397128920884,0.5884409458310145
P0AES6,3.2787672668265095,0.1740146882032871,0.2580037903896274,0.5883739136755006
P13984,-0.05124135414176578,0.1740730297690968,0.25803503706298997,0.5883213197344488
P51148,-0.09536387267343116,0.17416807238453755,0.25812066206989254,0.5881772296142997
Q9H944,-0.4507632556659331,0.1746919615461731,0.2588416738167564,0.5869658004468374
P53999,-0.09321057515025899,0.17480794368885744,0.25895810913599676,0.5867704847315287
Q6AI08,-0.3087388790319885,0.17495009061172276,0.25911324650172585,0.5865103842524969
Q9BS18,0.301127587817529,0.17495147840986663,0.2590598880474586,0.5865998264901892
Q9NRR5,-0.08316143384988095,0.17507171926174428,0.25918250677107496,0.5863943140250927
P38646,-0.07851304584522012,0.17518946132055233,0.2593013745582523,0.586195181026708
Q06697,0.9939462410535285,0.1754905207291851,0.25969146516966823,0.5855423233419182
Q16621,-0.10653579831020465,0.1760999259597464,0.26053758276608635,0.5841296205001991
P56270,-0.10263453658235022,0.17617920856573746,0.26059919677615173,0.5840269272121625
P33339,-0.3495714674056849,0.17655008474962233,0.2610920091427563,0.5832064197830017
P47974,-0.16982338245222195,0.1769660059295978,0.2616512118420959,0.5822772494772821
Q9Y570,-0.08977573156877838,0.177030124037262,0.2616901321165675,0.58221265354706
P49407,-0.26816071077827175,0.1775149571105377,0.26235081388118736,0.581117584167909
Q8NCA5,-0.10818204604146686,0.17751980652987467,0.2623019932592514,0.5811984091496207
O94817,-0.1798910730908112,0.17765207237955136,0.26244142290505945,0.5809676162502801
Q92609,-0.1436351415209991,0.17787998764620078,0.26272206366516515,0.5805034531916149
Q9NWS0,-0.12241360338499518,0.17811620044966353,0.2630148372602837,0.5800197512877654
Q15554,-0.34318672278137186,0.1781584476468292,0.2630211282530161,0.5800093636199684
Q12959,-0.18242940365849236,0.1784045697358943,0.26332833955474994,0.5795023993445888
Q13555,-0.14478544316838438,0.17843140586713066,0.2633118188883233,0.5795296469220999
P55072,-0.028318085342824872,0.17871889309071098,0.26367986698488877,0.5789230290657429
Q02354,0.6965683377530958,0.17888742778603167,0.26387229441637905,0.5786062066489897
P08237,-0.08995414052401784,0.1791182877516562,0.2641565547161805,0.5781386083662186
A6NDU8,-0.2683596365788574,0.17947153382675463,0.2646211457019696,0.5773754545750129
Q69YN2,-0.08008957816304019,0.1795474027031713,0.2646766481406766,0.5772843738895033
P46013,-0.350532911502075,0.179789637220134,0.2649773197343993,0.5767912971414165
Q8WX92,-0.13698772325390607,0.18021381919707533,0.2655459638477441,0.5758602952313783
O15118,-0.2959815236274679,0.1805248652542671,0.26594769511075433,0.5752037692276591
Q9H5V9,-0.32293915590008737,0.1807928868819726,0.2662858857202251,0.5746518523979753
Q9Y5J6,-0.08721172766873053,0.18082025804418048,0.26626955905952904,0.5746784809066872
P06748,-0.07772496807456264,0.18115945650554827,0.2667123276301119,0.5739569104518489
P0AEG4,-1.2227332837019027,0.18182131640131746,0.2676298458254086,0.5724654560966367
Q9Y276,-0.15539114262131193,0.18182720608445005,0.2675816312282109,0.5725437030493443
Q8IZ07,-0.17636888210150303,0.18291679550037868,0.2691278988620106,0.5700412792195677
Q6PJG6,-0.11065017825402279,0.18292127709424336,0.26907731519025724,0.5701229142874118
Q6P1X5,-0.6951982562685117,0.18315659581676536,0.2693662424458971,0.5696568319169955
Q8NEZ5,0.4819002435260309,0.18393692516311,0.27045641746217325,0.56790270904409
Q9Y485,0.5085515712256665,0.1840743285057999,0.27060098738304855,0.5676706230590641
Q13601,-0.28418025715150463,0.18437713957012972,0.27098860419944343,0.5670489719940789
Q587I9,0.18356029275465957,0.1845671051422405,0.2712102368431395,0.5666939220299633
P06174,0.8821519436533833,0.1847234741580332,0.2713824177955064,0.5664182926443735
Q9NV88,-0.08356906478684323,0.1853251419473945,0.2722085877903605,0.5650981775488029
Q9Y5U9,0.7995215800574869,0.18533919693167505,0.2721714951335988,0.5651573609637771
P50148,0.3983726069454896,0.1855272468572765,0.27238987642913115,0.564809037334385
Q9NZ08,-0.22355799031952017,0.1858178373169489,0.2727586825487713,0.564221415907345
Q9UK45,-0.08922040823289024,0.18608452997535216,0.2730922606081684,0.5636906075233677
O75223,-0.06047275648479555,0.18640442347531996,0.27350375675844785,0.5630367039621462
P23588,-0.03523242029082141,0.18650201882049006,0.27358897845615954,0.5629014021715295
Q15648,-0.11159444236740157,0.18664264930654254,0.2737372810418345,0.5626660507880753
Q13868,-0.07786757602438854,0.1867527719190964,0.2738407862701871,0.5625018668926987
P38703,0.29481754497502877,0.18692928155254415,0.2740415721934821,0.5621835495711511
P38112,0.24311714799772943,0.18738469103938016,0.27465105858523886,0.561218722741869
Q13503,-1.9051016808585466,0.18746488561759075,0.27471044825739643,0.5611248224351337
Q08162,0.47811436666514595,0.1875251393902147,0.27474059778625615,0.5610771611407448
Q6VMQ6,-0.4348907995097129,0.18756432322847047,0.274739871807474,0.561078308728681
O15116,-0.12795863833230214,0.18762945257532376,0.2747771424770604,0.5610193971909405
P42936,-1.6073316745955708,0.18788631023703595,0.2750951178010651,0.5605171171016716
Q6P1X6,-1.1875375188010793,0.187895085242457,0.2750498034289159,0.5605886610933013
Q6GQQ9,-0.27040895983310875,0.18820292039018302,0.2754421942045291,0.5599695306492892
Q9BQT8,-0.08431341228687117,0.18835499059570263,0.27560649934164094,0.5597105451282403
Q9BZF1,-0.2047036695527673,0.18852010335080627,0.275789815254803,0.5594217760873272
Q9NUQ3,-0.03763750399910748,0.18857682211930532,0.27581451549515634,0.559382881620782
Q96FF9,-0.13723755510937252,0.18904624819170662,0.2764427080209877,0.5583948613519929
P53379,0.6483648528856136,0.18951892594184877,0.2770753891936995,0.5574020480613093
P57088,-0.12876367604844674,0.1898655989223412,0.27752362401061653,0.5567000419439698
P42330,-0.06596368963912624,0.19050938445000137,0.27840586279692053,0.5553216233950186
P40066,0.4359792316668418,0.19067195198850542,0.2785846371741742,0.5550428368512009
Q9Y3L3,-0.15588001828957232,0.19069889661866385,0.2785652236682761,0.5550731022396787
Q9NWA0,-0.2977905640814349,0.19102760972314958,0.2789865365372469,0.5544167546069219
Q7L4I2,-0.12456226120639258,0.1912879148642007,0.2793077862757751,0.55391695728335
Q9Y608,0.18680860765565654,0.1913060324084746,0.2792753464887789,0.5539674006987559
Q99807,0.4641104750624834,0.19130909357427586,0.27922094517459656,0.5540520071356654
A2RRP1,-0.09967161518107304,0.19144154686095943,0.2793553783909975,0.5538429628109007
P63272,-0.05523706643668902,0.191658201264505,0.279612597040757,0.5534432667530655
Q8N488,0.598509642584915,0.19181361037185812,0.27978037459758703,0.5531827526851466
P55786,-0.05768630345816561,0.19184508459848656,0.2797673474641788,0.5532029747749958
Q9BPY3,-0.24294583593688301,0.19216700819443175,0.2801777984287735,0.5525662816194263
Q9UEY8,-0.13273257267946548,0.19218682740644183,0.2801477037815165,0.5526129328576783
Q53R41,-0.2469813629594455,0.1927056391112969,0.2808448421819869,0.5515335476912426
Q96NC0,-0.2285592552153659,0.19280487274204916,0.2809303322529353,0.5514013671747421
Q16644,-0.5078921874523132,0.1929034373966975,0.28101481181037946,0.551270788571846
O43768,-0.0348379095471536,0.1931061703768422,0.28125097258924175,0.5509059670515659
Q9NRA8,-0.43654140680047604,0.19310697810749186,0.2811930002978493,0.5509954943558233
P24534,-0.08014209168661424,0.19335252481635823,0.28149135446351226,0.5505349392369652
Q9NQH7,0.9589117194222112,0.19337942591482293,0.28147133593320034,0.5505658256079529
P46669,-0.3286780243019507,0.19339624430515698,0.28143665312503297,0.5506193425326221
P46779,-0.04903803298608622,0.19366192022896508,0.28176405456300785,0.5501144118677432
P62310,-0.07986580217466965,0.19376196063478524,0.2818503813939607,0.5499813731653099
Q93008,-0.05916225848319456,0.19388728402454197,0.2819734414169142,0.5497917951886512
O95857,-0.3154734980703111,0.19423769683711797,0.2824237322343984,0.549098812062911
P43573,0.24381759640289857,0.19430638784601417,0.2824642933961373,0.5490364439901114
Q8NHH9,-0.3817419407503948,0.19480946540525806,0.28313617516079065,0.5480046390452604
Q2TBE0,0.3579083882023468,0.19501876483216243,0.28338088723985155,0.5476294443009012
Q02629,-2.2238232891514755,0.19511734539566566,0.2834646453041521,0.5475011001107579
Q13415,0.49279829442285106,0.19553941834088245,0.284018236331502,0.5466537737421415
P17483,-0.13419360009176273,0.19560093599744274,0.2840480035331992,0.5466082588688982
P54198,-0.17722809569319864,0.19568790013927295,0.2841147034104269,0.5465062902306801
O75521,-0.07160740977552749,0.19583433285672913,0.2842676982599565,0.5462724870013055
Q4VC31,-0.04440460355766973,0.19583766887779078,0.2842129573066073,0.5463561264138849
Q96E29,-0.24448836940034013,0.19630656854613787,0.2848337553674473,0.5454085441744887
Q8NCE2,-0.19593673441166715,0.19638980065668926,0.284894820814355,0.5453154458542104
P33981,-0.14749621127542056,0.19699693213460762,0.2857157013196529,0.5440658925920079
O94822,-0.04548441265073677,0.19727610901927167,0.2860606866700392,0.5435418231993637
Q08746,0.5160061328990224,0.1974837884762444,0.2863018742482236,0.5431758089012203
P62195,-0.040289498629064724,0.19761670360850173,0.28643459405176175,0.5429745314113524
Q12389,0.9385797715535951,0.19768650827180823,0.2864758022758476,0.5429120556578136
Q03390,0.6048267364515212,0.19769834288217605,0.2864330040000391,0.5429769422675134
Q86SX6,-0.11547809286363986,0.19792033898978795,0.2866946500345799,0.542580411281416
Q9HB71,-0.05281768773992468,0.19803869040652947,0.2868060849978687,0.5424116387330992
Q5TEC6,0.1881643180560424,0.19811607339665274,0.28685815395199155,0.5423328007718642
Q9C037,-0.42084339007552174,0.19859535366003953,0.2874919984825661,0.5413742381507907
Q9BXY0,-0.08234230025297862,0.1986123804975933,0.28745654735897497,0.5414277950385635
P0AGJ9,0.6502899938552105,0.19861680688159913,0.2874028779202074,0.5415088873548634
Q15007,-0.05895609208205954,0.1987765954539254,0.28757399643188036,0.5412503871233578
P54709,-0.0756263757665181,0.19890083533447284,0.28769362520490704,0.5410697612205705
Q8NC51,-0.04374198553550812,0.19963865855079777,0.2887005162501512,0.5395524395193783
Q96G74,-0.24249037276784335,0.20017412925542655,0.28941442283662006,0.5384798298089678
P17028,-0.10178473133727195,0.20031107260463815,0.2895519554727588,0.5382734977374766
O95819,-0.22319926928313194,0.20041142508312415,0.28963654921217946,0.5381466354320337
Q9NXV2,-0.10118666675106525,0.20061333177087617,0.28986784415307737,0.5377999594688897
P22670,-1.060110883834838,0.2009315540025538,0.29026707279651215,0.5372022267030605
Q9BQE3,-0.08992628338155484,0.2017299602837843,0.2913596672934757,0.5355705674740938
Q9BSH4,-0.13282855952854433,0.2018101419080996,0.29141468666771253,0.5354885645151872
Q14657,-0.10232635980529992,0.20190933040558798,0.2914971233795436,0.5353657266907477
Q5VSL9,-0.0614371294090752,0.20193711338785644,0.2914764588487634,0.5353965153644246
P43639,0.2588902792483019,0.20214935954475086,0.2917220019774604,0.535030814700495
O75688,-0.12734683161274063,0.2023998459309001,0.29202261580028177,0.5345835131511524
Q15121,-0.10261658033425647,0.20260548223582092,0.2922584081251717,0.5342329855559005
P55081,-0.04091704912473659,0.20273259416297226,0.29238085440208705,0.5340510691278397
Q9Y305,-0.08904761408429707,0.20277420706547525,0.29237996870498767,0.534052384719951
Q9UMR5,0.6450882539638485,0.2034018503872554,0.29322390424346373,0.5328006279672721
Q14146,-0.1642523353657026,0.2035077545419365,0.2933155063381283,0.5326649771180731
Q15910,-0.05366845378490126,0.20352276976029376,0.2932760994423047,0.5327233284386929
Q92879,-0.05362364387475793,0.20356286474955115,0.2932728413495406,0.5327281531740579
Q9NVU7,-0.14521979218984526,0.2039542414793316,0.2937755706267718,0.5319843214902953
Q5W111,-0.8300270123905804,0.20404339038498945,0.29384285254277603,0.5318848686350814
Q12404,0.7008703049229474,0.20421929920090398,0.2940350234283758,0.5316009363369549
Q12191,0.33154715342612917,0.204322794696067,0.2941228753587459,0.531471196996731
Q9P2T1,-0.25655794450550573,0.20436220549881307,0.2941184599612932,0.5314777167111204
Q0VDG4,-0.45712046774533377,0.20439133507734347,0.2940992527172748,0.5315060789991405
P62304,-0.10723510915245527,0.20461331304968172,0.29435748588323213,0.531124915053307
P24279,0.9356019898473207,0.20476569382147475,0.2945155097673226,0.5308918294711061
Q9BSR8,-0.5370519290680029,0.2052482660182348,0.29514828533961734,0.5299597354639811
P50101,0.19531071378070308,0.20533317480997654,0.29520907441534,0.5298702968898584
P43583,0.44175670512817433,0.20556513325623918,0.2954812087743824,0.5294701330063698
P47103,0.5127313073407045,0.20634539544958266,0.296541203423186,0.527914954319677
Q9P1Y6,-0.22490616869601965,0.2066618687833557,0.29693438046398735,0.5273395148278134
Q9UBF8,-0.21347350094977458,0.20678557624357408,0.2970504833839226,0.5271697365685619
Q9Y314,-0.04353703890448202,0.20678739205246915,0.29699147533111314,0.527256016237637
Q9NVA2,-0.031033366701887388,0.2069936370988494,0.2972260355189617,0.526913151213676
Q9NX46,-0.05965358148526079,0.20716232679092975,0.2974065831848222,0.5266494224677346
P61009,-0.11324397220103677,0.2075011236652201,0.29783121481301494,0.526029787072033
Q9NQZ5,-0.10232240540326742,0.20770102401383467,0.2980563503153971,0.5257016207643628
Q96RU2,-0.2198073980844768,0.2078420820211689,0.2981969697295013,0.5254967741507739
Q5SW79,-0.06235277262264205,0.2080094385820326,0.29837525434886963,0.5252371977723245
P33307,0.6016399093197968,0.20838538151672456,0.29885260596971847,0.5245429528022443
Q01813,-0.07590845310238592,0.20859708211002229,0.29909426310411974,0.5241919170459755
O60671,-0.23538123438061476,0.20880054052233976,0.29932400467426096,0.5238584529575594
P50623,0.34821737533299313,0.20957266237756172,0.30036868439292846,0.5223453476475075
Q14493,-0.07928633708594646,0.20974890110821529,0.30055906276351047,0.5220701722076152
O14787,-0.12477221541378469,0.2100411300385831,0.3009155357722221,0.521555389774129
P40937,-0.049169811150139964,0.21028912349866827,0.3012085004354115,0.5211327760300997
O75348,-0.07539776796244269,0.21062043123860621,0.30162065478719946,0.520538921578922
Q8IU81,-0.0590605816694314,0.21062653062084427,0.3015670177871641,0.5206161587449376
Q10469,-0.12927724999558166,0.21094203476159604,0.3019563052903227,0.5200558972555207
Q9H081,-0.2108378348740345,0.21105013506744508,0.30204860173769943,0.5199231703930711
P61019,-0.08732770944668289,0.21126658273391571,0.3022958914754355,0.5195677553086944
Q96AT1,-0.12902245551551772,0.21127170550464205,0.3022407621723433,0.519646964243491
P62851,-0.3793621762384305,0.21131135275964266,0.30223503542816893,0.5196551931697909
P0AC69,-1.9588428127205795,0.21144491572121515,0.3023636093460747,0.5194704790809072
P38789,1.2882063673630597,0.21152560515455246,0.30241653728889556,0.5193944636439185
O75818,-0.2046104788751144,0.21176442887044128,0.3026954800782278,0.5189940639847552
Q9Y3C4,-0.16185204560868272,0.21198787684828896,0.3029523342203411,0.5186256969548476
P35520,-0.034953795961090606,0.2120511134238774,0.30298017114051323,0.5185857934318464
P40855,-0.0773408941411482,0.21250583566559825,0.30356723873501185,0.5177450997209858
Q9UBD5,-0.06864576467556915,0.21292025066489617,0.3040964966179334,0.5169885831714344
Q03426,-0.17498132058294757,0.2130391547451278,0.304203569283412,0.5168356945861229
Q9HC52,-0.2514777548107894,0.21317705203809353,0.30433771305397106,0.5166442272133415
P17883,0.7128024603136218,0.2134794318211017,0.30470657306314336,0.5161181771712803
Q07021,-0.09393248200689541,0.21387734928198313,0.3052116171534318,0.5153989400172501
Q08826,1.008225523431129,0.21397281219804098,0.3052849271912705,0.5152946375593593
P20448,-0.7422559097586472,0.2145713589320633,0.3060758321478381,0.5141709610893852
O94830,-0.7667466197369315,0.21462014220055126,0.30608236139992107,0.5141616967581042
Q99797,-0.17955768106730474,0.21464563186598737,0.3060556744316508,0.5141995640441979
P49207,-0.14967361376972477,0.21480833606141184,0.3062246075538842,0.5139599132606698
P42934,0.8425031268874648,0.2148559183967085,0.30622939048555164,0.513953130054626
Q04864,-0.48743924235652614,0.21503364647087025,0.30641962711757675,0.5136834202539869
Q9HD23,0.4645768784968247,0.21528666144035205,0.30671704605205713,0.5132620870738277
Q8NE86,-0.26982036629517125,0.21563056201277284,0.3071437999128655,0.5126582470408433
Q9Y5R8,-0.1579878592524686,0.215826019245313,0.3073589792790101,0.5123540947462726
Q9BWU0,-0.044273061199902486,0.21638995202071315,0.308098710218264,0.5113101197494769
Q86VM9,-0.03794016317968385,0.21645496924991478,0.30812792086480467,0.5112689465123105
Q9HAW4,0.23762975211679205,0.21684899601075866,0.30862537479516816,0.5105683696517503
Q9BUR4,-0.368267711308377,0.21692877976345362,0.30867547700003145,0.5104978720618383
Q15058,-0.22971486843417566,0.21733672549711106,0.30919241572673045,0.5097711675623391
Q96F44,-0.3577947589126431,0.21749591777251853,0.309355327579482,0.5095424003537016
A6NED2,0.29100663437281327,0.21767719643931266,0.30954958064198,0.5092697800051302
P55201,-0.6800258227931515,0.21771631295068825,0.3095416326222927,0.5092809311279971
Q6UX04,-0.13691714396913923,0.21815736873202282,0.31010503409988216,0.5084911835722365
Q8ND76,-0.28529465195230586,0.21817973466356766,0.3100731697065974,0.5085358111650801
P40926,-0.08190379023466221,0.21845622306799956,0.3104023986297617,0.5080749313969525
P32380,0.8273637470525799,0.21877780290762514,0.3107955493090678,0.5075252090614464
P60891,-0.033604854549984964,0.21896422540754526,0.31099657368653194,0.5072443956587875
P09234,-0.05789224198312937,0.2190346995367669,0.3110328670206264,0.507193716402426
Q9C0E2,-0.11468652646682997,0.21908963098301096,0.31104707913191876,0.5071738725172479
Q8WUW1,-0.0952583505804192,0.21939372438666174,0.3114149544184596,0.5066605360663061
Q13614,-0.34137716918462857,0.21976381395510713,0.31187633691845906,0.5060175753409435
Q96ME1,-0.3410335782798697,0.22008069938540362,0.31226204150502757,0.505480805288961
Q9UKD2,-0.05709307013320952,0.22026414523078333,0.312458295754547,0.5052079403433629
Q9HD42,0.08132315579176463,0.2204501320964873,0.3126580734608927,0.5049303524806873
P15374,-0.07193963928398261,0.22070326898335557,0.31295298677877414,0.5045208992461686
Q12284,-0.18119280711456653,0.22074563324944124,0.3129489690047361,0.5045264748705237
Q9NWH9,-0.04957083283253283,0.22089223177997963,0.3130926945434143,0.5043270657478165
Q9BW66,-0.724828404162114,0.22099487938528606,0.31317407795000424,0.5042141925565446
P63220,-0.08257268763475523,0.22142363655057545,0.313717466641331,0.5034613007004939
Q9BVM2,-0.6094772302239093,0.22144245385325564,0.3136799407692189,0.5035132527137277
Q86U70,-0.14588062812571323,0.22180316218548224,0.3141266301845529,0.5028952445885638
Q13542,-0.09191009235889425,0.2219517220296233,0.31427274505789604,0.5026932810384377
Q6PK04,-0.5552235031243882,0.2220215670795812,0.31430736668554904,0.5026454399388594
Q9HBI1,-0.15533350918539668,0.22228117877523454,0.3146105645624947,0.5022266979423569
Q9NQC3,-0.05900444449260789,0.22230589096819153,0.3145812362689062,0.5022671851707712
Q9P0W2,-0.33369142338948166,0.2223656169743327,0.3146014572804004,0.5022392699919098
O43399,-0.05403752783275806,0.22280069743448777,0.3151526106305196,0.5014790909571097
Q8TDD1,0.12045184123802954,0.22298561810743742,0.31534975894115536,0.5012074966527957
Q9GZR7,0.20899890799664078,0.2230268426024235,0.31534365084320615,0.5012159087059207
Q9BU89,-0.07993231242643972,0.223272163794832,0.3156260641313632,0.5008271403135802
Q9BQ15,-0.17505343239119497,0.2234230007953443,0.315774822924467,0.5006224997262786
O00161,0.03742686206613399,0.22412460973571036,0.3167017954714405,0.49934947448369693
Q6JBY9,-0.06547738734852615,0.22429037471603397,0.3168713639122259,0.499117006807926
Q9NPH2,-0.07553643489212192,0.22473914194397318,0.3174405995144982,0.49833752932180586
Q8IWA4,-0.363174160155161,0.22552807914215428,0.31848998979813914,0.4969042130735275
Q96HR8,-0.15621428457943054,0.22567457473844613,0.3186318832563216,0.4967107695597137
P17544,-0.5699422861478922,0.22573135966117855,0.31864708140550463,0.49669005501336083
P61225,-0.2776601169212114,0.22595055891383567,0.31889149407244155,0.4963570647227621
Q9NZ52,-0.309485992001413,0.22613349464025392,0.31908463763788836,0.4960941044548709
P53224,0.3063551731496865,0.2264545288943977,0.3194725260930745,0.4955664842323781
Q9BTE1,0.23142480137759236,0.22704962665759318,0.32024681502896213,0.49451518077835815
O75376,-0.12694731644761248,0.22711994903716473,0.32028075909029097,0.4944691508519726
Q9HB90,-0.11747330051396787,0.22727538075308135,0.32043468465370295,0.49426048091978214
P03928,0.17713605581973724,0.22729868580085,0.3204023005873545,0.4943043742082551
Q15599,0.2697198501030975,0.2276682466670499,0.32085791571802436,0.4936872419883356
Q6P1K2,0.14934859388417365,0.228028569099865,0.32130032813338727,0.49308883091768
P00505,-0.030852784545473355,0.22817225348574377,0.32143737195021155,0.49290363134304815
P40498,1.4744078939802563,0.22824250767291684,0.3214709363562401,0.49285828479471006
Q9H6R0,-0.29105082817536143,0.22845043203774285,0.3216983509109887,0.4925511653712457
P54105,-0.07081157883071043,0.22849563948243753,0.3216965855584379,0.49255354861310224
Q9NRN7,-0.06212687350385693,0.22856147680563124,0.32172385960605626,0.49251672986270056
P30626,-0.03283400434634842,0.22873515333302755,0.32190288651989485,0.4922751289557606
Q9NQT4,-0.05749024562827998,0.22884957174741122,0.32199846266593685,0.4921462017740271
O00461,0.2022887299286893,0.22892838571056406,0.3220439135838979,0.4920849043078087
A0A024R1R8,-0.06845602887582913,0.229006148399719,0.3220878674628589,0.4920256340538566
Q7Z4H7,-0.44676833372466973,0.23004511818359066,0.3234834277626283,0.49014796357518586
O75608,-0.05523039171863786,0.23046117077060543,0.3240026693229791,0.4894514118073853
Q9P2R6,0.1076593562251027,0.23162138189510992,0.32556769148228604,0.4873586999350463
P61764,-0.1966939633972622,0.2318749913479755,0.3258580150382347,0.48697159231739806
P04693,0.5097449594579722,0.2318903848889548,0.32581351967758176,0.48703089854331855
P33363,-0.23187616856465354,0.2319074394170783,0.32577137563884156,0.4870870782479958
Q01581,-0.03642416335802068,0.23220650111119273,0.3261253171792897,0.4866154855102791
O75381,-0.04660542789943278,0.2322106735834842,0.32606503830704614,0.48669576508339785
Q96EY4,-0.14396269931093642,0.23226980269642558,0.3260819371188262,0.48667325770090586
Q8NBQ5,-1.330901450209229,0.23281304824845123,0.32677833895647196,0.4857467391147075
Q9UKJ3,-0.21075603811130605,0.23303423411422908,0.3270225044602599,0.48542235979655973
Q6ZRS2,-0.23886960159416049,0.23362085432477986,0.32777928983683396,0.4844184900386168
P31146,-0.083262708168796,0.2337018748817996,0.3278265359970787,0.4843558952723338
Q0VGL1,0.4558550207327947,0.2343980413123779,0.3287364873499908,0.48315208972635115
Q8IWJ2,-0.13900632351720787,0.23439914901526945,0.32867146775652606,0.48323799574720183
Q659C4,-0.19136391442324197,0.23448153986719858,0.32872042560042175,0.4831733094567138
Q9Y4E8,-0.048419688997654475,0.23462334262571846,0.32885263650616897,0.4829986719269974
P60002,-0.11373486828286516,0.2347432630453139,0.328954129391976,0.48286465749329666
Q969G6,-1.0511811248846357,0.234901668634095,0.3291095009353448,0.4826595800446307
P00572,1.2219266059019063,0.23506513186835298,0.3292718942052349,0.4824453379564967
Q9BVC5,-0.17343809054085568,0.23512681304342897,0.3292916774904333,0.48241924549718845
Q96NW4,0.15057883838439068,0.2351625121929151,0.32927507268427586,0.48244114570908614
O95059,-1.4774779979514925,0.23519221818726388,0.32925008466005157,0.482474104696054
Q02979,0.7163395345249093,0.23533087236463027,0.3293775945527997,0.48230594643229374
Q7Z2E3,0.24779083009916292,0.23537431848709228,0.3293718232022286,0.4823135562020747
Q03834,-0.13289863946513947,0.23561807838243323,0.32964630727823147,0.4819517848912167
P20962,0.7344261076392691,0.23570161961049102,0.32969656852182627,0.48188557296540313
P37837,-0.035309656387127575,0.23570171699608344,0.32963011280163235,0.48197312092451483
Q96RN5,-0.07813236438714455,0.23600948037593256,0.3299938695724873,0.4814941281086903
Q9BRA2,-0.04664720944979095,0.2360198076112269,0.3299416813850464,0.4815628167612124
Q9BW71,0.20478671176648433,0.23609966493018822,0.3299866935762259,0.4815035723128157
P56377,0.1321734219985018,0.23654798624289197,0.3305465704835084,0.48076734441078994
P00846,0.12510286786497815,0.23662700258665242,0.3305902675363159,0.4807099360564341
P24539,-0.036459255144503544,0.2369126242106536,0.3309225358149214,0.480273656391659
P30291,-0.27876150225202423,0.23699240022976584,0.33096720032087507,0.48021504376347324
Q9BV29,-0.25754338491955053,0.2371047307818567,0.3310573010553692,0.4800968298545727
Q15714,0.28311530740990065,0.23719003193265803,0.33110963328663795,0.4800281837228065
Q9Y289,-0.13114612254159752,0.23744008905624508,0.33139189208333825,0.4796581213437827
Q9H4B7,-2.161305241987673,0.23777968462971033,0.3317989795195716,0.47912495402504107
Q6PJI9,-0.6533841702319805,0.23790484101893386,0.3319067336721938,0.47898393660311145
Q12904,-0.05813758292104154,0.2379442348011217,0.33189481904975154,0.47899952696972015
P00156,1.3065452551891106,0.23855039009375367,0.33267329325461237,0.4779820625447688
Q96KP1,-0.08594582172676724,0.23899951645021178,0.33323251145816885,0.47725263374160043
P16703,-1.0398948654674598,0.2397856029708534,0.3342612270928506,0.47591399683310687
P38266,0.9807337474441127,0.23988117875974518,0.33432715010718106,0.4758283537007305
Q02767,-0.617123584415264,0.23991748852102132,0.3343104629743513,0.4758500310026545
P13716,-0.16159128131416978,0.2400526880672488,0.33443155174600214,0.47569275604530004
Q6P996,-0.12094201282000938,0.24011308558169242,0.3344484016430574,0.4756708752361169
O60244,-0.16365083993787977,0.24011660046311908,0.33438603008983037,0.47575187471876185
Q9NXU5,-0.12175835875505925,0.24015925940901153,0.3343781846265827,0.4757620643829862
P27144,-0.08059893062780787,0.2403191960746305,0.3345335974307884,0.4755602592232967
Q5MNZ6,-0.2566963398493094,0.24045881838649844,0.3346606750770081,0.475395317222275
P20333,-0.15824469066101798,0.24056580992326412,0.3347422966054423,0.47528940858105684
Q8IY57,-0.2453360510697422,0.24059752047812083,0.3347191544686575,0.47531943421522277
P05066,0.7759898515607766,0.24073122336708236,0.33483788481190807,0.4751654101950913
Q8TF46,-0.2754190400638521,0.24080718226883893,0.33487626632445083,0.47511563110920996
P22061,-0.05854771728703767,0.24103571287998954,0.3351267622451903,0.47479088929000496
Q32MZ4,-0.0499153686027789,0.24118150802435287,0.3352621484763339,0.4746154762037491
O14841,-0.0505113061716429,0.24137017841088895,0.33545706851003515,0.47436305255078637
Q02931,0.37181970572198964,0.24149270190772668,0.33555999759363825,0.4742298173898795
Q9UMS0,-0.12818796580100766,0.24152720060435887,0.33554059730830277,0.47425492670116576
P04004,0.2027051211409585,0.24171894347008033,0.3357396117526251,0.4739974161225613
Q9NPA8,-0.053392345496217075,0.2423539167858719,0.33655405531997135,0.47294517202901504
P22352,1.1133273087115825,0.24239170242090846,0.336539030993056,0.47296456008219045
P26368,-0.06485083883793408,0.24239412018433826,0.3364749174331111,0.47304730477254525
Q9BVV7,-0.15909602419804614,0.24256946863435194,0.3366508319952401,0.47282030788400475
Q9UJU6,-0.04853480677612154,0.2426289931094683,0.336665961581154,0.47280079048672696
Q3E7Z5,1.2708619769370593,0.24279522846486085,0.3368291248027843,0.4725903631514056
Q96CW5,-0.2151838552379779,0.24330553212353248,0.33746945200788037,0.47176553372141317
Q8TAC1,-0.11057413556831719,0.2433380456633928,0.33744695136657954,0.471794491098389
P52594,-0.06392262131988602,0.24367906592938898,0.3378521931307748,0.4712732575544504
P15170,-0.026459808364606374,0.2437711564748613,0.337912209696084,0.4711961156893386
Q8N8A6,-0.08267271094459261,0.24458264797027973,0.3389692262902756,0.46983972792958556
Q06833,1.296361115066933,0.24474863803109864,0.3391313927811341,0.4696320065045011
Q7Z7L9,0.20592604378567714,0.2459800272254514,0.34076944948159776,0.46753934734515157
P0AEU0,-1.380377837364179,0.2461010607122065,0.3408689226587953,0.46741259200382507
Q9NQX3,-0.3105995775124626,0.24684501403782555,0.34183097543958085,0.4661885856967324
P19623,-0.08632459194069497,0.24693389437865434,0.3418856797996006,0.46611908965166376
O15525,-0.14218486162204158,0.2471762061659096,0.34215274919887206,0.46577996609554384
Q14257,-0.06292132044668719,0.24758302054718379,0.3426473784266841,0.4651525865933556
P62699,-0.3373626547191577,0.24759078514562793,0.3425896475516243,0.46522576477720357
P37802,-0.03843969006303638,0.24770230253073905,0.34267547307149593,0.46511697899850313
P24521,-0.1878767049375405,0.24772863306413542,0.34264343894048616,0.46515757979353856
P62841,-0.11842967449718955,0.247747214676292,0.3426007019010677,0.4652117516114649
P24182,-1.185226320261627,0.24781630727204373,0.3426278178018432,0.4651773797610641
Q9ULL0,0.14050233254582878,0.24813862361749534,0.3430049570627945,0.46469960354480433
Q96B54,0.09436521145855892,0.24843888642606402,0.3433514669888358,0.4642610927177288
Q9Y3B8,-0.0400893562351996,0.24846668925025542,0.34332136427235455,0.4642991703671458
Q9H0U6,-0.10971540528747781,0.24869613253224823,0.3435698367225233,0.46398497149965784
P61956,-0.09871081419860062,0.24875599509355545,0.3435839836480706,0.4639670892394715
P11177,-0.07381091991816291,0.24896475902980067,0.3438037478105983,0.46368939337150716
Q8WVK2,-0.12335463622220288,0.24935344886036964,0.3442718404604585,0.46309849873818554
O15258,-0.19612120624615414,0.25018133864590036,0.34534601052316866,0.46174555664865846
Q12287,0.6892806911635034,0.2507142117455432,0.34601259759341063,0.46090808916760695
Q9HD15,-0.08905228430437262,0.25077239094967396,0.3460239208719694,0.46089387709276886
Q8NAB2,-0.9529775417075044,0.25116447323488583,0.3464958781985155,0.46030192724636565
O95983,-0.04800314004153705,0.25119412942394004,0.3464677593887173,0.460337172512574
Q14644,-0.3727347946389514,0.25145334137816144,0.3467562110540509,0.459975751156356
P38080,0.40719585835183736,0.2517701131947249,0.34712390755879635,0.4595154740171505
Q96DV4,-0.0841219607651773,0.2517985690137452,0.3470940258513183,0.45955286129872597
Q96HA7,0.06660329396079945,0.2518055273898979,0.34703452859228767,0.4596273124394642
Q9UHC7,0.1830663964949828,0.25236257039911536,0.34773302237681086,0.45875406469482227
Q96PU8,-0.05476472408864197,0.25247654335373093,0.3478208488223703,0.4586443893915748
Q9P275,-0.14334001716252942,0.2526196957867801,0.3479488310379283,0.45848461821374303
Q6NT76,-0.3459541245177711,0.25287339837109335,0.34822899966615956,0.45813506472196086
P53629,0.4889445770091072,0.2529061961733627,0.3482049119714383,0.4581651067768596
P63261,-0.33555872131960385,0.253093504764719,0.34839352425266684,0.45792992601647065
Q9Y5Y2,-0.10433255779524586,0.25323230925368434,0.34851530695140337,0.4577781427351495
P83916,-0.046634986266333556,0.25342150837529076,0.348706383940881,0.45754010170656323
Q86X76,-0.2062589697964654,0.25354378553205104,0.34880531909873264,0.45741690092520826
O43665,-0.18413221441833727,0.25371336796592814,0.3489692808494411,0.4572128015358302
Q5C9Z4,-0.09202491948157032,0.2537767548218529,0.3489871400966255,0.457190576158222
O43772,0.16138655148168013,0.25399741968703615,0.34922123389853815,0.4568993575077033
Q9Y3P9,-0.2341206656093462,0.2541433683798803,0.3493525278265418,0.45673610995322894
P23833,0.6387327935471951,0.2542229066483472,0.3493924981407614,0.45668642405557147
Q14061,-0.06891254261157087,0.2549378207928878,0.35030551124627013,0.4555530300102685
Q15758,-0.0486675717107623,0.25535752063628225,0.3508125938265116,0.4549248242820938
Q8NDV7,-1.030272431977746,0.2558709872052011,0.3514482672899846,0.4541385935004459
P38716,0.7905441470393662,0.25595308213554013,0.35149130121112254,0.45408541853250917
O00244,-0.04692702315396602,0.256099893055451,0.351623172618668,0.4539225118439941
O94788,0.027664027425103654,0.2564105000998067,0.351979837964128,0.4534822129755778
Q9Y4P1,-0.11906731912458568,0.25650407942818465,0.35203850266813685,0.45340983486886655
O75449,-0.15619784565659955,0.25683837912839347,0.3524274548325399,0.45293026649770385
Q9H089,-0.07764652121939264,0.2569230547639962,0.35247379258686534,0.4528731684825989
P31749,-0.18037106424867844,0.257404811477666,0.35306476122649744,0.4521456264431014
Q9NXF7,-0.12586577979221758,0.25779720841308007,0.3535329512878127,0.4515701012573649
P53960,0.7682565343076071,0.25845038305148926,0.35435850539574487,0.45055713873960934
O43182,-0.14089820985476464,0.25850967629114263,0.3543696295070029,0.4505435054720758
Q9H9P8,-0.1698324675356453,0.2585781334762996,0.3543933088261873,0.45051448646697656
Q8N2C7,-0.14052789494298779,0.2588950208900151,0.35475739652532445,0.4500685409398435
Q9Y6J0,-0.17854073353196043,0.2591995766383132,0.355104445715014,0.4496438905330433
Q96F63,0.8558318311850321,0.25928666569137426,0.3551534863001138,0.4495839177975849
Q14202,-0.09212485364017553,0.25935396652830006,0.35517540827570204,0.44955711164312284
Q8WUI4,0.09431183131147947,0.25960402139534977,0.35544754679481944,0.44922447881132255
Q9Y2X9,-1.0671024663098372,0.25971508597411275,0.35552931104878543,0.4491245887401362
Q6PJ69,-0.1502284982376203,0.2599310259566492,0.3557545806925952,0.448849499236061
O60232,-0.05444680222025511,0.25995815912257386,0.3557214019297829,0.44889000475969953
Q03014,-0.9573897320584024,0.2602575258939982,0.3560606815431819,0.448475981202484
P60520,-0.042039283837247865,0.2607197151428208,0.3566225420088682,0.447791208663052
Q8WWZ3,-0.18849236623643506,0.2610152469532971,0.3569562650414041,0.44738499121194764
O14957,-0.3176720264767674,0.26139729360472735,0.3574081478908239,0.4468355510366173
Q15637,-0.05825440158526263,0.26222138360782543,0.3584641382232149,0.4455542858840622
P0C0S5,-0.10335007991980305,0.26235863413250315,0.3585809677720987,0.4454127649994533
Q6DN90,-0.28232995038750985,0.262519845648141,0.35873049363878595,0.44523170485128016
Q86U90,-0.06874283978729778,0.26259691513095595,0.3587650040186936,0.4451899271185341
Q7Z7K6,-0.05742010387717045,0.26274160128787294,0.35889186177100657,0.4450363896133104
P61619,0.48159795667113414,0.2631530950700141,0.3593830434447293,0.44444241780053495
Q96FJ2,0.16616164565999014,0.26361409026831406,0.35994162118276607,0.4437679316052672
Q92851,1.0182958027999547,0.26369672087545226,0.3599834572834447,0.44371745638712856
Q6GMV3,-0.0550686135377596,0.2639031309313367,0.3601942201002514,0.4434632604190579
Q9Y4P8,1.0749835578936562,0.26390680743102446,0.36012824884753913,0.4435428107658329
O75718,-0.19176452135505428,0.26472497509792936,0.36117354237991384,0.4422840712579218
P42224,-0.05735294263221746,0.26507752653010763,0.361583292690005,0.4417916447347509
Q9H074,-0.036017212601009874,0.2650930754936759,0.36153327845542876,0.44185172054270344
Q9NX40,-0.048155519992896245,0.2660478945973857,0.3627640059457067,0.4403758109026063
Q96LT9,-0.6802501083461934,0.26623874333567316,0.3629527581918096,0.44014989890820666
Q9NRW3,-0.131737488931023,0.26624740284843146,0.36289311364616916,0.4402212730059609
O95989,-0.04363065283264689,0.2662995526301762,0.36289275780581376,0.44022169886022144
P38792,0.246725571370618,0.26651788435468454,0.3631188176449893,0.43995124437374655
P53326,0.5032844618409236,0.2667247370343588,0.363329151923254,0.43969975487199364
Q13724,-0.1977851268248756,0.2669602141668245,0.3635783876654392,0.4394019406222556
Q9H814,-0.09992635036105924,0.26727557558500187,0.3639362999706102,0.43897462457125885
Q9UIV1,0.22091352509236373,0.2675818328303357,0.3642816772546686,0.4385626724783995
P00579,-2.608913734935996,0.26780609658620264,0.3645153160532469,0.43828421895735364
Q06839,0.6437159251617182,0.26809707576924763,0.364839652638811,0.43789796643362777
Q9Y6A4,-0.08041598811939465,0.2682031822930589,0.3649123274115032,0.4378114651188771
P52758,-0.1620756856024066,0.26868801382291924,0.36550015868563707,0.43711243015268275
Q96Q89,0.37240726500589716,0.2691790457307574,0.3660961918365281,0.4364047886628115
P20020,-0.1580006553580091,0.26928705049608714,0.36617115821581053,0.4363158662631933
Q9NVC6,-0.1555767519441389,0.2697249856344952,0.36669463980625266,0.4356954383338627
O14618,-0.23756720153693678,0.26985982961599486,0.3668059403732133,0.4355636396039344
Q9GZN8,-0.1315871162308433,0.2699421868643873,0.3668458688614363,0.435516367255104
Q12091,0.4084457132314192,0.27002717320275205,0.36688935385711446,0.43546489011973966
P14635,-0.13854719876779953,0.2701534134522487,0.3669888630063508,0.4353471150620147
O75844,-0.5173601506336212,0.2704777025238255,0.3673573190025437,0.434911303115771
P52747,-0.14748947612894625,0.2705065542767911,0.36732445220876675,0.4349501603945114
Q8IXK0,-0.05213226778083069,0.27167863608487075,0.3688437012258128,0.43315762862482216
P02751,-0.2572414378219854,0.272153534763724,0.3694160115083366,0.43248428496773494
Q9Y5J7,-0.0357082190678355,0.27233913676085864,0.36959548861861724,0.4322733385341764
Q96RQ3,-0.1405779575099011,0.2723799252621956,0.3695784053528204,0.4322934127498117
Q9UKI8,-0.16891653912339066,0.27258793615706917,0.369788179849441,0.4320469750270519
Q9ULZ3,-0.10164667115285653,0.27265340880141975,0.369804545061906,0.43202775547220645
Q96S94,-0.1864089169352212,0.2727406065587047,0.3698503642405937,0.4319739492546188
Q8NDD1,-0.13206900210164818,0.2735390393991376,0.37086044816910685,0.4307894811977703
Q9NWK9,-0.18007267245430825,0.2736999375349046,0.3710059450845105,0.43061913109462896
P07686,-0.05667056225804856,0.27384348612324466,0.3711278719744267,0.43047642859342106
Q2VPK5,-0.060839400798560206,0.2739012747122188,0.3711335471834448,0.43046978750472464
Q03692,0.6742566158551249,0.274040711474272,0.37124983100134207,0.4303337353722432
Q9Y5S1,0.30867284841778897,0.27421292631680216,0.3714104659267485,0.43014586249663245
P63167,-0.025464328080982312,0.27478729461348483,0.3721156322909777,0.4293220852187013
Q9BYE7,-0.12264945338842281,0.27495447961025987,0.37226922503352355,0.42914286480378194
Q12200,-0.07820265380090063,0.2751018072973006,0.3723958775613899,0.4289951353229451
P49590,0.5904281813333263,0.2752006242921074,0.3724568261529616,0.4289240618424397
P40345,-0.31262572359016616,0.27536721361910593,0.3726094561459233,0.4287461277009592
Q8TC12,0.31290621470811075,0.27568981451503066,0.37297309021142483,0.4283225011518328
Q12344,0.36248580523689355,0.2760718112707403,0.37341692151564876,0.4278060057378785
Q5J8M3,-0.26911834412636537,0.27634894126023024,0.3737187635323895,0.427455096707478
Q9HBU6,-0.21486506033119923,0.2767158920477956,0.37414193254031186,0.4269636148429219
Q92692,-1.8696059862671959,0.2767184112300212,0.3740722919478069,0.4270444594035807
Q14028,-0.7929787744242027,0.2768736782130345,0.3742091251116632,0.42688562641023964
Q9NZJ7,-0.3927724361001168,0.2771522592090138,0.3745125376196744,0.426533638771196
Q04603,0.33420331033648054,0.27758929951428596,0.3750299141145202,0.4259340895610251
Q49B96,-0.1726888628641774,0.2779218298355832,0.37540592075333173,0.4254988821402894
Q9Y375,-0.8562570369484277,0.27851476113053264,0.3761334515443355,0.42465804074649544
Q16637,0.217698151615906,0.278605108789674,0.3761820930693648,0.4246018814763799
P21560,-0.18104613739889786,0.2788493434225489,0.37643845854118324,0.42430601362151155
Q96FZ2,-0.21794250066476195,0.27942072963815834,0.37713628304378327,0.4235016835379293
Q9UPW6,-0.08629230604146798,0.279438999989169,0.37708743635256403,0.42355793700209343
Q70CQ2,-0.13337194967405708,0.27978484135364423,0.3774805614833657,0.4231054076317999
P05141,-0.04768167004053936,0.2799719370992113,0.3776593984950203,0.42289970290713946
Q99369,1.5733071467633586,0.2801009473191024,0.37775982844516265,0.42278422749463695
Q9Y232,-0.11229170492610407,0.2802136876357016,0.3778382810495809,0.42269404322105536
P17535,0.3069396493251091,0.2804239678760314,0.3780481996833414,0.4224528257658995
P62714,0.23609151486765612,0.28042527851767873,0.37797637306918586,0.4225353466346639
O94762,-0.3153557382177503,0.2804297983223764,0.3779088991016221,0.42261288107789685
O43708,-0.42954158909181217,0.28125302965792076,0.37894453733244665,0.4214243491166011
P37637,-0.7972797379291201,0.2813044300028166,0.37894005317889146,0.42142948827147886
P38929,0.6694434975349921,0.281428807263742,0.3790338575168546,0.4213219945807618
Q8TD19,-0.0889547955497676,0.28187793046014215,0.3795649145285928,0.42071393884445246
Q9BZV1,-0.20909554056819957,0.28188599597536707,0.37950197086008974,0.4207859643496892
Q96SU4,-0.09903245440036201,0.2823165638768225,0.38000775433186607,0.42020754120113657
O75674,-0.1577253445519844,0.28270825469906397,0.3804610214842214,0.41968983040835406
O75817,-0.10319382397732113,0.28274175545395097,0.3804321637705318,0.4197227726033024
P28319,0.42192359528037215,0.28320171825707136,0.3809770151956406,0.4191012250456751
Q03774,0.7080342397366586,0.2833247949031112,0.38106854699089776,0.4189968959720276
P54277,-0.14200379309728817,0.2835307409480699,0.38127147996201904,0.4187656797994013
P67775,-0.07950523460207748,0.2835797182204769,0.381263294943414,0.418775003199544
Q13885,-0.0816323539653041,0.2839347799542794,0.381666553368944,0.41831589696406063
O95273,-0.6507492531269605,0.2852927850969631,0.383417555126431,0.4163280064292725
P40485,0.7169599659273622,0.2853221614081768,0.38338262091795383,0.4163675779746523
Q8NDC0,-0.1565509564398475,0.2853558651382813,0.3833535138179006,0.4164005516467429
Q5JS54,-0.09047228552530129,0.28554378427779314,0.3835315542850513,0.41619889954255085
Q765P7,-0.20335069958184349,0.28564818946094533,0.3835973746756372,0.41612437378444384
Q96EU6,-0.12099501981388627,0.28629310410526587,0.3843888797411016,0.4152291848352659
Q96A26,0.11128969984514114,0.28640507271853016,0.3844646614003689,0.415143572804379
P49459,-0.06365247069189905,0.28660396857062304,0.38465708051618414,0.4149262689436235
P41240,-0.034268077949391795,0.28664268158070544,0.3846344820280629,0.4149517843637089
Q9H2V7,-0.3893278988698725,0.2866765512654289,0.3846053944897945,0.41498462862400726
P07910,-0.097663164048992,0.28709272451145496,0.3850891174965738,0.4144387542361817
Q9H1C7,-0.5869017937793579,0.28717122816741214,0.38511981092991704,0.4144041402808075
Q2NL82,-0.06028937470524198,0.28770315504135546,0.38575845187961755,0.4136845498676184
P10176,-0.26695276610169216,0.2881300844839173,0.38625609002258343,0.4131246600788189
Q92769,-0.06077037601400548,0.2882088373970869,0.38628687381676924,0.41309004910550146
Q99523,-0.06597520383266087,0.2882177901048958,0.3862241104482869,0.4131606184183338
P12081,-0.02589708071717922,0.28824876783818404,0.3861908801299509,0.41319798626869964
P43007,-0.3373084824682735,0.2892424472887134,0.3874472248069359,0.4117874455087752
P61981,-0.070473807472478,0.28948900930753485,0.38770249525055533,0.4115014038675388
P62910,-0.05609577289797585,0.2898445958049295,0.3881036513930249,0.4110522712708529
O43683,0.14713942491086485,0.2900690025516329,0.3883290358985898,0.4108001354413733
P05204,-0.2617620951170494,0.29019319091564844,0.38842019213221535,0.410698201257192
P61224,-0.14880965491261122,0.29056931722114854,0.38884846394264255,0.41021961228697645
P27348,-0.04383069696569564,0.2907291363309634,0.3889871574793412,0.4100647367923517
O60568,-0.12415078143563463,0.29076985793397375,0.3889664791991565,0.41008782419128703
Q9H446,0.19044630677798935,0.29121307783322287,0.38948413191370196,0.40951023134879394
Q99316,0.39174171927747636,0.2915927404393866,0.3899165961379515,0.40902827941129305
P16152,-0.05739717052810889,0.2918940299958422,0.39024411347580834,0.40866363920534043
Q9BUL8,-0.0477564828922965,0.29285898145311284,0.39145860764118795,0.4073141529506017
Q13439,-0.22268787419265834,0.2931053801529819,0.39171234359761564,0.4070327427950838
Q8WVB6,-0.2527096233848738,0.2935611906404666,0.39224579004141075,0.40644170898155135
Q15424,-0.04718259154462601,0.29359363567426816,0.3922134542559585,0.4064775126343223
P0AG16,0.49558184007530315,0.29397665116812655,0.39264936973150233,0.4059950953270293
O15173,0.07529963615812818,0.2942406352767308,0.39292616367523314,0.40568905196837274
Q15649,0.24028036683741405,0.2947768793759843,0.3935663541842104,0.40498203629942
O95999,-0.3382568561114887,0.29484041221324697,0.3935752870955315,0.40497217907959876
Q01130,-0.048179904442353205,0.2951117191266561,0.39386151565785793,0.4046564521787945
Q16385,-0.04824428387890123,0.2951701099618929,0.39386352695628185,0.40465423441051307
Q9H7B4,-0.9018774402341485,0.2954027100633623,0.3940979507666128,0.40439582337612756
Q02978,-0.06455109183988839,0.29541527148528546,0.3940387863155686,0.404461027276549
P40818,-0.10240635363329176,0.29561863072819655,0.3942340907476951,0.40424582352828514
Q86X10,-0.3176406917231134,0.2959672593987045,0.39462301253160603,0.40381759236290016
Q13322,-0.0939100395453103,0.29607738898714137,0.394693847005577,0.4037396438916747
Q96B23,-0.2706995389427185,0.29641669800685577,0.3950701091433049,0.4033258276336509
Q9NYP9,-0.05488532074854646,0.297548963535782,0.3965028913629242,0.40175364138954317
P55854,-0.14852502530567335,0.2975574428177197,0.3964378937983242,0.40182483985539186
Q8NBX0,0.07105264898698849,0.2977046421100068,0.39655770334160967,0.4016936093060375
Q8TDX7,-0.3335689502969821,0.29775035406175226,0.39654230650578437,0.401710471645605
Q9NUN5,-0.11260450501967156,0.2978245226426283,0.396564806687992,0.40168583006866126
Q9P2K3,-2.6291562497161216,0.2978945958179725,0.39658184607645486,0.4016671699322041
Q06547,-0.2584914181287097,0.2983860644653095,0.39715976746593673,0.4010347522524569
O14744,-0.018958143165615837,0.29849057040737537,0.39722250807239423,0.4009661507741222
Q9UFN0,-0.5420225783837651,0.2993137500365567,0.3982414306789236,0.39985356053347865
P09496,-0.0362104400324732,0.2996587709178115,0.39862388661574005,0.39943668076200567
P30085,-0.052603455987036085,0.29970555969682167,0.3986095457819426,0.3994523051568986
Q8N5A5,-0.25390207913068963,0.3001287494564101,0.3990957290639876,0.39892291980772704
Q9H0L4,-0.052649700577202196,0.30030150520042576,0.3992487753471098,0.39875640733928075
P61769,0.07656494671357095,0.30050640683160157,0.3994444923981588,0.39854356258292956
P46199,-0.0678304220621726,0.30052513612655385,0.39939271449909,0.39859986155270083
Q7Z2Z2,0.2627635620927009,0.3009511068055749,0.3998820693766648,0.39806806909817744
Q8WXG6,-0.8861993603205782,0.3009685453491475,0.39982851266260505,0.3981262386058523
P07711,0.3532063469140212,0.301480623677286,0.40043196592010905,0.39747126069176375
P40036,-1.5934589636780743,0.3015555824990199,0.4004547090953613,0.3974465949411057
Q6ZNJ1,0.3321259009507571,0.30197541364267655,0.40093533347303784,0.39692566872782203
Q9NQZ2,-0.07158582380984413,0.3021454166183989,0.4010841381644544,0.3967645128970961
Q14141,-0.060481110054436016,0.30233800570545016,0.40126286208635936,0.3965710334815142
Q9NP66,-0.06341537269886288,0.3024080229818282,0.40127887143085056,0.3965537066069556
P52739,0.2885461424132778,0.3031286567207377,0.40215804160459623,0.39560324266556934
P48739,-0.06431489558325154,0.30361310148964715,0.40272358519431356,0.3949929355283896
P09668,-0.1557282168078693,0.3040088743708179,0.403171317016576,0.3945103726551077
P13196,0.3737049987736043,0.30403611536310554,0.403130230328254,0.3945546333218325
P82970,-0.06017618011748738,0.3048179068713052,0.404089448052253,0.39352249009809065
O75879,0.32892029082738716,0.304837573441206,0.40403816204190474,0.393577613153026
P30519,-0.17113152417426392,0.30491356646044393,0.404061537640596,0.3935524878039394
O95297,-0.9227430117001703,0.3052129123512729,0.4043808276158082,0.3932094432344544
Q10589,-0.6486564965001591,0.30585046821713135,0.40514800878810353,0.39238629121191915
Q9UBK8,-0.1660272804382572,0.30585311334252324,0.40507401621722094,0.392465614074872
Q12242,0.39622859781890085,0.3060241296266754,0.40522300124978017,0.39230591120824165
Q8TE02,-0.19434293515861967,0.30624453867893187,0.4054373204231213,0.3920762770839895
O00443,1.266148306369839,0.3069130982101568,0.4062447509094103,0.3912122374981295
P13674,-0.09442775963348993,0.30775558484411053,0.4072820469152563,0.3901047332910706
Q15075,-0.05424502599700176,0.30778807443055795,0.4072472056864482,0.3901418869067941
Q96PM9,-0.08761905018517879,0.30779095101462955,0.4071732030617682,0.3902208115783472
Q4V321,-0.07859158555123713,0.3079706303482469,0.407333074409028,0.3900503248755643
O60814,-0.14924451339713585,0.30832947565355384,0.40772981081459253,0.389627534319306
Q969Z0,-0.03521910618348656,0.30930749803811153,0.4089450289127142,0.38833506667326506
P42338,-0.2007105415486805,0.3097195015917764,0.4094115748418213,0.3878398831711405
Q02818,-0.06704977165105674,0.30979481818249555,0.4094329683328114,0.3878171900356358
Q9BV79,-0.2108639741584426,0.3100506058876321,0.40969282350495506,0.3875416434168714
O95365,-0.21677313125419673,0.3100929126422926,0.4096705451507792,0.3875652602068256
P56378,-1.2077622179412337,0.31013314219337185,0.40964553158086736,0.3875917780689726
Q969S3,-0.058549546227428806,0.31027507018575645,0.4097548323414415,0.3874759159835825
P25037,-0.38786960181228025,0.31056387012315395,0.41005801615803167,0.3871546937319643
Q9H9F9,-0.137369028799327,0.3111020114291028,0.4106902434957308,0.38648561427879596
P62877,0.1124435239918995,0.3114856612662643,0.41111832226603395,0.38603316763289097
Q9H1P3,0.6710213003293077,0.31166313035598897,0.4112741594406075,0.3858685765713037
Q9H974,-0.14718931163077187,0.3116831574194684,0.4112222145526675,0.3859234324440801
Q15542,-0.09510257209590023,0.3117735106840712,0.41126305733978075,0.3858803002502535
P04150,0.1631117474655852,0.3118509531984437,0.411286857132576,0.3858551683561217
Q9NQP4,-0.08784603464586738,0.3118910790210786,0.4112614418476382,0.38588200621603025
P00431,0.5510229378238414,0.3119130849193485,0.4112121477497276,0.385934064190923
P10515,-0.06736898758913412,0.31198749745879883,0.4112319498200501,0.3859131510859511
Q9NUQ9,-0.0492717930794484,0.3120073486461161,0.4111798405073674,0.3859681862575046
Q15369,-0.05053870047775888,0.3120346410542496,0.41113755559650317,0.3860128505284037
Q8N5K1,-0.3403465816772986,0.312129323078709,0.411184062594555,0.3859637268468696
Q96GX2,-0.088429613657798,0.3127985506002301,0.4119872863526713,0.3851161857922858
Q92783,-0.07028832288012055,0.31290557365480387,0.4120498653453522,0.38505022344774675
Q9P265,-0.10036786156985755,0.31296557158426774,0.41205050725413,0.38504954688588766
Q6P158,0.4477427004615855,0.31370759174415697,0.41294892875219447,0.38410365617071035
Q9Y3A3,-0.4930801775024847,0.3139594935781447,0.4132019641769766,0.3838376227061563
P52657,0.33740814342416314,0.314199322843673,0.4134390177441262,0.38358853982446467
Q9Y3Y2,-0.09179170906259415,0.3143204542355962,0.41351982236885193,0.3835036673954148
Q9NQ92,-1.0355696251643636,0.3148728025413462,0.4141677972637312,0.38282367177369825
P43250,-1.4931782325478906,0.31488356765473346,0.4141032901123219,0.3828913189495662
Q9BX40,-0.07295912477968969,0.31498847379338385,0.4141625887856798,0.38282913339460456
P14693,0.9747981697923294,0.315357858320251,0.4145695483215147,0.3824026016189828
P07205,-0.5839484079420956,0.3156289767648735,0.4148471972513258,0.38211183969918555
P41440,-0.1431517028993028,0.31605415154023575,0.41532718642334265,0.3816096399779995
P18615,0.06366634730317955,0.3162912960138389,0.4155599494496813,0.3813663152321708
P52655,-0.1251672930321881,0.31641207301789054,0.4156397635317538,0.3812829109311648
Q15436,-0.11761546745626816,0.31643752065252373,0.4155943461680718,0.3813303693071365
Q9UKY1,-0.7395658400400187,0.31720989785040027,0.41652974259741543,0.38035398204891346
O43502,-0.27399056496825125,0.31732075760089246,0.4165963074760295,0.380284583763913
Q01628,-0.09065593104416791,0.3173625053428659,0.41657213023583006,0.3803097888521856
Q8NDI1,0.8944232653329642,0.31747344550461537,0.4166387673756552,0.38024032230473515
P15531,-0.05493072503758256,0.3186828730011535,0.41814671454614116,0.3786713111955536
P0AC53,0.3287773359996429,0.3189907970142811,0.41847144344957987,0.37833417297637356
Q9UBT2,-0.03196444796654063,0.3191142311930072,0.4185540702368596,0.3782484304098621
O14561,-0.08990588370614816,0.3191894883652803,0.4185734881517426,0.37822828271982184
P35194,0.7169530311322596,0.3191921379779774,0.4184977018291073,0.3783069225827347
Q8NEC7,-0.092290039370436,0.31935610814967275,0.41863341401520904,0.3781661105810021
Q75QN2,-0.3294704803710431,0.320384545661145,0.41990206211579933,0.37685199256064655
Q9BQA1,-0.056149259569949095,0.32039224754057943,0.41983268773106963,0.37692375072606144
P62633,-0.05312301826713295,0.32046700775489273,0.41985119426582357,0.37690460712667506
Q9BVL2,-0.06412082432647992,0.32089793584419385,0.42033622924426756,0.376403176059809
Q9UJY5,0.2500654462129752,0.32131481873141443,0.42080268675928,0.37592149594318514
Q9Y2X7,0.2008240947464266,0.3213590014481634,0.4207809618054242,0.3759439180223151
O94992,-0.05279773126554588,0.32142549566439244,0.42078845376824603,0.37593618552146124
Q06631,1.1242273556668465,0.32167138486884983,0.42103075025178,0.3756861840290109
Q96HR3,0.2316918648875621,0.3218647403503434,0.4212042075573196,0.3755072991441976
Q9NXG2,-0.02795745104624814,0.32233328748323087,0.4217376573193293,0.37495761872471794
O60830,0.25367567160639126,0.32252726948011656,0.4219117350992494,0.374778394935799
Q8N6N3,-0.37052917585887,0.32252787838519026,0.4218328352737169,0.3748596179982162
Q13136,-0.1267253824021104,0.3229090485649332,0.4222516057155047,0.3744286902423125
P18669,-0.056520085023791466,0.3230001894175937,0.4222910331433947,0.37438814021299993
P23526,0.02866988351608768,0.3232271659375556,0.4225080039553776,0.3741650593989552
Q9UL15,-0.2717803717074787,0.3233770880170763,0.4226241897754316,0.374045648823386
O15228,0.13267826858781007,0.3235374087061663,0.42275391920767985,0.3739123575152496
Q96FS4,-0.08825054158131707,0.32374372237280524,0.422943685605529,0.37371745451363125
Q86VR2,-0.5502246872606449,0.32407216507527586,0.42329290152446897,0.3733590144331522
Q13243,-0.04659437433788938,0.32408455702634087,0.4232292479913965,0.3734243272622021
Q9NXN4,-0.15858761435714896,0.3243149294251244,0.4234502303110619,0.37319762658817496
Q5T447,0.2698109538642157,0.3243349656454524,0.423396550175172,0.37325268492310215
P48735,-0.023985332454508068,0.3244563878648953,0.4234752176393091,0.3731720001087612
P62256,-0.13158521911675436,0.32463019346599564,0.42362221250632376,0.37302127586387157
O75391,0.5030082047118682,0.32469800702894525,0.4236308650213712,0.3730124054575208
Q9Y5B8,-0.17320278783163445,0.3257439244280963,0.42491539802941575,0.3716975307178765
P46977,-0.17013764007486998,0.32587523461991563,0.4250066160309467,0.3716043092829404
Q9BZQ8,-0.16393829447952868,0.3259156551851763,0.42497928371038807,0.37163223980744425
Q16851,-0.0271775301527164,0.32656474247623113,0.42574548614299085,0.37084994783649033
Q8IWT0,-0.21031420043435034,0.32677342880304905,0.42593735335698635,0.3706542720054381
O95299,-0.052346156935641375,0.32702430294448237,0.4261841282867675,0.3704027280751867
P38966,1.1229777236705516,0.3271586883257662,0.42627902859759226,0.37030603256134653
Q7L5N1,-0.058957461102639996,0.32738628910157197,0.4264953275144467,0.3700857223998772
Q96HE7,-0.056900566168174294,0.32762090852859216,0.4267206867291144,0.3698563027358804
Q14181,-0.0877194368784373,0.32777865438765985,0.4268458534850775,0.36972893309505894
Q9H0A8,-0.3631656934175709,0.3278794170708194,0.4268967814588856,0.36967711949896964
Q9P2D3,1.3288202130617641,0.3280382610639145,0.42702329753836127,0.36954843008893756
Q9NQA3,-0.30289460501911947,0.32855249214600485,0.42761230368777026,0.3689498073294154
Q9P035,-0.1522930639278428,0.32856951304768844,0.42755408914531,0.36900893559920694
P38985,2.744344021529937,0.32869931278317444,0.42764262339547154,0.3689190149157475
Q9NUP1,-0.14491794986438578,0.32898276273400817,0.42793098800869295,0.3686262635653761
Q9NR31,-0.04773832729502914,0.32914768178344334,0.4280650917859808,0.3684901869352847
P40503,-0.2522781072212581,0.32918777156328277,0.4280368319820037,0.3685188589347058
P49914,-0.4526366584223247,0.3292394690704249,0.4280236732714274,0.36853221022321325
P68679,-2.34972171448263,0.32970676062866294,0.42855070594947664,0.3679977851498159
Q9NVA4,-1.076277532185479,0.3301410880777349,0.4290347022992186,0.3675075786601779
Q9NUP7,-0.31116565871131385,0.33021693386078543,0.4290527397358,0.36748932047623906
P98171,0.2705717448317557,0.330838467881844,0.4297796532108608,0.366754148889747
Q9ULR0,-0.07694935467172215,0.33086120267089736,0.42972856261363596,0.3668057792617888
Q86Y39,-0.08859376067233171,0.33087821749187973,0.42967006337467656,0.366864904086862
P07253,0.38730034061669016,0.3314340743910056,0.43031118152696846,0.3662173687388036
P15311,-0.03126059750194088,0.33180180179611596,0.43070785070046996,0.36581721208968776
Q9NW64,-0.06442526451411723,0.3328808477241143,0.43202755194784764,0.36448855578378864
Q96MF7,-0.1028211274425388,0.33317533349561235,0.43232871235450143,0.36418592060088595
O00401,-0.7462248063816084,0.33333716396913937,0.43245765848272827,0.36405640747659257
Q9H1K1,-0.13996439235019764,0.3336476017261929,0.43277931703862116,0.36373350277818317
O60547,-0.10615897587691947,0.3338458502833317,0.43295536006027135,0.3635568793484963
Q9BTL3,-0.4819666964617717,0.3341777786495177,0.433304670293869,0.3632066299780291
Q8N9Z2,0.11611379676366695,0.3342036253064724,0.4332570495454062,0.3632543621310398
P29680,0.24160977916130477,0.3343504959245661,0.43336631107856527,0.363144852779359
Q147X3,-0.2907748736141009,0.3345097599116986,0.43349159229432926,0.3630193213840529
P60604,-0.10631429621171051,0.3350685575675041,0.4341344858902317,0.362375714191344
O95429,0.30703112624310336,0.3354090539321055,0.4344943478813655,0.3620158686972476
Q9H4L7,-0.08089180648508076,0.3361277012821601,0.43534384655399855,0.361167589774656
Q9NRX2,-0.07959051325431332,0.3367567065080834,0.43607694704731054,0.3604368714434576
Q9UP52,0.3153276700648746,0.336757434028217,0.4359963487680206,0.3605171476959564
Q8IWB7,0.1266910914642949,0.33690891648491117,0.4361109249843943,0.3604030337094955
P38237,0.20555468800612076,0.33709428152328935,0.4362693093957487,0.3602453376180077
Q12857,-0.44076303278234263,0.3374548036522993,0.4366542815340161,0.3598622770891997
P0AG30,-1.7177638100043175,0.33773454623383065,0.4369346035356957,0.3595835594801626
Q9Y6J9,0.2820424959193488,0.3387490401744796,0.4381652072049499,0.35836211084379077
Q9NUU7,-0.034250690531468564,0.3394393818439305,0.43897614491732817,0.3575590797858116
Q12038,-0.7306657866251776,0.3394518301914393,0.43891026559206836,0.35762426140189096
P23528,-0.04613910206816385,0.33979762747021136,0.439275349627286,0.3572631669172801
Q8N999,-0.10082181506039234,0.3400966180703163,0.43957979905149713,0.3569622738510193
P32909,0.35583975813608504,0.3403440529011088,0.43981751069191444,0.3567274838304267
P30086,-0.052602803605783066,0.3403469297006704,0.43973915679183456,0.35680486069035694
P03915,-0.22138215311202813,0.3404477445913564,0.43978734767734173,0.3567572690929045
P02655,-0.055258169057939455,0.3404760733199029,0.4397419010757336,0.3568021503935439
P0A8X0,-0.39833599341776704,0.34055064845571803,0.43975618983726067,0.356788038867097
Q3T8J9,-0.21887055294590496,0.34076724252288104,0.4399538294291308,0.3565928977780583
P62899,-0.027960985318262743,0.34115567587929085,0.44037321025134407,0.35617910885082543
Q9H3H1,-0.13590041769380434,0.3424632508861898,0.44197866712692974,0.35459869212747736
Q9UIJ7,-0.060211609891844375,0.342532284183348,0.4419853775038206,0.35459209846640494
Q92504,-0.14367601440092415,0.34258471078251657,0.4419706609759912,0.3546065591557412
P53617,0.2516122593185024,0.34279403575489686,0.44215832778817177,0.3544221908944893
Q12962,-0.06926339060069253,0.34287468638926166,0.4421799829687554,0.3544009213750767
P07737,-0.05999927917972059,0.34340022276600835,0.44277525929829453,0.35381665394149153
Q6ZWJ1,0.1677699025401438,0.3434662295130714,0.442777913451593,0.3538140506328092
P29372,-0.0852050305018679,0.34352656902075207,0.4427732620811034,0.3538186129090339
Q96VH5,0.4618955166470222,0.34373772173357203,0.4429629602239443,0.3536325871920132
Q9NV96,-0.21549109768328378,0.3439816548409148,0.4431948228728124,0.3534053214089178
Q15286,-0.05005986526572315,0.34520822401071993,0.4446924173116697,0.3519402758754999
P17707,0.17914143622221346,0.34533059633159713,0.44476730822172217,0.35186714224589605
Q14542,0.18604379680648364,0.34609493391793933,0.44566883437749893,0.3509877350659878
Q8IXB1,-0.3036305724888919,0.34618428575828486,0.4457010030848576,0.3509563884991314
O95249,-0.17244015454698314,0.3463665377222581,0.4458527434818582,0.3508085566539078
P00864,-1.024026295676304,0.3464424428999204,0.44586756034183056,0.3507941241451982
Q99321,-0.7207835919902124,0.34648340208525064,0.44583740495043217,0.35082349780711264
Q96T58,0.06895110130541582,0.3467081904076338,0.4460437588967775,0.35062253295787355
Q6P9B6,-0.23356878610390908,0.34691333466163415,0.44622476856718457,0.35044632702952877
Q3V6T2,-0.20735205726801098,0.3471032343042535,0.44638610592917,0.350289331570925
Q13586,-0.22806447292280296,0.34714056286751194,0.44635120841126324,0.35032328511856614
Q9NZN4,-0.14003028490603953,0.34720439485116883,0.4463503954603589,0.3503240761109656
P40064,-0.3459204164370604,0.34731971361319114,0.44641575961717755,0.3502604820947501
Q9BUI4,0.08795093152476596,0.3473830698742184,0.4464143236468241,0.3502618790772496
P43561,0.9543800033493319,0.34749027134508675,0.4464692222663538,0.3502084742011825
Q9H257,-0.27479466037828715,0.3477538584848028,0.4467249937196242,0.34995974860078827
O95816,-0.046466832025856775,0.348018664835415,0.44698223619373284,0.3497097360992386
P0ABQ2,0.4849401807131315,0.3488593660451534,0.4479789040238579,0.34874243707718694
Q9Y6W5,-0.13204988518574723,0.3491376002804687,0.4482530584724579,0.3484767385238832
Q9BVT8,-0.19591108533929358,0.34967305519033787,0.4488572922020577,0.3478917148107379
Q9ULI0,-0.24892424159878246,0.35009343079076516,0.4493136079323926,0.3474504281453358
P53844,0.6887894663373757,0.35055068863584676,0.4498170808218315,0.3469640572022479
O60566,-0.04895390235136787,0.35128089665132745,0.4506705444531761,0.34614082621899145
O75569,-0.045117028787565516,0.35135840150521336,0.450686471289755,0.3461254783887304
Q9Y291,-0.6922297352503044,0.3514691060753248,0.45074496952501364,0.34606911146017816
Q7L5D6,-0.0669700995742879,0.3516214514076471,0.4508568388049164,0.345961338359555
P43362,-0.12809468334651086,0.35172643716890517,0.45090795240835024,0.34591210521991245
Q9Y3A6,-0.23008051693916443,0.35187924929520087,0.45102034841169397,0.345803863879113
Q9NPD8,0.03564552545538291,0.3522654328608432,0.451431770706733,0.3454078795580373
P36959,-0.03776595451423859,0.3524178408157178,0.45154351032717066,0.34530039510783583
Q7KZI7,0.2942333627128946,0.35247587910991474,0.45153431766087876,0.34530923670292535
P23538,-0.8221165011579465,0.35265098200001826,0.4516750646259945,0.34517388463066406
Q96DX7,-0.36569182750534424,0.3526700532513497,0.45161595130614857,0.3452307269731648
Q9NX70,-0.07603686092879158,0.3529983533652391,0.45195277342842377,0.344906944195257
Q8NEB9,0.2529971371458437,0.35330277004326993,0.45225889809199504,0.34461287973793936
Q01081,-0.04925388924666052,0.3535918393911034,0.4525452672724584,0.34433797260604077
P09651,-0.06355469207710485,0.35381814282570057,0.45275121436428584,0.34414037615249904
Q96SW2,-0.4568477078648172,0.353915131791847,0.4527916431128508,0.3441015972426359
Q9H0R6,-0.18009203041471977,0.35396141044908547,0.4527671911970197,0.3441250508973685
Q68CP9,-0.06003083602877268,0.35404562494494474,0.4527912647060948,0.3441019601911072
Q8IYB9,-0.10907645204077099,0.35423657743102277,0.45295181202814433,0.3439479986128811
Q8N3C0,-0.07249701919356966,0.35488403976971317,0.4536959179035255,0.3432351282498505
Q9BW27,-0.050350709387149806,0.3553262226884649,0.45417736125067953,0.3427745172517771
Q07527,-0.6678921806036264,0.35533705981818586,0.45410738320064953,0.34284143697321506
Q92688,-0.026430026477079593,0.3554263281934271,0.45413764465976925,0.34281249679889697
Q9H3Z4,-0.1199037199656594,0.3555141233321004,0.45416601290617403,0.3427853689264586
P0CG12,-0.04889923465847801,0.3557020644197073,0.454322282612443,0.34263596233063265
Q9NWY4,-0.08692389170462178,0.35605006082807344,0.45468288844957216,0.3422913897398305
Q9Y303,-0.17621377689848217,0.3562044370136538,0.4547961500797601,0.34218322033916826
Q9H4A6,0.09886950838466646,0.35631983748262586,0.4548596155475113,0.3421226200472293
Q9NZ09,-0.43617534485458265,0.3566451001951124,0.45519090760386327,0.3418064215183179
Q6DN03,0.31771421932448973,0.3571403796214677,0.45573903215979406,0.3412837743017211
Q5T6S3,-0.09696604463174907,0.3573810910357105,0.45596216589851846,0.34107119203552305
Q99805,-0.05467271661857964,0.3574140388838376,0.4559201925629498,0.34111117260509605
Q8TAP8,-0.42899283578475433,0.35752629876189446,0.45597938711132013,0.34105478949817264
Q06506,0.2837661434875294,0.35780004328374415,0.456244475082255,0.340802381616713
Q8N6T3,-0.04868150790940007,0.35808635837056557,0.45652549168804935,0.3405349671102794
Q8WUE5,0.1034991568290593,0.35829541156174216,0.45670792151205863,0.34036145557246117
Q96S82,-0.11447111202834392,0.3586226838432168,0.4570409466096877,0.340044889448693
O00459,0.9958825229164816,0.358902510592918,0.4573133940642923,0.3397860785602187
Q9H9T3,0.03271177429538241,0.35964050598956276,0.45816943210151473,0.3389738892026633
Q9Y530,0.13509039162712355,0.3597718151527245,0.45825240031594267,0.3388952515348923
P35207,0.1735260723001808,0.35990929087529955,0.4583431911018161,0.33880921590956176
Q8N3Z6,0.21716027567586238,0.3599630660136937,0.45832737570408516,0.3388242017511782
Q8WW12,-0.03702374348086579,0.36024744624575655,0.45860513289310867,0.33856108878035324
Q969H8,-0.030527592489722366,0.3604306587131003,0.4587540222296887,0.33842011494802676
O75925,0.1140860679356912,0.36045198533660316,0.45869684735722116,0.33847424478205157
P57721,-0.2434098748155442,0.3611945716450137,0.45955737119994017,0.33766026351566875
P26885,-0.0951198475195163,0.36120927146762916,0.4594916398386669,0.3377223859208827
Q9Y281,0.41872387025588154,0.36145473624396796,0.4597194330920709,0.3375071375238462
Q8IYB3,-0.03568282776575771,0.3616274117917375,0.45985458204701385,0.3373794817945128
P28161,-0.15819180650127151,0.36224210275394153,0.46055165616384336,0.3367216516153372
P0AC86,0.5045003911473351,0.3628877866304937,0.46128787123729365,0.3360279642600714
P75745,0.6734890624101837,0.36332469768390585,0.46175848141765125,0.3355851188459095
Q96JG6,0.256224960634178,0.3635344529768676,0.46194027388728776,0.3354141724914176
O15550,-0.27123576072315103,0.36385625593185733,0.46226435157287715,0.3351095967460668
Q1ED39,0.1617944631721393,0.3640277081447112,0.46239733098403607,0.334984681383052
Q9H3H3,-0.08479601437701234,0.3645596834326965,0.4629881232736593,0.33443014950660327
P30307,-0.4242064488312316,0.3646185224293591,0.46297792945183974,0.3344397116726306
Q08AM6,-0.10029050706377518,0.3646339974200551,0.4629126875937773,0.33450091583318886
Q13049,0.16936360917991777,0.3647677173815149,0.46299755731431885,0.33442130022980227
Q6PI98,0.6637676138735458,0.3653751909438685,0.4636836184192349,0.33377824711865167
Q9NXZ2,-0.0665381456345564,0.36560006640535647,0.46388397650553204,0.33359062863539946
P51692,-0.06306724996274937,0.3656753244714095,0.46389445706120175,0.3335808167076155
P0A796,-0.988963885817963,0.3656766858898694,0.46381120591710123,0.3336587627933944
Q9NRL2,-0.2328509050323575,0.36574701433357826,0.4638154445504937,0.33365479392274533
Q9Y6E0,-0.06618394650929815,0.3661775366938105,0.46427637137299826,0.33322341851656584
P62191,-0.024144807051392547,0.36622719645814217,0.464254322276854,0.3332440442230798
P00490,-0.5132731759672318,0.3672988079324669,0.46552753910386246,0.3320546224655017
P0DPD8,0.4776654602288879,0.3673778862410283,0.46554254837717424,0.3320406204163222
O95707,-0.34450811882718213,0.367763671152413,0.4659461407244844,0.33166428103100454
P40925,-0.02775627934939351,0.36834311058253877,0.4665948952933587,0.33106001684542324
Q9UL46,-0.017141644794179456,0.3684817808202141,0.4666851747574835,0.33097599517930376
Q9Y4Z0,0.06546891401147548,0.3691816225805131,0.4674860195222152,0.33023137246021994
Q16186,-0.029973484165608966,0.36930630088139127,0.4675583886090242,0.3301641467865493
O00159,-0.23938215254847606,0.36936575477198874,0.4675481692945612,0.33017363916331166
Q8NBN3,0.40483651016954525,0.3695031033043928,0.46763653578497816,0.33009156536745293
P35728,-0.09530826704675732,0.37024812212216623,0.4684937861063376,0.3292961650272714
Q8N442,-0.24178584511384926,0.37059448213745916,0.4688463720664658,0.3289694402139425
Q9Y478,-0.09548152266823706,0.37066912966176113,0.4688551431819573,0.32896131556660796
Q7L1T6,-0.23751819625240955,0.3718749550553596,0.4702944637083671,0.3276301337248082
P62249,-0.030345871896535925,0.3724966485355323,0.4709946666289309,0.32698401063488175
Q9Y5N6,-0.07084630358261279,0.3727174880760411,0.47118785602309815,0.326805911196593
Q96EV2,-0.06026042223220429,0.3728081199979949,0.47121639701827617,0.3267796057195589
O14653,-0.3512713737077391,0.37312892226830274,0.47153580174953974,0.3264853275035645
P64540,0.43132880907908344,0.373460859944473,0.4718691595356808,0.3261784063848778
P08621,-0.029809530194256695,0.37404381221729044,0.47251949567460666,0.3255802682357063
Q66K14,0.3801540134702037,0.3740468100237058,0.47243708730465866,0.3256560166903262
Q9H019,-0.23309933782720194,0.3748231216308592,0.47333125919607316,0.3248348134105646
P32500,1.9104020681607068,0.3752643966082573,0.4738020937482811,0.3244030244462722
Q9H6W3,-0.2081560511795395,0.37544093612163687,0.4739385673119806,0.32427794863495535
Q9NVH2,-0.09238191028597242,0.37582216955811465,0.47433333977768605,0.3239163487349983
Q8WWV3,-0.08921317413035013,0.375908636685239,0.4743560051774366,0.32389559703562276
O60825,-0.11811432367787233,0.3762608312916359,0.4747139205290246,0.32356803282703944
Q9H1B7,-0.11962372416682499,0.3766313011201443,0.4750947584179047,0.32321976099889127
Q1KMD3,-0.01855652234421612,0.3766512426305404,0.4750333704870422,0.32327588067129137
Q15014,0.34815562319358406,0.3767835459985944,0.4751136901282586,0.32320245545429555
Q9NR28,-0.041402286831868196,0.3768303038509677,0.4750861296183722,0.3232276488443946
Q9UPY8,-0.058173085276063574,0.3768736011544599,0.475054217075092,0.3232568223059859
Q9NSG2,-0.2783035859324805,0.3769769885427106,0.47509804671818867,0.3232167551022765
Q96RT1,-0.10374389185114197,0.37801261490425764,0.47631653241075156,0.32210434435413116
Q8N543,-0.07512919801814988,0.3780288796461144,0.4762503571087512,0.3221646856673963
Q12834,-0.09703253154087221,0.37855857404444027,0.4768309198988001,0.32163559071319975
P53072,0.9193595543445454,0.3786526977280634,0.4768627280955095,0.3216066209819986
P36954,-0.12613604374519483,0.3786613775936539,0.4767869391632042,0.32167564992688036
Q9BYN0,-1.0511194737247784,0.37869187207148003,0.4767386404041687,0.3217196464068895
Q96EE3,-0.06328955453053098,0.3788593389718874,0.4768627636868476,0.3216065885678042
O76087,-0.12479553648488206,0.37908607596162947,0.4770614303813745,0.32142569400415877
Q7KZN9,-0.2639115755924486,0.37994401436003244,0.47805421686877425,0.3205228465851925
Q9NS87,-0.13220251636224845,0.38026174151089265,0.47836705999662443,0.32023873318818075
P53164,0.17749890421226766,0.3802652367923472,0.4782845594096661,0.3203136393484418
P27929,-0.6235475717623338,0.3806474718572948,0.4786783681692534,0.3199561981645892
Q567V2,-0.17402992322746158,0.3812227240087035,0.4793147160044059,0.3193792370182307
P38753,0.4283103349679003,0.3812320513633878,0.4792394196877446,0.31944746639346006
Q9UNL2,0.3777074391548858,0.38166147101584746,0.4796921447293026,0.31903739333033043
Q6P087,1.4981495683784765,0.38168491159710144,0.47963454226829955,0.31908954747412066
Q99547,-0.05204530387526418,0.38182414576209867,0.4797224433418202,0.3190099630194019
Q9BZ95,-0.35487401151537057,0.3820246414986032,0.47988726736870985,0.31886077285329945
Q9BSJ2,-0.08798917724549682,0.38204252277218864,0.4798226787002783,0.31891922906176234
Q01976,0.29023574872499225,0.38280755918912623,0.48069632568471343,0.3181291974905593
P04181,-0.025849678327517722,0.3828868787706575,0.4807087486143305,0.3181179738972451
Q5XKP0,-0.07671419883433472,0.3829021069155941,0.4806407157874499,0.31817944224449224
Q12032,0.23751138469268795,0.38303429062325334,0.4807194903526203,0.3181082694232627
Q9UK61,0.9530071992864215,0.38311493519799655,0.4807335649349272,0.3180955542659333
Q9BUL9,-0.18325881511482223,0.3841023762225604,0.4818852786673325,0.3170563409558991
Q9NRL3,-0.057158795042894894,0.38472477191281396,0.48257868129063836,0.3164318676786647
Q32P28,0.22656889312403905,0.38483678685477196,0.4826317537008587,0.3163841080314673
P78345,-0.3641952103892798,0.38485988584446956,0.48257331575282636,0.3164366963967762
P05166,2.545583211870756,0.38523459155947537,0.4829556965340951,0.31609270699850933
O14920,-0.4718685591820311,0.38557974036893283,0.483300891077931,0.31578240413719727
Q96L91,-0.19213498357560255,0.3860558880264874,0.4838101300806152,0.3153250425635271
Q9NZ01,0.040480149545022215,0.3860624785507637,0.48373083631659214,0.3153962268243236
Q9Y312,-0.10071510201648337,0.38641164953309903,0.48408074206028184,0.31508219433352264
Q96II8,-0.06886719540180763,0.38645776958421674,0.48405094005085325,0.3151089321182428
Q9H1E3,-0.07265201547998146,0.3864607029718976,0.4839670659029515,0.31518419121358027
Q9NRD1,-0.15174119724231616,0.38667243940985874,0.48414466012185564,0.3150248538394327
P19812,0.4319490090622544,0.38670746529188577,0.48410097444965056,0.31506404316435677
Q8NDF8,-1.4678167624392735,0.386949169003136,0.4843159881015389,0.31487119391099927
P0AB89,-2.16513197296986,0.38710788682838054,0.48442707543822644,0.31477159140676475
O75794,0.0596291559508586,0.38786008885954437,0.48528067496629657,0.3140070029822779
O43464,-0.08947597052991796,0.38803025281839554,0.4854058663982964,0.313894979283414
P06730,-0.024290627662040265,0.3882203592174267,0.4855559550616804,0.31376071513958786
Q9C0F1,-0.33587803573417574,0.3886261445782273,0.485975695333149,0.31338545017524144
Q9Y6A9,-0.22735427787497287,0.3897937617913085,0.4873477801811159,0.31216100776141203
Q969E8,-0.20849380626736647,0.38983968656226103,0.4873172034224762,0.3121882567500993
P43405,-0.3044560775994398,0.3899670320511953,0.4873883989029741,0.3121248123535597
Q7Z392,-0.1417335822179986,0.3900501354391598,0.4874042840246783,0.31211065791678166
Q6DD87,0.08702447759646148,0.39020922894979304,0.48751510307621204,0.3120119254401996
Q13416,-0.05883084409975936,0.39046870006585,0.4877512681320486,0.3118015927852432
P62314,-0.10682321680452134,0.3906134780168905,0.4878441056617875,0.31171893797140576
O60907,0.6280882505047636,0.3906163690821023,0.48775973661397226,0.3117940525013269
O43819,0.7998883096477059,0.39094530713097864,0.48808245700953773,0.31150680176956497
Q92547,0.08319788120256533,0.3914329418594471,0.48860315295381496,0.31104373485332
P30405,-0.0577727809610451,0.39143404526475034,0.4885164616822515,0.3111207971503081
Q9BZJ0,-0.09666433287086917,0.3919532297130688,0.48907625924189735,0.3106234182060781
P08047,-0.030517442492882907,0.39220360758701567,0.48930050070855796,0.31042433981976236
Q6PL24,0.19128773991630155,0.3923343402293277,0.48937542276128,0.310357845419822
Q8WZA9,-0.06549884711548515,0.39265012685591394,0.48968110200834797,0.3100866561448639
Q12815,-0.7022784990156765,0.3926990764416511,0.48965395376949256,0.31011073438093184
O94763,-0.12079439373206569,0.39292056783641305,0.48984191784287434,0.3099440532070063
P26038,-0.021077770796580353,0.39326799619748276,0.49018678769961666,0.30963839872751353
Q9Y4Y9,0.3843559427776455,0.3934106255953529,0.4902763087872973,0.30955909229641787
P62854,0.30543870780889293,0.39409147307139125,0.4910364152503712,0.30888629941295626
Q9HBH5,-0.4777188670146657,0.39501161074964797,0.4920943491958551,0.307951622015602
P53093,0.8013324289949679,0.3955862276540355,0.49272153989504264,0.3073984516218233
P51784,-0.07137339674690679,0.3959114219931249,0.49303789314395624,0.307119701106338
Q9HBL8,0.15786354928549784,0.39600210989434237,0.4930621486977929,0.3070983360262408
P42695,-0.06911860713507423,0.396632999647601,0.49375887982020666,0.30648508089006393
P18859,-0.037474101875076826,0.39752209341815825,0.4947767346444954,0.30559072992623665
O43617,-0.029272935674903522,0.39791527587002984,0.49517709743423555,0.30523945019138654
Q9H3K6,-0.03267282862243448,0.39805763696895347,0.49526524319371673,0.30516214893824617
Q9UKE5,-0.12434124723094087,0.398254013531365,0.4954205515075766,0.3050259815588079
Q7L5Y1,-0.13096915887540916,0.3990321602736432,0.4962993852586142,0.30425626274133666
Q969T4,-0.1207386128808956,0.39933679070873884,0.4965890694804791,0.30400284401737104
Q07549,0.6305615106837301,0.3996199586624979,0.49685196512464275,0.30377298814014275
Q9UHL4,-0.07349617120897634,0.4011072695044773,0.4986116219118493,0.3022376029414273
P84098,0.1342343662547023,0.40126277361626295,0.49871539122581304,0.30214722849049136
Q96BJ3,-0.09390535767167307,0.4012806988828612,0.4986481620719546,0.3022057773526218
P62330,-0.08993010976182703,0.4013822964150817,0.4986849130410956,0.3021737705065479
Q12403,-0.42303532440222824,0.4014759798135542,0.4987118199190975,0.30215033848946155
Q12500,0.4048118003228893,0.40215109335536636,0.49946083773857514,0.3014985587309062
Q00688,-0.0729177115752293,0.4028283696183401,0.5002122724600766,0.3008456572750337
Q9Y3Z3,-0.09623683129589367,0.40447978463048206,0.5021728579489794,0.29914676426653825
Q96P48,-0.05306573492275746,0.40453091254084683,0.5021462958825428,0.2991697365634222
Q15070,-0.05420536137305021,0.4050124281716221,0.502653890062791,0.29873095207001993
Q8N9N8,-0.03726706215337572,0.40577704488533084,0.5035125911802922,0.2979896647096696
O75832,-0.03382186255799979,0.4064743147437524,0.5042874315150944,0.2973218557386669
Q12907,-0.06087984771435373,0.40729486285685434,0.5052149105017663,0.29652384051361597
O15111,-0.09926794769382496,0.4079537632112752,0.5059415827467078,0.2958996249692015
Q9BVC3,0.38881365927518274,0.40831726703281496,0.506301711485532,0.295590604535999
Q3ZCM7,0.9655580030225153,0.4084303094819389,0.506351201943231,0.29554815478363544
Q13469,-0.18314127662189605,0.40858575876371106,0.5064532391120543,0.2954606469139568
O43766,-0.11029047084938526,0.4087117573816653,0.5065187413836855,0.29540448094745636
P50750,-0.08932051333086122,0.4087272371498454,0.5064472781004884,0.2954657586389202
Q9P000,-0.31471219334185463,0.40889385754922003,0.5065630827823939,0.2953664638311053
P13807,-0.6986072117892235,0.4089267956853874,0.5065132617756033,0.29540917924631704
Q5SNV9,-0.04046098691187083,0.40897035517006286,0.5064766122692748,0.2954406043943421
P38620,0.3342620436217061,0.40897540250991127,0.5063922902322292,0.29551291502681565
O60925,-0.04750719342440135,0.4094781977295634,0.5069241982977823,0.2950569770023558
Q8NHQ9,-0.1232857946668453,0.4095990653520548,0.5069831834997546,0.29500644586268904
O60927,-0.3166297697391798,0.4100158420971348,0.5074083450724864,0.29464239444749857
Q9BX10,-0.10877146322340892,0.41061668569097876,0.508061102881404,0.2940840533687981
O95352,-0.0968977628901122,0.4108759912568174,0.5082911137148837,0.29388748285744903
Q9BTZ2,-0.06044384159983096,0.41221951425342396,0.5098620787228845,0.29254728772624755
Q14344,-0.22966715604302834,0.4123074517113082,0.5098797634665294,0.29253222433223564
Q8IYB5,-0.14065519812578842,0.41399287276637153,0.511872616256135,0.2908381033603998
P30825,-0.18268974652828618,0.41454423980558897,0.5124628309969467,0.2903376285713518
Q92747,-0.6221528818073239,0.4149176613512352,0.5128328966790348,0.29002412391837523
Q9UNE7,-0.04938601603728188,0.4156771870024406,0.5136799648054433,0.28930737284705604
Q68D91,0.6558813941945765,0.4160974381798334,0.5141075413913573,0.2889460254645542
P38930,0.3236104161869946,0.416549181401804,0.5145738683365015,0.2885522723919375
Q9HC36,-0.06801636549512935,0.41667419684542717,0.5146364857220367,0.28849942724723904
Q69YU5,-0.1611134292791938,0.41709210448752865,0.5150607689444708,0.2881415281232772
O95169,0.1829506015604636,0.41746142647533413,0.5154249138579197,0.28783459298435016
Q6ULP2,-0.6819927339858616,0.41749773826254405,0.5153778462702541,0.2878742537117066
Q6PD74,-0.06864511977723353,0.4187628942500221,0.5168474652027011,0.2866376093143682
O95155,-0.038387279536252095,0.4196385911442537,0.517835965974481,0.28580778920086053
O43402,0.043569442556510296,0.41977390087297295,0.517910636073497,0.285745170000454
O75394,0.2978971443232048,0.42054348978898914,0.5187677041330769,0.28502706873555855
Q9UHD2,-0.05763642103082489,0.42069469085899824,0.5188617811734421,0.2849483178130089
Q5SW96,0.19908996914549348,0.42206819711114624,0.5204630804626138,0.28361007214775724
Q8N5P1,-0.10437541094364633,0.4222912373916117,0.5206453931088888,0.28345797007755485
O43463,0.8784955000346919,0.42251113033462206,0.5208237611602142,0.2833092104894704
P22314,-0.015596855966123258,0.422531516567223,0.5207561802619174,0.283365567203125
P22626,-0.04689100317143158,0.42270106982316746,0.5208724341440847,0.2832686258959519
Q96IU4,-0.027739281611729893,0.4233522025372236,0.5215819662576043,0.28267743278649704
Q15004,-0.06807496421779291,0.4234187081287424,0.5215710967947719,0.2826864833235596
Q9BSY4,0.11702619067375508,0.423445017323803,0.5215107257114927,0.2827367551772115
Q08202,0.9045302169007314,0.42392452222186244,0.5220084282169972,0.2823224849314837
Q96CB8,-1.1615371451596488,0.4239441513277382,0.5219397766346479,0.28237960463012907
P61966,-0.0771834318707505,0.4248560741199513,0.5229695035033853,0.2815236358867583
P19823,-0.0974421802639327,0.42496276632133057,0.5230078553161914,0.28149178819801113
P0A6Y5,0.5865620801574423,0.42498223103097954,0.5229388604333575,0.2815490838450773
Q9NZ32,0.2202306975972057,0.42522893239660153,0.523149454142514,0.28137422349003577
Q4V328,-0.10933101021884895,0.425488456305841,0.5233757455074868,0.2811864074820226
O00716,-0.2032535904395445,0.4255171533427099,0.5233180763312475,0.2812342637022838
Q9BRT6,0.2486373963445807,0.4265821420809762,0.5245346744394742,0.28022579742279735
Q5T3I0,-0.05698079237758691,0.4272417539879808,0.5252524688588032,0.2796318975907677
Q96FZ7,-0.3558212498805098,0.42738004418901365,0.5253292075208114,0.27956845239984657
P02766,0.17362532120973384,0.427745611840636,0.5256852354250201,0.27927422055336065
P26793,0.11447276198069645,0.42795314118710004,0.5258469475739983,0.2791406427216079
P40121,-0.04559008670751652,0.4279564888300764,0.5257577588111159,0.2792143095422779
P46934,-1.3346343145257293,0.4280121195461242,0.525732821667086,0.2792349089927146
Q9UKT5,-0.17695586232387228,0.4288501465209412,0.5266687503566863,0.27846244953747895
Q8N108,-0.06521549888202927,0.4290448045295314,0.5268143689594743,0.2783423880862862
Q01664,-0.06259340731672225,0.42905228322524125,0.5267301434488599,0.27841182734422437
Q9BXV9,-0.07796071973079677,0.43014262236841017,0.5279750961316916,0.2773865620640273
Q9NXR1,-0.11530315982518147,0.43016058769257004,0.527903564194143,0.2774454058061579
P23368,-0.05063879199823873,0.4305171973961113,0.5282475766029903,0.27716248664737253
Q8N684,-0.02723861334339972,0.43100561514934455,0.528753167840904,0.27674701768460264
Q9NYY8,-0.08175685933827026,0.4314101149962909,0.5291556485800386,0.27641656354753763
Q2NKX8,0.10160352895698566,0.4314258635216457,0.5290812396429109,0.2764776375683203
P05362,-0.06603188139408189,0.4317175245702768,0.5293451638258538,0.2762610503435629
Q04759,-0.4086166063654382,0.4322407562548053,0.5298928817826261,0.27581191446055303
Q12979,1.869542874190742,0.4329506857571341,0.5306692420220209,0.27517608366743684
P29366,-0.37444915688865166,0.4334393793895532,0.5311742058218171,0.27476302276135023
Q9BRG1,-0.06954362435755712,0.4349509967689631,0.5329323485450894,0.2733279176494123
Q14011,-0.04092835015309859,0.4350639249047319,0.5329764005733127,0.2732920204812902
Q5JTV8,0.6827646603372521,0.4360060195505695,0.5340360303145486,0.2724294410259071
Q96NB3,-0.10453549653187011,0.43636234019916964,0.5343779348318095,0.27215148275299633
Q8WUQ7,-0.29387507272292623,0.43706471311165385,0.5351434259213247,0.2715298053838663
P57772,-0.06347677841775123,0.43725631965100364,0.5352833729249556,0.2714162465457512
O15117,-0.073588605190821,0.43726028629571656,0.5351936047925652,0.27148908473928707
P60673,0.05675834489814946,0.43727724352469677,0.5351197656707318,0.271549007233197
P38825,0.6457068957035155,0.4382620640619351,0.5362301699178015,0.2706487549554944
Q71U36,0.13805840369820288,0.43844927491075336,0.5363644486717414,0.2705400157894257
Q9ULT8,-0.26970710640786066,0.43910740926047376,0.537074669090182,0.26996533046527865
O76095,-0.5195349222952821,0.4391120843688333,0.536985530231332,0.27003741676851384
P23193,-0.03709352558547252,0.4395970817693511,0.5374837001891201,0.2696347016919074
P06454,-0.059348553062420706,0.43986354337297384,0.5377145434877244,0.2694482170637968
P40343,0.3202896064836125,0.44014538424432237,0.5379641024726722,0.26924670317779786
Q9NZI7,-0.06530860646854819,0.44023124271594005,0.5379740777559423,0.2692386502792962
Q27J81,-0.09416877216538566,0.4402720106212179,0.5379289573921497,0.26927507647085414
P0A805,-0.6533411109114269,0.4404877858431897,0.5380976409982791,0.2691389118815416
P60866,-0.032032183265656045,0.4406193820235702,0.5381634505435174,0.26908580074965394
Q9Y5B0,-0.4726382619089158,0.4407310056231333,0.5382048470784083,0.2690523952940648
Q12374,0.14304325300520304,0.4412032892612514,0.5386865764141959,0.26866384654774844
Q3KQU3,-0.15108828842207345,0.4417269726042129,0.5392308812255941,0.2682252441399667
Q8NCW5,0.047270786437827894,0.4417886017422832,0.5392110485569486,0.26824121758891606
Q9BS16,-0.07392789808723066,0.44267441626166126,0.540196978885397,0.2674478489843143
Q06413,-0.054574128529068844,0.44284810673911057,0.5403137076760531,0.267354014336515
Q9NUL3,-0.051708350443433915,0.44302357056686004,0.5404325585984742,0.2672584945987275
A8MPS7,-0.09489248012720708,0.44318032344739655,0.5405285466883519,0.2671813649079958
Q6ZU65,-0.26680920351023474,0.44327972897179924,0.540554569108971,0.26716045736903293
P32528,-0.17394351326652213,0.4433848910544202,0.5405876009263613,0.2671339196269637
Q8IZP0,0.05893739641681606,0.44389976863917513,0.541120070080572,0.26670635783678065
P62266,-0.04821611149846561,0.44391624185928225,0.5410448967846629,0.26676669493630223
Q6NW34,0.7466018031598978,0.4440024555438254,0.5410547346331304,0.26675879820816506
Q9Y5S2,-0.24448890255043665,0.4443803175926337,0.541419904805806,0.2664657818340411
O15126,-0.24175398730511688,0.44456849164529366,0.5415538768740347,0.26635833079276583
Q13685,-0.0851526247283374,0.44479281288152683,0.541731826981828,0.2662156486724558
Q96LJ7,-0.3479824881107447,0.44603914792361105,0.5431542490719456,0.26507681864727184
P02649,0.10751944730201402,0.44628967993372193,0.5433637671638984,0.2649093247797756
Q15750,-0.07059304602645966,0.4463250179354872,0.5433112560100761,0.26495129740981643
P23327,0.615941402500642,0.44727596566619393,0.5443731387366368,0.264103312539724
Q9H8M2,-0.11619354463493536,0.4473643041545371,0.5443849634386669,0.2640938790340963
Q9BXS6,0.12920539195327407,0.44775038588416394,0.5447590356460993,0.26379555759625956
Q6P2H3,-0.08018803813089193,0.44872599337235164,0.5458501015653835,0.2629266045496534
P02724,-0.0657275664405148,0.44956373313235287,0.5467731052535414,0.2621928557121872
Q9BRZ2,-0.10040558135126432,0.4501292745546852,0.5473647869716615,0.26172314502563276
P14314,-0.03424184604731195,0.45094302309903134,0.5482580319469171,0.261014997216014
Q9H6D7,-0.15675692856227386,0.45099484519572197,0.5482247731978895,0.2610413434407142
P61106,0.0474246804192191,0.45146996015196383,0.5487059863247671,0.260660301670822
P30125,0.4559789788472983,0.45153074377373503,0.5486835503491297,0.26067805985074105
P49848,-0.06980454547612425,0.45192716418806067,0.5490689041653154,0.26037315132216354
P32783,0.3733639507166373,0.45234441884995313,0.5494794308977325,0.2600485602283147
P77735,-0.07324735165515861,0.4523972484524167,0.549447210714705,0.26007402698318055
Q16763,-0.040641403873621584,0.4538127428599512,0.5510697003792182,0.25879346725408653
P39019,-0.042584743439871175,0.4540702400220439,0.5512856990904141,0.2586232734134862
P0ABA4,-0.9686800672524178,0.4541177874496802,0.5512467672337983,0.2586539444205031
P47108,-0.360807006544249,0.45448747653695737,0.551598823407869,0.25837666887039906
Q9NVA1,-0.13801042387105866,0.45472312047515995,0.5517880978215927,0.25822767157367504
Q15061,-0.019931969653811166,0.45483924761536676,0.5518323025212545,0.25819288088451847
P35236,-0.17939770189278192,0.4548588422878005,0.5517593945341154,0.25825026358616754
P39705,-0.2442261054940893,0.4549725446959302,0.5518006480074655,0.25821779384251425
P53611,-0.07160890582280999,0.4557749446328443,0.5526770081677432,0.2575286020611994
P36405,-0.07057541941775014,0.45596969244625307,0.552816345735923,0.25741912417589313
P35542,0.09164947385166755,0.4561136832626035,0.5528941076523576,0.25735803843475363
Q99952,-0.3079660846348631,0.4563583219530993,0.5530938248211552,0.25720119031237143
Q96EL3,-0.08130574648681232,0.456750444500866,0.5534721872110598,0.2569041981714376
P27540,0.1350931793176855,0.4571551036122169,0.5538656058461925,0.2565956029973611
Q01433,-0.03667187529315186,0.45783404522916316,0.5545911352635979,0.25602707658446755
P09497,0.051782101727063434,0.45835994479920084,0.5551310578607078,0.2556044745593211
Q9Y2Z9,-0.3817429525214422,0.45863449943744083,0.5553664347857363,0.2554203716650509
P32604,0.22729081332630585,0.45870973184372466,0.5553604097370082,0.2554250832562558
Q9BT09,-0.10035900892077976,0.45896986558385366,0.5555782079200354,0.2552547974299
Q8IX07,0.17493058770535796,0.4603448894448763,0.5571452568635419,0.2540315624025142
P10644,-0.03245171380819656,0.4604332832059401,0.5571548502128504,0.25402408445534125
Q8IYI6,-0.08990539454452318,0.46099305863575035,0.5577347436648499,0.2535723006188258
Q9Y6I3,-0.06571371736355403,0.4611213395139173,0.5577924798732291,0.2535273451642238
O75629,0.16441976989292328,0.4612699339676608,0.5578747638064774,0.2534632840233662
P10662,0.28366048788548426,0.4613892203288012,0.5579215790353859,0.25342684082165406
Q96EB6,-0.041258486699817354,0.46158202269304804,0.5580572594947903,0.2533212379677695
Q15005,0.12057160412478041,0.46230734265279905,0.5588365992541866,0.2527151588684645
P07012,-1.2857576102406263,0.4626972118762521,0.5592102452489387,0.25242488051287487
Q9UKV8,-0.05211914313172272,0.46278423709935024,0.5592178111127227,0.252419004743086
Q6PIY7,0.3572679237369982,0.46291131172295324,0.559273760664758,0.2523755559011863
Q6QNY0,-0.10914742588477466,0.4632058274040929,0.5595319520142951,0.2521751080859867
P51580,-0.03742355268059683,0.46356269103675873,0.5598653536958865,0.2519164072402453
P56134,-0.0646272346238419,0.46388154479372223,0.5601527408705498,0.2516935346501136
Q9H8V3,1.4384044054313705,0.46390133600456185,0.5600789625973124,0.2517507397745508
P09880,0.4087211802242976,0.46407665783862473,0.5601929530813524,0.25166235866334724
Q9BQ61,-0.05020713674839428,0.46410529369135256,0.5601298681399556,0.25171126856940257
Q04969,0.6500839112329082,0.46418935701634045,0.5601336890869887,0.25170830602330985
Q7Z6B0,0.5758717388070309,0.4643518734066262,0.5602321609108695,0.2516319635145756
Q9BZF3,-0.16876455009359148,0.4645295928244655,0.560348937407073,0.2515414472847786
P49448,0.1505667898640084,0.46518419499984454,0.5610408232326988,0.25100553685496746
P30414,-0.1030681724114828,0.46538932168811464,0.5611904673229721,0.2508897147359671
P09493,-0.24904943952983416,0.4656211608244051,0.5613722649396101,0.2507490478491194
P14927,-0.030054930423641935,0.4660333801308708,0.5617714352413213,0.25044034742789284
Q96EA4,-0.2881007626465575,0.46685413928409747,0.5626628477638104,0.24975176006165967
P61353,-0.034271063611249986,0.46691063473315686,0.56263300293985,0.24977479656775592
Q15052,-0.249751437029893,0.4671381126596811,0.5628091686193896,0.249638836169109
P62873,-0.046793057280311245,0.4677673453215415,0.5634692239050719,0.2491297996768108
Q9UNX3,-0.1681934905825173,0.46783799311892416,0.5634562992442913,0.24913976148660644
Q8N4J0,0.219321561687444,0.46808229760658027,0.5636524919352978,0.24898856862107083
P62995,-0.03016253123070456,0.4680994594867829,0.5635751447550834,0.24904816874533536
P32321,-0.044083031285747865,0.46823794269715713,0.5636438656528366,0.248995215226193
Q05471,-0.07032286258353793,0.46847231741594286,0.5638279724992158,0.2488533818154272
P36036,-0.20175733410523122,0.4687322412956272,0.5640427595987005,0.24868797127579143
O60427,-0.1786365396428451,0.46874810162092373,0.5639638324280236,0.24874874686876305
Q5JPH6,-0.46535704173214043,0.4692428037413039,0.5644609404282119,0.24836610501163467
Q7Z4H8,-0.2039469711092856,0.4703410717895268,0.5656837903544699,0.24742626577164376
P36578,-0.015792337479155094,0.4705056481278237,0.5657834504406133,0.24734976010885568
P07339,-0.04431523094547529,0.4709465293518047,0.5662152750880179,0.24701841862165222
Q8NC96,-0.09641973137443927,0.471892455909952,0.5672540563750881,0.24622238983699987
Q9BQ69,-0.04767672719804139,0.4721925421887827,0.5675162579613143,0.2460216924753713
P35637,0.020719165985941146,0.4727195486588821,0.5680510508354911,0.2456126324230294
Q8TCC3,-0.06534374843377933,0.4729574572823787,0.5682383193168818,0.24546948285043796
P11633,0.987959133457256,0.4731054776988578,0.5683175446889125,0.24540893652263304
P35914,-0.07802706509865942,0.47327130206588897,0.5684181258463513,0.24533208164263695
Q9UJX6,0.14636462286107133,0.47331715328380153,0.5683746044635869,0.24536533501571836
Q3LXA3,-0.09375309368823892,0.4738534159398988,0.5689198980350025,0.24494887647009103
P35030,-0.19046572989811494,0.47463465826468987,0.5697590800666977,0.24430874488134818
Q07716,0.505613385623171,0.4747569404958607,0.5698070819887918,0.2442721573262019
P67812,-0.16131755385193358,0.4748927600046291,0.5698713120055549,0.24422320537268719
Q12453,0.389799855893326,0.4756306046104861,0.5706578246964141,0.24362422343572246
Q02040,-0.13723389976345501,0.47566965236749903,0.5706057992017608,0.24366381881892532
Q9NZM5,0.03943480648587894,0.4757560392802018,0.5706105691973181,0.24366018833691228
Q9H6S0,0.20585778936923305,0.4764923825149495,0.5713947448100988,0.2430637581963117
P53091,0.19293153291540222,0.47716326351063526,0.5721001621727513,0.24252792912522333
Q8WWK9,0.28197146837269926,0.4772221194594112,0.5720716681331307,0.2425495601492516
Q5RI15,0.11155714101533931,0.4776505353224233,0.5724861184996467,0.24223503952448328
Q96T23,-0.03413426513345996,0.4779294723240176,0.5727212991297158,0.2420566654592213
O60645,0.04379744263275143,0.4781321495451609,0.5728650291487618,0.24194768867948468
Q8IWV8,0.08760328694138764,0.47836397921069507,0.5730436318434001,0.2418123093634833
Q9NT62,-0.04283885747764771,0.4785963008474988,0.5732227619906732,0.24167657261754888
P25787,-0.04258565598172481,0.47925709320127363,0.5739149279359423,0.24115247879740492
O43164,0.15243266809561007,0.47937443621174014,0.5739561812778988,0.2411212625769849
Q96E14,0.09746594414676224,0.4797642294380188,0.5743235692650142,0.2408433606443059
Q9ULC4,-0.02459059018084986,0.47999671548859923,0.5745025510878239,0.24070803847977804
Q8WXA9,-0.05884999033028748,0.4801258861966513,0.5745578354693421,0.24066624833170883
Q8WVY7,-0.028223641587164394,0.48023544639745297,0.5745896372655891,0.2406422107822108
Q86TS9,0.14512752042673682,0.4805712302445706,0.5748920522137883,0.24041369536090362
Q96EH3,-0.15064080067942598,0.4817866162369102,0.5762464209404674,0.23939175899167936
Q9NR45,-0.03199251151704985,0.4824817902048757,0.5769782237268669,0.2388405776479506
Q96EY5,-0.26029194295933067,0.48376350903490295,0.5784110752128593,0.23776339991514867
P62306,-0.016776567672138754,0.48438910752849906,0.5790590781297181,0.23727712539716106
Q9GZT3,-0.025922005273358195,0.4849204630279097,0.5795942147428357,0.23687595811770598
Q6DKK2,0.2318997920206307,0.48494383865224133,0.5795221157797927,0.23692998579554359
Q9UFF9,-1.551154588315697,0.4857991951150544,0.5804441116439408,0.23623959017712617
P23434,0.09831035693311563,0.48584573238218043,0.5803995602163936,0.23627292531022495
Q8N357,-0.10735498999259008,0.48604651664462983,0.5805392584522023,0.236168406153383
Q9BYD6,-0.030707844020465558,0.4868003751549578,0.5813393924754964,0.23557024756641737
P22234,-0.03990478080511295,0.48785463883991376,0.5824979340106161,0.23470561064422713
Q53H47,-0.13604456611876614,0.48818942844211366,0.5827971728505509,0.2344825636597402
Q9BWT3,-0.5344967722363378,0.48882302738431765,0.5834529635595613,0.23399414988411416
P98082,-0.2892576853272715,0.4889480796737051,0.5835016379973689,0.2339579204717041
Q13505,-0.028496504438962234,0.4904433582339738,0.5851852166831009,0.23270665382842506
O00411,-0.09737797176073926,0.4907099435824307,0.5854024206348639,0.2325454860939067
P06746,0.10331875243367605,0.4907637486044363,0.5853657528573845,0.23257268979450046
Q9NRG1,-0.1377824074159122,0.49079066414604156,0.5852970304077147,0.23262367933843298
Q13625,0.23860208507008807,0.49125108577726917,0.5857452243708992,0.23229124355527783
Q71F23,0.21289617827318352,0.49133624669584675,0.585745897403933,0.2322907445424773
Q9UBU8,-0.0663091930996238,0.49141227157866674,0.5857356805664811,0.23229831976382337
Q03169,0.6480424865790368,0.49161017711344424,0.5858707170969859,0.23219820829220586
Q9Y3D8,-0.10526605633328501,0.4921973288151257,0.5864695069206557,0.23175456380483597
O00479,0.17687411438818756,0.49254523104826364,0.5867830660320333,0.23152242794900524
Q9Y3U8,0.041655043649655,0.49264567516678825,0.5868017641243491,0.23150858919085687
Q15723,-0.2828076013504415,0.4927563833929279,0.5868326794999368,0.2314857091925751
Q4LE39,0.06731942379331812,0.4931785251969294,0.5872344124614857,0.2311885023014136
Q92600,-0.035872952980739115,0.4931858744111809,0.5871421929888267,0.23125670939613305
O15504,0.09480169796474058,0.4950018589385786,0.5892028315782565,0.22973517470133992
Q96DE5,0.45821215022500184,0.4974549739156125,0.5920210105520284,0.2276628800931463
P49711,-0.11766230954345858,0.4976888579884584,0.5921975687767805,0.22753337990686126
Q9NRY2,-0.1460139874166586,0.5002617560231044,0.5951567695367654,0.22536862220930162
Q8ND82,0.27683899756621955,0.5006367771868081,0.5955006090433704,0.22511779000985227
P55209,-0.06793579375412762,0.5010863889793882,0.595933039727462,0.22480253574731413
P41743,-0.09545872608579131,0.5027110228663081,0.5977625145674595,0.22347132286472146
Q02447,0.12326568732423482,0.5027609080753622,0.5977191839824534,0.22350280512663628
P53801,-0.47907970621941587,0.5034760361905527,0.598466622246075,0.2229600661073123
Q9P031,-0.28810902190380006,0.503515775386115,0.59841112749287,0.22300033933507363
P45973,-0.032038727824613034,0.5043299939586646,0.599275935845168,0.22237316121471634
O15269,0.056587873160509616,0.5046987569466688,0.5996112205042441,0.22213024880994406
P14923,-0.08363407574583803,0.5048106757534608,0.599641296777657,0.2221084653083146
Q9NRP4,-0.09011270414145045,0.5051786359557702,0.599975450318654,0.22186651963180082
P01034,0.20041321567859072,0.5061117045922694,0.6009805252266975,0.2211396010814824
Q15008,-0.0193489870524175,0.5064100243203146,0.6012316543885216,0.22095816220960807
Q9NRS6,0.24368824577270942,0.5075111787437198,0.6024356937461882,0.22008930450693848
Q9BZE9,-0.0442798798014401,0.5077072382774066,0.6025651213288933,0.2199960104867389
O14548,-0.16382375629744672,0.5080423563813868,0.602859515952823,0.21978387949279307
P35998,-0.018715561427327998,0.5081435047039007,0.6028762211394463,0.21977184539585642
Q96I59,-0.13416453223007707,0.5086143408043264,0.6033314537826205,0.21944403280038038
Q9ULR3,-0.475629697300068,0.5109481214353835,0.6059960248062,0.2175302246957505
Q9H5N1,-0.1928444332350523,0.5114666821497884,0.6065071599940289,0.21716406779404038
Q9UJ83,-0.21066478694353918,0.5117397834905482,0.6067270994672184,0.21700660685875872
Q9NQW6,0.11568172440523483,0.5122798102579856,0.6072633806242582,0.21662290704196369
P53004,-0.041018911153642534,0.5123221572877438,0.6072096229134437,0.21666135446255472
Q9NPJ6,-0.11632781370114387,0.5128541231269124,0.6077360856633136,0.21628497569946684
Q9C0D9,0.5676626237075553,0.5133112260645343,0.60817367030644,0.21597238571793778
Q9UK99,0.24516749602071997,0.513984498803121,0.6088671804470163,0.215477434936936
P35729,0.44418133469688215,0.5151828408977749,0.6101823452576451,0.21454036219361997
Q12754,0.3651906638047606,0.5159746601370724,0.611015657053034,0.2139476609773902
P19838,0.23035773272119897,0.51653577089999,0.6115755262844615,0.2135499022856758
O94889,-0.09297494506720483,0.5165881527484615,0.6115329748042994,0.21358012016581032
Q15382,-0.05107396092726901,0.5168164441079478,0.611698642564689,0.21346248325455858
P76015,-1.1385912493573365,0.5175398592835627,0.6124501770089538,0.21292923550250253
Q9UI30,0.023832718088016236,0.5177263986520988,0.6125662310777737,0.21284694820984423
Q86WR0,-0.10695838442601513,0.5177739154555945,0.6125177841473666,0.21288129725740418
Q14139,-0.05331590740553338,0.5179263736526452,0.6125934764555714,0.21282763233263396
O00193,-0.03545496052748476,0.5181782926963749,0.6127867632160034,0.2126906244530238
O00264,-0.05633868054639635,0.5188209470792811,0.6134419804605434,0.21222650670615043
Q6ZSJ8,0.055507972468532785,0.5192201576325646,0.6138091807150209,0.2119666201334962
Q14155,-0.10126662194409874,0.5194283614731693,0.613950490754562,0.21186664915040018
Q8WWH5,0.5365969361310263,0.5197317891122297,0.6142042853410272,0.21168715778310185
Q8WUD4,-0.026006027588884706,0.5210688083918587,0.6156792541476501,0.21064548009536727
Q8N5N7,-0.06066328302621926,0.5212915282955073,0.6158373216034965,0.21053399507669807
P53177,0.26584680310204334,0.5213784522020406,0.6158349374013867,0.21053567644251994
C9J7I0,0.2199085042201787,0.5214261894837782,0.6157862759654921,0.21056999445015437
P04908,0.28223248287693536,0.5215680772192861,0.6158488005911216,0.2105259000581804
Q15386,-0.0949332751133447,0.5216911105755695,0.6158890451193936,0.21049752068082764
P28904,-0.521728496130546,0.5220308520725854,0.6161850698517868,0.21028882883559377
P38969,2.6073193962555763,0.5220757307651548,0.6161330083207656,0.21032552396496967
Q5VIR6,-0.46706243383000157,0.5224319646460527,0.6164483509218249,0.2101033048740997
P02765,-0.05722248539609964,0.5227219995531958,0.6166854872902244,0.20993627188168207
P05771,0.019101705289646276,0.5227806165562228,0.6166495722376978,0.20996156542866024
Q96A73,0.2661227411438034,0.5229899780147429,0.6167914508216794,0.20986165455291783
Q9BW61,0.3249403798749242,0.5230058699580714,0.6167051504750829,0.20992242450450907
Q9NVX2,-0.042377810759436585,0.5236579714561548,0.6173689416588483,0.20945522261138969
Q96NA2,-0.053902372602131265,0.5241372851003652,0.617828832488071,0.20913182815129802
Q99584,-0.08303436396659336,0.5247205247738156,0.618411049112153,0.20872275950763272
P49368,-0.016244576051164472,0.5250009169843759,0.6186362064669535,0.20856466595479783
Q99081,-0.053728966263349776,0.525094905075704,0.6186416747905691,0.20856082710370788
P43619,0.15447923446578926,0.5266399715276664,0.6203564414524604,0.2073587039289692
Q9BUB5,0.20407350117974232,0.5269178908719718,0.6205782405847139,0.2072034562086037
Q9H0H5,-0.21745449530605043,0.5269300455590564,0.6204870128317869,0.20726730411612498
P68036,-0.034088992323141554,0.5270085378133893,0.6204739186906831,0.2072764691318517
Q13015,-0.431981701753994,0.5277423650621168,0.6212322570027367,0.20674600195413467
Q9UIW2,0.17776697595347457,0.5278610870722196,0.6212663890681708,0.2067221413765403
P28288,-0.0880740220335241,0.5279651192545876,0.6212832232696744,0.20671037363584305
Q02875,0.3851085880537859,0.5306518838448487,0.6243387669909486,0.2045796976371372
Q13901,0.053736043345896434,0.5312259681845677,0.6249080196585026,0.20418390184709678
O95573,-0.04546673833777959,0.5317531867932794,0.6254219577639998,0.20382687530233193
Q9UK58,-0.1533536792836685,0.5320212041284604,0.6256309132787806,0.20368180033391625
Q9Y2Y1,0.11238521109589428,0.5323431453783846,0.6259031989471786,0.20349282879251415
Q9H204,0.1002750680446951,0.5327197926868047,0.6262397019632319,0.20325940270923293
P05386,-0.060851378540615286,0.5334082186033808,0.6269425404192512,0.20277226064034742
P05114,-0.05133701344772135,0.5334420882496584,0.6268759367007188,0.20281840069648457
P13987,-0.028611939571568712,0.5336629793763665,0.6270290970985851,0.20271230539552118
P31483,-0.03783035862727857,0.533936386383016,0.6272438987641674,0.20256355439907028
P17252,0.09573982059726305,0.5346536871403395,0.627980005048297,0.20205418402623382
P41134,0.12561552259398923,0.5356725251052006,0.629069973512281,0.20130104387101047
Q16656,-0.12881981950282295,0.5366240989608431,0.6300805937264503,0.2006038963050541
P55039,-0.12312283035910809,0.5373971462938136,0.6308812887314964,0.20005235311575775
P23883,0.3815600511376829,0.5375712592971191,0.6309787081493903,0.19998529541393634
P0C2W1,-0.31109850168069997,0.5376078203777743,0.6309146692026627,0.20002937482938254
P46957,0.5475990488237414,0.537897984470746,0.6311482197043629,0.19986863847276598
Q9UJ70,-0.22240091994827793,0.5381629714639198,0.6313521542555371,0.19972833332459888
Q66K64,0.3513794309503133,0.5398382211482984,0.6332102055278364,0.1984520941749583
P76097,0.2697508471085328,0.5402313867840629,0.6335640450699275,0.1982094770479787
Q16342,0.051619280182375604,0.5403384856065194,0.6335823326569925,0.19819694148256997
Q12029,-0.29187216362621626,0.5403922814472065,0.6335381233898506,0.1982272461638414
Q05926,0.485305764394127,0.5407074861951695,0.6338003444075425,0.1980475291497344
P38630,0.08005467553162404,0.5410089026535575,0.6340463171924903,0.19787901567286545
O14657,-0.14216443172196946,0.5415249128277602,0.6345436616042327,0.1975384896584694
Q9UHQ1,-0.06779208037321993,0.5420090896448005,0.6350035425889339,0.197223851837892
P07003,-0.4005251047875866,0.5428397862006273,0.6358691726701309,0.19663222937050093
Q9NWU5,-0.07487998480225855,0.543016754871025,0.6359688786750638,0.19656413616036636
Q6PD62,-0.03054219095002253,0.5434195154418431,0.636332948574213,0.1963155889223498
Q12482,0.7857481698172606,0.5440451734504443,0.636957859481041,0.19588929921918083
O15382,-0.03071412460603895,0.5441127450642815,0.6369292724979012,0.19590879100730285
Q8IYU8,0.14424690171185262,0.5446092336833221,0.6374026933778436,0.1955861057247527
Q9Y5X2,0.7152624493082591,0.5457059832528979,0.6385783721553261,0.19478579455425885
Q96GX9,-0.0254313178906429,0.5460863882237028,0.638915537691943,0.19455655019651763
Q6QNY1,-0.06552703773383328,0.5463071741940273,0.6390658682411633,0.19445437699120197
O95825,0.1322225477320842,0.5465005129240621,0.6391840458591564,0.194374073621792
P31150,-0.045036426014036124,0.5467976952754402,0.639423617984656,0.19421132650822148
P47224,-0.07323090814678679,0.5479435427053658,0.6406553680668614,0.193375530538256
Q9Y2X3,-0.016180658806710824,0.5489294571573338,0.6416997402257942,0.1926681365207574
Q9BZE2,0.7690330014854148,0.5490415442781942,0.6417224261617516,0.19265278323005988
P39925,-0.5983099176083293,0.54925313814284,0.6418613887765442,0.19255874854945904
Q8TB72,0.09333268872717326,0.5495965323243674,0.6421543013523321,0.19236060405865668
Q9BQ75,-0.06453709547013275,0.5497197159403622,0.6421898621850967,0.19233655462722865
Q86YF9,-0.26514352439191313,0.5497732296208466,0.6421440354073452,0.19236754706112238
O94842,-0.04606158289378115,0.5510532989358148,0.6435306193003174,0.1914307844599723
Q8TAD8,-0.05300664131247501,0.5515053014093405,0.6439498662661507,0.19114794265802978
O75400,-0.01718817820159657,0.5519012492953363,0.6443035323083643,0.19090948768543103
P54132,-0.04519673068006469,0.5523252049723724,0.6446897706049741,0.1906492207537744
Q99933,-0.17844212892984856,0.5523613339495189,0.6446232725883143,0.19069401937249766
P41819,0.5670134720734836,0.5528390699955367,0.6450720796510104,0.19039175506132097
Q9BZD4,-0.03393612804569557,0.5529698190218331,0.6451159270273247,0.19036223583855968
Q9NZD4,-0.051047753158584896,0.55309447494748,0.6451526523814608,0.1903375128949709
O14773,-0.04856513417323782,0.5534814826631246,0.6454953319790255,0.1901068940684842
Q9NZQ3,-0.12291321606115346,0.5540224077825675,0.6460173714190801,0.18975580366123931
P50914,-0.05237959891113775,0.5541275852786003,0.6460312174556371,0.18974649556350223
P78318,-0.026754940000781602,0.5546923514364424,0.6465807813713681,0.18937720827442794
P82921,0.09742802246410065,0.5555049102155096,0.6474189527574801,0.18881459106642434
Q9NZZ3,-0.1061428391566821,0.5557012083292121,0.6475387355219564,0.18873424713818887
P02748,0.31434537893505166,0.5557556825511525,0.647493243477062,0.18876475903966564
Q9BQP7,-0.07421060953290137,0.5560198585669116,0.6476920425163688,0.1886314386145646
P50583,-0.3219514574540163,0.5565187873362327,0.6481641856208705,0.18831496962738087
Q99717,-0.13514706427602263,0.5565536037218227,0.6480957201765726,0.18836084648364146
Q9Y448,-0.043484493146895176,0.5567045953829532,0.6481625388316072,0.18831607303977901
Q04322,0.5675409291382749,0.5575028441120319,0.6489827997027082,0.18776681335862988
P50502,-0.019140508410622203,0.5576585292032663,0.6490549094307305,0.1877185607434963
Q9HAS0,0.33243204290395667,0.5586248158727135,0.6500702899332216,0.18703968200375054
P32660,0.5081080816382695,0.5587776354583219,0.6501388586646649,0.18699387549368762
P13284,-0.13546183106287657,0.5588200409828108,0.6500789589658909,0.18703389049472963
Q9UM13,0.0645241211277714,0.5592403426490979,0.6504586145644808,0.18678033021391835
O95235,-0.15456502632148528,0.5592894826884334,0.650406512955108,0.18681511851130958
A5PLN9,0.23539558740863598,0.5594091155040639,0.6504363922334405,0.1867951677460733
Q29980,-0.25796791581318246,0.5596157039669555,0.6505673496083277,0.18670773669012627
Q9UK41,-0.026883215695281848,0.5598331910182153,0.6507109307722214,0.18661189783939391
P23284,0.019314259201358652,0.5600738931895571,0.6508814428406333,0.1864981103705456
Q96JC1,-0.12179181850454412,0.5604506752924104,0.6512100143857442,0.18627892943484567
Q92828,-0.09114308787981074,0.5604576483543653,0.6511088518801385,0.18634640034260333
P78362,-0.029270135211309167,0.5608347958838517,0.6514376994966934,0.18612711189085443
P50747,0.14481454744288413,0.5621705173756021,0.6528796817022255,0.185166846883225
Q12972,-0.02340337826845129,0.5622769047562013,0.6528937260660637,0.18515750469616454
P47914,-0.13937805734849817,0.5627101487826702,0.6532872351058364,0.1848958276164904
Q9BUZ4,-0.15576395845583235,0.5629849268661765,0.6534966695090371,0.18475662142319665
O95639,-0.03148710026449564,0.563374099858292,0.6538387977570925,0.18452931264538702
Q96MW1,0.05216009531967458,0.5645712810070422,0.6551184095345669,0.18368019625278093
P32867,0.3951987337796936,0.5653801404116663,0.6559470663891382,0.18313120590277496
Q04279,0.06297231299297579,0.5657625013132245,0.6562807101847489,0.18291036061194335
Q96CP2,-0.04304466466230039,0.5658585956821705,0.6562822305700751,0.18290935449644666
Q9Y3E1,-0.059866432715125484,0.566159170486213,0.6565208669312576,0.18275146569167194
Q8N0S6,-0.2886298051019338,0.5662829925052985,0.6565544943246293,0.18272922143697606
Q8N9Q2,-0.09716208280404359,0.5663386084583897,0.6565090448628645,0.18275928616708045
Q86V59,0.5565666113305134,0.5663488633658713,0.6564110361475215,0.18282412582479704
P63172,0.05501834796150362,0.5663562652726722,0.6563097541000807,0.1828911411943005
Q8TEB1,-0.5099021941231712,0.5663608699160948,0.6562052649429452,0.18296028945363493
Q15388,-0.1919626557361518,0.5663898349097224,0.6561290307704397,0.1830107462322118
L0R819,-0.0988464380764782,0.5672130016988978,0.6569727038747354,0.18245267428016582
Q969Y2,0.16551046668330116,0.5673579869644734,0.6570307244927268,0.18241432120786377
Q5VV42,0.1433820127905321,0.5674046582638186,0.656974891942923,0.18245122785118656
Q9H009,-0.666232962559917,0.5675621162494924,0.6570473320366971,0.18240334383149134
Q6P6C2,0.21656241517256092,0.5691941023442543,0.658826473525847,0.18122895796131253
Q92696,-0.03739262757236261,0.5692415548213912,0.6587712728703514,0.18126534742867276
P43591,0.43899192935331044,0.5692757418459152,0.6587007414005878,0.18131184773807796
Q9BTC8,-0.07419479027450393,0.5695651721573746,0.6589255224757997,0.18116367039185438
Q9H0E2,0.04784195860228735,0.5697337369495082,0.6590104234277305,0.18110771620819696
P56962,-0.11106393258546987,0.5700105129420895,0.6592204428947767,0.18096933332135628
Q9UHA2,0.39152573069796404,0.5701433055924321,0.6592639024585838,0.18094070310087515
Q9UBF1,-0.06028864556000002,0.570296319316868,0.6593307254883944,0.18089668521619615
O94855,-0.13931829691003372,0.5706385922496768,0.6596162959493761,0.1807086235650137
O14543,0.05459631655744346,0.5711069005534528,0.66004743439027,0.1804248527101003
Q03177,0.23429134897647685,0.5717504605021685,0.6606809393386206,0.18000822241745285
A0A7I2V3R4,-0.05200233414466737,0.5719179928647955,0.6607642553972708,0.17995345858052977
O43504,-0.03688900984745658,0.5719305365195011,0.6606685076511555,0.18001639438631287
Q13464,-0.06514568917084063,0.5722406765318941,0.6609165044715322,0.17985340274991357
O75506,-0.053679742228187166,0.5724280855127235,0.6610226924766675,0.17978363121294694
O95486,-0.04378737739146743,0.572806819628189,0.6613497447232918,0.17956880975281456
O00330,-0.02011857572015785,0.5729293381040557,0.6613809164775728,0.179548340399113
Q4G176,0.10417891633667864,0.5731032405234004,0.6614713847948033,0.17948893861860624
P17121,1.0895620905528993,0.5738900256313149,0.6622690895785374,0.17896551452694168
P53941,0.19213792864129076,0.5740011169691752,0.662286907831123,0.17895383005487603
Q9BZL4,0.07229534870462118,0.57402828814422,0.6622079085489136,0.1790056369052377
Q04651,0.4058259542706111,0.5744522448726737,0.6625865972844232,0.1787573532175475
O94913,-0.04616372588932194,0.5746523900964493,0.6627070534689898,0.17867840700606785
Q9UIC8,0.11140597295676713,0.574846384935233,0.6628203779003419,0.17860414799919075
Q99653,-0.12531407285431584,0.5749417098085221,0.6628199132058287,0.17860445247735757
Q5JWF2,0.09220838725626024,0.5752904269617298,0.6631115226041314,0.178413425473735
Q8NI22,-0.05840861393834018,0.5756591861471949,0.6634261326370136,0.17820742543558452
O95785,0.04210943491725416,0.5757469123514198,0.6634168116360843,0.17821352722673756
P33421,0.0686325216583974,0.5758130387160253,0.6633826089966322,0.1782359179775216
Q16543,-0.02344614974653325,0.5758590967982562,0.6633253013194353,0.1782734370241772
Q8IYD1,-0.07719177151238199,0.5758802977256283,0.6632393848057636,0.17832969220454561
Q9C0C4,0.2406245358438781,0.5762947125286249,0.6636062846413102,0.17808950966980244
P23443,-0.18591312024727102,0.5766780134732721,0.6639372406532983,0.17787297082192566
Q8N8N7,0.13172438580264867,0.5768498767118709,0.6640246959855353,0.17781576832656712
P26639,-0.014283906131272062,0.5769815181192742,0.6640658296971168,0.17778886632911994
O75575,-0.09122435267753914,0.5774681001172053,0.6645153939191507,0.17749495389851846
Q7Z5K2,0.030221533355899055,0.578566362982742,0.6656685771506324,0.17674194341212443
P20339,-0.08182782867068639,0.5793586208714837,0.6664693621721471,0.17621981045928378
Q8N573,0.22453374501104406,0.5801310094373842,0.6672470281303069,0.17571335185215634
P15559,-0.020074211792049823,0.5801687552539931,0.6671796149109198,0.17575723165531335
Q9UII2,-0.030926210030706613,0.5803939938129908,0.6673278002592409,0.17566078246573572
Q9BY42,-0.031640082126635605,0.5816382447875437,0.6686473861711693,0.1748028487673554
Q06830,-0.04480257528058118,0.5817380661025728,0.6686511237872201,0.17480042114777117
P56645,-0.06673748151893122,0.5822623731768339,0.6691426841288628,0.17448126590539786
P28072,-0.030769291123082354,0.5825224208440059,0.6693304417397771,0.17435942245062194
P46970,-0.49841834681772923,0.5826858282990783,0.6694071138448346,0.17430967667029346
B2RUZ4,0.07985661757743046,0.5828877504242471,0.6695279999896295,0.1742312558637537
Q96TA1,-0.022069870925630397,0.5833257960412299,0.6699200218592596,0.17397704228196514
Q9Y4P3,-0.04753820133065645,0.583908705654909,0.6704782550505125,0.17361530262179203
O00299,-0.03080138543022315,0.585089564399073,0.6717227895704164,0.1728099171222089
Q9NUM4,0.04681413376356147,0.5854064196120607,0.67197514081464,0.17264679302760708
Q5T0F9,0.07604594459279213,0.5856643895050635,0.6721598264434046,0.17252744794408822
O75208,-0.06638006692942611,0.5857080618372194,0.672098544938831,0.17256704482496177
Q53HC9,0.05128303204316609,0.5857281330643033,0.672010206021083,0.17262413113519243
Q9NRY4,-0.08244236438200758,0.5866510380051217,0.6729575525426545,0.17201232846231884
Q15652,-2.131522491043082,0.5873416737889436,0.6736381893845694,0.17157330011759286
P62942,-0.03258224176511959,0.5876360513340013,0.6738641966605872,0.1714276176835113
P13995,-0.03428377392316406,0.5882183330091734,0.6744202248311834,0.1710694143606618
P25325,-0.03151868883267994,0.5882382045467889,0.6743313457420474,0.17112665202972757
Q08623,0.06618851350262389,0.5886168823079017,0.6746537482370321,0.17091906244580332
Q9UID3,-0.04585411034352305,0.5899611074857549,0.6760825402567638,0.17000027951729554
Q06408,0.48850184403872277,0.5909690383647868,0.6771255372559628,0.16933080681960896
Q8NG31,0.05654414408346753,0.5916410081450856,0.6777833124415243,0.16890912803888689
P36955,-0.1539235553594196,0.594062643908715,0.6804449539162849,0.1672070022422106
Q9UJA5,0.043059188155343264,0.5944991383610825,0.6808322914343591,0.16695985412914538
P12955,-0.06580696169275413,0.5948540621610953,0.6811260999509549,0.16677247774484436
Q9Y3D6,0.035922198231254754,0.5960892025976976,0.6824275196406182,0.16594346808455457
P25516,0.08299992992962046,0.5961326856689316,0.682364476040946,0.1659835906637653
P0CAP2,0.1557950819337819,0.5974800026447529,0.6837936426962428,0.16507494120361824
Q9HBH1,0.11576599535685972,0.5982488811046575,0.6845604450121712,0.1645881986968813
Q9GZY8,-0.06960322414661135,0.5985881922113672,0.6848355325299912,0.16441371447961184
Q8TAP9,0.16922413000662218,0.5986962569665362,0.684846007473368,0.16440707175285527
Q9UIQ6,0.4786423127947863,0.5987237883355969,0.6847643723877888,0.16445884365493785
Q9Y2H0,0.09985284769714298,0.5987922977812505,0.6847296234248355,0.16448088286491158
Q9Y2Z4,0.08261079165427532,0.600512473929734,0.6865832842618028,0.16330677422985906
P11142,-0.02288986845831431,0.6011370736677422,0.687183935624145,0.16292700160890897
P30049,-0.04013406652740059,0.602664591874521,0.6888163806766563,0.16189653351594072
P26374,0.11506832695404157,0.6034397427840497,0.6895885094960819,0.16140998370309664
Q8N0Y2,-0.06606135291093551,0.604323113445884,0.6904840325906436,0.16084636000780292
Q9BV57,0.04791639253954472,0.6044277215389482,0.6904896129245466,0.16084285015339098
Q9UBK9,-0.054296328571055597,0.6049457889262544,0.6909674435046825,0.16054241491141555
Q9NX74,0.21155581370479126,0.6052285449431543,0.6911763887821871,0.16041110617261212
Q12382,0.12995462230621513,0.6061563930157629,0.6921218445318507,0.15981744347716242
Q9Y3I1,-0.07489007913993717,0.6066884993664794,0.692615196968426,0.15950798363968785
P61077,-0.04505627383814925,0.6068897657544339,0.6927307514150511,0.1594355329154429
Q9Y5L4,0.03187635032401204,0.6071237883878396,0.6928836510297349,0.15933968596250325
Q9UGN5,-0.4465645604031927,0.6079266110583896,0.6936855397113201,0.15883735853353023
Q9NPA3,0.5978728999247878,0.6079586149069058,0.6936077524494012,0.15888606139807954
Q8TAE6,-0.402683133957634,0.6089632660987714,0.6946394817904271,0.15824053597426632
P51452,-0.06281358718308994,0.6093995003107252,0.6950225893841971,0.1580010798912144
P46783,-0.028640255399533743,0.6098213726335768,0.69538919369481,0.1577720625097908
P48567,-0.15077722416142691,0.6098907123659363,0.695353744841387,0.1577942021029653
Q6RW13,-0.08320619884057834,0.6099470933100957,0.6953035354097963,0.1578255623516743
O94826,-0.015601992979906498,0.6100019108251173,0.6952515605848745,0.15785802763080917
Q9BUE0,0.2570706937513947,0.6108165284708273,0.696065444886769,0.15734992559489872
Q9BZM1,-0.2165841382926672,0.6108876937913462,0.6960319881209942,0.15737080069805834
P27705,-0.7509723265712402,0.6109322401771089,0.6959682183261439,0.1574105921720922
P02656,0.13787314123086603,0.6113016295584449,0.6962744666989097,0.1572195306826554
P33313,0.05347352972025021,0.6113724023254106,0.6962405450166353,0.15724068952016537
O95218,-0.015070662042944605,0.611769602634562,0.6965783141986034,0.1570300500765783
Q13510,-0.11701510604437004,0.6119072236570486,0.696620456527689,0.15700377646599728
O95319,-0.04521119866918255,0.6122926436098923,0.6969446431620737,0.15680171562364237
Q9NPE3,0.04554622119356111,0.6129944153139715,0.6976287527340465,0.15637562828133242
P40006,0.5301385562993381,0.6131505268047461,0.6976917415934367,0.1563364176280318
O95721,-0.020687073784596777,0.6141161113693769,0.6986756416565176,0.1557243975479557
Q04781,0.32769084013174066,0.6151381206651524,0.6997234019197495,0.15507360107048418
P0A8T7,-0.36023323129060714,0.6153202959081867,0.6998156584869061,0.1550163443361393
Q9C0J8,-0.028553471713724576,0.615458229158597,0.6998575757421787,0.1549903319323558
Q9H5H4,-0.15039765782620051,0.6158242398054806,0.700158790872438,0.1548034540156751
Q9Y5U8,-0.06434758877225022,0.6159826385945388,0.7002239024180902,0.15476306850514177
Q14562,-0.048863825568631114,0.616077348860195,0.700216605959946,0.1547675939547993
Q14746,-0.07031248088351205,0.6164315748574374,0.70050422194533,0.15458924287351816
O75496,0.03352395804831332,0.6166305723150217,0.7006153729421086,0.15452033759971226
Q8IXM3,-0.021802848944840747,0.6177722904476001,0.7017974305265271,0.1537882261892839
Q7L3T8,-0.14524918359998296,0.6178422232919656,0.7017617378729609,0.15381031449569893
P00927,0.27140375517723214,0.6182507141967697,0.7021105371655623,0.15359450909248823
Q8IYQ7,-0.07897129415120929,0.6185590950288893,0.7023455516530058,0.15344916386335747
P18077,-0.016731164119274666,0.6186098966055723,0.7022880675679591,0.15348471052920024
Q96JP5,-0.0753321519932939,0.6186163121341286,0.702180220527329,0.15355140818997953
Q96BN2,-0.09309304444159494,0.6189316431982956,0.7024229958211767,0.1534012790000656
Q6I9Y2,0.026321796416766574,0.6191936136990005,0.7026051427813634,0.15328867567494445
Q8WUB8,0.10039997679146495,0.619301668612444,0.7026126091221632,0.15328406060286048
P08539,0.6932217144512407,0.6200630338405785,0.703361147823094,0.15282162486191653
Q86VX2,-0.35952527071788154,0.6201315478004356,0.7033236424193637,0.1528447834117188
Q9NR19,-0.04091010450240162,0.6201992711129429,0.7032852527327246,0.1528684892607732
O43865,-0.03360727020083942,0.6204687844007549,0.7034756612396965,0.1527509236338511
Q9P1U0,-0.1191059231520093,0.620632647432763,0.7035462427675919,0.1527073519338972
P07108,-0.052768208927059135,0.6208585229856873,0.7036870867822719,0.15262041854864486
P61586,0.02075581731049425,0.6212867597722063,0.7040572053457865,0.15239205256714247
Q9ULH1,-0.46257991104805285,0.6217164853905556,0.7044288896815918,0.1521628412737304
Q9BYJ9,-0.10793676423386955,0.6218594477952306,0.7044755917104347,0.15213404949445017
Q9BZL6,0.08295848712650411,0.6218786076689748,0.7043820512841455,0.15219171904145365
Q96SZ6,0.07572346175716405,0.6226077142790504,0.7050925439431052,0.15175387778003743
Q9GZL7,0.024275512439409397,0.6227777350583551,0.7051697526646036,0.1517063244676987
Q58WW2,0.15156564007196138,0.6239776963698422,0.706412944680312,0.15094135111831233
Q86UE4,-0.029861765918809624,0.6245980744133643,0.7069996840343525,0.15058078029386132
Q9NR56,-0.022601977001002638,0.6248547145644517,0.7071745739856593,0.15047336249757584
Q86SQ9,-0.11169808330575748,0.6256438118765012,0.7079519126381589,0.14999624059434427
Q9H4L4,-0.047975645507179365,0.6259507686600128,0.7081835166996615,0.14985418586608884
O75874,0.027539251818041066,0.6262452701938322,0.7084009558604958,0.14972086147877436
Q9NXW9,0.0649377622993228,0.6268380757721894,0.7089557067374452,0.1493808972857798
Q96PM5,-0.13225488312486533,0.6276179551398271,0.7097218228626756,0.14891184067342705
Q9UG56,0.13862965543079397,0.6278852698924056,0.7099081660246598,0.14879782813764184
Q6IQ49,-0.06116000080825046,0.6283006774472446,0.7102618596970974,0.14858150585141192
Q96AD5,-0.09238486652834155,0.629114117190076,0.7110653195272749,0.1480905024949078
P54278,0.18657562385309134,0.6297992162830532,0.7117234818906252,0.14768870526020522
P68371,0.05342233346551595,0.6301370144961811,0.7119890157264291,0.14752670642802748
P84103,0.02321954396794368,0.6307439287069443,0.7125584862729454,0.14717948328694516
A6NJ78,-0.06053816047275973,0.6309106950687049,0.712630612178746,0.1471355257756896
Q5PRF9,-0.1254174247910207,0.6310714447237984,0.7126959196326179,0.14709572764349949
P02795,-0.05786975513205661,0.6312886041500532,0.7128249013592577,0.14701713734657224
P53848,0.022325265143049222,0.6315126237499005,0.7129615859847238,0.14693386908823242
Q9BZG8,0.06408836816478214,0.6315618022231008,0.7129008670676148,0.1469708570748465
P61978,0.06062002631670893,0.6319731466643612,0.7132489107586043,0.14675888290522016
Q5VZL5,-0.03144777317415404,0.632284113482906,0.713483572645965,0.14661602169627153
Q06708,0.453254269366532,0.6323883477063622,0.7134849143749148,0.14661520499221056
P43366,-0.025898366535422213,0.6328902127020798,0.7139348049444771,0.14634144529049642
Q9Y5M8,-0.08944068767658209,0.6335127612542755,0.7145206644281811,0.1459852065967956
Q9NP61,-0.03566909669912377,0.6336344994121366,0.7145415755585722,0.14597249673953985
Q16795,-0.027750284988595553,0.6338256032976877,0.714640689990749,0.1459122597045892
P62937,-0.08467592703287252,0.6352371979504636,0.716115655911594,0.14501683150792166
P20604,0.22345800928464854,0.6359439785585954,0.7167957199315831,0.14460459655972197
Q8WXW3,0.0874695920383104,0.6364230127090711,0.7172189029944024,0.1443482727100008
Q7LBR1,0.08367792172337474,0.636506890482063,0.7171966980793822,0.1443617185649649
P53720,0.24732484410477085,0.6365096819704462,0.7170831496848958,0.14443048260893346
Q13613,-0.2636919881071833,0.6372024920504412,0.7177468773315853,0.14402868829242665
Q96EB1,0.1108417134389903,0.63762360032023,0.7181043930737269,0.14381241642581402
P0A6Z3,-0.2753830111067934,0.6377292129842096,0.7181065328838294,0.1438111223154531
Q9Y692,-0.1017483285312224,0.6377783705247138,0.7180451117907509,0.14384826998284833
Q9P0U4,0.18138802168569157,0.638246529115585,0.7184553678420275,0.14360020609897617
Q12933,-0.0430930724499099,0.6386742099105813,0.7188199332608689,0.14337988817801886
Q96H20,-0.11654013152841003,0.6393117988762467,0.719420590836849,0.1430171362160805
Q9BZL1,-0.07066182042623481,0.639843848346346,0.719902308409181,0.14272643384287356
Q05636,0.29826389127955366,0.6400977742616742,0.7200709973985104,0.14262468098778483
Q5VUA4,-0.34966779430088124,0.6401009700210467,0.7199576212517426,0.14269306662177123
O75113,0.4183366765708527,0.6402370656132317,0.7199937375842158,0.1426712809915737
Q46845,0.22114429845003514,0.6407829581888731,0.7204906142415975,0.14237167232345832
Q9H267,-0.02706916369428214,0.6408288512839799,0.7204252258954825,0.14241108864067406
Q12840,-0.04668083463914385,0.6408588478237369,0.7203419906382393,0.14246126831237385
Q99623,0.016467818631021203,0.6414439539593797,0.7208826387298726,0.14213543361724412
Q86UY5,-0.08176814462361648,0.6417206508460904,0.7210765638523743,0.1420186194785891
Q9NVS2,0.03633442162341538,0.6417441251817682,0.7209859358686618,0.14207320689528122
P30041,0.027382818746996662,0.6426611187782554,0.721899024403089,0.14152354510540352
Q9NX08,0.04544840195918809,0.6428758097546119,0.7220230505662503,0.1414489373695169
Q05639,-0.032020905721310555,0.643267611686122,0.7223459200964497,0.1412547758214306
Q2TAL8,-0.04054608026683937,0.6439933814196754,0.7230436473082265,0.14083548526016076
Q9Y3D9,-0.012233766629236698,0.6443351795552421,0.7233101140143476,0.14067546213928492
Q15006,-0.02073042406787806,0.6444448238488245,0.7233159280806064,0.1406719712344897
Q5TGZ0,-0.08913055586114282,0.6449671117698748,0.72378481067984,0.14039053521945702
P47736,-0.15735074686095984,0.6450865321515615,0.7238015149274691,0.14038051224197834
O60826,-0.05176526481154653,0.6452680582021465,0.7238878864212025,0.14032869081794677
Q9BR61,0.04294425552421188,0.6454377707440304,0.7239609792048707,0.14028484122370438
O60613,-0.044308748426090006,0.6456413096929772,0.7240719838539317,0.14021825612809247
P0A9Q5,-0.20801017735085026,0.6458059670144731,0.7241393547543663,0.14017784930411492
Q9BWJ5,-0.023895623603312544,0.6461212084569667,0.7243755258024672,0.1400362314508762
Q99808,-0.14660136704119253,0.6465825344375604,0.7247753712879501,0.13979657291329467
P20053,0.143696464234079,0.64660811757671,0.7246867280837068,0.13984969228016292
P00414,0.044901697108080896,0.6471729619646275,0.7252023933715942,0.13954077128038817
Q8N5I9,0.04958331388387904,0.6472939091355696,0.7252205545072304,0.13952989544447578
Q03653,-0.47221951962134057,0.6479168469603576,0.7258010432540877,0.13918241188750438
Q16718,-0.036685437684951694,0.6479343866453058,0.7257032826159976,0.13924091244444706
Q9Y4X5,0.027086076812651072,0.64812069972941,0.7257945536028522,0.1391862950898607
Q8N2M8,-0.10393643519016749,0.6483461274267359,0.725929590281811,0.1391055005602077
O14893,-0.05758975686096335,0.6483810633626942,0.7258513310789482,0.13915232241809872
P04066,0.20936085947331406,0.6493898248338255,0.7268631017053683,0.1385473769984936
P25791,-0.051825272267542744,0.6498039376709573,0.7272090616508338,0.1383407180693198
Q13185,0.03201972517185325,0.6498058537282463,0.7270936863630215,0.1384096264874857
P14741,0.5459494661305939,0.6501535918350928,0.7273652399202105,0.13824745729773744
P57743,0.15407839521558486,0.6505471432108901,0.7276879514688536,0.138054815753154
O95985,0.04841995313078584,0.6507842663543733,0.7278356097944889,0.13796670011152906
P08536,0.03206544165843184,0.651507843867986,0.7285271819996665,0.13755423967678843
Q9UNS2,0.026535586217772078,0.6516111516911046,0.728525046715519,0.13755551257847895
P62070,0.04165043069846419,0.6518814976300318,0.728709636679099,0.1374454871941811
Q13485,-0.05821764603008006,0.6521161539093361,0.7288542775897083,0.13735929303291472
Q9Y5Q8,-0.030604435583800438,0.6522076078697403,0.7288388439138286,0.13736848942709598
Q9Y3E0,-0.14820442233349596,0.6525014433825029,0.7290495391286833,0.13724296024272736
Q9Y6G3,0.04549980799006903,0.6532632207155673,0.7297829203347189,0.13680630497682897
Q96CB9,-0.07561035794108761,0.653406585155414,0.7298253259583943,0.1367810700846367
Q53FT3,-0.020862412337358194,0.6537377615380049,0.7300774614337332,0.13663105866241582
P63208,0.03470691416254468,0.6541201787574968,0.7303867308042103,0.13644712538456974
Q15642,-0.044082811102839514,0.6542606799153408,0.730425821949987,0.13642388206170247
Q8IY33,-0.043491330553745655,0.654582328178843,0.730667103064696,0.13628044552065283
P08174,0.16176395438279556,0.6547224417906865,0.7307057038940543,0.13625750253565777
Q99633,-0.11399320508337141,0.6548100766784599,0.7306857326223458,0.13626937261082503
Q16864,-0.024227727293812507,0.655415321534861,0.7312432623763097,0.13593812244996184
Q9GZM5,-0.056164449375369685,0.6560974414042833,0.7318863676950632,0.13555634204792044
Q4G0N4,-0.09420542016918532,0.657257890647702,0.7330627633448275,0.13485884035557955
Q14919,-0.030764798839150842,0.6572664558236088,0.7329542503016053,0.13492313240066944
Q32P44,-0.1080827408090812,0.6573402511136766,0.7329185022079061,0.13494431459374676
Q5VWZ2,-0.025876171198071063,0.6575770982681406,0.7330645352453076,0.13485779061508057
P50225,-0.17102344978075834,0.6579730292279214,0.7333878387595183,0.13466629590721893
Q16774,0.26636927829697754,0.6582909201025513,0.7336240674054507,0.13452642956005226
P49675,-0.11762349410783557,0.6585315039124339,0.7337740799951226,0.13443763342758763
Q9NQ55,-0.056479161258959465,0.6586981844870193,0.7338417102796656,0.1343976073395583
Q8WUZ0,-0.04618633182094811,0.6605580205268349,0.7357953240231346,0.13324297643612695
Q9BWH2,0.08355547198230084,0.6606449218908133,0.7357737556976018,0.1332557070715997
Q9UBH6,-0.14103176598490208,0.6617570646814233,0.736893843012894,0.1325950721333305
Q14696,-0.019277598278890196,0.6631723539277424,0.7383510819417413,0.1317370843907578
Q14192,-0.03312837533858115,0.6634069164908987,0.7384934871033734,0.13165333045025607
P61244,-0.04744764617413111,0.664595679005128,0.739697875169829,0.1309456288353959
O95881,-0.01686876062069942,0.6652504924397133,0.7403076839685913,0.13058774286710295
Q9H488,-0.04203985933525445,0.6653603733184832,0.7403109794081918,0.13058580963301727
O95865,-0.029790256516591285,0.665406483270967,0.7402433306825474,0.13062549675300383
Q9BPW8,0.07706662538972608,0.6661643900051961,0.7409674275334905,0.1302008829159324
Q9NVR2,0.15458162987451018,0.6662969721243301,0.7409958617071736,0.1301842174494945
O75379,-0.07890694581618263,0.6665495466872801,0.741157710175482,0.13008936911757574
P63279,-0.025478611050154143,0.6668652203437485,0.7413896572993119,0.12995347685672187
Q6ZN55,-0.12216297487704253,0.6670182147121546,0.7414406997378326,0.12992357802264967
Q9H7C9,0.13988698150561873,0.6674754325373942,0.7418298386659579,0.12969570200316397
P42574,-0.03898007829070593,0.6675349585394437,0.7417769303365604,0.12972667759048784
P23396,0.011589306150714407,0.6675700462331613,0.74169688705366,0.12977354374438055
Q71UM5,-0.024663078855855503,0.6679272680806703,0.7419747158977317,0.1296108938223032
Q7LGA3,-0.08162649670913069,0.6682310920816875,0.7421931475094008,0.12948305970509183
Q92665,0.02461195287142104,0.6687137685740252,0.7426101256786769,0.12923913335333678
P0DMM9,0.030814162898153086,0.669217794571594,0.7430506750503074,0.12898156693357368
P00004,0.1199993028892159,0.669843448875155,0.7436261087079643,0.12864537055594538
Q15287,-0.036415792503049715,0.6702433012285725,0.7439507242235709,0.12845582911339945
O15498,-0.025349316267831767,0.6707167924052753,0.744356959547063,0.1282187467336576
Q9NUY8,0.05675346639077006,0.6714322842154188,0.7450315922928782,0.12782531105363365
Q712K3,-0.04517960439473967,0.6723471225277837,0.745927171347921,0.1273035728299129
O00214,-0.045975440498487785,0.6724414071944629,0.7459122562342936,0.12731225680946964
Q9H9Q4,0.43932243874220944,0.6730919007430047,0.7465142272536545,0.12696191096792342
O95997,0.13333793103996427,0.6733273951253385,0.7466558109942094,0.12687955057244335
Q96DH6,-0.031942222211561955,0.6734222363126302,0.7466414033993037,0.12688793087196434
Q86U28,-0.31060075123521713,0.6737773218056977,0.7469154941054517,0.12672853141050938
P55145,-0.048793369253594676,0.6754730140791394,0.7486753881037236,0.12570644360019886
Q9NPI1,-0.12054432411041205,0.6758105257394529,0.7489295903040928,0.125559010043874
Q8NI60,0.07835104713937113,0.6760890414935168,0.7491183426630037,0.1254495688083153
Q9BV19,-0.5803856829242662,0.6764497167002363,0.7493980541491898,0.12528743890884295
Q9BQE5,0.0971271088475163,0.6767962300049357,0.7496619895303431,0.1251345088360528
O95714,-0.08505357675726799,0.6773959975595549,0.7502063159152844,0.1248192838861628
Q96KR6,-0.07463392095789345,0.6775563408991845,0.750263890034536,0.12478595550389365
Q14108,-0.12505633048973053,0.678016912586674,0.7506538379837112,0.12456029057475687
Q15773,-0.08117304027840078,0.6780922203791684,0.7506171916715207,0.12458149299704466
Q66K89,-0.1647321526541603,0.6796916174294525,0.7522673847636715,0.12362776700471101
Q9BTT4,0.1134941314277178,0.6800330761810947,0.7525250150995524,0.12347905887148636
Q99627,-0.04362192527786135,0.680192228647425,0.7525808550902479,0.12344683389606102
Q9Y3T6,-0.06517062783717975,0.6805501848508951,0.7528566032764975,0.12328773606525208
Q8WUX1,0.0424220562484372,0.6809736755241496,0.7532047490941233,0.1230869503403575
P45954,-0.05379813858409577,0.6811770918977964,0.7533094049353685,0.12302661044337972
Q7L1V2,-0.06100672524751971,0.6813764226082466,0.7534095097635739,0.12296890230134827
Q9BYG5,0.03515308589873811,0.6814528219331708,0.7533736770022792,0.12298955818686819
Q9NP72,-0.10940120774967355,0.6824246751535463,0.7543276581678089,0.12243996815646191
Q9H0B6,-0.02947788100373927,0.6824540739502578,0.7542397458949058,0.12249058547054911
P0ABH9,-0.041010109719742616,0.6828208696748272,0.7545246890565758,0.12232654495981879
Q9P0U3,0.1120900989857958,0.6829073689332318,0.7544998599798463,0.12234083648479396
P19881,0.2789510736352767,0.6838059113666858,0.7553720692889171,0.12183907772660213
Q75N03,0.06826723734168993,0.6842308426137219,0.7557209051295918,0.12163856394492088
P63313,-0.10959191657627443,0.6843797280008215,0.7557647905387062,0.12161334479653674
Q7Z3T8,-0.11130921190960308,0.6852138093368937,0.75656520743879,0.12115363471229433
Q7Z4G4,-0.07030837631346643,0.6852940846516307,0.7565332018698806,0.12117200739960148
Q86V81,-0.02319286476205562,0.685530111908619,0.7566731220875623,0.1210916924053314
Q9ULM3,-0.07793597167908928,0.6859370876054999,0.7570016567708768,0.12090317000367598
P46019,0.16246709801894355,0.6862149400767262,0.7571876087794824,0.12079650179055419
Q12830,-0.10409070940395893,0.6863743202434495,0.757242796903385,0.1207648491010702
Q9NP58,-0.1496378757027763,0.686453532159288,0.7572095358723769,0.12078392541257758
Q13459,-0.0927718933434285,0.6876090926542944,0.7583633892224171,0.12012264117957262
Q13952,0.018957663585148055,0.6878350784073903,0.7584918112586034,0.12004910353169948
Q03407,0.5294349643605649,0.6878698396891247,0.758409358281449,0.1200963167236318
Q9BRT9,-0.030601087763212576,0.6881375512337711,0.7585837294606959,0.11999647653069315
Q8WWQ0,0.22758189221615766,0.6883392039609132,0.7586852353112644,0.11993836761016273
P82979,-0.013320380833519607,0.6887210421013406,0.7589852770188893,0.11976664857286007
Q8NB49,-0.09060655756143277,0.689392484987178,0.759604323050799,0.11941257227656242
P40087,0.021124478824248172,0.6894055536154295,0.7594978604985256,0.11947344520474071
Q9NYM9,-0.0931886800537427,0.6904046614701034,0.7604775494780458,0.1189136024942425
P31321,-0.06765375916039673,0.6907630693212086,0.7607513109559485,0.11875729057617859
E9PRG8,-0.027937322577415102,0.6907908992771876,0.7606609711506437,0.11880886644347986
Q15404,-0.032225407154214736,0.6911104640943435,0.7608918513896064,0.11867706685946783
P25386,-0.02305835086012209,0.6914799641594187,0.7611776266835955,0.11851398542791683
Q9UBB5,-0.07839243146405295,0.6915712125511191,0.761157061787307,0.11852571901192718
Q86U86,-0.0433379041364681,0.6916036785212132,0.7610718166053528,0.11857436020208688
P16220,-0.19079631315853973,0.6916968228347535,0.7610533610849886,0.11858489170208797
Q9P2R3,-0.039621493946746966,0.6922475359814768,0.7615382807651327,0.11830826080174042
P51572,-0.05149596390461042,0.6926198278519644,0.7618267971480542,0.1181437551604383
P60983,0.032986000658738135,0.6928462324260052,0.761954782928472,0.11807080045478369
Q9UKL6,-0.06785236208270007,0.6928722006477004,0.7618623340137649,0.11812349713749985
Q9UJV9,0.015446966580423549,0.6931673445336118,0.7620658452763939,0.11800750240744438
Q01196,-0.0496728931751278,0.6938193280654674,0.7626615379465465,0.11766815511747399
Q9Y4E1,-0.03204055333211642,0.6942990679915176,0.7630677375830585,0.1174369079785672
Q9H993,-0.016475722988644748,0.6943438344544021,0.7629958276086779,0.11747783694876573
Q9UK59,-0.03687284685962666,0.6944124905767304,0.762950187996395,0.1175038156289731
Q96A33,0.09747513678782482,0.6946749826708305,0.7631174964323069,0.11740858901284737
Q01454,-0.17560805111298805,0.6949479769360215,0.7632962868504145,0.11730685029270894
Q08816,-0.5622272742391807,0.695633774675125,0.7639283514433886,0.1169473718325993
Q15276,-0.10698043893474107,0.696082872094601,0.7643003181704753,0.11673595962259771
Q8NEF9,-0.07981187548166702,0.696540472946862,0.7646815022489413,0.11651941532745168
Q9Y6D6,-0.08858487434590501,0.6967621397915031,0.7648035916164184,0.11645008122420389
P50613,-0.023746499571359436,0.6971244824005467,0.7650800310891402,0.11629313315690236
Q14241,-0.11467335174238258,0.6972829435558725,0.7651326626277117,0.11626325811158542
Q9P2N6,-0.40130590401705035,0.6974583728048294,0.7652038937253428,0.1162228287399743
P33334,0.18880742135650763,0.6984898977278838,0.7662142034011198,0.1156498017113886
Q9H3P7,-0.020783033831747844,0.6991971000820523,0.7668684810657579,0.11527911172902168
P12429,-0.08684600615143623,0.6994569448850319,0.7670319744035415,0.1151865317256152
O00418,-0.034627610422571564,0.7007714895503767,0.7683518279725746,0.11443987116783783
Q7Z7M9,0.041207312896016646,0.7008734928357558,0.7683419987958793,0.11444542693584592
Q9H8Y5,0.0679511622941078,0.7009397446910262,0.7682929859491318,0.1144731316400904
P51617,0.052392830643842814,0.7010003494761875,0.768237799900779,0.11450432788621663
Q9UER7,-0.06372780090780239,0.701589170089263,0.7687614201136346,0.11420841963214261
Q5VWQ0,0.040119508248682934,0.7017429133671962,0.7688082171130484,0.11418198352397652
Q9GZP4,-0.01582230028247622,0.7020420668807632,0.7690142811394406,0.1140655949677963
Q9NXH8,-0.1411326246964144,0.7020743714838686,0.7689280209038765,0.11411431245778625
Q92896,0.05628320500593631,0.7042711466659693,0.7712119910667676,0.11282622649417284
P62244,0.01318483654660696,0.7055735920159691,0.7725160580516399,0.11209248426463655
Q3SXM5,-0.07342148286541672,0.7057578380730692,0.7725956159395939,0.11204776056945978
P75823,0.4693087795448001,0.7063121208055605,0.7730801651055487,0.11177546926689931
O14949,-0.03604546069019321,0.7064149335608944,0.7730704915403244,0.11178090363512112
P78368,-0.09829424603585935,0.7066448875584925,0.7731999370188056,0.11170819001904887
Q96IZ7,0.0261498091952177,0.7066881871554078,0.7731251394950298,0.11175020466700948
Q92625,0.08655145242735074,0.7070485250281306,0.77339715439096,0.1115974301871546
P04114,0.05821196900318881,0.7072321621509815,0.7734758317380186,0.11155325185058246
Q86VS8,0.10812482034597082,0.7077711849254,0.7739430960870924,0.11129096950297543
P63389,0.21056531866314998,0.7089361843239841,0.7750946060728353,0.11064528538039423
Q96KC2,-0.1473041786972793,0.7091165478545276,0.7751693996439452,0.11060337969836812
Q17R31,-0.13516419145543423,0.7091384869600326,0.7750710155818887,0.11065850360675811
Q96F24,-0.04815361036814636,0.7097241082711759,0.7755886561978571,0.11036855156174673
Q86TB9,-0.02496372273394698,0.7105064577671791,0.7763210846741279,0.10995861835381218
Q9Y2Q9,-0.041307735471708185,0.7106512895937549,0.7763568206290878,0.10993862717857307
O00483,0.02156562346894475,0.7107782544550381,0.7763730294757349,0.10992956003446344
O95400,0.04970620167715012,0.7112025084211052,0.7767139066731439,0.10973891895086045
Q8NHG7,-0.08517620491587152,0.7113791291457394,0.776784275383236,0.10969957453080825
Q99836,0.4206218904208967,0.7116508208181294,0.7769584174305783,0.10960222388080097
O75170,-0.044142024390868784,0.711919279528116,0.7771289754773254,0.10950689794329976
P77552,-0.24171687405282327,0.712008915473541,0.7771043081240223,0.10952068338405262
Q53S08,0.1133063631583262,0.7123300886278972,0.7773323142095445,0.10939327801535491
Q9Y5K5,0.014925204822752391,0.7125339517697686,0.7774322537116102,0.1093374455437041
Q15041,-0.0939536337406679,0.7126563250429767,0.7774432636832473,0.10933129512217582
Q8IY95,-0.09424367263304134,0.7145675249839987,0.7794054100487093,0.10823658398578827
Q13362,0.07544426490323275,0.7155137014980517,0.7803145171164766,0.1077303133139514
Q9UMY1,0.014912076309038014,0.7157107488616921,0.780406492144623,0.10767912639840904
P42949,0.22617018785529552,0.715888018703273,0.7804768763189203,0.10763995952771398
P01033,-0.34563792740105015,0.7160591123351268,0.7805405059522068,0.10760455441441925
Q08951,0.32937671236235033,0.7163364773749703,0.7807199385084675,0.10750472921270174
Q12792,-0.11163324920773832,0.7164030994989637,0.7806696664983988,0.1075326951431839
Q9BUH6,-0.07072052988272404,0.7165186119911633,0.7806726781159424,0.10753101975292073
Q9Y3A4,-0.02214328455100656,0.7167235522683861,0.7807731082294377,0.10747515326745007
Q969F1,0.09329029588587545,0.7168983027933133,0.7808406242788897,0.10743760000171632
Q8TF01,-0.16991755504949424,0.7169049758135526,0.7807250790394838,0.10750186967652935
Q9UKA9,0.4795496417862566,0.7171060078068651,0.7808211979957121,0.10744840480909265
Q08431,-0.7763531256419824,0.7171947353656091,0.7807950232187857,0.10746296352208609
P33750,0.025059681648713195,0.71856931093123,0.7821685126376099,0.10669967120539352
Q9HC21,-0.06336603269267016,0.7187045024818006,0.7821927027953454,0.10668623996979641
P34949,-0.02977830569483686,0.7187969393542359,0.7821703611643455,0.1066986448229717
O60343,0.06615958603183714,0.7189594680737625,0.7822242861317932,0.10666870440371867
O60573,0.03477699012991309,0.7189669836804791,0.7821095671647506,0.10673240156700714
O75663,-0.01420733187067924,0.7191524210972497,0.7821884014573292,0.10668862819522329
A6NCE7,-0.017907092839308802,0.7192259458190801,0.7821455079081687,0.10671244463441541
O60508,-0.03744646151121245,0.7194138896569324,0.7822270370578832,0.10666717707972549
Q9H553,-0.07726344670198415,0.7207170355209083,0.7835209222714349,0.10594940212364243
P35221,0.04109432090619691,0.7213002551553799,0.7840318629035872,0.10566628731298876
Q5VTD9,-0.04876724332554616,0.7214914744422962,0.7841166173345565,0.10561934229191897
Q12986,-0.07405088791663417,0.7215662243391986,0.7840747861463608,0.10564251172668161
P32583,-0.8707365042811617,0.7216290522207062,0.7840200153108693,0.10567285003481297
P86790,0.03029925946850298,0.7219800756522579,0.7842783250417686,0.10552978734211034
Q8WVD3,0.028049258978867897,0.722300443886868,0.7845032585839488,0.10540524814831458
Q99260,0.6638210503790205,0.722444117185818,0.7845362401810859,0.10538699019412744
P16278,-0.024884562471562788,0.722523321778411,0.7844992127950005,0.10540748786921655
O75431,-0.020543107687860385,0.7234522796692064,0.7853846949560341,0.10491756621928575
P82664,-0.0316923674898284,0.7234636810036406,0.785273950034364,0.1049788091998828
Q8N9N5,0.17111375958344155,0.723637893647259,0.7853399334817588,0.10494231869458656
Q8N3P4,-0.5033581693801032,0.7240273999223401,0.7856395105880399,0.10477668357284053
Q7L273,-0.15730083969467046,0.7241741726974158,0.7856756458409444,0.10475670878818051
P43307,0.04399535891020179,0.7250044037197252,0.7864531554684908,0.10432714071701651
Q9Y3D7,0.12957338599863988,0.7251435595013385,0.786480890662166,0.10431182508239277
P61970,-0.02436923317567974,0.7252731315300509,0.7864982243874821,0.10430225351061043
P41229,-0.03245148078585913,0.7253209086873765,0.786426866857406,0.10434165803374763
P43355,0.08683445006399992,0.7259952764983328,0.7870348042076807,0.10400606187076467
P83876,-0.04933201649010144,0.7261638546613587,0.7870943221157244,0.10397322047469637
Q9Y6R4,0.08852930712598805,0.7274070070037679,0.7883183779142415,0.10329834869563613
O75191,0.18301285059353134,0.7276257696298161,0.7884320546035753,0.10323572729662955
Q86W50,0.0609204124213214,0.7282432390149555,0.7889776540352921,0.10293529700172817
Q6ZW49,-0.17018889065456833,0.7309049792165052,0.7917374962601819,0.1014187866211414
O00115,0.06409279130165757,0.7311997296150179,0.7919328840691982,0.10131162309927286
P12318,-0.07203562716733103,0.7315044606406353,0.7921390186856052,0.10119859397883399
P49441,-0.18807349496591996,0.7319427318312632,0.7924896755589784,0.10100638699913422
Q9BVK6,0.06475047309251636,0.7322139018599,0.7926593271541507,0.10091342570428485
P51397,0.05099825780070688,0.7327745587470954,0.7931422611794418,0.10064890889419459
Q96PU5,-0.19578876317475746,0.7328340060150818,0.7930826285789976,0.10068156266163181
P11274,-0.013583726973127597,0.733074659142744,0.7932190873424534,0.10060684385180191
Q04602,-0.08666835713363596,0.7337140696327444,0.7937869090839255,0.10029606763532337
Q03111,-0.06638184291648486,0.7340173550783483,0.7939909649371166,0.1001844395128021
Q15291,-0.016806380517358832,0.7343835145885211,0.7942629576711842,0.10003569132714162
P15790,0.03477942758787478,0.734520670556962,0.794287228320538,0.10002242059867443
Q9UPT5,0.0739363707136036,0.73481929024708,0.7944860658449067,0.09991371529704758
Q15118,-0.05009764431045838,0.7349179746541514,0.7944687051530592,0.09992320537544284
P49841,-0.07447197602577305,0.7357627989099117,0.7952578238607912,0.09949204954803764
O75319,0.08621215822442352,0.7358733398837853,0.7952531614414436,0.09949459572723879
Q15048,-0.31780206457474236,0.7358776664632922,0.7951337332384262,0.09955982137745649
O75691,-0.042081050458019575,0.7362445145916185,0.7954059945439799,0.0994111402955228
P26616,-0.1812169242984929,0.7363537606637349,0.7953999124548675,0.09941446115035282
P55211,0.05510064574748341,0.7366803824507928,0.795628602104085,0.09928961278654448
Q8TB52,-0.18929961530012207,0.737328523327622,0.796204412900882,0.09897541970194448
Q07655,0.13130196055530874,0.737446247021889,0.7962073622921503,0.09897381094173212
P53011,0.5723190516923111,0.7375095376335292,0.7961515495127154,0.09900425531197868
P0AC62,0.24151170050188497,0.7385782021656512,0.7971808997342118,0.09844311543995028
Q9NWZ8,-0.05577029009234735,0.7385978212236606,0.7970778232781525,0.0984992738733299
Q8WTS1,-0.044169041701934475,0.7393609208782227,0.7977770011159131,0.09811848799662577
O75746,-0.02145144582184244,0.7397644247354291,0.7980880144699457,0.09794921129233627
O95219,-0.101131946455979,0.7397880412777009,0.7979891568479204,0.09800300984364207
O00767,-0.21437608168935185,0.7398953469715035,0.7979805891636589,0.0980076727114775
Q96EL2,0.05495923626069299,0.7408698698392949,0.7989071762602832,0.09750367773206597
Q9BW85,-0.04174525314334687,0.741502957771996,0.7994653502979291,0.09720035430737306
Q9BTC0,-0.03305687037484972,0.7436665449279976,0.801673230123222,0.09600261834083623
Q96Q15,-0.09598173286565981,0.7436805279632952,0.8015635080351581,0.09606206270900633
Q96PV6,-0.08790925376334968,0.743785043605736,0.8015513839573722,0.09606863169555489
Q9NV70,-0.03869999219469378,0.7458254292187481,0.8036251590274839,0.09494647528893511
Q5T280,0.10695634196090964,0.745861106606206,0.8035385564246725,0.09499327952200014
Q9Y2I1,0.07259970681699102,0.7461985834505417,0.8037770677989345,0.0948643886272532
P23786,0.05496099459683634,0.7462613911592848,0.8037196877254453,0.09489539316796224
Q9H0K6,-0.05399346431957497,0.747343307963599,0.8047597300684229,0.09433376370792364
Q96A08,-0.0456201676884902,0.7486069122496513,0.8059950645959547,0.09366761753151641
P60953,0.012359815147245712,0.7496627401531879,0.807006345276846,0.0931230505221841
P48454,0.0480267163295629,0.7505855212455287,0.8078741099182404,0.09265630955642487
Q9Y248,-0.022820492535249315,0.7506156232344962,0.80778094113703,0.09270639783186922
P33552,0.05258006437071572,0.7509711162834509,0.8080379190593029,0.09256825846822614
O43181,-0.026714255306757195,0.7510374765054069,0.8079837612373272,0.09259736753715947
Q14554,-0.03158421577718684,0.7512410283259807,0.8080771912582089,0.0925471514330013
Q9HC07,-0.022091752113926333,0.7513697083681268,0.8080900684592902,0.09254023074167003
P07017,0.049857741591473825,0.7515145594108843,0.8081203306974628,0.09252396711280489
Q9GZY4,-0.0970213827010653,0.7521252573461366,0.8086514412833307,0.09223863505911965
P52298,0.0983169346478796,0.7530468516846729,0.8095165969670354,0.09177424277557444
P50896,0.40064445126559534,0.7536680430237178,0.8100586044545517,0.09148356054043069
Q96B36,0.0359847573784009,0.7538565555237136,0.8101354633627492,0.09144235634100376
Q96G25,0.067551948714204,0.7540867872280971,0.8102571251966704,0.09137714120289152
P40161,0.04089385730424766,0.7541152936007292,0.810162031480442,0.0914281140343332
Q8WYQ3,-0.0477377175967888,0.754559557480324,0.8105135550719459,0.09123971759064049
Q969T9,0.028818991867431976,0.75502263391375,0.8108851740683737,0.09104063999246005
Q6VY07,-0.33519809188689464,0.7553108572671654,0.8110689168296918,0.09094224205614444
O95167,0.03936741089265183,0.7570935024058565,0.8128570957758026,0.0899857987738725
P48506,0.11014686470058876,0.7572916456754601,0.8129437759157963,0.08993948965055858
Q9BYC8,-0.0647959875403572,0.7579493724439788,0.8135237102468004,0.08962978497753235
P07285,-0.3272667273517236,0.7586255793957118,0.8141232969212505,0.08930981732512568
Q9Y587,-0.05067755557936948,0.7591077390922627,0.8145144871338643,0.08910118682957505
Q6ZYL4,0.3629079360102416,0.7607883316058274,0.8161912624788888,0.0882080587633303
O60220,-0.035585894607155666,0.760791125611791,0.8160678162255678,0.08827374934815306
Q8TBB5,-0.04961393356975918,0.7614888451427752,0.8166897093817497,0.08794291666186861
Q6IBW4,0.08606633467928049,0.761991413424251,0.8171021444245802,0.08772364972571349
Q6UVJ0,-0.06103620077907834,0.7621660501395793,0.817162857102268,0.0876913817876632
P0A9W3,-0.3996385097674562,0.7622914089347315,0.8171707254163307,0.08768720006440192
O60563,0.02278146324911745,0.7624095840806403,0.8171708916678566,0.08768711170818612
P45577,-0.44183697929803856,0.7632351303143647,0.8179291196868382,0.0872843299015874
P46951,-0.14529621347514166,0.7638346923280658,0.8184449720952535,0.08701051493104059
Q709C8,0.20943445784713788,0.7644542986694773,0.8189821389428223,0.08672556959874853
Q53HL2,-0.04811766327360445,0.7650036262275894,0.8194438595296766,0.08648079478615757
Q9H845,-0.0391384142541682,0.7658435982633214,0.8202167168407173,0.08607138360047933
Q9NRN9,-0.02607500354611858,0.7660400660850588,0.8203002501659368,0.08602715600276616
P31641,0.07775337706883789,0.7670578651286458,0.8212631294496279,0.0855176743552136
P12904,0.10665670037978714,0.768769823428046,0.8229688091242718,0.08461662442553253
A0FGR8,0.0378044815348062,0.7696833281134589,0.8238193482543807,0.08416801240213521
P14854,-0.040268229520993515,0.7696883585844492,0.8236974026025852,0.0842323034920268
Q9BUL5,-0.16155078776361265,0.7703738349985464,0.8243035749544021,0.0839128166434947
P06197,0.13582405592895697,0.7706993885323945,0.8245245003396631,0.0837964349809757
P62072,-0.023777781761033623,0.7720577693114264,0.8258501459465962,0.08309875012843276
O43422,-0.17090028175987015,0.7726794298418007,0.826387453232102,0.08281628518813176
O75323,-0.07256717703687698,0.7726899673889759,0.8262710940851381,0.08287744015037238
O43427,-0.029728920106052215,0.773368738422179,0.826869231753423,0.08256316809974233
P36069,0.09336260920568407,0.7743973230199436,0.8278411401250717,0.0820529948411038
Q14653,0.11009269444866376,0.7746134308925507,0.8279443339765393,0.0819988615961663
P58546,-0.019101004368128116,0.7755876741802055,0.8288577027355677,0.08152002218942499
Q99504,0.05858838675394651,0.7756100434368779,0.8287536945612566,0.0815745225099574
Q9Y223,-0.042982099580804345,0.7760938084052538,0.8291426522755713,0.08137074355545025
P15735,0.0742547361742929,0.7766864628029977,0.8296478044504714,0.08110623177462488
Q9Y3D5,-0.045431477289909594,0.7771178178920437,0.8299805292433304,0.08093209574605344
P62753,-0.014014251564084645,0.7776338088435225,0.8304035306034161,0.08071081301401596
Q16626,-0.046061752490356156,0.7777603788525853,0.8304106188396763,0.08070710593830822
O43920,-0.022242895660390616,0.7777765801500129,0.8302998829723542,0.08076502328891873
P33121,-0.043326435436682686,0.7792526432591942,0.8317473873788593,0.08000855462953571
O14965,0.033057827890814906,0.7794528365815037,0.8318328360805073,0.07996394012989112
O14733,0.029131873933572194,0.7798853779085326,0.8321661822528402,0.07978993713644059
Q9NTM9,-0.044144043949426504,0.7805901065430871,0.8327898147464308,0.07946459500865317
Q96QZ7,-0.1054774979789741,0.7807925011256014,0.8328774114610482,0.0794189162929677
Q03280,0.16647992969549108,0.7810592701988077,0.8330336393802441,0.07933746065535652
P13073,0.009283611294122807,0.7814817967571843,0.8333559157164244,0.07916947732184601
Q9BUF5,-0.017082944305041536,0.7826385491247794,0.8344609353464695,0.07859398967445831
Q6NXT1,-0.07352155597110865,0.7830472519140425,0.8347681558510901,0.07843412645125618
P04003,-0.04097654143487972,0.7834890920323633,0.8351106024064169,0.07825600255971663
Q9H2D1,0.1368059026421875,0.7836219202869802,0.8351236226053641,0.07824923153266965
P98179,-0.013274164709748959,0.7836517174509238,0.8350268531286851,0.07829955807557222
Q96ER9,0.05115295353153826,0.7847001280203655,0.8360153387310372,0.07778575430124972
O15145,-0.012040746912305167,0.7850045480161184,0.8362109985328621,0.07768412455083011
Q53H96,0.022674397528653856,0.7854525987831499,0.8365595745230779,0.07750312587270372
O95067,-0.09025640439146798,0.7856854343080227,0.8366788599121423,0.07744120405060838
Q15125,-0.04273428811029589,0.7859244079774701,0.8368046441390132,0.07737591820152634
P16333,0.1079141466814093,0.7862052039878429,0.8369749127324452,0.07728755924108807
Q96G23,0.024692311995131888,0.7873707126688637,0.8380868277508396,0.07671098511717246
P17706,-0.06143544881481944,0.7877223129646854,0.8383322002716695,0.07658385230516447
Q8IY22,-0.02122922606544364,0.7888653053755678,0.8394196057200601,0.07602089150217975
Q9Y3C1,-0.01183037614936211,0.7913355086634262,0.8419187249516845,0.0747298313134937
P02647,0.13353529341429393,0.791779779698572,0.8422619749013539,0.07455280569963643
P55735,0.01875528217355793,0.7925069843465867,0.8429060460239274,0.07422083103048345
Q06587,-0.015986996783219354,0.7925708658348178,0.8428445208171216,0.0742525321117124
Q8NHW5,-0.1810037800184574,0.7925893116191415,0.842734704184726,0.07430912127326669
Q9HC38,-0.014868824074266485,0.7926887714231738,0.8427110476484041,0.07432131259200243
Q13576,0.05353356376517482,0.7927710866854875,0.8426691747329315,0.07434289250126352
Q8N5M9,-0.11878519815691746,0.7929562895299528,0.8427366613515569,0.07430811266905991
P39008,-0.667702715136123,0.7931196499943569,0.8427809172131564,0.07428530652721554
Q96ND0,-0.43884944763092903,0.7936465492277868,0.8432114020029454,0.07406352951117508
Q9H8M7,0.11247411158651843,0.7940477069742646,0.8435081808974851,0.07391070098071788
Q04739,0.08621365563990935,0.7953037783470757,0.844712894811344,0.07329087612318234
Q9NZE8,-0.1090984392649581,0.796505554396248,0.8458595795459543,0.07270172784749651
P11802,-0.06942589074615668,0.7969710270036796,0.8462241053478726,0.07251460761444074
Q9NWU1,-0.04808919590239569,0.796973508934054,0.8460969910854631,0.07257984939740478
O00506,-0.07975496374965374,0.7974782908156062,0.8465030945281706,0.07237144991883554
Q9NZN8,0.020204856020811235,0.7975274724728796,0.8464255394546625,0.07241124101199287
P78337,-0.054078886974110674,0.7980384022366042,0.8468379918906126,0.07219966636078534
P11169,-0.07201395436827696,0.7982491407431351,0.8469318189557873,0.07215155052303775
Q08446,-0.12845397292094773,0.7990120650154686,0.847611389331562,0.07180321631870176
P40261,-0.04274078891077693,0.7996661313944089,0.8481752901003198,0.0715143839977388
P35813,0.0560790469938226,0.7997636731416046,0.8481488241434324,0.0715279356756745
Q8NB37,-0.02656620004126964,0.7999744472999566,0.848242430797075,0.07148000704709986
P15586,-0.060114070910262996,0.8000937543461025,0.8482390376806636,0.07148174430360554
Q2M389,0.05095904502924853,0.8005150979984872,0.8485558081049488,0.07131958958085029
Q9BTM9,-0.05614802023663401,0.8007048298786356,0.8486270078187161,0.0712831507923706
Q5T9A4,-0.01692884435399833,0.8014998364337795,0.8493395879197261,0.07091863287461259
P01112,0.1630357719638127,0.802036372460606,0.8497780937899366,0.07069446866751532
P28737,0.18302492857873887,0.8022909570007324,0.849917776357569,0.07062308722858515
Q8IV48,-0.020015057710519812,0.8024870842934638,0.8499954981869273,0.0705833744242407
Q9NRG0,0.05506039363892512,0.802611130904797,0.8499968599548507,0.0705826786466486
Q9BYD3,0.055005511564896636,0.8032882275277151,0.8505838335222358,0.0702828758881679
Q04446,-0.022439633566573747,0.8045257497552204,0.8517639589151599,0.0696807403780457
P04051,0.3357996332613844,0.8045555412374442,0.8516652755737752,0.06973105961620286
O00255,0.06326953965780291,0.8051843468183929,0.852200614089048,0.06945815718627096
P30154,-0.011363366036537315,0.8058803265716105,0.8528068747030155,0.06914930734007531
P39880,-0.031075634626855475,0.8065533191168073,0.853388627989727,0.06885314872092524
Q14624,-0.019930936620959017,0.8068063169510005,0.8535258882457948,0.06878330178792849
Q9NWB6,-0.02357122974328263,0.8069141758100113,0.8535095865121476,0.06879159658094637
Q9NQ48,-0.05733342843704747,0.8069745359771878,0.8534430559196653,0.0688254509111594
Q15545,0.02491664198931076,0.8078538963112271,0.8542425745355736,0.0684187875976711
Q13268,-0.070937125083681,0.8081034289689967,0.8543759569676795,0.06835098164415244
Q4KMP7,-0.047166989063509135,0.8083383238946781,0.8544938251369085,0.06829107129158442
Q14191,-0.02037742840985146,0.808763172262914,0.8548124263087188,0.06812917317375976
A0A2R8Y4L2,-0.0527031286381856,0.8096917106099504,0.8556632179889037,0.0676971364316323
O94903,-0.03415862799026215,0.8099317486178215,0.8557862700182811,0.0676346854883679
P38919,-0.0063461475401283,0.8104784590446901,0.856233269823838,0.06740790121533982
O43823,-0.012239507419923967,0.8105273438409847,0.8561542835629258,0.06744796609109394
Q9NUQ7,0.0829670318988569,0.8111959836121545,0.8567298643274188,0.06715609397630383
P51649,-0.02119780306162866,0.8119649825388399,0.8574112458592233,0.0668108245545962
P34237,-0.028543953195665495,0.8121925351913876,0.8575207553621786,0.06675535952988358
Q15532,-0.020741129391751656,0.8123889512479562,0.8575973621650935,0.06671656347092493
Q9NQE9,0.03129921445840367,0.8132512877317903,0.8583768165022737,0.06632202054012462
Q9Y5T5,0.04484978772302384,0.8134558274067072,0.8584618425490078,0.06627900386788207
P21912,-0.016020227423634736,0.8140297656554242,0.8589366195364458,0.06603888133885479
Q8N5F7,-0.021624252873145622,0.8140298865031435,0.8588058714227891,0.06610499507207022
Q9H270,0.3074975676683245,0.8143117410101051,0.8589723483781181,0.06602081654138868
Q96NT1,-0.05462959174241888,0.8151525145441811,0.8597282575329642,0.06563879864390455
P09549,0.11666858547981818,0.8160153216432986,0.8605071713460553,0.06524550597204931
Q93100,0.06768282707745499,0.8165643247071973,0.8609549846615858,0.06501955519460595
Q9NS69,-0.019632302888936692,0.8173074647927506,0.8616073212888254,0.0646906193876185
Q9NV56,-0.029756648253751905,0.8173648182026845,0.861536611544434,0.06472626220449307
Q8IY18,-0.029747707477252305,0.8174288476211976,0.8614729590455361,0.0647583501621169
P58004,-0.028120716393718936,0.8180797195077271,0.8620276940909302,0.06447878150977661
P61313,-0.014707141326418594,0.8181541329016111,0.8619749263862987,0.06450536699483225
O43493,-0.04301790283710716,0.8183437894646066,0.8620435719234651,0.0644707822406157
Q86Y82,-0.044075735460463505,0.819125432869069,0.862735700819202,0.06412223007389015
Q08438,-0.1203924652371633,0.8194358107511928,0.8629313389568454,0.0640237585124198
Q8NFC6,-0.032616756560575055,0.8197095626629894,0.8630883533878557,0.06394474376947391
Q96MX6,-0.01511300378542657,0.8200966332213645,0.8633646173672993,0.06380575368416326
Q6BCY4,-0.06771198225449382,0.8208696346489599,0.8640470280190633,0.06346261926491586
Q9BPZ3,0.055251290754931404,0.8213414432890765,0.8644122440087499,0.06327909016017959
Q502W6,0.06789180757731117,0.8223016354799686,0.8652912650552131,0.06283768038004199
Q15361,0.08573584701500181,0.8234455686761937,0.8663633365011344,0.06229993483628658
Q9H3R5,-0.02213692810556367,0.8234945488474699,0.8662832355241388,0.06234009006804672
P78537,-0.060686380527439354,0.8235017278498283,0.8661591924095718,0.06240228115664852
P48426,0.0162639487873939,0.8245539576115314,0.8671342045112763,0.06191368249127023
Q9UNS1,-0.02049502924680624,0.8279495081679065,0.8705728769255254,0.0601948676002502
Q9NXX6,0.05762878231778501,0.8281188840999856,0.8706187600225174,0.060171978935478335
Q92804,0.014040679776641696,0.8283569614010506,0.8707368454138263,0.06011307788877957
Q9UJW0,0.03525300352638894,0.8283606218230024,0.8706085223895672,0.06017708584776137
O15143,-0.010487062626140187,0.8288217875992888,0.8709610043007249,0.06000128930478026
P61513,0.015974919885053396,0.8289749036232504,0.8709897166445199,0.05998697246754271
P17542,0.0205647582331423,0.8298322696018211,0.8717582513614033,0.059603933250791455
P39538,-0.10586707125533223,0.8300103813089083,0.8718130886199759,0.05957661516146236
Q13426,-0.04127741206425739,0.8300685142399465,0.8717419069615334,0.05961207581692754
Q8NB46,-0.06450244021049656,0.8303250956812688,0.8718791268573105,0.05954371939943716
Q8WVT3,-0.05766707463218168,0.8305146780229861,0.8719459637044966,0.05951042836114204
P84077,0.019781963221117138,0.831668973723053,0.8730254660488811,0.05897308779134051
Q9UIL1,0.036921988913029224,0.8321215084320666,0.8733680952529375,0.05880267720592944
P12259,-0.042032254202354125,0.8321511274191888,0.8732668090710008,0.058853046095098574
Q9BQC3,0.027358060520359828,0.8322957657389682,0.8732862376082158,0.05884338397058391
Q9H479,-0.015191095562734347,0.8339108106369321,0.8748482504318359,0.05806727236688415
Q7Z3J2,-0.05233285036625901,0.8341081515316981,0.8749227149228114,0.058030308080485274
P47813,0.0119499180421343,0.8346857547529618,0.8753959657542423,0.05779545915620194
Q96HR9,-0.04119611152546554,0.8348117606177371,0.8753955218108757,0.057795679401908835
P14678,-0.00554907941581817,0.8349276244902543,0.8753844445745791,0.057801174989807684
P78560,-0.0393995284729769,0.8354721596047476,0.8758227453600714,0.05758378024905745
P84085,-0.022830968205934,0.8362582106582584,0.8765140554946687,0.05724111530911144
O95905,0.021101376597144395,0.8365911931946735,0.8767303498834447,0.057133959159403544
Q8N9N2,-0.01705049858603047,0.8370963670149646,0.8771270044206438,0.056937518007286136
Q9NYK5,-0.027066100484621103,0.8379311844637161,0.8778688941181374,0.05657033923352037
Q92544,-0.09320399467809537,0.8379792776595397,0.877786462710235,0.056611121162017455
P32892,-0.11328069466710033,0.838279846718046,0.8779684856565951,0.05652107264865203
Q8NBZ0,-0.07611447689862771,0.8402746868051687,0.8799246720264652,0.055554505035626985
Q6DHV7,-0.0689739892458121,0.8407494140564775,0.8802886651938682,0.05537489018671724
P69771,0.07526089717302042,0.8407898648576815,0.8801979171869649,0.05541966344323749
P16435,-0.1209894632444346,0.8411621884952646,0.8804545719034333,0.05529304705687294
P61916,0.02606113946998434,0.8414105144817369,0.8805813788197621,0.05523050257093976
P40078,0.2050829867829016,0.84156082384533,0.8806055832409045,0.055218565341370214
Q9UMX5,0.025043041945657762,0.8417630470643078,0.8806840945713611,0.055179847079364505
Q9Y4C1,-0.031100461073350516,0.8417856015280353,0.8805746343828548,0.05523382887674168
Q9C0B1,0.04002622745658968,0.8420684211888394,0.8807374242162422,0.055153549262227854
O43639,0.03633870364570768,0.8442449007803082,0.8828804852745589,0.05409808249122525
Q9Y2K7,-0.014892574910934542,0.844368718074664,0.8828766239729648,0.05409998189399867
P14324,0.006263189789809331,0.8443728207682969,0.8827476084855335,0.054163450341408015
O75352,-0.027360279280468802,0.8444870026047088,0.8827336965632553,0.05417029478780451
Q9Y2L5,0.037864302745472145,0.8447434129446005,0.8828684364118361,0.054104009443273204
Q9UET6,0.017369850235539275,0.845639687431265,0.8836717772070751,0.0537090153233314
P78540,0.09121043288995878,0.8464123351244722,0.8843457082242109,0.05337792749358685
O75880,-0.02646615602033009,0.8469258469649528,0.8847487272760008,0.05318005342896955
P00403,0.029760820280809952,0.8469327184882868,0.8846224381977519,0.05324204907010076
Q8TEU7,-0.13257508541291685,0.8470277747973203,0.8845882824580159,0.05325881773323547
Q96IV0,-0.01558317860677505,0.847687333513614,0.8851435827549787,0.052986274906352694
Q96IY1,0.08560301149038096,0.8479858234365948,0.8853217493176994,0.05289886652403791
Q6PCD5,0.06772407138349479,0.8483833365543952,0.8856032296551534,0.05276080832303959
O95139,0.03282287626891289,0.8484800805809403,0.8855707081613552,0.05277675696026806
Q8WV22,-0.06176296616164478,0.8485001332363931,0.8854581646614599,0.0528319531479694
Q96S97,-0.024662651287822968,0.8489040428789567,0.8857461713221664,0.05269071624824248
Q08495,0.12078561206140037,0.8490541073646968,0.8857692691567215,0.05267939118512131
P0A738,-0.7759568604824345,0.8494420562689251,0.8860404937640911,0.05254642956167606
Q00059,0.008588444647344318,0.8501244646330953,0.886618736725343,0.052263095086714395
Q00587,0.07581643942222271,0.8501630952500597,0.886525492697502,0.052308771423841535
Q9BSF4,-0.028538299866518457,0.8512254246887344,0.8874995995399484,0.05183183423639492
P40340,0.2572583362030194,0.8515696683106223,0.8877248394132413,0.05172162796336917
Q8NBI5,-0.04926691410105377,0.8522112212817627,0.8882598970577938,0.051459944870279585
Q7L775,-0.029526370720990514,0.8525994949245628,0.888530840285622,0.051327493538568095
P20424,0.08856545710538555,0.8529180032018884,0.8887290073995298,0.05123064457803642
Q8NFG4,0.2102395046440293,0.8536129533309263,0.8893193031693251,0.05094228097913119
Q8TB61,-0.029198742310018844,0.8539376925039243,0.8895237825932257,0.05084243598823263
P14373,0.02905904547548488,0.8541476325356797,0.8896086353304823,0.05080101009410401
Q6EEV4,-0.02705500972523467,0.856076134394513,0.8914831034061677,0.04988688374718485
P61326,0.029484316188753468,0.8566897774376527,0.8919879727786929,0.04964100144345204
Q13404,0.009894093706680707,0.8571439219482655,0.8923266449511037,0.04947613874944396
Q9NQG6,-0.02878320697060488,0.8578153658351123,0.8928914000364278,0.04920135996143683
P60468,-0.023682597584382847,0.8578383818658308,0.8927811447525947,0.049254990467847364
Q13472,-0.11526982022153831,0.858474560417251,0.893308965483776,0.04899830729565426
Q9Y6Y0,-0.01782697114002474,0.8593612010622143,0.8940972135469228,0.048615258595919225
P19174,0.011033840470037859,0.8594335894297385,0.8940381870810561,0.048643930774113886
P20340,0.014518658463170908,0.8598863646198608,0.8943748217857768,0.04848043543419059
Q8WYH8,-0.057107308744004825,0.8606046200002379,0.894987442006856,0.04818305843312595
Q9C0D3,-0.034807278848827394,0.8617797380284006,0.8960749220766849,0.047655676851094626
L0R8F8,0.04457276306624891,0.8619724534328689,0.8961407308662439,0.047623782927914
P35270,-0.013837087412515103,0.8621613613160617,0.8962025620405962,0.04759381887142133
P50479,-0.025719885186862967,0.8622993617911826,0.8962114651819496,0.04758950448300137
Q8NC60,0.025437553231320464,0.8630392289144946,0.8968458083451839,0.047282217313777644
Q8TDH9,-0.03791584961794214,0.8630526708413808,0.8967251940134635,0.04734062831475245
P00374,-0.012897592373452227,0.8630936034452978,0.8966331748319942,0.04738519656555015
Q03919,-0.06384480257563752,0.8632458456308713,0.896656800952318,0.04737375313607187
Q15274,-0.01295405871573152,0.863898025587268,0.8971996293934669,0.04711091448319107
Q14790,0.07212347159288512,0.864188212413645,0.8973664041319852,0.04703019374345256
Q96L92,-0.017128003153356275,0.8650041143402074,0.8980789455228064,0.0466854850499054
O15439,-0.026292989555898316,0.8654648734615877,0.898422606274068,0.04651932881186499
Q06108,0.18558488037610488,0.8654680249169246,0.8982912013978094,0.0465828541351662
Q6P6B7,-0.030591696952310343,0.8659919614522693,0.8987002909315817,0.046385117717437724
Q8TAE8,-0.016041427493853178,0.8662113985546409,0.8987933048991958,0.046340171295370325
P07477,-0.010061959564321654,0.8664206937515085,0.8988757691842142,0.04630032660484413
P14174,-0.017012675759055185,0.8664580280823848,0.8987798331748962,0.046346680844719115
P43596,0.04642174460157378,0.8664868953129282,0.8986751442700293,0.046397269943552887
Q8IVM0,-0.026463807362215874,0.866569647945124,0.8986263654892974,0.046420843456617865
P40484,0.027385120209064695,0.8668537299351715,0.8987863471205642,0.046343533288106135
P01008,0.008424234179848611,0.8681094097734046,0.899953518980544,0.045779920529065536
Q9NWV8,0.015260005999650161,0.8684067296711975,0.9001269754855347,0.0456962229350608
Q96CT7,-0.008443258487517369,0.8686465191080524,0.9002407571178198,0.045641328888456525
Q969S9,-0.01965765175283707,0.8686865003879768,0.90014746014462,0.04568633958146899
Q07878,0.011137526045605028,0.8687817930764197,0.9001114971212224,0.04570369102144175
Q9NXA8,0.07151426112079307,0.8687916916089952,0.8999870844854403,0.045763722979510424
Q9P016,-0.006212047814656785,0.8690453597259994,0.9001151938283948,0.04570190740215175
Q9Y237,-0.014615040983148475,0.8693848511261595,0.9003321431644523,0.04559724463526878
P53281,0.03155205539769668,0.8698323221468411,0.9006608342372856,0.04543872239497309
Q08170,-0.014608224941085268,0.8708445871664225,0.9015741509480127,0.044998548449938836
P31380,0.007030803210550829,0.8716524217777909,0.9022755820585177,0.04466079561996926
Q92793,0.028090219282876916,0.8732366666493498,0.9037803706846186,0.04393709539686143
Q96EY7,-0.013016219104283522,0.8740235888875372,0.9044596217990297,0.04361081677685867
Q5TBB1,-0.032359670365678994,0.8740540924867125,0.904356027552002,0.04366056248743611
Q8N4P3,-0.009324721147411452,0.8747199618022115,0.9049097587805935,0.04339472821768977
Q03188,-0.016324357883345186,0.8747891875649499,0.9048461808634171,0.04342524231962712
O95197,0.006768455733954681,0.8751338545808944,0.905067484558344,0.0433190372825066
O60869,-0.005242124712456331,0.8753802175577219,0.9051870708437375,0.04326165787829155
Q9UBS0,-0.07070141395820428,0.876520932597924,0.9062312882347358,0.042760947593691444
Q9Y4X0,0.03210845076734614,0.8774061978586252,0.9070111248093641,0.042387386133191124
P09032,-0.05393970100061907,0.8774615926571107,0.9069329851556701,0.04242480252353268
Q5JQC4,0.04053843644433641,0.8779997129937488,0.9073537332490622,0.04222336955634658
P23511,-0.03225256415838729,0.8784743821034631,0.9077087929688671,0.042053457526543846
P25440,-0.014483141216011575,0.8786330740983557,0.9077373030523747,0.04203981705330249
Q9BW92,-0.018381124270767657,0.8792872505295649,0.9082776253418928,0.04178138416044189
Q9HAF1,-0.023758198363580618,0.8800572626837138,0.9089374234519741,0.04146601511134626
Q5VTL8,0.032858009454667325,0.8806790434362812,0.9094439517901285,0.041224060952693854
P34756,-0.01291826901450932,0.8814352581245297,0.9100891332022434,0.040916071236911926
Q9Y580,0.031725503759474805,0.8815070529428699,0.9100275584577949,0.040945455695470326
Q5EBL4,-0.1988830453883601,0.8821412912246038,0.9105465564160938,0.04069784374309486
O15155,-0.057058221381836915,0.8827479724061684,0.9110369594485482,0.04046400397215476
P04049,-0.08231295417349926,0.8828568761837666,0.9110135634420864,0.040475157072881504
Q5R372,-0.17241011381456062,0.8829584220784283,0.9109825829937472,0.040489926190574975
Q9Y2V7,-0.05871475527874637,0.883180888592659,0.9110763517007704,0.04044522595470896
Q9NZD8,-0.014900845143163366,0.8838231396745089,0.9116030715188886,0.04019422019475865
Q9NV35,0.023166024538564756,0.8841989891104396,0.9118549002979869,0.04007426365994129
Q13418,-0.016011172703631615,0.88544199387147,0.9130007990418554,0.039528842378826194
Q96N66,0.027993568392233215,0.8873476955839339,0.9148295777580641,0.03865980247209281
Q5VW32,-0.01965478199073445,0.8873674043373803,0.9147136977269645,0.03871481735893473
Q13287,-0.03231541835532781,0.8878893513797705,0.9151154910618534,0.03852409285625291
Q5T1M5,-0.024849690913985256,0.8879369529237839,0.9150283467843846,0.038565451658856414
Q06609,-0.05439434425623446,0.8891476533760372,0.9161396357106669,0.03803832720894449
P38882,-0.17131521530231808,0.889609989296146,0.9164796259316343,0.03787718530494757
P11233,0.011722607112698569,0.8902235080540476,0.916975240964925,0.037642390455905575
Q9HD26,-0.01567625269354167,0.8907905109037493,0.9174228019481719,0.03743046996248037
Q96CU9,0.0431332943161955,0.8919603402662367,0.9184909869130611,0.03692510103822509
Q13232,0.01560865880246709,0.8930251028522571,0.9194506783864727,0.03647156243362201
P38181,-0.14828069951574108,0.893904587019433,0.9202193518469454,0.03610863793497857
Q15057,-0.018783480548595577,0.8943508421459692,0.9205418806330743,0.035956448209301384
Q12019,0.03361141151915348,0.8947578064033492,0.920823878052436,0.035823427462587105
P38272,0.06518101164332535,0.895166753676512,0.9211078321379357,0.03568952489416827
Q9C005,-0.04086832416117403,0.8959763860553952,0.9218039371541689,0.03536144127476776
Q8IUE6,0.029891195810321847,0.8968467333260741,0.9225622911231224,0.03500430074860029
Q9H871,-0.021100043965901705,0.8970542171001263,0.9226386510994169,0.03496835591939165
O95544,-0.017913341340435096,0.8973748505738678,0.9228313478944691,0.03487766123985596
Q9H7L9,0.01763217951016216,0.8981639059953495,0.9235056259447282,0.03456045451793724
Q8TD26,-0.03635727347743867,0.8985602216902877,0.9237759428334895,0.034433351930030304
Q99439,-0.011118165842496808,0.8990018553683891,0.9240927622581244,0.03428443125309283
P56181,-0.033330643056473264,0.9006617544007919,0.9256615685722255,0.0335477668459418
P46782,0.01337603747511551,0.90096213257332,0.9258328592961811,0.0334674094705075
O75251,-0.014806421794375524,0.9011576204941398,0.9258963294704591,0.033437637572292164
Q6ZT12,0.013104383737466918,0.9016895068399119,0.9263053628129897,0.033245821608400825
O95619,0.033442819294556614,0.9017055412473917,0.92618441886915,0.03330252938409081
O94886,-0.0951657433475468,0.901954268208252,0.9263024848819247,0.03324717091670953
Q6PCB5,0.024571480920972277,0.9030155852409776,0.9272549180199509,0.0328008545609458
Q6NVY1,0.006785797265862925,0.9034160274443267,0.927528554867218,0.03267271132976776
Q96TA2,0.009144262788250757,0.9042180319726209,0.9282143296335695,0.03235173129217774
P68032,0.025730533365567965,0.9052488713448229,0.9291347739685079,0.03192128563442634
Q9H4L5,-0.007385860992421556,0.905532314397197,0.9292879420314497,0.031849697998182575
Q9Y487,0.06283929678797762,0.9069203214419304,0.9305744377095325,0.031248881433279977
P37268,-0.013607146143407078,0.9072109297814577,0.9307346981488832,0.03117409511938023
Q15031,0.008969519107793644,0.907883597084254,0.9312868186979815,0.030916543944297974
Q9H832,-0.00684921415478712,0.9082828597812271,0.931558364853387,0.030789930097101976
P51948,0.012344368197240385,0.9083674180861651,0.9315071094236681,0.030813826144350426
O95251,0.05047866493501729,0.9084533115947653,0.9314572381877912,0.030837078121856012
Q16540,-0.0069140856796963135,0.9102229821464591,0.9331335398848214,0.030056200320978207
P08473,-0.09988253832239025,0.9110298066402708,0.9338224102408934,0.02973570790877558
Q8TB03,0.02705291566043755,0.9111691508128614,0.9338269982575862,0.029733574156773204
Q9H1D9,0.056645528517911714,0.9111882655437936,0.93370838399071,0.02978874154170016
Q8TCG1,0.010603386331091258,0.911209849774481,0.9335923349864615,0.029842722608304107
P08240,0.00929557609063636,0.9114527522322045,0.9337030413457292,0.02979122656583832
P51668,0.0350470346177012,0.9117992304516818,0.9339198034981426,0.029690415411850555
O14578,-0.07858262531961557,0.9118379957590741,0.9338213700097366,0.029736191691235668
Q6RFH5,-0.004024696813281992,0.9125748864678265,0.9344378163122199,0.029449594157837843
Q9GZR2,-0.006002191962132031,0.9130037365718084,0.9347387064946328,0.029309773284405025
Q8IY37,0.0180304377607321,0.9131318741193293,0.9347316819045293,0.029313037033045837
Q9H410,0.05284624224141865,0.914163428153411,0.935649309169877,0.02888689873110563
Q9P2S5,-0.03543047472852834,0.914390133653793,0.9357430217881854,0.02884340290997098
Q969Q0,0.007105946015702358,0.9144751848268076,0.9356917658845597,0.028867192310768463
P37198,-0.002890946474288114,0.9145122588101366,0.9355914420805831,0.028913759366280826
P12235,0.008991836378342555,0.9149964873223786,0.9359485416191682,0.02874802808366812
Q00403,0.02877687192103906,0.9160874297746557,0.9369260507769153,0.028294685533674
Q8WUH1,0.011255587187985583,0.9165750475151411,0.9372863135422886,0.028127724589500844
Q01844,-0.006132740864885022,0.9167262374055072,0.9373024908144908,0.0281202288656029
O00471,0.01207107377375749,0.9171911678605168,0.9376393985333261,0.027964152385999076
Q86UU1,0.21991064639177438,0.917596366019265,0.9379151518035711,0.027836448156361424
Q99643,-0.012291152030339703,0.9184998641180226,0.938700082531836,0.02747314395035882
Q15390,0.09334727625877903,0.9185948174825371,0.9386585767782006,0.027492347227990002
Q9NVR5,-0.021076918679689527,0.9186250621551821,0.9385509709845774,0.027542136664122238
P42785,-0.015632263272429725,0.9188550085631235,0.9386474003085079,0.027497518339331478
Q9P0M9,0.03528850066685152,0.9191510591229848,0.9388113192753424,0.027421682740696122
Q96NY7,0.03744700055574768,0.919389132349514,0.9389159811781763,0.02737326880231184
O60256,0.005163233433215453,0.9200833825633429,0.9394864092122971,0.02710949810395216
Q9UBN7,-0.012507078342977707,0.9205166461555352,0.9397902179270017,0.026969079766817197
O94782,0.02066248106278934,0.9207361561518069,0.9398757401142726,0.026929560176776453
Q9Y4E6,0.07849761220703044,0.9214072577694509,0.9404221481125705,0.026677151250835307
Q15819,-0.005568832680594937,0.9226822610466265,0.9415846684578987,0.026140621594466444
Q16134,0.051645042486960335,0.9227808391487806,0.9415464972393395,0.02615822796187412
P42226,-0.024889599630817827,0.9238835668125812,0.9425327562413898,0.025703547639217793
P50579,0.0033308070411983692,0.9241665467986706,0.9426825530397754,0.025634530670426692
O00399,-0.028741542414181254,0.9253433701577195,0.9437439232540948,0.025145831766157797
Q05209,-0.009496446453912455,0.925449829027196,0.9437134928106488,0.025159835550888687
Q96KR1,-0.004251604691006605,0.925661627345138,0.9437904738238456,0.025124410534727405
Q03790,-0.032943038035156746,0.9257258255739385,0.9437169635267888,0.025158238339332825
P40457,-0.09316561582689786,0.9266252220300333,0.9444947795283307,0.024800438195619983
P62487,-0.006804540061043696,0.9275838704484265,0.945332752279203,0.024415295150114515
P60602,0.016097842576481725,0.9276773235078062,0.9452888576847756,0.024435461195026067
P62979,0.0032505610439628185,0.9279680995716325,0.9454460155141236,0.024363264104679455
O75427,0.05439885029396052,0.9280916307976423,0.9454327573404261,0.024369354343524673
Q15054,-0.03609803903673736,0.9286991226250676,0.9459124338122931,0.02414906578882655
Q12028,0.04468218396870327,0.9287651744402133,0.9458405747645297,0.024182059512417305
Q9BT25,-0.02544654913279487,0.9290634290847897,0.9460051739681005,0.024106488313164153
P53253,-0.03634024130348834,0.929441120441024,0.9462505981375753,0.023993832968471872
Q8WUU5,-0.07351410224718435,0.9305976680827175,0.9472887759195436,0.023517608461816233
Q15528,-0.05631444234836991,0.9306510998001416,0.9472039122469764,0.023556516846065852
Q14847,-0.0028192435461988907,0.9309655344546377,0.9473846796831146,0.02347364260033755
P63244,-0.005834832344962848,0.9313081880012197,0.9475941063512777,0.02337764907535749
Q9H9Y2,-0.03434941552271198,0.9318190874818375,0.947974634399683,0.02320328321850515
Q03533,-0.039648187168637605,0.9319151558078391,0.9479330892924163,0.023222316645726777
P09424,-0.012088815977090661,0.9326138715808916,0.9485044722129985,0.022960617065410093
Q92530,-0.006806815042242675,0.9332565788095808,0.9490187328062178,0.022725214891910643
Q9UFW8,0.016042537145381175,0.9332736311158928,0.9488967139275244,0.02278105734355284
Q9C073,0.017690208839017174,0.9337614658975955,0.9492533240162899,0.022617873409229276
P53701,-0.004932468023007175,0.9341443912399089,0.9495031950888329,0.022503569518733394
P10109,0.013108266416519854,0.9342122094246742,0.949432751806318,0.022535790857159677
O75177,0.015930814592472586,0.9351693533197167,0.9502660115036277,0.02215480401995053
Q69YL0,0.005949827064817725,0.935651645841151,0.9506165804554848,0.021994615101720315
Q13541,-0.00913453991114821,0.9375915757503885,0.9524477802957292,0.02115882599470701
P33309,-0.03450055958420961,0.9392651740721112,0.9540079309484081,0.020448014863187033
Q9Y6B6,-0.011656248259260593,0.940802211095125,0.9554289395163751,0.01980160826731325
Q13813,-0.013469556214385392,0.9412312981299362,0.9557245209344006,0.019667271195506476
P62750,-0.002927774725755228,0.9413132014339213,0.9556675376434709,0.01969316596545463
P23025,-0.03670927525359602,0.9420851804355553,0.956311067194808,0.019400818192384598
P08651,0.030226633427648864,0.9425967637241475,0.9566901190304892,0.019228711531990017
Q8WW33,-0.004135780900814012,0.9430314763658909,0.9569910512029061,0.0190921232799677
Q9UBV8,0.007928691215393968,0.9434216339739357,0.9572466872267776,0.018976127954022266
P42842,0.010991353874743481,0.9434782715645453,0.9571638904487784,0.019013693755471746
P54727,-0.0018284566072388486,0.943968959535183,0.9575213999152662,0.018851511081264528
P53330,-0.042046110348714194,0.9447488694716732,0.958172135963361,0.018556462754963837
Q96J02,-0.030659567537114185,0.9449061106485895,0.9581912580742288,0.01854779568559869
O14880,0.00616704792784617,0.9452668781194651,0.9584167321861439,0.01844561290897863
Q8TBQ9,0.020821486329168692,0.9456074441020222,0.9586216607558421,0.018352762032678036
Q9ULW3,-0.012708901141724738,0.9460080609182397,0.9588873977159847,0.01823238909816006
Q13405,-0.007869559960020922,0.9468410750647271,0.959591276895224,0.01791370861321938
Q00613,-0.014135763403476886,0.947938855569046,0.960563242493791,0.017474036359920828
O43633,0.004939796886819892,0.9482428702083453,0.9607307043199564,0.017398329311202044
Q9UI95,0.0033818311081326158,0.9495474900187066,0.9619117514103181,0.01686476957709828
P25040,0.01877973708464964,0.9521034918915585,0.9643599440984715,0.015760836886744903
Q9H0U4,-0.0052160440038591105,0.9533875970470456,0.965519339177087,0.01523902295783489
P06102,0.023924650663520453,0.9534349178444683,0.9654260560332113,0.015280984118178216
Q92506,-0.03421271386528346,0.9536421427757534,0.96549469170629,0.015250109630836112
O15127,0.0062461079825695265,0.9544440424508326,0.9661652850774217,0.014948571041349822
P49137,0.003742375965785527,0.9574548464550376,0.9690713867643153,0.013644229413755234
O95926,0.007233064679184054,0.9578302487160741,0.9693096524568983,0.013537462504728525
Q02127,0.009004841262605368,0.958190402941421,0.9695324199863217,0.01343766406257937
Q9H9H4,0.00602582780880212,0.9585191546817307,0.9697233528662045,0.013352145589383886
P22696,-0.0216899014375862,0.9586062037536787,0.9696697377341813,0.013376158004507942
Q8N9T8,-0.00397567211037142,0.9586801086077614,0.9696028442886561,0.013406119191550896
Q9P086,0.008401434270130181,0.9590538948248275,0.9698392241517607,0.013300255270830364
O75155,-0.018568287186159438,0.9602011557474355,0.9708575938077165,0.012844468093131426
Q9H3K2,0.005612575271580766,0.9608328133520471,0.9713544166520037,0.012622280789889919
O00487,-0.0013920964083951048,0.9611207611471697,0.9715036715595625,0.012555553751748962
O15235,-0.0027418970799075737,0.9620086189933369,0.9722591852152773,0.012217945254848811
Q9UL45,-0.08213492998521943,0.9628096933946539,0.9729267829924961,0.011919841066458133
Q9Y2Q5,-0.009215008733288954,0.9629145449407825,0.9728907499153624,0.011935925787972156
Q96AX1,-0.005292732228141972,0.9631656788290748,0.9730025036785109,0.011886042226650326
Q5T1C6,0.004422840513310433,0.9636275624073771,0.9733270958583048,0.011741186397613072
Q96LI5,0.005457048293536104,0.9639360609198871,0.973496686961683,0.011665522147758203
Q56P03,-0.008689613079919667,0.9646548971360553,0.9740805757284596,0.011405116892560777
Q96AT9,0.006163693242555723,0.9649892763630274,0.9742761372904056,0.01131793438953837
P42575,-0.01051961366659171,0.9660153570983063,0.9751698983158875,0.01091971304705094
Q8NFH4,-0.001509919485254585,0.9667042057671971,0.9757230205148794,0.010673448454096283
Q96B49,0.007980597417347468,0.9667162354959435,0.9755929477589146,0.010731347719170295
O94905,0.007772095631807474,0.9667812716940989,0.9755163983109794,0.01076542577114112
Q9NZW5,-0.004348169357008658,0.9669590122474767,0.9755535772696385,0.010748874220666114
O75940,0.004088802003558101,0.9670795638353753,0.9755330565262439,0.010758009689554893
Q86UY6,-0.009925583198395316,0.9671675393374459,0.9754796857061144,0.010781770326459945
Q96D71,0.0045137614427730455,0.9677154884933756,0.9758901896778521,0.010599047804600937
A8CG34,-0.00309347166274776,0.9685025767872543,0.9765416982197391,0.010309207655082551
Q9H1I8,-0.005173614631122092,0.9697366124462852,0.9776436087038554,0.009819434559535763
P00519,0.0023107625752238903,0.9704926481442049,0.9782633710511682,0.009544207384293119
Q9ULP9,-0.003919037844028139,0.9712130652244839,0.9788470543834537,0.009285161747816292
Q7L9L4,-0.0015543554464763076,0.9715593357871052,0.979053535291794,0.009193560039419152
P0C0L4,-0.006826554943948793,0.9717138108734746,0.9790667093259515,0.009187716261076274
O14925,-0.004475575599826698,0.9733772854219949,0.9806000762784653,0.008508077307140876
Q9NXJ5,0.005137760206473274,0.9735112577913133,0.9805923696460653,0.00851149048358091
Q9HA64,-0.002372604395997513,0.9735317509473937,0.9804703772450551,0.00856552305010147
P82912,-0.004189951927529023,0.973998280105877,0.980797570019356,0.008420618813111394
Q0PNE2,-0.00706562844608527,0.9751323641202332,0.9817967848143805,0.007978394460287908
P01119,0.015903753962923872,0.9758245964241918,0.9823509022449991,0.0077333516354392675
O75976,-0.010476467851916027,0.9763700779678353,0.9827571478193474,0.007553788772476406
Q9C0C2,0.0019918349381384814,0.9771031957150571,0.9833521115016068,0.007290945341166307
Q6VN20,0.00418194663367899,0.9772929397122401,0.9834001329120113,0.0072697373485324955
Q9UHP3,-0.012051663129422963,0.9778578752290691,0.9838256216341288,0.007081871358488247
Q8NBJ7,-0.010873666017598538,0.9780668957050027,0.9838929515998023,0.007052150611865333
Q9NXE8,-0.004473424969571482,0.9795062956550109,0.9851977906907751,0.006476570738619577
P40169,-0.008568767345881412,0.9802904835042399,0.9858433272016496,0.006192098789233263
Q5JRA6,0.020602871788561572,0.9806673468689162,0.9860791039384803,0.0060882442616538
Q06639,-0.07241307919048623,0.980710862048265,0.9859796731264973,0.006132038344785802
Q15363,-0.005605667458034702,0.9813622282690841,0.9864912991485394,0.005906740871436594
Q9Y294,-0.0011852227258088988,0.9817104899059391,0.9866981321104258,0.005815693947173832
Q8N4H5,-0.0011913311097018209,0.9825936458634269,0.9874424388909098,0.00548821134773561
O95376,0.0021948817214330063,0.9828220989598997,0.9875286915104259,0.005450277591486978
O60701,0.001183503059944968,0.9830091386391506,0.987573313397777,0.005430654261244963
Q96M27,0.0023166355980599462,0.9832577426512858,0.9876797635452638,0.00538384434889935
P38615,0.012034980468353496,0.9839089654922364,0.988190553679757,0.005159301938571253
P00167,0.010214064881015616,0.9853525509046028,0.989496890857646,0.004585566071520424
Q9BYD1,-0.0015579849739886242,0.9862618778897043,0.9902664214774235,0.004247947007085968
Q6P4A7,-0.014943144359989446,0.9876798678861238,0.9915463832453997,0.003686965254575871
Q9Y4K3,-0.010473524060110151,0.9877241401831485,0.9914470783746188,0.0037304626823556736
P43597,-0.010242094910367427,0.9877804133547469,0.9913598466543364,0.0037686754345019205
P62826,-0.0006502195317104054,0.988915186948534,0.9923548919466159,0.0033329850526990323
P19544,0.0017898356594834297,0.9898897265064841,0.9931888807898704,0.0029681512183933594
Q96E11,0.0028467589182952224,0.9901993964320697,0.993355639075,0.0028952384772095276
Q9C035,-0.026878364594765003,0.9906437432768649,0.9936574356727528,0.002763313227461781
Q9NUT2,-0.01773757854730107,0.990852826028466,0.9937231992209007,0.0027345711278559145
P42025,0.003593836995037236,0.9909601239817444,0.9936868788486022,0.0027504447892061578
Q32P41,0.0009600464495740368,0.9910134805007395,0.993596486965989,0.0027899526888143537
O95182,-0.0007450629836860401,0.991486380021168,0.9939266968678973,0.0026456440933176908
Q8N335,-0.0009594045779728333,0.9931123028900708,0.995412505097112,0.0019969076340312047
Q8N567,0.0010307613524744852,0.9936401024279434,0.9957973757723376,0.00182902255653714
P62273,-0.0008647980797036325,0.9936947638772216,0.9957080383626458,0.0018679867931466422
P31751,-0.0010305323886612427,0.993979247264535,0.9958489810533412,0.00180651666466018
Q9BQ04,-0.0024828553000020293,0.9940792202823905,0.9958050522620474,0.0018256746422401552
P53680,0.00034514117998796223,0.9942084307286385,0.9957904201309262,0.0018320561126668716
P01024,0.0007701493456586661,0.9942740136428756,0.9957120726733107,0.001866227165581994
Q96ER3,0.0010012694998984273,0.9945640450568494,0.9958584884994397,0.001802370441943513
O43709,-0.0011587697749391168,0.9946964473679245,0.9958470505459094,0.0018073585689584299
O95628,-0.0006323894236821559,0.9960513085532459,0.9970593119014999,0.0012790061162663163
Q9Y6M9,0.00043579187585507384,0.9971858974386842,0.9980507594486051,0.0008473705484536556
P09132,0.00045384876117893214,0.9980372001998894,0.9987584295684396,0.0005395421964914005
Q92766,-0.0002225164435323279,0.99838114137432,0.9989582402999699,0.00045266631491431214
Q9P2R7,-7.2711689917071e-05,0.9986565795177467,0.999089460566519,0.000395622393757307
Q14197,-0.0003157100961637127,0.9989897986838647,0.9992784406366771,0.0003134823615294092
Q6P587,0.00019404890358742932,0.9992645959837583,0.9994089358069539,0.0002567718092792745
P12236,-3.1007527795168244e-05,0.9998295457294677,0.9998295457294677,7.403365896495828e-05
