Protein ID,species,stringId
A0A024R1R8,9606,9606.ENSP00000491117
A0A0B4J2F0,9606,9606.ENSP00000484893
A0A0J9YX57,9606,9606.ENSP00000488257
A0A2R8Y4L2,9606,9606.ENSP00000493805
A0A7I2V3R4,9606,
A0AVT1,9606,9606.ENSP00000313454
A0FGR8,9606,9606.ENSP00000499020
A0JLT2,9606,9606.ENSP00000498791
A0MZ66,9606,9606.ENSP00000347532
A1L020,9606,9606.ENSP00000432845
A2RRP1,9606,9606.ENSP00000281513
A2RTX5,9606,9606.ENSP00000338093
A3KN83,9606,9606.ENSP00000473665
A4D126,9606,9606.ENSP00000385478
A4D1E9,9606,9606.ENSP00000222511
A4D1P6,9606,9606.ENSP00000346466
A5D8V6,9606,9606.ENSP00000301765
A5PLN9,9606,9606.ENSP00000409231
A5YKK6,9606,9606.ENSP00000320949
A5Z2X5,4932,4932.YPR010C-A
A6NCE7,9606,9606.ENSP00000450524
A6NDG6,9606,9606.ENSP00000330918
A6NDU8,9606,9606.ENSP00000371061
A6NED2,9606,9606.ENSP00000377801
A6NFI3,9606,9606.ENSP00000477706
A6NGK3,9606,9606.ENSP00000385415
A6NHL2,9606,9606.ENSP00000369784
A6NHR9,9606,9606.ENSP00000326603
A6NIH7,9606,9606.ENSP00000344942
A6NJ78,9606,9606.ENSP00000384369
A8CG34,9606,9606.ENSP00000481575
A8MPS7,9606,9606.ENSP00000292778
A8MT69,9606,9606.ENSP00000464357
A8MWD9,9606,
A8MXV4,9606,9606.ENSP00000380251
B2RUZ4,9606,9606.ENSP00000457386
B3EWF7,9606,9606.ENSP00000356489
C9J7I0,9606,9606.ENSP00000489648
C9JLW8,9606,9606.ENSP00000461433
D6VTK4,4932,4932.YFL026W
E9PAV3,9606,9606.ENSP00000448035
E9PRG8,9606,9606.ENSP00000432523
L0R6Q1,9606,9606.ENSP00000424566
L0R819,9606,9606.ENSP00000475224
L0R8F8,9606,9606.ENSP00000385110
O00115,9606,9606.ENSP00000222219
O00116,9606,9606.ENSP00000264167
O00139,9606,9606.ENSP00000385000
O00148,9606,9606.ENSP00000242776
O00151,9606,9606.ENSP00000360305
O00154,9606,9606.ENSP00000367086
O00159,9606,9606.ENSP00000496954
O00161,9606,9606.ENSP00000249647
O00165,9606,9606.ENSP00000329002
O00170,9606,9606.ENSP00000279146
O00178,9606,9606.ENSP00000216044
O00186,9606,9606.ENSP00000359025
O00193,9606,9606.ENSP00000228136
O00203,9606,9606.ENSP00000255194
O00214,9606,9606.ENSP00000435460
O00217,9606,9606.ENSP00000315774
O00231,9606,9606.ENSP00000261712
O00232,9606,9606.ENSP00000348442
O00233,9606,9606.ENSP00000440485
O00244,9606,9606.ENSP00000430598
O00255,9606,9606.ENSP00000337088
O00264,9606,9606.ENSP00000217971
O00267,9606,9606.ENSP00000470252
O00268,9606,9606.ENSP00000252996
O00273,9606,9606.ENSP00000366237
O00291,9606,9606.ENSP00000336747
O00299,9606,9606.ENSP00000364935
O00303,9606,9606.ENSP00000431800
O00308,9606,9606.ENSP00000352069
O00330,9606,9606.ENSP00000227868
O00399,9606,9606.ENSP00000221114
O00401,9606,9606.ENSP00000223023
O00408,9606,9606.ENSP00000334910
O00410,9606,9606.ENSP00000261574
O00411,9606,9606.ENSP00000465759
O00418,9606,9606.ENSP00000263026
O00422,9606,9606.ENSP00000481842
O00425,9606,9606.ENSP00000258729
O00429,9606,9606.ENSP00000449089
O00442,9606,9606.ENSP00000260563
O00443,9606,9606.ENSP00000265970
O00459,9606,9606.ENSP00000222254
O00461,9606,9606.ENSP00000417354
O00470,9606,9606.ENSP00000272369
O00471,9606,9606.ENSP00000484855
O00479,9606,9606.ENSP00000366798
O00483,9606,9606.ENSP00000339720
O00487,9606,9606.ENSP00000386541
O00488,9606,9606.ENSP00000363384
O00505,9606,9606.ENSP00000261667
O00506,9606,9606.ENSP00000325748
O00507,9606,9606.ENSP00000342812
O00541,9606,9606.ENSP00000346725
O00560,9606,9606.ENSP00000428184
O00566,9606,9606.ENSP00000244230
O00567,9606,9606.ENSP00000370589
O00571,9606,9606.ENSP00000494040
O00584,9606,9606.ENSP00000426455
O00625,9606,9606.ENSP00000369786
O00629,9606,9606.ENSP00000334373
O00635,9606,9606.ENSP00000349596
O00716,9606,9606.ENSP00000262904
O00743,9606,9606.ENSP00000392147
O00764,9606,9606.ENSP00000291565
O00767,9606,9606.ENSP00000359380
O13297,4932,4932.YPL228W
O13329,4932,4932.YDR110W
O13516,4932,4932.YPL081W
O13539,4932,4932.YHR167W
O13547,4932,4932.YLR390W-A
O13563,4932,4932.YLR421C
O13585,4932,4932.YPR089W
O14455,4932,4932.YPL249C-A
O14467,4932,4932.YOR298C-A
O14497,9606,9606.ENSP00000320485
O14519,9606,9606.ENSP00000261692
O14526,9606,9606.ENSP00000473001
O14530,9606,9606.ENSP00000264255
O14543,9606,9606.ENSP00000330341
O14545,9606,9606.ENSP00000257604
O14548,9606,9606.ENSP00000367938
O14561,9606,9606.ENSP00000458770
O14562,9606,9606.ENSP00000379217
O14578,9606,9606.ENSP00000376306
O14579,9606,9606.ENSP00000469035
O14617,9606,9606.ENSP00000495274
O14618,9606,9606.ENSP00000436318
O14641,9606,9606.ENSP00000005340
O14646,9606,9606.ENSP00000483667
O14653,9606,9606.ENSP00000461784
O14656,9606,9606.ENSP00000345719
O14657,9606,9606.ENSP00000259339
O14662,9606,9606.ENSP00000360183
O14686,9606,9606.ENSP00000301067
O14733,9606,9606.ENSP00000381070
O14734,9606,9606.ENSP00000217455
O14737,9606,9606.ENSP00000466214
O14744,9606,9606.ENSP00000319169
O14745,9606,9606.ENSP00000262613
O14757,9606,9606.ENSP00000391090
O14773,9606,9606.ENSP00000299427
O14776,9606,9606.ENSP00000296702
O14777,9606,9606.ENSP00000261597
O14787,9606,9606.ENSP00000407182
O14802,9606,9606.ENSP00000361446
O14818,9606,9606.ENSP00000359910
O14828,9606,9606.ENSP00000307275
O14841,9606,9606.ENSP00000480476
O14874,9606,9606.ENSP00000378405
O14880,9606,9606.ENSP00000356864
O14893,9606,9606.ENSP00000308533
O14907,9606,9606.ENSP00000225525
O14908,9606,9606.ENSP00000376753
O14920,9606,9606.ENSP00000430684
O14925,9606,9606.ENSP00000464522
O14929,9606,9606.ENSP00000264108
O14949,9606,9606.ENSP00000367939
O14950,9606,9606.ENSP00000463559
O14957,9606,9606.ENSP00000467262
O14964,9606,9606.ENSP00000331201
O14965,9606,9606.ENSP00000216911
O14972,9606,9606.ENSP00000311399
O14974,9606,9606.ENSP00000389168
O14976,9606,9606.ENSP00000314499
O14979,9606,9606.ENSP00000483254
O14980,9606,9606.ENSP00000384863
O14981,9606,9606.ENSP00000265990
O15014,9606,9606.ENSP00000316527
O15020,9606,9606.ENSP00000432568
O15027,9606,9606.ENSP00000325827
O15042,9606,9606.ENSP00000418563
O15047,9606,9606.ENSP00000262519
O15067,9606,9606.ENSP00000313490
O15084,9606,9606.ENSP00000382379
O15091,9606,9606.ENSP00000440915
O15111,9606,9606.ENSP00000359424
O15116,9606,9606.ENSP00000310596
O15117,9606,9606.ENSP00000493623
O15118,9606,9606.ENSP00000269228
O15126,9606,9606.ENSP00000481022
O15127,9606,9606.ENSP00000268099
O15143,9606,9606.ENSP00000389631
O15144,9606,9606.ENSP00000295685
O15145,9606,9606.ENSP00000228825
O15155,9606,9606.ENSP00000222547
O15160,9606,9606.ENSP00000496044
O15164,9606,9606.ENSP00000340507
O15173,9606,9606.ENSP00000481886
O15182,9606,9606.ENSP00000428259
O15212,9606,9606.ENSP00000378563
O15213,9606,9606.ENSP00000363746
O15226,9606,9606.ENSP00000442308
O15228,9606,9606.ENSP00000355607
O15234,9606,9606.ENSP00000264645
O15235,9606,9606.ENSP00000384952
O15247,9606,9606.ENSP00000358460
O15258,9606,9606.ENSP00000475168
O15260,9606,9606.ENSP00000361057
O15269,9606,9606.ENSP00000262554
O15270,9606,9606.ENSP00000216484
O15294,9606,9606.ENSP00000362824
O15305,9606,9606.ENSP00000268261
O15318,9606,9606.ENSP00000498469
O15347,9606,9606.ENSP00000359393
O15355,9606,9606.ENSP00000342778
O15357,9606,9606.ENSP00000298229
O15371,9606,9606.ENSP00000216190
O15372,9606,9606.ENSP00000429931
O15379,9606,9606.ENSP00000302967
O15381,9606,9606.ENSP00000281701
O15382,9606,9606.ENSP00000322991
O15392,9606,9606.ENSP00000301633
O15397,9606,9606.ENSP00000256079
O15400,9606,9606.ENSP00000356918
O15439,9606,9606.ENSP00000494609
O15446,9606,9606.ENSP00000465099
O15479,9606,9606.ENSP00000368273
O15498,9606,9606.ENSP00000223369
O15504,9606,9606.ENSP00000258742
O15511,9606,9606.ENSP00000294742
O15514,9606,9606.ENSP00000272645
O15525,9606,9606.ENSP00000350369
O15530,9606,9606.ENSP00000344220
O15541,9606,9606.ENSP00000360497
O15550,9606,9606.ENSP00000367203
O43137,4932,4932.YBR085C-A
O43143,9606,9606.ENSP00000336741
O43148,9606,9606.ENSP00000466111
O43156,9606,9606.ENSP00000362547
O43159,9606,9606.ENSP00000254605
O43164,9606,9606.ENSP00000354775
O43169,9606,9606.ENSP00000308430
O43172,9606,9606.ENSP00000363313
O43175,9606,9606.ENSP00000493382
O43181,9606,9606.ENSP00000296684
O43182,9606,9606.ENSP00000338967
O43237,9606,9606.ENSP00000258198
O43242,9606,9606.ENSP00000264639
O43251,9606,9606.ENSP00000413035
O43252,9606,9606.ENSP00000265174
O43264,9606,9606.ENSP00000200135
O43290,9606,9606.ENSP00000310448
O43314,9606,9606.ENSP00000486357
O43318,9606,9606.ENSP00000358335
O43324,9606,9606.ENSP00000369038
O43353,9606,9606.ENSP00000220751
O43379,9606,9606.ENSP00000384792
O43390,9606,9606.ENSP00000363745
O43395,9606,9606.ENSP00000315379
O43396,9606,9606.ENSP00000217515
O43399,9606,9606.ENSP00000217121
O43402,9606,9606.ENSP00000253457
O43414,9606,9606.ENSP00000361331
O43422,9606,9606.ENSP00000260045
O43427,9606,9606.ENSP00000344572
O43432,9606,9606.ENSP00000383274
O43439,9606,9606.ENSP00000262653
O43447,9606,9606.ENSP00000306614
O43463,9606,9606.ENSP00000337976
O43464,9606,9606.ENSP00000258080
O43482,9606,9606.ENSP00000220514
O43488,9606,9606.ENSP00000235835
O43491,9606,9606.ENSP00000357110
O43493,9606,9606.ENSP00000386443
O43502,9606,9606.ENSP00000336701
O43504,9606,9606.ENSP00000256644
O43513,9606,9606.ENSP00000286317
O43516,9606,9606.ENSP00000376330
O43520,9606,9606.ENSP00000497896
O43583,9606,9606.ENSP00000280557
O43592,9606,9606.ENSP00000327821
O43598,9606,9606.ENSP00000230431
O43615,9606,9606.ENSP00000270538
O43617,9606,9606.ENSP00000480332
O43633,9606,9606.ENSP00000469240
O43639,9606,9606.ENSP00000233154
O43660,9606,9606.ENSP00000424417
O43663,9606,9606.ENSP00000377793
O43665,9606,9606.ENSP00000358099
O43670,9606,9606.ENSP00000378165
O43674,9606,9606.ENSP00000259037
O43676,9606,9606.ENSP00000407336
O43678,9606,9606.ENSP00000252102
O43681,9606,9606.ENSP00000466379
O43683,9606,9606.ENSP00000302530
O43684,9606,9606.ENSP00000357858
O43707,9606,9606.ENSP00000252699
O43708,9606,9606.ENSP00000451976
O43709,9606,9606.ENSP00000401191
O43715,9606,9606.ENSP00000449795
O43716,9606,9606.ENSP00000446872
O43719,9606,9606.ENSP00000442699
O43747,9606,9606.ENSP00000377148
O43752,9606,9606.ENSP00000258301
O43760,9606,9606.ENSP00000467600
O43765,9606,9606.ENSP00000221566
O43766,9606,9606.ENSP00000492260
O43768,9606,9606.ENSP00000341743
O43772,9606,9606.ENSP00000326305
O43776,9606,9606.ENSP00000256854
O43805,9606,9606.ENSP00000313752
O43808,9606,9606.ENSP00000390722
O43809,9606,9606.ENSP00000300291
O43813,9606,9606.ENSP00000388713
O43815,9606,9606.ENSP00000263918
O43818,9606,9606.ENSP00000232888
O43819,9606,9606.ENSP00000444433
O43823,9606,9606.ENSP00000269701
O43837,9606,9606.ENSP00000482773
O43847,9606,9606.ENSP00000346890
O43852,9606,9606.ENSP00000438248
O43865,9606,9606.ENSP00000358814
O43913,9606,9606.ENSP00000297431
O43920,9606,9606.ENSP00000362058
O43929,9606,9606.ENSP00000441953
O43933,9606,9606.ENSP00000248633
O60200,4932,4932.YKL053C-A
O60216,9606,9606.ENSP00000297338
O60220,9606,9606.ENSP00000361993
O60231,9606,9606.ENSP00000365625
O60232,9606,9606.ENSP00000312318
O60234,9606,9606.ENSP00000472249
O60244,9606,9606.ENSP00000323720
O60256,9606,9606.ENSP00000268835
O60264,9606,9606.ENSP00000283131
O60271,9606,9606.ENSP00000262013
O60287,9606,9606.ENSP00000372199
O60293,9606,9606.ENSP00000368017
O60294,9606,9606.ENSP00000307214
O60306,9606,9606.ENSP00000156471
O60313,9606,9606.ENSP00000354681
O60318,9606,9606.ENSP00000291688
O60341,9606,9606.ENSP00000383042
O60343,9606,9606.ENSP00000366863
O60427,9606,9606.ENSP00000322229
O60437,9606,9606.ENSP00000340510
O60476,9606,9606.ENSP00000348959
O60488,9606,9606.ENSP00000339787
O60493,9606,9606.ENSP00000230085
O60502,9606,9606.ENSP00000354850
O60506,9606,9606.ENSP00000358635
O60508,9606,9606.ENSP00000357928
O60547,9606,9606.ENSP00000370194
O60563,9606,9606.ENSP00000261900
O60566,9606,9606.ENSP00000287598
O60568,9606,9606.ENSP00000223127
O60573,9606,9606.ENSP00000258416
O60610,9606,9606.ENSP00000373706
O60613,9606,9606.ENSP00000328729
O60645,9606,9606.ENSP00000425587
O60664,9606,9606.ENSP00000221957
O60671,9606,9606.ENSP00000371469
O60678,9606,9606.ENSP00000331879
O60684,9606,9606.ENSP00000362728
O60701,9606,9606.ENSP00000319501
O60716,9606,9606.ENSP00000382004
O60732,9606,9606.ENSP00000285879
O60739,9606,9606.ENSP00000232905
O60749,9606,9606.ENSP00000368831
O60762,9606,9606.ENSP00000360638
O60763,9606,9606.ENSP00000264904
O60783,9606,9606.ENSP00000420714
O60784,9606,9606.ENSP00000413697
O60814,9606,9606.ENSP00000349430
O60825,9606,9606.ENSP00000356047
O60826,9606,9606.ENSP00000365401
O60828,9606,9606.ENSP00000498362
O60830,9606,9606.ENSP00000379999
O60832,9606,9606.ENSP00000358563
O60841,9606,9606.ENSP00000289371
O60869,9606,9606.ENSP00000224073
O60870,9606,9606.ENSP00000368881
O60884,9606,9606.ENSP00000314030
O60885,9606,9606.ENSP00000263377
O60888,9606,9606.ENSP00000499422
O60907,9606,9606.ENSP00000495556
O60921,9606,9606.ENSP00000258774
O60925,9606,9606.ENSP00000261813
O60927,9606,9606.ENSP00000365963
O60934,9606,9606.ENSP00000265433
O60942,9606,9606.ENSP00000358497
O74700,4932,4932.YEL020W-A
O75027,9606,9606.ENSP00000253577
O75044,9606,9606.ENSP00000459615
O75061,9606,9606.ENSP00000360108
O75063,9606,9606.ENSP00000263733
O75081,9606,9606.ENSP00000268679
O75083,9606,9606.ENSP00000427687
O75113,9606,9606.ENSP00000262384
O75116,9606,9606.ENSP00000317985
O75122,9606,9606.ENSP00000327760
O75127,9606,9606.ENSP00000292478
O75131,9606,9606.ENSP00000477590
O75146,9606,9606.ENSP00000253083
O75150,9606,9606.ENSP00000325677
O75152,9606,9606.ENSP00000491830
O75153,9606,9606.ENSP00000458986
O75155,9606,9606.ENSP00000387641
O75157,9606,9606.ENSP00000354543
O75170,9606,9606.ENSP00000478417
O75175,9606,9606.ENSP00000351159
O75177,9606,9606.ENSP00000333012
O75179,9606,9606.ENSP00000351416
O75190,9606,9606.ENSP00000262177
O75191,9606,9606.ENSP00000207870
O75208,9606,9606.ENSP00000262507
O75223,9606,9606.ENSP00000275428
O75251,9606,9606.ENSP00000233627
O75306,9606,9606.ENSP00000356972
O75312,9606,9606.ENSP00000227322
O75319,9606,9606.ENSP00000272444
O75323,9606,9606.ENSP00000313050
O75330,9606,9606.ENSP00000377492
O75340,9606,9606.ENSP00000264933
O75347,9606,9606.ENSP00000306362
O75348,9606,9606.ENSP00000363162
O75351,9606,9606.ENSP00000238497
O75352,9606,9606.ENSP00000250124
O75362,9606,9606.ENSP00000360526
O75367,9606,9606.ENSP00000423563
O75368,9606,9606.ENSP00000362308
O75369,9606,9606.ENSP00000420213
O75376,9606,9606.ENSP00000268712
O75379,9606,9606.ENSP00000236192
O75380,9606,9606.ENSP00000274137
O75381,9606,9606.ENSP00000349016
O75390,9606,9606.ENSP00000342056
O75391,9606,9606.ENSP00000206020
O75394,9606,9606.ENSP00000296102
O75396,9606,9606.ENSP00000463393
O75400,9606,9606.ENSP00000386458
O75410,9606,9606.ENSP00000321703
O75414,9606,9606.ENSP00000416658
O75419,9606,9606.ENSP00000405726
O75427,9606,9606.ENSP00000309689
O75431,9606,9606.ENSP00000249442
O75436,9606,9606.ENSP00000263559
O75438,9606,9606.ENSP00000483888
O75439,9606,9606.ENSP00000249269
O75446,9606,9606.ENSP00000296504
O75448,9606,9606.ENSP00000440100
O75449,9606,9606.ENSP00000356381
O75459,9606,9606.ENSP00000365320
O75475,9606,9606.ENSP00000370114
O75489,9606,9606.ENSP00000263774
O75494,9606,9606.ENSP00000420195
O75496,9606,9606.ENSP00000230056
O75506,9606,9606.ENSP00000392896
O75521,9606,9606.ENSP00000369461
O75528,9606,9606.ENSP00000307684
O75529,9606,9606.ENSP00000258281
O75530,9606,9606.ENSP00000338186
O75531,9606,9606.ENSP00000433760
O75533,9606,9606.ENSP00000335321
O75534,9606,9606.ENSP00000481762
O75569,9606,9606.ENSP00000318176
O75575,9606,9606.ENSP00000378736
O75586,9606,9606.ENSP00000481920
O75600,9606,9606.ENSP00000371110
O75607,9606,9606.ENSP00000359128
O75608,9606,9606.ENSP00000320043
O75616,9606,9606.ENSP00000254928
O75629,9606,9606.ENSP00000359540
O75643,9606,9606.ENSP00000317123
O75663,9606,9606.ENSP00000356807
O75674,9606,9606.ENSP00000460823
O75683,9606,9606.ENSP00000361092
O75688,9606,9606.ENSP00000282412
O75691,9606,9606.ENSP00000261637
O75694,9606,9606.ENSP00000231498
O75717,9606,9606.ENSP00000353793
O75718,9606,9606.ENSP00000323696
O75746,9606,9606.ENSP00000388658
O75791,9606,9606.ENSP00000339186
O75792,9606,9606.ENSP00000221486
O75794,9606,9606.ENSP00000281141
O75817,9606,9606.ENSP00000304353
O75818,9606,9606.ENSP00000369391
O75821,9606,9606.ENSP00000253108
O75822,9606,9606.ENSP00000261868
O75828,9606,9606.ENSP00000290354
O75832,9606,9606.ENSP00000217958
O75844,9606,9606.ENSP00000361845
O75874,9606,9606.ENSP00000390265
O75879,9606,9606.ENSP00000263985
O75880,9606,9606.ENSP00000255390
O75909,9606,9606.ENSP00000374529
O75911,9606,9606.ENSP00000480439
O75925,9606,9606.ENSP00000438574
O75934,9606,9606.ENSP00000358554
O75935,9606,9606.ENSP00000259632
O75937,9606,9606.ENSP00000263697
O75940,9606,9606.ENSP00000358616
O75943,9606,9606.ENSP00000426191
O75947,9606,9606.ENSP00000301587
O75955,9606,9606.ENSP00000365569
O75964,9606,9606.ENSP00000300688
O75976,9606,9606.ENSP00000225719
O76003,9606,9606.ENSP00000357633
O76021,9606,9606.ENSP00000460871
O76031,9606,9606.ENSP00000300107
O76070,9606,9606.ENSP00000361087
O76071,9606,9606.ENSP00000418287
O76080,9606,9606.ENSP00000366161
O76087,9606,9606.ENSP00000416249
O76094,9606,9606.ENSP00000495128
O76095,9606,9606.ENSP00000271843
O77727,9606,
O94742,4932,4932.YDR363W-A
O94761,9606,9606.ENSP00000482313
O94762,9606,9606.ENSP00000317636
O94763,9606,9606.ENSP00000376097
O94776,9606,9606.ENSP00000278823
O94782,9606,9606.ENSP00000343526
O94788,9606,9606.ENSP00000249750
O94817,9606,9606.ENSP00000425107
O94822,9606,9606.ENSP00000478783
O94826,9606,9606.ENSP00000284320
O94829,9606,9606.ENSP00000361418
O94830,9606,9606.ENSP00000380352
O94832,9606,9606.ENSP00000324527
O94842,9606,9606.ENSP00000477868
O94854,9606,
O94855,9606,9606.ENSP00000280551
O94874,9606,9606.ENSP00000358283
O94880,9606,9606.ENSP00000385795
O94886,9606,9606.ENSP00000355800
O94888,9606,9606.ENSP00000296328
O94889,9606,9606.ENSP00000232766
O94903,9606,9606.ENSP00000333551
O94905,9606,9606.ENSP00000428112
O94906,9606,9606.ENSP00000266079
O94913,9606,9606.ENSP00000298281
O94916,9606,9606.ENSP00000338806
O94925,9606,9606.ENSP00000317379
O94927,9606,9606.ENSP00000439056
O94964,9606,9606.ENSP00000237536
O94966,9606,9606.ENSP00000401197
O94973,9606,9606.ENSP00000327694
O94979,9606,9606.ENSP00000378721
O94992,9606,9606.ENSP00000328773
O95059,9606,9606.ENSP00000412894
O95067,9606,9606.ENSP00000288207
O95071,9606,9606.ENSP00000429084
O95081,9606,9606.ENSP00000300176
O95104,9606,9606.ENSP00000286835
O95139,9606,9606.ENSP00000369176
O95140,9606,9606.ENSP00000416338
O95149,9606,9606.ENSP00000454852
O95155,9606,9606.ENSP00000343001
O95159,9606,9606.ENSP00000294258
O95163,9606,9606.ENSP00000363779
O95167,9606,9606.ENSP00000418438
O95168,9606,9606.ENSP00000184266
O95169,9606,9606.ENSP00000299166
O95182,9606,9606.ENSP00000301457
O95197,9606,9606.ENSP00000367050
O95202,9606,9606.ENSP00000305653
O95218,9606,9606.ENSP00000359958
O95219,9606,9606.ENSP00000251775
O95229,9606,9606.ENSP00000363055
O95232,9606,9606.ENSP00000376919
O95235,9606,9606.ENSP00000378356
O95239,9606,9606.ENSP00000363524
O95249,9606,9606.ENSP00000225724
O95251,9606,9606.ENSP00000259021
O95273,9606,9606.ENSP00000300213
O95292,9606,9606.ENSP00000417175
O95295,9606,9606.ENSP00000357674
O95297,9606,9606.ENSP00000352513
O95298,9606,9606.ENSP00000281031
O95299,9606,9606.ENSP00000252711
O95319,9606,9606.ENSP00000488422
O95336,9606,9606.ENSP00000252603
O95347,9606,9606.ENSP00000286398
O95352,9606,9606.ENSP00000346437
O95363,9606,9606.ENSP00000316335
O95365,9606,9606.ENSP00000323670
O95372,9606,9606.ENSP00000363638
O95373,9606,9606.ENSP00000369042
O95376,9606,9606.ENSP00000348769
O95379,9606,9606.ENSP00000427424
O95391,9606,9606.ENSP00000297151
O95394,9606,9606.ENSP00000425809
O95396,9606,9606.ENSP00000244051
O95400,9606,9606.ENSP00000304903
O95429,9606,9606.ENSP00000287322
O95433,9606,9606.ENSP00000216479
O95453,9606,9606.ENSP00000387911
O95456,9606,9606.ENSP00000329915
O95466,9606,9606.ENSP00000329219
O95478,9606,9606.ENSP00000483484
O95486,9606,9606.ENSP00000381823
O95487,9606,9606.ENSP00000428564
O95544,9606,9606.ENSP00000367890
O95551,9606,9606.ENSP00000367440
O95563,9606,9606.ENSP00000271373
O95573,9606,9606.ENSP00000350012
O95602,9606,9606.ENSP00000263857
O95619,9606,9606.ENSP00000247843
O95628,9606,9606.ENSP00000445508
O95630,9606,9606.ENSP00000377633
O95639,9606,9606.ENSP00000292476
O95671,9606,9606.ENSP00000370718
O95684,9606,9606.ENSP00000355812
O95707,9606,9606.ENSP00000465213
O95714,9606,9606.ENSP00000261609
O95721,9606,9606.ENSP00000215730
O95747,9606,9606.ENSP00000311713
O95749,9606,9606.ENSP00000282841
O95757,9606,9606.ENSP00000296464
O95758,9606,9606.ENSP00000414921
O95777,9606,9606.ENSP00000249299
O95782,9606,9606.ENSP00000351926
O95785,9606,9606.ENSP00000469534
O95793,9606,9606.ENSP00000360922
O95801,9606,9606.ENSP00000360329
O95810,9606,9606.ENSP00000305675
O95816,9606,9606.ENSP00000359727
O95817,9606,9606.ENSP00000358081
O95819,9606,9606.ENSP00000343658
O95825,9606,9606.ENSP00000370966
O95831,9606,9606.ENSP00000287295
O95834,9606,9606.ENSP00000468312
O95835,9606,9606.ENSP00000437550
O95857,9606,9606.ENSP00000262067
O95861,9606,9606.ENSP00000446828
O95865,9606,9606.ENSP00000364949
O95881,9606,9606.ENSP00000360688
O95905,9606,9606.ENSP00000401566
O95926,9606,9606.ENSP00000236273
O95983,9606,9606.ENSP00000412302
O95985,9606,9606.ENSP00000381773
O95989,9606,9606.ENSP00000476119
O95997,9606,9606.ENSP00000377536
O95999,9606,9606.ENSP00000498104
O96000,9606,9606.ENSP00000268668
O96007,9606,9606.ENSP00000380157
O96008,9606,9606.ENSP00000410339
O96013,9606,9606.ENSP00000469413
O96017,9606,9606.ENSP00000372023
O96019,9606,9606.ENSP00000397552
O96028,9606,9606.ENSP00000372351
P00004,9606,
P00044,4932,4932.YJR048W
P00045,4932,4932.YEL039C
P00127,4932,4932.YFR033C
P00128,4932,4932.YDR529C
P00156,9606,9606.ENSP00000354554
P00167,9606,9606.ENSP00000341625
P00175,4932,4932.YML054C
P00330,4932,4932.YOL086C
P00338,9606,9606.ENSP00000445175
P00350,83333,511145.b2029
P00352,9606,9606.ENSP00000297785
P00358,4932,4932.YJR009C
P00359,4932,4932.YGR192C
P00360,4932,4932.YJL052W
P00363,83333,511145.b4154
P00367,9606,9606.ENSP00000277865
P00370,83333,511145.b1761
P00374,9606,9606.ENSP00000396308
P00387,9606,9606.ENSP00000354468
P00390,9606,9606.ENSP00000221130
P00403,9606,9606.ENSP00000354876
P00414,9606,9606.ENSP00000354982
P00427,4932,4932.YHR051W
P00431,4932,4932.YKR066C
P00441,9606,9606.ENSP00000270142
P00445,4932,4932.YJR104C
P00447,4932,4932.YHR008C
P00448,83333,511145.b3908
P00452,83333,511145.b2234
P00490,83333,511145.b3417
P00491,9606,9606.ENSP00000354532
P00492,9606,9606.ENSP00000298556
P00498,4932,4932.YER055C
P00505,9606,9606.ENSP00000245206
P00509,83333,511145.b0928
P00519,9606,9606.ENSP00000361423
P00546,4932,4932.YBR160W
P00549,4932,4932.YAL038W
P00550,83333,511145.b3599
P00558,9606,9606.ENSP00000362413
P00560,4932,4932.YCR012W
P00561,83333,511145.b0002
P00562,83333,511145.b3940
P00568,9606,9606.ENSP00000223836
P00572,4932,4932.YJR057W
P00579,83333,511145.b3067
P00582,83333,511145.b3863
P00635,4932,4932.YBR093C
P00722,83333,511145.b0344
P00724,4932,4932.YIL162W
P00729,4932,4932.YMR297W
P00734,9606,9606.ENSP00000308541
P00761,9606,
P00812,4932,4932.YPL111W
P00815,4932,4932.YCL030C
P00817,4932,4932.YBR011C
P00830,4932,4932.YJR121W
P00846,9606,9606.ENSP00000354632
P00864,83333,511145.b3956
P00887,83333,511145.b1704
P00890,4932,4932.YNR001C
P00899,4932,4932.YER090W
P00909,83333,511145.b1262
P00912,4932,4932.YDR007W
P00915,9606,9606.ENSP00000430656
P00924,4932,4932.YGR254W
P00925,4932,4932.YHR174W
P00926,83333,511145.b2366
P00927,4932,4932.YER086W
P00931,4932,4932.YGL026C
P00935,83333,511145.b3939
P00937,4932,4932.YKL211C
P00942,4932,4932.YDR050C
P00944,83333,511145.b3565
P00946,83333,511145.b1613
P00950,4932,4932.YKL152C
P00954,83333,511145.b3384
P00956,83333,511145.b0026
P00957,83333,511145.b2697
P00958,4932,4932.YGR264C
P00959,83333,511145.b2114
P00960,83333,511145.b3560
P00961,83333,511145.b3559
P00962,83333,511145.b0680
P00963,83333,511145.b3744
P00966,9606,9606.ENSP00000361471
P00968,83333,511145.b0033
P01008,9606,9606.ENSP00000356671
P01009,9606,9606.ENSP00000416066
P01019,9606,9606.ENSP00000355627
P01023,9606,9606.ENSP00000323929
P01024,9606,9606.ENSP00000245907
P01033,9606,9606.ENSP00000218388
P01034,9606,9606.ENSP00000381448
P01094,4932,4932.YMR174C
P01097,4932,4932.YDL181W
P01098,4932,4932.YDL130W-A
P01111,9606,9606.ENSP00000358548
P01112,9606,9606.ENSP00000407586
P01119,4932,4932.YOR101W
P01120,4932,4932.YNL098C
P01123,4932,4932.YFL038C
P01137,9606,9606.ENSP00000221930
P01591,9606,9606.ENSP00000440066
P02008,9606,9606.ENSP00000252951
P02042,9606,9606.ENSP00000494708
P02100,9606,9606.ENSP00000292896
P02293,4932,4932.YDR224C
P02309,4932,4932.YBR009C
P02358,83333,511145.b4200
P02359,83333,511145.b3341
P02400,4932,4932.YDR382W
P02406,4932,4932.YGL103W
P02407,4932,4932.YML024W
P02413,83333,511145.b3301
P02545,9606,9606.ENSP00000357283
P02549,9606,9606.ENSP00000495214
P02557,4932,4932.YFL037W
P02647,9606,9606.ENSP00000236850
P02649,9606,9606.ENSP00000252486
P02654,9606,9606.ENSP00000465356
P02655,9606,9606.ENSP00000466775
P02656,9606,9606.ENSP00000227667
P02724,9606,9606.ENSP00000354003
P02748,9606,9606.ENSP00000263408
P02751,9606,9606.ENSP00000346839
P02765,9606,9606.ENSP00000273784
P02766,9606,9606.ENSP00000237014
P02769,9606,
P02786,9606,9606.ENSP00000376197
P02788,9606,9606.ENSP00000231751
P02792,9606,9606.ENSP00000366525
P02794,9606,9606.ENSP00000273550
P02795,9606,9606.ENSP00000245185
P02829,4932,4932.YPL240C
P02924,83333,511145.b1901
P02925,83333,511145.b3751
P02992,4932,4932.YOR187W
P02994,4932,4932.YBR118W
P03018,83333,511145.b3813
P03813,83333,511145.b2840
P03817,83333,511145.b3742
P03841,83333,511145.b4037
P03871,4932,
P03872,4932,
P03874,4932,4932.YHL038C
P03886,9606,9606.ENSP00000354687
P03905,9606,9606.ENSP00000354961
P03915,9606,9606.ENSP00000354813
P03928,9606,9606.ENSP00000355265
P03965,4932,4932.YJR109C
P04003,9606,9606.ENSP00000356037
P04004,9606,9606.ENSP00000226218
P04036,83333,511145.b0031
P04037,4932,4932.YGL187C
P04039,4932,4932.YLR395C
P04040,9606,9606.ENSP00000241052
P04046,4932,4932.YMR300C
P04049,9606,9606.ENSP00000401888
P04050,4932,4932.YDL140C
P04051,4932,4932.YOR116C
P04066,9606,9606.ENSP00000363603
P04075,9606,9606.ENSP00000496166
P04076,4932,4932.YHR018C
P04079,83333,511145.b2507
P04080,9606,9606.ENSP00000291568
P04083,9606,9606.ENSP00000366109
P04114,9606,9606.ENSP00000233242
P04128,83333,511145.b4314
P04147,4932,4932.YER165W
P04150,9606,9606.ENSP00000231509
P04161,4932,4932.YDR408C
P04179,9606,9606.ENSP00000446252
P04181,9606,9606.ENSP00000357838
P04183,9606,9606.ENSP00000468425
P04335,83333,511145.b0239
P04387,4932,4932.YML051W
P04406,9606,9606.ENSP00000380070
P04424,9606,9606.ENSP00000307188
P04425,83333,511145.b2947
P04449,4932,4932.YGL031C
P04456,4932,4932.YOL127W
P04632,9606,9606.ENSP00000464849
P04693,83333,511145.b4054
P04786,4932,4932.YOL006C
P04792,9606,9606.ENSP00000248553
P04801,4932,4932.YIL078W
P04802,4932,4932.YLL018C
P04805,83333,511145.b2400
P04806,4932,4932.YFR053C
P04807,4932,4932.YGL253W
P04816,83333,511145.b3458
P04818,9606,9606.ENSP00000315644
P04819,4932,4932.YDL164C
P04821,4932,4932.YLR310C
P04825,83333,511145.b0932
P04840,4932,4932.YNL055C
P04843,9606,9606.ENSP00000296255
P04844,9606,9606.ENSP00000237530
P04899,9606,9606.ENSP00000312999
P04908,9606,9606.ENSP00000303373
P04911,4932,4932.YDR225W
P04920,9606,9606.ENSP00000419412
P04921,9606,9606.ENSP00000259254
P04949,83333,511145.b1923
P04951,83333,511145.b0918
P04982,83333,511145.b3748
P04983,83333,511145.b3749
P04994,83333,511145.b2509
P05020,83333,511145.b1062
P05023,9606,9606.ENSP00000445306
P05030,4932,4932.YGL008C
P05042,83333,511145.b1611
P05055,83333,511145.b3164
P05066,4932,4932.YOR386W
P05091,9606,9606.ENSP00000261733
P05114,9606,9606.ENSP00000370125
P05141,9606,9606.ENSP00000360671
P05150,4932,4932.YJL088W
P05161,9606,9606.ENSP00000496832
P05166,9606,9606.ENSP00000419027
P05194,83333,511145.b1693
P05198,9606,9606.ENSP00000256383
P05204,9606,9606.ENSP00000355228
P05317,4932,4932.YLR340W
P05318,4932,4932.YDL081C
P05319,4932,4932.YOL039W
P05362,9606,9606.ENSP00000264832
P05373,4932,4932.YGL040C
P05374,4932,4932.YGR157W
P05375,4932,4932.YJR073C
P05386,9606,9606.ENSP00000346037
P05387,9606,9606.ENSP00000431240
P05388,9606,9606.ENSP00000449328
P05423,9606,9606.ENSP00000380904
P05453,4932,4932.YDR172W
P05455,9606,9606.ENSP00000386636
P05458,83333,511145.b2821
P05459,83333,511145.b2320
P05556,9606,9606.ENSP00000379350
P05626,4932,4932.YPL078C
P05637,83333,511145.b0049
P05694,4932,4932.YER091C
P05738,4932,4932.YGL147C
P05739,4932,4932.YLR448W
P05740,4932,4932.YKL180W
P05743,4932,4932.YLR344W
P05744,4932,4932.YPL143W
P05745,4932,4932.YMR194W
P05748,4932,4932.YLR029C
P05749,4932,4932.YLR061W
P05750,4932,4932.YNL178W
P05755,4932,4932.YBR189W
P05756,4932,4932.YDR064W
P05759,4932,4932.YLR167W
P05771,9606,9606.ENSP00000496129
P05783,9606,9606.ENSP00000373489
P05787,9606,9606.ENSP00000449404
P05791,83333,511145.b3771
P05793,83333,511145.b3774
P05937,9606,9606.ENSP00000265431
P05986,4932,4932.YKL166C
P06100,4932,4932.YDL165W
P06101,4932,4932.YDR168W
P06102,4932,4932.YIL038C
P06103,4932,4932.YOR361C
P06105,4932,4932.YJL080C
P06115,4932,4932.YGR088W
P06132,9606,9606.ENSP00000246337
P06149,83333,511145.b2133
P06168,4932,4932.YLR355C
P06169,4932,4932.YLR044C
P06174,4932,4932.YOR278W
P06182,4932,4932.YAL039C
P06197,4932,4932.YPR113W
P06208,4932,4932.YNL104C
P06242,4932,4932.YDL108W
P06244,4932,4932.YJL164C
P06245,4932,4932.YPL203W
P06280,9606,9606.ENSP00000218516
P06367,4932,4932.YCR031C
P06396,9606,9606.ENSP00000362924
P06400,9606,9606.ENSP00000267163
P06454,9606,9606.ENSP00000344547
P06493,9606,9606.ENSP00000378699
P06576,9606,9606.ENSP00000262030
P06610,83333,511145.b1710
P06612,83333,511145.b1274
P06634,4932,4932.YOR204W
P06700,4932,4932.YDL042C
P06701,4932,4932.YLR442C
P06704,4932,4932.YOR257W
P06710,83333,511145.b0470
P06715,83333,511145.b3500
P06720,83333,511145.b4119
P06721,83333,511145.b3008
P06727,9606,9606.ENSP00000350425
P06730,9606,9606.ENSP00000425561
P06733,9606,9606.ENSP00000495530
P06738,4932,4932.YPR160W
P06744,9606,9606.ENSP00000405573
P06746,9606,9606.ENSP00000265421
P06748,9606,9606.ENSP00000296930
P06753,9606,9606.ENSP00000498577
P06773,4932,4932.YHR144C
P06774,4932,4932.YGL237C
P06778,4932,4932.YML032C
P06779,4932,4932.YJR052W
P06780,4932,4932.YPR165W
P06781,4932,4932.YNL090W
P06782,4932,4932.YDR477W
P06785,4932,4932.YOR074C
P06786,4932,4932.YNL088W
P06787,4932,4932.YBR109C
P06843,4932,4932.YER161C
P06844,4932,4932.YDR392W
P06846,83333,511145.b3075
P06865,9606,9606.ENSP00000455114
P06959,83333,511145.b0115
P06961,83333,511145.b3056
P06968,83333,511145.b3640
P06983,83333,511145.b3805
P06986,83333,511145.b2021
P06987,83333,511145.b2022
P06988,83333,511145.b2020
P06989,83333,511145.b2026
P06992,83333,511145.b0051
P06999,83333,511145.b1723
P07003,83333,511145.b0871
P07004,83333,511145.b0243
P07012,83333,511145.b2891
P07014,83333,511145.b0724
P07017,83333,511145.b1886
P07023,83333,511145.b2600
P07024,83333,511145.b0480
P07108,9606,9606.ENSP00000486361
P07118,83333,511145.b4258
P07143,4932,4932.YOR065W
P07149,4932,4932.YKL182W
P07170,4932,4932.YDR226W
P07172,4932,4932.YIL116W
P07195,9606,
P07199,9606,9606.ENSP00000369075
P07205,9606,9606.ENSP00000305995
P07213,4932,4932.YNL121C
P07236,4932,4932.YKL194C
P07237,9606,9606.ENSP00000327801
P07244,4932,4932.YGL234W
P07245,4932,4932.YGR204W
P07246,4932,4932.YMR083W
P07248,4932,4932.YDR216W
P07250,4932,4932.YDR173C
P07251,4932,4932.YBL099W
P07253,4932,4932.YBR120C
P07256,4932,4932.YBL045C
P07257,4932,4932.YPR191W
P07259,4932,4932.YJL130C
P07260,4932,4932.YOL139C
P07262,4932,4932.YOR375C
P07263,4932,4932.YPR033C
P07264,4932,4932.YGL009C
P07267,4932,4932.YPL154C
P07269,4932,4932.YDL106C
P07270,4932,4932.YFR034C
P07273,4932,4932.YGL043W
P07274,4932,4932.YOR122C
P07275,4932,4932.YHR037W
P07277,4932,4932.YMR208W
P07278,4932,4932.YIL033C
P07280,4932,4932.YOL121C
P07283,4932,4932.YFL045C
P07284,4932,4932.YDR023W
P07285,4932,4932.YDR354W
P07311,9606,9606.ENSP00000450873
P07339,9606,9606.ENSP00000236671
P07342,4932,4932.YMR108W
P07347,4932,4932.YHR013C
P07355,9606,9606.ENSP00000346032
P07384,9606,9606.ENSP00000431984
P07395,83333,511145.b1713
P07437,9606,9606.ENSP00000339001
P07464,83333,511145.b0342
P07477,9606,9606.ENSP00000308720
P07560,4932,4932.YFL005W
P07602,9606,9606.ENSP00000378394
P07639,83333,511145.b3389
P07650,83333,511145.b4382
P07686,9606,9606.ENSP00000261416
P07702,4932,4932.YBR115C
P07703,4932,4932.YPR110C
P07711,9606,9606.ENSP00000345344
P07737,9606,9606.ENSP00000225655
P07738,9606,9606.ENSP00000376840
P07741,9606,9606.ENSP00000367615
P07762,83333,511145.b3432
P07806,4932,4932.YGR094W
P07807,4932,4932.YOR236W
P07813,83333,511145.b0642
P07814,9606,9606.ENSP00000355890
P07858,9606,9606.ENSP00000345672
P07862,83333,511145.b0092
P07900,9606,9606.ENSP00000335153
P07910,9606,9606.ENSP00000451291
P07913,83333,511145.b3616
P07919,9606,9606.ENSP00000309565
P07947,9606,9606.ENSP00000462468
P07948,9606,9606.ENSP00000428924
P07954,9606,9606.ENSP00000355518
P07991,4932,4932.YLR438W
P07996,9606,9606.ENSP00000260356
P08004,4932,4932.YNL192W
P08018,4932,4932.YJL128C
P08047,9606,9606.ENSP00000329357
P08067,4932,4932.YEL024W
P08133,9606,9606.ENSP00000346550
P08134,9606,9606.ENSP00000285735
P08174,9606,9606.ENSP00000356030
P08178,83333,511145.b2499
P08179,83333,511145.b2500
P08192,83333,511145.b2315
P08194,83333,511145.b2240
P08195,9606,9606.ENSP00000367123
P08200,83333,511145.b1136
P08202,83333,511145.b0062
P08237,9606,9606.ENSP00000496597
P08238,9606,9606.ENSP00000360609
P08240,9606,9606.ENSP00000328023
P08243,9606,9606.ENSP00000377845
P08244,83333,511145.b1281
P08312,83333,511145.b1714
P08331,83333,511145.b4213
P08369,83333,511145.b4400
P08373,83333,511145.b3972
P08390,83333,511145.b2319
P08397,9606,9606.ENSP00000498786
P08417,4932,4932.YPL262W
P08456,4932,4932.YER026C
P08466,4932,4932.YJL208C
P08473,9606,9606.ENSP00000418525
P08518,4932,4932.YOR151C
P08524,4932,4932.YJL167W
P08536,4932,4932.YJR010W
P08539,4932,4932.YHR005C
P08559,9606,9606.ENSP00000369134
P08566,4932,4932.YDR127W
P08574,9606,9606.ENSP00000317159
P08575,9606,9606.ENSP00000411355
P08579,9606,9606.ENSP00000246071
P08621,9606,9606.ENSP00000472998
P08622,83333,511145.b0015
P08648,9606,9606.ENSP00000293379
P08651,9606,9606.ENSP00000396843
P08670,9606,9606.ENSP00000446007
P08678,4932,4932.YJL005W
P08679,4932,4932.YCR005C
P08697,9606,9606.ENSP00000321853
P08708,9606,9606.ENSP00000498019
P08727,9606,9606.ENSP00000355124
P08754,9606,9606.ENSP00000358867
P08758,9606,9606.ENSP00000296511
P08839,83333,511145.b2416
P08865,9606,9606.ENSP00000389351
P08957,83333,511145.b4349
P08962,9606,9606.ENSP00000447730
P08964,4932,4932.YHR023W
P08997,83333,511145.b4014
P09001,9606,9606.ENSP00000264995
P09012,9606,9606.ENSP00000243563
P09029,83333,511145.b0522
P09030,83333,511145.b1749
P09032,4932,4932.YOR260W
P09053,83333,511145.b3572
P09064,4932,4932.YPL237W
P09104,9606,9606.ENSP00000437402
P09105,9606,9606.ENSP00000199708
P09110,9606,9606.ENSP00000333664
P09127,83333,511145.b3803
P09132,9606,9606.ENSP00000424870
P09147,83333,511145.b0759
P09148,83333,511145.b0758
P09151,83333,511145.b0074
P09158,83333,511145.b0121
P09211,9606,9606.ENSP00000381607
P09232,4932,4932.YEL060C
P09234,9606,9606.ENSP00000244520
P09323,83333,511145.b0679
P09368,4932,4932.YLR142W
P09372,83333,511145.b2614
P09373,83333,511145.b0903
P09382,9606,9606.ENSP00000215909
P09394,83333,511145.b2239
P09417,9606,9606.ENSP00000281243
P09424,83333,511145.b3600
P09429,9606,9606.ENSP00000345347
P09436,4932,4932.YBL076C
P09440,4932,4932.YBR084W
P09457,4932,4932.YDR298C
P09493,9606,9606.ENSP00000351022
P09496,9606,9606.ENSP00000242285
P09497,9606,9606.ENSP00000309415
P09525,9606,9606.ENSP00000377833
P09543,9606,9606.ENSP00000377470
P09546,83333,511145.b1014
P09547,4932,4932.YPL016W
P09549,83333,511145.b2314
P09551,83333,511145.b2310
P09620,4932,4932.YGL203C
P09622,9606,9606.ENSP00000205402
P09624,4932,4932.YFL018C
P09651,9606,9606.ENSP00000341826
P09661,9606,9606.ENSP00000254193
P09668,9606,9606.ENSP00000220166
P09669,9606,9606.ENSP00000429707
P09733,4932,4932.YML085C
P09734,4932,4932.YML124C
P09831,83333,511145.b3212
P09832,83333,511145.b3213
P09874,9606,9606.ENSP00000355759
P09880,4932,4932.YJL087C
P09884,9606,9606.ENSP00000368358
P09938,4932,4932.YJL026W
P09950,4932,4932.YDR232W
P09959,4932,4932.YLR182W
P09960,9606,9606.ENSP00000228740
P09972,9606,9606.ENSP00000378731
P0A698,83333,511145.b4058
P0A6A3,83333,511145.b2296
P0A6A8,83333,511145.b1094
P0A6B4,83333,511145.b4053
P0A6B7,83333,511145.b2530
P0A6D0,83333,511145.b3237
P0A6D3,83333,511145.b0908
P0A6D7,83333,511145.b3390
P0A6E4,83333,511145.b3172
P0A6E6,83333,511145.b3731
P0A6F1,83333,511145.b0032
P0A6F3,83333,511145.b3926
P0A6F5,83333,511145.b4143
P0A6F9,83333,511145.b4142
P0A6G3,83333,511145.b2700
P0A6G7,83333,511145.b0437
P0A6H1,83333,511145.b0438
P0A6H5,83333,511145.b3931
P0A6I0,83333,511145.b0910
P0A6I3,83333,511145.b3974
P0A6I9,83333,511145.b0103
P0A6J5,83333,511145.b1189
P0A6J8,83333,511145.b0381
P0A6K1,83333,511145.b3809
P0A6K3,83333,511145.b3287
P0A6K6,83333,511145.b4383
P0A6L0,83333,511145.b4381
P0A6L2,83333,511145.b2478
P0A6L4,83333,511145.b3225
P0A6L7,83333,511145.b1521
P0A6L9,83333,511145.b2527
P0A6M4,83333,511145.b3887
P0A6M8,83333,511145.b3340
P0A6N4,83333,511145.b4147
P0A6N8,83333,511145.b2171
P0A6P1,83333,511145.b0170
P0A6P5,83333,511145.b2511
P0A6P7,83333,511145.b3865
P0A6P9,83333,511145.b2779
P0A6Q3,83333,511145.b0954
P0A6R0,83333,511145.b1091
P0A6R3,83333,511145.b3261
P0A6S0,83333,511145.b1079
P0A6S7,83333,511145.b3608
P0A6T1,83333,511145.b4025
P0A6T3,83333,511145.b0757
P0A6T5,83333,511145.b2153
P0A6T9,83333,511145.b2904
P0A6U5,83333,511145.b3740
P0A6U8,83333,511145.b3429
P0A6V1,83333,511145.b3430
P0A6V5,83333,511145.b3425
P0A6V8,83333,511145.b2388
P0A6W5,83333,511145.b3181
P0A6W9,83333,511145.b2688
P0A6X7,83333,511145.b1712
P0A6Y1,83333,511145.b0912
P0A6Y5,83333,511145.b3401
P0A6Y8,83333,511145.b0014
P0A6Z1,83333,511145.b2526
P0A6Z3,83333,511145.b0473
P0A6Z6,83333,511145.b3481
P0A705,83333,511145.b3168
P0A707,83333,511145.b1718
P0A715,83333,511145.b1215
P0A717,83333,511145.b1207
P0A720,83333,511145.b1098
P0A722,83333,511145.b0181
P0A729,83333,511145.b1087
P0A731,83333,511145.b0963
P0A734,83333,511145.b1174
P0A738,83333,511145.b0783
P0A742,83333,511145.b3291
P0A744,83333,511145.b4219
P0A746,83333,511145.b1778
P0A749,83333,511145.b3189
P0A759,83333,511145.b0678
P0A761,83333,511145.b3223
P0A763,83333,511145.b2518
P0A776,83333,511145.b2830
P0A780,83333,511145.b0416
P0A784,83333,511145.b4162
P0A786,83333,511145.b4245
P0A794,83333,511145.b2564
P0A796,83333,511145.b3916
P0A799,83333,511145.b2926
P0A7A2,83333,511145.b4395
P0A7A9,83333,511145.b4226
P0A7B1,83333,511145.b2501
P0A7B5,83333,511145.b0242
P0A7B8,83333,511145.b3932
P0A7C2,83333,511145.b4043
P0A7C6,83333,511145.b4021
P0A7D1,83333,511145.b1204
P0A7D4,83333,511145.b4177
P0A7D7,83333,511145.b2476
P0A7E3,83333,511145.b3642
P0A7E5,83333,511145.b2780
P0A7E9,83333,511145.b0171
P0A7F3,83333,511145.b4244
P0A7F6,83333,511145.b0120
P0A7G2,83333,511145.b3167
P0A7G6,83333,511145.b2699
P0A7I0,83333,511145.b1211
P0A7I4,83333,511145.b4375
P0A7I7,83333,511145.b1277
P0A7J0,83333,511145.b3041
P0A7J3,83333,511145.b3985
P0A7J7,83333,511145.b3983
P0A7K2,83333,511145.b3986
P0A7K6,83333,511145.b2606
P0A7L0,83333,511145.b3984
P0A7L3,83333,511145.b1716
P0A7L8,83333,511145.b3185
P0A7M2,83333,511145.b3637
P0A7M6,83333,511145.b3312
P0A7M9,83333,511145.b3936
P0A7N9,83333,511145.b3636
P0A7Q6,83333,511145.b3299
P0A7R1,83333,511145.b4203
P0A7R5,83333,511145.b3321
P0A7R9,83333,511145.b3297
P0A7S3,83333,511145.b3342
P0A7S9,83333,511145.b3298
P0A7T3,83333,511145.b2609
P0A7T7,83333,511145.b4202
P0A7U3,83333,511145.b3316
P0A7U7,83333,511145.b0023
P0A7V0,83333,511145.b0169
P0A7V3,83333,511145.b3314
P0A7V8,83333,511145.b3296
P0A7W1,83333,511145.b3303
P0A7W7,83333,511145.b3306
P0A7X3,83333,511145.b3230
P0A7X6,83333,511145.b2608
P0A7Y0,83333,511145.b2567
P0A7Z0,83333,511145.b2914
P0A7Z4,83333,511145.b3295
P0A800,83333,511145.b3649
P0A805,83333,511145.b0172
P0A809,83333,511145.b1861
P0A817,83333,511145.b2942
P0A821,83333,511145.b3591
P0A825,83333,511145.b2551
P0A832,83333,511145.b2620
P0A836,83333,511145.b0728
P0A840,83333,511145.b2744
P0A847,83333,511145.b0406
P0A850,83333,511145.b0436
P0A853,83333,511145.b3708
P0A855,83333,511145.b0740
P0A858,83333,511145.b3919
P0A862,83333,511145.b1324
P0A867,83333,511145.b2464
P0A870,83333,511145.b0008
P0A873,83333,511145.b2607
P0A877,83333,511145.b1260
P0A879,83333,511145.b1261
P0A881,83333,511145.b4393
P0A884,83333,511145.b2827
P0A887,83333,511145.b3833
P0A890,83333,511145.b3470
P0A8A0,83333,511145.b1864
P0A8A2,83333,511145.b1983
P0A8A8,83333,511145.b3170
P0A8B5,83333,511145.b0471
P0A8C4,83333,511145.b2909
P0A8D3,83333,511145.b0387
P0A8D6,83333,511145.b1045
P0A8E1,83333,511145.b1108
P0A8E5,83333,511145.b0119
P0A8E7,83333,511145.b0426
P0A8F0,83333,511145.b2498
P0A8F8,83333,511145.b0779
P0A8G3,83333,511145.b3092
P0A8G6,83333,511145.b1004
P0A8G9,83333,511145.b0422
P0A8H6,83333,511145.b3866
P0A8H8,83333,511145.b0101
P0A8I3,83333,511145.b0006
P0A8I5,83333,511145.b2960
P0A8J4,83333,511145.b0631
P0A8J8,83333,511145.b3780
P0A8K5,83333,511145.b4406
P0A8L1,83333,511145.b0893
P0A8M0,83333,511145.b0930
P0A8M3,83333,511145.b1719
P0A8M6,83333,511145.b2007
P0A8N3,83333,511145.b2890
P0A8N5,83333,511145.b4129
P0A8P3,83333,511145.b2962
P0A8R0,83333,511145.b3929
P0A8R4,83333,511145.b3348
P0A8S1,83333,511145.b2916
P0A8T1,83333,511145.b3259
P0A8T7,83333,511145.b3988
P0A8U6,83333,511145.b3938
P0A8V0,83333,511145.b2268
P0A8V2,83333,511145.b3987
P0A8W0,83333,511145.b3226
P0A8W2,83333,511145.b1642
P0A8W5,83333,511145.b2948
P0A8W8,83333,511145.b2294
P0A8X0,83333,511145.b4234
P0A8X2,83333,511145.b1056
P0A8Y3,83333,511145.b3885
P0A8Y5,83333,511145.b3697
P0A8Z0,83333,511145.b1253
P0A901,83333,511145.b4149
P0A910,83333,511145.b0957
P0A912,83333,511145.b0741
P0A940,83333,511145.b0177
P0A951,83333,511145.b1584
P0A953,83333,511145.b2323
P0A955,83333,511145.b1850
P0A962,83333,511145.b1767
P0A964,83333,511145.b1887
P0A972,83333,511145.b0623
P0A988,83333,511145.b3701
P0A991,83333,511145.b2097
P0A993,83333,511145.b4232
P0A996,83333,511145.b2243
P0A998,83333,511145.b1905
P0A9A6,83333,511145.b0095
P0A9A9,83333,511145.b0683
P0A9B2,83333,511145.b1779
P0A9C0,83333,511145.b2241
P0A9C3,83333,511145.b0756
P0A9C5,83333,511145.b3870
P0A9C9,83333,511145.b3925
P0A9D2,83333,511145.b1635
P0A9D4,83333,511145.b3607
P0A9D8,83333,511145.b0166
P0A9E2,83333,511145.b4062
P0A9E5,83333,511145.b1334
P0A9F1,83333,511145.b0817
P0A9G6,83333,511145.b4015
P0A9G8,83333,511145.b0761
P0A9H1,83333,511145.b3068
P0A9I3,83333,511145.b2479
P0A9J0,83333,511145.b3247
P0A9J6,83333,511145.b3752
P0A9J8,83333,511145.b2599
P0A9K3,83333,511145.b0660
P0A9K9,83333,511145.b3349
P0A9L3,83333,511145.b4207
P0A9L5,83333,511145.b3775
P0A9L8,83333,511145.b0386
P0A9M0,83333,511145.b0439
P0A9M2,83333,511145.b0125
P0A9M5,83333,511145.b0238
P0A9M8,83333,511145.b2297
P0A9N4,83333,511145.b0902
P0A9P0,83333,511145.b0116
P0A9P4,83333,511145.b0888
P0A9Q1,83333,511145.b4401
P0A9Q5,83333,511145.b2316
P0A9Q7,83333,511145.b1241
P0A9Q9,83333,511145.b3433
P0A9R4,83333,511145.b2525
P0A9S1,83333,511145.b2799
P0A9S5,83333,511145.b3945
P0A9T0,83333,511145.b2913
P0A9T4,83333,511145.b2834
P0A9U3,83333,511145.b0820
P0A9U6,83333,511145.b1299
P0A9W3,83333,511145.b4391
P0A9X4,83333,511145.b3251
P0A9X9,83333,511145.b3556
P0A9Y6,83333,511145.b1823
P0A9Z1,83333,511145.b2553
P0AA04,83333,511145.b2415
P0AA10,83333,511145.b3231
P0AA16,83333,511145.b3405
P0AA25,83333,511145.b3781
P0AA31,83333,511145.b1930
P0AA39,83333,511145.b1086
P0AA43,83333,511145.b2183
P0AAB4,83333,511145.b3843
P0AAB6,83333,511145.b2042
P0AAB8,83333,511145.b3923
P0AAC0,83333,511145.b1333
P0AAC8,83333,511145.b2528
P0AAE0,83333,511145.b4208
P0AAG0,83333,511145.b3541
P0AAI3,83333,511145.b3178
P0AAI5,83333,511145.b1095
P0AAI9,83333,511145.b1092
P0AAJ5,83333,511145.b3893
P0AAN5,83333,511145.b0389
P0AAP3,83333,511145.b0357
P0AAQ2,83333,511145.b0410
P0AAR3,83333,511145.b0481
P0AAS7,83333,511145.b0528
P0AAT6,83333,511145.b0637
P0AAT9,83333,511145.b0643
P0AAV4,83333,511145.b0711
P0AAV6,83333,511145.b0753
P0AAX8,83333,511145.b0819
P0AAZ7,83333,511145.b0917
P0AB24,83333,511145.b1018
P0AB28,83333,511145.b1088
P0AB52,83333,511145.b1219
P0AB55,83333,511145.b1251
P0AB61,83333,511145.b1273
P0AB65,83333,511145.b0968
P0AB71,83333,511145.b2925
P0AB77,83333,511145.b3617
P0AB80,83333,511145.b3770
P0AB87,83333,511145.b2800
P0AB89,83333,511145.b1131
P0AB91,83333,511145.b0754
P0AB96,83333,511145.b3503
P0ABA0,83333,511145.b3736
P0ABA4,83333,511145.b3735
P0ABA6,83333,511145.b3733
P0ABB0,83333,511145.b3734
P0ABB4,83333,511145.b3732
P0ABC7,83333,511145.b4174
P0ABD3,83333,511145.b3336
P0ABD5,83333,511145.b0185
P0ABD8,83333,511145.b3255
P0ABE2,83333,511145.b0435
P0ABF1,83333,511145.b0143
P0ABF6,83333,511145.b2143
P0ABH7,83333,511145.b0720
P0ABH9,83333,511145.b0882
P0ABI8,83333,511145.b0431
P0ABJ1,83333,511145.b0432
P0ABK5,83333,511145.b2414
P0ABP8,83333,511145.b4384
P0ABQ0,83333,511145.b3639
P0ABQ2,83333,511145.b3125
P0ABQ4,83333,511145.b0048
P0ABS1,83333,511145.b0145
P0ABS5,83333,511145.b3066
P0ABT2,83333,511145.b0812
P0ABU0,83333,511145.b2262
P0ABU2,83333,511145.b1203
P0ABU5,83333,511145.b3209
P0ABZ6,83333,511145.b0053
P0AC13,83333,511145.b3177
P0AC19,83333,511145.b2303
P0AC33,83333,511145.b1612
P0AC38,83333,511145.b4139
P0AC41,83333,511145.b0723
P0AC51,83333,511145.b4046
P0AC53,83333,511145.b1852
P0AC59,83333,511145.b1064
P0AC62,83333,511145.b3610
P0AC69,83333,511145.b1654
P0AC81,83333,511145.b1651
P0AC84,83333,511145.b0212
P0AC86,83333,511145.b3428
P0ACA1,83333,511145.b3592
P0ACA3,83333,511145.b3229
P0ACA7,83333,511145.b0838
P0ACB2,83333,511145.b0369
P0ACB7,83333,511145.b3802
P0ACC3,83333,511145.b0156
P0ACC7,83333,511145.b3730
P0ACD4,83333,511145.b2529
P0ACE7,83333,511145.b1103
P0ACF0,83333,511145.b4000
P0ACF4,83333,511145.b0440
P0ACF8,83333,511145.b1237
P0ACG8,83333,511145.b3400
P0ACI0,83333,511145.b4396
P0ACI6,83333,511145.b3743
P0ACJ0,83333,511145.b0889
P0ACJ8,83333,511145.b3357
P0ACK2,83333,511145.b3131
P0ACL2,83333,511145.b3094
P0ACN4,83333,511145.b0506
P0ACP5,83333,511145.b3438
P0ACQ4,83333,511145.b3961
P0ACR9,83333,511145.b2684
P0ACS7,83333,511145.b4089
P0ACT6,83333,511145.b1618
P0ACU5,83333,511145.b3963
P0ACU7,83333,511145.b4135
P0ACV6,83333,511145.b1326
P0ACV8,83333,511145.b1295
P0ACX3,83333,511145.b1667
P0ACY1,83333,511145.b1765
P0ACY3,83333,511145.b1783
P0AD05,83333,511145.b1908
P0AD12,83333,511145.b2016
P0AD24,83333,511145.b2187
P0AD33,83333,511145.b2343
P0AD49,83333,511145.b2597
P0AD57,83333,511145.b3187
P0AD59,83333,511145.b0220
P0AD61,83333,511145.b1676
P0AD96,83333,511145.b3460
P0ADA1,83333,511145.b0494
P0ADA3,83333,511145.b2742
P0ADB1,83333,511145.b1739
P0ADB7,83333,511145.b4411
P0ADE6,83333,511145.b2665
P0ADE8,83333,511145.b2898
P0ADF8,83333,511145.b3670
P0ADG4,83333,511145.b2533
P0ADG7,83333,511145.b2508
P0ADI7,83333,511145.b1867
P0ADK8,83333,511145.b3602
P0ADN2,83333,511145.b3764
P0ADP0,83333,511145.b3812
P0ADP9,83333,511145.b3858
P0ADQ2,83333,511145.b3888
P0ADQ7,83333,511145.b2672
P0ADR6,83333,511145.b2806
P0ADS2,83333,511145.b2910
P0ADS6,83333,511145.b2922
P0ADS9,83333,511145.b2958
P0ADT5,83333,511145.b3038
P0ADU2,83333,511145.b3029
P0ADU5,83333,511145.b3024
P0ADV7,83333,511145.b3192
P0ADX1,83333,511145.b3356
P0ADX7,83333,511145.b3448
P0ADY1,83333,511145.b0441
P0ADY3,83333,511145.b3310
P0ADY7,83333,511145.b3313
P0ADZ0,83333,511145.b3318
P0ADZ4,83333,511145.b3165
P0ADZ7,83333,511145.b0407
P0AE01,83333,511145.b2532
P0AE08,83333,511145.b0605
P0AE12,83333,511145.b1982
P0AE18,83333,511145.b0168
P0AE22,83333,511145.b4055
P0AE37,83333,511145.b1747
P0AE48,83333,511145.b4222
P0AE52,83333,511145.b2480
P0AE67,83333,511145.b1882
P0AE78,83333,511145.b0658
P0AE88,83333,511145.b3912
P0AE91,83333,511145.b4397
P0AEA8,83333,511145.b3368
P0AEC3,83333,511145.b3210
P0AED0,83333,511145.b3495
P0AED7,83333,511145.b2472
P0AEE5,83333,511145.b2150
P0AEG4,83333,511145.b3860
P0AEG6,83333,511145.b2893
P0AEH3,83333,511145.b2267
P0AEH5,83333,511145.b2266
P0AEI1,83333,511145.b0661
P0AEK2,83333,511145.b1093
P0AEK4,83333,511145.b1288
P0AEL6,83333,511145.b0592
P0AEM0,83333,511145.b0028
P0AEM4,83333,511145.b1071
P0AEM6,83333,511145.b1922
P0AEM9,83333,511145.b1920
P0AEN1,83333,511145.b3844
P0AEN8,83333,511145.b2804
P0AEP3,83333,511145.b1236
P0AEQ1,83333,511145.b2977
P0AEQ3,83333,511145.b0811
P0AER0,83333,511145.b3927
P0AES0,83333,511145.b2988
P0AES2,83333,511145.b2787
P0AES4,83333,511145.b2231
P0AES6,83333,511145.b3699
P0AES9,83333,511145.b3510
P0AET2,83333,511145.b3509
P0AET8,83333,511145.b1619
P0AEU0,83333,511145.b2309
P0AEU7,83333,511145.b0178
P0AEW6,83333,511145.b0477
P0AEX5,83333,511145.b3355
P0AEX9,83333,511145.b4034
P0AEY5,83333,511145.b3028
P0AEZ3,83333,511145.b1175
P0AEZ9,83333,511145.b0782
P0AF03,83333,511145.b0009
P0AF08,83333,511145.b2113
P0AF12,83333,511145.b0159
P0AF18,83333,511145.b0677
P0AF20,83333,511145.b0676
P0AF28,83333,511145.b1221
P0AF36,83333,511145.b3928
P0AF50,83333,511145.b4057
P0AF67,83333,511145.b4168
P0AF90,83333,511145.b4255
P0AF93,83333,511145.b4243
P0AF96,83333,511145.b4252
P0AFC7,83333,511145.b2287
P0AFD1,83333,511145.b2285
P0AFF6,83333,511145.b3169
P0AFG0,83333,511145.b3982
P0AFG3,83333,511145.b0726
P0AFG6,83333,511145.b0727
P0AFG8,83333,511145.b0114
P0AFH8,83333,511145.b4376
P0AFI2,83333,511145.b3019
P0AFI7,83333,511145.b1638
P0AFJ1,83333,511145.b4108
P0AFJ5,83333,511145.b0399
P0AFK0,83333,511145.b4235
P0AFK9,83333,511145.b1123
P0AFL3,83333,511145.b3363
P0AFM4,83333,511145.b0384
P0AFM6,83333,511145.b1304
P0AFP6,83333,511145.b0710
P0AFR4,83333,511145.b1267
P0AFU8,83333,511145.b1662
P0AFW4,83333,511145.b0610
P0AFW8,83333,511145.b0189
P0AFX0,83333,511145.b3203
P0AFX4,83333,511145.b3995
P0AFX9,83333,511145.b2571
P0AFY8,83333,511145.b0687
P0AFZ1,83333,511145.b2522
P0AFZ3,83333,511145.b3228
P0AG07,83333,511145.b3386
P0AG16,83333,511145.b2312
P0AG18,83333,511145.b0523
P0AG30,83333,511145.b3783
P0AG40,83333,511145.b0025
P0AG44,83333,511145.b3294
P0AG48,83333,511145.b3186
P0AG51,83333,511145.b3302
P0AG55,83333,511145.b3305
P0AG59,83333,511145.b3307
P0AG63,83333,511145.b3311
P0AG67,83333,511145.b0911
P0AG80,83333,511145.b3453
P0AG82,83333,511145.b3728
P0AG84,83333,511145.b3003
P0AG86,83333,511145.b3609
P0AGB0,83333,511145.b4388
P0AGB6,83333,511145.b2573
P0AGC3,83333,511145.b4392
P0AGD1,83333,511145.b1646
P0AGD3,83333,511145.b1656
P0AGE0,83333,511145.b4059
P0AGE6,83333,511145.b3713
P0AGE9,83333,511145.b0729
P0AGG2,83333,511145.b0452
P0AGG4,83333,511145.b2582
P0AGG8,83333,511145.b3244
P0AGJ5,83333,511145.b2581
P0AGJ9,83333,511145.b1637
P0AGL7,83333,511145.b2946
P0C018,83333,511145.b3304
P0C037,83333,511145.b0391
P0C074,4932,4932.YNL138W-A
P0C0L2,83333,511145.b1482
P0C0L4,9606,9606.ENSP00000396688
P0C0L9,83333,511145.b2524
P0C0R7,83333,511145.b3179
P0C0S5,9606,9606.ENSP00000296417
P0C0T4,4932,4932.YLR333C
P0C0V0,83333,511145.b0161
P0C0V8,4932,4932.YKR057W
P0C0W1,4932,4932.YJL190C
P0C0W9,4932,4932.YPR102C
P0C0X0,4932,4932.YLR264W
P0C2H6,4932,4932.YHR010W
P0C2H8,4932,4932.YDL075W
P0C2H9,4932,4932.YLR406C
P0C2I4,4932,
P0C2I8,4932,
P0C2J3,4932,
P0C2W1,9606,9606.ENSP00000310332
P0C7L2,83333,511145.b1397
P0C7P4,9606,
P0C8J6,83333,511145.b2096
P0C8J8,83333,511145.b2095
P0CAP2,9606,9606.ENSP00000299638
P0CE47,83333,511145.b3339
P0CG12,9606,9606.ENSP00000305687
P0CG19,83333,511145.b3644
P0CG38,9606,9606.ENSP00000392718
P0CG39,9606,9606.ENSP00000387176
P0CG40,9606,9606.ENSP00000378418
P0CS90,4932,4932.YJR045C
P0CT04,4932,4932.YNL015W
P0CX08,4932,4932.YEL070W
P0CX23,4932,4932.YMR242C
P0CX25,4932,4932.YJR094W-A
P0CX27,4932,4932.YHR141C
P0CX29,4932,4932.YGR118W
P0CX31,4932,4932.YER074W
P0CX33,4932,4932.YLR287C-A
P0CX35,4932,4932.YHR203C
P0CX37,4932,4932.YBR181C
P0CX39,4932,4932.YBL072C
P0CX41,4932,4932.YBL087C
P0CX43,4932,4932.YGL135W
P0CX45,4932,4932.YFR031C-A
P0CX47,4932,4932.YBR048W
P0CX49,4932,4932.YNL301C
P0CX51,4932,4932.YDL083C
P0CX53,4932,4932.YDR418W
P0CX55,4932,4932.YDR450W
P0CX80,4932,4932.YHR053C
P0CX82,4932,4932.YBL027W
P0CX84,4932,4932.YDL136W
P0DMC7,83333,511145.b2217
P0DMM9,9606,9606.ENSP00000353600
P0DMU9,9606,9606.ENSP00000484601
P0DMV8,9606,9606.ENSP00000364801
P0DP23,9606,9606.ENSP00000291295
P0DPB6,9606,9606.ENSP00000302478
P0DPD8,9606,9606.ENSP00000384223
P0DPI2,9606,9606.ENSP00000291577
P0DTT0,83333,511145.b3871
P10080,4932,4932.YHL034C
P10081,4932,4932.YJL138C
P10109,9606,9606.ENSP00000260270
P10121,83333,511145.b3464
P10155,9606,9606.ENSP00000356416
P10176,9606,9606.ENSP00000321260
P10356,4932,4932.YER152C
P10371,83333,511145.b2024
P10398,9606,9606.ENSP00000290277
P10408,83333,511145.b0098
P10412,9606,9606.ENSP00000307705
P10507,4932,4932.YLR163C
P10515,9606,9606.ENSP00000280346
P10588,9606,9606.ENSP00000291442
P10591,4932,4932.YAL005C
P10592,4932,4932.YLL024C
P10599,9606,9606.ENSP00000363641
P10606,9606,9606.ENSP00000258424
P10614,4932,4932.YHR007C
P10619,9606,9606.ENSP00000361562
P10620,9606,9606.ENSP00000379512
P10622,4932,4932.YDL130W
P10644,9606,9606.ENSP00000376475
P10659,4932,4932.YLR180W
P10662,4932,4932.YDR347W
P10664,4932,4932.YBR031W
P10746,9606,9606.ENSP00000357787
P10768,9606,9606.ENSP00000367992
P10809,9606,9606.ENSP00000340019
P10823,4932,4932.YER020W
P10869,4932,4932.YER052C
P10961,4932,4932.YGL073W
P10962,4932,4932.YAL025C
P10963,4932,4932.YKR097W
P10964,4932,4932.YOR341W
P11021,9606,9606.ENSP00000324173
P11075,4932,4932.YDR170C
P11076,4932,4932.YDL192W
P11142,9606,9606.ENSP00000437125
P11154,4932,4932.YGL062W
P11166,9606,9606.ENSP00000416293
P11169,9606,9606.ENSP00000075120
P11171,9606,9606.ENSP00000345259
P11172,9606,9606.ENSP00000232607
P11177,9606,9606.ENSP00000307241
P11182,9606,9606.ENSP00000359151
P11216,9606,9606.ENSP00000216962
P11233,9606,9606.ENSP00000005257
P11234,9606,9606.ENSP00000272519
P11274,9606,9606.ENSP00000303507
P11277,9606,9606.ENSP00000495909
P11279,9606,9606.ENSP00000333298
P11310,9606,9606.ENSP00000359871
P11325,4932,4932.YLR382C
P11353,4932,4932.YDR044W
P11387,9606,9606.ENSP00000354522
P11388,9606,9606.ENSP00000411532
P11412,4932,4932.YNL241C
P11413,9606,9606.ENSP00000377192
P11433,4932,4932.YAL041W
P11441,9606,9606.ENSP00000358674
P11447,83333,511145.b3960
P11474,9606,9606.ENSP00000384851
P11484,4932,4932.YDL229W
P11491,4932,4932.YDR481C
P11498,9606,9606.ENSP00000498994
P11532,9606,9606.ENSP00000354923
P11586,9606,9606.ENSP00000498336
P11632,4932,4932.YPR052C
P11633,4932,4932.YBR089C-A
P11655,4932,4932.YNR026C
P11709,4932,4932.YCL029C
P11717,9606,9606.ENSP00000349437
P11745,4932,4932.YMR235C
P11766,9606,9606.ENSP00000296412
P11792,4932,4932.YHR205W
P11802,9606,9606.ENSP00000257904
P11875,83333,511145.b1876
P11880,83333,511145.b0086
P11908,9606,9606.ENSP00000381504
P11914,4932,4932.YHR024C
P11938,4932,4932.YNL216W
P11940,9606,9606.ENSP00000313007
P11978,4932,4932.YDR227W
P12004,9606,9606.ENSP00000368458
P12008,83333,511145.b2329
P12036,9606,9606.ENSP00000311997
P12074,9606,9606.ENSP00000229379
P12081,9606,9606.ENSP00000425634
P12235,9606,9606.ENSP00000281456
P12236,9606,9606.ENSP00000370808
P12259,9606,9606.ENSP00000356771
P12268,9606,9606.ENSP00000321584
P12270,9606,9606.ENSP00000356448
P12277,9606,9606.ENSP00000299198
P12281,83333,511145.b0827
P12282,83333,511145.b0826
P12318,9606,9606.ENSP00000271450
P12383,4932,4932.YGL013C
P12385,4932,4932.YBR143C
P12429,9606,9606.ENSP00000264908
P12532,9606,9606.ENSP00000300283
P12611,4932,4932.YOR043W
P12612,4932,4932.YDR212W
P12630,4932,4932.YIL015W
P12683,4932,4932.YML075C
P12684,4932,4932.YLR450W
P12687,4932,4932.YNL005C
P12688,4932,4932.YKL126W
P12694,9606,9606.ENSP00000269980
P12695,4932,4932.YNL071W
P12709,4932,4932.YBR196C
P12753,4932,4932.YNL250W
P12754,4932,4932.YGR083C
P12755,9606,9606.ENSP00000367797
P12758,83333,511145.b3831
P12814,9606,9606.ENSP00000377941
P12829,9606,9606.ENSP00000347055
P12868,4932,4932.YMR231W
P12887,4932,4932.YML021C
P12904,4932,4932.YGL115W
P12945,4932,4932.YDL040C
P12955,9606,9606.ENSP00000244137
P12956,9606,9606.ENSP00000352257
P12962,4932,4932.YOR276W
P12994,83333,511145.b0773
P12995,83333,511145.b0774
P12996,83333,511145.b0775
P13000,83333,511145.b0778
P13009,83333,511145.b4019
P13010,9606,9606.ENSP00000375978
P13016,83333,511145.b0110
P13024,83333,511145.b3891
P13029,83333,511145.b3942
P13033,83333,511145.b2242
P13035,83333,511145.b3426
P13073,9606,9606.ENSP00000457513
P13130,4932,4932.YHR139C
P13185,4932,4932.YDR122W
P13186,4932,4932.YLR096W
P13188,4932,4932.YOR168W
P13196,9606,9606.ENSP00000378416
P13224,9606,9606.ENSP00000383382
P13259,4932,4932.YGR202C
P13284,9606,9606.ENSP00000384886
P13298,4932,4932.YML106W
P13382,4932,4932.YNL102W
P13393,4932,4932.YER148W
P13433,4932,4932.YFL036W
P13445,83333,511145.b2741
P13473,9606,9606.ENSP00000408411
P13482,83333,511145.b1197
P13489,9606,9606.ENSP00000433999
P13517,4932,4932.YIL034C
P13574,4932,4932.YHR084W
P13586,4932,4932.YGL167C
P13587,4932,4932.YDR040C
P13598,9606,9606.ENSP00000415283
P13639,9606,9606.ENSP00000307940
P13645,9606,9606.ENSP00000269576
P13663,4932,4932.YDR158W
P13667,9606,9606.ENSP00000499129
P13674,9606,9606.ENSP00000263556
P13693,9606,9606.ENSP00000477781
P13712,4932,4932.YBR195C
P13716,9606,9606.ENSP00000386284
P13796,9606,9606.ENSP00000381581
P13797,9606,9606.ENSP00000348163
P13798,9606,9606.ENSP00000296456
P13804,9606,9606.ENSP00000452762
P13807,9606,9606.ENSP00000317904
P13856,4932,4932.YGR152C
P13857,83333,511145.b1427
P13861,9606,9606.ENSP00000265563
P13929,9606,9606.ENSP00000324105
P13984,9606,9606.ENSP00000340823
P13987,9606,9606.ENSP00000498879
P13995,9606,9606.ENSP00000377617
P14020,4932,4932.YPR183W
P14065,4932,4932.YOR120W
P14081,83333,511145.b3590
P14120,4932,4932.YGL030W
P14126,4932,4932.YOR063W
P14164,4932,4932.YKL112W
P14174,9606,9606.ENSP00000215754
P14306,4932,4932.YLR178C
P14314,9606,9606.ENSP00000466134
P14317,9606,9606.ENSP00000320176
P14324,9606,9606.ENSP00000349078
P14359,4932,4932.YJL151C
P14373,9606,9606.ENSP00000366404
P14406,9606,9606.ENSP00000359098
P14540,4932,4932.YKL060C
P14550,9606,9606.ENSP00000361140
P14618,9606,9606.ENSP00000320171
P14625,9606,9606.ENSP00000299767
P14635,9606,9606.ENSP00000256442
P14678,9606,9606.ENSP00000412566
P14680,4932,4932.YJL141C
P14682,4932,4932.YDR054C
P14693,4932,4932.YHR083W
P14735,9606,9606.ENSP00000265986
P14741,4932,4932.YKR026C
P14742,4932,4932.YKL104C
P14743,4932,4932.YLR195C
P14747,4932,4932.YML057W
P14772,4932,4932.YLL015W
P14832,4932,4932.YDR155C
P14843,4932,4932.YDR035W
P14854,9606,9606.ENSP00000466818
P14859,9606,9606.ENSP00000356840
P14866,9606,9606.ENSP00000221419
P14868,9606,9606.ENSP00000264161
P14900,83333,511145.b0088
P14904,4932,4932.YKL103C
P14906,4932,4932.YOR254C
P14907,4932,4932.YJL041W
P14908,4932,4932.YMR228W
P14922,4932,4932.YBR112C
P14923,9606,9606.ENSP00000377508
P14927,9606,9606.ENSP00000430494
P15019,4932,4932.YLR354C
P15028,83333,511145.b4290
P15034,83333,511145.b2908
P15042,83333,511145.b2411
P15056,9606,9606.ENSP00000419060
P15067,83333,511145.b3431
P15070,83333,511145.b1946
P15085,9606,9606.ENSP00000011292
P15104,9606,9606.ENSP00000307900
P15108,4932,4932.YMR186W
P15153,9606,9606.ENSP00000249071
P15170,9606,9606.ENSP00000398131
P15180,4932,4932.YDR037W
P15254,83333,511145.b2557
P15274,4932,4932.YML035C
P15288,83333,511145.b0237
P15303,4932,4932.YPR181C
P15311,9606,9606.ENSP00000338934
P15315,4932,4932.YGL166W
P15336,9606,9606.ENSP00000264110
P15367,4932,4932.YIR022W
P15373,83333,511145.b3129
P15374,9606,9606.ENSP00000366819
P15424,4932,4932.YDR194C
P15442,4932,4932.YDR283C
P15454,4932,4932.YDR454C
P15496,4932,4932.YPL117C
P15498,9606,9606.ENSP00000472929
P15531,9606,9606.ENSP00000337060
P15559,9606,9606.ENSP00000319788
P15565,4932,4932.YDR120C
P15586,9606,9606.ENSP00000258145
P15624,4932,4932.YLR060W
P15625,4932,4932.YFL022C
P15639,83333,511145.b4006
P15640,83333,511145.b4005
P15646,4932,4932.YDL014W
P15700,4932,4932.YKL024C
P15703,4932,4932.YGR282C
P15705,4932,4932.YOR027W
P15731,4932,4932.YBR082C
P15735,9606,9606.ENSP00000455607
P15770,83333,511145.b3281
P15790,4932,4932.YIL035C
P15873,4932,4932.YBR088C
P15880,9606,9606.ENSP00000341885
P15891,4932,4932.YCR088W
P15923,9606,9606.ENSP00000262965
P15927,9606,9606.ENSP00000363017
P15954,9606,9606.ENSP00000425759
P15976,9606,9606.ENSP00000365858
P15977,83333,511145.b3416
P15992,4932,4932.YBR072W
P16083,9606,9606.ENSP00000369822
P16095,83333,511145.b1814
P16120,4932,4932.YCR053W
P16140,4932,4932.YBR127C
P16150,9606,9606.ENSP00000498852
P16152,9606,9606.ENSP00000290349
P16157,9606,9606.ENSP00000265709
P16219,9606,9606.ENSP00000242592
P16220,9606,9606.ENSP00000387699
P16278,9606,9606.ENSP00000306920
P16333,9606,9606.ENSP00000417273
P16370,4932,4932.YIL021W
P16387,4932,4932.YER178W
P16401,9606,9606.ENSP00000330074
P16402,9606,9606.ENSP00000244534
P16403,9606,9606.ENSP00000339566
P16422,9606,9606.ENSP00000263735
P16435,9606,9606.ENSP00000419970
P16451,4932,4932.YGR193C
P16456,83333,511145.b1764
P16467,4932,4932.YLR134W
P16474,4932,4932.YJL034W
P16521,4932,4932.YLR249W
P16528,83333,511145.b4018
P16547,4932,4932.YIL136W
P16550,4932,4932.YCL050C
P16603,4932,4932.YHR042W
P16615,9606,9606.ENSP00000440045
P16622,4932,4932.YOR176W
P16649,4932,4932.YCR084C
P16659,83333,511145.b0194
P16661,4932,4932.YBR110W
P16681,83333,511145.b4107
P16700,83333,511145.b2425
P16703,83333,511145.b2421
P16861,4932,4932.YGR240C
P16862,4932,4932.YMR205C
P16930,9606,9606.ENSP00000385080
P16949,9606,9606.ENSP00000410452
P16965,4932,4932.YGR008C
P16989,9606,9606.ENSP00000228251
P17028,9606,9606.ENSP00000382015
P17050,9606,9606.ENSP00000379680
P17065,4932,4932.YNL272C
P17066,9606,9606.ENSP00000310219
P17076,4932,4932.YHL033C
P17096,9606,9606.ENSP00000399888
P17106,4932,4932.YJR060W
P17115,83333,511145.b2708
P17117,83333,511145.b0851
P17121,4932,4932.YDR389W
P17152,9606,9606.ENSP00000319992
P17157,4932,4932.YPL031C
P17169,83333,511145.b3729
P17174,9606,9606.ENSP00000359539
P17252,9606,9606.ENSP00000408695
P17255,4932,4932.YDL185W
P17423,4932,4932.YHR025W
P17442,4932,4932.YGR233C
P17480,9606,9606.ENSP00000302640
P17482,9606,9606.ENSP00000309439
P17483,9606,9606.ENSP00000328928
P17505,4932,4932.YKL085W
P17535,9606,9606.ENSP00000252818
P17536,4932,4932.YNL079C
P17542,9606,9606.ENSP00000294339
P17544,9606,9606.ENSP00000399465
P17555,4932,4932.YNL138W
P17568,9606,9606.ENSP00000215565
P17612,9606,9606.ENSP00000309591
P17629,4932,4932.YDR138W
P17649,4932,4932.YGR019W
P17655,9606,9606.ENSP00000295006
P17695,4932,4932.YDR513W
P17706,9606,9606.ENSP00000311857
P17707,9606,
P17709,4932,4932.YCL040W
P17812,9606,9606.ENSP00000497744
P17844,9606,9606.ENSP00000225792
P17846,83333,511145.b2763
P17854,83333,511145.b2762
P17858,9606,9606.ENSP00000269848
P17883,4932,4932.YPR189W
P17890,4932,4932.YNL151C
P17891,4932,4932.YGR167W
P17898,4932,4932.YNL130C
P17948,9606,9606.ENSP00000282397
P17952,83333,511145.b0091
P17967,4932,4932.YCL043C
P17980,9606,9606.ENSP00000481029
P17987,9606,9606.ENSP00000317334
P17993,83333,511145.b2232
P18031,9606,9606.ENSP00000360683
P18074,9606,9606.ENSP00000375809
P18077,9606,9606.ENSP00000495672
P18085,9606,9606.ENSP00000306010
P18124,9606,9606.ENSP00000339795
P18133,83333,511145.b0931
P18196,83333,511145.b1176
P18206,9606,9606.ENSP00000211998
P18239,4932,4932.YBL030C
P18390,83333,511145.b4360
P18409,4932,4932.YAL010C
P18411,4932,4932.YAL008W
P18433,9606,9606.ENSP00000369756
P18440,9606,9606.ENSP00000443194
P18480,4932,4932.YBR289W
P18496,4932,4932.YLR393W
P18562,4932,4932.YHR128W
P18583,9606,9606.ENSP00000348984
P18615,9606,9606.ENSP00000364578
P18621,9606,9606.ENSP00000463842
P18634,4932,4932.YLR392C
P18669,9606,9606.ENSP00000359991
P18754,9606,9606.ENSP00000497402
P18759,4932,4932.YBR080C
P18843,83333,511145.b1740
P18846,9606,9606.ENSP00000262053
P18851,4932,4932.YOR212W
P18858,9606,9606.ENSP00000263274
P18859,9606,9606.ENSP00000389649
P18887,9606,9606.ENSP00000262887
P18899,4932,4932.YMR173W
P18900,4932,4932.YBR003W
P18956,83333,511145.b3447
P18961,4932,4932.YMR104C
P18962,4932,4932.YHR028C
P18963,4932,4932.YBR140C
P19073,4932,4932.YLR229C
P19097,4932,4932.YPL231W
P19146,4932,4932.YDL137W
P19158,4932,4932.YOL081W
P19174,9606,9606.ENSP00000244007
P19211,4932,4932.YJR047C
P19262,4932,4932.YDR148C
P19338,9606,9606.ENSP00000318195
P19358,4932,4932.YDR502C
P19367,9606,9606.ENSP00000494664
P19387,9606,9606.ENSP00000219252
P19388,9606,9606.ENSP00000478303
P19404,9606,9606.ENSP00000327268
P19414,4932,4932.YLR304C
P19447,9606,9606.ENSP00000285398
P19454,4932,4932.YOR061W
P19524,4932,4932.YOR326W
P19525,9606,9606.ENSP00000233057
P19544,9606,9606.ENSP00000368370
P19623,9606,9606.ENSP00000366156
P19624,83333,511145.b0052
P19658,4932,4932.YJL085W
P19659,4932,4932.YOL051W
P19735,4932,4932.YBR055C
P19736,4932,4932.YDL030W
P19784,9606,9606.ENSP00000262506
P19812,4932,4932.YGR184C
P19823,9606,9606.ENSP00000351190
P19838,9606,9606.ENSP00000226574
P19880,4932,4932.YML007W
P19881,4932,4932.YDL236W
P19882,4932,4932.YLR259C
P19926,83333,511145.b1002
P19955,4932,4932.YFR049W
P20020,9606,9606.ENSP00000392043
P20042,9606,9606.ENSP00000364119
P20049,4932,4932.YBR166C
P20051,4932,4932.YLR420W
P20053,4932,4932.YPR178W
P20073,9606,9606.ENSP00000362010
P20081,4932,4932.YNL135C
P20083,83333,511145.b3030
P20095,4932,4932.YNR011C
P20099,83333,511145.b3551
P20107,4932,4932.YMR243C
P20133,4932,4932.YPR176C
P20134,4932,4932.YOR140W
P20226,9606,9606.ENSP00000230354
P20248,9606,9606.ENSP00000481380
P20290,9606,9606.ENSP00000369965
P20333,9606,9606.ENSP00000365435
P20338,9606,9606.ENSP00000355651
P20339,9606,9606.ENSP00000273047
P20340,9606,9606.ENSP00000311449
P20424,4932,4932.YPR088C
P20433,4932,4932.YJL140W
P20434,4932,4932.YBR154C
P20435,4932,4932.YPR187W
P20436,4932,4932.YOR224C
P20447,4932,4932.YGL078C
P20448,4932,4932.YJL033W
P20449,4932,4932.YOR046C
P20457,4932,4932.YKL045W
P20459,4932,4932.YJR007W
P20484,4932,4932.YKL021C
P20485,4932,4932.YLR133W
P20486,4932,4932.YBR135W
P20604,4932,4932.YDL047W
P20605,83333,511145.b3361
P20606,4932,4932.YPL218W
P20618,9606,9606.ENSP00000262193
P20645,9606,9606.ENSP00000000412
P20648,9606,9606.ENSP00000262623
P20674,9606,9606.ENSP00000317780
P20676,4932,4932.YOR098C
P20700,9606,9606.ENSP00000261366
P20742,9606,9606.ENSP00000261336
P20795,4932,4932.YLR396C
P20810,9606,9606.ENSP00000422176
P20839,9606,9606.ENSP00000345096
P20962,9606,9606.ENSP00000374113
P20967,4932,4932.YIL125W
P21127,9606,9606.ENSP00000464036
P21147,4932,4932.YGL055W
P21151,83333,511145.b3845
P21156,83333,511145.b2752
P21165,83333,511145.b3847
P21170,83333,511145.b2938
P21177,83333,511145.b3846
P21179,83333,511145.b1732
P21182,4932,4932.YOL052C
P21192,4932,4932.YLR131C
P21242,4932,4932.YOR362C
P21243,4932,4932.YGL011C
P21264,4932,4932.YOR128C
P21269,4932,4932.YER168C
P21281,9606,9606.ENSP00000276390
P21283,9606,9606.ENSP00000430282
P21291,9606,9606.ENSP00000356275
P21304,4932,4932.YLR196W
P21306,4932,4932.YPL271W
P21333,9606,9606.ENSP00000358866
P21338,83333,511145.b0611
P21359,9606,9606.ENSP00000351015
P21363,83333,511145.b1257
P21367,83333,511145.b0897
P21373,4932,4932.YJR049C
P21375,4932,4932.YJR051W
P21399,9606,9606.ENSP00000309477
P21499,83333,511145.b4179
P21507,83333,511145.b2576
P21513,83333,511145.b1084
P21524,4932,4932.YER070W
P21538,4932,4932.YBR049C
P21560,4932,4932.YPL215W
P21576,4932,4932.YKR001C
P21599,83333,511145.b1854
P21645,83333,511145.b0179
P21734,4932,4932.YDR177W
P21741,9606,9606.ENSP00000385451
P21796,9606,9606.ENSP00000378487
P21801,4932,4932.YLL041C
P21825,4932,4932.YPL094C
P21827,4932,4932.YGL097W
P21888,83333,511145.b0526
P21889,83333,511145.b1866
P21912,9606,9606.ENSP00000364649
P21951,4932,4932.YNL262W
P21954,4932,4932.YDL066W
P21964,9606,9606.ENSP00000354511
P21965,4932,4932.YNL307C
P21980,9606,9606.ENSP00000355330
P22007,4932,4932.YDL090C
P22023,4932,4932.YOR336W
P22033,9606,9606.ENSP00000274813
P22059,9606,9606.ENSP00000263847
P22061,9606,9606.ENSP00000497225
P22082,4932,4932.YOR290C
P22087,9606,9606.ENSP00000221801
P22102,9606,9606.ENSP00000371253
P22106,83333,511145.b0674
P22108,4932,4932.YDR530C
P22133,4932,4932.YOL126C
P22134,4932,4932.YER142C
P22135,4932,4932.YJL180C
P22137,4932,4932.YGL206C
P22138,4932,4932.YPR010C
P22139,4932,4932.YOR210W
P22140,4932,4932.YHR123W
P22141,4932,4932.YER012W
P22146,4932,4932.YMR307W
P22147,4932,4932.YGL173C
P22186,83333,511145.b0081
P22188,83333,511145.b0085
P22202,4932,4932.YER103W
P22203,4932,4932.YOR332W
P22204,4932,4932.YGR092W
P22209,4932,4932.YAR018C
P22211,4932,4932.YNL183C
P22213,4932,4932.YDR189W
P22214,4932,4932.YLR268W
P22217,4932,4932.YLR043C
P22224,4932,4932.YGL233W
P22234,9606,9606.ENSP00000382595
P22255,83333,511145.b4214
P22256,83333,511145.b2662
P22259,83333,511145.b3403
P22276,4932,4932.YOR207C
P22307,9606,9606.ENSP00000360569
P22314,9606,9606.ENSP00000338413
P22333,83333,511145.b1623
P22336,4932,4932.YAR007C
P22352,9606,9606.ENSP00000373477
P22392,9606,9606.ENSP00000376886
P22470,4932,4932.YDR143C
P22515,4932,4932.YKL210W
P22517,4932,4932.YOL016C
P22523,83333,511145.b0924
P22524,83333,511145.b0923
P22564,83333,511145.b0030
P22570,9606,9606.ENSP00000416515
P22579,4932,4932.YOL004W
P22626,9606,9606.ENSP00000346694
P22670,9606,9606.ENSP00000254325
P22681,9606,9606.ENSP00000264033
P22695,9606,9606.ENSP00000268379
P22696,4932,4932.YJR017C
P22768,4932,4932.YOL058W
P22803,4932,4932.YGR209C
P22804,4932,4932.YIL004C
P22830,9606,9606.ENSP00000498358
P22855,4932,4932.YGL156W
P22936,4932,4932.YKL114C
P22943,4932,4932.YFL014W
P23003,83333,511145.b3965
P23025,9606,9606.ENSP00000364270
P23173,83333,511145.b3709
P23180,4932,4932.YHL021C
P23193,9606,9606.ENSP00000428426
P23201,4932,4932.YLL021W
P23202,4932,4932.YNL229C
P23246,9606,9606.ENSP00000349748
P23248,4932,4932.YML063W
P23254,4932,4932.YPR074C
P23255,4932,4932.YCR042C
P23258,9606,9606.ENSP00000251413
P23284,9606,9606.ENSP00000300026
P23287,4932,4932.YLR433C
P23291,4932,4932.YHR135C
P23292,4932,4932.YNL154C
P23293,4932,4932.YPR161C
P23301,4932,4932.YEL034W
P23327,9606,9606.ENSP00000252825
P23331,83333,511145.b1238
P23337,4932,4932.YFR015C
P23368,9606,9606.ENSP00000321070
P23381,9606,9606.ENSP00000347495
P23394,4932,4932.YDR243C
P23396,9606,9606.ENSP00000278572
P23434,9606,9606.ENSP00000319531
P23443,9606,9606.ENSP00000225577
P23493,4932,4932.YKL093W
P23497,9606,9606.ENSP00000343023
P23503,4932,4932.YNL240C
P23511,9606,9606.ENSP00000345702
P23522,83333,511145.b3126
P23526,9606,9606.ENSP00000217426
P23528,9606,9606.ENSP00000432660
P23538,83333,511145.b1702
P23542,4932,4932.YLR027C
P23585,4932,4932.YMR011W
P23588,9606,9606.ENSP00000388806
P23594,4932,4932.YDL134C
P23595,4932,4932.YDL188C
P23615,4932,4932.YGR116W
P23634,9606,9606.ENSP00000350310
P23638,4932,4932.YGR135W
P23639,4932,4932.YML092C
P23641,4932,4932.YJR077C
P23642,4932,4932.YML115C
P23643,4932,4932.YDR495C
P23644,4932,4932.YMR203W
P23677,9606,9606.ENSP00000260386
P23721,83333,511145.b0907
P23724,4932,4932.YBL041W
P23776,4932,4932.YLR300W
P23786,9606,9606.ENSP00000360541
P23797,4932,4932.YMR281W
P23827,83333,511145.b2209
P23830,83333,511145.b2585
P23833,4932,4932.YBR037C
P23836,83333,511145.b1130
P23839,83333,511145.b3644
P23843,83333,511145.b1243
P23847,83333,511145.b3544
P23857,83333,511145.b1308
P23865,83333,511145.b1830
P23869,83333,511145.b0525
P23882,83333,511145.b3288
P23883,83333,511145.b1300
P23893,83333,511145.b0154
P23908,83333,511145.b3957
P23909,83333,511145.b2733
P23917,83333,511145.b0394
P23919,9606,9606.ENSP00000304802
P23921,9606,9606.ENSP00000300738
P24000,4932,4932.YGR148C
P24004,4932,4932.YKL197C
P24031,4932,4932.YBR092C
P24171,83333,511145.b1538
P24178,83333,511145.b2471
P24182,83333,511145.b3256
P24186,83333,511145.b0529
P24202,83333,511145.b4351
P24215,83333,511145.b4322
P24232,83333,511145.b2552
P24255,83333,511145.b3202
P24276,4932,4932.YDR293C
P24279,4932,4932.YEL032W
P24280,4932,4932.YMR079W
P24468,9606,9606.ENSP00000377721
P24482,4932,4932.YPR175W
P24521,4932,4932.YMR220W
P24534,9606,9606.ENSP00000376055
P24539,9606,9606.ENSP00000358737
P24583,4932,4932.YBL105C
P24666,9606,9606.ENSP00000272067
P24752,9606,9606.ENSP00000265838
P24783,4932,4932.YNL112W
P24784,4932,4932.YPL119C
P24928,9606,9606.ENSP00000461879
P24941,9606,9606.ENSP00000266970
P25037,4932,4932.YDL122W
P25039,4932,4932.YLR069C
P25040,4932,4932.YOL022C
P25043,4932,4932.YOR157C
P25044,4932,4932.YDL230W
P25045,4932,4932.YMR296C
P25087,4932,4932.YML008C
P25098,9606,9606.ENSP00000312262
P25205,9606,9606.ENSP00000480987
P25293,4932,4932.YKR048C
P25294,4932,4932.YNL007C
P25296,4932,4932.YKL190W
P25297,4932,4932.YML123C
P25298,4932,4932.YMR061W
P25299,4932,4932.YGL044C
P25303,4932,4932.YMR214W
P25325,9606,9606.ENSP00000411719
P25332,4932,4932.YCR036W
P25339,4932,4932.YGL014W
P25340,4932,4932.YGL012W
P25342,4932,4932.YCR002C
P25343,4932,4932.YCR009C
P25349,4932,4932.YCR004C
P25351,4932,4932.YCR023C
P25353,4932,4932.YCR026C
P25355,4932,4932.YCR054C
P25357,4932,4932.YCR033W
P25358,4932,4932.YCR034W
P25359,4932,4932.YCR035C
P25361,4932,4932.YCR043C
P25365,4932,4932.YCR067C
P25366,4932,4932.YCR095C
P25367,4932,4932.YCL028W
P25368,4932,4932.YCL031C
P25369,4932,4932.YCL034W
P25371,4932,4932.YCR011C
P25372,4932,4932.YCR083W
P25373,4932,4932.YCL035C
P25374,4932,4932.YCL017C
P25375,4932,4932.YCL057W
P25378,4932,4932.YCR027C
P25379,4932,4932.YCL064C
P25382,4932,4932.YCR072C
P25385,4932,4932.YLR078C
P25386,4932,4932.YDL058W
P25398,9606,9606.ENSP00000230050
P25437,83333,511145.b0356
P25440,9606,9606.ENSP00000378702
P25441,4932,4932.YDL150W
P25443,4932,4932.YGL123W
P25451,4932,4932.YER094C
P25454,4932,4932.YER095W
P25490,9606,9606.ENSP00000262238
P25491,4932,4932.YNL064C
P25516,83333,511145.b1276
P25519,83333,511145.b4173
P25522,83333,511145.b3706
P25526,83333,511145.b2661
P25536,83333,511145.b3248
P25539,83333,511145.b0414
P25552,83333,511145.b3779
P25553,83333,511145.b1415
P25554,4932,4932.YCL010C
P25555,4932,4932.YCL011C
P25558,4932,4932.YCL014W
P25559,4932,4932.YCL016C
P25560,4932,4932.YCL001W
P25566,4932,4932.YCL033C
P25567,4932,4932.YCL037C
P25568,4932,4932.YCL038C
P25569,4932,4932.YCL039W
P25572,4932,4932.YCL042W
P25573,4932,4932.YCL044C
P25574,4932,4932.YCL045C
P25576,4932,4932.YCL047C
P25578,4932,4932.YCL004W
P25580,4932,4932.YCL052C
P25582,4932,4932.YCL054W
P25586,4932,4932.YCL059C
P25588,4932,4932.YCL061C
P25604,4932,4932.YCL008C
P25605,4932,4932.YCL009C
P25616,4932,4932.YCR015C
P25617,4932,4932.YCR016W
P25618,4932,4932.YCR017C
P25619,4932,4932.YCR021C
P25623,4932,4932.YCR030C
P25625,4932,4932.YCR044C
P25626,4932,4932.YCR046C
P25627,4932,4932.YCR047C
P25628,4932,4932.YCR048W
P25631,4932,4932.YCR051W
P25632,4932,4932.YCR052W
P25635,4932,4932.YCR057C
P25638,4932,4932.YCR060W
P25639,4932,4932.YCR061W
P25642,4932,4932.YCR071C
P25644,4932,4932.YCR077C
P25651,4932,4932.YCR086W
P25654,4932,4932.YCR090C
P25655,4932,4932.YCR093W
P25656,4932,4932.YCR094W
P25659,4932,4932.YCR076C
P25685,9606,9606.ENSP00000254322
P25694,4932,4932.YDL126C
P25705,9606,9606.ENSP00000381736
P25719,4932,4932.YML078W
P25738,83333,511145.b1051
P25745,83333,511145.b1133
P25748,83333,511145.b2151
P25774,9606,9606.ENSP00000357981
P25786,9606,9606.ENSP00000414359
P25787,9606,9606.ENSP00000223321
P25788,9606,9606.ENSP00000216455
P25789,9606,9606.ENSP00000044462
P25791,9606,9606.ENSP00000257818
P25808,4932,4932.YFL002C
P25815,9606,9606.ENSP00000296370
P25847,4932,4932.YOL090W
P25894,83333,511145.b2936
P25906,83333,511145.b1406
P26038,9606,9606.ENSP00000353408
P26196,9606,9606.ENSP00000478754
P26232,9606,9606.ENSP00000384638
P26263,4932,4932.YGR087C
P26321,4932,4932.YPL131W
P26358,9606,9606.ENSP00000352516
P26364,4932,4932.YER170W
P26368,9606,9606.ENSP00000307863
P26373,9606,9606.ENSP00000307889
P26374,9606,9606.ENSP00000355511
P26570,4932,4932.YML016C
P26583,9606,9606.ENSP00000296503
P26599,9606,9606.ENSP00000349428
P26612,83333,511145.b1927
P26616,83333,511145.b1479
P26637,4932,4932.YPL160W
P26639,9606,9606.ENSP00000387710
P26640,9606,9606.ENSP00000364815
P26641,9606,9606.ENSP00000331901
P26646,83333,511145.b3253
P26754,4932,4932.YNL312W
P26755,4932,4932.YJL173C
P26783,4932,4932.YJR123W
P26784,4932,4932.YIL133C
P26785,4932,4932.YNL069C
P26786,4932,4932.YOR096W
P26793,4932,4932.YKL113C
P26885,9606,9606.ENSP00000378046
P27105,9606,9606.ENSP00000286713
P27144,9606,9606.ENSP00000378743
P27248,83333,511145.b2905
P27250,83333,511145.b4269
P27278,83333,511145.b4390
P27298,83333,511145.b3498
P27302,83333,511145.b2935
P27306,83333,511145.b3962
P27348,9606,9606.ENSP00000371267
P27351,4932,4932.YJR005W
P27361,9606,9606.ENSP00000263025
P27431,83333,511145.b1128
P27434,83333,511145.b2516
P27448,9606,9606.ENSP00000411397
P27466,4932,4932.YFR014C
P27472,4932,4932.YLR258W
P27476,4932,4932.YGR159C
P27514,4932,4932.YNR013C
P27540,9606,9606.ENSP00000351407
P27550,83333,511145.b4069
P27614,4932,4932.YJL172W
P27616,4932,4932.YAR015W
P27635,9606,9606.ENSP00000413436
P27637,4932,4932.YAR014C
P27680,4932,4932.YOL096C
P27692,4932,4932.YML010W
P27694,9606,9606.ENSP00000254719
P27695,9606,9606.ENSP00000216714
P27705,4932,4932.YGL035C
P27707,9606,9606.ENSP00000286648
P27708,9606,9606.ENSP00000264705
P27797,9606,9606.ENSP00000320866
P27801,4932,4932.YLR148W
P27809,4932,4932.YDR483W
P27810,4932,4932.YOR099W
P27816,9606,9606.ENSP00000353375
P27824,9606,9606.ENSP00000247461
P27828,83333,511145.b3786
P27829,83333,511145.b3787
P27830,83333,511145.b3788
P27833,83333,511145.b3791
P27848,83333,511145.b3826
P27882,4932,4932.YGR029W
P27929,4932,4932.YNL137C
P27999,4932,4932.YGL070C
P28000,4932,4932.YNL113W
P28003,4932,4932.YAL034C
P28005,4932,4932.YAL033W
P28007,4932,4932.YHR089C
P28066,9606,9606.ENSP00000271308
P28070,9606,9606.ENSP00000290541
P28072,9606,9606.ENSP00000270586
P28074,9606,9606.ENSP00000355325
P28161,9606,9606.ENSP00000241337
P28239,4932,4932.YMR267W
P28241,4932,4932.YOR136W
P28248,83333,511145.b2065
P28263,4932,4932.YEL012W
P28272,4932,4932.YKL216W
P28273,4932,4932.YKL215C
P28274,4932,4932.YBL039C
P28288,9606,9606.ENSP00000359233
P28289,9606,9606.ENSP00000259365
P28304,83333,511145.b4051
P28319,4932,4932.YKL096W
P28320,4932,4932.YKL095W
P28321,4932,4932.YKL094W
P28331,9606,9606.ENSP00000392709
P28340,9606,9606.ENSP00000472445
P28482,9606,9606.ENSP00000215832
P28495,4932,4932.YKL007W
P28496,4932,4932.YKL008C
P28519,4932,4932.YMR201C
P28625,4932,4932.YMR152W
P28702,9606,9606.ENSP00000363817
P28707,4932,4932.YKL117W
P28708,4932,4932.YKL116C
P28737,4932,4932.YGR028W
P28777,4932,4932.YGL148W
P28789,4932,4932.YDL205C
P28791,4932,4932.YDR498C
P28795,4932,4932.YDR329C
P28817,4932,4932.YDR036C
P28834,4932,4932.YNL037C
P28838,9606,9606.ENSP00000226299
P28861,83333,511145.b3924
P28903,83333,511145.b4238
P28904,83333,511145.b4239
P29012,83333,511145.b1190
P29013,83333,511145.b1188
P29029,4932,4932.YLR286C
P29055,4932,4932.YPR086W
P29083,9606,9606.ENSP00000283875
P29084,9606,9606.ENSP00000348168
P29144,9606,9606.ENSP00000365220
P29208,83333,511145.b2261
P29217,83333,511145.b1067
P29218,9606,9606.ENSP00000408526
P29295,4932,4932.YPL204W
P29311,4932,4932.YER177W
P29353,9606,9606.ENSP00000401303
P29366,4932,4932.YBR200W
P29372,9606,9606.ENSP00000219431
P29401,9606,9606.ENSP00000391481
P29453,4932,4932.YLL045C
P29468,4932,4932.YKR002W
P29469,4932,4932.YBL023C
P29478,4932,4932.YML105C
P29496,4932,4932.YLR274W
P29509,4932,4932.YDR353W
P29547,4932,4932.YPL048W
P29590,9606,9606.ENSP00000268058
P29680,83333,511145.b3997
P29692,9606,9606.ENSP00000410059
P29703,4932,4932.YKL019W
P29704,4932,4932.YHR190W
P29745,83333,511145.b1127
P29952,4932,4932.YER003C
P29966,9606,9606.ENSP00000478061
P30011,83333,511145.b0109
P30014,83333,511145.b1652
P30015,83333,511145.b1653
P30038,9606,9606.ENSP00000364490
P30040,9606,9606.ENSP00000261735
P30041,9606,9606.ENSP00000342026
P30043,9606,9606.ENSP00000263368
P30044,9606,9606.ENSP00000265462
P30046,9606,9606.ENSP00000381386
P30047,9606,9606.ENSP00000260447
P30048,9606,9606.ENSP00000298510
P30049,9606,9606.ENSP00000215375
P30050,9606,9606.ENSP00000354739
P30084,9606,9606.ENSP00000357535
P30085,9606,9606.ENSP00000360939
P30086,9606,9606.ENSP00000261313
P30101,9606,9606.ENSP00000300289
P30125,83333,511145.b0073
P30126,83333,511145.b0071
P30153,9606,9606.ENSP00000324804
P30154,9606,9606.ENSP00000311344
P30177,83333,511145.b0800
P30178,83333,511145.b0801
P30260,9606,9606.ENSP00000434614
P30291,9606,9606.ENSP00000402084
P30307,9606,9606.ENSP00000321656
P30405,9606,9606.ENSP00000225174
P30414,9606,9606.ENSP00000232978
P30419,9606,9606.ENSP00000468424
P30519,9606,9606.ENSP00000477572
P30520,9606,9606.ENSP00000355493
P30533,9606,9606.ENSP00000497444
P30566,9606,9606.ENSP00000485525
P30613,9606,9606.ENSP00000339933
P30619,4932,4932.YDR164C
P30622,9606,9606.ENSP00000479322
P30624,4932,4932.YOR317W
P30626,9606,9606.ENSP00000265729
P30656,4932,4932.YPR103W
P30657,4932,4932.YFR050C
P30665,4932,4932.YPR019W
P30740,9606,9606.ENSP00000370115
P30748,83333,511145.b0784
P30749,83333,511145.b0785
P30771,4932,4932.YMR080C
P30822,4932,4932.YGR218W
P30825,9606,9606.ENSP00000370128
P30837,9606,9606.ENSP00000366927
P30850,83333,511145.b1286
P30859,83333,511145.b0863
P30860,83333,511145.b0860
P30863,83333,511145.b0207
P30870,83333,511145.b3053
P30871,83333,511145.b3054
P30876,9606,9606.ENSP00000370625
P30902,4932,4932.YKL016C
P30952,4932,4932.YNL117W
P30958,83333,511145.b1114
P31040,9606,9606.ENSP00000264932
P31057,83333,511145.b0134
P31063,83333,511145.b1928
P31109,4932,4932.YAL030W
P31115,4932,4932.YFL001W
P31116,4932,4932.YJR139C
P31120,83333,511145.b3176
P31130,83333,511145.b1536
P31133,83333,511145.b0854
P31142,83333,511145.b2521
P31146,9606,9606.ENSP00000219150
P31150,9606,9606.ENSP00000394071
P31153,9606,9606.ENSP00000303147
P31321,9606,9606.ENSP00000385749
P31323,9606,9606.ENSP00000265717
P31350,9606,9606.ENSP00000353770
P31373,4932,4932.YAL012W
P31374,4932,4932.YAL017W
P31377,4932,4932.YAL014C
P31380,4932,4932.YAL019W
P31382,4932,4932.YAL023C
P31383,4932,4932.YAL016W
P31384,4932,4932.YAL021C
P31385,4932,4932.YAL013W
P31412,4932,4932.YKL080W
P31441,83333,511145.b3665
P31455,83333,511145.b3689
P31460,83333,511145.b4479
P31469,83333,511145.b3717
P31475,83333,511145.b3755
P31483,9606,9606.ENSP00000401371
P31539,4932,4932.YLL026W
P31550,83333,511145.b0068
P31641,9606,9606.ENSP00000481625
P31658,83333,511145.b1967
P31663,83333,511145.b0133
P31677,83333,511145.b1896
P31688,4932,4932.YDR074W
P31689,9606,9606.ENSP00000369127
P31697,83333,511145.b4316
P31749,9606,9606.ENSP00000451828
P31751,9606,9606.ENSP00000375892
P31755,4932,4932.YGL038C
P31787,4932,4932.YGR037C
P31802,83333,511145.b2193
P31806,83333,511145.b4167
P31808,83333,511145.b1271
P31930,9606,9606.ENSP00000203407
P31937,9606,9606.ENSP00000265395
P31939,9606,9606.ENSP00000236959
P31942,9606,9606.ENSP00000265866
P31943,9606,9606.ENSP00000349168
P31946,9606,9606.ENSP00000361930
P31948,9606,9606.ENSP00000351646
P31949,9606,9606.ENSP00000271638
P31979,83333,511145.b2284
P32019,9606,9606.ENSP00000362115
P32048,4932,4932.YNL073W
P32074,4932,4932.YNL287W
P32099,83333,511145.b4386
P32119,9606,9606.ENSP00000301522
P32131,83333,511145.b3867
P32157,83333,511145.b3910
P32162,83333,511145.b3922
P32176,83333,511145.b3894
P32178,4932,4932.YPR060C
P32179,4932,4932.YOL064C
P32191,4932,4932.YIL155C
P32259,4932,4932.YNL236W
P32263,4932,4932.YER023W
P32264,4932,4932.YDR300C
P32266,4932,4932.YOR211C
P32288,4932,4932.YPR035W
P32316,4932,4932.YBL015W
P32317,4932,4932.YEL052W
P32319,4932,4932.YBL017C
P32321,9606,9606.ENSP00000349576
P32322,9606,9606.ENSP00000384949
P32324,4932,4932.YDR385W
P32327,4932,4932.YBR218C
P32329,4932,4932.YLR120C
P32333,4932,4932.YPL082C
P32335,4932,4932.YLR203C
P32337,4932,4932.YMR308C
P32338,4932,4932.YGR044C
P32340,4932,4932.YML120C
P32341,4932,4932.YKL119C
P32342,4932,4932.YKL122C
P32347,4932,4932.YDR047W
P32349,4932,4932.YPR190C
P32351,4932,4932.YIL154C
P32352,4932,4932.YMR202W
P32353,4932,4932.YLR056W
P32356,4932,4932.YDR001C
P32364,4932,4932.YKL079W
P32366,4932,4932.YLR447C
P32367,4932,4932.YBR123C
P32368,4932,4932.YKL212W
P32377,4932,4932.YNR043W
P32379,4932,4932.YGR253C
P32380,4932,4932.YDR356W
P32381,4932,4932.YDL029W
P32386,4932,4932.YLL048C
P32389,4932,4932.YNL103W
P32419,4932,4932.YDL078C
P32445,4932,4932.YCR028C-A
P32447,4932,4932.YJL115W
P32449,4932,4932.YBR249C
P32452,4932,4932.YNL316C
P32453,4932,4932.YNL315C
P32454,4932,4932.YKL157W
P32457,4932,4932.YLR314C
P32458,4932,4932.YJR076C
P32461,4932,4932.YKL191W
P32462,4932,4932.YNL280C
P32463,4932,4932.YKL192C
P32464,4932,4932.YKL189W
P32466,4932,4932.YDR345C
P32467,4932,4932.YHR092C
P32468,4932,4932.YHR107C
P32469,4932,4932.YLR172C
P32471,4932,4932.YAL003W
P32472,4932,4932.YDR519W
P32473,4932,4932.YBR221C
P32474,4932,4932.YDR518W
P32476,4932,4932.YGR175C
P32477,4932,4932.YJL101C
P32480,4932,4932.YOR038C
P32481,4932,4932.YER025W
P32485,4932,4932.YLR113W
P32486,4932,4932.YPR159W
P32487,4932,4932.YNL268W
P32491,4932,4932.YPL140C
P32492,4932,4932.YAL029C
P32495,4932,4932.YDL208W
P32496,4932,4932.YFR052W
P32497,4932,4932.YMR309C
P32499,4932,4932.YLR335W
P32500,4932,4932.YML031W
P32501,4932,4932.YDR211W
P32502,4932,4932.YLR291C
P32503,4932,
P32505,4932,4932.YGL122C
P32519,9606,9606.ENSP00000239882
P32521,4932,4932.YIR006C
P32523,4932,4932.YLL036C
P32524,4932,4932.YJL203W
P32525,4932,4932.YJL201W
P32527,4932,4932.YGR285C
P32528,4932,4932.YBR208C
P32529,4932,4932.YJR063W
P32558,4932,4932.YGL207W
P32561,4932,4932.YNL330C
P32563,4932,4932.YOR270C
P32564,4932,4932.YGR049W
P32565,4932,4932.YIL075C
P32566,4932,4932.YGR229C
P32567,4932,4932.YMR165C
P32568,4932,4932.YDR011W
P32569,4932,4932.YER022W
P32570,4932,4932.YBR253W
P32573,4932,4932.YNL202W
P32578,4932,4932.YDR422C
P32579,4932,4932.YGL169W
P32582,4932,4932.YGR155W
P32583,4932,4932.YKR092C
P32588,4932,4932.YNL016W
P32589,4932,4932.YPL106C
P32590,4932,4932.YBR169C
P32591,4932,4932.YJL176C
P32597,4932,4932.YIL126W
P32598,4932,4932.YER133W
P32599,4932,4932.YDR129C
P32600,4932,4932.YKL203C
P32602,4932,4932.YBL050W
P32604,4932,4932.YJL155C
P32607,4932,4932.YOL067C
P32608,4932,4932.YGL252C
P32610,4932,4932.YEL051W
P32614,4932,4932.YEL047C
P32618,4932,4932.YEL043W
P32621,4932,4932.YEL042W
P32623,4932,4932.YEL040W
P32626,4932,4932.YEL038W
P32628,4932,4932.YEL037C
P32629,4932,4932.YEL036C
P32639,4932,4932.YER172C
P32642,4932,4932.YER174C
P32643,4932,4932.YER175C
P32644,4932,4932.YER176W
P32657,4932,4932.YER164W
P32660,4932,4932.YER166W
P32662,83333,511145.b3385
P32680,83333,511145.b3999
P32684,83333,511145.b4022
P32693,83333,511145.b4047
P32695,83333,511145.b4049
P32705,83333,511145.b4067
P32719,83333,511145.b4085
P32767,4932,4932.YGL016W
P32769,4932,4932.YKR084C
P32770,4932,4932.YDL167C
P32771,4932,4932.YDL168W
P32773,4932,4932.YOR194C
P32774,4932,4932.YKL058W
P32775,4932,4932.YEL011W
P32776,4932,4932.YDR311W
P32780,9606,9606.ENSP00000265963
P32783,4932,4932.YBR236C
P32784,4932,4932.YBL011W
P32787,4932,4932.YJR144W
P32790,4932,4932.YBL007C
P32792,4932,4932.YHR017W
P32793,4932,4932.YHR016C
P32794,4932,4932.YLR397C
P32795,4932,4932.YPR024W
P32796,4932,4932.YML042W
P32798,4932,4932.YOR316C
P32802,4932,4932.YLR083C
P32803,4932,4932.YGL200C
P32805,4932,4932.YGL254W
P32806,4932,4932.YJL044C
P32831,4932,4932.YBR212W
P32832,4932,4932.YMR091C
P32835,4932,4932.YLR293C
P32836,4932,4932.YOR185C
P32843,4932,4932.YMR302C
P32854,4932,4932.YOR036W
P32855,4932,4932.YPR055W
P32857,4932,4932.YKL039W
P32860,4932,4932.YKL040C
P32861,4932,4932.YKL035W
P32864,4932,4932.YOR370C
P32867,4932,4932.YPL232W
P32873,4932,4932.YPL115C
P32875,4932,4932.YOR196C
P32891,4932,4932.YDL174C
P32892,4932,4932.YLL008W
P32895,4932,4932.YKL181W
P32896,4932,4932.YDR081C
P32897,4932,4932.YNR017W
P32898,4932,4932.YDR430C
P32899,4932,4932.YHR148W
P32900,4932,4932.YHR149C
P32901,4932,4932.YKR093W
P32905,4932,4932.YGR214W
P32906,4932,4932.YJR131W
P32907,4932,4932.YNR002C
P32908,4932,4932.YFL008W
P32909,4932,4932.YBR172C
P32910,4932,4932.YNR003C
P32911,4932,4932.YNL244C
P32912,4932,4932.YGL212W
P32913,4932,4932.YOR132W
P32915,4932,4932.YLR378C
P32916,4932,4932.YDR292C
P32929,9606,9606.ENSP00000359976
P32939,4932,4932.YML001W
P32969,9606,9606.ENSP00000494697
P33014,83333,511145.b2012
P33018,83333,511145.b2154
P33121,9606,9606.ENSP00000422607
P33136,83333,511145.b1048
P33176,9606,9606.ENSP00000307078
P33195,83333,511145.b2903
P33201,4932,4932.YKL009W
P33202,4932,4932.YKL010C
P33204,4932,4932.YKL013C
P33218,83333,511145.b1846
P33221,83333,511145.b1849
P33224,83333,511145.b4187
P33232,83333,511145.b3605
P33240,9606,9606.ENSP00000387996
P33297,4932,4932.YOR117W
P33298,4932,4932.YDR394W
P33299,4932,4932.YKL145W
P33302,4932,4932.YOR153W
P33307,4932,4932.YGL238W
P33308,4932,4932.YNR010W
P33309,4932,4932.YNL001W
P33312,4932,4932.YBR153W
P33313,4932,4932.YBR155W
P33315,4932,4932.YBR117C
P33316,9606,9606.ENSP00000370376
P33317,4932,4932.YBR252W
P33322,4932,4932.YLR175W
P33324,4932,4932.YKL091C
P33327,4932,4932.YDL215C
P33328,4932,4932.YOR327C
P33329,4932,4932.YDR436W
P33330,4932,4932.YOR184W
P33331,4932,4932.YER009W
P33332,4932,4932.YER008C
P33333,4932,4932.YDL052C
P33334,4932,4932.YHR165C
P33338,4932,4932.YNL243W
P33339,4932,4932.YGR047C
P33362,83333,511145.b2131
P33363,83333,511145.b2132
P33368,83333,511145.b2137
P33399,4932,4932.YDL051W
P33401,4932,4932.YKL127W
P33412,4932,4932.YGR007W
P33416,4932,4932.YDR258C
P33417,4932,4932.YKL032C
P33418,4932,4932.YKL205W
P33421,4932,4932.YKL141W
P33441,4932,4932.YML062C
P33442,4932,4932.YLR441C
P33448,4932,4932.YOR045W
P33527,9606,9606.ENSP00000382342
P33552,9606,9606.ENSP00000364976
P33570,83333,511145.b2465
P33599,83333,511145.b2286
P33602,83333,511145.b2283
P33607,83333,511145.b2278
P33643,83333,511145.b2594
P33644,83333,511145.b2593
P33734,4932,4932.YBR248C
P33748,4932,4932.YMR037C
P33750,4932,4932.YLL011W
P33753,4932,4932.YKR056W
P33754,4932,4932.YBR171W
P33755,4932,4932.YBR170C
P33767,4932,4932.YEL002C
P33775,4932,4932.YDL095W
P33891,4932,4932.YGL145W
P33892,4932,4932.YGL195W
P33895,4932,4932.YOL069W
P33920,83333,511145.b2186
P33981,9606,9606.ENSP00000358813
P33991,9606,9606.ENSP00000262105
P33992,9606,9606.ENSP00000216122
P33993,9606,9606.ENSP00000307288
P34072,4932,4932.YNL076W
P34077,4932,4932.YFR002W
P34078,4932,4932.YKL143W
P34087,4932,4932.YDR404C
P34110,4932,4932.YJL154C
P34111,4932,4932.YAL001C
P34160,4932,4932.YMR125W
P34162,4932,4932.YHR041C
P34163,4932,4932.YKL140W
P34167,4932,4932.YPR163C
P34216,4932,4932.YBL047C
P34217,4932,4932.YBL051C
P34220,4932,4932.YBL055C
P34221,4932,4932.YBL056W
P34222,4932,4932.YBL057C
P34223,4932,4932.YBL058W
P34226,4932,4932.YBL061C
P34227,4932,4932.YBL064C
P34231,4932,4932.YKL187C
P34232,4932,4932.YKL186C
P34237,4932,4932.YKL179C
P34240,4932,4932.YKL175W
P34241,4932,4932.YKL014C
P34247,4932,4932.YKL099C
P34248,4932,4932.YKL100C
P34253,4932,4932.YKL110C
P34730,4932,4932.YDR099W
P34756,4932,4932.YFR019W
P34758,4932,4932.YOR329C
P34760,4932,4932.YML028W
P34761,4932,4932.YNL197C
P34896,9606,9606.ENSP00000318868
P34897,9606,9606.ENSP00000333667
P34909,4932,4932.YER068W
P34913,9606,9606.ENSP00000430269
P34931,9606,9606.ENSP00000364805
P34932,9606,9606.ENSP00000302961
P34949,9606,9606.ENSP00000318318
P35030,9606,9606.ENSP00000354280
P35056,4932,4932.YDR244W
P35127,4932,4932.YJR099W
P35176,4932,4932.YDR304C
P35177,4932,4932.YBR081C
P35178,4932,4932.YDR087C
P35179,4932,4932.YDR086C
P35180,4932,4932.YGR082W
P35183,4932,4932.YBL069W
P35184,4932,4932.YIR012W
P35189,4932,4932.YPL129W
P35191,4932,4932.YFL016C
P35194,4932,4932.YBL004W
P35196,4932,4932.YBR002C
P35197,4932,4932.YDL226C
P35202,4932,4932.YOR143C
P35206,4932,4932.YBR036C
P35207,4932,4932.YLR398C
P35219,9606,9606.ENSP00000314407
P35221,9606,9606.ENSP00000304669
P35226,9606,9606.ENSP00000365851
P35232,9606,9606.ENSP00000479488
P35236,9606,9606.ENSP00000309116
P35237,9606,9606.ENSP00000484343
P35241,9606,9606.ENSP00000496414
P35244,9606,9606.ENSP00000223129
P35249,9606,9606.ENSP00000376272
P35250,9606,9606.ENSP00000055077
P35251,9606,9606.ENSP00000371321
P35268,9606,9606.ENSP00000346088
P35269,9606,9606.ENSP00000377969
P35270,9606,9606.ENSP00000234454
P35340,83333,511145.b0606
P35475,9606,9606.ENSP00000247933
P35520,9606,9606.ENSP00000381231
P35542,9606,9606.ENSP00000278222
P35573,9606,9606.ENSP00000294724
P35579,9606,9606.ENSP00000216181
P35580,9606,9606.ENSP00000353590
P35606,9606,9606.ENSP00000329419
P35611,9606,9606.ENSP00000264758
P35612,9606,9606.ENSP00000264436
P35613,9606,9606.ENSP00000333769
P35637,9606,9606.ENSP00000254108
P35658,9606,9606.ENSP00000352400
P35659,9606,9606.ENSP00000498653
P35691,4932,4932.YKL056C
P35718,4932,4932.YKL144C
P35719,4932,4932.YKL142W
P35723,4932,4932.YKL065C
P35724,4932,4932.YKL064W
P35725,4932,4932.YKL063C
P35727,4932,4932.YKL061W
P35728,4932,4932.YKL059C
P35729,4932,4932.YKL057C
P35732,4932,4932.YKL054C
P35734,4932,4932.YKL052C
P35813,9606,9606.ENSP00000327255
P35817,4932,4932.YLR399C
P35844,4932,4932.YPL145C
P35845,4932,4932.YAR042W
P35914,9606,9606.ENSP00000363614
P35997,4932,4932.YKL156W
P35998,9606,9606.ENSP00000391211
P36000,4932,4932.YKL135C
P36004,4932,4932.YKL168C
P36006,4932,4932.YKL129C
P36007,4932,4932.YKL218C
P36008,4932,4932.YKL081W
P36010,4932,4932.YKL067W
P36013,4932,4932.YKL029C
P36015,4932,4932.YKL196C
P36016,4932,4932.YKL073W
P36017,4932,4932.YOR089C
P36018,4932,4932.YKR014C
P36024,4932,4932.YKR072C
P36027,4932,4932.YLR332W
P36029,4932,4932.YKL174C
P36036,4932,4932.YKL214C
P36037,4932,4932.YKL213C
P36040,4932,4932.YKL206C
P36041,4932,4932.YKL204W
P36046,4932,4932.YKL195W
P36047,4932,4932.YKL193C
P36048,4932,4932.YKL173W
P36049,4932,4932.YKL172W
P36051,4932,4932.YKL165C
P36053,4932,4932.YKL160W
P36054,4932,4932.YKL159C
P36057,4932,4932.YKL154W
P36059,4932,4932.YKL151C
P36060,4932,4932.YKL150W
P36062,4932,4932.YKL146W
P36068,4932,4932.YKL130C
P36069,4932,4932.YKL128C
P36076,4932,4932.YKL088W
P36077,4932,4932.YKL086W
P36080,4932,4932.YKL082C
P36081,4932,4932.YKL077W
P36083,4932,4932.YKL075C
P36088,4932,4932.YKL069W
P36090,4932,4932.YKL047W
P36091,4932,4932.YKL046C
P36095,4932,4932.YKL041W
P36100,4932,4932.YKL028W
P36101,4932,4932.YKL027W
P36102,4932,4932.YKL025C
P36103,4932,4932.YKL023W
P36104,4932,4932.YKL018W
P36105,4932,4932.YKL006W
P36106,4932,4932.YKL005C
P36108,4932,4932.YKL002W
P36112,4932,4932.YKR016W
P36114,4932,4932.YKR018C
P36116,4932,4932.YKR020W
P36119,4932,4932.YKR023W
P36120,4932,4932.YKR024C
P36121,4932,4932.YKR025W
P36122,4932,4932.YKR027W
P36123,4932,4932.YKR028W
P36124,4932,4932.YKR029C
P36125,4932,4932.YKR030W
P36126,4932,4932.YKR031C
P36132,4932,4932.YKR038C
P36135,4932,4932.YKR042W
P36136,4932,4932.YKR043C
P36139,4932,4932.YKR046C
P36141,4932,4932.YKR049C
P36143,4932,4932.YKR058W
P36145,4932,4932.YKR062W
P36147,4932,4932.YKR065C
P36148,4932,4932.YKR067W
P36151,4932,4932.YKR070W
P36152,4932,4932.YKR071C
P36154,4932,4932.YKR074W
P36156,4932,4932.YKR076W
P36160,4932,4932.YKR081C
P36161,4932,4932.YKR082W
P36165,4932,4932.YKR089C
P36166,4932,4932.YKR090W
P36169,4932,4932.YKR100C
P36404,9606,9606.ENSP00000246747
P36405,9606,9606.ENSP00000260746
P36421,4932,4932.YGR185C
P36507,9606,9606.ENSP00000262948
P36516,4932,4932.YMR024W
P36517,4932,4932.YLR439W
P36519,4932,4932.YDR237W
P36528,4932,4932.YNL252C
P36542,9606,9606.ENSP00000349142
P36543,9606,9606.ENSP00000253413
P36551,9606,9606.ENSP00000497326
P36578,9606,9606.ENSP00000311430
P36639,9606,9606.ENSP00000380241
P36649,83333,511145.b0123
P36680,83333,511145.b0102
P36683,83333,511145.b0118
P36767,83333,511145.b0393
P36775,4932,4932.YBL022C
P36776,9606,9606.ENSP00000353826
P36873,9606,9606.ENSP00000341779
P36915,9606,9606.ENSP00000365806
P36929,83333,511145.b3289
P36938,83333,511145.b0688
P36954,9606,9606.ENSP00000221859
P36955,9606,9606.ENSP00000254722
P36957,9606,9606.ENSP00000335304
P36959,9606,9606.ENSP00000259727
P36969,9606,9606.ENSP00000346103
P36973,4932,4932.YDR441C
P37005,83333,511145.b4403
P37012,4932,4932.YMR105C
P37020,4932,4932.YJR040W
P37051,83333,511145.b1232
P37095,83333,511145.b2523
P37108,9606,9606.ENSP00000267884
P37128,83333,511145.b2467
P37198,9606,9606.ENSP00000471191
P37235,9606,9606.ENSP00000483786
P37254,4932,4932.YNR033W
P37262,4932,4932.YCR073W-A
P37263,4932,4932.YCR087C-A
P37267,4932,4932.YGR174C
P37268,9606,9606.ENSP00000491537
P37291,4932,4932.YLR058C
P37292,4932,4932.YBR263W
P37293,4932,4932.YGR147C
P37296,4932,4932.YMR054W
P37297,4932,4932.YLR305C
P37302,4932,4932.YBR286W
P37303,4932,4932.YEL046C
P37304,4932,4932.YDR251W
P37329,83333,511145.b0763
P37330,83333,511145.b2976
P37349,83333,511145.b1198
P37351,83333,511145.b4090
P37366,4932,4932.YPR025C
P37370,4932,4932.YLR337C
P37387,83333,511145.b3566
P37440,83333,511145.b2426
P37613,83333,511145.b3459
P37634,83333,511145.b3499
P37637,83333,511145.b3514
P37647,83333,511145.b3526
P37648,83333,511145.b3527
P37661,83333,511145.b3546
P37666,83333,511145.b3553
P37671,83333,511145.b3574
P37685,83333,511145.b3588
P37686,83333,511145.b3589
P37689,83333,511145.b3612
P37744,83333,511145.b2039
P37745,83333,511145.b2038
P37747,83333,511145.b2036
P37759,83333,511145.b2041
P37765,83333,511145.b1269
P37769,83333,511145.b2842
P37773,83333,511145.b4233
P37802,9606,9606.ENSP00000357076
P37837,9606,9606.ENSP00000321259
P37838,4932,4932.YPL043W
P37840,9606,9606.ENSP00000500990
P37898,4932,4932.YHR047C
P37902,83333,511145.b0655
P37903,83333,511145.b1376
P38009,4932,4932.YMR120C
P38011,4932,4932.YMR116C
P38013,4932,4932.YLR109W
P38038,83333,511145.b2764
P38041,4932,4932.YBL085W
P38061,4932,4932.YBL092W
P38063,4932,4932.YBL068W
P38065,4932,4932.YBL037W
P38066,4932,4932.YBL033C
P38067,4932,4932.YBR006W
P38068,4932,4932.YBR014C
P38069,4932,4932.YBR015C
P38071,4932,4932.YBR026C
P38072,4932,4932.YBR024W
P38074,4932,4932.YBR034C
P38075,4932,4932.YBR035C
P38077,4932,4932.YBR039W
P38079,4932,4932.YBR054W
P38080,4932,4932.YBR059C
P38081,4932,4932.YBR056W
P38085,4932,4932.YBR069C
P38086,4932,4932.YBR073W
P38088,4932,4932.YBR121C
P38089,4932,4932.YBR125C
P38109,4932,4932.YBR139W
P38112,4932,4932.YBR142W
P38113,4932,4932.YBR145W
P38115,4932,4932.YBR149W
P38116,4932,4932.YBR164C
P38117,9606,9606.ENSP00000346173
P38121,4932,4932.YBL035C
P38122,4932,4932.YBR176W
P38129,4932,4932.YBR198C
P38130,4932,4932.YBR205W
P38131,4932,4932.YBR199W
P38132,4932,4932.YBR202W
P38137,4932,4932.YBR222C
P38138,4932,4932.YBR229C
P38139,4932,4932.YBR204C
P38143,4932,4932.YBR244W
P38144,4932,4932.YBR245C
P38145,4932,4932.YBR256C
P38146,4932,4932.YBR264C
P38149,4932,4932.YBR281C
P38153,4932,4932.YBR288C
P38159,9606,9606.ENSP00000359645
P38162,4932,4932.YBL107C
P38164,4932,4932.YBL104C
P38165,4932,4932.YBL103C
P38166,4932,4932.YBL102W
P38167,4932,4932.YBL101C
P38169,4932,4932.YBL098W
P38174,4932,4932.YBL091C
P38177,4932,4932.YBL086C
P38179,4932,4932.YBL082C
P38181,4932,4932.YBL079W
P38187,4932,4932.YBL067C
P38197,4932,4932.YBL036C
P38199,4932,4932.YBL032W
P38200,4932,4932.YBL031W
P38203,4932,4932.YBL026W
P38205,4932,4932.YBL024W
P38206,4932,4932.YBL020W
P38216,4932,4932.YBR016W
P38217,4932,4932.YBR017C
P38218,4932,4932.YBR022W
P38219,4932,4932.YBR025C
P38221,4932,4932.YBR029C
P38225,4932,4932.YBR041W
P38226,4932,4932.YBR042C
P38230,4932,4932.YBR046C
P38234,4932,4932.YBR052C
P38235,4932,4932.YBR053C
P38237,4932,4932.YBR058C
P38238,4932,4932.YBR061C
P38241,4932,4932.YBR065C
P38242,4932,4932.YBR070C
P38244,4932,4932.YBR074W
P38247,4932,4932.YBR077C
P38248,4932,4932.YBR078W
P38249,4932,4932.YBR079C
P38250,4932,4932.YBR086C
P38251,4932,4932.YBR087W
P38254,4932,4932.YBR094W
P38255,4932,4932.YBR095C
P38256,4932,4932.YBR096W
P38260,4932,4932.YBR101C
P38261,4932,4932.YBR102C
P38262,4932,4932.YBR103W
P38264,4932,4932.YBR106W
P38266,4932,4932.YBR108W
P38271,4932,4932.YBR129C
P38272,4932,4932.YBR130C
P38274,4932,4932.YBR133C
P38276,4932,4932.YBR137W
P38281,4932,4932.YBR151W
P38286,4932,4932.YBR159W
P38288,4932,4932.YBR162C
P38293,4932,4932.YBR173C
P38295,4932,4932.YBR177C
P38298,4932,4932.YBR183W
P38301,4932,4932.YBR187W
P38310,4932,4932.YBR207W
P38312,4932,4932.YBR210W
P38314,4932,4932.YBR214W
P38315,4932,4932.YBR216C
P38321,4932,4932.YBR225W
P38323,4932,4932.YBR227C
P38325,4932,4932.YBR230C
P38326,4932,4932.YBR231C
P38328,4932,4932.YBR234C
P38332,4932,4932.YBR246W
P38333,4932,4932.YBR247C
P38334,4932,4932.YBR254C
P38337,4932,4932.YBR258C
P38339,4932,4932.YBR260C
P38340,4932,4932.YBR261C
P38341,4932,4932.YBR262C
P38342,4932,4932.YBR265W
P38344,4932,4932.YBR267W
P38348,4932,4932.YBR272C
P38349,4932,4932.YBR273C
P38351,4932,4932.YBR279W
P38352,4932,4932.YBR280C
P38353,4932,4932.YBR283C
P38355,4932,4932.YBR287W
P38426,4932,4932.YMR261C
P38427,4932,4932.YML100W
P38428,4932,4932.YMR264W
P38429,4932,4932.YMR263W
P38431,4932,4932.YPR041W
P38432,9606,9606.ENSP00000240316
P38439,4932,4932.YOR123C
P38489,83333,511145.b0578
P38521,83333,511145.b2959
P38523,4932,4932.YOR232W
P38555,4932,4932.YER031C
P38604,4932,4932.YHR072W
P38606,9606,9606.ENSP00000273398
P38615,4932,4932.YMR139W
P38616,4932,4932.YNL160W
P38620,4932,4932.YER099C
P38623,4932,4932.YLR248W
P38624,4932,4932.YJL001W
P38625,4932,4932.YMR217W
P38626,4932,4932.YIL043C
P38627,4932,4932.YJR103W
P38628,4932,4932.YEL058W
P38629,4932,4932.YNL290W
P38630,4932,4932.YOR217W
P38631,4932,4932.YLR342W
P38634,4932,4932.YLR079W
P38635,4932,4932.YFR025C
P38646,9606,9606.ENSP00000297185
P38682,4932,4932.YER122C
P38687,4932,4932.YPL243W
P38688,4932,4932.YPL210C
P38689,4932,4932.YHL011C
P38691,4932,4932.YHR082C
P38692,4932,4932.YHR102W
P38693,4932,4932.YHR215W
P38694,4932,4932.YHR039C
P38695,4932,4932.YHR096C
P38698,4932,4932.YHR201C
P38701,4932,4932.YHL015W
P38703,4932,4932.YHL003C
P38707,4932,4932.YHR019C
P38708,4932,4932.YHR020W
P38710,4932,4932.YHR046C
P38712,4932,4932.YHR065C
P38713,4932,4932.YHR073W
P38715,4932,4932.YHR104W
P38716,4932,4932.YHR112C
P38719,4932,4932.YHR169W
P38720,4932,4932.YHR183W
P38732,4932,4932.YHL039W
P38736,4932,4932.YHL031C
P38737,4932,4932.YHL030W
P38744,4932,4932.YHL018W
P38745,4932,4932.YHL017W
P38747,4932,4932.YHL013C
P38748,4932,4932.YHL010C
P38753,4932,4932.YHL002W
P38754,4932,4932.YHL001W
P38755,4932,4932.YHR001W
P38756,4932,4932.YHR003C
P38758,4932,4932.YHR009C
P38759,4932,4932.YHR012W
P38764,4932,4932.YHR027C
P38765,4932,4932.YHR029C
P38768,4932,4932.YHR034C
P38771,4932,4932.YHR038W
P38772,4932,4932.YHR040W
P38773,4932,4932.YHR043C
P38775,4932,4932.YHR045W
P38777,4932,4932.YHR049W
P38778,4932,4932.YHR050W
P38779,4932,4932.YHR052W
P38781,4932,4932.YHR056C
P38782,4932,4932.YHR058C
P38784,4932,4932.YHR060W
P38786,4932,4932.YHR062C
P38787,4932,4932.YHR063C
P38788,4932,4932.YHR064C
P38789,4932,4932.YHR066W
P38791,4932,4932.YHR068W
P38792,4932,4932.YHR069C
P38793,4932,4932.YHR070W
P38795,4932,4932.YHR074W
P38796,4932,4932.YHR075C
P38797,4932,4932.YHR076W
P38798,4932,4932.YHR077C
P38801,4932,4932.YHR081W
P38803,4932,4932.YHR085W
P38804,4932,4932.YHR087W
P38805,4932,4932.YHR088W
P38809,4932,4932.YHR097C
P38810,4932,4932.YHR098C
P38811,4932,4932.YHR099W
P38812,4932,4932.YHR100C
P38813,4932,4932.YHR101C
P38815,4932,4932.YHR105W
P38816,4932,4932.YHR106W
P38817,4932,4932.YHR108W
P38820,4932,4932.YHR111W
P38821,4932,4932.YHR113W
P38822,4932,4932.YHR114W
P38824,4932,4932.YHR116W
P38825,4932,4932.YHR117W
P38826,4932,4932.YHR118C
P38828,4932,4932.YHR121W
P38829,4932,4932.YHR122W
P38833,4932,4932.YHR127W
P38836,4932,4932.YHR132C
P38837,4932,4932.YHR133C
P38840,4932,4932.YHR137W
P38841,4932,4932.YHR138C
P38845,4932,4932.YHR146W
P38850,4932,4932.YHR154W
P38852,4932,4932.YHR156C
P38853,4932,4932.YHR158C
P38854,4932,4932.YHR159W
P38856,4932,4932.YHR161C
P38857,4932,4932.YHR162W
P38858,4932,4932.YHR163W
P38861,4932,4932.YHR170W
P38869,4932,4932.YHR181W
P38873,4932,4932.YHR186C
P38874,4932,4932.YHR187W
P38875,4932,4932.YHR188C
P38878,4932,4932.YHR192W
P38879,4932,4932.YHR193C
P38882,4932,4932.YHR196W
P38883,4932,4932.YHR197W
P38884,4932,4932.YHR198C
P38885,4932,4932.YHR199C
P38886,4932,4932.YHR200W
P38889,4932,4932.YHR206W
P38890,4932,4932.YHR207C
P38891,4932,4932.YHR208W
P38892,4932,4932.YHR209W
P38902,4932,4932.YOL005C
P38903,4932,4932.YOR014W
P38904,4932,4932.YDR464W
P38910,4932,4932.YOR020C
P38911,4932,4932.YML074C
P38912,4932,4932.YMR260C
P38913,4932,4932.YDL045C
P38915,4932,4932.YLR055C
P38919,9606,9606.ENSP00000497641
P38922,4932,4932.YNL004W
P38929,4932,4932.YGL006W
P38930,4932,4932.YOR039W
P38932,4932,4932.YGL095C
P38934,4932,4932.YOR198C
P38959,4932,4932.YDR080W
P38961,4932,4932.YDR083W
P38962,4932,4932.YDR084C
P38966,4932,4932.YDR089W
P38968,4932,4932.YDL195W
P38969,4932,4932.YOR266W
P38970,4932,4932.YJL165C
P38972,4932,4932.YGR061C
P38985,4932,4932.YDL092W
P38986,4932,4932.YDR321W
P38987,4932,4932.YML064C
P38988,4932,4932.YDL198C
P38992,4932,4932.YDR297W
P38993,4932,4932.YMR058W
P38996,4932,4932.YPL190C
P38998,4932,4932.YIR034C
P38999,4932,4932.YNR050C
P39001,4932,4932.YDR207C
P39002,4932,4932.YIL009W
P39003,4932,4932.YDR343C
P39004,4932,4932.YDR342C
P39005,4932,4932.YJL174W
P39006,4932,4932.YNL169C
P39007,4932,4932.YGL022W
P39008,4932,4932.YNR052C
P39010,4932,4932.YDR264C
P39011,4932,4932.YPL161C
P39012,4932,4932.YLR088W
P39013,4932,4932.YNL084C
P39015,4932,4932.YLR150W
P39016,4932,4932.YGL178W
P39019,9606,9606.ENSP00000470972
P39023,9606,9606.ENSP00000346001
P39076,4932,4932.YIL142W
P39077,4932,4932.YJL014W
P39078,4932,4932.YDL143W
P39079,4932,4932.YDR188W
P39081,4932,4932.YDR228C
P39099,83333,511145.b3234
P39101,4932,4932.YER048C
P39102,4932,4932.YLR090W
P39103,4932,4932.YML129C
P39104,4932,4932.YNL267W
P39105,4932,4932.YMR008C
P39106,4932,4932.YER001W
P39107,4932,4932.YPL050C
P39109,4932,4932.YDR135C
P39111,4932,4932.YGR020C
P39113,4932,4932.YMR280C
P39160,83333,511145.b4323
P39173,83333,511145.b1780
P39176,83333,511145.b1990
P39177,83333,511145.b0607
P39180,83333,511145.b2000
P39187,83333,511145.b4216
P39199,83333,511145.b2330
P39265,83333,511145.b4088
P39286,83333,511145.b4161
P39298,83333,511145.b4190
P39315,83333,511145.b4211
P39325,83333,511145.b4227
P39332,83333,511145.b4248
P39337,83333,511145.b4256
P39342,83333,511145.b4263
P39353,83333,511145.b4280
P39356,83333,511145.b4295
P39358,83333,511145.b4297
P39406,83333,511145.b4371
P39451,83333,511145.b1478
P39516,4932,4932.YJL191W
P39517,4932,4932.YDL160C
P39522,4932,4932.YJR016C
P39523,4932,4932.YMR124W
P39524,4932,4932.YAL026C
P39525,4932,4932.YER061C
P39526,4932,4932.YJL207C
P39531,4932,4932.YJL204C
P39533,4932,4932.YJL200C
P39538,4932,4932.YJL197W
P39552,4932,4932.YAR033W
P39656,9606,9606.ENSP00000399457
P39676,4932,4932.YGR234W
P39682,4932,4932.YML046W
P39683,4932,4932.YOR209C
P39685,4932,4932.YMR129W
P39687,9606,9606.ENSP00000417864
P39692,4932,4932.YFR030W
P39704,4932,4932.YAL007C
P39705,4932,4932.YAR002W
P39709,4932,4932.YAL067C
P39713,4932,4932.YAL061W
P39714,4932,4932.YAL060W
P39715,4932,4932.YAL059W
P39718,4932,4932.YAL055W
P39719,4932,4932.YAL053W
P39721,4932,4932.YAL049C
P39722,4932,4932.YAL048C
P39724,4932,4932.YAL046C
P39726,4932,4932.YAL044C
P39727,4932,4932.YAL042W
P39729,4932,4932.YAL036C
P39730,4932,4932.YAL035W
P39731,4932,4932.YAL034W-A
P39743,4932,4932.YDR388W
P39744,4932,4932.YOR206W
P39748,9606,9606.ENSP00000305480
P39829,83333,511145.b3128
P39831,83333,511145.b1539
P39880,9606,9606.ENSP00000353401
P39904,4932,4932.YDR484W
P39923,4932,4932.YEL062W
P39925,4932,4932.YER017C
P39926,4932,4932.YMR183C
P39927,4932,4932.YGR156W
P39929,4932,4932.YLR025W
P39931,4932,4932.YLR250W
P39935,4932,4932.YGR162W
P39936,4932,4932.YGL049C
P39938,4932,4932.YGL189C
P39940,4932,4932.YER125W
P39952,4932,4932.YER154W
P39954,4932,4932.YER043C
P39956,4932,4932.YER169W
P39958,4932,4932.YER136W
P39960,4932,4932.YER155C
P39962,4932,4932.YER123W
P39966,4932,4932.YER089C
P39968,4932,4932.YEL013W
P39969,4932,4932.YER114C
P39976,4932,4932.YEL071W
P39979,4932,4932.YEL066W
P39984,4932,4932.YEL056W
P39985,4932,4932.YEL055C
P39986,4932,4932.YEL031W
P39990,4932,4932.YEL026W
P39993,4932,4932.YEL022W
P39994,4932,4932.YEL020C
P39996,4932,4932.YEL017W
P39998,4932,4932.YEL015W
P40005,4932,4932.YEL003W
P40006,4932,4932.YEL001C
P40007,4932,4932.YER002W
P40008,4932,4932.YER004W
P40010,4932,4932.YER006W
P40011,4932,4932.YER010C
P40012,4932,4932.YER014W
P40013,4932,4932.YER016W
P40014,4932,4932.YER018C
P40015,4932,4932.YER019W
P40016,4932,4932.YER021W
P40017,4932,4932.YER024W
P40018,4932,4932.YER029C
P40019,4932,4932.YER030W
P40022,4932,4932.YER034W
P40024,4932,4932.YER036C
P40029,4932,4932.YER042W
P40030,4932,4932.YER044C
P40032,4932,4932.YER049W
P40035,4932,4932.YER053C
P40036,4932,4932.YER054C
P40037,4932,4932.YER057C
P40038,4932,4932.YER059W
P40040,4932,4932.YER063W
P40043,4932,4932.YER067W
P40045,4932,4932.YER071C
P40046,4932,4932.YER072W
P40047,4932,4932.YER073W
P40051,4932,4932.YER078C
P40052,4932,4932.YER079W
P40053,4932,4932.YER080W
P40054,4932,4932.YER081W
P40055,4932,4932.YER082C
P40056,4932,4932.YER083C
P40064,4932,4932.YER105C
P40066,4932,4932.YER107C
P40069,4932,4932.YER110C
P40070,4932,4932.YER112W
P40075,4932,4932.YER120W
P40078,4932,4932.YER126C
P40079,4932,4932.YER127W
P40081,4932,4932.YER134C
P40084,4932,4932.YER139C
P40086,4932,4932.YER141W
P40087,4932,4932.YER143W
P40088,4932,4932.YER145C
P40089,4932,4932.YER146W
P40091,4932,4932.YER149C
P40093,4932,4932.YER156C
P40094,4932,4932.YER157W
P40096,4932,4932.YER159C
P40098,4932,4932.YER182W
P40099,4932,4932.YER183C
P40106,4932,4932.YER062C
P40120,83333,511145.b1424
P40121,9606,9606.ENSP00000263867
P40150,4932,4932.YNL209W
P40151,4932,4932.YNL218W
P40154,4932,4932.YNL215W
P40155,4932,4932.YNL214W
P40157,4932,4932.YNL212W
P40159,4932,4932.YNL208W
P40160,4932,4932.YNL207W
P40161,4932,4932.YNL206C
P40164,4932,4932.YNL201C
P40165,4932,4932.YNL200C
P40168,4932,4932.YNL195C
P40169,4932,4932.YNL194C
P40185,4932,4932.YIL051C
P40186,4932,4932.YIL050W
P40187,4932,4932.YIL045W
P40188,4932,4932.YIL057C
P40191,83333,511145.b2418
P40202,4932,4932.YMR038C
P40208,4932,4932.YMR135C
P40210,4932,4932.YMR140W
P40212,4932,4932.YMR142C
P40215,4932,4932.YMR145C
P40217,4932,4932.YMR146C
P40222,9606,9606.ENSP00000362711
P40227,9606,9606.ENSP00000275603
P40261,9606,9606.ENSP00000441434
P40302,4932,4932.YMR314W
P40303,4932,4932.YOL038W
P40308,4932,4932.YMR313C
P40312,4932,4932.YNL111C
P40317,4932,4932.YDR006C
P40318,4932,4932.YIL030C
P40319,4932,4932.YLR372W
P40325,4932,4932.YGR268C
P40327,4932,4932.YDL007W
P40335,4932,4932.YJL053W
P40339,4932,4932.YOL094C
P40340,4932,4932.YGR270W
P40341,4932,4932.YMR089C
P40343,4932,4932.YNR006W
P40344,4932,4932.YNR007C
P40345,4932,4932.YNR008W
P40347,4932,4932.YPR073C
P40348,4932,4932.YJR068W
P40350,4932,4932.YPL227C
P40354,4932,4932.YJR062C
P40356,4932,4932.YGL025C
P40357,4932,4932.YGR009C
P40361,4932,4932.YJL070C
P40362,4932,4932.YJL069C
P40363,4932,4932.YJL068C
P40364,4932,4932.YJL066C
P40368,4932,4932.YJL061W
P40395,4932,4932.YLR039C
P40413,4932,4932.YJR064W
P40414,4932,4932.YIL138C
P40422,4932,4932.YHR143W-A
P40425,9606,9606.ENSP00000364190
P40429,9606,9606.ENSP00000375730
P40433,4932,4932.YIL107C
P40442,4932,4932.YIL169C
P40452,4932,4932.YIL157C
P40453,4932,4932.YIL156W
P40454,4932,4932.YIL153W
P40457,4932,4932.YIL149C
P40459,4932,4932.YIL145C
P40462,4932,4932.YIL137C
P40463,4932,4932.YIL135C
P40467,4932,4932.YIL130W
P40468,4932,4932.YIL129C
P40469,4932,4932.YIL128W
P40471,4932,4932.YIL124W
P40477,4932,4932.YIL115C
P40481,4932,4932.YIL110W
P40482,4932,4932.YIL109C
P40483,4932,4932.YIL108W
P40484,4932,4932.YIL106W
P40485,4932,4932.YIL105C
P40486,4932,4932.YIL104C
P40494,4932,4932.YIL095W
P40495,4932,4932.YIL094C
P40496,4932,4932.YIL093C
P40498,4932,4932.YIL091C
P40499,4932,4932.YIL090W
P40501,4932,4932.YIL088C
P40503,4932,4932.YIL086C
P40505,4932,4932.YIL084C
P40506,4932,4932.YIL083C
P40509,4932,4932.YIL076W
P40510,4932,4932.YIL074C
P40513,4932,4932.YIL070C
P40515,4932,4932.YIL065C
P40516,4932,4932.YIL064W
P40517,4932,4932.YIL063C
P40518,4932,4932.YIL062C
P40522,4932,4932.YIL056W
P40523,4932,4932.YIL055C
P40525,4932,4932.YIL052C
P40527,4932,4932.YIL048W
P40528,4932,4932.YIL047C
P40529,4932,4932.YIL044C
P40531,4932,4932.YIL041W
P40533,4932,4932.YIL039W
P40535,4932,4932.YIL036W
P40540,4932,4932.YIL027C
P40541,4932,4932.YIL026C
P40545,4932,4932.YIL020C
P40548,4932,4932.YIL016W
P40549,4932,4932.YIL014W
P40553,4932,4932.YIL010W
P40555,4932,4932.YIL007C
P40557,4932,4932.YIL005W
P40558,4932,4932.YIL003W
P40561,4932,4932.YIR001C
P40563,4932,4932.YIR003W
P40564,4932,4932.YIR004W
P40566,4932,4932.YIR007W
P40579,4932,4932.YIR035C
P40580,4932,4932.YIR036C
P40581,4932,4932.YIR037W
P40582,4932,4932.YIR038C
P40616,9606,9606.ENSP00000261636
P40692,9606,9606.ENSP00000231790
P40693,4932,4932.YNL002C
P40763,9606,9606.ENSP00000264657
P40818,9606,9606.ENSP00000379721
P40825,4932,4932.YOR335C
P40855,9606,9606.ENSP00000357051
P40856,4932,4932.YJL098W
P40857,4932,4932.YJL097W
P40874,83333,511145.b1059
P40892,4932,4932.YJL218W
P40893,4932,4932.YJL217W
P40925,9606,
P40926,9606,9606.ENSP00000327070
P40937,9606,9606.ENSP00000408295
P40938,9606,9606.ENSP00000369411
P40939,9606,9606.ENSP00000370023
P40956,4932,4932.YGL181W
P40957,4932,4932.YGL086W
P40958,4932,4932.YJL030W
P40959,4932,4932.YMR004W
P40961,4932,4932.YGR132C
P40970,4932,4932.YDR062W
P40986,4932,4932.YDR182W
P40989,4932,4932.YGR032W
P40991,4932,4932.YNL061W
P40994,4932,4932.YOR094W
P41056,4932,4932.YOR234C
P41057,4932,4932.YLR388W
P41058,4932,4932.YDL061C
P41091,9606,9606.ENSP00000253039
P41134,9606,9606.ENSP00000365280
P41208,9606,9606.ENSP00000359300
P41214,9606,9606.ENSP00000271764
P41222,9606,9606.ENSP00000360687
P41223,9606,9606.ENSP00000386023
P41227,9606,9606.ENSP00000417763
P41229,9606,9606.ENSP00000364550
P41236,9606,9606.ENSP00000484580
P41240,9606,9606.ENSP00000220003
P41250,9606,9606.ENSP00000373918
P41252,9606,9606.ENSP00000364794
P41277,4932,4932.YIL053W
P41338,4932,4932.YPL028W
P41407,83333,511145.b1412
P41440,9606,9606.ENSP00000308895
P41543,4932,4932.YJL002C
P41567,9606,9606.ENSP00000419449
P41696,4932,4932.YOR113W
P41697,4932,4932.YLR319C
P41733,4932,4932.YLR459W
P41734,4932,4932.YOR126C
P41735,4932,4932.YOR125C
P41743,9606,9606.ENSP00000295797
P41800,4932,4932.YLL006W
P41805,4932,4932.YLR075W
P41807,4932,4932.YPR036W
P41810,4932,4932.YDR238C
P41811,4932,4932.YGL137W
P41812,4932,4932.YNL221C
P41813,4932,4932.YNL068C
P41814,4932,4932.YNL062C
P41818,4932,4932.YMR311C
P41819,4932,4932.YPL266W
P41832,4932,4932.YNL271C
P41895,4932,4932.YGR186W
P41896,4932,4932.YGR005C
P41903,4932,4932.YJR019C
P41910,4932,4932.YDR005C
P41911,4932,4932.YOL059W
P41920,4932,4932.YDR002W
P41921,4932,4932.YPL091W
P41930,4932,4932.YPL092W
P41940,4932,4932.YDL055C
P42025,9606,9606.ENSP00000289228
P42073,4932,4932.YDR195W
P42126,9606,9606.ENSP00000301729
P42166,9606,
P42167,9606,9606.ENSP00000266732
P42224,9606,9606.ENSP00000354394
P42226,9606,9606.ENSP00000300134
P42229,9606,9606.ENSP00000341208
P42285,9606,9606.ENSP00000230640
P42330,9606,9606.ENSP00000369927
P42338,9606,9606.ENSP00000501150
P42345,9606,9606.ENSP00000354558
P42356,9606,9606.ENSP00000255882
P42566,9606,9606.ENSP00000360798
P42574,9606,9606.ENSP00000311032
P42575,9606,9606.ENSP00000312664
P42588,83333,511145.b3073
P42593,83333,511145.b3081
P42599,83333,511145.b3087
P42616,83333,511145.b3097
P42620,83333,511145.b3102
P42641,83333,511145.b3183
P42677,9606,9606.ENSP00000499044
P42684,9606,9606.ENSP00000427562
P42694,9606,9606.ENSP00000464512
P42695,9606,9606.ENSP00000433681
P42696,9606,9606.ENSP00000386226
P42704,9606,9606.ENSP00000260665
P42765,9606,9606.ENSP00000285093
P42766,9606,9606.ENSP00000259469
P42773,9606,9606.ENSP00000262662
P42785,9606,9606.ENSP00000377055
P42826,4932,4932.YGR194C
P42838,4932,4932.YNL323W
P42839,4932,4932.YNL321W
P42840,4932,4932.YNL320W
P42842,4932,4932.YNL313C
P42844,4932,4932.YNL310C
P42846,4932,4932.YNL308C
P42898,9606,9606.ENSP00000365770
P42934,4932,4932.YGR199W
P42935,4932,4932.YGR200C
P42936,4932,4932.YGR201C
P42938,4932,4932.YGR205W
P42940,4932,4932.YGR207C
P42941,4932,4932.YGR208W
P42942,4932,4932.YGR210C
P42943,4932,4932.YJL111W
P42945,4932,4932.YJL109C
P42949,4932,4932.YJL104W
P43007,9606,9606.ENSP00000234256
P43034,9606,9606.ENSP00000380378
P43121,9606,9606.ENSP00000264036
P43123,4932,4932.YDL103C
P43243,9606,9606.ENSP00000354346
P43246,9606,9606.ENSP00000233146
P43250,9606,9606.ENSP00000347655
P43304,9606,9606.ENSP00000308610
P43307,9606,9606.ENSP00000244763
P43321,4932,4932.YLR147C
P43355,9606,9606.ENSP00000349085
P43362,9606,9606.ENSP00000243314
P43366,9606,9606.ENSP00000368264
P43405,9606,9606.ENSP00000364898
P43487,9606,9606.ENSP00000401564
P43490,9606,9606.ENSP00000222553
P43535,4932,4932.YFR009W
P43545,4932,4932.YFL059W
P43555,4932,4932.YFL048C
P43556,4932,4932.YFL047W
P43558,4932,4932.YFL044C
P43560,4932,4932.YFL042C
P43561,4932,4932.YFL041W
P43563,4932,4932.YFL034C-B
P43564,4932,4932.YFL034W
P43565,4932,4932.YFL033C
P43568,4932,4932.YFL029C
P43569,4932,4932.YFL028C
P43573,4932,4932.YFL023W
P43577,4932,4932.YFL017C
P43579,4932,4932.YFL013C
P43582,4932,4932.YFL010C
P43583,4932,4932.YFL007W
P43585,4932,4932.YFL004W
P43586,4932,4932.YFR001W
P43587,4932,4932.YFR003C
P43588,4932,4932.YFR004W
P43589,4932,4932.YFR005C
P43590,4932,4932.YFR006W
P43591,4932,4932.YFR007W
P43593,4932,4932.YFR010W
P43594,4932,4932.YFR011C
P43596,4932,4932.YFR013W
P43597,4932,4932.YFR016C
P43598,4932,4932.YFR017C
P43599,4932,4932.YFR018C
P43601,4932,4932.YFR021W
P43603,4932,4932.YFR024C-A
P43609,4932,4932.YFR037C
P43611,4932,4932.YFR039C
P43612,4932,4932.YFR040W
P43613,4932,4932.YFR041C
P43616,4932,4932.YFR044C
P43619,4932,4932.YFR047C
P43620,4932,4932.YFR048W
P43621,4932,4932.YFR051C
P43636,4932,4932.YGL065C
P43638,4932,4932.YJL042W
P43639,4932,4932.YGL019W
P43672,83333,511145.b0949
P43686,9606,9606.ENSP00000157812
P43897,9606,9606.ENSP00000313877
P45395,83333,511145.b3197
P45425,83333,511145.b3222
P45470,83333,511145.b3153
P45523,83333,511145.b3347
P45548,83333,511145.b3379
P45577,83333,511145.b1831
P45748,83333,511145.b3282
P45799,83333,511145.b3397
P45818,4932,4932.YGL171W
P45880,9606,9606.ENSP00000361635
P45954,9606,9606.ENSP00000357873
P45955,83333,511145.b0742
P45973,9606,9606.ENSP00000209875
P45974,9606,9606.ENSP00000229268
P45976,4932,4932.YJR093C
P45978,4932,4932.YPR129W
P45983,9606,9606.ENSP00000378974
P46013,9606,9606.ENSP00000357643
P46019,9606,9606.ENSP00000369274
P46060,9606,9606.ENSP00000401470
P46063,9606,9606.ENSP00000416739
P46087,9606,9606.ENSP00000371858
P46108,9606,9606.ENSP00000300574
P46109,9606,9606.ENSP00000346300
P46151,4932,4932.YPL023C
P46199,9606,9606.ENSP00000263629
P46367,4932,4932.YOR374W
P46379,9606,9606.ENSP00000365131
P46459,9606,9606.ENSP00000381293
P46654,4932,4932.YLR048W
P46655,4932,4932.YGL245W
P46669,4932,4932.YOR340C
P46670,4932,4932.YPL241C
P46672,4932,4932.YGL105W
P46673,4932,4932.YJR042W
P46675,4932,4932.YLR045C
P46676,4932,4932.YDR310C
P46677,4932,4932.YGR274C
P46680,4932,4932.YMR092C
P46681,4932,4932.YDL178W
P46682,4932,4932.YGR261C
P46683,4932,4932.YPL239W
P46736,9606,9606.ENSP00000358474
P46776,9606,9606.ENSP00000346015
P46777,9606,9606.ENSP00000359345
P46778,9606,9606.ENSP00000346027
P46779,9606,9606.ENSP00000452763
P46781,9606,9606.ENSP00000375632
P46782,9606,9606.ENSP00000472985
P46783,9606,9606.ENSP00000481646
P46784,4932,4932.YMR230W
P46821,9606,9606.ENSP00000296755
P46837,83333,511145.b3407
P46852,83333,511145.b3439
P46853,83333,511145.b3440
P46926,9606,9606.ENSP00000423674
P46934,9606,9606.ENSP00000424827
P46940,9606,9606.ENSP00000268182
P46947,4932,4932.YGL174W
P46948,4932,4932.YGR195W
P46949,4932,4932.YGR196C
P46951,4932,4932.YGR198W
P46956,4932,4932.YJL117W
P46957,4932,4932.YJR006W
P46959,4932,4932.YJL125C
P46962,4932,4932.YJL006C
P46963,4932,4932.YML112W
P46964,4932,4932.YOR103C
P46965,4932,4932.YJR010C-A
P46969,4932,4932.YJL121C
P46970,4932,4932.YJR132W
P46971,4932,4932.YJR143C
P46974,4932,4932.YJR127C
P46976,9606,9606.ENSP00000340736
P46977,9606,9606.ENSP00000376472
P46982,4932,4932.YJL186W
P46984,4932,4932.YJL184W
P46985,4932,4932.YJL183W
P46988,4932,4932.YJL179W
P46989,4932,4932.YJL178C
P46990,4932,4932.YJL177W
P46992,4932,4932.YJL171C
P46995,4932,4932.YJL168C
P47006,4932,4932.YJL148W
P47008,4932,4932.YJL145W
P47013,4932,4932.YJL134W
P47017,4932,4932.YJL124C
P47018,4932,4932.YJL123C
P47019,4932,4932.YJL122W
P47025,4932,4932.YJL112W
P47031,4932,4932.YJL082W
P47032,4932,4932.YJL079C
P47033,4932,4932.YJL078C
P47035,4932,4932.YJL076W
P47037,4932,4932.YJL074C
P47039,4932,4932.YJL060W
P47044,4932,4932.YJL055W
P47045,4932,4932.YJL054W
P47047,4932,4932.YJL050W
P47048,4932,4932.YJL049W
P47054,4932,4932.YJL039C
P47057,4932,4932.YJL036W
P47061,4932,4932.YJL029C
P47064,4932,4932.YJL024C
P47068,4932,4932.YJL020C
P47075,4932,4932.YJL012C
P47076,4932,4932.YJL011C
P47077,4932,4932.YJL010C
P47079,4932,4932.YJL008C
P47082,4932,4932.YJR001W
P47083,4932,4932.YJR002W
P47085,4932,4932.YJR008W
P47086,4932,4932.YJR011C
P47089,4932,4932.YJR014W
P47093,4932,4932.YJR022W
P47095,4932,4932.YJR024C
P47096,4932,4932.YJR025C
P47102,4932,4932.YJR031C
P47103,4932,4932.YJR032W
P47104,4932,4932.YJR033C
P47108,4932,4932.YJR041C
P47112,4932,4932.YJR046W
P47116,4932,4932.YJR059W
P47117,4932,4932.YJR065C
P47118,4932,4932.YJR067C
P47119,4932,4932.YJR069C
P47120,4932,4932.YJR070C
P47122,4932,4932.YJR072C
P47123,4932,4932.YJR074W
P47124,4932,4932.YJR075W
P47127,4932,4932.YJR080C
P47130,4932,4932.YJR084W
P47133,4932,4932.YJR088C
P47135,4932,4932.YJR091C
P47137,4932,4932.YJR096W
P47141,4932,4932.YJR101W
P47142,4932,4932.YJR102C
P47143,4932,4932.YJR105W
P47149,4932,4932.YJR112W
P47150,4932,4932.YJR113C
P47154,4932,4932.YJR117W
P47160,4932,4932.YJR125C
P47164,4932,4932.YJR130C
P47165,4932,4932.YJR133W
P47166,4932,4932.YJR134C
P47169,4932,4932.YJR137C
P47170,4932,4932.YJR138W
P47173,4932,4932.YJR142W
P47176,4932,4932.YJR148W
P47190,4932,4932.YOR321W
P47224,9606,9606.ENSP00000356231
P47736,9606,9606.ENSP00000363895
P47755,9606,9606.ENSP00000354947
P47756,9606,9606.ENSP00000401010
P47771,4932,4932.YMR170C
P47813,9606,9606.ENSP00000368927
P47818,4932,4932.YLR220W
P47822,4932,4932.YDR308C
P47897,9606,9606.ENSP00000307567
P47912,4932,4932.YMR246W
P47914,9606,9606.ENSP00000294189
P47974,9606,9606.ENSP00000282388
P47985,9606,9606.ENSP00000306397
P48015,4932,4932.YDR019C
P48047,9606,9606.ENSP00000290299
P48059,9606,9606.ENSP00000337598
P48147,9606,9606.ENSP00000499089
P48163,9606,9606.ENSP00000358719
P48164,4932,4932.YNL096C
P48200,9606,9606.ENSP00000258886
P48231,4932,4932.YNL087W
P48234,4932,4932.YGR145W
P48236,4932,4932.YGR149W
P48240,4932,4932.YGR158C
P48353,4932,4932.YMR161W
P48360,4932,4932.YDR376W
P48361,4932,4932.YGR097W
P48362,4932,4932.YGR187C
P48363,4932,4932.YGR078C
P48365,4932,4932.YDL234C
P48412,4932,4932.YGR072W
P48415,4932,4932.YPL085W
P48426,9606,9606.ENSP00000365757
P48439,4932,4932.YOR085W
P48444,9606,9606.ENSP00000264028
P48445,4932,4932.YDL141W
P48449,9606,9606.ENSP00000380837
P48454,9606,9606.ENSP00000380878
P48506,9606,9606.ENSP00000497574
P48507,9606,9606.ENSP00000359258
P48510,4932,4932.YMR276W
P48524,4932,4932.YMR275C
P48556,9606,9606.ENSP00000215071
P48558,4932,4932.YNL305C
P48562,4932,4932.YNL298W
P48563,4932,4932.YNL297C
P48566,4932,4932.YNL293W
P48567,4932,4932.YNL292W
P48570,4932,4932.YDL182W
P48582,4932,4932.YPL084W
P48589,4932,4932.YOR369C
P48606,4932,4932.YOR265W
P48634,9606,9606.ENSP00000365201
P48637,9606,9606.ENSP00000495750
P48643,9606,9606.ENSP00000280326
P48681,9606,9606.ENSP00000357206
P48729,9606,9606.ENSP00000261798
P48730,9606,9606.ENSP00000381531
P48735,9606,9606.ENSP00000331897
P48739,9606,9606.ENSP00000487693
P48813,4932,4932.YDR508C
P48836,4932,4932.YHR039C-A
P48837,4932,4932.YGR119C
P49005,9606,9606.ENSP00000480186
P49006,9606,9606.ENSP00000362638
P49017,4932,4932.YML110C
P49018,4932,4932.YDR331W
P49023,9606,9606.ENSP00000267257
P49089,4932,4932.YPR145W
P49090,4932,4932.YGR124W
P49095,4932,4932.YMR189W
P49137,9606,9606.ENSP00000356070
P49166,4932,4932.YLR185W
P49167,4932,4932.YLR325C
P49189,9606,9606.ENSP00000346827
P49207,9606,9606.ENSP00000378163
P49247,9606,9606.ENSP00000283646
P49257,9606,9606.ENSP00000251047
P49321,9606,9606.ENSP00000255120
P49327,9606,9606.ENSP00000304592
P49334,4932,4932.YNL131W
P49354,9606,9606.ENSP00000303423
P49356,9606,9606.ENSP00000246166
P49366,9606,9606.ENSP00000210060
P49367,4932,4932.YDR234W
P49368,9606,9606.ENSP00000295688
P49406,9606,9606.ENSP00000377486
P49407,9606,9606.ENSP00000409581
P49411,9606,9606.ENSP00000322439
P49427,9606,9606.ENSP00000215574
P49435,4932,4932.YML022W
P49441,9606,9606.ENSP00000376142
P49448,9606,9606.ENSP00000327589
P49454,9606,9606.ENSP00000355922
P49458,9606,9606.ENSP00000305230
P49459,9606,9606.ENSP00000360613
P49573,4932,4932.YPR124W
P49585,9606,9606.ENSP00000292823
P49588,9606,9606.ENSP00000261772
P49589,9606,9606.ENSP00000369897
P49590,9606,9606.ENSP00000494965
P49591,9606,9606.ENSP00000358939
P49593,9606,9606.ENSP00000263212
P49626,4932,4932.YDR012W
P49642,9606,9606.ENSP00000350491
P49643,9606,9606.ENSP00000484105
P49675,9606,9606.ENSP00000276449
P49686,4932,4932.YDR192C
P49687,4932,4932.YGL092W
P49711,9606,9606.ENSP00000494538
P49720,9606,9606.ENSP00000483688
P49721,9606,9606.ENSP00000362334
P49723,4932,4932.YGR180C
P49736,9606,9606.ENSP00000265056
P49748,9606,9606.ENSP00000438689
P49750,9606,9606.ENSP00000324463
P49754,9606,9606.ENSP00000309457
P49755,9606,9606.ENSP00000303145
P49756,9606,9606.ENSP00000261973
P49757,9606,9606.ENSP00000451300
P49770,9606,9606.ENSP00000266126
P49773,9606,9606.ENSP00000304229
P49775,4932,4932.YDR305C
P49790,9606,9606.ENSP00000444029
P49792,9606,9606.ENSP00000283195
P49821,9606,9606.ENSP00000497587
P49840,9606,9606.ENSP00000222330
P49841,9606,9606.ENSP00000324806
P49848,9606,9606.ENSP00000399982
P49902,9606,9606.ENSP00000339479
P49903,9606,9606.ENSP00000367893
P49914,9606,9606.ENSP00000258874
P49915,9606,9606.ENSP00000419851
P49916,9606,9606.ENSP00000367787
P49954,4932,4932.YLR351C
P49956,4932,4932.YMR078C
P49957,4932,4932.YML014W
P49959,9606,9606.ENSP00000325863
P50085,4932,4932.YGR231C
P50086,4932,4932.YGR232W
P50087,4932,4932.YGR235C
P50088,4932,4932.YGR236C
P50089,4932,4932.YGR237C
P50094,4932,4932.YML056C
P50095,4932,4932.YLR432W
P50101,4932,4932.YMR304W
P50105,4932,4932.YMR005W
P50106,4932,4932.YDR156W
P50107,4932,4932.YML004C
P50108,4932,4932.YDR245W
P50109,4932,4932.YML017W
P50110,4932,4932.YMR060C
P50111,4932,4932.YMR273C
P50148,9606,9606.ENSP00000286548
P50213,9606,9606.ENSP00000299518
P50225,9606,9606.ENSP00000378972
P50264,4932,4932.YMR020W
P50278,4932,4932.YNR034W
P50336,9606,9606.ENSP00000356978
P50395,9606,9606.ENSP00000369538
P50402,9606,9606.ENSP00000358857
P50416,9606,9606.ENSP00000265641
P50453,9606,9606.ENSP00000370074
P50454,9606,9606.ENSP00000434412
P50457,83333,511145.b1302
P50479,9606,9606.ENSP00000253754
P50502,9606,9606.ENSP00000216218
P50542,9606,9606.ENSP00000391601
P50552,9606,9606.ENSP00000245932
P50570,9606,9606.ENSP00000373905
P50579,9606,9606.ENSP00000325312
P50583,9606,9606.ENSP00000368452
P50613,9606,9606.ENSP00000256443
P50623,4932,4932.YDL064W
P50747,9606,9606.ENSP00000382071
P50748,9606,9606.ENSP00000328236
P50750,9606,9606.ENSP00000362361
P50851,9606,9606.ENSP00000349629
P50861,4932,4932.YOL143C
P50896,4932,4932.YDR505C
P50897,9606,9606.ENSP00000493153
P50914,9606,9606.ENSP00000379506
P50945,4932,4932.YNL100W
P50946,4932,4932.YNL099C
P50990,9606,9606.ENSP00000286788
P50991,9606,9606.ENSP00000377958
P50995,9606,9606.ENSP00000398610
P51003,9606,9606.ENSP00000216277
P51024,83333,511145.b0354
P51114,9606,9606.ENSP00000350170
P51116,9606,9606.ENSP00000250113
P51148,9606,9606.ENSP00000447053
P51149,9606,9606.ENSP00000265062
P51151,9606,9606.ENSP00000420127
P51157,9606,9606.ENSP00000328551
P51159,9606,9606.ENSP00000379601
P51178,9606,9606.ENSP00000430344
P51397,9606,9606.ENSP00000394163
P51398,9606,9606.ENSP00000357320
P51401,4932,4932.YNL067W
P51452,9606,9606.ENSP00000226004
P51530,9606,9606.ENSP00000351185
P51531,9606,9606.ENSP00000371638
P51532,9606,9606.ENSP00000343896
P51534,4932,4932.YOR035C
P51553,9606,9606.ENSP00000217901
P51570,9606,9606.ENSP00000225614
P51571,9606,9606.ENSP00000317331
P51572,9606,9606.ENSP00000392330
P51580,9606,9606.ENSP00000312304
P51601,4932,4932.YGR267C
P51606,9606,9606.ENSP00000377303
P51608,9606,9606.ENSP00000395535
P51610,9606,9606.ENSP00000309555
P51617,9606,9606.ENSP00000358997
P51649,9606,9606.ENSP00000314649
P51659,9606,9606.ENSP00000411960
P51665,9606,9606.ENSP00000219313
P51668,9606,9606.ENSP00000363019
P51692,9606,9606.ENSP00000293328
P51784,9606,9606.ENSP00000218348
P51790,9606,9606.ENSP00000261514
P51809,9606,9606.ENSP00000262640
P51812,9606,9606.ENSP00000368884
P51858,9606,9606.ENSP00000357189
P51946,9606,9606.ENSP00000498750
P51948,9606,9606.ENSP00000261245
P51965,9606,9606.ENSP00000303709
P51970,9606,9606.ENSP00000362873
P51981,83333,511145.b1325
P51991,9606,9606.ENSP00000376309
P51996,4932,4932.YGL210W
P51998,4932,4932.YML025C
P52007,83333,511145.b1875
P52037,83333,511145.b2902
P52061,83333,511145.b2954
P52095,83333,511145.b0186
P52209,9606,9606.ENSP00000270776
P52272,9606,9606.ENSP00000325376
P52286,4932,4932.YDR328C
P52292,9606,9606.ENSP00000438483
P52294,9606,9606.ENSP00000343701
P52298,9606,9606.ENSP00000326806
P52306,9606,9606.ENSP00000340454
P52434,9606,9606.ENSP00000415536
P52435,9606,9606.ENSP00000292614
P52488,4932,4932.YDR390C
P52489,4932,4932.YOR347C
P52490,4932,4932.YDR092W
P52553,4932,4932.YLR200W
P52565,9606,9606.ENSP00000463939
P52566,9606,9606.ENSP00000228945
P52593,4932,4932.YML103C
P52594,9606,9606.ENSP00000387282
P52597,9606,9606.ENSP00000400433
P52630,9606,9606.ENSP00000315768
P52643,83333,511145.b1380
P52655,9606,9606.ENSP00000452454
P52657,9606,9606.ENSP00000379372
P52697,83333,511145.b0767
P52701,9606,9606.ENSP00000234420
P52732,9606,9606.ENSP00000260731
P52739,9606,9606.ENSP00000426504
P52747,9606,9606.ENSP00000379847
P52756,9606,9606.ENSP00000343054
P52758,9606,9606.ENSP00000254878
P52788,9606,9606.ENSP00000385746
P52789,9606,9606.ENSP00000290573
P52815,9606,9606.ENSP00000333837
P52867,4932,4932.YDL093W
P52870,4932,4932.YER087C-B
P52871,4932,4932.YER019C-A
P52888,9606,9606.ENSP00000304467
P52891,4932,4932.YDL116W
P52893,4932,4932.YLR089C
P52895,9606,9606.ENSP00000370129
P52907,9606,9606.ENSP00000263168
P52910,4932,4932.YLR153C
P52911,4932,4932.YDR261C
P52917,4932,4932.YPR173C
P52918,4932,4932.YDR335W
P52920,4932,4932.YGL091C
P52923,4932,4932.YNR074C
P52948,9606,9606.ENSP00000316032
P53004,9606,9606.ENSP00000385757
P53007,9606,9606.ENSP00000215882
P53008,4932,4932.YGL027C
P53009,4932,4932.YGL083W
P53010,4932,4932.YGL094C
P53011,4932,4932.YGL100W
P53012,4932,4932.YGL126W
P53037,4932,4932.YGR170W
P53039,4932,4932.YGR172C
P53040,4932,4932.YGL112C
P53041,9606,9606.ENSP00000012443
P53043,4932,4932.YGR123C
P53044,4932,4932.YGR048W
P53045,4932,4932.YGR060W
P53049,4932,4932.YGR281W
P53063,4932,4932.YGL246C
P53064,4932,4932.YGL244W
P53066,4932,4932.YGL242C
P53067,4932,4932.YGL241W
P53072,4932,4932.YGL232W
P53073,4932,4932.YGL231C
P53075,4932,4932.YGL228W
P53076,4932,4932.YGL227W
P53079,4932,4932.YGL223C
P53081,4932,4932.YGL221C
P53082,4932,4932.YGL220W
P53090,4932,4932.YGL202W
P53091,4932,4932.YGL201C
P53093,4932,4932.YGL198W
P53094,4932,4932.YGL197W
P53095,4932,4932.YGL196W
P53100,4932,4932.YGL185C
P53104,4932,4932.YGL180W
P53107,4932,4932.YGL164C
P53108,4932,4932.YGL161C
P53109,4932,4932.YGL160W
P53110,4932,4932.YGL159W
P53111,4932,4932.YGL157W
P53112,4932,4932.YGL153W
P53114,4932,4932.YGL151W
P53115,4932,4932.YGL150C
P53119,4932,4932.YGL141W
P53120,4932,4932.YGL140C
P53121,4932,4932.YGL139W
P53125,4932,4932.YGL133W
P53128,4932,4932.YGL125W
P53129,4932,4932.YGL124C
P53130,4932,4932.YGL121C
P53131,4932,4932.YGL120C
P53136,4932,4932.YGL111W
P53137,4932,4932.YGL110C
P53139,4932,4932.YGL108C
P53140,4932,4932.YGL107C
P53141,4932,4932.YGL106W
P53144,4932,4932.YGL101W
P53145,4932,4932.YGL099W
P53146,4932,4932.YGL098W
P53152,4932,4932.YGL087C
P53154,4932,4932.YGL084C
P53155,4932,4932.YGL082W
P53157,4932,4932.YGL080W
P53163,4932,4932.YGL068W
P53164,4932,4932.YGL067W
P53165,4932,4932.YGL066W
P53168,4932,4932.YGL061C
P53172,4932,4932.YGL056C
P53173,4932,4932.YGL054C
P53177,4932,4932.YGL050W
P53178,4932,4932.YGL047W
P53183,4932,4932.YGL039W
P53184,4932,4932.YGL037C
P53189,4932,4932.YGL028C
P53191,4932,4932.YGL023C
P53192,4932,4932.YGL020C
P53193,4932,4932.YGL018C
P53195,4932,4932.YGL005C
P53196,4932,4932.YGL004C
P53199,4932,4932.YGL001C
P53200,4932,4932.YGR001C
P53201,4932,4932.YGR002C
P53204,4932,4932.YGR010W
P53206,4932,4932.YGR012W
P53207,4932,4932.YGR013W
P53210,4932,4932.YGR017W
P53215,4932,4932.YGR024C
P53217,4932,4932.YGR026W
P53220,4932,4932.YGR033C
P53221,4932,4932.YGR034W
P53224,4932,4932.YGR038W
P53228,4932,4932.YGR043C
P53235,4932,4932.YGR054W
P53236,4932,4932.YGR056W
P53250,4932,4932.YGR080W
P53251,4932,4932.YGR081C
P53252,4932,4932.YGR086C
P53253,4932,4932.YGR089W
P53254,4932,4932.YGR090W
P53255,4932,4932.YGR093W
P53256,4932,4932.YGR095C
P53258,4932,4932.YGR100W
P53261,4932,4932.YGR103W
P53262,4932,4932.YGR106C
P53265,4932,4932.YGR111W
P53267,4932,4932.YGR113W
P53270,4932,4932.YGR117C
P53272,4932,4932.YGR122W
P53273,4932,4932.YGR125W
P53274,4932,4932.YGR126W
P53275,4932,4932.YGR127W
P53276,4932,4932.YGR128C
P53278,4932,4932.YGR130C
P53281,4932,4932.YGR136W
P53290,4932,4932.YGR163W
P53295,4932,4932.YGR173W
P53297,4932,4932.YGR178C
P53298,4932,4932.YGR179C
P53299,4932,4932.YGR181W
P53301,4932,4932.YGR189C
P53303,4932,4932.YGR211W
P53309,4932,4932.YGR241C
P53312,4932,4932.YGR244C
P53314,4932,4932.YGR247W
P53315,4932,4932.YGR248W
P53316,4932,4932.YGR250C
P53318,4932,4932.YGR255C
P53319,4932,4932.YGR256W
P53323,4932,4932.YGR262C
P53326,4932,4932.YGR266W
P53330,4932,4932.YGR275W
P53331,4932,4932.YGR276C
P53332,4932,4932.YGR277C
P53333,4932,4932.YGR278W
P53334,4932,4932.YGR279C
P53336,4932,4932.YGR283C
P53337,4932,4932.YGR284C
P53350,9606,9606.ENSP00000300093
P53365,9606,9606.ENSP00000484121
P53367,9606,9606.ENSP00000296557
P53379,4932,4932.YDR144C
P53384,9606,9606.ENSP00000283027
P53396,9606,9606.ENSP00000466259
P53438,4932,4932.YMR016C
P53507,4932,4932.YNL070W
P53538,4932,4932.YNL222W
P53549,4932,4932.YOR259C
P53550,4932,4932.YNL118C
P53551,4932,4932.YPL127C
P53552,4932,4932.YNL139C
P53582,9606,9606.ENSP00000296411
P53584,4932,4932.YNL237W
P53597,9606,9606.ENSP00000377446
P53598,4932,4932.YOR142W
P53599,4932,4932.YNR031C
P53600,4932,4932.YPL010W
P53602,9606,9606.ENSP00000301012
P53604,4932,4932.YNR049C
P53611,9606,9606.ENSP00000317473
P53616,4932,4932.YNL066W
P53617,4932,4932.YNL251C
P53618,9606,9606.ENSP00000249923
P53621,9606,9606.ENSP00000357048
P53622,4932,4932.YDL145C
P53628,4932,4932.YNR023W
P53629,4932,4932.YNR019W
P53632,4932,4932.YOL115W
P53633,4932,4932.YNL044W
P53634,9606,9606.ENSP00000227266
P53680,9606,9606.ENSP00000470176
P53686,4932,4932.YPL015C
P53691,4932,4932.YLR216C
P53701,9606,9606.ENSP00000370139
P53720,4932,4932.YNR015W
P53721,4932,4932.YNR018W
P53723,4932,4932.YNR021W
P53727,4932,4932.YNR027W
P53729,4932,4932.YNR029C
P53730,4932,4932.YNR030W
P53731,4932,4932.YNR035C
P53734,4932,4932.YNR038W
P53735,4932,4932.YNR039C
P53738,4932,4932.YNR046W
P53739,4932,4932.YNR047W
P53741,4932,4932.YNR051C
P53742,4932,4932.YNR053C
P53743,4932,4932.YNR054C
P53753,4932,4932.YNR067C
P53759,4932,4932.YML080W
P53801,9606,9606.ENSP00000328325
P53803,9606,9606.ENSP00000342889
P53814,9606,9606.ENSP00000484398
P53829,4932,4932.YNL288W
P53830,4932,4932.YNL286W
P53834,4932,4932.YNL281W
P53839,4932,4932.YNL274C
P53843,4932,4932.YNL265C
P53844,4932,4932.YNL264C
P53845,4932,4932.YNL263C
P53847,4932,4932.YNL258C
P53848,4932,4932.YNL256W
P53849,4932,4932.YNL255C
P53851,4932,4932.YNL253W
P53852,4932,4932.YNL247W
P53855,4932,4932.YNL242W
P53858,4932,4932.YNL233W
P53859,4932,4932.YNL232W
P53860,4932,4932.YNL231C
P53863,4932,4932.YNL227C
P53866,4932,4932.YNL224C
P53868,4932,4932.YNL219C
P53870,4932,4932.YNL193W
P53875,4932,4932.YNL185C
P53877,4932,4932.YNL182C
P53878,4932,4932.YNL181W
P53879,4932,4932.YNL180C
P53883,4932,4932.YNL175C
P53885,4932,4932.YNL173C
P53889,4932,4932.YNL168C
P53890,4932,4932.YNL166C
P53893,4932,4932.YNL163C
P53894,4932,4932.YNL161W
P53897,4932,4932.YNL157W
P53898,4932,4932.YNL156C
P53899,4932,4932.YNL155W
P53900,4932,4932.YNL153C
P53903,4932,4932.YNL149C
P53905,4932,4932.YNL147W
P53912,4932,4932.YNL134C
P53914,4932,4932.YNL132W
P53915,4932,4932.YNL129W
P53920,4932,4932.YNL123W
P53924,4932,4932.YNL116W
P53925,4932,4932.YNL115C
P53927,4932,4932.YNL110C
P53929,4932,4932.YNL108C
P53930,4932,4932.YNL107W
P53941,4932,4932.YNL075W
P53946,4932,4932.YNL059C
P53950,4932,4932.YNL054W
P53951,4932,4932.YNL051W
P53953,4932,4932.YNL049C
P53954,4932,4932.YNL048W
P53959,4932,4932.YNL041C
P53960,4932,4932.YNL040W
P53962,4932,4932.YNL035C
P53965,4932,4932.YNL032W
P53968,4932,4932.YNL027W
P53969,4932,4932.YNL026W
P53972,4932,4932.YNL022C
P53973,4932,4932.YNL021W
P53974,4932,4932.YNL020C
P53981,4932,4932.YNL010W
P53985,9606,9606.ENSP00000441065
P53990,9606,9606.ENSP00000438399
P53992,9606,9606.ENSP00000343405
P53999,9606,9606.ENSP00000265073
P54000,4932,4932.YMR039C
P54003,4932,4932.YML052W
P54105,9606,9606.ENSP00000433919
P54113,4932,4932.YLR028C
P54114,4932,4932.YMR169C
P54115,4932,4932.YPL061W
P54132,9606,9606.ENSP00000347232
P54136,9606,9606.ENSP00000231572
P54198,9606,9606.ENSP00000263208
P54252,9606,9606.ENSP00000496695
P54277,9606,9606.ENSP00000406490
P54278,9606,9606.ENSP00000265849
P54577,9606,9606.ENSP00000362576
P54578,9606,9606.ENSP00000261601
P54619,9606,9606.ENSP00000323867
P54652,9606,9606.ENSP00000378199
P54687,9606,9606.ENSP00000443459
P54709,9606,9606.ENSP00000286371
P54725,9606,9606.ENSP00000467024
P54727,9606,9606.ENSP00000350708
P54730,4932,4932.YMR067C
P54760,9606,9606.ENSP00000350896
P54780,4932,4932.YMR121C
P54781,4932,4932.YMR015C
P54783,4932,4932.YML086C
P54785,4932,4932.YMR070W
P54787,4932,4932.YML097C
P54819,9606,9606.ENSP00000499935
P54837,4932,4932.YML012W
P54838,4932,4932.YML070W
P54839,4932,4932.YML126C
P54858,4932,4932.YDR068W
P54860,4932,4932.YDL190C
P54861,4932,4932.YLL001W
P54867,4932,4932.YOR008C
P54885,4932,4932.YOR323C
P54886,9606,9606.ENSP00000360268
P54920,9606,9606.ENSP00000263354
P54964,4932,4932.YLR059C
P55008,9606,9606.ENSP00000365227
P55010,9606,9606.ENSP00000216554
P55036,9606,9606.ENSP00000357876
P55039,9606,9606.ENSP00000225729
P55060,9606,9606.ENSP00000262982
P55072,9606,9606.ENSP00000351777
P55081,9606,9606.ENSP00000267812
P55084,9606,9606.ENSP00000325136
P55145,9606,9606.ENSP00000499582
P55196,9606,9606.ENSP00000355771
P55199,9606,9606.ENSP00000262809
P55201,9606,9606.ENSP00000373340
P55209,9606,9606.ENSP00000477538
P55211,9606,9606.ENSP00000330237
P55212,9606,9606.ENSP00000265164
P55263,9606,9606.ENSP00000443965
P55265,9606,9606.ENSP00000357459
P55735,9606,9606.ENSP00000373312
P55769,9606,9606.ENSP00000383949
P55786,9606,9606.ENSP00000320324
P55795,9606,9606.ENSP00000361927
P55809,9606,9606.ENSP00000196371
P55854,9606,9606.ENSP00000409666
P55884,9606,9606.ENSP00000354125
P55957,9606,9606.ENSP00000318822
P56134,9606,9606.ENSP00000292475
P56181,9606,9606.ENSP00000346196
P56182,9606,9606.ENSP00000417464
P56192,9606,9606.ENSP00000262027
P56211,9606,9606.ENSP00000454341
P56262,83333,511145.b3830
P56270,9606,9606.ENSP00000219782
P56282,9606,9606.ENSP00000216367
P56377,9606,9606.ENSP00000500695
P56378,9606,9606.ENSP00000401770
P56381,9606,9606.ENSP00000243997
P56385,9606,9606.ENSP00000306003
P56508,4932,4932.YDR525W-A
P56537,9606,9606.ENSP00000363559
P56556,9606,9606.ENSP00000482543
P56589,9606,9606.ENSP00000356563
P56628,4932,4932.YFL034C-A
P56645,9606,9606.ENSP00000482093
P56937,9606,9606.ENSP00000254521
P56945,9606,9606.ENSP00000391669
P56962,9606,9606.ENSP00000259400
P57076,9606,9606.ENSP00000290155
P57081,9606,9606.ENSP00000381266
P57088,9606,9606.ENSP00000422473
P57678,9606,9606.ENSP00000321706
P57721,9606,9606.ENSP00000383168
P57737,9606,9606.ENSP00000251166
P57740,9606,9606.ENSP00000229179
P57743,4932,4932.YLR438C-A
P57744,4932,4932.YJR135W-A
P57772,9606,9606.ENSP00000254730
P58004,9606,9606.ENSP00000253063
P58107,9606,9606.ENSP00000484472
P58335,9606,9606.ENSP00000306185
P58546,9606,9606.ENSP00000376800
P59817,9606,9606.ENSP00000302855
P59998,9606,9606.ENSP00000388169
P60002,9606,9606.ENSP00000465765
P60010,4932,4932.YFL039C
P60033,9606,9606.ENSP00000263645
P60059,9606,9606.ENSP00000388337
P60174,9606,9606.ENSP00000229270
P60228,9606,9606.ENSP00000220849
P60240,83333,511145.b0059
P60293,83333,511145.b0922
P60340,83333,511145.b3166
P60390,83333,511145.b0082
P60422,83333,511145.b3317
P60438,83333,511145.b3320
P60468,9606,9606.ENSP00000223641
P60510,9606,9606.ENSP00000279387
P60520,9606,9606.ENSP00000037243
P60546,83333,511145.b3648
P60595,83333,511145.b2023
P60602,9606,9606.ENSP00000363191
P60604,9606,9606.ENSP00000338348
P60624,83333,511145.b3309
P60651,83333,511145.b2937
P60660,9606,9606.ENSP00000446955
P60664,83333,511145.b2025
P60673,9606,9606.ENSP00000351379
P60709,9606,9606.ENSP00000494750
P60720,83333,511145.b0630
P60723,83333,511145.b3319
P60757,83333,511145.b2019
P60785,83333,511145.b2569
P60842,9606,9606.ENSP00000293831
P60866,9606,9606.ENSP00000429374
P60891,9606,9606.ENSP00000361512
P60900,9606,9606.ENSP00000261479
P60906,83333,511145.b2514
P60953,9606,9606.ENSP00000497733
P60981,9606,9606.ENSP00000246069
P60983,9606,9606.ENSP00000350757
P61006,9606,9606.ENSP00000300935
P61009,9606,9606.ENSP00000427463
P61011,9606,9606.ENSP00000451818
P61019,9606,9606.ENSP00000262646
P61020,9606,9606.ENSP00000353444
P61024,9606,9606.ENSP00000311083
P61026,9606,9606.ENSP00000264710
P61077,9606,9606.ENSP00000349722
P61081,9606,9606.ENSP00000253023
P61086,9606,9606.ENSP00000261427
P61088,9606,9606.ENSP00000316176
P61106,9606,9606.ENSP00000362946
P61158,9606,9606.ENSP00000263238
P61160,9606,9606.ENSP00000367220
P61163,9606,9606.ENSP00000358921
P61175,83333,511145.b3315
P61201,9606,9606.ENSP00000299259
P61221,9606,9606.ENSP00000296577
P61224,9606,9606.ENSP00000250559
P61225,9606,9606.ENSP00000319096
P61244,9606,9606.ENSP00000351490
P61247,9606,9606.ENSP00000346050
P61254,9606,9606.ENSP00000463784
P61289,9606,9606.ENSP00000293362
P61313,9606,9606.ENSP00000309334
P61316,83333,511145.b0891
P61326,9606,9606.ENSP00000360525
P61353,9606,9606.ENSP00000464813
P61421,9606,9606.ENSP00000290949
P61457,9606,9606.ENSP00000299299
P61513,9606,9606.ENSP00000418082
P61517,83333,511145.b0126
P61586,9606,9606.ENSP00000400175
P61599,9606,9606.ENSP00000335636
P61601,9606,9606.ENSP00000379256
P61604,9606,9606.ENSP00000233893
P61619,9606,9606.ENSP00000243253
P61714,83333,511145.b0415
P61758,9606,9606.ENSP00000286428
P61764,9606,9606.ENSP00000362399
P61769,9606,9606.ENSP00000497910
P61889,83333,511145.b3236
P61916,9606,9606.ENSP00000451206
P61923,9606,9606.ENSP00000449270
P61949,83333,511145.b0684
P61956,9606,9606.ENSP00000405965
P61960,9606,9606.ENSP00000368970
P61962,9606,9606.ENSP00000483236
P61964,9606,9606.ENSP00000351446
P61966,9606,9606.ENSP00000336666
P61970,9606,9606.ENSP00000219169
P61978,9606,9606.ENSP00000365458
P61981,9606,9606.ENSP00000306330
P62070,9606,9606.ENSP00000256196
P62072,9606,9606.ENSP00000257245
P62081,9606,9606.ENSP00000495273
P62136,9606,9606.ENSP00000326031
P62140,9606,9606.ENSP00000378769
P62166,9606,9606.ENSP00000361475
P62191,9606,9606.ENSP00000261303
P62195,9606,9606.ENSP00000310572
P62241,9606,9606.ENSP00000379888
P62244,9606,9606.ENSP00000318646
P62249,9606,9606.ENSP00000367806
P62253,9606,9606.ENSP00000380178
P62256,9606,9606.ENSP00000347836
P62258,9606,9606.ENSP00000264335
P62263,9606,9606.ENSP00000385958
P62266,9606,9606.ENSP00000296674
P62269,9606,9606.ENSP00000393241
P62273,9606,9606.ENSP00000379339
P62277,9606,9606.ENSP00000435777
P62280,9606,9606.ENSP00000270625
P62304,9606,9606.ENSP00000400591
P62306,9606,9606.ENSP00000266735
P62310,9606,9606.ENSP00000302160
P62312,9606,9606.ENSP00000296581
P62314,9606,9606.ENSP00000300413
P62316,9606,9606.ENSP00000342374
P62318,9606,9606.ENSP00000215829
P62328,9606,9606.ENSP00000370010
P62330,9606,9606.ENSP00000298316
P62333,9606,9606.ENSP00000484998
P62380,9606,9606.ENSP00000237264
P62399,83333,511145.b3308
P62424,9606,9606.ENSP00000361076
P62487,9606,9606.ENSP00000301788
P62495,9606,9606.ENSP00000353741
P62615,83333,511145.b1208
P62620,83333,511145.b2515
P62623,83333,511145.b0029
P62633,9606,9606.ENSP00000410769
P62699,9606,9606.ENSP00000368835
P62701,9606,9606.ENSP00000362744
P62707,83333,511145.b0755
P62714,9606,9606.ENSP00000221138
P62750,9606,9606.ENSP00000389103
P62753,9606,9606.ENSP00000369757
P62768,83333,511145.b0163
P62805,9606,9606.ENSP00000244537
P62820,9606,9606.ENSP00000387286
P62826,9606,9606.ENSP00000446215
P62829,9606,9606.ENSP00000420311
P62834,9606,9606.ENSP00000358723
P62841,9606,9606.ENSP00000466010
P62847,9606,9606.ENSP00000414321
P62851,9606,9606.ENSP00000435096
P62854,9606,9606.ENSP00000348849
P62857,9606,9606.ENSP00000472469
P62861,9606,9606.ENSP00000431822
P62873,9606,9606.ENSP00000367872
P62875,9606,9606.ENSP00000324124
P62877,9606,9606.ENSP00000216225
P62879,9606,9606.ENSP00000305260
P62888,9606,9606.ENSP00000428085
P62891,9606,9606.ENSP00000355315
P62899,9606,9606.ENSP00000386717
P62906,9606,9606.ENSP00000363018
P62910,9606,9606.ENSP00000416429
P62913,9606,9606.ENSP00000496250
P62917,9606,9606.ENSP00000262584
P62937,9606,9606.ENSP00000419425
P62942,9606,9606.ENSP00000383003
P62979,9606,9606.ENSP00000272317
P62993,9606,9606.ENSP00000376345
P62995,9606,9606.ENSP00000416959
P63000,9606,9606.ENSP00000348461
P63010,9606,9606.ENSP00000483185
P63020,83333,511145.b3414
P63027,9606,9606.ENSP00000418572
P63098,9606,9606.ENSP00000234310
P63104,9606,9606.ENSP00000379287
P63146,9606,9606.ENSP00000265339
P63151,9606,9606.ENSP00000325074
P63162,9606,9606.ENSP00000494831
P63165,9606,9606.ENSP00000376077
P63167,9606,9606.ENSP00000376297
P63172,9606,9606.ENSP00000356056
P63173,9606,9606.ENSP00000309830
P63177,83333,511145.b4180
P63208,9606,9606.ENSP00000231487
P63218,9606,9606.ENSP00000359675
P63220,9606,9606.ENSP00000345957
P63224,83333,511145.b0222
P63228,83333,511145.b0200
P63241,9606,9606.ENSP00000336702
P63244,9606,9606.ENSP00000426909
P63261,9606,9606.ENSP00000458162
P63272,9606,9606.ENSP00000225504
P63279,9606,9606.ENSP00000348056
P63284,83333,511145.b2592
P63313,9606,9606.ENSP00000233143
P63389,83333,511145.b3352
P63417,83333,511145.b3156
P64429,83333,511145.b2475
P64455,83333,511145.b1446
P64461,83333,511145.b1518
P64479,83333,511145.b1724
P64503,83333,511145.b1836
P64506,83333,511145.b1839
P64519,83333,511145.b1953
P64540,83333,511145.b2325
P64581,83333,511145.b3098
P64588,83333,511145.b3071
P64596,83333,511145.b3150
P64624,83333,511145.b3346
P65367,83333,511145.b2790
P65556,83333,511145.b2299
P66948,83333,511145.b2494
P67080,83333,511145.b2951
P67660,83333,511145.b3105
P67662,83333,511145.b3243
P67775,9606,9606.ENSP00000418447
P67809,9606,9606.ENSP00000361626
P67812,9606,9606.ENSP00000452697
P67826,83333,511145.b1874
P67870,9606,9606.ENSP00000365042
P67910,83333,511145.b3619
P67936,9606,9606.ENSP00000494125
P68032,9606,9606.ENSP00000290378
P68036,9606,9606.ENSP00000400906
P68066,83333,511145.b2579
P68104,9606,9606.ENSP00000339063
P68133,9606,9606.ENSP00000355645
P68191,83333,511145.b1480
P68206,83333,511145.b4045
P68366,9606,9606.ENSP00000248437
P68371,9606,9606.ENSP00000341289
P68400,9606,9606.ENSP00000217244
P68402,9606,9606.ENSP00000435289
P68679,83333,511145.b3065
P68688,83333,511145.b0849
P68739,83333,511145.b3998
P68767,83333,511145.b4260
P68919,83333,511145.b2185
P69222,83333,511145.b0884
P69228,83333,511145.b2079
P69425,83333,511145.b3838
P69428,83333,511145.b3836
P69441,83333,511145.b0474
P69451,83333,511145.b1805
P69503,83333,511145.b0469
P69771,4932,4932.YKR035W-A
P69776,83333,511145.b1677
P69783,83333,511145.b2417
P69795,83333,511145.b1738
P69797,83333,511145.b1817
P69805,83333,511145.b1819
P69808,83333,511145.b2387
P69811,83333,511145.b2169
P69828,83333,511145.b2094
P69829,83333,511145.b3204
P69849,9606,9606.ENSP00000382274
P69850,4932,4932.YBR233W-A
P69852,4932,4932.YKL138C-A
P69891,9606,9606.ENSP00000327431
P69892,9606,9606.ENSP00000338082
P69905,9606,9606.ENSP00000251595
P69908,83333,511145.b3517
P69910,83333,511145.b1493
P69922,83333,511145.b2802
P69924,83333,511145.b2235
P75713,83333,511145.b0515
P75728,83333,511145.b0662
P75736,83333,511145.b0686
P75745,83333,511145.b0712
P75797,83333,511145.b0830
P75809,83333,511145.b0844
P75818,83333,511145.b0865
P75823,83333,511145.b0870
P75838,83333,511145.b0905
P75849,83333,511145.b0927
P75863,83333,511145.b0947
P75864,83333,511145.b0948
P75874,83333,511145.b0965
P75876,83333,511145.b0967
P75913,83333,511145.b1033
P75931,83333,511145.b1068
P75949,83333,511145.b1107
P75959,83333,511145.b1119
P75960,83333,511145.b1120
P76004,83333,511145.b1180
P76008,83333,511145.b1192
P76015,83333,511145.b1200
P76038,83333,511145.b1298
P76049,83333,511145.b1327
P76086,83333,511145.b1399
P76097,83333,511145.b1423
P76108,83333,511145.b1440
P76113,83333,511145.b1449
P76116,83333,511145.b1452
P76121,83333,511145.b1462
P76128,83333,511145.b1487
P76142,83333,511145.b1516
P76143,83333,511145.b1517
P76145,83333,511145.b1519
P76172,83333,511145.b1586
P76176,83333,511145.b1598
P76177,83333,511145.b1604
P76187,83333,511145.b1647
P76193,83333,511145.b1678
P76215,83333,511145.b1744
P76216,83333,511145.b1745
P76227,83333,511145.b1760
P76235,83333,511145.b1784
P76243,83333,511145.b1792
P76251,83333,511145.b1800
P76256,83333,511145.b1807
P76270,83333,511145.b1832
P76290,83333,511145.b1870
P76291,83333,511145.b1871
P76316,83333,511145.b1919
P76346,83333,511145.b1976
P76402,83333,511145.b2080
P76403,83333,511145.b2081
P76502,83333,511145.b2340
P76535,83333,511145.b2428
P76536,83333,511145.b2431
P76537,83333,511145.b2432
P76558,83333,511145.b2463
P76569,83333,511145.b2495
P76594,83333,511145.b2584
P76621,83333,511145.b2659
P76658,83333,511145.b3052
P77148,83333,511145.b1668
P77150,83333,511145.b1636
P77173,83333,511145.b2412
P77181,83333,511145.b1400
P77202,83333,511145.b0604
P77213,83333,511145.b0581
P77247,83333,511145.b1727
P77258,83333,511145.b1650
P77285,83333,511145.b1631
P77318,83333,511145.b1498
P77348,83333,511145.b1329
P77376,83333,511145.b1624
P77395,83333,511145.b0492
P77397,83333,511145.b0347
P77455,83333,511145.b1387
P77488,83333,511145.b0420
P77499,83333,511145.b1682
P77522,83333,511145.b1683
P77526,83333,511145.b2302
P77544,83333,511145.b2301
P77552,83333,511145.b1664
P77569,83333,511145.b0346
P77570,83333,511145.b1640
P77581,83333,511145.b1748
P77625,83333,511145.b2293
P77674,83333,511145.b1444
P77695,83333,511145.b1550
P77712,83333,511145.b0443
P77717,83333,511145.b0453
P77718,83333,511145.b0423
P77735,83333,511145.b0419
P77739,83333,511145.b1725
P77754,83333,511145.b1743
P77756,83333,511145.b0444
P77774,83333,511145.b2512
P77775,83333,511145.b2304
P77781,83333,511145.b1686
P77804,83333,511145.b1614
P77808,83333,511145.b2249
P78061,83333,511145.b1297
P78316,9606,9606.ENSP00000405068
P78318,9606,9606.ENSP00000363661
P78330,9606,9606.ENSP00000378854
P78332,9606,9606.ENSP00000266022
P78337,9606,9606.ENSP00000265340
P78344,9606,9606.ENSP00000433664
P78345,9606,9606.ENSP00000478982
P78346,9606,9606.ENSP00000389182
P78347,9606,9606.ENSP00000460070
P78362,9606,9606.ENSP00000377262
P78368,9606,9606.ENSP00000255641
P78371,9606,9606.ENSP00000299300
P78395,9606,9606.ENSP00000445675
P78406,9606,9606.ENSP00000379181
P78417,9606,9606.ENSP00000358727
P78527,9606,9606.ENSP00000313420
P78537,9606,9606.ENSP00000447537
P78540,9606,9606.ENSP00000261783
P78559,9606,9606.ENSP00000300231
P78560,9606,9606.ENSP00000439068
P80210,4932,4932.YNL220W
P80217,9606,9606.ENSP00000395590
P80303,9606,9606.ENSP00000436455
P80428,4932,4932.YJL081C
P80667,4932,4932.YLR191W
P80967,4932,4932.YPR133W-A
P82094,9606,9606.ENSP00000494067
P82650,9606,9606.ENSP00000418008
P82663,9606,9606.ENSP00000253686
P82664,9606,9606.ENSP00000053468
P82673,9606,9606.ENSP00000081029
P82675,9606,9606.ENSP00000272418
P82909,9606,9606.ENSP00000256441
P82912,9606,9606.ENSP00000317376
P82914,9606,9606.ENSP00000362208
P82921,9606,9606.ENSP00000461930
P82930,9606,9606.ENSP00000177742
P82932,9606,9606.ENSP00000382250
P82933,9606,9606.ENSP00000258455
P82970,9606,9606.ENSP00000350848
P82979,9606,9606.ENSP00000337632
P83436,9606,9606.ENSP00000305442
P83731,9606,9606.ENSP00000377640
P83876,9606,9606.ENSP00000269601
P83916,9606,9606.ENSP00000377060
P84022,9606,9606.ENSP00000332973
P84077,9606,9606.ENSP00000440005
P84085,9606,9606.ENSP00000000233
P84090,9606,9606.ENSP00000451080
P84095,9606,9606.ENSP00000339467
P84098,9606,9606.ENSP00000225430
P84101,9606,9606.ENSP00000387187
P84103,9606,9606.ENSP00000362820
P85037,9606,9606.ENSP00000328720
P86790,9606,9606.ENSP00000314544
P87108,4932,4932.YHR005C-A
P89102,4932,4932.YDR166C
P89105,4932,4932.YOL145C
P89886,4932,4932.YER007C-A
P98082,9606,9606.ENSP00000313391
P98170,9606,9606.ENSP00000360242
P98171,9606,9606.ENSP00000359045
P98175,9606,9606.ENSP00000328848
P98179,9606,9606.ENSP00000365950
P99999,9606,9606.ENSP00000307786
Q00013,9606,9606.ENSP00000358547
Q00055,4932,4932.YDL022W
Q00059,9606,9606.ENSP00000420588
Q00169,9606,9606.ENSP00000316809
Q00245,4932,4932.YIL118W
Q00246,4932,4932.YKR055W
Q00325,9606,9606.ENSP00000228318
Q00341,9606,9606.ENSP00000375836
Q00362,4932,4932.YGL190C
Q00402,4932,4932.YDR150W
Q00403,9606,9606.ENSP00000359531
Q00416,4932,4932.YLR430W
Q00534,9606,9606.ENSP00000265734
Q00535,9606,9606.ENSP00000419782
Q00539,4932,4932.YHR086W
Q00577,9606,9606.ENSP00000332706
Q00578,4932,4932.YIL143C
Q00582,4932,4932.YML121W
Q00587,9606,9606.ENSP00000249014
Q00610,9606,9606.ENSP00000479606
Q00613,9606,9606.ENSP00000431512
Q00618,4932,4932.YJL031C
Q00653,9606,9606.ENSP00000358983
Q00684,4932,4932.YFR028C
Q00688,9606,9606.ENSP00000216330
Q00711,4932,4932.YKL148C
Q00764,4932,4932.YBR126C
Q00765,9606,9606.ENSP00000368959
Q00772,4932,4932.YHR030C
Q00776,4932,4932.YPL259C
Q00796,9606,9606.ENSP00000267814
Q00816,4932,4932.YDR028C
Q00839,9606,9606.ENSP00000491215
Q00873,4932,4932.YKL087C
Q00916,4932,4932.YIL061C
Q00955,4932,4932.YNR016C
Q01080,4932,4932.YNL248C
Q01081,9606,9606.ENSP00000291552
Q01082,9606,9606.ENSP00000349259
Q01085,9606,9606.ENSP00000358089
Q01105,9606,9606.ENSP00000361777
Q01130,9606,9606.ENSP00000376276
Q01159,4932,4932.YGL130W
Q01167,9606,9606.ENSP00000335677
Q01196,9606,9606.ENSP00000300305
Q01329,4932,4932.YAL043C
Q01415,9606,9606.ENSP00000453129
Q01432,9606,9606.ENSP00000379802
Q01433,9606,9606.ENSP00000499465
Q01448,4932,4932.YBR215W
Q01454,4932,4932.YPR135W
Q01469,9606,9606.ENSP00000297258
Q01476,4932,4932.YOR124C
Q01477,4932,4932.YER151C
Q01518,9606,9606.ENSP00000361883
Q01519,4932,4932.YLR038C
Q01532,4932,4932.YNL239W
Q01560,4932,4932.YDR432W
Q01574,4932,4932.YAL054C
Q01581,9606,9606.ENSP00000322706
Q01590,4932,4932.YLR026C
Q01628,9606,9606.ENSP00000382707
Q01650,9606,9606.ENSP00000261622
Q01658,9606,9606.ENSP00000359295
Q01662,4932,4932.YLR244C
Q01664,9606,9606.ENSP00000204517
Q01722,4932,4932.YNL199C
Q01780,9606,9606.ENSP00000366135
Q01802,4932,4932.YKL106W
Q01804,9606,9606.ENSP00000409279
Q01813,9606,9606.ENSP00000370517
Q01844,9606,9606.ENSP00000400142
Q01852,4932,4932.YIL022W
Q01855,4932,4932.YOL040C
Q01939,4932,4932.YGL048C
Q01970,9606,9606.ENSP00000443631
Q01976,4932,4932.YBR111C
Q02040,9606,9606.ENSP00000324827
Q02046,4932,4932.YKR080W
Q02100,4932,4932.YNL167C
Q02127,9606,9606.ENSP00000219240
Q02159,4932,4932.YMR022W
Q02196,4932,4932.YKL001C
Q02197,4932,4932.YEL053C
Q02199,4932,4932.YGL172W
Q02201,4932,4932.YKR003W
Q02204,4932,4932.YKR006C
Q02205,4932,4932.YKR007W
Q02206,4932,4932.YKR008W
Q02207,4932,4932.YKR009C
Q02218,9606,9606.ENSP00000388183
Q02241,9606,9606.ENSP00000260363
Q02256,4932,4932.YIR026C
Q02326,4932,4932.YML073C
Q02336,4932,4932.YDR448W
Q02354,4932,4932.YDR449C
Q02447,9606,9606.ENSP00000310301
Q02455,4932,4932.YKR095W
Q02457,4932,4932.YPL128C
Q02486,4932,4932.YMR072W
Q02543,9606,9606.ENSP00000222247
Q02555,4932,4932.YMR239C
Q02629,4932,4932.YKL068W
Q02630,4932,4932.YMR047C
Q02642,4932,4932.YPL037C
Q02647,4932,4932.YDR424C
Q02648,4932,4932.YPL030W
Q02725,4932,4932.YPL019C
Q02733,4932,4932.YPL017C
Q02750,9606,9606.ENSP00000302486
Q02753,4932,4932.YBR191W
Q02754,4932,4932.YPL067C
Q02767,4932,4932.YPL065W
Q02770,4932,4932.YPL064C
Q02771,4932,4932.YER058W
Q02772,4932,4932.YJR034W
Q02773,4932,4932.YML091C
Q02774,4932,4932.YDL212W
Q02776,4932,4932.YPL063W
Q02784,4932,4932.YPL059W
Q02790,9606,9606.ENSP00000001008
Q02792,4932,4932.YOR048C
Q02793,4932,4932.YGL213C
Q02795,4932,4932.YMR149W
Q02796,4932,4932.YPL055C
Q02799,4932,4932.YPL054W
Q02804,4932,4932.YPL051W
Q02805,4932,4932.YOR018W
Q02809,9606,9606.ENSP00000196061
Q02818,9606,9606.ENSP00000385923
Q02821,4932,4932.YNL189W
Q02863,4932,4932.YPL072W
Q02866,4932,4932.YPL070W
Q02875,4932,4932.YPL105C
Q02878,9606,9606.ENSP00000403172
Q02880,9606,9606.ENSP00000264331
Q02884,4932,4932.YPL101W
Q02887,4932,4932.YPL100W
Q02888,4932,4932.YPL099C
Q02889,4932,4932.YPL098C
Q02890,4932,4932.YPL096W
Q02892,4932,4932.YPL093W
Q02896,4932,4932.YPL087W
Q02908,4932,4932.YPL086C
Q02931,4932,4932.YPL126W
Q02932,4932,4932.YPL125W
Q02933,4932,4932.YPL123C
Q02939,4932,4932.YPL122C
Q02959,4932,4932.YPL116W
Q02969,4932,4932.YPL112C
Q02978,9606,9606.ENSP00000225665
Q02979,4932,4932.YPL110C
Q03010,4932,4932.YPL139C
Q03013,9606,9606.ENSP00000358851
Q03014,9606,9606.ENSP00000282728
Q03016,4932,4932.YPL137C
Q03020,4932,4932.YPL135W
Q03034,4932,4932.YDR539W
Q03048,4932,4932.YLL050C
Q03063,4932,4932.YPL049C
Q03088,4932,4932.YPL032C
Q03102,4932,4932.YML131W
Q03103,4932,4932.YML130C
Q03104,4932,4932.YML128C
Q03111,9606,9606.ENSP00000252674
Q03124,4932,4932.YML127W
Q03154,9606,9606.ENSP00000384296
Q03161,4932,4932.YMR099C
Q03164,9606,9606.ENSP00000436786
Q03169,9606,9606.ENSP00000452634
Q03177,4932,4932.YMR102C
Q03188,9606,9606.ENSP00000273853
Q03195,4932,4932.YDR091C
Q03201,4932,4932.YDR041W
Q03219,4932,4932.YMR178W
Q03233,4932,4932.YMR184W
Q03252,9606,9606.ENSP00000327054
Q03254,4932,4932.YMR277W
Q03262,4932,4932.YMR278W
Q03264,4932,4932.YMR285C
Q03266,4932,4932.YMR289W
Q03280,4932,4932.YDR457W
Q03281,4932,4932.YDR458C
Q03290,4932,4932.YDR460W
Q03305,4932,4932.YDR465C
Q03306,4932,4932.YDR466W
Q03322,4932,4932.YDR468C
Q03323,4932,4932.YDR469W
Q03327,4932,4932.YDR470C
Q03330,4932,4932.YGR252W
Q03337,4932,4932.YDR472W
Q03361,4932,4932.YDR475C
Q03362,4932,4932.YDR476C
Q03373,4932,4932.YDR480W
Q03375,4932,4932.YDR482C
Q03390,4932,4932.YDR486C
Q03407,4932,4932.YDR490C
Q03426,9606,9606.ENSP00000228510
Q03429,4932,4932.YDR493W
Q03434,4932,
Q03435,4932,4932.YDL002C
Q03455,4932,4932.YDR205W
Q03496,4932,4932.YMR259C
Q03497,4932,4932.YHL007C
Q03503,4932,4932.YPR051W
Q03516,4932,4932.YMR266W
Q03529,4932,4932.YMR272C
Q03532,4932,4932.YMR290C
Q03533,4932,4932.YMR291W
Q03558,4932,4932.YHR179W
Q03559,4932,4932.YMR295C
Q03579,4932,4932.YMR298W
Q03629,4932,4932.YML079W
Q03640,4932,4932.YML072C
Q03648,4932,4932.YMR209C
Q03653,4932,4932.YMR212C
Q03655,4932,4932.YMR215W
Q03656,4932,4932.YMR216C
Q03660,4932,4932.YMR218C
Q03661,4932,4932.YMR219W
Q03667,4932,4932.YMR002W
Q03677,4932,4932.YMR009W
Q03690,4932,4932.YMR012W
Q03692,9606,9606.ENSP00000327368
Q03701,9606,9606.ENSP00000234170
Q03705,4932,4932.YML036W
Q03707,4932,4932.YML034W
Q03713,4932,4932.YML030W
Q03714,4932,4932.YML029W
Q03723,4932,4932.YML019W
Q03735,4932,4932.YML117W
Q03758,4932,4932.YML111W
Q03761,4932,4932.YDR145W
Q03768,4932,4932.YDR152W
Q03769,4932,4932.YDR153C
Q03771,4932,4932.YDR161W
Q03772,4932,4932.YDR163W
Q03774,4932,4932.YDR165W
Q03778,4932,4932.YDR236C
Q03780,4932,4932.YDR239C
Q03786,4932,4932.YDR248C
Q03790,4932,4932.YMR153W
Q03795,4932,4932.YMR155W
Q03798,4932,4932.YMR157C
Q03799,4932,4932.YMR158W
Q03823,4932,4932.YMR160W
Q03833,4932,4932.YDR096W
Q03834,4932,4932.YDR097C
Q03835,4932,4932.YDR098C
Q03860,4932,4932.YDR100W
Q03862,4932,4932.YDR101C
Q03919,4932,4932.YDR139C
Q03920,4932,4932.YDR140W
Q03921,4932,4932.YDR141C
Q03940,4932,4932.YDR190C
Q03941,4932,4932.YDR196C
Q03954,4932,4932.YDR201W
Q03973,4932,4932.YDR174W
Q04013,4932,4932.YMR241W
Q04031,4932,4932.YDR412W
Q04053,4932,4932.YDR425W
Q04062,4932,4932.YDR427W
Q04066,4932,4932.YDR428C
Q04067,4932,4932.YDR429C
Q04080,4932,4932.YDR434W
Q04081,4932,4932.YDR435C
Q04089,4932,4932.YDR440W
Q04119,4932,4932.YDR452W
Q04120,4932,4932.YDR453C
Q04170,4932,4932.YDR391C
Q04175,4932,4932.YDR395W
Q04177,4932,4932.YDR398W
Q04178,4932,4932.YDR399W
Q04182,4932,4932.YDR406W
Q04183,4932,4932.YDR407C
Q04199,4932,4932.YML102W
Q04201,4932,4932.YML101C
Q04206,9606,9606.ENSP00000384273
Q04212,4932,4932.YMR041C
Q04213,4932,4932.YMR044W
Q04214,4932,
Q04217,4932,4932.YMR128W
Q04223,4932,4932.YMR130W
Q04225,4932,4932.YMR131C
Q04226,4932,4932.YML015C
Q04228,4932,4932.YML013W
Q04231,4932,4932.YML011C
Q04233,4932,4932.YML006C
Q04264,4932,4932.YMR076C
Q04279,4932,4932.YMR086W
Q04299,4932,4932.YMR087W
Q04304,4932,4932.YMR090W
Q04305,4932,4932.YMR093W
Q04311,4932,4932.YDR049W
Q04322,4932,4932.YMR192W
Q04323,9606,9606.ENSP00000294119
Q04336,4932,4932.YMR196W
Q04338,4932,4932.YMR197C
Q04341,4932,4932.YDR031W
Q04344,4932,4932.YDL125C
Q04371,4932,4932.YMR027W
Q04372,4932,4932.YMR028W
Q04373,4932,4932.YDR496C
Q04396,4932,4932.YDR503C
Q04401,4932,4932.YDR511W
Q04409,4932,4932.YDR516C
Q04410,4932,4932.YDR517W
Q04418,4932,4932.YDR527W
Q04430,4932,4932.YDR531W
Q04432,4932,4932.YDR533C
Q04438,4932,4932.YMR107W
Q04439,4932,4932.YMR109W
Q04446,9606,9606.ENSP00000410833
Q04458,4932,4932.YMR110C
Q04471,4932,4932.YMR114C
Q04472,4932,4932.YMR115W
Q04477,4932,4932.YMR117C
Q04491,4932,4932.YLR208W
Q04493,4932,4932.YML094W
Q04500,4932,4932.YML093W
Q04533,4932,4932.YML082W
Q04562,4932,4932.YDR107C
Q04585,4932,4932.YDR109C
Q04599,4932,4932.YDR116C
Q04600,4932,4932.YDR117C
Q04602,4932,4932.YDR119W
Q04603,4932,4932.YDR121W
Q04632,4932,4932.YML071C
Q04636,4932,4932.YML069W
Q04637,9606,9606.ENSP00000416255
Q04651,4932,4932.YML067C
Q04660,4932,4932.YMR049C
Q04673,4932,4932.YLR005W
Q04693,4932,4932.YML049C
Q04697,4932,4932.YML048W
Q04726,9606,9606.ENSP00000452871
Q04728,4932,4932.YMR062C
Q04739,4932,4932.YER027C
Q04759,9606,9606.ENSP00000263125
Q04760,9606,9606.ENSP00000362463
Q04767,4932,4932.YMR071C
Q04773,4932,4932.YMR074C
Q04779,4932,4932.YMR075W
Q04781,4932,4932.YMR247C
Q04792,4932,4932.YMR250W
Q04835,4932,4932.YMR253C
Q04837,9606,9606.ENSP00000419665
Q04839,4932,4932.YMR255W
Q04847,4932,4932.YMR258C
Q04864,9606,9606.ENSP00000295025
Q04867,4932,4932.YMR310C
Q04869,4932,4932.YMR315W
Q04894,4932,4932.YMR318C
Q04917,9606,9606.ENSP00000248975
Q04922,4932,4932.YDR219C
Q04924,4932,4932.YDR221W
Q04934,4932,4932.YDR229W
Q04935,4932,4932.YDR231C
Q04941,9606,9606.ENSP00000365505
Q04947,4932,4932.YDR233C
Q04958,4932,4932.YML059C
Q04964,4932,4932.YML058W
Q04969,4932,4932.YML055W
Q04991,4932,4932.YMR221C
Q05015,4932,4932.YMR222C
Q05016,4932,4932.YMR226C
Q05022,4932,4932.YMR229C
Q05027,4932,4932.YMR236W
Q05029,4932,4932.YMR237W
Q05031,4932,4932.YMR238W
Q05040,4932,4932.YMR029C
Q05048,9606,9606.ENSP00000217109
Q05050,4932,4932.YMR031C
Q05086,9606,9606.ENSP00000497594
Q05123,4932,4932.YMR033W
Q05166,4932,4932.YDL088C
Q05209,9606,9606.ENSP00000248594
Q05359,4932,4932.YAR002C-A
Q05397,9606,9606.ENSP00000341189
Q05468,4932,4932.YDR333C
Q05471,4932,4932.YDR334W
Q05498,4932,4932.YDR339C
Q05506,4932,4932.YDR341C
Q05515,4932,4932.YDR346C
Q05518,4932,4932.YDR348C
Q05519,9606,9606.ENSP00000359988
Q05521,4932,4932.YDR284C
Q05533,4932,4932.YDR287W
Q05543,4932,4932.YDR289C
Q05567,4932,4932.YDR294C
Q05580,4932,4932.YDR266C
Q05584,4932,4932.YDR272W
Q05636,4932,4932.YDR280W
Q05639,9606,9606.ENSP00000217182
Q05672,4932,4932.YDL189W
Q05775,4932,4932.YLR192C
Q05778,4932,4932.YLR199C
Q05779,4932,4932.YLR201C
Q05785,4932,4932.YLR206W
Q05787,4932,4932.YLR207W
Q05788,4932,4932.YLR209C
Q05791,4932,4932.YLR215C
Q05809,4932,4932.YLR218C
Q05812,4932,4932.YLR219W
Q05827,4932,4932.YMR251W-A
Q05874,4932,4932.YLR285W
Q05881,4932,4932.YLR287C
Q05892,4932,4932.YLR290C
Q05902,4932,4932.YLR299W
Q05905,4932,4932.YLR301W
Q05911,4932,4932.YLR359W
Q05926,4932,4932.YLR364W
Q05931,4932,4932.YLR369W
Q05932,9606,9606.ENSP00000362344
Q05933,4932,4932.YLR370C
Q05934,4932,4932.YLR373C
Q05942,4932,4932.YLR221C
Q05946,4932,4932.YLR222C
Q05948,4932,4932.YLR225C
Q05979,4932,4932.YLR231C
Q05D32,9606,9606.ENSP00000260327
Q06010,4932,4932.YLR389C
Q06011,4932,4932.YLR390W
Q06053,4932,4932.YLR401C
Q06058,4932,4932.YLR404W
Q06078,4932,4932.YLR409C
Q06089,4932,4932.YPR098C
Q06096,4932,4932.YPR105C
Q06103,4932,4932.YPR108W
Q06104,4932,4932.YPR109W
Q06106,4932,4932.YPR112C
Q06108,4932,4932.YPR115W
Q06124,9606,9606.ENSP00000489597
Q06132,4932,4932.YLR336C
Q06137,4932,4932.YLR345W
Q06142,4932,4932.YLR347C
Q06143,4932,4932.YLR348C
Q06144,4932,4932.YLR350W
Q06146,4932,4932.YLR257W
Q06147,4932,4932.YLR260W
Q06151,4932,4932.YLR270W
Q06168,4932,4932.YLR321C
Q06169,4932,4932.YLR324W
Q06170,4932,4932.YLR326W
Q06177,4932,4932.YLR327C
Q06178,4932,4932.YLR328W
Q06179,4932,4932.YLR454W
Q06187,9606,9606.ENSP00000483570
Q06188,4932,4932.YLR455W
Q06203,9606,9606.ENSP00000264220
Q06205,4932,4932.YLR449W
Q06210,9606,9606.ENSP00000349860
Q06213,4932,4932.YPR168W
Q06214,4932,4932.YPR169W
Q06217,4932,4932.YLR275W
Q06218,4932,4932.YLR276C
Q06224,4932,4932.YLR277C
Q06245,4932,4932.YLR166C
Q06251,4932,4932.YLR177W
Q06252,4932,4932.YLR179C
Q06263,4932,4932.YLR181C
Q06265,9606,9606.ENSP00000368984
Q06287,4932,4932.YLR186W
Q06315,4932,4932.YLR187W
Q06321,4932,4932.YLR189C
Q06323,9606,9606.ENSP00000372155
Q06330,9606,9606.ENSP00000345206
Q06336,4932,4932.YDR358W
Q06338,4932,4932.YDR361C
Q06339,4932,4932.YDR362C
Q06344,4932,4932.YDR365C
Q06346,4932,4932.YDR367W
Q06350,4932,4932.YDR371W
Q06385,4932,4932.YDR372C
Q06406,4932,4932.YDR378C
Q06407,4932,4932.YDR379W
Q06408,4932,4932.YDR380W
Q06409,4932,4932.YLR422W
Q06413,9606,9606.ENSP00000340874
Q06440,4932,4932.YLR429W
Q06449,4932,4932.YPR154W
Q06451,4932,4932.YPR156C
Q06479,4932,4932.YLR352W
Q06485,4932,4932.YLR356W
Q06488,4932,4932.YLR357W
Q06489,4932,4932.YPR118W
Q06493,4932,4932.YPR125W
Q06494,4932,4932.YPR127W
Q06497,4932,4932.YPR128C
Q06504,4932,4932.YPR131C
Q06505,4932,4932.YPR133C
Q06506,4932,4932.YPR137W
Q06508,4932,4932.YPR139C
Q06510,4932,4932.YPR140W
Q06511,4932,4932.YPR143W
Q06512,4932,4932.YPR144C
Q06523,4932,4932.YPR148C
Q06525,4932,4932.YPR152C
Q06538,4932,4932.YLR241W
Q06543,4932,4932.YLR243W
Q06546,9606,9606.ENSP00000346886
Q06547,9606,9606.ENSP00000220429
Q06580,4932,4932.YPR188C
Q06587,9606,9606.ENSP00000363787
Q06608,4932,4932.YPR172W
Q06609,9606,9606.ENSP00000493712
Q06624,4932,4932.YPR180W
Q06625,4932,4932.YPR184W
Q06628,4932,4932.YPR185W
Q06629,4932,4932.YDR295C
Q06630,4932,4932.YDR296W
Q06631,4932,4932.YDR299W
Q06632,4932,4932.YDR301W
Q06636,4932,4932.YDR302W
Q06639,4932,4932.YDR303C
Q06644,4932,4932.YDR307W
Q06651,4932,4932.YDR313C
Q06672,4932,4932.YLR435W
Q06673,4932,4932.YLR436C
Q06677,4932,4932.YDR320C
Q06678,4932,4932.YDR322W
Q06679,4932,4932.YDR324C
Q06680,4932,4932.YDR325W
Q06681,4932,4932.YDR326C
Q06682,4932,4932.YDR330W
Q06685,4932,4932.YLR410W
Q06688,4932,4932.YLR412W
Q06697,4932,4932.YLR418C
Q06698,4932,4932.YLR419W
Q06704,4932,4932.YLR309C
Q06705,4932,4932.YLR380W
Q06706,4932,4932.YLR384C
Q06708,4932,4932.YLR386W
Q06709,4932,4932.YLR387C
Q06787,9606,9606.ENSP00000359506
Q06815,4932,4932.YPR079W
Q06819,4932,4932.YPR082C
Q06830,9606,9606.ENSP00000262746
Q06833,4932,4932.YPR091C
Q06839,4932,4932.YPR097W
Q06891,4932,
Q07020,9606,9606.ENSP00000447001
Q07021,9606,9606.ENSP00000225698
Q07157,9606,9606.ENSP00000348416
Q07362,4932,4932.YDL053C
Q07379,4932,4932.YDL057W
Q07381,4932,4932.YDL060W
Q07395,4932,4932.YDL063C
Q07418,4932,4932.YDL065C
Q07451,4932,4932.YDL072C
Q07457,4932,4932.YDL074C
Q07458,4932,4932.YDL076C
Q07468,4932,4932.YDL077C
Q07478,4932,4932.YDL084W
Q07505,4932,4932.YDL086W
Q07527,4932,4932.YDL112W
Q07528,4932,4932.YDL113C
Q07532,4932,4932.YDL115C
Q07540,4932,4932.YDL120W
Q07541,4932,4932.YDL121C
Q07549,4932,4932.YDL123W
Q07551,4932,4932.YDL124W
Q07589,4932,4932.YDL144C
Q07622,4932,4932.YDL203C
Q07623,4932,4932.YDL213C
Q07648,4932,4932.YDL219W
Q07651,4932,4932.YDL222C
Q07653,4932,4932.YDL223C
Q07655,4932,4932.YDL224C
Q07657,4932,4932.YDL225W
Q07666,9606,9606.ENSP00000313829
Q07688,4932,4932.YDL235C
Q07716,4932,4932.YDL237W
Q07800,4932,4932.YLL010C
Q07807,4932,4932.YLL013C
Q07812,9606,9606.ENSP00000293288
Q07817,9606,9606.ENSP00000365230
Q07825,4932,4932.YLL029W
Q07830,4932,4932.YLL031C
Q07834,4932,4932.YLL032C
Q07844,4932,4932.YLL034C
Q07864,9606,9606.ENSP00000322570
Q07866,9606,9606.ENSP00000414982
Q07872,4932,4932.YLL038C
Q07878,4932,4932.YLL040C
Q07896,4932,4932.YLR002C
Q07897,4932,4932.YLR003C
Q07914,4932,4932.YLR008C
Q07915,4932,4932.YLR009W
Q07950,4932,4932.YLR020C
Q07951,4932,4932.YLR021W
Q07953,4932,4932.YLR022C
Q07955,9606,9606.ENSP00000258962
Q07960,9606,9606.ENSP00000310491
Q07963,4932,4932.YLR024C
Q07979,4932,4932.YLR033W
Q08001,4932,4932.YLR072W
Q08004,4932,4932.YLR074C
Q08023,4932,4932.YLR077W
Q08045,4932,4932.YLR104W
Q08096,4932,4932.YOL010W
Q08144,4932,4932.YOL018C
Q08162,4932,4932.YOL021C
Q08170,9606,9606.ENSP00000362900
Q08179,4932,4932.YOL027C
Q08193,4932,4932.YOL030W
Q08199,4932,4932.YOL031C
Q08202,4932,4932.YOL032W
Q08208,4932,4932.YOL041C
Q08211,9606,9606.ENSP00000356520
Q08215,4932,4932.YOL044W
Q08220,4932,4932.YOL049W
Q08224,4932,4932.YOL055C
Q08225,4932,4932.YOL057W
Q08227,4932,4932.YOL065C
Q08229,4932,4932.YOL070C
Q08230,4932,4932.YOL071W
Q08235,4932,4932.YOL077C
Q08245,4932,4932.YOL109W
Q08257,9606,9606.ENSP00000399805
Q08273,4932,4932.YOL133W
Q08285,4932,4932.YOL142W
Q08287,4932,4932.YOL144W
Q08299,4932,4932.YOL158C
Q08378,9606,9606.ENSP00000204726
Q08379,9606,9606.ENSP00000416097
Q08412,4932,4932.YOR042W
Q08417,4932,4932.YOR049C
Q08421,4932,4932.YOR051C
Q08422,4932,4932.YOR052C
Q08431,9606,9606.ENSP00000268150
Q08438,4932,4932.YOR054C
Q08444,4932,4932.YOR056C
Q08446,4932,4932.YOR057W
Q08484,4932,4932.YOR070C
Q08491,4932,4932.YOR076C
Q08492,4932,4932.YOR078W
Q08495,9606,9606.ENSP00000427866
Q08548,4932,4932.YOR175C
Q08553,4932,4932.YOR179C
Q08561,4932,4932.YOR189W
Q08581,4932,4932.YOR195W
Q08601,4932,4932.YOR197W
Q08623,9606,9606.ENSP00000396452
Q08634,4932,4932.YOR238W
Q08641,4932,4932.YOR239W
Q08645,4932,4932.YOR241W
Q08647,4932,4932.YOR243C
Q08685,4932,4932.YOR250C
Q08686,4932,4932.YOR251C
Q08687,4932,4932.YOR252W
Q08689,4932,4932.YOR253W
Q08723,4932,4932.YOR261C
Q08726,4932,4932.YOR262W
Q08732,4932,4932.YOR267C
Q08742,4932,4932.YOR286W
Q08746,4932,4932.YOR294W
Q08752,9606,9606.ENSP00000303754
Q08754,4932,4932.YOR299W
Q08773,4932,4932.YOR304W
Q08816,4932,4932.YOR352W
Q08817,4932,4932.YOR353C
Q08818,4932,4932.YOR354C
Q08822,4932,4932.YOR356W
Q08826,4932,4932.YOR357C
Q08831,4932,4932.YOR359W
Q08873,4932,4932.YOR367W
Q08920,4932,4932.YPL178W
Q08924,4932,4932.YPL183C
Q08925,4932,4932.YPL184C
Q08926,4932,4932.YPL186C
Q08945,9606,9606.ENSP00000278412
Q08951,4932,4932.YPL195W
Q08952,4932,4932.YPL196W
Q08954,4932,4932.YPL199C
Q08959,4932,4932.YPL206C
Q08961,4932,4932.YPL208W
Q08962,4932,4932.YPL211W
Q08963,4932,4932.YPL213W
Q08965,4932,4932.YPL217C
Q08968,4932,4932.YPL222W
Q08969,4932,4932.YPL223C
Q08971,4932,4932.YPL225W
Q08972,4932,4932.YPL226W
Q08977,4932,4932.YPL260W
Q08979,4932,4932.YPL263C
Q08985,4932,4932.YPL273W
Q08AG7,9606,9606.ENSP00000367049
Q08AM6,9606,9606.ENSP00000261776
Q08J23,9606,9606.ENSP00000264670
Q09028,9606,9606.ENSP00000362592
Q09161,9606,9606.ENSP00000364289
Q09472,9606,9606.ENSP00000263253
Q09666,9606,9606.ENSP00000367263
Q0JRZ9,9606,9606.ENSP00000393776
Q0PNE2,9606,9606.ENSP00000296149
Q0VD83,9606,9606.ENSP00000457539
Q0VDF9,9606,9606.ENSP00000367623
Q0VDG4,9606,9606.ENSP00000272732
Q0VGL1,9606,9606.ENSP00000343118
Q10469,9606,9606.ENSP00000307423
Q10471,9606,9606.ENSP00000355632
Q10567,9606,9606.ENSP00000350199
Q10570,9606,9606.ENSP00000484669
Q10589,9606,9606.ENSP00000252593
Q10713,9606,9606.ENSP00000360782
Q10740,4932,4932.YNL045W
Q12000,4932,4932.YOR091W
Q12001,4932,4932.YOR002W
Q12003,4932,4932.YPL236C
Q12004,4932,4932.YPR056W
Q12008,4932,4932.YDL021W
Q12009,4932,4932.YDL201W
Q12010,4932,4932.YOL092W
Q12012,4932,4932.YOR289W
Q12016,4932,4932.YOL129W
Q12017,4932,4932.YOR281C
Q12018,4932,4932.YDL132W
Q12019,4932,4932.YLR106C
Q12024,4932,4932.YOR272W
Q12025,4932,4932.YDR056C
Q12028,4932,4932.YPR029C
Q12029,4932,4932.YOR271C
Q12030,4932,4932.YDR167W
Q12032,4932,4932.YOR215C
Q12033,4932,4932.YOR275C
Q12034,4932,4932.YDR515W
Q12035,4932,4932.YLR051C
Q12038,4932,4932.YPR032W
Q12040,4932,4932.YOR283W
Q12044,4932,4932.YOR220W
Q12049,4932,4932.YPR045C
Q12055,4932,4932.YDL166C
Q12060,4932,4932.YPL254W
Q12063,4932,4932.YDL193W
Q12066,4932,4932.YDL089W
Q12068,4932,4932.YOL151W
Q12071,4932,4932.YDR027C
Q12072,4932,4932.YLR095C
Q12074,4932,4932.YPR069C
Q12078,4932,4932.YLR034C
Q12080,4932,4932.YPL146C
Q12084,4932,4932.YDR020C
Q12091,4932,4932.YPL170W
Q12096,4932,4932.YOR320C
Q12099,4932,4932.YDR021W
Q12100,4932,4932.YDL025C
Q12102,4932,4932.YLR115W
Q12108,4932,4932.YOR118W
Q12109,4932,4932.YOL097C
Q12112,4932,
Q12114,4932,4932.YLR330W
Q12117,4932,4932.YDR033W
Q12118,4932,4932.YOR007C
Q12122,4932,4932.YDL131W
Q12123,4932,4932.YOR173W
Q12125,4932,4932.YOR164C
Q12133,4932,4932.YLR066W
Q12136,4932,4932.YDL153C
Q12144,4932,4932.YLR064W
Q12149,4932,4932.YOR001W
Q12153,4932,4932.YDR312W
Q12154,4932,4932.YDL100C
Q12156,4932,4932.YDR063W
Q12159,4932,4932.YDR381W
Q12160,4932,4932.YPR063C
Q12163,4932,4932.YDR162C
Q12164,4932,4932.YLL023C
Q12165,4932,4932.YDL004W
Q12166,4932,4932.YOR108W
Q12168,4932,4932.YLR144C
Q12176,4932,4932.YDR060W
Q12178,4932,4932.YPR062W
Q12186,4932,4932.YLR116W
Q12189,4932,4932.YOR095C
Q12191,4932,4932.YDL099W
Q12196,4932,4932.YOR119C
Q12199,4932,4932.YPR040W
Q12200,4932,4932.YPL006W
Q12206,4932,4932.YOR229W
Q12207,4932,4932.YPR149W
Q12211,4932,4932.YPL212C
Q12213,4932,4932.YPL198W
Q12220,4932,4932.YLR129W
Q12221,4932,4932.YPR042C
Q12230,4932,4932.YPL004C
Q12234,4932,4932.YOR216C
Q12236,4932,4932.YOL100W
Q12239,4932,4932.YOL107W
Q12242,4932,4932.YOR138C
Q12245,4932,4932.YPL144W
Q12246,4932,4932.YOR171C
Q12248,4932,4932.YDR016C
Q12250,4932,4932.YDL147W
Q12255,4932,4932.YLR093C
Q12259,4932,4932.YLR108C
Q12263,4932,4932.YDR507C
Q12265,4932,4932.YOL061W
Q12271,4932,4932.YOR109W
Q12272,4932,4932.YOL102C
Q12276,4932,4932.YOR227W
Q12277,4932,4932.YDL111C
Q12284,4932,4932.YPR037C
Q12285,4932,4932.YOL111C
Q12287,4932,4932.YLL009C
Q12288,4932,4932.YLR126C
Q12291,4932,4932.YLR063W
Q12292,4932,4932.YOL083W
Q12296,4932,4932.YOL060C
Q12297,4932,4932.YPL011C
Q12298,4932,4932.YDR061W
Q12305,4932,4932.YOR285W
Q12306,4932,4932.YDR510W
Q12314,4932,4932.YOR021C
Q12315,4932,4932.YDL207W
Q12321,4932,4932.YPR070W
Q12324,4932,4932.YOR087W
Q12329,4932,4932.YDR171W
Q12331,4932,4932.YDR262W
Q12335,4932,4932.YDR032C
Q12339,4932,4932.YOR004W
Q12341,4932,4932.YPL001W
Q12343,4932,4932.YOR174W
Q12344,4932,4932.YPL249C
Q12345,4932,4932.YLR052W
Q12349,4932,4932.YLR295C
Q12354,4932,4932.YLR118C
Q12355,4932,4932.YDR055W
Q12362,4932,4932.YOL066C
Q12363,4932,4932.YOR230W
Q12368,4932,4932.YDL098C
Q12373,4932,4932.YLL022C
Q12374,4932,4932.YPR155C
Q12377,4932,4932.YDL097C
Q12382,4932,4932.YOR311C
Q12386,4932,4932.YOR141C
Q12387,4932,4932.YOL076W
Q12389,4932,4932.YDL031W
Q12395,4932,4932.YLR128W
Q12396,4932,4932.YLR080W
Q12400,4932,4932.YOL093W
Q12402,4932,4932.YPR028W
Q12403,4932,4932.YDL018C
Q12404,4932,4932.YOR288C
Q12406,4932,4932.YPR034W
Q12415,4932,4932.YOR110W
Q12427,4932,4932.YDR169C
Q12428,4932,4932.YPR002W
Q12429,4932,4932.YLR143W
Q12431,4932,4932.YLL014W
Q12432,4932,4932.YPR023C
Q12434,4932,4932.YDL135C
Q12443,4932,4932.YDL204W
Q12445,4932,4932.YLR018C
Q12446,4932,4932.YOR181W
Q12447,4932,4932.YDR071C
Q12449,4932,4932.YDR214W
Q12450,4932,4932.YOR016C
Q12451,4932,4932.YDL019C
Q12452,4932,4932.YLR100W
Q12453,4932,4932.YOR112W
Q12454,4932,4932.YDR067C
Q12458,4932,4932.YDR368W
Q12460,4932,4932.YLR197W
Q12462,4932,4932.YOL147C
Q12464,4932,4932.YPL235W
Q12466,4932,4932.YOR086C
Q12480,4932,4932.YPR004C
Q12482,4932,4932.YPR021C
Q12486,4932,4932.YOR131C
Q12489,4932,4932.YDL012C
Q12494,4932,4932.YDR017C
Q12495,4932,4932.YPR018W
Q12496,4932,4932.YOL098C
Q12497,4932,4932.YDR070C
Q12499,4932,4932.YOR310C
Q12500,4932,4932.YLR114C
Q12502,4932,4932.YOR322C
Q12504,4932,4932.YDR257C
Q12508,4932,4932.YDR255C
Q12511,4932,4932.YOR090C
Q12513,4932,4932.YDL110C
Q12514,4932,4932.YPR072W
Q12515,4932,4932.YDL173W
Q12517,4932,4932.YOL149W
Q12518,4932,4932.YDL161W
Q12522,4932,4932.YPR016C
Q12523,4932,4932.YPL247C
Q12525,4932,4932.YLL062C
Q12532,4932,4932.YPL009C
Q12672,4932,4932.YPL079W
Q12674,4932,4932.YMR162C
Q12675,4932,4932.YDR093W
Q12676,4932,4932.YMR113W
Q12680,4932,4932.YDL171C
Q12692,4932,4932.YOL012C
Q12697,4932,4932.YOR291W
Q12734,4932,4932.YPR030W
Q12743,4932,4932.YDR411C
Q12746,4932,4932.YML125C
Q12753,4932,4932.YPR008W
Q12754,4932,4932.YPL012W
Q12768,9606,9606.ENSP00000318016
Q12769,9606,9606.ENSP00000367721
Q12788,9606,9606.ENSP00000454836
Q12789,9606,9606.ENSP00000348510
Q12792,9606,9606.ENSP00000449428
Q12800,9606,9606.ENSP00000257915
Q12815,9606,9606.ENSP00000257909
Q12824,9606,9606.ENSP00000340883
Q12830,9606,9606.ENSP00000307208
Q12834,9606,9606.ENSP00000361540
Q12840,9606,9606.ENSP00000408979
Q12846,9606,9606.ENSP00000317714
Q12849,9606,9606.ENSP00000254799
Q12857,9606,9606.ENSP00000360231
Q12872,9606,9606.ENSP00000437738
Q12874,9606,9606.ENSP00000362110
Q12888,9606,9606.ENSP00000371475
Q12904,9606,9606.ENSP00000378191
Q12905,9606,9606.ENSP00000355011
Q12906,9606,9606.ENSP00000404121
Q12907,9606,9606.ENSP00000303366
Q12923,9606,9606.ENSP00000394794
Q12931,9606,9606.ENSP00000246957
Q12933,9606,9606.ENSP00000247668
Q12955,9606,9606.ENSP00000280772
Q12959,9606,9606.ENSP00000345731
Q12962,9606,9606.ENSP00000299424
Q12968,9606,9606.ENSP00000300659
Q12972,9606,9606.ENSP00000311677
Q12974,9606,9606.ENSP00000493688
Q12979,9606,9606.ENSP00000303909
Q12986,9606,9606.ENSP00000368856
Q12996,9606,9606.ENSP00000315791
Q13011,9606,9606.ENSP00000221418
Q13015,9606,9606.ENSP00000357917
Q13033,9606,9606.ENSP00000350071
Q13042,9606,9606.ENSP00000348554
Q13045,9606,9606.ENSP00000324573
Q13049,9606,9606.ENSP00000408292
Q13057,9606,9606.ENSP00000464814
Q13069,9606,
Q13084,9606,9606.ENSP00000497004
Q13085,9606,9606.ENSP00000483300
Q13094,9606,9606.ENSP00000046794
Q13098,9606,9606.ENSP00000376167
Q13111,9606,9606.ENSP00000301280
Q13112,9606,9606.ENSP00000315700
Q13123,9606,9606.ENSP00000396301
Q13131,9606,9606.ENSP00000346148
Q13136,9606,9606.ENSP00000253925
Q13137,9606,9606.ENSP00000398523
Q13144,9606,9606.ENSP00000497160
Q13148,9606,9606.ENSP00000240185
Q13151,9606,9606.ENSP00000316042
Q13155,9606,9606.ENSP00000223029
Q13158,9606,9606.ENSP00000301838
Q13162,9606,9606.ENSP00000368646
Q13164,9606,9606.ENSP00000311005
Q13177,9606,9606.ENSP00000314067
Q13185,9606,9606.ENSP00000336687
Q13188,9606,9606.ENSP00000429744
Q13190,9606,9606.ENSP00000294179
Q13200,9606,9606.ENSP00000310129
Q13206,9606,9606.ENSP00000314348
Q13217,9606,9606.ENSP00000473631
Q13228,9606,9606.ENSP00000397261
Q13232,9606,9606.ENSP00000219302
Q13242,9606,9606.ENSP00000229390
Q13243,9606,9606.ENSP00000452123
Q13247,9606,9606.ENSP00000244020
Q13257,9606,9606.ENSP00000296509
Q13263,9606,9606.ENSP00000253024
Q13268,9606,9606.ENSP00000344674
Q13277,9606,9606.ENSP00000338562
Q13283,9606,9606.ENSP00000377681
Q13287,9606,9606.ENSP00000243346
Q13309,9606,9606.ENSP00000274255
Q13310,9606,9606.ENSP00000361949
Q13322,9606,9606.ENSP00000493728
Q13330,9606,9606.ENSP00000333633
Q13347,9606,9606.ENSP00000362688
Q13356,9606,9606.ENSP00000486725
Q13362,9606,9606.ENSP00000412324
Q13363,9606,9606.ENSP00000290921
Q13371,9606,9606.ENSP00000259467
Q13404,9606,9606.ENSP00000340305
Q13405,9606,9606.ENSP00000279242
Q13409,9606,9606.ENSP00000380308
Q13415,9606,9606.ENSP00000360623
Q13416,9606,9606.ENSP00000234296
Q13418,9606,9606.ENSP00000379975
Q13422,9606,9606.ENSP00000331614
Q13423,9606,9606.ENSP00000264663
Q13426,9606,9606.ENSP00000421491
Q13427,9606,9606.ENSP00000260970
Q13428,9606,9606.ENSP00000367028
Q13435,9606,9606.ENSP00000318861
Q13439,9606,9606.ENSP00000349305
Q13442,9606,9606.ENSP00000222968
Q13451,9606,9606.ENSP00000444810
Q13459,9606,9606.ENSP00000471457
Q13464,9606,9606.ENSP00000382697
Q13469,9606,9606.ENSP00000379330
Q13472,9606,9606.ENSP00000321636
Q13485,9606,9606.ENSP00000341551
Q13490,9606,9606.ENSP00000477613
Q13492,9606,9606.ENSP00000377015
Q13501,9606,9606.ENSP00000374455
Q13503,9606,9606.ENSP00000282892
Q13505,9606,9606.ENSP00000357360
Q13509,9606,9606.ENSP00000320295
Q13510,9606,9606.ENSP00000371152
Q13523,9606,9606.ENSP00000337194
Q13526,9606,9606.ENSP00000247970
Q13541,9606,9606.ENSP00000340691
Q13542,9606,9606.ENSP00000362314
Q13546,9606,9606.ENSP00000259808
Q13547,9606,9606.ENSP00000362649
Q13555,9606,9606.ENSP00000319060
Q13561,9606,9606.ENSP00000408910
Q13564,9606,9606.ENSP00000351990
Q13573,9606,9606.ENSP00000451129
Q13574,9606,9606.ENSP00000412178
Q13576,9606,9606.ENSP00000274364
Q13586,9606,9606.ENSP00000478059
Q13595,9606,9606.ENSP00000297071
Q13596,9606,9606.ENSP00000261889
Q13601,9606,9606.ENSP00000229214
Q13608,9606,9606.ENSP00000303511
Q13610,9606,9606.ENSP00000387365
Q13613,9606,9606.ENSP00000414178
Q13614,9606,9606.ENSP00000345752
Q13616,9606,9606.ENSP00000326804
Q13617,9606,9606.ENSP00000414095
Q13618,9606,9606.ENSP00000264414
Q13619,9606,9606.ENSP00000364589
Q13620,9606,9606.ENSP00000384109
Q13625,9606,9606.ENSP00000341957
Q13627,9606,9606.ENSP00000340373
Q13630,9606,9606.ENSP00000398803
Q13636,9606,9606.ENSP00000461945
Q13643,9606,9606.ENSP00000362107
Q13685,9606,9606.ENSP00000403343
Q13686,9606,9606.ENSP00000216489
Q13724,9606,9606.ENSP00000410992
Q13769,9606,9606.ENSP00000420306
Q13795,9606,9606.ENSP00000483486
Q13813,9606,9606.ENSP00000487444
Q13823,9606,9606.ENSP00000362153
Q13838,9606,9606.ENSP00000416269
Q13867,9606,9606.ENSP00000261714
Q13868,9606,9606.ENSP00000361433
Q13885,9606,9606.ENSP00000369703
Q13888,9606,9606.ENSP00000274400
Q13889,9606,9606.ENSP00000445162
Q13895,9606,9606.ENSP00000230340
Q13901,9606,9606.ENSP00000348107
Q13907,9606,9606.ENSP00000370748
Q13948,9606,9606.ENSP00000353401
Q13951,9606,9606.ENSP00000415151
Q13952,9606,9606.ENSP00000312617
Q14004,9606,9606.ENSP00000181839
Q14008,9606,9606.ENSP00000432768
Q14011,9606,9606.ENSP00000466025
Q14019,9606,9606.ENSP00000262428
Q14028,9606,9606.ENSP00000251102
Q14061,9606,9606.ENSP00000261070
Q14103,9606,9606.ENSP00000313199
Q14108,9606,9606.ENSP00000264896
Q14118,9606,9606.ENSP00000442600
Q14137,9606,9606.ENSP00000455106
Q14139,9606,9606.ENSP00000387362
Q14141,9606,9606.ENSP00000341524
Q14142,9606,9606.ENSP00000344208
Q14145,9606,9606.ENSP00000377245
Q14146,9606,9606.ENSP00000258243
Q14149,9606,9606.ENSP00000383333
Q14151,9606,9606.ENSP00000252542
Q14152,9606,9606.ENSP00000358140
Q14155,9606,9606.ENSP00000495631
Q14157,9606,9606.ENSP00000389445
Q14160,9606,9606.ENSP00000349486
Q14166,9606,9606.ENSP00000216129
Q14181,9606,9606.ENSP00000265465
Q14186,9606,9606.ENSP00000364519
Q14191,9606,9606.ENSP00000298139
Q14192,9606,9606.ENSP00000386892
Q14197,9606,9606.ENSP00000301585
Q14202,9606,9606.ENSP00000322845
Q14203,9606,9606.ENSP00000354791
Q14204,9606,9606.ENSP00000348965
Q14232,9606,9606.ENSP00000416250
Q14240,9606,9606.ENSP00000326381
Q14241,9606,9606.ENSP00000395574
Q14247,9606,9606.ENSP00000365745
Q14249,9606,9606.ENSP00000361725
Q14254,9606,9606.ENSP00000378368
Q14257,9606,9606.ENSP00000319739
Q14258,9606,9606.ENSP00000323889
Q14289,9606,9606.ENSP00000380638
Q14315,9606,9606.ENSP00000327145
Q14318,9606,9606.ENSP00000471700
Q14320,9606,9606.ENSP00000377225
Q14331,9606,9606.ENSP00000226798
Q14344,9606,9606.ENSP00000400717
Q14353,9606,9606.ENSP00000403536
Q14376,9606,9606.ENSP00000483375
Q14444,9606,9606.ENSP00000340329
Q14457,9606,9606.ENSP00000355231
Q14493,9606,9606.ENSP00000417686
Q14498,9606,9606.ENSP00000253363
Q14527,9606,9606.ENSP00000308944
Q14534,9606,9606.ENSP00000265896
Q14542,9606,9606.ENSP00000440329
Q14554,9606,9606.ENSP00000323313
Q14558,9606,9606.ENSP00000414624
Q14562,9606,9606.ENSP00000262415
Q14566,9606,9606.ENSP00000264156
Q14624,9606,9606.ENSP00000266041
Q14644,9606,9606.ENSP00000335029
Q14651,9606,9606.ENSP00000336831
Q14653,9606,9606.ENSP00000471896
Q14657,9606,9606.ENSP00000349923
Q14669,9606,9606.ENSP00000373696
Q14671,9606,9606.ENSP00000391723
Q14676,9606,9606.ENSP00000365588
Q14677,9606,9606.ENSP00000429824
Q14683,9606,9606.ENSP00000323421
Q14684,9606,9606.ENSP00000339145
Q14686,9606,9606.ENSP00000363929
Q14687,9606,9606.ENSP00000253458
Q14690,9606,9606.ENSP00000358812
Q14691,9606,9606.ENSP00000262460
Q14692,9606,9606.ENSP00000363642
Q14693,9606,9606.ENSP00000397908
Q14694,9606,9606.ENSP00000457411
Q14696,9606,9606.ENSP00000261758
Q14697,9606,9606.ENSP00000340466
Q14738,9606,9606.ENSP00000417963
Q14739,9606,9606.ENSP00000339883
Q14746,9606,9606.ENSP00000355629
Q14781,9606,9606.ENSP00000308750
Q14789,9606,9606.ENSP00000377275
Q14790,9606,9606.ENSP00000351273
Q147X3,9606,9606.ENSP00000452521
Q14807,9606,9606.ENSP00000160827
Q14839,9606,9606.ENSP00000440542
Q14847,9606,9606.ENSP00000325240
Q14919,9606,9606.ENSP00000307850
Q14966,9606,9606.ENSP00000386433
Q14974,9606,9606.ENSP00000290158
Q14978,9606,9606.ENSP00000385410
Q14980,9606,9606.ENSP00000377298
Q14997,9606,9606.ENSP00000384211
Q14C86,9606,9606.ENSP00000377665
Q14CX7,9606,9606.ENSP00000261745
Q14CZ7,9606,9606.ENSP00000264669
Q15003,9606,9606.ENSP00000240423
Q15004,9606,9606.ENSP00000300035
Q15005,9606,9606.ENSP00000263672
Q15006,9606,9606.ENSP00000220853
Q15007,9606,9606.ENSP00000351141
Q15008,9606,9606.ENSP00000418695
Q15013,9606,9606.ENSP00000410818
Q15014,9606,9606.ENSP00000394417
Q15018,9606,9606.ENSP00000298492
Q15019,9606,9606.ENSP00000479861
Q15020,9606,9606.ENSP00000449386
Q15021,9606,9606.ENSP00000325017
Q15022,9606,9606.ENSP00000316578
Q15024,9606,9606.ENSP00000265564
Q15029,9606,9606.ENSP00000392094
Q15031,9606,9606.ENSP00000498867
Q15032,9606,9606.ENSP00000387010
Q15036,9606,9606.ENSP00000233575
Q15038,9606,9606.ENSP00000448051
Q15041,9606,9606.ENSP00000306788
Q15042,9606,9606.ENSP00000411418
Q15043,9606,9606.ENSP00000370635
Q15046,9606,9606.ENSP00000325448
Q15047,9606,9606.ENSP00000271640
Q15048,9606,9606.ENSP00000292524
Q15050,9606,9606.ENSP00000322396
Q15052,9606,9606.ENSP00000250617
Q15054,9606,9606.ENSP00000263681
Q15056,9606,9606.ENSP00000265753
Q15057,9606,9606.ENSP00000324287
Q15058,9606,9606.ENSP00000356319
Q15059,9606,9606.ENSP00000305918
Q15061,9606,9606.ENSP00000384302
Q15067,9606,9606.ENSP00000293217
Q15070,9606,9606.ENSP00000285848
Q15075,9606,9606.ENSP00000317955
Q15084,9606,9606.ENSP00000385385
Q15102,9606,9606.ENSP00000444935
Q15118,9606,9606.ENSP00000376352
Q15121,9606,9606.ENSP00000357055
Q15125,9606,9606.ENSP00000417052
Q15126,9606,9606.ENSP00000357452
Q15149,9606,9606.ENSP00000323856
Q15154,9606,9606.ENSP00000327077
Q15172,9606,9606.ENSP00000261461
Q15181,9606,9606.ENSP00000362329
Q15185,9606,9606.ENSP00000482075
Q15208,9606,9606.ENSP00000229812
Q15233,9606,9606.ENSP00000276079
Q15257,9606,9606.ENSP00000377036
Q15269,9606,9606.ENSP00000291576
Q15274,9606,9606.ENSP00000378782
Q15276,9606,9606.ENSP00000445408
Q15286,9606,9606.ENSP00000229340
Q15287,9606,9606.ENSP00000457723
Q15291,9606,9606.ENSP00000264515
Q15334,9606,9606.ENSP00000321537
Q15361,9606,9606.ENSP00000333920
Q15363,9606,9606.ENSP00000262225
Q15365,9606,9606.ENSP00000305556
Q15366,9606,9606.ENSP00000352438
Q15369,9606,9606.ENSP00000478121
Q15370,9606,9606.ENSP00000262306
Q15382,9606,9606.ENSP00000262187
Q15386,9606,9606.ENSP00000309198
Q15388,9606,9606.ENSP00000355566
Q15390,9606,9606.ENSP00000262146
Q15393,9606,9606.ENSP00000305790
Q15397,9606,9606.ENSP00000380982
Q15398,9606,9606.ENSP00000247191
Q15404,9606,9606.ENSP00000367154
Q15418,9606,9606.ENSP00000435412
Q15424,9606,9606.ENSP00000467423
Q15427,9606,9606.ENSP00000271628
Q15428,9606,9606.ENSP00000221494
Q15435,9606,9606.ENSP00000234038
Q15436,9606,9606.ENSP00000306881
Q15437,9606,9606.ENSP00000338844
Q15459,9606,9606.ENSP00000215793
Q15468,9606,9606.ENSP00000360944
Q15527,9606,9606.ENSP00000361032
Q15528,9606,9606.ENSP00000482438
Q15532,9606,9606.ENSP00000414516
Q15542,9606,9606.ENSP00000358854
Q15545,9606,9606.ENSP00000312709
Q15554,9606,9606.ENSP00000254942
Q15555,9606,9606.ENSP00000300249
Q15599,9606,9606.ENSP00000408005
Q15628,9606,9606.ENSP00000341268
Q15631,9606,9606.ENSP00000374332
Q15633,9606,9606.ENSP00000266987
Q15637,9606,9606.ENSP00000366604
Q15642,9606,9606.ENSP00000320117
Q15643,9606,9606.ENSP00000267622
Q15645,9606,9606.ENSP00000166345
Q15648,9606,9606.ENSP00000300651
Q15649,9606,9606.ENSP00000484687
Q15650,9606,9606.ENSP00000261884
Q15652,9606,9606.ENSP00000382204
Q15653,9606,9606.ENSP00000312988
Q15654,9606,9606.ENSP00000200457
Q15691,9606,9606.ENSP00000364721
Q15714,9606,9606.ENSP00000397435
Q15717,9606,9606.ENSP00000385269
Q15723,9606,9606.ENSP00000368868
Q15738,9606,9606.ENSP00000359297
Q15750,9606,9606.ENSP00000216160
Q15751,9606,9606.ENSP00000390158
Q15758,9606,9606.ENSP00000444408
Q15773,9606,9606.ENSP00000203630
Q15785,9606,9606.ENSP00000361900
Q15813,9606,9606.ENSP00000439170
Q15814,9606,9606.ENSP00000361967
Q15819,9606,9606.ENSP00000428209
Q15831,9606,9606.ENSP00000324856
Q15833,9606,9606.ENSP00000413606
Q15836,9606,9606.ENSP00000054666
Q15843,9606,9606.ENSP00000250495
Q15907,9606,9606.ENSP00000333547
Q15910,9606,9606.ENSP00000320147
Q15942,9606,9606.ENSP00000324422
Q16134,9606,9606.ENSP00000426638
Q16181,9606,9606.ENSP00000413507
Q16186,9606,9606.ENSP00000478877
Q16204,9606,9606.ENSP00000263102
Q16222,9606,9606.ENSP00000271469
Q16254,9606,9606.ENSP00000368686
Q16342,9606,9606.ENSP00000439467
Q16384,9606,9606.ENSP00000366118
Q16385,9606,9606.ENSP00000338796
Q16401,9606,9606.ENSP00000210313
Q16512,9606,9606.ENSP00000343325
Q16513,9606,9606.ENSP00000359552
Q16531,9606,9606.ENSP00000301764
Q16537,9606,9606.ENSP00000337641
Q16539,9606,9606.ENSP00000229795
Q16540,9606,9606.ENSP00000380466
Q16543,9606,9606.ENSP00000222005
Q16563,9606,9606.ENSP00000011473
Q16576,9606,9606.ENSP00000369424
Q16594,9606,9606.ENSP00000370193
Q16595,9606,9606.ENSP00000419243
Q16621,9606,9606.ENSP00000439120
Q16626,9606,9606.ENSP00000495612
Q16629,9606,9606.ENSP00000325905
Q16630,9606,9606.ENSP00000266679
Q16637,9606,9606.ENSP00000370083
Q16643,9606,9606.ENSP00000377195
Q16644,9606,9606.ENSP00000396467
Q16656,9606,9606.ENSP00000342351
Q16658,9606,9606.ENSP00000371798
Q16698,9606,9606.ENSP00000220764
Q16718,9606,9606.ENSP00000417142
Q16740,9606,9606.ENSP00000245816
Q16762,9606,9606.ENSP00000385828
Q16763,9606,9606.ENSP00000264552
Q16773,9606,9606.ENSP00000399415
Q16774,9606,9606.ENSP00000355689
Q16775,9606,9606.ENSP00000380514
Q16795,9606,9606.ENSP00000266544
Q16822,9606,9606.ENSP00000216780
Q16836,9606,9606.ENSP00000474560
Q16851,9606,9606.ENSP00000338703
Q16864,9606,9606.ENSP00000417378
Q16877,9606,9606.ENSP00000232375
Q16881,9606,9606.ENSP00000434516
Q16890,9606,9606.ENSP00000306285
Q16891,9606,9606.ENSP00000387262
Q17R31,9606,9606.ENSP00000431376
Q1ED39,9606,9606.ENSP00000219837
Q1KMD3,9606,9606.ENSP00000301785
Q27J81,9606,9606.ENSP00000376410
Q29980,9606,9606.ENSP00000252229
Q29RF7,9606,9606.ENSP00000303427
Q2M389,9606,9606.ENSP00000484713
Q2NKX8,9606,9606.ENSP00000334675
Q2NL82,9606,9606.ENSP00000301364
Q2TAL8,9606,9606.ENSP00000378830
Q2TAY7,9606,9606.ENSP00000380336
Q2TAZ0,9606,9606.ENSP00000366475
Q2TB10,9606,9606.ENSP00000265827
Q2TBE0,9606,9606.ENSP00000282251
Q2V2P4,4932,4932.YIL156W-B
Q2V2P7,4932,4932.YDR461C-A
Q2VPB7,9606,9606.ENSP00000454303
Q2VPK5,9606,9606.ENSP00000456908
Q32MZ4,9606,9606.ENSP00000375857
Q32P28,9606,9606.ENSP00000236040
Q32P41,9606,9606.ENSP00000261249
Q32P44,9606,9606.ENSP00000434513
Q38SD2,9606,9606.ENSP00000373600
Q3B726,9606,9606.ENSP00000222567
Q3E6R5,4932,4932.YDR381C-A
Q3E705,4932,4932.YGR271C-A
Q3E752,4932,4932.YPR036W-A
Q3E754,4932,4932.YJL136C
Q3E756,4932,4932.YBL029C-A
Q3E764,4932,4932.YLR262C-A
Q3E772,4932,4932.YGR169C-A
Q3E784,4932,4932.YER180C-A
Q3E795,4932,4932.YLR361C-A
Q3E7A3,4932,4932.YJL133C-A
Q3E7A4,4932,4932.YBL059C-A
Q3E7B6,4932,4932.YCL005W-A
Q3E7B7,4932,4932.YDL085C-A
Q3E7Z5,4932,4932.YIL002W-A
Q3E824,4932,4932.YOR020W-A
Q3E829,4932,4932.YDL160C-A
Q3E830,4932,4932.YCR075W-A
Q3E833,4932,4932.YKR095W-A
Q3E834,4932,4932.YER074W-A
Q3E841,4932,4932.YNR034W-A
Q3E846,4932,4932.YMR244C-A
Q3KQU3,9606,9606.ENSP00000362244
Q3L8U1,9606,9606.ENSP00000396345
Q3LXA3,9606,9606.ENSP00000378360
Q3MHD2,9606,9606.ENSP00000466718
Q3SXM5,9606,9606.ENSP00000219439
Q3T8J9,9606,9606.ENSP00000357315
Q3V6T2,9606,9606.ENSP00000338728
Q3YEC7,9606,9606.ENSP00000360727
Q3ZCM7,9606,9606.ENSP00000456206
Q3ZCQ8,9606,9606.ENSP00000445806
Q46817,83333,511145.b4464
Q46822,83333,511145.b2889
Q46829,83333,511145.b2901
Q46845,83333,511145.b2989
Q46851,83333,511145.b3001
Q46856,83333,511145.b3011
Q46857,83333,511145.b3012
Q46863,83333,511145.b3020
Q46871,83333,511145.b3070
Q46893,83333,511145.b2747
Q46920,83333,511145.b2794
Q46938,83333,511145.b2843
Q46948,83333,511145.b0424
Q47147,83333,511145.b0223
Q47679,83333,511145.b0219
Q49A26,9606,9606.ENSP00000322716
Q49AR2,9606,9606.ENSP00000326879
Q49B96,9606,9606.ENSP00000342015
Q4G0F5,9606,9606.ENSP00000281187
Q4G0J3,9606,9606.ENSP00000422626
Q4G0N4,9606,9606.ENSP00000371362
Q4G176,9606,9606.ENSP00000479130
Q4J6C6,9606,9606.ENSP00000386543
Q4KMP7,9606,9606.ENSP00000386538
Q4LE39,9606,9606.ENSP00000264183
Q4V321,9606,9606.ENSP00000483811
Q4V328,9606,9606.ENSP00000365606
Q4VC05,9606,9606.ENSP00000445868
Q4VC31,9606,9606.ENSP00000291458
Q502W6,9606,9606.ENSP00000417955
Q52LJ0,9606,9606.ENSP00000380734
Q52LR7,9606,9606.ENSP00000258484
Q52MB2,9606,9606.ENSP00000320849
Q53EL6,9606,9606.ENSP00000280154
Q53ET0,9606,9606.ENSP00000357622
Q53F19,9606,9606.ENSP00000373657
Q53FT3,9606,9606.ENSP00000278483
Q53FZ2,9606,9606.ENSP00000289416
Q53GS7,9606,9606.ENSP00000308622
Q53GS9,9606,9606.ENSP00000312981
Q53H12,9606,9606.ENSP00000497280
Q53H47,9606,9606.ENSP00000373354
Q53H82,9606,9606.ENSP00000276590
Q53H96,9606,9606.ENSP00000220966
Q53HC9,9606,9606.ENSP00000381652
Q53HL2,9606,9606.ENSP00000362146
Q53R41,9606,9606.ENSP00000400513
Q53S08,9606,9606.ENSP00000490038
Q53S58,9606,9606.ENSP00000402661
Q562R1,9606,9606.ENSP00000416706
Q567V2,9606,9606.ENSP00000469836
Q569K6,9606,9606.ENSP00000385357
Q56A73,9606,9606.ENSP00000364018
Q56P03,9606,9606.ENSP00000250454
Q57261,83333,511145.b2745
Q587I9,9606,9606.ENSP00000310803
Q58FF6,9606,
Q58FG1,9606,
Q58WW2,9606,9606.ENSP00000356814
Q59385,83333,511145.b0484
Q5BJH7,9606,9606.ENSP00000343435
Q5BKX5,9606,9606.ENSP00000367564
Q5BKZ1,9606,9606.ENSP00000340796
Q5C9Z4,9606,9606.ENSP00000275820
Q5EBL4,9606,9606.ENSP00000366070
Q5F1R6,9606,9606.ENSP00000371451
Q5FBB7,9606,9606.ENSP00000263753
Q5GLZ8,9606,9606.ENSP00000378624
Q5H9F3,9606,9606.ENSP00000437775
Q5H9R7,9606,9606.ENSP00000377390
Q5HYI8,9606,9606.ENSP00000273375
Q5HYK3,9606,9606.ENSP00000288532
Q5J8M3,9606,9606.ENSP00000267750
Q5JPH6,9606,9606.ENSP00000456218
Q5JPI3,9606,9606.ENSP00000322469
Q5JPI9,9606,9606.ENSP00000357829
Q5JQC4,9606,9606.ENSP00000389513
Q5JRA6,9606,9606.ENSP00000340900
Q5JRK9,9606,9606.ENSP00000364110
Q5JRX3,9606,9606.ENSP00000370377
Q5JS54,9606,9606.ENSP00000392353
Q5JSH3,9606,9606.ENSP00000254029
Q5JSL3,9606,9606.ENSP00000276202
Q5JTH9,9606,9606.ENSP00000446184
Q5JTJ3,9606,9606.ENSP00000355574
Q5JTV8,9606,9606.ENSP00000435365
Q5JTZ9,9606,9606.ENSP00000244571
Q5JVF3,9606,9606.ENSP00000479494
Q5JWF2,9606,9606.ENSP00000360141
Q5MIZ7,9606,9606.ENSP00000483228
Q5MNZ6,9606,9606.ENSP00000376139
Q5PRF9,9606,9606.ENSP00000317224
Q5QJE6,9606,9606.ENSP00000411010
Q5R372,9606,9606.ENSP00000251507
Q5R3I4,9606,9606.ENSP00000370419
Q5RI15,9606,9606.ENSP00000355486
Q5RKV6,9606,9606.ENSP00000398597
Q5SNV9,9606,9606.ENSP00000414909
Q5SRE5,9606,9606.ENSP00000361658
Q5SSJ5,9606,9606.ENSP00000403039
Q5SW79,9606,9606.ENSP00000355500
Q5SW96,9606,9606.ENSP00000363458
Q5SY16,9606,9606.ENSP00000366934
Q5T0F9,9606,9606.ENSP00000360642
Q5T160,9606,9606.ENSP00000358549
Q5T1C6,9606,9606.ENSP00000357804
Q5T1M5,9606,9606.ENSP00000416158
Q5T1V6,9606,9606.ENSP00000330460
Q5T200,9606,9606.ENSP00000242848
Q5T280,9606,9606.ENSP00000354812
Q5T3I0,9606,9606.ENSP00000396441
Q5T3J3,9606,9606.ENSP00000358778
Q5T440,9606,9606.ENSP00000355672
Q5T447,9606,9606.ENSP00000361245
Q5T4S7,9606,9606.ENSP00000364403
Q5T5C0,9606,9606.ENSP00000321826
Q5T653,9606,9606.ENSP00000373404
Q5T6F2,9606,9606.ENSP00000354039
Q5T6S3,9606,9606.ENSP00000483946
Q5T6V5,9606,9606.ENSP00000365522
Q5T8P6,9606,9606.ENSP00000483408
Q5T9A4,9606,9606.ENSP00000500094
Q5TA31,9606,9606.ENSP00000306396
Q5TA45,9606,9606.ENSP00000445001
Q5TAQ9,9606,9606.ENSP00000357052
Q5TBB1,9606,9606.ENSP00000337623
Q5TC12,9606,9606.ENSP00000460964
Q5TDH0,9606,9606.ENSP00000417748
Q5TEC6,9606,9606.ENSP00000499501
Q5TEJ8,9606,9606.ENSP00000363031
Q5TEU4,9606,9606.ENSP00000367346
Q5TFE4,9606,9606.ENSP00000326858
Q5TG30,9606,9606.ENSP00000362442
Q5TGZ0,9606,9606.ENSP00000325562
Q5U5X0,9606,9606.ENSP00000368688
Q5UIP0,9606,9606.ENSP00000243326
Q5VIR6,9606,9606.ENSP00000401435
Q5VSL9,9606,9606.ENSP00000358810
Q5VT25,9606,9606.ENSP00000355731
Q5VT52,9606,9606.ENSP00000358064
Q5VTB9,9606,9606.ENSP00000347548
Q5VTD9,9606,9606.ENSP00000344782
Q5VTL8,9606,9606.ENSP00000359042
Q5VTR2,9606,9606.ENSP00000373772
Q5VUA4,9606,9606.ENSP00000354964
Q5VV42,9606,9606.ENSP00000274695
Q5VVJ2,9606,9606.ENSP00000418734
Q5VVQ6,9606,9606.ENSP00000326813
Q5VW32,9606,9606.ENSP00000343742
Q5VWQ0,9606,9606.ENSP00000261441
Q5VWZ2,9606,9606.ENSP00000355895
Q5VYK3,9606,9606.ENSP00000259335
Q5VZ89,9606,9606.ENSP00000473469
Q5VZL5,9606,9606.ENSP00000322915
Q5W111,9606,9606.ENSP00000354774
Q5XKE5,9606,9606.ENSP00000328358
Q5XKP0,9606,9606.ENSP00000468723
Q63HN8,9606,9606.ENSP00000464087
Q641Q2,9606,9606.ENSP00000282633
Q658P3,9606,9606.ENSP00000376822
Q658Y4,9606,9606.ENSP00000335082
Q659C4,9606,9606.ENSP00000321997
Q66K14,9606,9606.ENSP00000349291
Q66K64,9606,9606.ENSP00000254337
Q66K74,9606,9606.ENSP00000325313
Q66K89,9606,9606.ENSP00000301727
Q66PJ3,9606,9606.ENSP00000313422
Q676U5,9606,9606.ENSP00000375873
Q68CP9,9606,9606.ENSP00000335044
Q68CQ4,9606,9606.ENSP00000419005
Q68CZ6,9606,9606.ENSP00000243706
Q68D91,9606,9606.ENSP00000314776
Q68E01,9606,9606.ENSP00000318641
Q68EM7,9606,9606.ENSP00000289968
Q69YH5,9606,9606.ENSP00000328228
Q69YL0,9606,9606.ENSP00000488305
Q69YN2,9606,9606.ENSP00000326411
Q69YN4,9606,9606.ENSP00000297591
Q69YQ0,9606,9606.ENSP00000325785
Q69YU5,9606,9606.ENSP00000367330
Q6AI08,9606,9606.ENSP00000184956
Q6BCY4,9606,9606.ENSP00000437041
Q6BDS2,9606,9606.ENSP00000192788
Q6DD87,9606,9606.ENSP00000478557
Q6DD88,9606,9606.ENSP00000381844
Q6DHV7,9606,9606.ENSP00000456242
Q6DKI1,9606,9606.ENSP00000418221
Q6DKK2,9606,9606.ENSP00000261647
Q6DN03,9606,
Q6DN90,9606,9606.ENSP00000480301
Q6EEV4,9606,9606.ENSP00000299638
Q6FI81,9606,9606.ENSP00000377914
Q6FIF0,9606,9606.ENSP00000479071
Q6GMV2,9606,9606.ENSP00000374152
Q6GMV3,9606,9606.ENSP00000330389
Q6GQQ9,9606,9606.ENSP00000462729
Q6I9Y2,9606,9606.ENSP00000295899
Q6IA86,9606,9606.ENSP00000414851
Q6IAA8,9606,9606.ENSP00000278671
Q6IBS0,9606,9606.ENSP00000303908
Q6IBW4,9606,9606.ENSP00000299821
Q6ICB0,9606,9606.ENSP00000263256
Q6ICL3,9606,9606.ENSP00000403645
Q6IN84,9606,9606.ENSP00000481559
Q6IN85,9606,9606.ENSP00000450864
Q6IQ49,9606,9606.ENSP00000272091
Q6JBY9,9606,9606.ENSP00000356828
Q6KC79,9606,9606.ENSP00000282516
Q6L8Q7,9606,9606.ENSP00000309142
Q6N063,9606,9606.ENSP00000228922
Q6NS38,9606,9606.ENSP00000398181
Q6NT46,9606,9606.ENSP00000355421
Q6NT76,9606,9606.ENSP00000430110
Q6NUK1,9606,9606.ENSP00000457733
Q6NUQ1,9606,9606.ENSP00000257700
Q6NVY1,9606,9606.ENSP00000352706
Q6NW29,9606,9606.ENSP00000388920
Q6NW34,9606,9606.ENSP00000320251
Q6NXE6,9606,9606.ENSP00000444156
Q6NXR4,9606,9606.ENSP00000478396
Q6NXT1,9606,9606.ENSP00000215941
Q6NXT4,9606,9606.ENSP00000368648
Q6NYC1,9606,9606.ENSP00000394085
Q6NYC8,9606,9606.ENSP00000480270
Q6NZI2,9606,9606.ENSP00000349541
Q6NZY4,9606,9606.ENSP00000438993
Q6P087,9606,9606.ENSP00000373331
Q6P158,9606,9606.ENSP00000405111
Q6P161,9606,9606.ENSP00000331849
Q6P1J9,9606,9606.ENSP00000356405
Q6P1K2,9606,9606.ENSP00000357256
Q6P1L8,9606,9606.ENSP00000361084
Q6P1N0,9606,9606.ENSP00000313601
Q6P1N9,9606,9606.ENSP00000276692
Q6P1Q9,9606,9606.ENSP00000262432
Q6P1X5,9606,9606.ENSP00000367406
Q6P1X6,9606,9606.ENSP00000436621
Q6P2C8,9606,9606.ENSP00000292035
Q6P2E9,9606,9606.ENSP00000351811
Q6P2H3,9606,9606.ENSP00000252992
Q6P2Q9,9606,9606.ENSP00000460348
Q6P3W7,9606,9606.ENSP00000489123
Q6P3X3,9606,9606.ENSP00000313953
Q6P444,9606,9606.ENSP00000395232
Q6P4A7,9606,9606.ENSP00000347924
Q6P4F2,9606,9606.ENSP00000377311
Q6P4I2,9606,9606.ENSP00000387982
Q6P582,9606,9606.ENSP00000311500
Q6P587,9606,9606.ENSP00000372112
Q6P5X5,9606,9606.ENSP00000382474
Q6P6B7,9606,9606.ENSP00000369436
Q6P6C2,9606,9606.ENSP00000382091
Q6P996,9606,9606.ENSP00000379691
Q6P9B6,9606,9606.ENSP00000343635
Q6P9B9,9606,9606.ENSP00000327889
Q6PCB5,9606,9606.ENSP00000334040
Q6PCD5,9606,9606.ENSP00000354361
Q6PD62,9606,9606.ENSP00000355013
Q6PD74,9606,9606.ENSP00000261880
Q6PGN9,9606,9606.ENSP00000358925
Q6PI48,9606,9606.ENSP00000497569
Q6PI98,9606,9606.ENSP00000391457
Q6PID6,9606,9606.ENSP00000338533
Q6PIW4,9606,9606.ENSP00000410811
Q6PIY7,9606,9606.ENSP00000397563
Q6PJ69,9606,9606.ENSP00000269383
Q6PJG2,9606,9606.ENSP00000286523
Q6PJG6,9606,9606.ENSP00000339637
Q6PJI9,9606,9606.ENSP00000262144
Q6PJT7,9606,9606.ENSP00000251038
Q6PK04,9606,9606.ENSP00000329360
Q6PKG0,9606,9606.ENSP00000336721
Q6PL18,9606,9606.ENSP00000287394
Q6PL24,9606,9606.ENSP00000216468
Q6Q546,4932,4932.YNR032C-A
Q6Q560,4932,4932.YER048W-A
Q6QNY0,9606,9606.ENSP00000393840
Q6QNY1,9606,9606.ENSP00000359398
Q6RFH5,9606,9606.ENSP00000432119
Q6RW13,9606,9606.ENSP00000319713
Q6SPF0,9606,9606.ENSP00000431971
Q6UB35,9606,9606.ENSP00000478253
Q6UB99,9606,9606.ENSP00000301030
Q6ULP2,9606,9606.ENSP00000238855
Q6UN15,9606,9606.ENSP00000336752
Q6UVJ0,9606,9606.ENSP00000287482
Q6UWE0,9606,9606.ENSP00000322937
Q6UWP2,9606,9606.ENSP00000482704
Q6UX04,9606,9606.ENSP00000370460
Q6UXN9,9606,9606.ENSP00000296490
Q6UXV4,9606,9606.ENSP00000362268
Q6VMQ6,9606,9606.ENSP00000440440
Q6VN20,9606,9606.ENSP00000316589
Q6VY07,9606,9606.ENSP00000316454
Q6W2J9,9606,9606.ENSP00000367705
Q6WKZ4,9606,9606.ENSP00000331342
Q6WNK7,4932,4932.YBR111W-A
Q6XQN6,9606,9606.ENSP00000401508
Q6Y7W6,9606,9606.ENSP00000387170
Q6YHU6,9606,9606.ENSP00000385995
Q6YN16,9606,9606.ENSP00000381785
Q6YP21,9606,9606.ENSP00000260508
Q6ZN17,9606,9606.ENSP00000344401
Q6ZN55,9606,9606.ENSP00000222339
Q6ZNJ1,9606,9606.ENSP00000415034
Q6ZQW0,9606,9606.ENSP00000443432
Q6ZRS2,9606,9606.ENSP00000262518
Q6ZSJ8,9606,9606.ENSP00000362133
Q6ZSR9,9606,
Q6ZT12,9606,9606.ENSP00000396068
Q6ZU65,9606,9606.ENSP00000418648
Q6ZUT1,9606,9606.ENSP00000376767
Q6ZW49,9606,9606.ENSP00000384048
Q6ZWJ1,9606,9606.ENSP00000365530
Q6ZYL4,9606,9606.ENSP00000476100
Q709C8,9606,9606.ENSP00000493560
Q70CQ2,9606,9606.ENSP00000381577
Q70J99,9606,9606.ENSP00000207549
Q70YC5,9606,9606.ENSP00000387091
Q70Z53,9606,9606.ENSP00000360488
Q712K3,9606,9606.ENSP00000263228
Q71F23,9606,9606.ENSP00000281453
Q71RC2,9606,9606.ENSP00000415464
Q71SY5,9606,9606.ENSP00000326767
Q71U36,9606,9606.ENSP00000439020
Q71UM5,9606,9606.ENSP00000331019
Q75N03,9606,9606.ENSP00000401277
Q75QN2,9606,9606.ENSP00000430338
Q765P7,9606,9606.ENSP00000341171
Q76FK4,9606,9606.ENSP00000441140
Q7KZ85,9606,9606.ENSP00000319104
Q7KZF4,9606,9606.ENSP00000346762
Q7KZI7,9606,9606.ENSP00000385751
Q7KZN9,9606,9606.ENSP00000016171
Q7L014,9606,9606.ENSP00000416534
Q7L0Y3,9606,9606.ENSP00000312356
Q7L1Q6,9606,9606.ENSP00000394316
Q7L1T6,9606,9606.ENSP00000358695
Q7L1V2,9606,9606.ENSP00000248248
Q7L273,9606,9606.ENSP00000221200
Q7L2E3,9606,9606.ENSP00000405620
Q7L2H7,9606,9606.ENSP00000436049
Q7L2J0,9606,9606.ENSP00000308546
Q7L2Z9,9606,9606.ENSP00000337289
Q7L3T8,9606,9606.ENSP00000360327
Q7L4I2,9606,9606.ENSP00000330188
Q7L523,9606,9606.ENSP00000369899
Q7L576,9606,9606.ENSP00000481038
Q7L592,9606,9606.ENSP00000002125
Q7L5D6,9606,9606.ENSP00000265857
Q7L5N1,9606,9606.ENSP00000304102
Q7L5Y1,9606,9606.ENSP00000497230
Q7L5Y9,9606,9606.ENSP00000302830
Q7L775,9606,9606.ENSP00000406027
Q7L7X3,9606,9606.ENSP00000261716
Q7L8L6,9606,9606.ENSP00000369618
Q7L9L4,9606,9606.ENSP00000379366
Q7LBC6,9606,9606.ENSP00000326563
Q7LBR1,9606,9606.ENSP00000432279
Q7LGA3,9606,9606.ENSP00000359581
Q7RTV0,9606,9606.ENSP00000216252
Q7Z2E3,9606,9606.ENSP00000369145
Q7Z2T5,9606,9606.ENSP00000356476
Q7Z2W4,9606,9606.ENSP00000242351
Q7Z2W9,9606,9606.ENSP00000354580
Q7Z2Z2,9606,9606.ENSP00000268206
Q7Z392,9606,9606.ENSP00000335371
Q7Z3B3,9606,9606.ENSP00000387393
Q7Z3B4,9606,9606.ENSP00000264883
Q7Z3C6,9606,9606.ENSP00000386710
Q7Z3J2,9606,9606.ENSP00000251143
Q7Z3K3,9606,9606.ENSP00000271715
Q7Z3T8,9606,9606.ENSP00000426848
Q7Z3U7,9606,9606.ENSP00000377250
Q7Z417,9606,9606.ENSP00000225388
Q7Z422,9606,9606.ENSP00000383866
Q7Z434,9606,9606.ENSP00000401980
Q7Z460,9606,9606.ENSP00000263710
Q7Z478,9606,9606.ENSP00000251636
Q7Z4G1,9606,9606.ENSP00000348054
Q7Z4G4,9606,9606.ENSP00000333934
Q7Z4H3,9606,9606.ENSP00000381220
Q7Z4H7,9606,9606.ENSP00000369871
Q7Z4H8,9606,9606.ENSP00000315386
Q7Z4Q2,9606,9606.ENSP00000299192
Q7Z4S6,9606,9606.ENSP00000354878
Q7Z4V5,9606,9606.ENSP00000483345
Q7Z4W1,9606,9606.ENSP00000303356
Q7Z569,9606,9606.ENSP00000403524
Q7Z5G4,9606,9606.ENSP00000350378
Q7Z5K2,9606,9606.ENSP00000298767
Q7Z5L9,9606,9606.ENSP00000355568
Q7Z6B0,9606,9606.ENSP00000438040
Q7Z6E9,9606,9606.ENSP00000317872
Q7Z6J8,9606,9606.ENSP00000358762
Q7Z6J9,9606,9606.ENSP00000327487
Q7Z6M1,9606,9606.ENSP00000362639
Q7Z6V5,9606,9606.ENSP00000237283
Q7Z6Z7,9606,9606.ENSP00000340648
Q7Z739,9606,9606.ENSP00000478490
Q7Z7A3,9606,9606.ENSP00000390011
Q7Z7C8,9606,9606.ENSP00000362068
Q7Z7E8,9606,9606.ENSP00000292211
Q7Z7F0,9606,9606.ENSP00000357304
Q7Z7F7,9606,9606.ENSP00000403614
Q7Z7H8,9606,9606.ENSP00000290208
Q7Z7K0,9606,9606.ENSP00000418348
Q7Z7K6,9606,9606.ENSP00000299736
Q7Z7L9,9606,9606.ENSP00000410198
Q7Z7M9,9606,9606.ENSP00000259056
Q7Z7N9,9606,9606.ENSP00000333697
Q86SE9,9606,9606.ENSP00000337500
Q86SF2,9606,9606.ENSP00000265000
Q86SQ9,9606,9606.ENSP00000353104
Q86SX6,9606,9606.ENSP00000328570
Q86SZ2,9606,9606.ENSP00000330289
Q86TB9,9606,9606.ENSP00000300146
Q86TI2,9606,9606.ENSP00000262960
Q86TP1,9606,9606.ENSP00000271620
Q86TS9,9606,9606.ENSP00000347277
Q86TU7,9606,9606.ENSP00000327436
Q86U06,9606,9606.ENSP00000352956
Q86U28,9606,9606.ENSP00000452007
Q86U38,9606,9606.ENSP00000267425
Q86U42,9606,9606.ENSP00000216727
Q86U44,9606,9606.ENSP00000298717
Q86U70,9606,9606.ENSP00000501277
Q86U86,9606,9606.ENSP00000386593
Q86U90,9606,9606.ENSP00000362135
Q86UA1,9606,9606.ENSP00000348010
Q86UA6,9606,9606.ENSP00000385814
Q86UD0,9606,9606.ENSP00000386348
Q86UE4,9606,9606.ENSP00000338235
Q86UE8,9606,9606.ENSP00000316512
Q86UK7,9606,9606.ENSP00000455308
Q86UP2,9606,9606.ENSP00000378725
Q86UU1,9606,9606.ENSP00000354498
Q86UV5,9606,9606.ENSP00000309262
Q86UX7,9606,9606.ENSP00000279227
Q86UY5,9606,9606.ENSP00000428876
Q86UY6,9606,9606.ENSP00000367024
Q86V21,9606,9606.ENSP00000324842
Q86V48,9606,9606.ENSP00000303758
Q86V59,9606,9606.ENSP00000318131
Q86V81,9606,9606.ENSP00000421592
Q86VM9,9606,9606.ENSP00000416951
Q86VN1,9606,9606.ENSP00000367299
Q86VP6,9606,9606.ENSP00000442318
Q86VR2,9606,9606.ENSP00000309432
Q86VS8,9606,9606.ENSP00000305699
Q86VU5,9606,9606.ENSP00000361616
Q86VX2,9606,9606.ENSP00000278980
Q86W42,9606,9606.ENSP00000326531
Q86W50,9606,9606.ENSP00000263092
Q86W56,9606,9606.ENSP00000384408
Q86WA8,9606,9606.ENSP00000285737
Q86WB0,9606,9606.ENSP00000351052
Q86WJ1,9606,9606.ENSP00000358262
Q86WN1,9606,9606.ENSP00000399259
Q86WP2,9606,9606.ENSP00000401596
Q86WQ0,9606,9606.ENSP00000402756
Q86WR0,9606,9606.ENSP00000348933
Q86WX3,9606,9606.ENSP00000333948
Q86X10,9606,9606.ENSP00000262879
Q86X29,9606,9606.ENSP00000480821
Q86X55,9606,9606.ENSP00000325690
Q86X76,9606,9606.ENSP00000356988
Q86X83,9606,9606.ENSP00000419475
Q86XA9,9606,9606.ENSP00000437968
Q86XI2,9606,9606.ENSP00000387007
Q86XL3,9606,9606.ENSP00000350686
Q86XP3,9606,9606.ENSP00000464050
Q86XZ4,9606,9606.ENSP00000448228
Q86Y07,9606,9606.ENSP00000408002
Q86Y39,9606,9606.ENSP00000389160
Q86Y46,9606,9606.ENSP00000307014
Q86Y56,9606,9606.ENSP00000297440
Q86Y82,9606,9606.ENSP00000363054
Q86Y91,9606,9606.ENSP00000465992
Q86YF9,9606,9606.ENSP00000257312
Q86YH6,9606,9606.ENSP00000358033
Q86YM7,9606,9606.ENSP00000334382
Q86YP4,9606,9606.ENSP00000384899
Q86YT6,9606,9606.ENSP00000261537
Q86ZR7,4932,4932.YKL033W-A
Q8IU60,9606,9606.ENSP00000373715
Q8IU81,9606,9606.ENSP00000307265
Q8IUE6,9606,9606.ENSP00000332790
Q8IUF1,9606,9606.ENSP00000259199
Q8IUF8,9606,9606.ENSP00000328251
Q8IUH3,9606,9606.ENSP00000286070
Q8IUI8,9606,9606.ENSP00000318804
Q8IUR0,9606,9606.ENSP00000470262
Q8IUR7,9606,9606.ENSP00000419413
Q8IV08,9606,9606.ENSP00000387050
Q8IV38,9606,9606.ENSP00000303570
Q8IV48,9606,9606.ENSP00000250263
Q8IV50,9606,9606.ENSP00000267838
Q8IV63,9606,9606.ENSP00000469880
Q8IVD9,9606,9606.ENSP00000347626
Q8IVF4,9606,9606.ENSP00000489675
Q8IVH2,9606,9606.ENSP00000362151
Q8IVI9,9606,9606.ENSP00000394051
Q8IVM0,9606,9606.ENSP00000376249
Q8IVS2,9606,9606.ENSP00000290429
Q8IWA0,9606,9606.ENSP00000314193
Q8IWA4,9606,9606.ENSP00000420617
Q8IWB7,9606,9606.ENSP00000233055
Q8IWD4,9606,9606.ENSP00000249064
Q8IWI9,9606,9606.ENSP00000219905
Q8IWJ2,9606,9606.ENSP00000307939
Q8IWR0,9606,9606.ENSP00000379773
Q8IWS0,9606,9606.ENSP00000329097
Q8IWT0,9606,9606.ENSP00000417677
Q8IWV7,9606,9606.ENSP00000290650
Q8IWV8,9606,9606.ENSP00000361990
Q8IWX8,9606,9606.ENSP00000439856
Q8IWY9,9606,9606.ENSP00000348564
Q8IWZ3,9606,9606.ENSP00000354085
Q8IWZ8,9606,9606.ENSP00000247001
Q8IX01,9606,9606.ENSP00000472914
Q8IX07,9606,9606.ENSP00000326630
Q8IX12,9606,9606.ENSP00000265872
Q8IX90,9606,9606.ENSP00000319417
Q8IXB1,9606,9606.ENSP00000264065
Q8IXH7,9606,9606.ENSP00000473290
Q8IXI1,9606,9606.ENSP00000321971
Q8IXI2,9606,9606.ENSP00000351132
Q8IXJ6,9606,9606.ENSP00000249396
Q8IXJ9,9606,9606.ENSP00000364839
Q8IXK0,9606,9606.ENSP00000257118
Q8IXM3,9606,9606.ENSP00000360498
Q8IXQ3,9606,9606.ENSP00000366050
Q8IXQ4,9606,9606.ENSP00000368447
Q8IXT5,9606,9606.ENSP00000382239
Q8IXW5,9606,9606.ENSP00000476948
Q8IY18,9606,9606.ENSP00000354957
Q8IY22,9606,9606.ENSP00000446100
Q8IY33,9606,9606.ENSP00000297508
Q8IY37,9606,9606.ENSP00000311135
Q8IY47,9606,9606.ENSP00000302586
Q8IY57,9606,9606.ENSP00000328004
Q8IY67,9606,9606.ENSP00000482486
Q8IY81,9606,9606.ENSP00000396673
Q8IY95,9606,9606.ENSP00000305069
Q8IYB3,9606,9606.ENSP00000326261
Q8IYB5,9606,9606.ENSP00000359484
Q8IYB8,9606,9606.ENSP00000352678
Q8IYB9,9606,9606.ENSP00000477392
Q8IYD1,9606,9606.ENSP00000341247
Q8IYH5,9606,9606.ENSP00000359837
Q8IYI6,9606,9606.ENSP00000355605
Q8IYL3,9606,9606.ENSP00000355306
Q8IYQ7,9606,9606.ENSP00000434887
Q8IYS2,9606,9606.ENSP00000365756
Q8IYU8,9606,9606.ENSP00000371811
Q8IZ07,9606,9606.ENSP00000261739
Q8IZ21,9606,9606.ENSP00000362942
Q8IZ40,9606,9606.ENSP00000301459
Q8IZ69,9606,9606.ENSP00000395738
Q8IZ73,9606,9606.ENSP00000323288
Q8IZ83,9606,9606.ENSP00000293350
Q8IZH2,9606,9606.ENSP00000264951
Q8IZL8,9606,9606.ENSP00000301396
Q8IZP0,9606,9606.ENSP00000365312
Q8IZQ5,9606,9606.ENSP00000434511
Q8IZV5,9606,9606.ENSP00000240285
Q8J0M4,4932,4932.YCL012C
Q8N0S6,9606,9606.ENSP00000348527
Q8N0T1,9606,9606.ENSP00000484492
Q8N0U8,9606,9606.ENSP00000403077
Q8N0X7,9606,9606.ENSP00000414147
Q8N0Y2,9606,9606.ENSP00000338860
Q8N0Z6,9606,9606.ENSP00000258821
Q8N108,9606,9606.ENSP00000383820
Q8N122,9606,9606.ENSP00000307272
Q8N128,9606,9606.ENSP00000280987
Q8N163,9606,9606.ENSP00000310670
Q8N183,9606,9606.ENSP00000296597
Q8N196,9606,9606.ENSP00000316842
Q8N1B4,9606,9606.ENSP00000409952
Q8N1F7,9606,9606.ENSP00000310668
Q8N1F8,9606,9606.ENSP00000389383
Q8N1G0,9606,9606.ENSP00000319829
Q8N1G2,9606,9606.ENSP00000362550
Q8N1G4,9606,9606.ENSP00000367498
Q8N201,9606,9606.ENSP00000385722
Q8N2C7,9606,9606.ENSP00000391088
Q8N2F6,9606,9606.ENSP00000319412
Q8N2M8,9606,9606.ENSP00000221455
Q8N2W9,9606,9606.ENSP00000262971
Q8N2Z9,9606,9606.ENSP00000308583
Q8N335,9606,9606.ENSP00000282541
Q8N357,9606,9606.ENSP00000345528
Q8N392,9606,9606.ENSP00000357131
Q8N3C0,9606,9606.ENSP00000358159
Q8N3D4,9606,9606.ENSP00000312671
Q8N3P4,9606,9606.ENSP00000487164
Q8N3U4,9606,9606.ENSP00000218089
Q8N3X1,9606,9606.ENSP00000263773
Q8N3Z6,9606,9606.ENSP00000443113
Q8N442,9606,9606.ENSP00000281543
Q8N488,9606,9606.ENSP00000419494
Q8N490,9606,9606.ENSP00000273077
Q8N4H5,9606,9606.ENSP00000438204
Q8N4J0,9606,9606.ENSP00000366030
Q8N4N3,9606,9606.ENSP00000456743
Q8N4P3,9606,9606.ENSP00000377814
Q8N4Q1,9606,9606.ENSP00000295767
Q8N543,9606,9606.ENSP00000457258
Q8N567,9606,9606.ENSP00000254037
Q8N573,9606,9606.ENSP00000405424
Q8N5A5,9606,9606.ENSP00000332013
Q8N5C7,9606,9606.ENSP00000251250
Q8N5F7,9606,9606.ENSP00000360464
Q8N5G0,9606,9606.ENSP00000427407
Q8N5I9,9606,9606.ENSP00000447057
Q8N5K1,9606,9606.ENSP00000273986
Q8N5L8,9606,9606.ENSP00000297613
Q8N5M1,9606,9606.ENSP00000417190
Q8N5M4,9606,9606.ENSP00000325266
Q8N5M9,9606,9606.ENSP00000496942
Q8N5N7,9606,9606.ENSP00000363999
Q8N5P1,9606,9606.ENSP00000386488
Q8N653,9606,9606.ENSP00000496779
Q8N684,9606,9606.ENSP00000345412
Q8N6H7,9606,9606.ENSP00000434442
Q8N6M0,9606,9606.ENSP00000285420
Q8N6N3,9606,9606.ENSP00000419417
Q8N6R0,9606,9606.ENSP00000354920
Q8N6T3,9606,9606.ENSP00000314615
Q8N6T7,9606,9606.ENSP00000337332
Q8N766,9606,9606.ENSP00000420608
Q8N7H5,9606,9606.ENSP00000221265
Q8N806,9606,9606.ENSP00000013070
Q8N8A6,9606,9606.ENSP00000380495
Q8N8N7,9606,9606.ENSP00000452280
Q8N8R5,9606,9606.ENSP00000312770
Q8N954,9606,9606.ENSP00000386772
Q8N983,9606,9606.ENSP00000339844
Q8N999,9606,9606.ENSP00000349358
Q8N9I0,9606,9606.ENSP00000356237
Q8N9N2,9606,9606.ENSP00000339404
Q8N9N5,9606,9606.ENSP00000376902
Q8N9N7,9606,9606.ENSP00000326817
Q8N9N8,9606,9606.ENSP00000434056
Q8N9Q2,9606,9606.ENSP00000427401
Q8N9T8,9606,9606.ENSP00000498803
Q8N9Z2,9606,9606.ENSP00000430897
Q8NAB2,9606,9606.ENSP00000432163
Q8NAV1,9606,9606.ENSP00000257181
Q8NB37,9606,9606.ENSP00000321691
Q8NB46,9606,9606.ENSP00000267116
Q8NB49,9606,9606.ENSP00000332756
Q8NB78,9606,9606.ENSP00000297792
Q8NB90,9606,9606.ENSP00000274008
Q8NBA8,9606,9606.ENSP00000425048
Q8NBF2,9606,9606.ENSP00000358307
Q8NBF6,9606,9606.ENSP00000315568
Q8NBI5,9606,9606.ENSP00000434515
Q8NBJ5,9606,9606.ENSP00000252599
Q8NBJ7,9606,9606.ENSP00000498402
Q8NBN3,9606,9606.ENSP00000374484
Q8NBN7,9606,9606.ENSP00000391121
Q8NBQ5,9606,9606.ENSP00000351035
Q8NBS9,9606,9606.ENSP00000369081
Q8NBT2,9606,9606.ENSP00000465075
Q8NBU5,9606,9606.ENSP00000339017
Q8NBX0,9606,9606.ENSP00000355467
Q8NBZ0,9606,9606.ENSP00000457016
Q8NC51,9606,9606.ENSP00000360034
Q8NC60,9606,9606.ENSP00000264230
Q8NC96,9606,9606.ENSP00000491067
Q8NCA5,9606,9606.ENSP00000238823
Q8NCE0,9606,9606.ENSP00000284995
Q8NCE2,9606,9606.ENSP00000296003
Q8NCF5,9606,9606.ENSP00000324792
Q8NCG7,9606,9606.ENSP00000297056
Q8NCH0,9606,9606.ENSP00000307297
Q8NCU4,9606,9606.ENSP00000295878
Q8NCW5,9606,9606.ENSP00000357218
Q8ND04,9606,9606.ENSP00000438748
Q8ND24,9606,9606.ENSP00000300650
Q8ND56,9606,9606.ENSP00000446271
Q8ND76,9606,9606.ENSP00000363836
Q8ND82,9606,9606.ENSP00000360017
Q8NDC0,9606,9606.ENSP00000378851
Q8NDD1,9606,9606.ENSP00000355609
Q8NDF8,9606,9606.ENSP00000396995
Q8NDI1,9606,9606.ENSP00000263991
Q8NDV7,9606,9606.ENSP00000379144
Q8NDX1,9606,9606.ENSP00000245796
Q8NE71,9606,9606.ENSP00000313603
Q8NE86,9606,9606.ENSP00000362144
Q8NEB9,9606,9606.ENSP00000262039
Q8NEC7,9606,9606.ENSP00000422354
Q8NEF9,9606,9606.ENSP00000341324
Q8NEJ9,9606,9606.ENSP00000386134
Q8NEM2,9606,9606.ENSP00000306473
Q8NEY1,9606,9606.ENSP00000356265
Q8NEY8,9606,9606.ENSP00000378935
Q8NEZ2,9606,9606.ENSP00000318629
Q8NEZ5,9606,9606.ENSP00000307833
Q8NF50,9606,9606.ENSP00000394888
Q8NFA0,9606,9606.ENSP00000300896
Q8NFC6,9606,9606.ENSP00000040738
Q8NFD5,9606,9606.ENSP00000490491
Q8NFF5,9606,9606.ENSP00000292180
Q8NFG4,9606,9606.ENSP00000285071
Q8NFH3,9606,9606.ENSP00000342262
Q8NFH4,9606,9606.ENSP00000448054
Q8NFH5,9606,9606.ENSP00000295119
Q8NFU5,9606,9606.ENSP00000363046
Q8NFV4,9606,9606.ENSP00000222800
Q8NFW8,9606,9606.ENSP00000229329
Q8NG11,9606,9606.ENSP00000361231
Q8NG31,9606,9606.ENSP00000335463
Q8NHG7,9606,9606.ENSP00000346130
Q8NHH9,9606,9606.ENSP00000368237
Q8NHM5,9606,9606.ENSP00000366271
Q8NHP8,9606,9606.ENSP00000280800
Q8NHQ9,9606,9606.ENSP00000238146
Q8NHV4,9606,9606.ENSP00000451211
Q8NHW5,9606,
Q8NHZ8,9606,9606.ENSP00000363322
Q8NI22,9606,9606.ENSP00000386651
Q8NI27,9606,9606.ENSP00000245838
Q8NI36,9606,9606.ENSP00000423067
Q8NI51,9606,9606.ENSP00000415579
Q8NI60,9606,9606.ENSP00000355741
Q8TA86,9606,9606.ENSP00000297157
Q8TAA5,9606,9606.ENSP00000329558
Q8TAC1,9606,9606.ENSP00000413592
Q8TAD8,9606,9606.ENSP00000296215
Q8TAE6,9606,9606.ENSP00000355260
Q8TAE8,9606,9606.ENSP00000323065
Q8TAF3,9606,9606.ENSP00000307491
Q8TAG9,9606,9606.ENSP00000260762
Q8TAP6,9606,9606.ENSP00000262127
Q8TAP8,9606,9606.ENSP00000292330
Q8TAP9,9606,9606.ENSP00000304553
Q8TAQ2,9606,9606.ENSP00000449396
Q8TAT6,9606,9606.ENSP00000331487
Q8TB03,9606,9606.ENSP00000330488
Q8TB52,9606,9606.ENSP00000237281
Q8TB61,9606,9606.ENSP00000377401
Q8TB72,9606,9606.ENSP00000338173
Q8TBA6,9606,9606.ENSP00000163416
Q8TBB5,9606,9606.ENSP00000270583
Q8TBC4,9606,9606.ENSP00000354340
Q8TBF2,9606,9606.ENSP00000413218
Q8TBN0,9606,9606.ENSP00000378313
Q8TBP6,9606,9606.ENSP00000344831
Q8TBQ9,9606,9606.ENSP00000424707
Q8TBX8,9606,9606.ENSP00000347032
Q8TBZ6,9606,9606.ENSP00000273962
Q8TC07,9606,9606.ENSP00000448182
Q8TC12,9606,9606.ENSP00000370750
Q8TCC3,9606,9606.ENSP00000338057
Q8TCD5,9606,9606.ENSP00000245552
Q8TCF1,9606,9606.ENSP00000220669
Q8TCG1,9606,9606.ENSP00000295746
Q8TCS8,9606,9606.ENSP00000400646
Q8TD16,9606,9606.ENSP00000349351
Q8TD19,9606,9606.ENSP00000238616
Q8TD26,9606,9606.ENSP00000362330
Q8TDD1,9606,9606.ENSP00000323858
Q8TDH9,9606,9606.ENSP00000380598
Q8TDN6,9606,9606.ENSP00000338862
Q8TDP1,9606,9606.ENSP00000308193
Q8TDX7,9606,9606.ENSP00000356355
Q8TE02,9606,9606.ENSP00000379869
Q8TEA1,9606,9606.ENSP00000366519
Q8TEA8,9606,9606.ENSP00000482916
Q8TEB1,9606,9606.ENSP00000415556
Q8TED0,9606,9606.ENSP00000296792
Q8TEM1,9606,9606.ENSP00000254508
Q8TEQ6,9606,9606.ENSP00000285873
Q8TEU7,9606,9606.ENSP00000296859
Q8TEX9,9606,9606.ENSP00000346453
Q8TF01,9606,9606.ENSP00000496842
Q8TF05,9606,9606.ENSP00000383402
Q8TF46,9606,9606.ENSP00000321711
Q8TGU7,4932,4932.YBR126W-A
Q8WTS1,9606,9606.ENSP00000495778
Q8WTT2,9606,9606.ENSP00000360412
Q8WU76,9606,9606.ENSP00000384182
Q8WU79,9606,9606.ENSP00000361803
Q8WU90,9606,9606.ENSP00000338788
Q8WUA2,9606,9606.ENSP00000253329
Q8WUA4,9606,9606.ENSP00000352536
Q8WUB8,9606,9606.ENSP00000341805
Q8WUD4,9606,9606.ENSP00000292314
Q8WUE5,9606,9606.ENSP00000276241
Q8WUH1,9606,9606.ENSP00000475473
Q8WUH6,9606,9606.ENSP00000449785
Q8WUI4,9606,9606.ENSP00000080059
Q8WUK0,9606,9606.ENSP00000325958
Q8WUM0,9606,9606.ENSP00000261396
Q8WUM4,9606,9606.ENSP00000411825
Q8WUQ7,9606,9606.ENSP00000415078
Q8WUR7,9606,9606.ENSP00000403987
Q8WUU5,9606,9606.ENSP00000287957
Q8WUW1,9606,9606.ENSP00000432472
Q8WUX1,9606,9606.ENSP00000471683
Q8WUX2,9606,9606.ENSP00000295304
Q8WUX9,9606,9606.ENSP00000380794
Q8WUZ0,9606,9606.ENSP00000369674
Q8WV22,9606,9606.ENSP00000355077
Q8WV41,9606,9606.ENSP00000311427
Q8WV44,9606,9606.ENSP00000320869
Q8WV60,9606,9606.ENSP00000370013
Q8WVB6,9606,9606.ENSP00000262315
Q8WVC0,9606,9606.ENSP00000299601
Q8WVD3,9606,9606.ENSP00000261593
Q8WVJ2,9606,9606.ENSP00000304854
Q8WVK2,9606,9606.ENSP00000244227
Q8WVM0,9606,9606.ENSP00000356134
Q8WVM8,9606,9606.ENSP00000390783
Q8WVT3,9606,9606.ENSP00000324318
Q8WVV9,9606,9606.ENSP00000390625
Q8WVX9,9606,9606.ENSP00000346874
Q8WVY7,9606,9606.ENSP00000296786
Q8WW01,9606,9606.ENSP00000355299
Q8WW12,9606,9606.ENSP00000265260
Q8WW33,9606,9606.ENSP00000446485
Q8WW59,9606,9606.ENSP00000338034
Q8WWC4,9606,9606.ENSP00000295079
Q8WWH5,9606,9606.ENSP00000298746
Q8WWK9,9606,9606.ENSP00000367276
Q8WWM7,9606,9606.ENSP00000378917
Q8WWQ0,9606,9606.ENSP00000275034
Q8WWV3,9606,9606.ENSP00000358059
Q8WWW0,9606,9606.ENSP00000462099
Q8WWY3,9606,9606.ENSP00000324122
Q8WWZ3,9606,9606.ENSP00000335076
Q8WX92,9606,9606.ENSP00000339495
Q8WXA9,9606,9606.ENSP00000334538
Q8WXB1,9606,9606.ENSP00000272839
Q8WXD5,9606,9606.ENSP00000281950
Q8WXD9,9606,9606.ENSP00000345436
Q8WXE1,9606,9606.ENSP00000323099
Q8WXE9,9606,9606.ENSP00000450857
Q8WXF1,9606,9606.ENSP00000343966
Q8WXG6,9606,9606.ENSP00000310933
Q8WXI9,9606,9606.ENSP00000357644
Q8WXW3,9606,9606.ENSP00000317144
Q8WXX5,9606,9606.ENSP00000362041
Q8WY54,9606,9606.ENSP00000312411
Q8WYA6,9606,9606.ENSP00000355050
Q8WYH8,9606,9606.ENSP00000490767
Q8WYN0,9606,9606.ENSP00000361306
Q8WYP5,9606,9606.ENSP00000355465
Q8WYQ3,9606,9606.ENSP00000384973
Q8WYQ5,9606,9606.ENSP00000263209
Q8WZ82,9606,9606.ENSP00000461388
Q8WZA0,9606,9606.ENSP00000366430
Q8WZA9,9606,9606.ENSP00000387535
Q92317,4932,4932.YDR397C
Q92325,4932,4932.YOL025W
Q92331,4932,4932.YOR069W
Q92499,9606,9606.ENSP00000370745
Q92504,9606,9606.ENSP00000363809
Q92506,9606,9606.ENSP00000363794
Q92520,9606,9606.ENSP00000353025
Q92522,9606,9606.ENSP00000329662
Q92526,9606,9606.ENSP00000327191
Q92530,9606,9606.ENSP00000338039
Q92538,9606,9606.ENSP00000359000
Q92539,9606,9606.ENSP00000261596
Q92540,9606,9606.ENSP00000425133
Q92541,9606,9606.ENSP00000374280
Q92544,9606,9606.ENSP00000381104
Q92547,9606,9606.ENSP00000260810
Q92552,9606,9606.ENSP00000426941
Q92560,9606,9606.ENSP00000417132
Q92572,9606,9606.ENSP00000325369
Q92575,9606,9606.ENSP00000272638
Q92576,9606,9606.ENSP00000262043
Q92598,9606,9606.ENSP00000487365
Q92599,9606,9606.ENSP00000367991
Q92600,9606,9606.ENSP00000486540
Q92609,9606,9606.ENSP00000402935
Q92610,9606,9606.ENSP00000452877
Q92614,9606,9606.ENSP00000437073
Q92615,9606,9606.ENSP00000326128
Q92616,9606,9606.ENSP00000300648
Q92620,9606,9606.ENSP00000268482
Q92621,9606,9606.ENSP00000285968
Q92625,9606,9606.ENSP00000353518
Q92636,9606,9606.ENSP00000411012
Q92665,9606,9606.ENSP00000315397
Q92667,9606,9606.ENSP00000478212
Q92688,9606,9606.ENSP00000345848
Q92692,9606,9606.ENSP00000252483
Q92696,9606,9606.ENSP00000382341
Q92733,9606,9606.ENSP00000271526
Q92734,9606,9606.ENSP00000240851
Q92747,9606,9606.ENSP00000262942
Q92759,9606,9606.ENSP00000259895
Q92766,9606,9606.ENSP00000369270
Q92769,9606,9606.ENSP00000430432
Q92783,9606,9606.ENSP00000366746
Q92785,9606,9606.ENSP00000252268
Q92793,9606,9606.ENSP00000262367
Q92794,9606,9606.ENSP00000265713
Q92797,9606,9606.ENSP00000245934
Q92804,9606,9606.ENSP00000474096
Q92820,9606,9606.ENSP00000260118
Q92828,9606,9606.ENSP00000343746
Q92841,9606,9606.ENSP00000380033
Q92843,9606,9606.ENSP00000250405
Q92844,9606,9606.ENSP00000259075
Q92851,9606,9606.ENSP00000286186
Q92878,9606,9606.ENSP00000368100
Q92879,9606,9606.ENSP00000436864
Q92882,9606,9606.ENSP00000340836
Q92888,9606,9606.ENSP00000337261
Q92890,9606,9606.ENSP00000263202
Q92896,9606,9606.ENSP00000205061
Q92900,9606,9606.ENSP00000470142
Q92901,9606,9606.ENSP00000268661
Q92905,9606,9606.ENSP00000350512
Q92917,9606,9606.ENSP00000156109
Q92922,9606,9606.ENSP00000254480
Q92925,9606,9606.ENSP00000392617
Q92945,9606,9606.ENSP00000381216
Q92947,9606,9606.ENSP00000466845
Q92973,9606,9606.ENSP00000336712
Q92974,9606,9606.ENSP00000354837
Q92979,9606,9606.ENSP00000470560
Q92989,9606,9606.ENSP00000434995
Q92990,9606,9606.ENSP00000359385
Q93008,9606,9606.ENSP00000316357
Q93009,9606,9606.ENSP00000343535
Q93034,9606,9606.ENSP00000376808
Q93050,9606,9606.ENSP00000264649
Q93074,9606,9606.ENSP00000363193
Q93100,9606,9606.ENSP00000313504
Q93K97,83333,511145.b3034
Q969E2,9606,9606.ENSP00000316007
Q969E8,9606,9606.ENSP00000364293
Q969F1,9606,9606.ENSP00000357863
Q969G3,9606,9606.ENSP00000323967
Q969G6,9606,9606.ENSP00000365926
Q969H8,9606,9606.ENSP00000262947
Q969Q0,9606,9606.ENSP00000346012
Q969Q5,9606,9606.ENSP00000304376
Q969S3,9606,9606.ENSP00000310042
Q969S9,9606,9606.ENSP00000427004
Q969T4,9606,9606.ENSP00000473623
Q969T9,9606,9606.ENSP00000467579
Q969U7,9606,9606.ENSP00000325919
Q969X1,9606,9606.ENSP00000409738
Q969X6,9606,9606.ENSP00000327179
Q969Y2,9606,9606.ENSP00000351644
Q969Z0,9606,9606.ENSP00000258770
Q96A00,9606,9606.ENSP00000301242
Q96A08,9606,9606.ENSP00000274764
Q96A26,9606,9606.ENSP00000419088
Q96A33,9606,9606.ENSP00000225726
Q96A35,9606,9606.ENSP00000354525
Q96A49,9606,9606.ENSP00000369500
Q96A65,9606,9606.ENSP00000253861
Q96A72,9606,9606.ENSP00000319240
Q96A73,9606,9606.ENSP00000298569
Q96AB3,9606,9606.ENSP00000085068
Q96AD5,9606,9606.ENSP00000337701
Q96AE4,9606,9606.ENSP00000359804
Q96AG4,9606,9606.ENSP00000225972
Q96AJ9,9606,9606.ENSP00000376792
Q96AQ8,9606,9606.ENSP00000368468
Q96AT1,9606,9606.ENSP00000296121
Q96AT9,9606,9606.ENSP00000352401
Q96AX1,9606,9606.ENSP00000267199
Q96B23,9606,9606.ENSP00000481626
Q96B26,9606,9606.ENSP00000374354
Q96B36,9606,9606.ENSP00000375711
Q96B49,9606,9606.ENSP00000381859
Q96B54,9606,9606.ENSP00000300811
Q96BD8,9606,9606.ENSP00000285116
Q96BH1,9606,9606.ENSP00000295704
Q96BJ3,9606,9606.ENSP00000339161
Q96BK5,9606,9606.ENSP00000318966
Q96BN2,9606,9606.ENSP00000356848
Q96BN8,9606,9606.ENSP00000284274
Q96BP2,9606,9606.ENSP00000361923
Q96BP3,9606,9606.ENSP00000261308
Q96BR5,9606,9606.ENSP00000360593
Q96BW5,9606,9606.ENSP00000367239
Q96BW9,9606,9606.ENSP00000398596
Q96C01,9606,9606.ENSP00000397269
Q96C19,9606,9606.ENSP00000365147
Q96C23,9606,9606.ENSP00000272252
Q96C36,9606,9606.ENSP00000342502
Q96C57,9606,9606.ENSP00000442224
Q96C86,9606,9606.ENSP00000263579
Q96C90,9606,9606.ENSP00000310117
Q96CB8,9606,9606.ENSP00000415433
Q96CB9,9606,9606.ENSP00000419740
Q96CD2,9606,9606.ENSP00000343190
Q96CN7,9606,9606.ENSP00000173527
Q96CP2,9606,9606.ENSP00000380159
Q96CS2,9606,9606.ENSP00000282058
Q96CS3,9606,9606.ENSP00000261942
Q96CT7,9606,9606.ENSP00000471455
Q96CU9,9606,9606.ENSP00000263578
Q96CW1,9606,9606.ENSP00000403362
Q96CW5,9606,9606.ENSP00000261965
Q96CW6,9606,9606.ENSP00000263997
Q96D46,9606,9606.ENSP00000417559
Q96D71,9606,9606.ENSP00000392065
Q96DA6,9606,9606.ENSP00000372005
Q96DB5,9606,9606.ENSP00000385927
Q96DE0,9606,9606.ENSP00000422375
Q96DE5,9606,9606.ENSP00000477760
Q96DF8,9606,9606.ENSP00000252137
Q96DG6,9606,9606.ENSP00000296658
Q96DH6,9606,9606.ENSP00000284073
Q96DI7,9606,9606.ENSP00000263694
Q96DM3,9606,9606.ENSP00000269221
Q96DT6,9606,9606.ENSP00000322159
Q96DV4,9606,9606.ENSP00000308275
Q96DX7,9606,9606.ENSP00000299413
Q96E11,9606,9606.ENSP00000343867
Q96E14,9606,9606.ENSP00000310356
Q96E29,9606,9606.ENSP00000287025
Q96E39,9606,9606.ENSP00000446099
Q96E52,9606,9606.ENSP00000360270
Q96EA4,9606,9606.ENSP00000265295
Q96EB1,9606,9606.ENSP00000379267
Q96EB6,9606,9606.ENSP00000212015
Q96EE3,9606,9606.ENSP00000382779
Q96EH3,9606,9606.ENSP00000419370
Q96EK5,9606,9606.ENSP00000354848
Q96EK6,9606,9606.ENSP00000216410
Q96EK7,9606,9606.ENSP00000440125
Q96EK9,9606,9606.ENSP00000360676
Q96EL2,9606,9606.ENSP00000318158
Q96EL3,9606,9606.ENSP00000258105
Q96EM0,9606,9606.ENSP00000247194
Q96EP5,9606,9606.ENSP00000233078
Q96EQ0,9606,9606.ENSP00000370395
Q96ER3,9606,9606.ENSP00000432487
Q96ER9,9606,9606.ENSP00000379047
Q96ES7,9606,9606.ENSP00000316114
Q96EU6,9606,9606.ENSP00000244496
Q96EV2,9606,9606.ENSP00000384160
Q96EV8,9606,9606.ENSP00000341680
Q96EX1,9606,9606.ENSP00000428585
Q96EY1,9606,9606.ENSP00000262375
Q96EY4,9606,9606.ENSP00000351380
Q96EY5,9606,9606.ENSP00000324810
Q96EY7,9606,9606.ENSP00000254630
Q96EY8,9606,9606.ENSP00000445920
Q96EY9,9606,9606.ENSP00000332448
Q96F24,9606,9606.ENSP00000277746
Q96F44,9606,9606.ENSP00000284551
Q96F63,9606,9606.ENSP00000269967
Q96F86,9606,9606.ENSP00000497737
Q96FF9,9606,9606.ENSP00000275517
Q96FJ2,9606,9606.ENSP00000477310
Q96FK6,9606,9606.ENSP00000378399
Q96FS4,9606,9606.ENSP00000377771
Q96FV2,9606,9606.ENSP00000290216
Q96FV9,9606,9606.ENSP00000261600
Q96FW1,9606,9606.ENSP00000444357
Q96FX2,9606,9606.ENSP00000419599
Q96FX7,9606,9606.ENSP00000374399
Q96FZ2,9606,9606.ENSP00000372955
Q96FZ7,9606,9606.ENSP00000317468
Q96G03,9606,9606.ENSP00000371393
Q96G21,9606,9606.ENSP00000259239
Q96G23,9606,9606.ENSP00000271688
Q96G25,9606,9606.ENSP00000290663
Q96G28,9606,9606.ENSP00000342699
Q96G46,9606,9606.ENSP00000311977
Q96G74,9606,9606.ENSP00000156084
Q96GA3,9606,9606.ENSP00000356548
Q96GA7,9606,9606.ENSP00000341117
Q96GC5,9606,9606.ENSP00000308717
Q96GD0,9606,9606.ENSP00000215904
Q96GD4,9606,9606.ENSP00000313950
Q96GG9,9606,9606.ENSP00000292782
Q96GK7,9606,9606.ENSP00000233379
Q96GM5,9606,9606.ENSP00000378414
Q96GM8,9606,9606.ENSP00000361162
Q96GQ7,9606,9606.ENSP00000483495
Q96GS4,9606,9606.ENSP00000373669
Q96GU1,9606,9606.ENSP00000289619
Q96GX2,9606,9606.ENSP00000430000
Q96GX9,9606,9606.ENSP00000379133
Q96H20,9606,9606.ENSP00000421380
Q96H55,9606,9606.ENSP00000479518
Q96HA7,9606,9606.ENSP00000386239
Q96HC4,9606,9606.ENSP00000480359
Q96HE7,9606,9606.ENSP00000379042
Q96HP4,9606,9606.ENSP00000487136
Q96HR3,9606,9606.ENSP00000297347
Q96HR8,9606,9606.ENSP00000274054
Q96HR9,9606,9606.ENSP00000233596
Q96HS1,9606,9606.ENSP00000438465
Q96HU8,9606,9606.ENSP00000364919
Q96HW7,9606,9606.ENSP00000434466
Q96HY6,9606,9606.ENSP00000346483
Q96I15,9606,9606.ENSP00000499199
Q96I24,9606,9606.ENSP00000318177
Q96I25,9606,9606.ENSP00000388638
Q96I51,9606,9606.ENSP00000480364
Q96I59,9606,9606.ENSP00000281038
Q96I99,9606,9606.ENSP00000419325
Q96IG2,9606,9606.ENSP00000264658
Q96II8,9606,9606.ENSP00000399751
Q96IJ6,9606,9606.ENSP00000350949
Q96IU4,9606,9606.ENSP00000420065
Q96IV0,9606,9606.ENSP00000280700
Q96IX5,9606,9606.ENSP00000358840
Q96IY1,9606,9606.ENSP00000355944
Q96IZ7,9606,9606.ENSP00000481697
Q96J01,9606,9606.ENSP00000265097
Q96J02,9606,9606.ENSP00000499786
Q96JB2,9606,9606.ENSP00000258654
Q96JB3,9606,9606.ENSP00000387757
Q96JB5,9606,9606.ENSP00000438886
Q96JC1,9606,9606.ENSP00000335193
Q96JC9,9606,9606.ENSP00000380054
Q96JG6,9606,9606.ENSP00000307666
Q96JH7,9606,9606.ENSP00000309031
Q96JM3,9606,9606.ENSP00000496699
Q96JP5,9606,9606.ENSP00000339030
Q96K17,9606,9606.ENSP00000360664
Q96K37,9606,9606.ENSP00000470652
Q96K76,9606,9606.ENSP00000382382
Q96KB5,9606,9606.ENSP00000428489
Q96KC2,9606,9606.ENSP00000366487
Q96KG9,9606,9606.ENSP00000270176
Q96KP1,9606,9606.ENSP00000230449
Q96KP4,9606,9606.ENSP00000325548
Q96KQ7,9606,9606.ENSP00000379078
Q96KR1,9606,9606.ENSP00000265069
Q96KR6,9606,9606.ENSP00000360437
Q96L91,9606,9606.ENSP00000374212
Q96L92,9606,9606.ENSP00000400333
Q96LA8,9606,9606.ENSP00000359095
Q96LB4,9606,9606.ENSP00000417171
Q96LI5,9606,9606.ENSP00000424896
Q96LJ7,9606,9606.ENSP00000380027
Q96LT9,9606,9606.ENSP00000432886
Q96M27,9606,9606.ENSP00000421965
Q96ME1,9606,9606.ENSP00000371805
Q96MF7,9606,9606.ENSP00000287437
Q96MG7,9606,9606.ENSP00000330694
Q96MU7,9606,9606.ENSP00000463982
Q96MW1,9606,9606.ENSP00000323782
Q96MX0,9606,9606.ENSP00000400482
Q96MX6,9606,9606.ENSP00000295121
Q96N66,9606,9606.ENSP00000245615
Q96NA2,9606,9606.ENSP00000301336
Q96NB3,9606,9606.ENSP00000354518
Q96NC0,9606,9606.ENSP00000274712
Q96ND0,9606,9606.ENSP00000323635
Q96NT0,9606,9606.ENSP00000259229
Q96NT1,9606,9606.ENSP00000320488
Q96NW4,9606,9606.ENSP00000304292
Q96NY7,9606,9606.ENSP00000353959
Q96P11,9606,9606.ENSP00000309126
Q96P16,9606,9606.ENSP00000381984
Q96P47,9606,9606.ENSP00000380413
Q96P48,9606,9606.ENSP00000377233
Q96P70,9606,9606.ENSP00000354742
Q96PE7,9606,9606.ENSP00000244217
Q96PK6,9606,9606.ENSP00000311747
Q96PM5,9606,9606.ENSP00000321239
Q96PM9,9606,9606.ENSP00000338927
Q96PU5,9606,9606.ENSP00000383199
Q96PU8,9606,9606.ENSP00000355094
Q96PV6,9606,9606.ENSP00000318374
Q96PZ0,9606,9606.ENSP00000417402
Q96Q05,9606,9606.ENSP00000373979
Q96Q11,9606,9606.ENSP00000251607
Q96Q15,9606,9606.ENSP00000402515
Q96Q83,9606,9606.ENSP00000302232
Q96Q89,9606,9606.ENSP00000360793
Q96QC0,9606,9606.ENSP00000365694
Q96QD8,9606,9606.ENSP00000256689
Q96QD9,9606,9606.ENSP00000241502
Q96QK1,9606,9606.ENSP00000299138
Q96QR8,9606,9606.ENSP00000379051
Q96QU8,9606,9606.ENSP00000302790
Q96QZ7,9606,9606.ENSP00000385450
Q96R06,9606,9606.ENSP00000323300
Q96RD7,9606,9606.ENSP00000227638
Q96RE7,9606,9606.ENSP00000292431
Q96RL1,9606,9606.ENSP00000421926
Q96RN5,9606,9606.ENSP00000263205
Q96RP9,9606,9606.ENSP00000264263
Q96RQ3,9606,9606.ENSP00000265594
Q96RS0,9606,9606.ENSP00000260129
Q96RS6,9606,9606.ENSP00000239690
Q96RT1,9606,9606.ENSP00000426632
Q96RU2,9606,9606.ENSP00000003302
Q96S15,9606,9606.ENSP00000293883
Q96S19,9606,9606.ENSP00000440765
Q96S44,9606,9606.ENSP00000361186
Q96S55,9606,9606.ENSP00000370150
Q96S59,9606,9606.ENSP00000011619
Q96S66,9606,9606.ENSP00000349456
Q96S82,9606,9606.ENSP00000457703
Q96S94,9606,9606.ENSP00000383611
Q96S97,9606,9606.ENSP00000375649
Q96S99,9606,9606.ENSP00000389787
Q96SB3,9606,9606.ENSP00000478767
Q96SB4,9606,9606.ENSP00000362931
Q96SB8,9606,9606.ENSP00000404092
Q96SI9,9606,9606.ENSP00000321347
Q96SN8,9606,9606.ENSP00000343818
Q96ST2,9606,9606.ENSP00000295321
Q96ST3,9606,9606.ENSP00000378402
Q96SU4,9606,9606.ENSP00000412733
Q96SW2,9606,9606.ENSP00000231948
Q96SY0,9606,9606.ENSP00000498715
Q96SZ5,9606,9606.ENSP00000362888
Q96SZ6,9606,9606.ENSP00000217372
Q96T23,9606,9606.ENSP00000311513
Q96T37,9606,9606.ENSP00000358799
Q96T51,9606,9606.ENSP00000325594
Q96T58,9606,9606.ENSP00000364912
Q96T60,9606,9606.ENSP00000323511
Q96T76,9606,9606.ENSP00000359818
Q96T88,9606,9606.ENSP00000479617
Q96TA1,9606,9606.ENSP00000362409
Q96TA2,9606,9606.ENSP00000318480
Q96TC7,9606,9606.ENSP00000260385
Q96VH4,4932,4932.YCL026C-B
Q96VH5,4932,4932.YCL057C-A
Q99081,9606,9606.ENSP00000388940
Q99176,4932,4932.YLR119W
Q99186,4932,4932.YOL062C
Q99189,4932,4932.YOR160W
Q99190,4932,4932.YDL015C
Q99207,4932,4932.YDL148C
Q99210,4932,4932.YOR111W
Q99216,4932,4932.YOR145C
Q99247,4932,4932.YOL087C
Q99257,4932,4932.YPL169C
Q99258,4932,4932.YDR487C
Q99260,4932,4932.YLR262C
Q99271,4932,4932.YLR138W
Q99287,4932,4932.YOR165W
Q99288,4932,4932.YDR051C
Q99312,4932,4932.YOR155C
Q99316,4932,4932.YOL088C
Q99321,4932,4932.YOR163W
Q99369,4932,4932.YOR280C
Q99383,4932,4932.YOL123W
Q99385,4932,4932.YDL128W
Q99394,4932,4932.YOR115C
Q99395,4932,4932.YPL229W
Q99417,9606,9606.ENSP00000380702
Q99426,9606,9606.ENSP00000221855
Q99436,9606,9606.ENSP00000259457
Q99439,9606,9606.ENSP00000456436
Q99447,9606,9606.ENSP00000442050
Q99459,9606,9606.ENSP00000360532
Q99460,9606,9606.ENSP00000309474
Q99471,9606,9606.ENSP00000447942
Q99496,9606,9606.ENSP00000356480
Q99497,9606,9606.ENSP00000340278
Q99504,9606,9606.ENSP00000362978
Q99523,9606,9606.ENSP00000256637
Q99536,9606,9606.ENSP00000347872
Q99541,9606,9606.ENSP00000276914
Q99543,9606,9606.ENSP00000368565
Q99547,9606,9606.ENSP00000258169
Q99549,9606,9606.ENSP00000355388
Q99567,9606,9606.ENSP00000458954
Q99570,9606,9606.ENSP00000349205
Q99575,9606,9606.ENSP00000385787
Q99584,9606,9606.ENSP00000392767
Q99590,9606,9606.ENSP00000358374
Q99595,9606,9606.ENSP00000356256
Q99598,9606,9606.ENSP00000355599
Q99611,9606,9606.ENSP00000418669
Q99613,9606,9606.ENSP00000332604
Q99614,9606,9606.ENSP00000231238
Q99615,9606,9606.ENSP00000406463
Q99618,9606,9606.ENSP00000442068
Q99622,9606,9606.ENSP00000229281
Q99623,9606,9606.ENSP00000441875
Q99627,9606,9606.ENSP00000346340
Q99633,9606,9606.ENSP00000367835
Q99638,9606,9606.ENSP00000311360
Q99640,9606,9606.ENSP00000262300
Q99643,9606,9606.ENSP00000356953
Q99653,9606,9606.ENSP00000335632
Q99661,9606,9606.ENSP00000361298
Q99700,9606,9606.ENSP00000446576
Q99707,9606,9606.ENSP00000355536
Q99714,9606,9606.ENSP00000168216
Q99717,9606,9606.ENSP00000441954
Q99719,9606,9606.ENSP00000391311
Q99729,9606,9606.ENSP00000425031
Q99733,9606,9606.ENSP00000369915
Q99735,9606,9606.ENSP00000482639
Q99747,9606,9606.ENSP00000324628
Q99755,9606,9606.ENSP00000357883
Q99757,9606,9606.ENSP00000216185
Q99797,9606,9606.ENSP00000371607
Q99798,9606,9606.ENSP00000216254
Q99805,9606,9606.ENSP00000493515
Q99807,9606,9606.ENSP00000322316
Q99808,9606,9606.ENSP00000498610
Q99816,9606,9606.ENSP00000251968
Q99829,9606,9606.ENSP00000317257
Q99832,9606,9606.ENSP00000258091
Q99836,9606,9606.ENSP00000498321
Q99848,9606,9606.ENSP00000407323
Q99856,9606,9606.ENSP00000263620
Q99871,9606,9606.ENSP00000359230
Q99873,9606,9606.ENSP00000406162
Q99909,9606,9606.ENSP00000298396
Q99933,9606,9606.ENSP00000489189
Q99942,9606,9606.ENSP00000364235
Q99952,9606,9606.ENSP00000175756
Q99956,9606,9606.ENSP00000345853
Q99961,9606,9606.ENSP00000269886
Q99986,9606,9606.ENSP00000216639
Q99996,9606,9606.ENSP00000348573
Q9BPW8,9606,9606.ENSP00000216121
Q9BPX3,9606,9606.ENSP00000251496
Q9BPX5,9606,9606.ENSP00000345361
Q9BPX6,9606,9606.ENSP00000493232
Q9BPY3,9606,9606.ENSP00000433343
Q9BPZ3,9606,9606.ENSP00000378275
Q9BQ04,9606,9606.ENSP00000433071
Q9BQ15,9606,9606.ENSP00000369545
Q9BQ39,9606,9606.ENSP00000362687
Q9BQ48,9606,9606.ENSP00000252602
Q9BQ52,9606,9606.ENSP00000337445
Q9BQ61,9606,9606.ENSP00000242784
Q9BQ67,9606,9606.ENSP00000253237
Q9BQ69,9606,9606.ENSP00000255681
Q9BQ75,9606,9606.ENSP00000410396
Q9BQ87,9606,9606.ENSP00000372499
Q9BQ95,9606,9606.ENSP00000270517
Q9BQA1,9606,9606.ENSP00000235090
Q9BQC3,9606,9606.ENSP00000255108
Q9BQC6,9606,9606.ENSP00000310726
Q9BQE3,9606,9606.ENSP00000443475
Q9BQE5,9606,9606.ENSP00000249066
Q9BQE9,9606,9606.ENSP00000411073
Q9BQG0,9606,9606.ENSP00000370968
Q9BQG2,9606,9606.ENSP00000230792
Q9BQP7,9606,9606.ENSP00000366939
Q9BQT8,9606,9606.ENSP00000329452
Q9BQY4,9606,9606.ENSP00000360441
Q9BR61,9606,9606.ENSP00000495710
Q9BR76,9606,9606.ENSP00000340211
Q9BRA2,9606,9606.ENSP00000250101
Q9BRD0,9606,9606.ENSP00000260210
Q9BRF8,9606,9606.ENSP00000371193
Q9BRG1,9606,9606.ENSP00000253794
Q9BRJ2,9606,9606.ENSP00000484903
Q9BRJ7,9606,9606.ENSP00000306670
Q9BRK5,9606,9606.ENSP00000499387
Q9BRL6,9606,9606.ENSP00000480140
Q9BRP1,9606,9606.ENSP00000246535
Q9BRP4,9606,9606.ENSP00000438071
Q9BRP8,9606,9606.ENSP00000386156
Q9BRQ8,9606,9606.ENSP00000478931
Q9BRS2,9606,9606.ENSP00000369162
Q9BRT2,9606,9606.ENSP00000476140
Q9BRT3,9606,9606.ENSP00000462998
Q9BRT6,9606,9606.ENSP00000266604
Q9BRT9,9606,9606.ENSP00000276533
Q9BRU9,9606,9606.ENSP00000308332
Q9BRX2,9606,9606.ENSP00000274311
Q9BRX5,9606,9606.ENSP00000401018
Q9BRX9,9606,9606.ENSP00000402653
Q9BRZ2,9606,9606.ENSP00000305161
Q9BS16,9606,9606.ENSP00000379911
Q9BS18,9606,9606.ENSP00000421842
Q9BS26,9606,9606.ENSP00000262455
Q9BSC4,9606,9606.ENSP00000371101
Q9BSD7,9606,9606.ENSP00000355587
Q9BSF4,9606,9606.ENSP00000270502
Q9BSH4,9606,9606.ENSP00000258975
Q9BSJ2,9606,9606.ENSP00000446093
Q9BSJ8,9606,9606.ENSP00000267113
Q9BSL1,9606,9606.ENSP00000360821
Q9BSR8,9606,9606.ENSP00000238831
Q9BSU3,9606,9606.ENSP00000286794
Q9BSV6,9606,9606.ENSP00000397402
Q9BSY4,9606,9606.ENSP00000325655
Q9BSY9,9606,9606.ENSP00000306528
Q9BT09,9606,9606.ENSP00000361926
Q9BT25,9606,9606.ENSP00000253669
Q9BT73,9606,9606.ENSP00000288607
Q9BT78,9606,9606.ENSP00000424655
Q9BTA9,9606,9606.ENSP00000346986
Q9BTC0,9606,9606.ENSP00000266070
Q9BTC8,9606,9606.ENSP00000385823
Q9BTD8,9606,9606.ENSP00000262633
Q9BTE1,9606,9606.ENSP00000300087
Q9BTE3,9606,9606.ENSP00000353098
Q9BTE6,9606,9606.ENSP00000400870
Q9BTE7,9606,9606.ENSP00000260247
Q9BTK6,9606,9606.ENSP00000326519
Q9BTL3,9606,9606.ENSP00000307181
Q9BTM9,9606,9606.ENSP00000501135
Q9BTT0,9606,9606.ENSP00000463154
Q9BTT4,9606,9606.ENSP00000255764
Q9BTU6,9606,9606.ENSP00000359665
Q9BTV4,9606,9606.ENSP00000303992
Q9BTW9,9606,9606.ENSP00000347719
Q9BTY7,9606,9606.ENSP00000321320
Q9BTZ2,9606,9606.ENSP00000326219
Q9BU61,9606,9606.ENSP00000323076
Q9BU76,9606,9606.ENSP00000272139
Q9BU89,9606,9606.ENSP00000398882
Q9BUB5,9606,9606.ENSP00000498083
Q9BUB7,9606,9606.ENSP00000312599
Q9BUE0,9606,9606.ENSP00000362948
Q9BUF5,9606,9606.ENSP00000318697
Q9BUH6,9606,9606.ENSP00000360682
Q9BUI4,9606,9606.ENSP00000334564
Q9BUJ2,9606,9606.ENSP00000375863
Q9BUK0,9606,9606.ENSP00000306425
Q9BUK6,9606,9606.ENSP00000245564
Q9BUL5,9606,9606.ENSP00000322579
Q9BUL8,9606,9606.ENSP00000376506
Q9BUL9,9606,9606.ENSP00000317691
Q9BUP3,9606,9606.ENSP00000392985
Q9BUQ8,9606,9606.ENSP00000310723
Q9BUR4,9606,9606.ENSP00000324203
Q9BUR5,9606,9606.ENSP00000368528
Q9BUT9,9606,9606.ENSP00000305138
Q9BUZ4,9606,9606.ENSP00000262395
Q9BV19,9606,9606.ENSP00000361603
Q9BV20,9606,9606.ENSP00000040663
Q9BV29,9606,9606.ENSP00000452773
Q9BV38,9606,9606.ENSP00000476117
Q9BV40,9606,9606.ENSP00000263864
Q9BV44,9606,9606.ENSP00000339532
Q9BV57,9606,9606.ENSP00000333666
Q9BV68,9606,9606.ENSP00000292363
Q9BV79,9606,9606.ENSP00000263702
Q9BV86,9606,9606.ENSP00000483489
Q9BVA0,9606,9606.ENSP00000368982
Q9BVC3,9606,9606.ENSP00000322180
Q9BVC4,9606,9606.ENSP00000457870
Q9BVC5,9606,9606.ENSP00000258457
Q9BVC6,9606,9606.ENSP00000227525
Q9BVG4,9606,9606.ENSP00000362456
Q9BVI4,9606,9606.ENSP00000328854
Q9BVJ6,9606,9606.ENSP00000377944
Q9BVJ7,9606,9606.ENSP00000357087
Q9BVK6,9606,9606.ENSP00000330945
Q9BVL2,9606,9606.ENSP00000371155
Q9BVL4,9606,9606.ENSP00000370288
Q9BVM2,9606,9606.ENSP00000359170
Q9BVP2,9606,9606.ENSP00000395772
Q9BVQ7,9606,9606.ENSP00000305494
Q9BVS4,9606,9606.ENSP00000283109
Q9BVT8,9606,9606.ENSP00000376565
Q9BVV7,9606,9606.ENSP00000169551
Q9BVW5,9606,9606.ENSP00000261881
Q9BW19,9606,9606.ENSP00000393963
Q9BW27,9606,9606.ENSP00000245544
Q9BW61,9606,9606.ENSP00000352928
Q9BW66,9606,9606.ENSP00000216756
Q9BW71,9606,9606.ENSP00000279392
Q9BW85,9606,9606.ENSP00000262962
Q9BW91,9606,9606.ENSP00000303575
Q9BW92,9606,9606.ENSP00000358060
Q9BWD1,9606,9606.ENSP00000356015
Q9BWE0,9606,9606.ENSP00000417291
Q9BWF3,9606,9606.ENSP00000386894
Q9BWG4,9606,9606.ENSP00000270061
Q9BWH2,9606,9606.ENSP00000358510
Q9BWH6,9606,9606.ENSP00000306123
Q9BWJ5,9606,9606.ENSP00000356541
Q9BWS9,9606,9606.ENSP00000398722
Q9BWT3,9606,9606.ENSP00000238714
Q9BWT6,9606,9606.ENSP00000240488
Q9BWU0,9606,9606.ENSP00000479964
Q9BWW4,9606,9606.ENSP00000360371
Q9BX10,9606,9606.ENSP00000303997
Q9BX40,9606,9606.ENSP00000279068
Q9BX68,9606,9606.ENSP00000259667
Q9BXB4,9606,9606.ENSP00000296220
Q9BXJ9,9606,9606.ENSP00000296543
Q9BXK5,9606,9606.ENSP00000480836
Q9BXL5,9606,9606.ENSP00000259456
Q9BXP5,9606,9606.ENSP00000480421
Q9BXR0,9606,9606.ENSP00000250237
Q9BXS5,9606,9606.ENSP00000388996
Q9BXS6,9606,9606.ENSP00000499238
Q9BXV9,9606,9606.ENSP00000306320
Q9BXW7,9606,9606.ENSP00000337358
Q9BXW9,9606,9606.ENSP00000287647
Q9BXY0,9606,9606.ENSP00000353246
Q9BY32,9606,9606.ENSP00000369456
Q9BY42,9606,9606.ENSP00000023939
Q9BY43,9606,9606.ENSP00000476412
Q9BY44,9606,9606.ENSP00000417229
Q9BY77,9606,9606.ENSP00000397927
Q9BYB4,9606,9606.ENSP00000331313
Q9BYC8,9606,9606.ENSP00000223324
Q9BYC9,9606,9606.ENSP00000341082
Q9BYD1,9606,9606.ENSP00000306548
Q9BYD2,9606,9606.ENSP00000357823
Q9BYD3,9606,9606.ENSP00000306902
Q9BYD6,9606,9606.ENSP00000315017
Q9BYE7,9606,9606.ENSP00000358862
Q9BYG3,9606,9606.ENSP00000285814
Q9BYG5,9606,9606.ENSP00000360672
Q9BYG8,9606,9606.ENSP00000276708
Q9BYJ9,9606,9606.ENSP00000359364
Q9BYN0,9606,9606.ENSP00000371388
Q9BYN8,9606,9606.ENSP00000369682
Q9BYT8,9606,9606.ENSP00000370372
Q9BYW2,9606,9606.ENSP00000386759
Q9BZ95,9606,9606.ENSP00000313983
Q9BZD4,9606,9606.ENSP00000271452
Q9BZE1,9606,9606.ENSP00000473980
Q9BZE2,9606,9606.ENSP00000227474
Q9BZE4,9606,9606.ENSP00000354040
Q9BZE9,9606,9606.ENSP00000306625
Q9BZF1,9606,9606.ENSP00000261183
Q9BZF3,9606,9606.ENSP00000376293
Q9BZG8,9606,9606.ENSP00000263083
Q9BZH6,9606,9606.ENSP00000263461
Q9BZI7,9606,9606.ENSP00000276201
Q9BZJ0,9606,9606.ENSP00000366557
Q9BZK3,9606,
Q9BZK7,9606,9606.ENSP00000405574
Q9BZL1,9606,9606.ENSP00000351492
Q9BZL4,9606,9606.ENSP00000263433
Q9BZL6,9606,9606.ENSP00000393978
Q9BZM1,9606,9606.ENSP00000243501
Q9BZQ8,9606,9606.ENSP00000356481
Q9BZV1,9606,9606.ENSP00000301281
Q9BZX2,9606,9606.ENSP00000356853
Q9BZZ5,9606,9606.ENSP00000431391
Q9C005,9606,9606.ENSP00000345837
Q9C035,9606,9606.ENSP00000369373
Q9C037,9606,9606.ENSP00000348216
Q9C073,9606,9606.ENSP00000240364
Q9C0B1,9606,9606.ENSP00000418823
Q9C0B5,9606,9606.ENSP00000287169
Q9C0C2,9606,9606.ENSP00000437271
Q9C0C4,9606,9606.ENSP00000306844
Q9C0C9,9606,9606.ENSP00000323687
Q9C0D3,9606,9606.ENSP00000294353
Q9C0D9,9606,9606.ENSP00000260585
Q9C0E2,9606,9606.ENSP00000255305
Q9C0F1,9606,9606.ENSP00000389427
Q9C0I1,9606,9606.ENSP00000371577
Q9C0J8,9606,9606.ENSP00000325377
Q9GZL7,9606,9606.ENSP00000261015
Q9GZM5,9606,9606.ENSP00000361499
Q9GZN1,9606,9606.ENSP00000188312
Q9GZN8,9606,9606.ENSP00000217195
Q9GZP4,9606,9606.ENSP00000246151
Q9GZQ3,9606,9606.ENSP00000394331
Q9GZR1,9606,9606.ENSP00000402527
Q9GZR2,9606,9606.ENSP00000361010
Q9GZR7,9606,9606.ENSP00000481495
Q9GZS1,9606,9606.ENSP00000367029
Q9GZS3,9606,9606.ENSP00000453801
Q9GZT3,9606,9606.ENSP00000450909
Q9GZT8,9606,9606.ENSP00000498853
Q9GZT9,9606,9606.ENSP00000355601
Q9GZU8,9606,9606.ENSP00000335808
Q9GZV4,9606,9606.ENSP00000295822
Q9GZX9,9606,9606.ENSP00000262120
Q9GZY4,9606,9606.ENSP00000379218
Q9GZY8,9606,9606.ENSP00000302037
Q9GZZ1,9606,9606.ENSP00000240922
Q9GZZ9,9606,9606.ENSP00000348565
Q9H000,9606,9606.ENSP00000170447
Q9H009,9606,9606.ENSP00000427802
Q9H019,9606,9606.ENSP00000363419
Q9H061,9606,9606.ENSP00000306887
Q9H063,9606,9606.ENSP00000318604
Q9H074,9606,9606.ENSP00000302768
Q9H078,9606,9606.ENSP00000294053
Q9H081,9606,9606.ENSP00000370557
Q9H089,9606,9606.ENSP00000265245
Q9H0A0,9606,9606.ENSP00000257829
Q9H0A8,9606,9606.ENSP00000267935
Q9H0B6,9606,9606.ENSP00000399403
Q9H0C8,9606,9606.ENSP00000254654
Q9H0D6,9606,9606.ENSP00000366396
Q9H0E2,9606,9606.ENSP00000314733
Q9H0E3,9606,9606.ENSP00000350333
Q9H0E9,9606,9606.ENSP00000254900
Q9H0G5,9606,9606.ENSP00000247026
Q9H0H0,9606,9606.ENSP00000414237
Q9H0H5,9606,9606.ENSP00000404190
Q9H0K6,9606,9606.ENSP00000343081
Q9H0L4,9606,9606.ENSP00000332444
Q9H0P0,9606,9606.ENSP00000476480
Q9H0R4,9606,9606.ENSP00000300605
Q9H0R6,9606,9606.ENSP00000358042
Q9H0S4,9606,9606.ENSP00000350698
Q9H0U4,9606,9606.ENSP00000310226
Q9H0U6,9606,9606.ENSP00000356001
Q9H0W5,9606,9606.ENSP00000303158
Q9H0W8,9606,9606.ENSP00000270066
Q9H0W9,9606,9606.ENSP00000331209
Q9H0Z9,9606,9606.ENSP00000348538
Q9H160,9606,9606.ENSP00000307183
Q9H1A4,9606,9606.ENSP00000339109
Q9H1B7,9606,9606.ENSP00000238647
Q9H1C7,9606,9606.ENSP00000261811
Q9H1D9,9606,9606.ENSP00000366828
Q9H1E3,9606,9606.ENSP00000356110
Q9H1I8,9606,9606.ENSP00000380877
Q9H1K0,9606,9606.ENSP00000253699
Q9H1K1,9606,9606.ENSP00000310623
Q9H1P3,9606,9606.ENSP00000316649
Q9H1Y0,9606,9606.ENSP00000358072
Q9H204,9606,9606.ENSP00000237380
Q9H223,9606,9606.ENSP00000220325
Q9H257,9606,9606.ENSP00000360797
Q9H267,9606,9606.ENSP00000327650
Q9H269,9606,9606.ENSP00000369810
Q9H270,9606,9606.ENSP00000481126
Q9H299,9606,9606.ENSP00000270792
Q9H2C0,9606,9606.ENSP00000497351
Q9H2D1,9606,9606.ENSP00000297578
Q9H2G2,9606,9606.ENSP00000358770
Q9H2H8,9606,9606.ENSP00000286175
Q9H2J4,9606,9606.ENSP00000264254
Q9H2K8,9606,9606.ENSP00000376317
Q9H2M9,9606,9606.ENSP00000351832
Q9H2P0,9606,9606.ENSP00000360662
Q9H2P9,9606,9606.ENSP00000359127
Q9H2U1,9606,9606.ENSP00000417078
Q9H2U2,9606,9606.ENSP00000343885
Q9H2V7,9606,9606.ENSP00000309945
Q9H2W6,9606,9606.ENSP00000312311
Q9H307,9606,9606.ENSP00000216832
Q9H3C7,9606,9606.ENSP00000478220
Q9H3H1,9606,9606.ENSP00000321810
Q9H3H3,9606,9606.ENSP00000398350
Q9H3K2,9606,9606.ENSP00000361207
Q9H3K6,9606,9606.ENSP00000306752
Q9H3M7,9606,9606.ENSP00000462521
Q9H3N1,9606,9606.ENSP00000393316
Q9H3P2,9606,9606.ENSP00000445757
Q9H3P7,9606,9606.ENSP00000355777
Q9H3R5,9606,9606.ENSP00000283006
Q9H3S7,9606,9606.ENSP00000265562
Q9H3U1,9606,9606.ENSP00000407487
Q9H3U5,9606,9606.ENSP00000484175
Q9H3Z4,9606,9606.ENSP00000354111
Q9H410,9606,9606.ENSP00000389810
Q9H444,9606,9606.ENSP00000217402
Q9H446,9606,9606.ENSP00000420357
Q9H479,9606,9606.ENSP00000300784
Q9H488,9606,9606.ENSP00000364902
Q9H496,9606,9606.ENSP00000356584
Q9H4A3,9606,9606.ENSP00000341292
Q9H4A4,9606,9606.ENSP00000295640
Q9H4A5,9606,9606.ENSP00000271732
Q9H4A6,9606,9606.ENSP00000265070
Q9H4B7,9606,9606.ENSP00000217133
Q9H4E7,9606,9606.ENSP00000319831
Q9H4H8,9606,9606.ENSP00000481465
Q9H4I3,9606,9606.ENSP00000379173
Q9H4L4,9606,9606.ENSP00000314029
Q9H4L5,9606,9606.ENSP00000315410
Q9H4L7,9606,9606.ENSP00000351947
Q9H4M9,9606,9606.ENSP00000479153
Q9H501,9606,9606.ENSP00000202816
Q9H553,9606,9606.ENSP00000417764
Q9H583,9606,9606.ENSP00000355541
Q9H5H4,9606,9606.ENSP00000369777
Q9H5N1,9606,9606.ENSP00000350934
Q9H5Q4,9606,9606.ENSP00000355471
Q9H5V9,9606,9606.ENSP00000441786
Q9H5X1,9606,9606.ENSP00000300030
Q9H6D7,9606,9606.ENSP00000206474
Q9H6E4,9606,9606.ENSP00000255784
Q9H6E5,9606,9606.ENSP00000308000
Q9H6F5,9606,9606.ENSP00000227520
Q9H6K1,9606,9606.ENSP00000363135
Q9H6Q4,9606,9606.ENSP00000251588
Q9H6R0,9606,9606.ENSP00000225296
Q9H6R4,9606,9606.ENSP00000297990
Q9H6R7,9606,9606.ENSP00000295148
Q9H6S0,9606,9606.ENSP00000161863
Q9H6T3,9606,9606.ENSP00000005386
Q9H6V9,9606,9606.ENSP00000237822
Q9H6W3,9606,9606.ENSP00000477507
Q9H6Y2,9606,9606.ENSP00000351100
Q9H6Z4,9606,9606.ENSP00000341483
Q9H773,9606,9606.ENSP00000322524
Q9H7B2,9606,9606.ENSP00000402338
Q9H7B4,9606,9606.ENSP00000419184
Q9H7C9,9606,9606.ENSP00000307254
Q9H7D7,9606,9606.ENSP00000498603
Q9H7E2,9606,9606.ENSP00000440190
Q9H7E9,9606,9606.ENSP00000330361
Q9H7L9,9606,9606.ENSP00000443988
Q9H7N4,9606,9606.ENSP00000353769
Q9H7Z6,9606,9606.ENSP00000406037
Q9H7Z7,9606,9606.ENSP00000345341
Q9H814,9606,9606.ENSP00000297540
Q9H832,9606,9606.ENSP00000354201
Q9H845,9606,9606.ENSP00000312618
Q9H857,9606,9606.ENSP00000406933
Q9H869,9606,9606.ENSP00000357323
Q9H871,9606,9606.ENSP00000283632
Q9H8G2,9606,9606.ENSP00000369431
Q9H8H0,9606,9606.ENSP00000253247
Q9H8H2,9606,9606.ENSP00000361232
Q9H8H3,9606,9606.ENSP00000448785
Q9H8M2,9606,9606.ENSP00000419765
Q9H8M7,9606,9606.ENSP00000277632
Q9H8V3,9606,9606.ENSP00000376457
Q9H8W4,9606,9606.ENSP00000322373
Q9H8Y5,9606,9606.ENSP00000321617
Q9H8Y8,9606,9606.ENSP00000234160
Q9H900,9606,9606.ENSP00000311429
Q9H910,9606,9606.ENSP00000248098
Q9H936,9606,9606.ENSP00000322020
Q9H939,9606,9606.ENSP00000387261
Q9H944,9606,9606.ENSP00000265350
Q9H967,9606,9606.ENSP00000263795
Q9H974,9606,9606.ENSP00000420682
Q9H981,9606,9606.ENSP00000336842
Q9H993,9606,9606.ENSP00000356263
Q9H9A5,9606,9606.ENSP00000399862
Q9H9A6,9606,9606.ENSP00000359990
Q9H9A7,9606,9606.ENSP00000317039
Q9H9B1,9606,9606.ENSP00000417980
Q9H9B4,9606,9606.ENSP00000316905
Q9H9E3,9606,9606.ENSP00000315775
Q9H9F9,9606,9606.ENSP00000243903
Q9H9H4,9606,9606.ENSP00000267202
Q9H9J2,9606,9606.ENSP00000258383
Q9H9J4,9606,9606.ENSP00000301962
Q9H9L3,9606,9606.ENSP00000323424
Q9H9L4,9606,9606.ENSP00000415436
Q9H9P8,9606,9606.ENSP00000267436
Q9H9Q2,9606,9606.ENSP00000386880
Q9H9Q4,9606,9606.ENSP00000349313
Q9H9T3,9606,9606.ENSP00000256398
Q9H9Y2,9606,9606.ENSP00000359688
Q9H9Y4,9606,9606.ENSP00000363250
Q9H9Y6,9606,9606.ENSP00000444136
Q9HA64,9606,9606.ENSP00000269373
Q9HAF1,9606,9606.ENSP00000362166
Q9HAN9,9606,9606.ENSP00000366410
Q9HAS0,9606,9606.ENSP00000464275
Q9HAU0,9606,9606.ENSP00000404296
Q9HAU5,9606,9606.ENSP00000348708
Q9HAV0,9606,9606.ENSP00000232564
Q9HAV4,9606,9606.ENSP00000265351
Q9HAV7,9606,9606.ENSP00000264954
Q9HAW4,9606,9606.ENSP00000312995
Q9HB09,9606,9606.ENSP00000482218
Q9HB71,9606,9606.ENSP00000356652
Q9HB90,9606,9606.ENSP00000362092
Q9HBH1,9606,9606.ENSP00000288022
Q9HBH5,9606,9606.ENSP00000370648
Q9HBI1,9606,9606.ENSP00000384515
Q9HBL8,9606,9606.ENSP00000458762
Q9HBM1,9606,9606.ENSP00000282074
Q9HBU6,9606,9606.ENSP00000500633
Q9HC07,9606,9606.ENSP00000370736
Q9HC21,9606,9606.ENSP00000385312
Q9HC35,9606,9606.ENSP00000320663
Q9HC36,9606,9606.ENSP00000306080
Q9HC38,9606,9606.ENSP00000301329
Q9HC44,9606,9606.ENSP00000347224
Q9HC52,9606,9606.ENSP00000269385
Q9HCC0,9606,9606.ENSP00000343657
Q9HCD5,9606,9606.ENSP00000290231
Q9HCE1,9606,9606.ENSP00000399797
Q9HCE5,9606,9606.ENSP00000373474
Q9HCG8,9606,9606.ENSP00000387006
Q9HCI7,9606,9606.ENSP00000311827
Q9HCM7,9606,9606.ENSP00000396160
Q9HCN4,9606,9606.ENSP00000264718
Q9HCN8,9606,9606.ENSP00000248958
Q9HCS7,9606,9606.ENSP00000351137
Q9HCU9,9606,9606.ENSP00000396052
Q9HD15,9606,9606.ENSP00000337513
Q9HD23,9606,9606.ENSP00000399585
Q9HD26,9606,9606.ENSP00000357484
Q9HD33,9606,9606.ENSP00000417602
Q9HD34,9606,9606.ENSP00000443900
Q9HD42,9606,9606.ENSP00000380998
Q9HD45,9606,9606.ENSP00000360184
Q9NNW5,9606,9606.ENSP00000378857
Q9NNW7,9606,9606.ENSP00000383365
Q9NP58,9606,9606.ENSP00000265316
Q9NP61,9606,9606.ENSP00000263245
Q9NP64,9606,9606.ENSP00000480986
Q9NP66,9606,9606.ENSP00000371133
Q9NP72,9606,9606.ENSP00000478479
Q9NP73,9606,9606.ENSP00000378260
Q9NP77,9606,9606.ENSP00000291386
Q9NP79,9606,9606.ENSP00000356602
Q9NP81,9606,9606.ENSP00000472847
Q9NP92,9606,9606.ENSP00000424328
Q9NP97,9606,9606.ENSP00000349679
Q9NPA0,9606,9606.ENSP00000256545
Q9NPA3,9606,9606.ENSP00000483547
Q9NPA8,9606,9606.ENSP00000429986
Q9NPD3,9606,9606.ENSP00000315476
Q9NPD8,9606,9606.ENSP00000494957
Q9NPE3,9606,9606.ENSP00000332198
Q9NPF4,9606,9606.ENSP00000206542
Q9NPF5,9606,9606.ENSP00000361363
Q9NPG3,9606,9606.ENSP00000262376
Q9NPH2,9606,9606.ENSP00000337746
Q9NPI1,9606,9606.ENSP00000378181
Q9NPI6,9606,9606.ENSP00000476386
Q9NPJ3,9606,9606.ENSP00000230048
Q9NPJ6,9606,9606.ENSP00000258648
Q9NPL8,9606,9606.ENSP00000418803
Q9NPQ8,9606,9606.ENSP00000325941
Q9NQ29,9606,9606.ENSP00000293872
Q9NQ48,9606,9606.ENSP00000296135
Q9NQ50,9606,9606.ENSP00000333401
Q9NQ55,9606,9606.ENSP00000253107
Q9NQ92,9606,9606.ENSP00000304327
Q9NQA3,9606,
Q9NQC3,9606,9606.ENSP00000337838
Q9NQE9,9606,9606.ENSP00000229633
Q9NQG5,9606,9606.ENSP00000362532
Q9NQG6,9606,9606.ENSP00000385110
Q9NQH7,9606,9606.ENSP00000349658
Q9NQP4,9606,9606.ENSP00000360473
Q9NQR4,9606,9606.ENSP00000377696
Q9NQS7,9606,9606.ENSP00000378295
Q9NQT4,9606,9606.ENSP00000221233
Q9NQT5,9606,9606.ENSP00000323046
Q9NQW6,9606,9606.ENSP00000265748
Q9NQW7,9606,9606.ENSP00000421566
Q9NQX3,9606,9606.ENSP00000417901
Q9NQZ2,9606,9606.ENSP00000254803
Q9NQZ5,9606,9606.ENSP00000338030
Q9NR09,9606,9606.ENSP00000393596
Q9NR12,9606,9606.ENSP00000348099
Q9NR19,9606,9606.ENSP00000253382
Q9NR28,9606,9606.ENSP00000398495
Q9NR30,9606,9606.ENSP00000346120
Q9NR31,9606,9606.ENSP00000362339
Q9NR33,9606,9606.ENSP00000420176
Q9NR45,9606,9606.ENSP00000210444
Q9NR46,9606,9606.ENSP00000361634
Q9NR50,9606,9606.ENSP00000353575
Q9NR56,9606,9606.ENSP00000282486
Q9NR77,9606,9606.ENSP00000321271
Q9NRA8,9606,9606.ENSP00000380659
Q9NRD1,9606,9606.ENSP00000365944
Q9NRF8,9606,9606.ENSP00000401264
Q9NRF9,9606,9606.ENSP00000363286
Q9NRG0,9606,9606.ENSP00000220913
Q9NRG1,9606,9606.ENSP00000318602
Q9NRG4,9606,9606.ENSP00000355924
Q9NRG9,9606,9606.ENSP00000209873
Q9NRK6,9606,9606.ENSP00000355637
Q9NRL2,9606,9606.ENSP00000371859
Q9NRL3,9606,9606.ENSP00000375777
Q9NRN7,9606,9606.ENSP00000278618
Q9NRN9,9606,9606.ENSP00000260953
Q9NRP0,9606,9606.ENSP00000426167
Q9NRP2,9606,9606.ENSP00000219400
Q9NRP4,9606,9606.ENSP00000414066
Q9NRR4,9606,9606.ENSP00000425979
Q9NRR5,9606,9606.ENSP00000357292
Q9NRS6,9606,9606.ENSP00000366452
Q9NRW3,9606,9606.ENSP00000355340
Q9NRW7,9606,9606.ENSP00000495563
Q9NRX1,9606,9606.ENSP00000263657
Q9NRX2,9606,9606.ENSP00000288937
Q9NRX4,9606,9606.ENSP00000247665
Q9NRX5,9606,9606.ENSP00000342962
Q9NRY2,9606,9606.ENSP00000363360
Q9NRY4,9606,9606.ENSP00000500409
Q9NRY5,9606,9606.ENSP00000341597
Q9NRZ9,9606,9606.ENSP00000377601
Q9NS69,9606,9606.ENSP00000216034
Q9NS86,9606,9606.ENSP00000254770
Q9NS87,9606,9606.ENSP00000324020
Q9NS91,9606,9606.ENSP00000264926
Q9NSD9,9606,9606.ENSP00000281828
Q9NSE4,9606,9606.ENSP00000355889
Q9NSG2,9606,9606.ENSP00000286031
Q9NSI2,9606,9606.ENSP00000291634
Q9NSI8,9606,9606.ENSP00000285670
Q9NSK0,9606,9606.ENSP00000259708
Q9NSY1,9606,9606.ENSP00000334836
Q9NT62,9606,9606.ENSP00000283290
Q9NTG7,9606,9606.ENSP00000372191
Q9NTI5,9606,9606.ENSP00000313851
Q9NTJ3,9606,9606.ENSP00000341382
Q9NTJ5,9606,
Q9NTK5,9606,9606.ENSP00000284719
Q9NTM9,9606,9606.ENSP00000359507
Q9NTX5,9606,9606.ENSP00000436585
Q9NTZ6,9606,9606.ENSP00000363228
Q9NU22,9606,9606.ENSP00000358400
Q9NUD5,9606,9606.ENSP00000484056
Q9NUG6,9606,9606.ENSP00000202017
Q9NUJ1,9606,9606.ENSP00000273359
Q9NUL3,9606,9606.ENSP00000428756
Q9NUL7,9606,9606.ENSP00000332340
Q9NUM4,9606,9606.ENSP00000379901
Q9NUN5,9606,9606.ENSP00000497690
Q9NUP1,9606,9606.ENSP00000318128
Q9NUP7,9606,9606.ENSP00000359160
Q9NUP9,9606,9606.ENSP00000278193
Q9NUQ2,9606,9606.ENSP00000285518
Q9NUQ3,9606,9606.ENSP00000369465
Q9NUQ6,9606,9606.ENSP00000482515
Q9NUQ7,9606,9606.ENSP00000264689
Q9NUQ8,9606,9606.ENSP00000411471
Q9NUQ9,9606,9606.ENSP00000429150
Q9NUT2,9606,9606.ENSP00000297504
Q9NUU7,9606,9606.ENSP00000306117
Q9NUW8,9606,9606.ENSP00000337353
Q9NUY8,9606,9606.ENSP00000377700
Q9NV06,9606,9606.ENSP00000297579
Q9NV31,9606,9606.ENSP00000326981
Q9NV35,9606,9606.ENSP00000258662
Q9NV56,9606,9606.ENSP00000359518
Q9NV70,9606,9606.ENSP00000370695
Q9NV88,9606,9606.ENSP00000429065
Q9NV96,9606,9606.ENSP00000230461
Q9NVA1,9606,9606.ENSP00000363506
Q9NVA2,9606,9606.ENSP00000422896
Q9NVA4,9606,9606.ENSP00000296582
Q9NVC6,9606,9606.ENSP00000251871
Q9NVE7,9606,9606.ENSP00000498888
Q9NVG8,9606,9606.ENSP00000361731
Q9NVH1,9606,9606.ENSP00000366800
Q9NVH2,9606,9606.ENSP00000355961
Q9NVI1,9606,9606.ENSP00000310842
Q9NVI7,9606,9606.ENSP00000368030
Q9NVJ2,9606,9606.ENSP00000479202
Q9NVM4,9606,9606.ENSP00000343103
Q9NVM6,9606,9606.ENSP00000220496
Q9NVM9,9606,9606.ENSP00000261191
Q9NVN8,9606,9606.ENSP00000354091
Q9NVP1,9606,9606.ENSP00000263239
Q9NVP2,9606,9606.ENSP00000263382
Q9NVR2,9606,9606.ENSP00000381064
Q9NVR5,9606,9606.ENSP00000298292
Q9NVS2,9606,9606.ENSP00000361206
Q9NVS9,9606,9606.ENSP00000493302
Q9NVT9,9606,9606.ENSP00000276569
Q9NVU0,9606,9606.ENSP00000299853
Q9NVU7,9606,9606.ENSP00000348596
Q9NVV4,9606,9606.ENSP00000263063
Q9NVX2,9606,9606.ENSP00000413572
Q9NVZ3,9606,9606.ENSP00000391942
Q9NW08,9606,9606.ENSP00000228347
Q9NW13,9606,9606.ENSP00000223073
Q9NW64,9606,9606.ENSP00000199814
Q9NW68,9606,9606.ENSP00000344816
Q9NW82,9606,9606.ENSP00000265107
Q9NWA0,9606,9606.ENSP00000268711
Q9NWB6,9606,9606.ENSP00000383059
Q9NWH9,9606,9606.ENSP00000369887
Q9NWK9,9606,9606.ENSP00000359606
Q9NWS0,9606,9606.ENSP00000262265
Q9NWS6,9606,9606.ENSP00000216214
Q9NWS8,9606,9606.ENSP00000412708
Q9NWT1,9606,9606.ENSP00000368887
Q9NWT8,9606,9606.ENSP00000342676
Q9NWU1,9606,9606.ENSP00000280701
Q9NWU2,9606,9606.ENSP00000266069
Q9NWU5,9606,9606.ENSP00000431040
Q9NWV4,9606,9606.ENSP00000294360
Q9NWV8,9606,9606.ENSP00000352408
Q9NWX6,9606,9606.ENSP00000231198
Q9NWY4,9606,9606.ENSP00000406598
Q9NWZ3,9606,9606.ENSP00000479889
Q9NWZ5,9606,9606.ENSP00000346155
Q9NWZ8,9606,9606.ENSP00000369895
Q9NX01,9606,9606.ENSP00000268483
Q9NX02,9606,9606.ENSP00000445135
Q9NX07,9606,9606.ENSP00000362936
Q9NX08,9606,9606.ENSP00000370984
Q9NX14,9606,9606.ENSP00000276062
Q9NX20,9606,9606.ENSP00000300151
Q9NX24,9606,9606.ENSP00000274606
Q9NX40,9606,9606.ENSP00000370882
Q9NX46,9606,9606.ENSP00000362273
Q9NX47,9606,9606.ENSP00000351813
Q9NX55,9606,9606.ENSP00000384474
Q9NX58,9606,9606.ENSP00000345917
Q9NX62,9606,9606.ENSP00000262644
Q9NX63,9606,9606.ENSP00000389297
Q9NX70,9606,9606.ENSP00000481733
Q9NX74,9606,9606.ENSP00000455229
Q9NXA8,9606,9606.ENSP00000476228
Q9NXC5,9606,9606.ENSP00000339881
Q9NXE8,9606,9606.ENSP00000478070
Q9NXF1,9606,9606.ENSP00000364037
Q9NXF7,9606,9606.ENSP00000371682
Q9NXG2,9606,9606.ENSP00000379392
Q9NXH8,9606,9606.ENSP00000350102
Q9NXH9,9606,9606.ENSP00000466967
Q9NXJ5,9606,9606.ENSP00000269919
Q9NXK8,9606,9606.ENSP00000247977
Q9NXN4,9606,9606.ENSP00000358451
Q9NXR1,9606,9606.ENSP00000379643
Q9NXR7,9606,9606.ENSP00000343412
Q9NXR8,9606,9606.ENSP00000320566
Q9NXU5,9606,9606.ENSP00000433427
Q9NXV2,9606,9606.ENSP00000301738
Q9NXV6,9606,9606.ENSP00000427108
Q9NXW9,9606,9606.ENSP00000292566
Q9NXX6,9606,9606.ENSP00000358019
Q9NXZ1,9606,9606.ENSP00000323191
Q9NXZ2,9606,9606.ENSP00000359361
Q9NY12,9606,9606.ENSP00000226796
Q9NY27,9606,9606.ENSP00000349124
Q9NY33,9606,9606.ENSP00000440502
Q9NY61,9606,9606.ENSP00000477848
Q9NY93,9606,9606.ENSP00000258772
Q9NYA1,9606,9606.ENSP00000313681
Q9NYB0,9606,9606.ENSP00000300086
Q9NYF8,9606,9606.ENSP00000435210
Q9NYH9,9606,9606.ENSP00000261708
Q9NYJ1,9606,9606.ENSP00000443795
Q9NYK5,9606,9606.ENSP00000305682
Q9NYL2,9606,9606.ENSP00000364361
Q9NYL9,9606,9606.ENSP00000308753
Q9NYM9,9606,9606.ENSP00000372210
Q9NYP3,9606,9606.ENSP00000307143
Q9NYP9,9606,9606.ENSP00000290130
Q9NYU2,9606,9606.ENSP00000259253
Q9NYV4,9606,9606.ENSP00000398880
Q9NYY8,9606,9606.ENSP00000385990
Q9NZ01,9606,9606.ENSP00000215567
Q9NZ08,9606,9606.ENSP00000296754
Q9NZ09,9606,9606.ENSP00000486574
Q9NZ32,9606,9606.ENSP00000254286
Q9NZ45,9606,9606.ENSP00000363041
Q9NZ52,9606,9606.ENSP00000438085
Q9NZ63,9606,9606.ENSP00000361524
Q9NZB2,9606,9606.ENSP00000277165
Q9NZD2,9606,9606.ENSP00000315263
Q9NZD4,9606,9606.ENSP00000307199
Q9NZD8,9606,9606.ENSP00000204566
Q9NZE8,9606,9606.ENSP00000338389
Q9NZI7,9606,9606.ENSP00000283629
Q9NZI8,9606,9606.ENSP00000290341
Q9NZJ0,9606,9606.ENSP00000355958
Q9NZJ6,9606,9606.ENSP00000254759
Q9NZJ7,9606,9606.ENSP00000362730
Q9NZJ9,9606,9606.ENSP00000338352
Q9NZL4,9606,9606.ENSP00000255631
Q9NZL9,9606,9606.ENSP00000325425
Q9NZM5,9606,9606.ENSP00000246802
Q9NZN4,9606,9606.ENSP00000263277
Q9NZN8,9606,9606.ENSP00000229195
Q9NZQ3,9606,9606.ENSP00000294129
Q9NZT2,9606,9606.ENSP00000290291
Q9NZW5,9606,9606.ENSP00000222644
Q9NZZ3,9606,9606.ENSP00000223500
Q9P000,9606,9606.ENSP00000263401
Q9P013,9606,9606.ENSP00000475615
Q9P015,9606,9606.ENSP00000260102
Q9P016,9606,9606.ENSP00000341657
Q9P031,9606,9606.ENSP00000256151
Q9P032,9606,9606.ENSP00000358272
Q9P035,9606,9606.ENSP00000261875
Q9P086,9606,9606.ENSP00000293777
Q9P0J0,9606,9606.ENSP00000423673
Q9P0J7,9606,9606.ENSP00000386738
Q9P0K7,9606,9606.ENSP00000427123
Q9P0L0,9606,9606.ENSP00000345656
Q9P0M9,9606,9606.ENSP00000225969
Q9P0P0,9606,9606.ENSP00000306906
Q9P0R6,9606,9606.ENSP00000451188
Q9P0U3,9606,9606.ENSP00000394791
Q9P0U4,9606,9606.ENSP00000390475
Q9P0V9,9606,9606.ENSP00000349116
Q9P0W2,9606,9606.ENSP00000328269
Q9P1F3,9606,9606.ENSP00000356632
Q9P1U0,9606,9606.ENSP00000331111
Q9P1Y6,9606,9606.ENSP00000264555
Q9P253,9606,9606.ENSP00000220509
Q9P258,9606,9606.ENSP00000364585
Q9P265,9606,9606.ENSP00000301180
Q9P270,9606,9606.ENSP00000264313
Q9P275,9606,9606.ENSP00000441214
Q9P287,9606,9606.ENSP00000357748
Q9P289,9606,9606.ENSP00000377867
Q9P2D3,9606,9606.ENSP00000233099
Q9P2E9,9606,9606.ENSP00000367038
Q9P2I0,9606,9606.ENSP00000298875
Q9P2J5,9606,9606.ENSP00000377954
Q9P2K3,9606,9606.ENSP00000413929
Q9P2N5,9606,9606.ENSP00000265271
Q9P2N6,9606,9606.ENSP00000396749
Q9P2R3,9606,9606.ENSP00000459943
Q9P2R6,9606,9606.ENSP00000338629
Q9P2R7,9606,9606.ENSP00000494360
Q9P2S5,9606,9606.ENSP00000270708
Q9P2T1,9606,9606.ENSP00000454038
Q9P2X0,9606,9606.ENSP00000357384
Q9P305,4932,4932.YHR132W-A
Q9UBB4,9606,9606.ENSP00000252934
Q9UBB5,9606,9606.ENSP00000256429
Q9UBB6,9606,9606.ENSP00000362340
Q9UBB9,9606,9606.ENSP00000384421
Q9UBC2,9606,9606.ENSP00000393313
Q9UBD5,9606,9606.ENSP00000257789
Q9UBE0,9606,9606.ENSP00000270225
Q9UBF1,9606,9606.ENSP00000354660
Q9UBF2,9606,9606.ENSP00000402346
Q9UBF6,9606,9606.ENSP00000273480
Q9UBF8,9606,9606.ENSP00000357869
Q9UBH6,9606,9606.ENSP00000356562
Q9UBI1,9606,9606.ENSP00000366032
Q9UBK8,9606,9606.ENSP00000402510
Q9UBK9,9606,9606.ENSP00000337393
Q9UBL3,9606,9606.ENSP00000340896
Q9UBM7,9606,9606.ENSP00000347717
Q9UBN7,9606,9606.ENSP00000365804
Q9UBP0,9606,9606.ENSP00000320885
Q9UBP6,9606,9606.ENSP00000314441
Q9UBQ0,9606,9606.ENSP00000480853
Q9UBQ5,9606,9606.ENSP00000248342
Q9UBQ7,9606,9606.ENSP00000313432
Q9UBR2,9606,9606.ENSP00000217131
Q9UBS0,9606,9606.ENSP00000308413
Q9UBS4,9606,9606.ENSP00000414398
Q9UBS8,9606,9606.ENSP00000324956
Q9UBT2,9606,9606.ENSP00000246548
Q9UBU8,9606,9606.ENSP00000331310
Q9UBU9,9606,9606.ENSP00000436679
Q9UBV8,9606,9606.ENSP00000362807
Q9UBW7,9606,9606.ENSP00000479904
Q9UBW8,9606,9606.ENSP00000446039
Q9UBX3,9606,9606.ENSP00000446242
Q9UDW1,9606,9606.ENSP00000332887
Q9UDY2,9606,9606.ENSP00000438262
Q9UDY4,9606,9606.ENSP00000359799
Q9UEE9,9606,9606.ENSP00000283882
Q9UER7,9606,9606.ENSP00000266000
Q9UET6,9606,9606.ENSP00000326948
Q9UEU0,9606,9606.ENSP00000450731
Q9UEY8,9606,9606.ENSP00000348381
Q9UFC0,9606,9606.ENSP00000292616
Q9UFF9,9606,9606.ENSP00000430493
Q9UFG5,9606,9606.ENSP00000397394
Q9UFN0,9606,9606.ENSP00000363899
Q9UFW8,9606,9606.ENSP00000381429
Q9UG56,9606,9606.ENSP00000391739
Q9UG63,9606,9606.ENSP00000222388
Q9UGI8,9606,9606.ENSP00000350937
Q9UGJ1,9606,9606.ENSP00000260383
Q9UGL1,9606,9606.ENSP00000356233
Q9UGM6,9606,9606.ENSP00000235521
Q9UGN5,9606,9606.ENSP00000250416
Q9UGP4,9606,9606.ENSP00000273317
Q9UGP8,9606,9606.ENSP00000357998
Q9UGR2,9606,9606.ENSP00000345793
Q9UGU0,9606,9606.ENSP00000352463
Q9UGV2,9606,9606.ENSP00000345292
Q9UH17,9606,9606.ENSP00000327459
Q9UH65,9606,9606.ENSP00000315630
Q9UHA2,9606,9606.ENSP00000401115
Q9UHA3,9606,9606.ENSP00000260443
Q9UHA4,9606,9606.ENSP00000424183
Q9UHB6,9606,9606.ENSP00000378400
Q9UHB9,9606,9606.ENSP00000312066
Q9UHC7,9606,9606.ENSP00000255977
Q9UHD1,9606,9606.ENSP00000319255
Q9UHD2,9606,9606.ENSP00000329967
Q9UHD8,9606,9606.ENSP00000391249
Q9UHD9,9606,9606.ENSP00000345195
Q9UHI6,9606,9606.ENSP00000358716
Q9UHJ6,9606,9606.ENSP00000225519
Q9UHL4,9606,9606.ENSP00000360635
Q9UHN1,9606,9606.ENSP00000442563
Q9UHP3,9606,9606.ENSP00000383044
Q9UHQ1,9606,9606.ENSP00000309899
Q9UHQ9,9606,9606.ENSP00000356218
Q9UHR4,9606,9606.ENSP00000005260
Q9UHR5,9606,9606.ENSP00000462116
Q9UHR6,9606,9606.ENSP00000308548
Q9UHV9,9606,9606.ENSP00000356989
Q9UHW5,9606,9606.ENSP00000442770
Q9UHX1,9606,9606.ENSP00000434359
Q9UHY1,9606,9606.ENSP00000369192
Q9UHY7,9606,9606.ENSP00000273920
Q9UHY8,9606,9606.ENSP00000368547
Q9UI09,9606,9606.ENSP00000330737
Q9UI10,9606,9606.ENSP00000429323
Q9UI12,9606,9606.ENSP00000352522
Q9UI15,9606,9606.ENSP00000377494
Q9UI26,9606,9606.ENSP00000386992
Q9UI30,9606,9606.ENSP00000438349
Q9UI95,9606,9606.ENSP00000235310
Q9UIA9,9606,9606.ENSP00000252512
Q9UIC8,9606,9606.ENSP00000382021
Q9UID3,9606,9606.ENSP00000279281
Q9UIF9,9606,9606.ENSP00000446880
Q9UIG0,9606,9606.ENSP00000342434
Q9UII2,9606,9606.ENSP00000335203
Q9UIJ7,9606,9606.ENSP00000371230
Q9UIL1,9606,9606.ENSP00000477352
Q9UIM3,9606,9606.ENSP00000364298
Q9UIQ6,9606,9606.ENSP00000231368
Q9UIV1,9606,9606.ENSP00000355279
Q9UIW2,9606,9606.ENSP00000377061
Q9UJ41,9606,9606.ENSP00000370208
Q9UJ70,9606,9606.ENSP00000477639
Q9UJ83,9606,9606.ENSP00000323811
Q9UJA5,9606,9606.ENSP00000203001
Q9UJC5,9606,9606.ENSP00000358853
Q9UJK0,9606,9606.ENSP00000007390
Q9UJS0,9606,9606.ENSP00000400101
Q9UJU2,9606,9606.ENSP00000265165
Q9UJU6,9606,9606.ENSP00000417653
Q9UJV9,9606,9606.ENSP00000330349
Q9UJW0,9606,9606.ENSP00000414906
Q9UJX2,9606,9606.ENSP00000378350
Q9UJX3,9606,9606.ENSP00000394394
Q9UJX4,9606,9606.ENSP00000261819
Q9UJX5,9606,9606.ENSP00000426654
Q9UJX6,9606,9606.ENSP00000314004
Q9UJY4,9606,9606.ENSP00000311962
Q9UJY5,9606,9606.ENSP00000371175
Q9UJZ1,9606,9606.ENSP00000348886
Q9UK39,9606,9606.ENSP00000280614
Q9UK41,9606,9606.ENSP00000366565
Q9UK45,9606,9606.ENSP00000252622
Q9UK53,9606,9606.ENSP00000364929
Q9UK58,9606,9606.ENSP00000295926
Q9UK59,9606,9606.ENSP00000260803
Q9UK61,9606,9606.ENSP00000347845
Q9UK73,9606,9606.ENSP00000307298
Q9UK76,9606,9606.ENSP00000348316
Q9UK99,9606,9606.ENSP00000265651
Q9UKA4,9606,9606.ENSP00000025301
Q9UKA9,9606,9606.ENSP00000359216
Q9UKB3,9606,9606.ENSP00000225171
Q9UKD2,9606,9606.ENSP00000364320
Q9UKE5,9606,9606.ENSP00000399511
Q9UKF6,9606,9606.ENSP00000238112
Q9UKI8,9606,9606.ENSP00000411099
Q9UKJ3,9606,9606.ENSP00000467556
Q9UKK6,9606,9606.ENSP00000254998
Q9UKK9,9606,9606.ENSP00000419628
Q9UKL0,9606,9606.ENSP00000262241
Q9UKL6,9606,9606.ENSP00000460437
Q9UKM9,9606,9606.ENSP00000246194
Q9UKN8,9606,9606.ENSP00000361219
Q9UKT4,9606,9606.ENSP00000229758
Q9UKT5,9606,9606.ENSP00000281623
Q9UKU7,9606,9606.ENSP00000281182
Q9UKV3,9606,9606.ENSP00000262710
Q9UKV8,9606,9606.ENSP00000220592
Q9UKX7,9606,9606.ENSP00000345895
Q9UKY1,9606,9606.ENSP00000297857
Q9UKY7,9606,9606.ENSP00000264993
Q9UKZ1,9606,9606.ENSP00000289382
Q9UL03,9606,9606.ENSP00000310260
Q9UL15,9606,9606.ENSP00000338814
Q9UL25,9606,9606.ENSP00000261263
Q9UL33,9606,9606.ENSP00000457728
Q9UL40,9606,9606.ENSP00000424495
Q9UL45,9606,9606.ENSP00000456851
Q9UL46,9606,9606.ENSP00000216802
Q9UL49,9606,9606.ENSP00000334294
Q9UL54,9606,9606.ENSP00000310094
Q9UL63,9606,9606.ENSP00000323527
Q9ULA0,9606,9606.ENSP00000431076
Q9ULC3,9606,9606.ENSP00000417610
Q9ULC4,9606,9606.ENSP00000360365
Q9ULH0,9606,9606.ENSP00000256707
Q9ULH1,9606,9606.ENSP00000429900
Q9ULI0,9606,9606.ENSP00000238789
Q9ULJ6,9606,9606.ENSP00000334474
Q9ULK4,9606,9606.ENSP00000357047
Q9ULL0,9606,9606.ENSP00000384670
Q9ULM3,9606,9606.ENSP00000306983
Q9ULP9,9606,9606.ENSP00000494678
Q9ULR0,9606,9606.ENSP00000273541
Q9ULR3,9606,9606.ENSP00000228705
Q9ULT8,9606,9606.ENSP00000382269
Q9ULU4,9606,9606.ENSP00000439800
Q9ULV3,9606,9606.ENSP00000439244
Q9ULV4,9606,9606.ENSP00000394496
Q9ULW0,9606,9606.ENSP00000300403
Q9ULW3,9606,9606.ENSP00000274849
Q9ULX3,9606,9606.ENSP00000268802
Q9ULX6,9606,9606.ENSP00000380557
Q9ULZ3,9606,9606.ENSP00000247470
Q9UM00,9606,9606.ENSP00000480514
Q9UM13,9606,9606.ENSP00000478501
Q9UM54,9606,9606.ENSP00000358994
Q9UMR5,9606,9606.ENSP00000354608
Q9UMS0,9606,9606.ENSP00000387219
Q9UMS4,9606,9606.ENSP00000227524
Q9UMX0,9606,9606.ENSP00000365576
Q9UMX5,9606,9606.ENSP00000355955
Q9UMY1,9606,9606.ENSP00000405674
Q9UMY4,9606,9606.ENSP00000481314
Q9UMZ2,9606,9606.ENSP00000483453
Q9UN36,9606,9606.ENSP00000451712
Q9UN37,9606,9606.ENSP00000254950
Q9UN86,9606,9606.ENSP00000352738
Q9UNE7,9606,9606.ENSP00000219548
Q9UNF0,9606,9606.ENSP00000263246
Q9UNF1,9606,9606.ENSP00000364193
Q9UNH7,9606,9606.ENSP00000498872
Q9UNI6,9606,9606.ENSP00000356920
Q9UNL2,9606,9606.ENSP00000420641
Q9UNM6,9606,9606.ENSP00000396937
Q9UNN5,9606,9606.ENSP00000379457
Q9UNP9,9606,9606.ENSP00000361918
Q9UNQ2,9606,9606.ENSP00000199320
Q9UNS1,9606,9606.ENSP00000450607
Q9UNS2,9606,9606.ENSP00000268717
Q9UNW1,9606,9606.ENSP00000361064
Q9UNX3,9606,9606.ENSP00000428223
Q9UNX4,9606,9606.ENSP00000308179
Q9UNY4,9606,9606.ENSP00000358478
Q9UNZ2,9606,9606.ENSP00000418529
Q9UP52,9606,9606.ENSP00000420525
Q9UP83,9606,9606.ENSP00000297135
Q9UPN3,9606,9606.ENSP00000354573
Q9UPN4,9606,9606.ENSP00000269392
Q9UPN6,9606,9606.ENSP00000413098
Q9UPN7,9606,9606.ENSP00000414202
Q9UPN9,9606,9606.ENSP00000351250
Q9UPR3,9606,9606.ENSP00000355261
Q9UPT5,9606,9606.ENSP00000334100
Q9UPT8,9606,9606.ENSP00000253048
Q9UPT9,9606,9606.ENSP00000261497
Q9UPU5,9606,9606.ENSP00000294383
Q9UPW0,9606,9606.ENSP00000361653
Q9UPW6,9606,9606.ENSP00000401112
Q9UPY8,9606,9606.ENSP00000233121
Q9UQ13,9606,9606.ENSP00000358464
Q9UQ16,9606,9606.ENSP00000347457
Q9UQ35,9606,9606.ENSP00000301740
Q9UQ80,9606,9606.ENSP00000302886
Q9UQB8,9606,9606.ENSP00000316338
Q9UQC2,9606,9606.ENSP00000354952
Q9UQE7,9606,9606.ENSP00000354720
Q9UQN3,9606,9606.ENSP00000263780
Q9UQR0,9606,9606.ENSP00000251900
Q9URQ5,4932,4932.YCR020W-B
Q9Y217,9606,9606.ENSP00000371221
Q9Y221,9606,9606.ENSP00000254940
Q9Y223,9606,9606.ENSP00000379839
Q9Y224,9606,9606.ENSP00000261700
Q9Y230,9606,9606.ENSP00000473172
Q9Y232,9606,9606.ENSP00000380718
Q9Y237,9606,9606.ENSP00000499466
Q9Y241,9606,9606.ENSP00000398064
Q9Y244,9606,9606.ENSP00000370222
Q9Y248,9606,9606.ENSP00000253462
Q9Y262,9606,9606.ENSP00000499067
Q9Y263,9606,9606.ENSP00000380460
Q9Y265,9606,9606.ENSP00000318297
Q9Y266,9606,9606.ENSP00000319664
Q9Y276,9606,9606.ENSP00000413908
Q9Y277,9606,9606.ENSP00000428845
Q9Y281,9606,9606.ENSP00000298159
Q9Y285,9606,9606.ENSP00000320309
Q9Y289,9606,9606.ENSP00000310208
Q9Y291,9606,9606.ENSP00000320567
Q9Y294,9606,9606.ENSP00000229595
Q9Y295,9606,9606.ENSP00000329715
Q9Y296,9606,9606.ENSP00000436005
Q9Y2A7,9606,9606.ENSP00000354251
Q9Y2B0,9606,9606.ENSP00000273308
Q9Y2D8,9606,9606.ENSP00000340279
Q9Y2G4,9606,9606.ENSP00000345767
Q9Y2H0,9606,9606.ENSP00000363023
Q9Y2I1,9606,9606.ENSP00000418232
Q9Y2K2,9606,9606.ENSP00000364449
Q9Y2K6,9606,9606.ENSP00000313811
Q9Y2K7,9606,9606.ENSP00000432786
Q9Y2L1,9606,9606.ENSP00000366997
Q9Y2L5,9606,9606.ENSP00000283351
Q9Y2P8,9606,9606.ENSP00000371169
Q9Y2Q3,9606,9606.ENSP00000431049
Q9Y2Q5,9606,9606.ENSP00000357288
Q9Y2Q9,9606,9606.ENSP00000276585
Q9Y2R0,9606,9606.ENSP00000354762
Q9Y2R4,9606,9606.ENSP00000479504
Q9Y2R5,9606,9606.ENSP00000285298
Q9Y2R9,9606,9606.ENSP00000245539
Q9Y2S7,9606,9606.ENSP00000475924
Q9Y2T2,9606,9606.ENSP00000347408
Q9Y2U8,9606,9606.ENSP00000308369
Q9Y2V2,9606,9606.ENSP00000379838
Q9Y2V7,9606,9606.ENSP00000397441
Q9Y2W1,9606,9606.ENSP00000346634
Q9Y2W2,9606,9606.ENSP00000261167
Q9Y2X0,9606,9606.ENSP00000325612
Q9Y2X3,9606,9606.ENSP00000264279
Q9Y2X7,9606,9606.ENSP00000378338
Q9Y2X9,9606,9606.ENSP00000294740
Q9Y2Y0,9606,9606.ENSP00000219204
Q9Y2Y1,9606,9606.ENSP00000293860
Q9Y2Z0,9606,9606.ENSP00000367208
Q9Y2Z2,9606,9606.ENSP00000402038
Q9Y2Z4,9606,9606.ENSP00000320658
Q9Y2Z9,9606,9606.ENSP00000333946
Q9Y303,9606,9606.ENSP00000391596
Q9Y305,9606,9606.ENSP00000368605
Q9Y312,9606,9606.ENSP00000363043
Q9Y314,9606,9606.ENSP00000343497
Q9Y316,9606,9606.ENSP00000295065
Q9Y324,9606,9606.ENSP00000344393
Q9Y333,9606,9606.ENSP00000364813
Q9Y371,9606,9606.ENSP00000479919
Q9Y375,9606,9606.ENSP00000260361
Q9Y376,9606,9606.ENSP00000258418
Q9Y383,9606,9606.ENSP00000347005
Q9Y388,9606,9606.ENSP00000339090
Q9Y399,9606,9606.ENSP00000360850
Q9Y3A2,9606,9606.ENSP00000362105
Q9Y3A3,9606,9606.ENSP00000315702
Q9Y3A4,9606,9606.ENSP00000321449
Q9Y3A5,9606,9606.ENSP00000246868
Q9Y3A6,9606,9606.ENSP00000359305
Q9Y3B2,9606,9606.ENSP00000359939
Q9Y3B3,9606,9606.ENSP00000405926
Q9Y3B4,9606,9606.ENSP00000233468
Q9Y3B7,9606,9606.ENSP00000308897
Q9Y3B8,9606,9606.ENSP00000480535
Q9Y3B9,9606,9606.ENSP00000355899
Q9Y3C1,9606,9606.ENSP00000483001
Q9Y3C4,9606,9606.ENSP00000325398
Q9Y3C6,9606,9606.ENSP00000362803
Q9Y3C8,9606,9606.ENSP00000356982
Q9Y3D0,9606,9606.ENSP00000387471
Q9Y3D3,9606,9606.ENSP00000362036
Q9Y3D5,9606,9606.ENSP00000295491
Q9Y3D6,9606,9606.ENSP00000223136
Q9Y3D7,9606,9606.ENSP00000315693
Q9Y3D8,9606,9606.ENSP00000370201
Q9Y3D9,9606,9606.ENSP00000320184
Q9Y3E0,9606,9606.ENSP00000229314
Q9Y3E1,9606,9606.ENSP00000299633
Q9Y3E5,9606,9606.ENSP00000387180
Q9Y3E7,9606,9606.ENSP00000263856
Q9Y3F4,9606,9606.ENSP00000392270
Q9Y3I0,9606,9606.ENSP00000216038
Q9Y3I1,9606,9606.ENSP00000266087
Q9Y3L3,9606,9606.ENSP00000497104
Q9Y3P9,9606,9606.ENSP00000362751
Q9Y3Q8,9606,9606.ENSP00000300181
Q9Y3S2,9606,9606.ENSP00000262990
Q9Y3T6,9606,9606.ENSP00000265806
Q9Y3T9,9606,9606.ENSP00000317992
Q9Y3U8,9606,9606.ENSP00000464342
Q9Y3X0,9606,9606.ENSP00000221922
Q9Y3Y2,9606,9606.ENSP00000357679
Q9Y3Z3,9606,9606.ENSP00000493536
Q9Y446,9606,9606.ENSP00000331678
Q9Y448,9606,9606.ENSP00000249776
Q9Y450,9606,9606.ENSP00000356811
Q9Y467,9606,9606.ENSP00000483562
Q9Y478,9606,9606.ENSP00000441369
Q9Y483,9606,9606.ENSP00000359321
Q9Y485,9606,9606.ENSP00000439479
Q9Y487,9606,9606.ENSP00000332247
Q9Y490,9606,9606.ENSP00000316029
Q9Y4A5,9606,9606.ENSP00000352925
Q9Y4B6,9606,9606.ENSP00000393183
Q9Y4C1,9606,9606.ENSP00000386660
Q9Y4C2,9606,9606.ENSP00000419235
Q9Y4C8,9606,9606.ENSP00000442053
Q9Y4E1,9606,9606.ENSP00000485513
Q9Y4E5,9606,9606.ENSP00000359740
Q9Y4E6,9606,9606.ENSP00000254442
Q9Y4E8,9606,9606.ENSP00000280377
Q9Y4K3,9606,9606.ENSP00000433623
Q9Y4L1,9606,9606.ENSP00000480150
Q9Y4P1,9606,9606.ENSP00000384259
Q9Y4P3,9606,9606.ENSP00000307260
Q9Y4P8,9606,9606.ENSP00000288828
Q9Y4R8,9606,9606.ENSP00000262319
Q9Y4W2,9606,9606.ENSP00000363944
Q9Y4W6,9606,9606.ENSP00000269143
Q9Y4X0,9606,9606.ENSP00000262844
Q9Y4X5,9606,9606.ENSP00000369217
Q9Y4Y9,9606,9606.ENSP00000410758
Q9Y4Z0,9606,9606.ENSP00000469468
Q9Y508,9606,9606.ENSP00000244061
Q9Y512,9606,9606.ENSP00000345445
Q9Y520,9606,9606.ENSP00000343629
Q9Y530,9606,9606.ENSP00000420484
Q9Y535,9606,9606.ENSP00000347345
Q9Y547,9606,9606.ENSP00000194214
Q9Y570,9606,9606.ENSP00000381461
Q9Y575,9606,9606.ENSP00000499751
Q9Y580,9606,9606.ENSP00000364639
Q9Y584,9606,9606.ENSP00000320236
Q9Y587,9606,9606.ENSP00000216366
Q9Y5A7,9606,9606.ENSP00000454264
Q9Y5A9,9606,9606.ENSP00000444660
Q9Y5B0,9606,9606.ENSP00000484525
Q9Y5B6,9606,9606.ENSP00000328992
Q9Y5B8,9606,9606.ENSP00000356785
Q9Y5B9,9606,9606.ENSP00000216297
Q9Y5J1,9606,9606.ENSP00000225298
Q9Y5J6,9606,9606.ENSP00000254616
Q9Y5J7,9606,9606.ENSP00000378588
Q9Y5J9,9606,9606.ENSP00000438455
Q9Y5K5,9606,9606.ENSP00000356421
Q9Y5K6,9606,9606.ENSP00000352264
Q9Y5K8,9606,9606.ENSP00000216442
Q9Y5L0,9606,9606.ENSP00000265388
Q9Y5L4,9606,9606.ENSP00000215570
Q9Y5M8,9606,9606.ENSP00000418401
Q9Y5N6,9606,9606.ENSP00000219097
Q9Y5P4,9606,9606.ENSP00000383996
Q9Y5P6,9606,9606.ENSP00000309092
Q9Y5Q8,9606,9606.ENSP00000361180
Q9Y5Q9,9606,9606.ENSP00000263956
Q9Y5R8,9606,9606.ENSP00000302783
Q9Y5S1,9606,9606.ENSP00000342222
Q9Y5S2,9606,9606.ENSP00000355237
Q9Y5S9,9606,9606.ENSP00000463058
Q9Y5T5,9606,9606.ENSP00000334808
Q9Y5U2,9606,9606.ENSP00000331087
Q9Y5U8,9606,9606.ENSP00000354223
Q9Y5U9,9606,9606.ENSP00000256433
Q9Y5V0,9606,9606.ENSP00000430823
Q9Y5X1,9606,9606.ENSP00000376024
Q9Y5X2,9606,9606.ENSP00000222990
Q9Y5X3,9606,9606.ENSP00000366998
Q9Y5Y2,9606,9606.ENSP00000262302
Q9Y5Z4,9606,9606.ENSP00000475750
Q9Y605,9606,9606.ENSP00000318352
Q9Y606,9606,9606.ENSP00000365837
Q9Y608,9606,9606.ENSP00000338727
Q9Y613,9606,9606.ENSP00000258201
Q9Y617,9606,9606.ENSP00000365773
Q9Y624,9606,9606.ENSP00000357005
Q9Y657,9606,9606.ENSP00000365019
Q9Y676,9606,9606.ENSP00000259873
Q9Y678,9606,9606.ENSP00000325002
Q9Y679,9606,9606.ENSP00000366748
Q9Y692,9606,9606.ENSP00000294409
Q9Y696,9606,9606.ENSP00000363500
Q9Y697,9606,9606.ENSP00000363205
Q9Y6A4,9606,9606.ENSP00000262498
Q9Y6A5,9606,9606.ENSP00000326550
Q9Y6A9,9606,9606.ENSP00000233025
Q9Y6B6,9606,9606.ENSP00000385432
Q9Y6C9,9606,9606.ENSP00000303222
Q9Y6D5,9606,9606.ENSP00000360985
Q9Y6D6,9606,9606.ENSP00000262215
Q9Y6D9,9606,9606.ENSP00000385334
Q9Y6E0,9606,9606.ENSP00000365730
Q9Y6E2,9606,9606.ENSP00000397249
Q9Y6G3,9606,9606.ENSP00000449884
Q9Y6G5,9606,9606.ENSP00000274458
Q9Y6G9,9606,9606.ENSP00000273130
Q9Y6H1,9606,9606.ENSP00000378812
Q9Y6I3,9606,9606.ENSP00000406209
Q9Y6I4,9606,9606.ENSP00000369681
Q9Y6J0,9606,9606.ENSP00000381364
Q9Y6J9,9606,9606.ENSP00000294168
Q9Y6K9,9606,9606.ENSP00000483825
Q9Y6M1,9606,9606.ENSP00000410242
Q9Y6M5,9606,9606.ENSP00000355968
Q9Y6M9,9606,9606.ENSP00000276689
Q9Y6R0,9606,9606.ENSP00000252891
Q9Y6R4,9606,9606.ENSP00000375986
Q9Y6V7,9606,9606.ENSP00000247003
Q9Y6W3,9606,9606.ENSP00000253693
Q9Y6W5,9606,9606.ENSP00000483313
Q9Y6X3,9606,9606.ENSP00000262815
Q9Y6X9,9606,9606.ENSP00000380763
Q9Y6Y0,9606,9606.ENSP00000356468
Q9Y6Y8,9606,9606.ENSP00000358071
