Protein ID,gene,locations,hpa_url
A0A024R1R8,TMA7B,,https://www.proteinatlas.org/search/TMA7B
A0A0B4J2F0,PIGBOS1,Mitochondrion outer membrane,https://www.proteinatlas.org/search/PIGBOS1
A0A0J9YX57,MAGEB6B,,https://www.proteinatlas.org/search/MAGEB6B
A0A2R8Y4L2,HNRNPA1L3,,https://www.proteinatlas.org/search/HNRNPA1L3
A0A7I2V3R4,RNF228,Membrane,https://www.proteinatlas.org/search/RNF228
A0AVT1,UBA6,,https://www.proteinatlas.org/search/UBA6
A0FGR8,ESYT2,Cell membrane; Endoplasmic reticulum membrane,https://www.proteinatlas.org/search/ESYT2
A0JLT2,MED19,Nucleus,https://www.proteinatlas.org/search/MED19
A0MZ66,SHTN1,"Perikaryon; Cell projection, axon; Cell projection, growth cone; Cytoplasm, cytoskeleton; Cell projection, filopodium; Cell projection, lamellipodium",https://www.proteinatlas.org/search/SHTN1
A1L020,MEX3A,"Cytoplasm; Nucleus; Cytoplasm, P-body",https://www.proteinatlas.org/search/MEX3A
A2RRP1,NBAS,Cytoplasm; Endoplasmic reticulum; Endoplasmic reticulum membrane,https://www.proteinatlas.org/search/NBAS
A2RTX5,TARS3,Cytoplasm; Nucleus,https://www.proteinatlas.org/search/TARS3
A3KN83,SBNO1,Nucleus,https://www.proteinatlas.org/search/SBNO1
A4D126,CRPPA,"Cytoplasm, cytosol",https://www.proteinatlas.org/search/CRPPA
A4D1E9,GTPBP10,"Nucleus, nucleolus; Chromosome",https://www.proteinatlas.org/search/GTPBP10
A4D1P6,WDR91,Early endosome membrane; Late endosome membrane,https://www.proteinatlas.org/search/WDR91
A5D8V6,VPS37C,Late endosome membrane,https://www.proteinatlas.org/search/VPS37C
A5PLN9,TRAPPC13,,https://www.proteinatlas.org/search/TRAPPC13
A5YKK6,CNOT1,"Cytoplasm, P-body; Nucleus",https://www.proteinatlas.org/search/CNOT1
A5Z2X5,YPR010C-A,Cytoplasm; Membrane,https://www.proteinatlas.org/search/YPR010C-A
A6NCE7,MAP1LC3B2,"Cytoplasmic vesicle, autophagosome membrane; Endomembrane system; Cytoplasm, cytoskeleton",https://www.proteinatlas.org/search/MAP1LC3B2
A6NDG6,PGP,,https://www.proteinatlas.org/search/PGP
A6NDU8,RIMOC1,"Cytoplasm, cytosol",https://www.proteinatlas.org/search/RIMOC1
A6NED2,RCCD1,Chromosome,https://www.proteinatlas.org/search/RCCD1
A6NFI3,ZNF316,Nucleus,https://www.proteinatlas.org/search/ZNF316
A6NGK3,GAGE10,,https://www.proteinatlas.org/search/GAGE10
A6NHL2,TUBAL3,"Cytoplasm, cytoskeleton",https://www.proteinatlas.org/search/TUBAL3
A6NHR9,SMCHD1,Chromosome,https://www.proteinatlas.org/search/SMCHD1
A6NIH7,UNC119B,"Cell projection, cilium",https://www.proteinatlas.org/search/UNC119B
A6NJ78,METTL15,Mitochondrion matrix,https://www.proteinatlas.org/search/METTL15
A8CG34,POM121C,"Nucleus, nuclear pore complex; Nucleus membrane; Endoplasmic reticulum membrane",https://www.proteinatlas.org/search/POM121C
A8MPS7,YDJC,,https://www.proteinatlas.org/search/YDJC
A8MT69,CENPX,"Nucleus; Chromosome, centromere; Chromosome, centromere, kinetochore",https://www.proteinatlas.org/search/CENPX
A8MWD9,SNRPGP15,Nucleus,https://www.proteinatlas.org/search/SNRPGP15
A8MXV4,NUDT19,Peroxisome,https://www.proteinatlas.org/search/NUDT19
B2RUZ4,SMIM1,Cell membrane,https://www.proteinatlas.org/search/SMIM1
B3EWF7,EPM2A,Nucleus,https://www.proteinatlas.org/search/EPM2A
C9J7I0,UMAD1,,https://www.proteinatlas.org/search/UMAD1
C9JLW8,MCRIP1,"Nucleus; Cytoplasm, Stress granule",https://www.proteinatlas.org/search/MCRIP1
D6VTK4,STE2,Cell membrane,https://www.proteinatlas.org/search/STE2
E9PAV3,NACA,Cytoplasm; Nucleus,https://www.proteinatlas.org/search/NACA
E9PRG8,RSMC,"Nucleus; Nucleus, nucleolus",https://www.proteinatlas.org/search/RSMC
L0R6Q1,SLC35A4,Mitochondrion inner membrane,https://www.proteinatlas.org/search/SLC35A4
L0R819,ASDURF,Cytoplasm,https://www.proteinatlas.org/search/ASDURF
L0R8F8,MIEF1,Mitochondrion matrix,https://www.proteinatlas.org/search/MIEF1
O00115,DNASE2,Lysosome,https://www.proteinatlas.org/search/DNASE2
O00116,AGPS,Peroxisome membrane; Peroxisome,https://www.proteinatlas.org/search/AGPS
O00139,KIF2A,"Cytoplasm; Cytoplasm, cytoskeleton, microtubule organizing center, centrosome; Cytoplasm, cytoskeleton, spindle pole; Cytoplasm, cytoskeleton, spindle",https://www.proteinatlas.org/search/KIF2A
O00148,DDX39A,Nucleus; Cytoplasm,https://www.proteinatlas.org/search/DDX39A
O00151,PDLIM1,"Cytoplasm; Cytoplasm, cytoskeleton; Cytoplasm, myofibril, sarcomere, Z line",https://www.proteinatlas.org/search/PDLIM1
O00154,ACOT7,"Cytoplasm, cytosol; Cytoplasm, cytosol; Mitochondrion; Mitochondrion",https://www.proteinatlas.org/search/ACOT7
O00159,MYO1C,"Cytoplasm; Nucleus; Cytoplasm, cell cortex; Cell projection, stereocilium membrane; Cytoplasmic vesicle; Cell projection, ruffle membrane; Nucleus, nucleoplasm; Nucleus, nucleolus",https://www.proteinatlas.org/search/MYO1C
O00161,SNAP23,Cell membrane,https://www.proteinatlas.org/search/SNAP23
O00165,HAX1,"Mitochondrion matrix; Endoplasmic reticulum; Nucleus membrane; Cytoplasmic vesicle; Cytoplasm, cell cortex; Cell membrane; Sarcoplasmic reticulum; Cytoplasm, P-body; Cytoplasm; Nucleus; Cytoplasm; Nucleus; Cytoplasm; Nucleus; Cytoplasm",https://www.proteinatlas.org/search/HAX1
O00170,AIP,Cytoplasm,https://www.proteinatlas.org/search/AIP
O00178,GTPBP1,Cytoplasm,https://www.proteinatlas.org/search/GTPBP1
O00186,STXBP3,"Cytoplasm, cytosol; Cell membrane",https://www.proteinatlas.org/search/STXBP3
O00193,SMAP,,https://www.proteinatlas.org/search/SMAP
O00203,AP3B1,"Cytoplasmic vesicle, clathrin-coated vesicle membrane; Golgi apparatus",https://www.proteinatlas.org/search/AP3B1
O00214,LGALS8,"Cytoplasmic vesicle; Cytoplasm, cytosol",https://www.proteinatlas.org/search/LGALS8
O00217,NDUFS8,Mitochondrion inner membrane,https://www.proteinatlas.org/search/NDUFS8
O00231,PSMD11,"Nucleus; Cytoplasm, cytosol",https://www.proteinatlas.org/search/PSMD11
O00232,PSMD12,,https://www.proteinatlas.org/search/PSMD12
O00233,PSMD9,,https://www.proteinatlas.org/search/PSMD9
O00244,ATOX1,"Cytoplasm, cytosol; Nucleus",https://www.proteinatlas.org/search/ATOX1
O00255,MEN1,Nucleus,https://www.proteinatlas.org/search/MEN1
O00264,PGRMC1,Microsome membrane; Smooth endoplasmic reticulum membrane; Mitochondrion outer membrane; Secreted,https://www.proteinatlas.org/search/PGRMC1
O00267,SUPT5H,Nucleus,https://www.proteinatlas.org/search/SUPT5H
O00268,TAF4,Nucleus,https://www.proteinatlas.org/search/TAF4
O00273,DFFA,Cytoplasm,https://www.proteinatlas.org/search/DFFA
O00291,HIP1,"Cytoplasm; Nucleus; Endomembrane system; Cytoplasmic vesicle, clathrin-coated vesicle membrane",https://www.proteinatlas.org/search/HIP1
O00299,CLIC1,Nucleus; Nucleus membrane; Cytoplasm; Cell membrane; Endoplasmic reticulum,https://www.proteinatlas.org/search/CLIC1
O00303,EIF3F,Cytoplasm,https://www.proteinatlas.org/search/EIF3F
O00308,WWP2,Nucleus,https://www.proteinatlas.org/search/WWP2
O00330,PDHX,Mitochondrion matrix,https://www.proteinatlas.org/search/PDHX
O00399,DCTN6,"Cytoplasm, cytoskeleton; Chromosome, centromere, kinetochore",https://www.proteinatlas.org/search/DCTN6
O00401,WASL,"Cytoplasm, cytoskeleton; Nucleus; Cytoplasm",https://www.proteinatlas.org/search/WASL
O00408,PDE2A,Cell membrane; Mitochondrion matrix; Mitochondrion inner membrane; Mitochondrion outer membrane; Cytoplasm; Mitochondrion,https://www.proteinatlas.org/search/PDE2A
O00410,IPO5,"Cytoplasm; Nucleus; Nucleus, nucleolus",https://www.proteinatlas.org/search/IPO5
O00411,POLRMT,Mitochondrion,https://www.proteinatlas.org/search/POLRMT
O00418,EEF2K,,https://www.proteinatlas.org/search/EEF2K
O00422,SAP18,Nucleus; Cytoplasm; Nucleus speckle,https://www.proteinatlas.org/search/SAP18
O00425,IGF2BP3,"Nucleus; Cytoplasm; Cytoplasm, P-body; Cytoplasm, Stress granule",https://www.proteinatlas.org/search/IGF2BP3
O00429,DNM1L,"Cytoplasm, cytosol; Golgi apparatus; Endomembrane system; Mitochondrion outer membrane; Peroxisome; Membrane, clathrin-coated pit; Cytoplasmic vesicle, secretory vesicle, synaptic vesicle membrane",https://www.proteinatlas.org/search/DNM1L
O00442,RTCA,"Nucleus, nucleoplasm",https://www.proteinatlas.org/search/RTCA
O00443,PIK3C2A,"Cell membrane; Cytoplasmic vesicle, clathrin-coated vesicle; Nucleus; Cytoplasm; Golgi apparatus, trans-Golgi network",https://www.proteinatlas.org/search/PIK3C2A
O00459,PIK3R2,,https://www.proteinatlas.org/search/PIK3R2
O00461,GOLIM4,"Golgi apparatus, Golgi stack membrane; Endosome membrane; Membrane",https://www.proteinatlas.org/search/GOLIM4
O00470,MEIS1,Nucleus,https://www.proteinatlas.org/search/MEIS1
O00471,EXOC5,Cytoplasm; Midbody,https://www.proteinatlas.org/search/EXOC5
O00479,HMGN4,Nucleus,https://www.proteinatlas.org/search/HMGN4
O00483,COXFA4,Mitochondrion inner membrane,https://www.proteinatlas.org/search/COXFA4
O00487,PSMD14,,https://www.proteinatlas.org/search/PSMD14
O00488,ZNF593,"Nucleus, nucleolus; Cytoplasm",https://www.proteinatlas.org/search/ZNF593
O00505,KPNA3,Cytoplasm; Nucleus,https://www.proteinatlas.org/search/KPNA3
O00506,STK25,Cytoplasm; Golgi apparatus,https://www.proteinatlas.org/search/STK25
O00507,USP9Y,,https://www.proteinatlas.org/search/USP9Y
O00541,PES1,"Nucleus, nucleolus; Nucleus, nucleoplasm; Chromosome",https://www.proteinatlas.org/search/PES1
O00560,SDCBP,"Cell junction, focal adhesion; Cell junction, adherens junction; Cell membrane; Endoplasmic reticulum membrane; Nucleus; Melanosome; Cytoplasm, cytosol; Cytoplasm, cytoskeleton; Secreted, extracellular exosome; Membrane raft",https://www.proteinatlas.org/search/SDCBP
O00566,MPHOSPH10,"Nucleus, nucleolus; Chromosome",https://www.proteinatlas.org/search/MPHOSPH10
O00567,NOP56,"Nucleus, nucleolus; Cytoplasm; Nucleus, nucleoplasm",https://www.proteinatlas.org/search/NOP56
O00571,DDX3X,"Cell membrane; Nucleus; Cytoplasm; Cytoplasm, Stress granule; Inflammasome; Cell projection, lamellipodium; Cytoplasm, cytoskeleton, microtubule organizing center, centrosome",https://www.proteinatlas.org/search/DDX3X
O00584,RNASET2,Secreted; Lysosome lumen; Endoplasmic reticulum lumen; Mitochondrion intermembrane space,https://www.proteinatlas.org/search/RNASET2
O00625,PIR,Nucleus; Cytoplasm,https://www.proteinatlas.org/search/PIR
O00629,KPNA4,Cytoplasm; Nucleus,https://www.proteinatlas.org/search/KPNA4
O00635,TRIM38,Cytoplasm,https://www.proteinatlas.org/search/TRIM38
O00716,E2F3,Nucleus,https://www.proteinatlas.org/search/E2F3
O00743,PPP6C,Mitochondrion; Cytoplasm,https://www.proteinatlas.org/search/PPP6C
O00764,PDXK,"Cytoplasm, cytosol",https://www.proteinatlas.org/search/PDXK
O00767,SCD,Endoplasmic reticulum membrane,https://www.proteinatlas.org/search/SCD
O13297,CET1,Nucleus,https://www.proteinatlas.org/search/CET1
O13329,FOB1,"Nucleus, nucleolus",https://www.proteinatlas.org/search/FOB1
O13516,RPS9A,"Cytoplasm; Nucleus, nucleolus",https://www.proteinatlas.org/search/RPS9A
O13539,THP2,Nucleus,https://www.proteinatlas.org/search/THP2
O13547,CCW14,"Secreted, cell wall; Membrane",https://www.proteinatlas.org/search/CCW14
O13563,RPN13,Cytoplasm; Nucleus,https://www.proteinatlas.org/search/RPN13
O13585,YPR089W,Golgi apparatus,https://www.proteinatlas.org/search/YPR089W
O14455,RPL36B,Cytoplasm,https://www.proteinatlas.org/search/RPL36B
O14467,MBF1,Cytoplasm; Nucleus,https://www.proteinatlas.org/search/MBF1
O14497,ARID1A,Nucleus,https://www.proteinatlas.org/search/ARID1A
O14519,CDK2AP1,Nucleus; Chromosome,https://www.proteinatlas.org/search/CDK2AP1
O14526,FCHO1,"Membrane, clathrin-coated pit",https://www.proteinatlas.org/search/FCHO1
O14530,TXNDC9,"Cytoplasm; Nucleus; Cytoplasm, cytoskeleton, microtubule organizing center, centrosome; Midbody",https://www.proteinatlas.org/search/TXNDC9
O14543,SOCS3,,https://www.proteinatlas.org/search/SOCS3
O14545,TRAFD1,,https://www.proteinatlas.org/search/TRAFD1
O14548,COX7A2L,Mitochondrion inner membrane,https://www.proteinatlas.org/search/COX7A2L
O14561,NDUFAB1,Mitochondrion,https://www.proteinatlas.org/search/NDUFAB1
O14562,UBFD1,,https://www.proteinatlas.org/search/UBFD1
O14578,CIT,Cytoplasm,https://www.proteinatlas.org/search/CIT
O14579,COPE,"Cytoplasm; Golgi apparatus membrane; Cytoplasmic vesicle, COPI-coated vesicle membrane",https://www.proteinatlas.org/search/COPE
O14617,AP3D1,Cytoplasm; Golgi apparatus membrane,https://www.proteinatlas.org/search/AP3D1
O14618,CCS,"Cytoplasm, cytosol",https://www.proteinatlas.org/search/CCS
O14641,DVL2,"Cell membrane; Cytoplasm, cytosol; Cytoplasmic vesicle; Nucleus",https://www.proteinatlas.org/search/DVL2
O14646,CHD1,Nucleus; Cytoplasm,https://www.proteinatlas.org/search/CHD1
O14653,GOSR2,"Golgi apparatus, cis-Golgi network membrane; Golgi apparatus membrane; Endoplasmic reticulum membrane",https://www.proteinatlas.org/search/GOSR2
O14656,TOR1A,"Endoplasmic reticulum lumen; Nucleus membrane; Cell projection, growth cone; Cytoplasmic vesicle membrane; Cytoplasmic vesicle, secretory vesicle; Cytoplasmic vesicle, secretory vesicle, synaptic vesicle; Cytoplasm, cytoskeleton",https://www.proteinatlas.org/search/TOR1A
O14657,TOR1B,Endoplasmic reticulum lumen; Nucleus membrane,https://www.proteinatlas.org/search/TOR1B
O14662,STX16,Golgi apparatus membrane; Cytoplasm,https://www.proteinatlas.org/search/STX16
O14686,KMT2D,Nucleus,https://www.proteinatlas.org/search/KMT2D
O14733,MAP2K7,Nucleus; Cytoplasm,https://www.proteinatlas.org/search/MAP2K7
O14734,ACOT8,Peroxisome matrix,https://www.proteinatlas.org/search/ACOT8
O14737,PDCD5,"Nucleus; Cytoplasm, cytosol",https://www.proteinatlas.org/search/PDCD5
O14744,PRMT5,Cytoplasm; Nucleus; Chromosome; Golgi apparatus,https://www.proteinatlas.org/search/PRMT5
O14745,NHERF1,"Cytoplasm; Apical cell membrane; Endomembrane system; Cell projection, filopodium; Cell projection, ruffle; Cell projection, microvillus",https://www.proteinatlas.org/search/NHERF1
O14757,CHEK1,"Nucleus; Chromosome; Cytoplasm; Cytoplasm, cytoskeleton, microtubule organizing center, centrosome",https://www.proteinatlas.org/search/CHEK1
O14773,TPP1,Lysosome; Melanosome,https://www.proteinatlas.org/search/TPP1
O14776,TCERG1,Nucleus,https://www.proteinatlas.org/search/TCERG1
O14777,NDC80,"Nucleus; Chromosome, centromere, kinetochore",https://www.proteinatlas.org/search/NDC80
O14787,TNPO2,Cytoplasm; Nucleus,https://www.proteinatlas.org/search/TNPO2
O14802,POLR3A,"Nucleus; Cytoplasm, cytosol",https://www.proteinatlas.org/search/POLR3A
O14818,PSMA7,Cytoplasm; Nucleus,https://www.proteinatlas.org/search/PSMA7
O14828,SCAMP3,Membrane,https://www.proteinatlas.org/search/SCAMP3
O14841,OPLAH,"Cytoplasm, cytosol",https://www.proteinatlas.org/search/OPLAH
O14874,BCKDK,Mitochondrion matrix,https://www.proteinatlas.org/search/BCKDK
O14880,MGST3,Mitochondrion outer membrane,https://www.proteinatlas.org/search/MGST3
O14893,GEMIN2,"Nucleus, gem; Cytoplasm",https://www.proteinatlas.org/search/GEMIN2
O14907,TAX1BP3,Cytoplasm; Nucleus; Cell membrane,https://www.proteinatlas.org/search/TAX1BP3
O14908,GIPC1,Cytoplasm; Membrane,https://www.proteinatlas.org/search/GIPC1
O14920,IKBKB,Cytoplasm; Nucleus; Membrane raft,https://www.proteinatlas.org/search/IKBKB
O14925,TIMM23,Mitochondrion inner membrane,https://www.proteinatlas.org/search/TIMM23
O14929,HAT1,"Nucleus matrix; Mitochondrion; Cytoplasm; Nucleus; Nucleus matrix; Nucleus, nucleoplasm",https://www.proteinatlas.org/search/HAT1
O14949,UQCRQ,Mitochondrion inner membrane,https://www.proteinatlas.org/search/UQCRQ
O14950,MYL12B,,https://www.proteinatlas.org/search/MYL12B
O14957,UQCR11,Mitochondrion inner membrane,https://www.proteinatlas.org/search/UQCR11
O14964,HGS,"Cytoplasm; Early endosome membrane; Endosome, multivesicular body membrane",https://www.proteinatlas.org/search/HGS
O14965,AURKA,"Cytoplasm, cytoskeleton, microtubule organizing center, centrosome; Cytoplasm, cytoskeleton, spindle pole; Cytoplasm, cytoskeleton, microtubule organizing center, centrosome, centriole; Cell projection, neuron projection; Cell projection, cilium; Cytoplasm, cytoskeleton, cilium basal body; Basolateral cell membrane",https://www.proteinatlas.org/search/AURKA
O14972,VPS26C,Endosome,https://www.proteinatlas.org/search/VPS26C
O14974,PPP1R12A,"Cytoplasm; Cytoplasm, cytoskeleton, stress fiber",https://www.proteinatlas.org/search/PPP1R12A
O14976,GAK,"Cytoplasm, perinuclear region; Golgi apparatus, trans-Golgi network; Cell junction, focal adhesion; Cytoplasmic vesicle, clathrin-coated vesicle",https://www.proteinatlas.org/search/GAK
O14979,HNRNPDL,Nucleus; Cytoplasm,https://www.proteinatlas.org/search/HNRNPDL
O14980,XPO1,"Cytoplasm; Nucleus, nucleoplasm; Nucleus, Cajal body; Nucleus, nucleolus",https://www.proteinatlas.org/search/XPO1
O14981,BTAF1,Nucleus,https://www.proteinatlas.org/search/BTAF1
O15014,ZNF609,Nucleus; Nucleus,https://www.proteinatlas.org/search/ZNF609
O15020,SPTBN2,"Cytoplasm, cytoskeleton; Cytoplasm, cell cortex",https://www.proteinatlas.org/search/SPTBN2
O15027,SEC16A,"Endoplasmic reticulum membrane; Golgi apparatus membrane; Cytoplasm, perinuclear region; Cytoplasm, cytosol; Microsome membrane",https://www.proteinatlas.org/search/SEC16A
O15042,U2SURP,Nucleus,https://www.proteinatlas.org/search/U2SURP
O15047,SETD1A,Nucleus speckle; Chromosome; Cytoplasm,https://www.proteinatlas.org/search/SETD1A
O15067,PFAS,Cytoplasm,https://www.proteinatlas.org/search/PFAS
O15084,ANKRD28,"Nucleus, nucleoplasm; Cytoplasm, cytosol; Cell projection, lamellipodium",https://www.proteinatlas.org/search/ANKRD28
O15091,PRORP,Mitochondrion,https://www.proteinatlas.org/search/PRORP
O15111,CHUK,Cytoplasm; Nucleus,https://www.proteinatlas.org/search/CHUK
O15116,LSM1,"Cytoplasm; Cytoplasm, P-body",https://www.proteinatlas.org/search/LSM1
O15117,FYB1,Cytoplasm; Nucleus; Cell junction,https://www.proteinatlas.org/search/FYB1
O15118,NPC1,Late endosome membrane; Lysosome membrane,https://www.proteinatlas.org/search/NPC1
O15126,SCAMP1,"Golgi apparatus, trans-Golgi network membrane; Recycling endosome membrane",https://www.proteinatlas.org/search/SCAMP1
O15127,SCAMP2,"Golgi apparatus, trans-Golgi network membrane; Recycling endosome membrane",https://www.proteinatlas.org/search/SCAMP2
O15143,ARPC1B,"Cytoplasm, cytoskeleton; Nucleus",https://www.proteinatlas.org/search/ARPC1B
O15144,ARPC2,"Cytoplasm, cytoskeleton; Cell projection; Synapse, synaptosome; Nucleus",https://www.proteinatlas.org/search/ARPC2
O15145,ARPC3,"Cytoplasm, cytoskeleton; Cell projection; Nucleus",https://www.proteinatlas.org/search/ARPC3
O15155,BET1,"Endoplasmic reticulum membrane; Golgi apparatus, cis-Golgi network membrane; Golgi apparatus membrane",https://www.proteinatlas.org/search/BET1
O15160,POLR1C,"Nucleus; Nucleus, nucleolus; Cytoplasm, cytosol",https://www.proteinatlas.org/search/POLR1C
O15164,TRIM24,Nucleus; Cytoplasm; Mitochondrion,https://www.proteinatlas.org/search/TRIM24
O15173,PGRMC2,Membrane; Nucleus envelope; Endoplasmic reticulum; Secreted,https://www.proteinatlas.org/search/PGRMC2
O15182,CETN3,"Cytoplasm, cytoskeleton, microtubule organizing center, centrosome; Nucleus, nucleolus; Nucleus envelope; Nucleus, nuclear pore complex; Cytoplasm, cytoskeleton, microtubule organizing center, centrosome, centriole",https://www.proteinatlas.org/search/CETN3
O15212,PFDN6,,https://www.proteinatlas.org/search/PFDN6
O15213,WDR46,"Nucleus, nucleolus",https://www.proteinatlas.org/search/WDR46
O15226,NKRF,"Nucleus, nucleolus",https://www.proteinatlas.org/search/NKRF
O15228,GNPAT,Peroxisome membrane,https://www.proteinatlas.org/search/GNPAT
O15234,CASC3,"Cytoplasm; Cytoplasm, perinuclear region; Nucleus; Nucleus speckle; Cytoplasm, Stress granule; Cytoplasm, Cytoplasmic ribonucleoprotein granule; Cell projection, dendrite",https://www.proteinatlas.org/search/CASC3
O15235,MRPS12,Mitochondrion,https://www.proteinatlas.org/search/MRPS12
O15247,CLIC2,Cytoplasm; Membrane,https://www.proteinatlas.org/search/CLIC2
O15258,RER1,"Golgi apparatus membrane; Golgi apparatus, cis-Golgi network membrane",https://www.proteinatlas.org/search/RER1
O15260,SURF4,Endoplasmic reticulum membrane; Endoplasmic reticulum-Golgi intermediate compartment membrane; Golgi apparatus membrane,https://www.proteinatlas.org/search/SURF4
O15269,SPTLC1,Endoplasmic reticulum membrane,https://www.proteinatlas.org/search/SPTLC1
O15270,SPTLC2,Endoplasmic reticulum membrane,https://www.proteinatlas.org/search/SPTLC2
O15294,OGT,Nucleus; Cytoplasm; Mitochondrion; Membrane; Cytoplasm; Nucleus; Cell membrane; Mitochondrion membrane; Cell projection; Cytoplasm; Nucleus,https://www.proteinatlas.org/search/OGT
O15305,PMM2,Cytoplasm,https://www.proteinatlas.org/search/PMM2
O15318,POLR3G,Nucleus; Cytoplasm,https://www.proteinatlas.org/search/POLR3G
O15347,HMGB3,Nucleus; Chromosome; Cytoplasm,https://www.proteinatlas.org/search/HMGB3
O15355,PPM1G,Cytoplasm; Membrane,https://www.proteinatlas.org/search/PPM1G
O15357,INPPL1,"Cytoplasm, cytosol; Cytoplasm, cytoskeleton; Membrane; Cell projection, filopodium; Cell projection, lamellipodium; Basal cell membrane; Nucleus; Nucleus speckle; Cytoplasm, cytoskeleton, spindle pole",https://www.proteinatlas.org/search/INPPL1
O15371,EIF3D,Cytoplasm,https://www.proteinatlas.org/search/EIF3D
O15372,EIF3H,Cytoplasm,https://www.proteinatlas.org/search/EIF3H
O15379,HDAC3,"Nucleus; Chromosome; Cytoplasm; Cytoplasm, cytosol",https://www.proteinatlas.org/search/HDAC3
O15381,NVL,"Nucleus, nucleoplasm; Nucleus, nucleolus; Nucleus, nucleoplasm",https://www.proteinatlas.org/search/NVL
O15382,BCAT2,Mitochondrion,https://www.proteinatlas.org/search/BCAT2
O15392,BIRC5,"Cytoplasm; Nucleus; Chromosome; Chromosome, centromere; Cytoplasm, cytoskeleton, spindle; Chromosome, centromere, kinetochore; Midbody",https://www.proteinatlas.org/search/BIRC5
O15397,IPO8,Cytoplasm; Nucleus,https://www.proteinatlas.org/search/IPO8
O15400,STX7,Early endosome membrane,https://www.proteinatlas.org/search/STX7
O15439,ABCC4,Basolateral cell membrane; Apical cell membrane,https://www.proteinatlas.org/search/ABCC4
O15446,POLR1G,"Nucleus, nucleolus; Chromosome",https://www.proteinatlas.org/search/POLR1G
O15479,MAGEB2,,https://www.proteinatlas.org/search/MAGEB2
O15498,YKT6,"Cytoplasm, cytosol; Cytoplasmic vesicle membrane; Golgi apparatus membrane",https://www.proteinatlas.org/search/YKT6
O15504,NUP42,"Nucleus, nuclear pore complex; Nucleus membrane",https://www.proteinatlas.org/search/NUP42
O15511,ARPC5,"Cytoplasm, cytoskeleton; Cell projection; Nucleus",https://www.proteinatlas.org/search/ARPC5
O15514,POLR2D,Nucleus,https://www.proteinatlas.org/search/POLR2D
O15525,MAFG,Nucleus,https://www.proteinatlas.org/search/MAFG
O15530,PDPK1,"Cytoplasm; Nucleus; Cell membrane; Cell junction, focal adhesion",https://www.proteinatlas.org/search/PDPK1
O15541,RNF113A,Nucleus; Nucleus speckle,https://www.proteinatlas.org/search/RNF113A
O15550,KDM6A,Nucleus,https://www.proteinatlas.org/search/KDM6A
O43137,YBR085C-A,Cytoplasm; Nucleus,https://www.proteinatlas.org/search/YBR085C-A
O43143,DHX15,"Nucleus; Nucleus, nucleolus",https://www.proteinatlas.org/search/DHX15
O43148,RNMT,Nucleus,https://www.proteinatlas.org/search/RNMT
O43156,TTI1,Cytoplasm,https://www.proteinatlas.org/search/TTI1
O43159,RRP8,"Nucleus, nucleolus",https://www.proteinatlas.org/search/RRP8
O43164,PJA2,"Cytoplasm; Cell membrane; Endoplasmic reticulum membrane; Golgi apparatus membrane; Synapse; Postsynaptic density; Cytoplasm, cytoskeleton, microtubule organizing center, centrosome",https://www.proteinatlas.org/search/PJA2
O43169,CYB5B,Mitochondrion outer membrane,https://www.proteinatlas.org/search/CYB5B
O43172,PRPF4,Nucleus; Nucleus speckle,https://www.proteinatlas.org/search/PRPF4
O43175,PHGDH,,https://www.proteinatlas.org/search/PHGDH
O43181,NDUFS4,Mitochondrion inner membrane,https://www.proteinatlas.org/search/NDUFS4
O43182,ARHGAP6,Cytoplasm,https://www.proteinatlas.org/search/ARHGAP6
O43237,DYNC1LI2,"Cytoplasm, cytoskeleton",https://www.proteinatlas.org/search/DYNC1LI2
O43242,PSMD3,,https://www.proteinatlas.org/search/PSMD3
O43251,RBFOX2,Nucleus; Cytoplasm,https://www.proteinatlas.org/search/RBFOX2
O43252,PAPSS1,,https://www.proteinatlas.org/search/PAPSS1
O43264,ZW10,"Cytoplasm; Endoplasmic reticulum membrane; Chromosome, centromere, kinetochore; Cytoplasm, cytoskeleton, spindle; Lipid droplet",https://www.proteinatlas.org/search/ZW10
O43290,SART1,Nucleus,https://www.proteinatlas.org/search/SART1
O43314,PPIP5K2,"Cytoplasm, cytosol",https://www.proteinatlas.org/search/PPIP5K2
O43318,MAP3K7,Cytoplasm; Cell membrane,https://www.proteinatlas.org/search/MAP3K7
O43324,EEF1E1,"Cytoplasm; Cytoplasm, cytosol; Nucleus",https://www.proteinatlas.org/search/EEF1E1
O43353,RIPK2,Cytoplasm; Cell membrane; Endoplasmic reticulum,https://www.proteinatlas.org/search/RIPK2
O43379,WDR62,"Nucleus; Cytoplasm, cytoskeleton, spindle pole; Cytoplasm, cytoskeleton, microtubule organizing center, centrosome; Cytoplasm, cytoskeleton, microtubule organizing center, centrosome, centriole",https://www.proteinatlas.org/search/WDR62
O43390,HNRNPR,"Nucleus; Microsome; Nucleus, nucleoplasm; Cytoplasm",https://www.proteinatlas.org/search/HNRNPR
O43395,PRPF3,Nucleus; Nucleus speckle,https://www.proteinatlas.org/search/PRPF3
O43396,TXNL1,Cytoplasm; Nucleus,https://www.proteinatlas.org/search/TXNL1
O43399,TPD52L2,,https://www.proteinatlas.org/search/TPD52L2
O43402,EMC8,Endoplasmic reticulum membrane,https://www.proteinatlas.org/search/EMC8
O43414,ERI3,,https://www.proteinatlas.org/search/ERI3
O43422,THAP12,,https://www.proteinatlas.org/search/THAP12
O43427,FIBP,Nucleus; Endomembrane system,https://www.proteinatlas.org/search/FIBP
O43432,EIF4G3,,https://www.proteinatlas.org/search/EIF4G3
O43439,CBFA2T2,Nucleus,https://www.proteinatlas.org/search/CBFA2T2
O43447,PPIH,Nucleus speckle; Cytoplasm,https://www.proteinatlas.org/search/PPIH
O43463,SUV39H1,"Nucleus; Chromosome; Nucleus lamina; Nucleus, nucleoplasm; Chromosome, centromere; Cytoplasmic vesicle, phagosome lumen; Cell membrane",https://www.proteinatlas.org/search/SUV39H1
O43464,HTRA2,Mitochondrion intermembrane space; Mitochondrion membrane; Endoplasmic reticulum,https://www.proteinatlas.org/search/HTRA2
O43482,OIP5,"Nucleus; Chromosome; Chromosome, centromere",https://www.proteinatlas.org/search/OIP5
O43488,AKR7A2,Mitochondrion; Golgi apparatus; Cytoplasm,https://www.proteinatlas.org/search/AKR7A2
O43491,EPB41L2,"Cytoplasm, cytoskeleton; Cytoplasm, cell cortex; Cell membrane",https://www.proteinatlas.org/search/EPB41L2
O43493,TGOLN2,"Cell membrane; Golgi apparatus, trans-Golgi network membrane",https://www.proteinatlas.org/search/TGOLN2
O43502,RAD51C,"Nucleus; Cytoplasm; Cytoplasm, perinuclear region; Mitochondrion",https://www.proteinatlas.org/search/RAD51C
O43504,LAMTOR5,"Lysosome; Cytoplasm, cytosol",https://www.proteinatlas.org/search/LAMTOR5
O43513,MED7,Nucleus,https://www.proteinatlas.org/search/MED7
O43516,WIPF1,"Cytoplasmic vesicle; Cytoplasm, cytoskeleton; Cell projection, ruffle",https://www.proteinatlas.org/search/WIPF1
O43520,ATP8B1,"Cell membrane; Apical cell membrane; Cell projection, stereocilium; Endoplasmic reticulum; Golgi apparatus",https://www.proteinatlas.org/search/ATP8B1
O43583,DENR,Cytoplasm,https://www.proteinatlas.org/search/DENR
O43592,XPOT,Nucleus; Cytoplasm,https://www.proteinatlas.org/search/XPOT
O43598,DNPH1,Cytoplasm; Nucleus,https://www.proteinatlas.org/search/DNPH1
O43615,TIMM44,Mitochondrion inner membrane; Mitochondrion matrix,https://www.proteinatlas.org/search/TIMM44
O43617,TRAPPC3,"Golgi apparatus, cis-Golgi network; Endoplasmic reticulum",https://www.proteinatlas.org/search/TRAPPC3
O43633,CHMP2A,Late endosome membrane; Nucleus envelope,https://www.proteinatlas.org/search/CHMP2A
O43639,NCK2,Cytoplasm; Endoplasmic reticulum,https://www.proteinatlas.org/search/NCK2
O43660,PLRG1,Nucleus; Nucleus speckle,https://www.proteinatlas.org/search/PLRG1
O43663,PRC1,"Nucleus; Cytoplasm; Cytoplasm, cytoskeleton, spindle pole; Midbody; Chromosome",https://www.proteinatlas.org/search/PRC1
O43665,RGS10,"Cytoplasm, cytosol; Nucleus; Nucleus",https://www.proteinatlas.org/search/RGS10
O43670,ZNF207,"Nucleus; Chromosome, centromere, kinetochore; Cytoplasm, cytoskeleton, spindle",https://www.proteinatlas.org/search/ZNF207
O43674,NDUFB5,Mitochondrion inner membrane,https://www.proteinatlas.org/search/NDUFB5
O43676,NDUFB3,Mitochondrion inner membrane,https://www.proteinatlas.org/search/NDUFB3
O43678,NDUFA2,Mitochondrion inner membrane,https://www.proteinatlas.org/search/NDUFA2
O43681,GET3,"Cytoplasm; Endoplasmic reticulum; Nucleus, nucleolus",https://www.proteinatlas.org/search/GET3
O43683,BUB1,"Nucleus; Chromosome, centromere, kinetochore",https://www.proteinatlas.org/search/BUB1
O43684,BUB3,"Nucleus; Chromosome, centromere, kinetochore",https://www.proteinatlas.org/search/BUB3
O43707,ACTN4,"Nucleus; Cytoplasm; Cell junction; Cytoplasm, cytoskeleton, stress fiber; Cytoplasm, perinuclear region",https://www.proteinatlas.org/search/ACTN4
O43708,GSTZ1,Cytoplasm,https://www.proteinatlas.org/search/GSTZ1
O43709,BUD23,"Nucleus; Nucleus, nucleoplasm; Cytoplasm, perinuclear region; Cytoplasm",https://www.proteinatlas.org/search/BUD23
O43715,TRIAP1,Mitochondrion; Mitochondrion intermembrane space,https://www.proteinatlas.org/search/TRIAP1
O43716,GATC,Mitochondrion,https://www.proteinatlas.org/search/GATC
O43719,HTATSF1,Nucleus; Chromosome,https://www.proteinatlas.org/search/HTATSF1
O43747,AP1G1,"Golgi apparatus; Cytoplasmic vesicle, clathrin-coated vesicle membrane; Cytoplasm; Cytoplasm, perinuclear region; Cytoplasmic vesicle, clathrin-coated vesicle; Membrane, clathrin-coated pit",https://www.proteinatlas.org/search/AP1G1
O43752,STX6,"Golgi apparatus membrane; Golgi apparatus, trans-Golgi network membrane; Recycling endosome membrane",https://www.proteinatlas.org/search/STX6
O43760,SYNGR2,"Cytoplasmic vesicle membrane; Cytoplasmic vesicle, secretory vesicle, synaptic vesicle membrane; Lipid droplet",https://www.proteinatlas.org/search/SYNGR2
O43765,SGTA,Cytoplasm; Nucleus,https://www.proteinatlas.org/search/SGTA
O43766,LIAS,Mitochondrion,https://www.proteinatlas.org/search/LIAS
O43768,ENSA,Cytoplasm,https://www.proteinatlas.org/search/ENSA
O43772,SLC25A20,Mitochondrion inner membrane,https://www.proteinatlas.org/search/SLC25A20
O43776,NARS1,Cytoplasm,https://www.proteinatlas.org/search/NARS1
O43805,SSNA1,"Nucleus; Cytoplasm, cytoskeleton, microtubule organizing center, centrosome; Cytoplasm, cytoskeleton, microtubule organizing center, centrosome, centriole; Midbody; Cytoplasm, cytoskeleton, flagellum basal body; Cytoplasm, cytoskeleton, flagellum axoneme; Cell projection, axon",https://www.proteinatlas.org/search/SSNA1
O43808,SLC25A17,Cytoplasm; Peroxisome membrane,https://www.proteinatlas.org/search/SLC25A17
O43809,NUDT21,Nucleus; Cytoplasm,https://www.proteinatlas.org/search/NUDT21
O43813,LANCL1,Cytoplasm; Cell membrane,https://www.proteinatlas.org/search/LANCL1
O43815,STRN,"Cytoplasm; Membrane; Cell projection, dendritic spine",https://www.proteinatlas.org/search/STRN
O43818,RRP9,"Nucleus, nucleolus",https://www.proteinatlas.org/search/RRP9
O43819,SCO2,Mitochondrion inner membrane,https://www.proteinatlas.org/search/SCO2
O43823,AKAP8,"Nucleus; Nucleus matrix; Nucleus, nucleolus; Cytoplasm",https://www.proteinatlas.org/search/AKAP8
O43837,IDH3B,Mitochondrion,https://www.proteinatlas.org/search/IDH3B
O43847,NRDC,"Mitochondrion; Cell projection, dendrite",https://www.proteinatlas.org/search/NRDC
O43852,CALU,Endoplasmic reticulum membrane; Golgi apparatus; Secreted; Melanosome; Sarcoplasmic reticulum lumen,https://www.proteinatlas.org/search/CALU
O43865,AHCYL1,"Endoplasmic reticulum; Cytoplasm, cytosol; Apical cell membrane; Microsome",https://www.proteinatlas.org/search/AHCYL1
O43913,ORC5,Nucleus; Chromosome,https://www.proteinatlas.org/search/ORC5
O43920,NDUFS5,Mitochondrion inner membrane; Mitochondrion intermembrane space,https://www.proteinatlas.org/search/NDUFS5
O43929,ORC4,Nucleus,https://www.proteinatlas.org/search/ORC4
O43933,PEX1,"Cytoplasm, cytosol; Peroxisome membrane",https://www.proteinatlas.org/search/PEX1
O60200,MDM35,Cytoplasm; Nucleus; Mitochondrion intermembrane space,https://www.proteinatlas.org/search/MDM35
O60216,RAD21,"Nucleus; Nucleus matrix; Chromosome; Chromosome, centromere; Cytoplasm, cytoskeleton, spindle pole; Cytoplasm, cytosol; Nucleus",https://www.proteinatlas.org/search/RAD21
O60220,TIMM8A,Mitochondrion inner membrane,https://www.proteinatlas.org/search/TIMM8A
O60231,DHX16,"Nucleus; Nucleus, nucleoplasm; Cytoplasm",https://www.proteinatlas.org/search/DHX16
O60232,ZNRD2,Cytoplasm,https://www.proteinatlas.org/search/ZNRD2
O60234,GMFG,,https://www.proteinatlas.org/search/GMFG
O60244,MED14,Nucleus,https://www.proteinatlas.org/search/MED14
O60256,PRPSAP2,,https://www.proteinatlas.org/search/PRPSAP2
O60264,SMARCA5,Nucleus; Chromosome,https://www.proteinatlas.org/search/SMARCA5
O60271,SPAG9,"Cytoplasm; Cytoplasm, perinuclear region; Lysosome membrane; Cytoplasmic vesicle, secretory vesicle, acrosome",https://www.proteinatlas.org/search/SPAG9
O60287,URB1,"Nucleus, nucleolus",https://www.proteinatlas.org/search/URB1
O60293,ZFC3H1,Nucleus,https://www.proteinatlas.org/search/ZFC3H1
O60294,LCMT2,Cytoplasm,https://www.proteinatlas.org/search/LCMT2
O60306,AQR,"Nucleus; Nucleus, nucleoplasm",https://www.proteinatlas.org/search/AQR
O60313,OPA1,Mitochondrion inner membrane; Mitochondrion intermembrane space,https://www.proteinatlas.org/search/OPA1
O60318,MCM3AP,"Nucleus envelope; Nucleus, nuclear pore complex; Nucleus, nucleoplasm; Chromosome; Cytoplasm; Nucleus",https://www.proteinatlas.org/search/MCM3AP
O60341,KDM1A,Nucleus; Chromosome,https://www.proteinatlas.org/search/KDM1A
O60343,TBC1D4,Cytoplasm,https://www.proteinatlas.org/search/TBC1D4
O60427,FADS1,Endoplasmic reticulum membrane; Mitochondrion; Endoplasmic reticulum membrane,https://www.proteinatlas.org/search/FADS1
O60437,PPL,"Cell junction, desmosome; Cytoplasm, cytoskeleton; Cell membrane; Lateral cell membrane; Cytoplasm",https://www.proteinatlas.org/search/PPL
O60476,MAN1A2,Golgi apparatus membrane,https://www.proteinatlas.org/search/MAN1A2
O60488,ACSL4,Mitochondrion outer membrane; Endoplasmic reticulum membrane; Cell membrane,https://www.proteinatlas.org/search/ACSL4
O60493,SNX3,"Early endosome; Cytoplasmic vesicle, phagosome",https://www.proteinatlas.org/search/SNX3
O60502,OGA,Nucleus; Cytoplasm,https://www.proteinatlas.org/search/OGA
O60506,SYNCRIP,"Cytoplasm; Microsome; Endoplasmic reticulum; Nucleus; Nucleus, nucleoplasm; Nucleus, nucleoplasm; Nucleus, nucleoplasm",https://www.proteinatlas.org/search/SYNCRIP
O60508,CDC40,Nucleus; Nucleus speckle,https://www.proteinatlas.org/search/CDC40
O60547,GMDS,,https://www.proteinatlas.org/search/GMDS
O60563,CCNT1,Nucleus,https://www.proteinatlas.org/search/CCNT1
O60566,BUB1B,"Cytoplasm; Nucleus; Chromosome, centromere, kinetochore; Cytoplasm, cytoskeleton, microtubule organizing center, centrosome",https://www.proteinatlas.org/search/BUB1B
O60568,PLOD3,"Rough endoplasmic reticulum; Endoplasmic reticulum lumen; Endoplasmic reticulum membrane; Secreted; Secreted, extracellular space",https://www.proteinatlas.org/search/PLOD3
O60573,EIF4E2,"Cytoplasm; Cytoplasm, P-body",https://www.proteinatlas.org/search/EIF4E2
O60610,DIAPH1,"Cell membrane; Cell projection, ruffle membrane; Cytoplasm, cytoskeleton; Cytoplasm, cytoskeleton, microtubule organizing center, centrosome; Cytoplasm, cytoskeleton, spindle; Cytoplasm; Nucleus",https://www.proteinatlas.org/search/DIAPH1
O60613,SELENOF,Endoplasmic reticulum lumen,https://www.proteinatlas.org/search/SELENOF
O60645,EXOC3,"Cytoplasm; Cytoplasm, perinuclear region; Cell projection, growth cone; Midbody; Golgi apparatus; Cell projection, neuron projection",https://www.proteinatlas.org/search/EXOC3
O60664,PLIN3,Lipid droplet; Endosome membrane; Cytoplasm,https://www.proteinatlas.org/search/PLIN3
O60671,RAD1,Nucleus,https://www.proteinatlas.org/search/RAD1
O60678,PRMT3,"Cytoplasm, cytosol; Nucleus",https://www.proteinatlas.org/search/PRMT3
O60684,KPNA6,,https://www.proteinatlas.org/search/KPNA6
O60701,UGDH,,https://www.proteinatlas.org/search/UGDH
O60716,CTNND1,"Cell junction, adherens junction; Cytoplasm; Nucleus; Cell membrane; Cell junction; Nucleus; Nucleus; Nucleus; Cytoplasm; Cytoplasm",https://www.proteinatlas.org/search/CTNND1
O60732,MAGEC1,Cytoplasm,https://www.proteinatlas.org/search/MAGEC1
O60739,EIF1B,,https://www.proteinatlas.org/search/EIF1B
O60749,SNX2,"Early endosome membrane; Cell projection, lamellipodium",https://www.proteinatlas.org/search/SNX2
O60762,DPM1,Endoplasmic reticulum,https://www.proteinatlas.org/search/DPM1
O60763,USO1,"Cytoplasm, cytosol; Golgi apparatus membrane",https://www.proteinatlas.org/search/USO1
O60783,MRPS14,Mitochondrion,https://www.proteinatlas.org/search/MRPS14
O60784,TOM1,Cytoplasm; Endosome membrane; Early endosome membrane,https://www.proteinatlas.org/search/TOM1
O60814,H2BC12,Nucleus; Chromosome,https://www.proteinatlas.org/search/H2BC12
O60825,PFKFB2,,https://www.proteinatlas.org/search/PFKFB2
O60826,CCDC22,"Endosome; Cytoplasm, cytoskeleton, microtubule organizing center, centrosome",https://www.proteinatlas.org/search/CCDC22
O60828,PQBP1,Nucleus; Nucleus speckle; Cytoplasmic granule,https://www.proteinatlas.org/search/PQBP1
O60830,TIMM17B,Mitochondrion inner membrane,https://www.proteinatlas.org/search/TIMM17B
O60832,DKC1,"Nucleus, nucleolus; Nucleus, Cajal body; Cytoplasm",https://www.proteinatlas.org/search/DKC1
O60841,EIF5B,Cytoplasm,https://www.proteinatlas.org/search/EIF5B
O60869,EDF1,Cytoplasm; Nucleus,https://www.proteinatlas.org/search/EDF1
O60870,KIN,Nucleus; Cytoplasm,https://www.proteinatlas.org/search/KIN
O60884,DNAJA2,Membrane,https://www.proteinatlas.org/search/DNAJA2
O60885,BRD4,Nucleus; Chromosome; Chromosome,https://www.proteinatlas.org/search/BRD4
O60888,CUTA,,https://www.proteinatlas.org/search/CUTA
O60907,TBL1X,Nucleus,https://www.proteinatlas.org/search/TBL1X
O60921,HUS1,"Nucleus; Cytoplasm, cytosol",https://www.proteinatlas.org/search/HUS1
O60925,PFDN1,,https://www.proteinatlas.org/search/PFDN1
O60927,PPP1R11,,https://www.proteinatlas.org/search/PPP1R11
O60934,NBN,"Nucleus; Chromosome; Nucleus, PML body; Chromosome, telomere",https://www.proteinatlas.org/search/NBN
O60942,RNGTT,Nucleus,https://www.proteinatlas.org/search/RNGTT
O74700,TIM9,Mitochondrion inner membrane; Mitochondrion intermembrane space,https://www.proteinatlas.org/search/TIM9
O75027,ABCB7,Mitochondrion inner membrane,https://www.proteinatlas.org/search/ABCB7
O75044,SRGAP2,"Cell membrane; Cell projection, dendritic spine; Postsynaptic density; Postsynaptic cell membrane; Cell projection, lamellipodium; Cytoplasmic vesicle, phagosome; Nucleus; Cytoplasm, cytosol",https://www.proteinatlas.org/search/SRGAP2
O75061,DNAJC6,"Cytoplasmic vesicle, clathrin-coated vesicle",https://www.proteinatlas.org/search/DNAJC6
O75063,FAM20B,Golgi apparatus membrane,https://www.proteinatlas.org/search/FAM20B
O75081,CBFA2T3,"Nucleus; Nucleus, nucleolus; Nucleus, nucleoplasm; Golgi apparatus membrane",https://www.proteinatlas.org/search/CBFA2T3
O75083,WDR1,"Cytoplasm; Cytoplasm, cytoskeleton; Cell projection, podosome; Cell junction",https://www.proteinatlas.org/search/WDR1
O75113,N4BP1,"Cytoplasm, cytosol; Nucleus; Nucleus, nucleolus; Nucleus, PML body",https://www.proteinatlas.org/search/N4BP1
O75116,ROCK2,"Cytoplasm; Cell membrane; Nucleus; Cytoplasm, cytoskeleton, microtubule organizing center, centrosome",https://www.proteinatlas.org/search/ROCK2
O75122,CLASP2,"Cytoplasm, cytoskeleton; Cytoplasm, cytoskeleton, microtubule organizing center, centrosome; Chromosome, centromere, kinetochore; Cytoplasm, cytoskeleton, spindle; Golgi apparatus; Golgi apparatus, trans-Golgi network; Cell membrane; Cell projection, ruffle membrane; Cytoplasm, cell cortex",https://www.proteinatlas.org/search/CLASP2
O75127,PTCD1,Mitochondrion; Mitochondrion matrix,https://www.proteinatlas.org/search/PTCD1
O75131,CPNE3,"Nucleus; Cytoplasm; Cell membrane; Cell junction; Cell junction, focal adhesion",https://www.proteinatlas.org/search/CPNE3
O75146,HIP1R,"Cytoplasm, perinuclear region; Endomembrane system; Cytoplasmic vesicle, clathrin-coated vesicle membrane",https://www.proteinatlas.org/search/HIP1R
O75150,RNF40,Nucleus,https://www.proteinatlas.org/search/RNF40
O75152,ZC3H11A,Nucleus; Nucleus speckle,https://www.proteinatlas.org/search/ZC3H11A
O75153,CLUH,Cytoplasm; Cytoplasmic granule,https://www.proteinatlas.org/search/CLUH
O75155,CAND2,Nucleus,https://www.proteinatlas.org/search/CAND2
O75157,TSC22D2,,https://www.proteinatlas.org/search/TSC22D2
O75170,PPP6R2,Cytoplasm,https://www.proteinatlas.org/search/PPP6R2
O75175,CNOT3,"Cytoplasm; Nucleus; Cytoplasm, P-body",https://www.proteinatlas.org/search/CNOT3
O75177,SS18L1,"Nucleus; Chromosome, centromere, kinetochore",https://www.proteinatlas.org/search/SS18L1
O75179,ANKRD17,Cytoplasm; Nucleus,https://www.proteinatlas.org/search/ANKRD17
O75190,DNAJB6,"Cytoplasm, perinuclear region; Nucleus; Cytoplasm, myofibril, sarcomere, Z line",https://www.proteinatlas.org/search/DNAJB6
O75191,XYLB,,https://www.proteinatlas.org/search/XYLB
O75208,COQ9,Mitochondrion,https://www.proteinatlas.org/search/COQ9
O75223,GGCT,,https://www.proteinatlas.org/search/GGCT
O75251,NDUFS7,Mitochondrion inner membrane,https://www.proteinatlas.org/search/NDUFS7
O75306,NDUFS2,Mitochondrion inner membrane,https://www.proteinatlas.org/search/NDUFS2
O75312,ZPR1,"Nucleus; Nucleus, nucleolus; Nucleus, gem; Nucleus, Cajal body; Cytoplasm, perinuclear region; Cytoplasm; Cell projection, axon; Cell projection, growth cone",https://www.proteinatlas.org/search/ZPR1
O75319,DUSP11,Nucleus; Nucleus speckle,https://www.proteinatlas.org/search/DUSP11
O75323,NIPSNAP2,Mitochondrion matrix,https://www.proteinatlas.org/search/NIPSNAP2
O75330,HMMR,"Cell surface; Cytoplasm; Cytoplasm, cytoskeleton, spindle",https://www.proteinatlas.org/search/HMMR
O75340,PDCD6,"Endoplasmic reticulum membrane; Cytoplasmic vesicle, COPII-coated vesicle membrane; Cytoplasm; Nucleus; Endosome",https://www.proteinatlas.org/search/PDCD6
O75347,TBCA,"Cytoplasm, cytoskeleton",https://www.proteinatlas.org/search/TBCA
O75348,ATP6V1G1,Apical cell membrane,https://www.proteinatlas.org/search/ATP6V1G1
O75351,VPS4B,Late endosome membrane,https://www.proteinatlas.org/search/VPS4B
O75352,MPDU1,Membrane,https://www.proteinatlas.org/search/MPDU1
O75362,ZNF217,Nucleus,https://www.proteinatlas.org/search/ZNF217
O75367,MACROH2A1,Nucleus; Chromosome,https://www.proteinatlas.org/search/MACROH2A1
O75368,SH3BGRL,"Cytoplasm, cytosol; Cell membrane",https://www.proteinatlas.org/search/SH3BGRL
O75369,FLNB,"Cytoplasm, cell cortex; Cytoplasm, cytoskeleton; Cytoplasm, cytoskeleton, stress fiber; Cytoplasm, myofibril, sarcomere, Z line; Cytoplasm, cytoskeleton, stress fiber; Cytoplasm, cytoskeleton, stress fiber; Cytoplasm, cytoskeleton",https://www.proteinatlas.org/search/FLNB
O75376,NCOR1,Nucleus,https://www.proteinatlas.org/search/NCOR1
O75379,VAMP4,Cytoplasmic vesicle membrane,https://www.proteinatlas.org/search/VAMP4
O75380,NDUFS6,Mitochondrion inner membrane,https://www.proteinatlas.org/search/NDUFS6
O75381,PEX14,Peroxisome membrane,https://www.proteinatlas.org/search/PEX14
O75390,CS,Mitochondrion matrix,https://www.proteinatlas.org/search/CS
O75391,SPAG7,Nucleus,https://www.proteinatlas.org/search/SPAG7
O75394,MRPL33,Mitochondrion,https://www.proteinatlas.org/search/MRPL33
O75396,SEC22B,"Endoplasmic reticulum membrane; Endoplasmic reticulum-Golgi intermediate compartment membrane; Golgi apparatus, cis-Golgi network membrane; Golgi apparatus, trans-Golgi network membrane; Melanosome",https://www.proteinatlas.org/search/SEC22B
O75400,PRPF40A,Nucleus speckle; Nucleus matrix,https://www.proteinatlas.org/search/PRPF40A
O75410,TACC1,"Cytoplasm; Nucleus; Cytoplasm, cytoskeleton, microtubule organizing center, centrosome; Midbody; Membrane; Cytoplasm",https://www.proteinatlas.org/search/TACC1
O75414,NME6,Mitochondrion matrix; Mitochondrion inner membrane; Mitochondrion,https://www.proteinatlas.org/search/NME6
O75419,CDC45,Nucleus; Chromosome,https://www.proteinatlas.org/search/CDC45
O75427,LRCH4,Cell membrane,https://www.proteinatlas.org/search/LRCH4
O75431,MTX2,Mitochondrion outer membrane; Mitochondrion,https://www.proteinatlas.org/search/MTX2
O75436,VPS26A,Cytoplasm; Endosome membrane; Early endosome,https://www.proteinatlas.org/search/VPS26A
O75438,NDUFB1,Mitochondrion inner membrane,https://www.proteinatlas.org/search/NDUFB1
O75439,PMPCB,Mitochondrion matrix,https://www.proteinatlas.org/search/PMPCB
O75446,SAP30,Nucleus,https://www.proteinatlas.org/search/SAP30
O75448,MED24,Nucleus,https://www.proteinatlas.org/search/MED24
O75449,KATNA1,"Cytoplasm; Midbody; Cytoplasm, cytoskeleton, microtubule organizing center, centrosome; Cytoplasm, cytoskeleton, spindle pole; Cytoplasm, cytoskeleton, spindle",https://www.proteinatlas.org/search/KATNA1
O75459,PAGE1,,https://www.proteinatlas.org/search/PAGE1
O75475,PSIP1,Nucleus,https://www.proteinatlas.org/search/PSIP1
O75489,NDUFS3,Mitochondrion inner membrane,https://www.proteinatlas.org/search/NDUFS3
O75494,SRSF10,Nucleus speckle; Cytoplasm,https://www.proteinatlas.org/search/SRSF10
O75496,GMNN,Cytoplasm; Nucleus,https://www.proteinatlas.org/search/GMNN
O75506,HSBP1,Nucleus,https://www.proteinatlas.org/search/HSBP1
O75521,ECI2,Mitochondrion; Peroxisome matrix,https://www.proteinatlas.org/search/ECI2
O75528,TADA3,Nucleus,https://www.proteinatlas.org/search/TADA3
O75529,TAF5L,Nucleus,https://www.proteinatlas.org/search/TAF5L
O75530,EED,Nucleus; Chromosome,https://www.proteinatlas.org/search/EED
O75531,BANF1,Nucleus; Chromosome; Nucleus envelope; Cytoplasm,https://www.proteinatlas.org/search/BANF1
O75533,SF3B1,Nucleus; Nucleus speckle,https://www.proteinatlas.org/search/SF3B1
O75534,CSDE1,"Cytoplasm; Cytoplasm, Stress granule; Cytoplasm, P-body",https://www.proteinatlas.org/search/CSDE1
O75569,PRKRA,"Cytoplasm, perinuclear region; Cytoplasm",https://www.proteinatlas.org/search/PRKRA
O75575,CRCP,Nucleus; Cell membrane,https://www.proteinatlas.org/search/CRCP
O75586,MED6,Nucleus,https://www.proteinatlas.org/search/MED6
O75600,GCAT,Mitochondrion; Nucleus,https://www.proteinatlas.org/search/GCAT
O75607,NPM3,"Nucleus; Nucleus, nucleolus",https://www.proteinatlas.org/search/NPM3
O75608,LYPLA1,Cytoplasm; Cell membrane; Nucleus membrane; Endoplasmic reticulum,https://www.proteinatlas.org/search/LYPLA1
O75616,ERAL1,Mitochondrion matrix; Mitochondrion inner membrane,https://www.proteinatlas.org/search/ERAL1
O75629,CREG1,Secreted,https://www.proteinatlas.org/search/CREG1
O75643,SNRNP200,Nucleus,https://www.proteinatlas.org/search/SNRNP200
O75663,TIPRL,Cytoplasm,https://www.proteinatlas.org/search/TIPRL
O75674,TOM1L1,"Golgi apparatus, Golgi stack; Endosome membrane; Cytoplasm; Membrane",https://www.proteinatlas.org/search/TOM1L1
O75683,SURF6,"Nucleus, nucleoplasm; Nucleus, nucleolus",https://www.proteinatlas.org/search/SURF6
O75688,PPM1B,"Cytoplasm, cytosol; Membrane",https://www.proteinatlas.org/search/PPM1B
O75691,UTP20,"Nucleus, nucleolus",https://www.proteinatlas.org/search/UTP20
O75694,NUP155,"Nucleus, nuclear pore complex; Nucleus membrane; Nucleus membrane",https://www.proteinatlas.org/search/NUP155
O75717,WDHD1,"Nucleus, nucleoplasm",https://www.proteinatlas.org/search/WDHD1
O75718,CRTAP,"Secreted, extracellular space, extracellular matrix",https://www.proteinatlas.org/search/CRTAP
O75746,SLC25A12,Mitochondrion inner membrane,https://www.proteinatlas.org/search/SLC25A12
O75791,GRAP2,Nucleus; Cytoplasm; Endosome,https://www.proteinatlas.org/search/GRAP2
O75792,RNASEH2A,Nucleus,https://www.proteinatlas.org/search/RNASEH2A
O75794,CDC123,Cytoplasm,https://www.proteinatlas.org/search/CDC123
O75817,POP7,"Nucleus, nucleolus; Cytoplasm; Cytoplasmic granule",https://www.proteinatlas.org/search/POP7
O75818,RPP40,"Nucleus, nucleolus",https://www.proteinatlas.org/search/RPP40
O75821,EIF3G,"Cytoplasm; Nucleus; Cytoplasm, perinuclear region",https://www.proteinatlas.org/search/EIF3G
O75822,EIF3J,Cytoplasm,https://www.proteinatlas.org/search/EIF3J
O75828,CBR3,Cytoplasm,https://www.proteinatlas.org/search/CBR3
O75832,PSMD10,Cytoplasm; Nucleus,https://www.proteinatlas.org/search/PSMD10
O75844,ZMPSTE24,Endoplasmic reticulum membrane; Nucleus inner membrane; Early endosome membrane; Late endosome membrane,https://www.proteinatlas.org/search/ZMPSTE24
O75874,IDH1,"Cytoplasm, cytosol; Peroxisome",https://www.proteinatlas.org/search/IDH1
O75879,GATB,Mitochondrion,https://www.proteinatlas.org/search/GATB
O75880,SCO1,Mitochondrion inner membrane,https://www.proteinatlas.org/search/SCO1
O75909,CCNK,Nucleus,https://www.proteinatlas.org/search/CCNK
O75911,DHRS3,Membrane,https://www.proteinatlas.org/search/DHRS3
O75925,PIAS1,"Nucleus; Nucleus speckle; Nucleus, PML body; Cytoplasm, cytoskeleton",https://www.proteinatlas.org/search/PIAS1
O75934,BCAS2,"Nucleus; Nucleus, nucleolus",https://www.proteinatlas.org/search/BCAS2
O75935,DCTN3,"Cytoplasm; Cytoplasm, cytoskeleton, microtubule organizing center, centrosome; Chromosome, centromere, kinetochore; Cytoplasm, cytoskeleton, spindle; Cleavage furrow; Midbody",https://www.proteinatlas.org/search/DCTN3
O75937,DNAJC8,Nucleus,https://www.proteinatlas.org/search/DNAJC8
O75940,SMNDC1,"Nucleus speckle; Nucleus, Cajal body",https://www.proteinatlas.org/search/SMNDC1
O75943,RAD17,Nucleus; Chromosome,https://www.proteinatlas.org/search/RAD17
O75947,ATP5PD,Mitochondrion; Mitochondrion inner membrane,https://www.proteinatlas.org/search/ATP5PD
O75955,FLOT1,"Cell membrane; Endosome; Membrane, caveola; Melanosome; Membrane raft",https://www.proteinatlas.org/search/FLOT1
O75964,ATP5MG,Mitochondrion; Mitochondrion inner membrane,https://www.proteinatlas.org/search/ATP5MG
O75976,CPD,Cell membrane,https://www.proteinatlas.org/search/CPD
O76003,GLRX3,"Cytoplasm, cytosol; Cytoplasm, cell cortex; Cytoplasm, myofibril, sarcomere, Z line",https://www.proteinatlas.org/search/GLRX3
O76021,RSL1D1,"Nucleus, nucleolus",https://www.proteinatlas.org/search/RSL1D1
O76031,CLPX,"Mitochondrion; Mitochondrion matrix, mitochondrion nucleoid",https://www.proteinatlas.org/search/CLPX
O76070,SNCG,"Cytoplasm, perinuclear region; Cytoplasm, cytoskeleton, microtubule organizing center, centrosome; Cytoplasm, cytoskeleton, spindle",https://www.proteinatlas.org/search/SNCG
O76071,CIAO1,Cytoplasm,https://www.proteinatlas.org/search/CIAO1
O76080,ZFAND5,Cytoplasm,https://www.proteinatlas.org/search/ZFAND5
O76087,GAGE7,,https://www.proteinatlas.org/search/GAGE7
O76094,SRP72,Cytoplasm; Endoplasmic reticulum,https://www.proteinatlas.org/search/SRP72
O76095,JTB,"Membrane; Mitochondrion; Cytoplasm; Cytoplasm, cytoskeleton, microtubule organizing center, centrosome; Cytoplasm, cytoskeleton, spindle",https://www.proteinatlas.org/search/JTB
O77727,KRT15,Cytoplasm,https://www.proteinatlas.org/search/KRT15
O94742,SEM1,,https://www.proteinatlas.org/search/SEM1
O94761,RECQL4,Cytoplasm; Nucleus,https://www.proteinatlas.org/search/RECQL4
O94762,RECQL5,"Nucleus, nucleoplasm; Nucleus; Cytoplasm; Cytoplasm",https://www.proteinatlas.org/search/RECQL5
O94763,URI1,"Nucleus; Cytoplasm; Mitochondrion; Cell projection, dendrite",https://www.proteinatlas.org/search/URI1
O94776,MTA2,Nucleus,https://www.proteinatlas.org/search/MTA2
O94782,USP1,Nucleus,https://www.proteinatlas.org/search/USP1
O94788,ALDH1A2,Cytoplasm,https://www.proteinatlas.org/search/ALDH1A2
O94817,ATG12,Cytoplasm; Preautophagosomal structure membrane,https://www.proteinatlas.org/search/ATG12
O94822,LTN1,"Cytoplasm, cytosol",https://www.proteinatlas.org/search/LTN1
O94826,TOMM70,Mitochondrion outer membrane,https://www.proteinatlas.org/search/TOMM70
O94829,IPO13,Cytoplasm; Nucleus,https://www.proteinatlas.org/search/IPO13
O94830,DDHD2,"Cytoplasm, cytosol; Endoplasmic reticulum-Golgi intermediate compartment; Golgi apparatus, cis-Golgi network",https://www.proteinatlas.org/search/DDHD2
O94832,MYO1D,"Cytoplasm; Perikaryon; Cell projection, dendrite; Early endosome; Cytoplasm, cell cortex",https://www.proteinatlas.org/search/MYO1D
O94842,TOX4,Nucleus; Chromosome,https://www.proteinatlas.org/search/TOX4
O94854,MACF1,"Cytoplasm, cytoskeleton",https://www.proteinatlas.org/search/MACF1
O94855,SEC24D,"Cytoplasmic vesicle, COPII-coated vesicle membrane; Endoplasmic reticulum membrane; Cytoplasm, cytosol",https://www.proteinatlas.org/search/SEC24D
O94874,UFL1,"Endoplasmic reticulum membrane; Cytoplasm, cytosol; Nucleus; Chromosome",https://www.proteinatlas.org/search/UFL1
O94880,PHF14,Nucleus; Chromosome; Cytoplasm,https://www.proteinatlas.org/search/PHF14
O94886,TMEM63A,Lysosome membrane; Early endosome membrane; Cell membrane,https://www.proteinatlas.org/search/TMEM63A
O94888,UBXN7,Nucleus,https://www.proteinatlas.org/search/UBXN7
O94889,KLHL18,,https://www.proteinatlas.org/search/KLHL18
O94903,PLPBP,,https://www.proteinatlas.org/search/PLPBP
O94905,ERLIN2,Endoplasmic reticulum membrane,https://www.proteinatlas.org/search/ERLIN2
O94906,PRPF6,"Nucleus, nucleoplasm; Nucleus speckle",https://www.proteinatlas.org/search/PRPF6
O94913,PCF11,Nucleus,https://www.proteinatlas.org/search/PCF11
O94916,NFAT5,Nucleus; Cytoplasm; Chromosome,https://www.proteinatlas.org/search/NFAT5
O94925,GLS,"Mitochondrion; Cytoplasm, cytosol; Mitochondrion; Mitochondrion matrix; Mitochondrion matrix",https://www.proteinatlas.org/search/GLS
O94927,HAUS5,"Cytoplasm, cytoskeleton, microtubule organizing center, centrosome; Cytoplasm, cytoskeleton, spindle",https://www.proteinatlas.org/search/HAUS5
O94964,MTCL2,"Cytoplasm, cytoskeleton; Golgi apparatus membrane; Midbody; Secreted",https://www.proteinatlas.org/search/MTCL2
O94966,USP19,Endoplasmic reticulum membrane,https://www.proteinatlas.org/search/USP19
O94973,AP2A2,"Cell membrane; Membrane, coated pit",https://www.proteinatlas.org/search/AP2A2
O94979,SEC31A,"Cytoplasm; Cytoplasmic vesicle, COPII-coated vesicle membrane; Endoplasmic reticulum membrane; Cytoplasm, cytosol",https://www.proteinatlas.org/search/SEC31A
O94992,HEXIM1,Nucleus; Cytoplasm,https://www.proteinatlas.org/search/HEXIM1
O95059,RPP14,"Nucleus, nucleolus",https://www.proteinatlas.org/search/RPP14
O95067,CCNB2,,https://www.proteinatlas.org/search/CCNB2
O95071,UBR5,Nucleus; Cytoplasm,https://www.proteinatlas.org/search/UBR5
O95081,AGFG2,,https://www.proteinatlas.org/search/AGFG2
O95104,SCAF4,Nucleus,https://www.proteinatlas.org/search/SCAF4
O95139,NDUFB6,Mitochondrion inner membrane,https://www.proteinatlas.org/search/NDUFB6
O95140,MFN2,Mitochondrion outer membrane,https://www.proteinatlas.org/search/MFN2
O95149,SNUPN,Nucleus; Cytoplasm,https://www.proteinatlas.org/search/SNUPN
O95155,UBE4B,Early endosome; Cytoplasm; Nucleus,https://www.proteinatlas.org/search/UBE4B
O95159,ZFPL1,"Golgi apparatus, cis-Golgi network membrane",https://www.proteinatlas.org/search/ZFPL1
O95163,ELP1,Cytoplasm; Nucleus,https://www.proteinatlas.org/search/ELP1
O95167,NDUFA3,Mitochondrion inner membrane,https://www.proteinatlas.org/search/NDUFA3
O95168,NDUFB4,Mitochondrion inner membrane,https://www.proteinatlas.org/search/NDUFB4
O95169,NDUFB8,Mitochondrion inner membrane,https://www.proteinatlas.org/search/NDUFB8
O95182,NDUFA7,Mitochondrion inner membrane,https://www.proteinatlas.org/search/NDUFA7
O95197,RTN3,Endoplasmic reticulum membrane; Golgi apparatus membrane,https://www.proteinatlas.org/search/RTN3
O95202,LETM1,Mitochondrion inner membrane,https://www.proteinatlas.org/search/LETM1
O95218,ZRANB2,Nucleus,https://www.proteinatlas.org/search/ZRANB2
O95219,SNX4,Early endosome membrane,https://www.proteinatlas.org/search/SNX4
O95229,ZWINT,"Nucleus; Chromosome, centromere, kinetochore",https://www.proteinatlas.org/search/ZWINT
O95232,LUC7L3,Nucleus speckle,https://www.proteinatlas.org/search/LUC7L3
O95235,KIF20A,"Golgi apparatus; Cytoplasm, cytoskeleton, spindle",https://www.proteinatlas.org/search/KIF20A
O95239,KIF4A,"Nucleus matrix; Cytoplasm; Cytoplasm, cytoskeleton, spindle; Midbody; Chromosome",https://www.proteinatlas.org/search/KIF4A
O95249,GOSR1,Golgi apparatus membrane,https://www.proteinatlas.org/search/GOSR1
O95251,KAT7,"Nucleus; Chromosome; Chromosome, centromere; Cytoplasm, cytosol",https://www.proteinatlas.org/search/KAT7
O95273,CCNDBP1,Cytoplasm; Nucleus,https://www.proteinatlas.org/search/CCNDBP1
O95292,VAPB,Endoplasmic reticulum membrane,https://www.proteinatlas.org/search/VAPB
O95295,SNAPIN,"Membrane; Cytoplasm, cytosol; Cytoplasm, perinuclear region; Golgi apparatus membrane; Lysosome membrane; Cytoplasmic vesicle, secretory vesicle, synaptic vesicle membrane",https://www.proteinatlas.org/search/SNAPIN
O95297,MPZL1,Membrane,https://www.proteinatlas.org/search/MPZL1
O95298,NDUFC2,Mitochondrion inner membrane,https://www.proteinatlas.org/search/NDUFC2
O95299,NDUFA10,Mitochondrion matrix,https://www.proteinatlas.org/search/NDUFA10
O95319,CELF2,Nucleus; Cytoplasm,https://www.proteinatlas.org/search/CELF2
O95336,PGLS,Cytoplasm,https://www.proteinatlas.org/search/PGLS
O95347,SMC2,Nucleus; Cytoplasm; Chromosome,https://www.proteinatlas.org/search/SMC2
O95352,ATG7,Cytoplasm; Preautophagosomal structure,https://www.proteinatlas.org/search/ATG7
O95363,FARS2,Mitochondrion matrix; Mitochondrion,https://www.proteinatlas.org/search/FARS2
O95365,ZBTB7A,Nucleus,https://www.proteinatlas.org/search/ZBTB7A
O95372,LYPLA2,Cytoplasm,https://www.proteinatlas.org/search/LYPLA2
O95373,IPO7,Cytoplasm; Nucleus,https://www.proteinatlas.org/search/IPO7
O95376,ARIH2,Nucleus; Cytoplasm,https://www.proteinatlas.org/search/ARIH2
O95379,TNFAIP8,Cytoplasm,https://www.proteinatlas.org/search/TNFAIP8
O95391,SLU7,Nucleus; Nucleus speckle; Cytoplasm,https://www.proteinatlas.org/search/SLU7
O95394,PGM3,,https://www.proteinatlas.org/search/PGM3
O95396,MOCS3,"Cytoplasm, cytosol",https://www.proteinatlas.org/search/MOCS3
O95400,CD2BP2,Cytoplasm; Nucleus,https://www.proteinatlas.org/search/CD2BP2
O95429,BAG4,Cytoplasm,https://www.proteinatlas.org/search/BAG4
O95433,AHSA1,"Cytoplasm, cytosol; Endoplasmic reticulum",https://www.proteinatlas.org/search/AHSA1
O95453,PARN,"Nucleus; Cytoplasm; Nucleus, nucleolus",https://www.proteinatlas.org/search/PARN
O95456,PSMG1,Cytoplasm; Endoplasmic reticulum,https://www.proteinatlas.org/search/PSMG1
O95466,FMNL1,"Cytoplasm; Cell membrane; Cytoplasmic vesicle, phagosome; Cytoplasm, cell cortex; Cell projection, bleb",https://www.proteinatlas.org/search/FMNL1
O95478,NSA2,"Nucleus, nucleolus",https://www.proteinatlas.org/search/NSA2
O95486,SEC24A,"Cytoplasmic vesicle, COPII-coated vesicle membrane; Endoplasmic reticulum membrane; Cytoplasm, cytosol",https://www.proteinatlas.org/search/SEC24A
O95487,SEC24B,"Cytoplasmic vesicle, COPII-coated vesicle membrane; Endoplasmic reticulum membrane; Cytoplasm, cytosol",https://www.proteinatlas.org/search/SEC24B
O95544,NADK,,https://www.proteinatlas.org/search/NADK
O95551,TDP2,"Nucleus; Nucleus, PML body; Nucleus, nucleolus; Cytoplasm; Cytoplasm",https://www.proteinatlas.org/search/TDP2
O95563,MPC2,Mitochondrion inner membrane,https://www.proteinatlas.org/search/MPC2
O95573,ACSL3,Mitochondrion outer membrane; Peroxisome membrane; Microsome membrane; Endoplasmic reticulum membrane,https://www.proteinatlas.org/search/ACSL3
O95602,POLR1A,"Nucleus, nucleolus; Chromosome",https://www.proteinatlas.org/search/POLR1A
O95619,YEATS4,Nucleus,https://www.proteinatlas.org/search/YEATS4
O95628,CNOT4,Cytoplasm; Nucleus,https://www.proteinatlas.org/search/CNOT4
O95630,STAMBP,Nucleus; Membrane; Cytoplasm; Early endosome,https://www.proteinatlas.org/search/STAMBP
O95639,CPSF4,Nucleus,https://www.proteinatlas.org/search/CPSF4
O95671,ASMTL,,https://www.proteinatlas.org/search/ASMTL
O95684,CEP43,"Cytoplasm, cytoskeleton, microtubule organizing center, centrosome; Cytoplasm, cytoskeleton, microtubule organizing center, centrosome, centriole; Cytoplasm, cytoskeleton, cilium basal body",https://www.proteinatlas.org/search/CEP43
O95707,POP4,"Nucleus, nucleolus",https://www.proteinatlas.org/search/POP4
O95714,HERC2,"Cytoplasm; Cytoplasm, cytoskeleton, microtubule organizing center, centrosome, centriole; Nucleus",https://www.proteinatlas.org/search/HERC2
O95721,SNAP29,"Cytoplasm; Golgi apparatus membrane; Cytoplasmic vesicle, autophagosome membrane; Cell projection, cilium membrane",https://www.proteinatlas.org/search/SNAP29
O95747,OXSR1,Cytoplasm,https://www.proteinatlas.org/search/OXSR1
O95749,GGPS1,"Cytoplasm; Cytoplasm, perinuclear region; Cytoplasm, myofibril, sarcomere, Z line",https://www.proteinatlas.org/search/GGPS1
O95757,HSPA4L,Cytoplasm; Nucleus,https://www.proteinatlas.org/search/HSPA4L
O95758,PTBP3,,https://www.proteinatlas.org/search/PTBP3
O95777,LSM8,Nucleus,https://www.proteinatlas.org/search/LSM8
O95782,AP2A1,"Cell membrane; Membrane, coated pit",https://www.proteinatlas.org/search/AP2A1
O95785,WIZ,Nucleus,https://www.proteinatlas.org/search/WIZ
O95793,STAU1,Cytoplasm; Rough endoplasmic reticulum,https://www.proteinatlas.org/search/STAU1
O95801,TTC4,"Nucleus; Nucleus, nucleoplasm; Cytoplasm",https://www.proteinatlas.org/search/TTC4
O95810,CAVIN2,"Cytoplasm, cytosol; Membrane, caveola",https://www.proteinatlas.org/search/CAVIN2
O95816,BAG2,,https://www.proteinatlas.org/search/BAG2
O95817,BAG3,Nucleus; Cytoplasm,https://www.proteinatlas.org/search/BAG3
O95819,MAP4K4,Cytoplasm,https://www.proteinatlas.org/search/MAP4K4
O95825,CRYZL1,Early endosome,https://www.proteinatlas.org/search/CRYZL1
O95831,AIFM1,"Mitochondrion intermembrane space; Mitochondrion inner membrane; Cytoplasm; Nucleus; Cytoplasm, perinuclear region; Mitochondrion intermembrane space; Mitochondrion inner membrane; Mitochondrion; Cytoplasm, cytosol; Cytoplasm",https://www.proteinatlas.org/search/AIFM1
O95834,EML2,"Cytoplasm, cytoskeleton; Cytoplasm, cytoskeleton, spindle",https://www.proteinatlas.org/search/EML2
O95835,LATS1,"Cytoplasm, cytoskeleton, microtubule organizing center, centrosome; Cytoplasm, cytoskeleton, spindle; Midbody; Cytoplasm, cytoskeleton, microtubule organizing center, spindle pole body",https://www.proteinatlas.org/search/LATS1
O95857,TSPAN13,Membrane,https://www.proteinatlas.org/search/TSPAN13
O95861,BPNT1,,https://www.proteinatlas.org/search/BPNT1
O95865,DDAH2,Cytoplasm; Mitochondrion; Mitochondrion,https://www.proteinatlas.org/search/DDAH2
O95881,TXNDC12,Endoplasmic reticulum lumen,https://www.proteinatlas.org/search/TXNDC12
O95905,ECD,Cytoplasm; Nucleus,https://www.proteinatlas.org/search/ECD
O95926,SYF2,Nucleus,https://www.proteinatlas.org/search/SYF2
O95983,MBD3,Nucleus; Chromosome,https://www.proteinatlas.org/search/MBD3
O95985,TOP3B,,https://www.proteinatlas.org/search/TOP3B
O95989,NUDT3,Cytoplasm; Nucleus,https://www.proteinatlas.org/search/NUDT3
O95997,PTTG1,Cytoplasm; Nucleus,https://www.proteinatlas.org/search/PTTG1
O95999,BCL10,"Cytoplasm, perinuclear region; Membrane raft",https://www.proteinatlas.org/search/BCL10
O96000,NDUFB10,Mitochondrion inner membrane,https://www.proteinatlas.org/search/NDUFB10
O96007,MOCS2,"Cytoplasm, cytosol; Nucleus",https://www.proteinatlas.org/search/MOCS2
O96008,TOMM40,Mitochondrion outer membrane,https://www.proteinatlas.org/search/TOMM40
O96013,PAK4,Cytoplasm,https://www.proteinatlas.org/search/PAK4
O96017,CHEK2,"Nucleus; Nucleus; Nucleus; Nucleus; Nucleus; Nucleus, PML body; Nucleus, nucleoplasm",https://www.proteinatlas.org/search/CHEK2
O96019,ACTL6A,Nucleus,https://www.proteinatlas.org/search/ACTL6A
O96028,NSD2,"Nucleus; Chromosome; Nucleus; Chromosome; Nucleus; Cytoplasm; Nucleus, nucleolus",https://www.proteinatlas.org/search/NSD2
P00004,CYCS,Mitochondrion intermembrane space,https://www.proteinatlas.org/search/CYCS
P00044,CYC1,Mitochondrion intermembrane space,https://www.proteinatlas.org/search/CYC1
P00045,CYC7,Mitochondrion intermembrane space,https://www.proteinatlas.org/search/CYC7
P00127,QCR6,Mitochondrion inner membrane,https://www.proteinatlas.org/search/QCR6
P00128,QCR7,Mitochondrion inner membrane,https://www.proteinatlas.org/search/QCR7
P00156,MT-CYB,Mitochondrion inner membrane,https://www.proteinatlas.org/search/MT-CYB
P00167,CYB5A,Endoplasmic reticulum membrane; Microsome membrane; Cytoplasm,https://www.proteinatlas.org/search/CYB5A
P00175,CYB2,Mitochondrion intermembrane space,https://www.proteinatlas.org/search/CYB2
P00330,ADH1,Cytoplasm,https://www.proteinatlas.org/search/ADH1
P00338,LDHA,Cytoplasm,https://www.proteinatlas.org/search/LDHA
P00350,gnd,,https://www.proteinatlas.org/search/gnd
P00352,ALDH1A1,"Cytoplasm, cytosol; Cell projection, axon",https://www.proteinatlas.org/search/ALDH1A1
P00358,TDH2,Cytoplasm,https://www.proteinatlas.org/search/TDH2
P00359,TDH3,Cytoplasm; Mitochondrion,https://www.proteinatlas.org/search/TDH3
P00360,TDH1,Cytoplasm,https://www.proteinatlas.org/search/TDH1
P00363,frdA,Cell inner membrane,https://www.proteinatlas.org/search/frdA
P00367,GLUD1,Mitochondrion; Endoplasmic reticulum,https://www.proteinatlas.org/search/GLUD1
P00370,gdhA,,https://www.proteinatlas.org/search/gdhA
P00374,DHFR,Mitochondrion; Cytoplasm; Nucleus,https://www.proteinatlas.org/search/DHFR
P00387,CYB5R3,Endoplasmic reticulum membrane; Mitochondrion outer membrane; Cytoplasm,https://www.proteinatlas.org/search/CYB5R3
P00390,GSR,Mitochondrion; Cytoplasm,https://www.proteinatlas.org/search/GSR
P00403,MT-CO2,Mitochondrion inner membrane,https://www.proteinatlas.org/search/MT-CO2
P00414,MT-CO3,Mitochondrion inner membrane,https://www.proteinatlas.org/search/MT-CO3
P00427,COX6,Mitochondrion inner membrane,https://www.proteinatlas.org/search/COX6
P00431,CCP1,Mitochondrion matrix; Mitochondrion intermembrane space,https://www.proteinatlas.org/search/CCP1
P00441,SOD1,Cytoplasm; Nucleus,https://www.proteinatlas.org/search/SOD1
P00445,SOD1,Cytoplasm; Mitochondrion intermembrane space,https://www.proteinatlas.org/search/SOD1
P00447,SOD2,Mitochondrion matrix,https://www.proteinatlas.org/search/SOD2
P00448,sodA,,https://www.proteinatlas.org/search/sodA
P00452,nrdA,,https://www.proteinatlas.org/search/nrdA
P00490,malP,,https://www.proteinatlas.org/search/malP
P00491,PNP,"Cytoplasm, cytosol",https://www.proteinatlas.org/search/PNP
P00492,HPRT1,Cytoplasm,https://www.proteinatlas.org/search/HPRT1
P00498,HIS1,Cytoplasm,https://www.proteinatlas.org/search/HIS1
P00505,GOT2,Mitochondrion matrix; Cell membrane,https://www.proteinatlas.org/search/GOT2
P00509,aspC,Cytoplasm,https://www.proteinatlas.org/search/aspC
P00519,ABL1,"Cytoplasm, cytoskeleton; Nucleus; Mitochondrion; Nucleus membrane",https://www.proteinatlas.org/search/ABL1
P00546,CDC28,,https://www.proteinatlas.org/search/CDC28
P00549,CDC19,,https://www.proteinatlas.org/search/CDC19
P00550,mtlA,Cell inner membrane,https://www.proteinatlas.org/search/mtlA
P00558,PGK1,"Cytoplasm, cytosol; Mitochondrion matrix",https://www.proteinatlas.org/search/PGK1
P00560,PGK1,Cytoplasm; Mitochondrion,https://www.proteinatlas.org/search/PGK1
P00561,thrA,,https://www.proteinatlas.org/search/thrA
P00562,metL,,https://www.proteinatlas.org/search/metL
P00568,AK1,Cytoplasm,https://www.proteinatlas.org/search/AK1
P00572,CDC8,,https://www.proteinatlas.org/search/CDC8
P00579,rpoD,Cytoplasm,https://www.proteinatlas.org/search/rpoD
P00582,polA,,https://www.proteinatlas.org/search/polA
P00635,PHO5,Secreted,https://www.proteinatlas.org/search/PHO5
P00722,lacZ,,https://www.proteinatlas.org/search/lacZ
P00724,SUC2,Cytoplasm; Secreted,https://www.proteinatlas.org/search/SUC2
P00729,PRC1,Vacuole lumen,https://www.proteinatlas.org/search/PRC1
P00734,F2,"Secreted, extracellular space",https://www.proteinatlas.org/search/F2
P00761,nan,"Secreted, extracellular space",
P00812,CAR1,,https://www.proteinatlas.org/search/CAR1
P00815,HIS4,,https://www.proteinatlas.org/search/HIS4
P00817,IPP1,Cytoplasm,https://www.proteinatlas.org/search/IPP1
P00830,ATP2,Mitochondrion; Mitochondrion inner membrane,https://www.proteinatlas.org/search/ATP2
P00846,MT-ATP6,Mitochondrion inner membrane,https://www.proteinatlas.org/search/MT-ATP6
P00864,ppc,,https://www.proteinatlas.org/search/ppc
P00887,aroH,Cytoplasm,https://www.proteinatlas.org/search/aroH
P00890,CIT1,Mitochondrion matrix,https://www.proteinatlas.org/search/CIT1
P00899,TRP2,,https://www.proteinatlas.org/search/TRP2
P00909,trpC,,https://www.proteinatlas.org/search/trpC
P00912,TRP1,,https://www.proteinatlas.org/search/TRP1
P00915,CA1,Cytoplasm,https://www.proteinatlas.org/search/CA1
P00924,ENO1,Cytoplasm,https://www.proteinatlas.org/search/ENO1
P00925,ENO2,Cytoplasm,https://www.proteinatlas.org/search/ENO2
P00926,dsdA,,https://www.proteinatlas.org/search/dsdA
P00927,ILV1,Mitochondrion,https://www.proteinatlas.org/search/ILV1
P00931,TRP5,,https://www.proteinatlas.org/search/TRP5
P00935,metB,Cytoplasm,https://www.proteinatlas.org/search/metB
P00937,TRP3,,https://www.proteinatlas.org/search/TRP3
P00942,TPI1,,https://www.proteinatlas.org/search/TPI1
P00944,xylA,Cytoplasm,https://www.proteinatlas.org/search/xylA
P00946,manA,Cytoplasm,https://www.proteinatlas.org/search/manA
P00950,GPM1,Cytoplasm; Mitochondrion outer membrane; Mitochondrion intermembrane space,https://www.proteinatlas.org/search/GPM1
P00954,trpS,Cytoplasm,https://www.proteinatlas.org/search/trpS
P00956,ileS,Cytoplasm,https://www.proteinatlas.org/search/ileS
P00957,alaS,Cytoplasm,https://www.proteinatlas.org/search/alaS
P00958,MES1,Cytoplasm,https://www.proteinatlas.org/search/MES1
P00959,metG,Cytoplasm,https://www.proteinatlas.org/search/metG
P00960,glyQ,Cytoplasm,https://www.proteinatlas.org/search/glyQ
P00961,glyS,Cytoplasm,https://www.proteinatlas.org/search/glyS
P00962,glnS,Cytoplasm,https://www.proteinatlas.org/search/glnS
P00963,asnA,Cytoplasm,https://www.proteinatlas.org/search/asnA
P00966,ASS1,"Cytoplasm, cytosol",https://www.proteinatlas.org/search/ASS1
P00968,carB,,https://www.proteinatlas.org/search/carB
P01008,SERPINC1,"Secreted, extracellular space",https://www.proteinatlas.org/search/SERPINC1
P01009,SERPINA1,"Secreted; Endoplasmic reticulum; Secreted, extracellular space, extracellular matrix",https://www.proteinatlas.org/search/SERPINA1
P01019,AGT,Secreted,https://www.proteinatlas.org/search/AGT
P01023,A2M,Secreted,https://www.proteinatlas.org/search/A2M
P01024,C3,Secreted; Secreted; Cell surface; Secreted,https://www.proteinatlas.org/search/C3
P01033,TIMP1,Secreted,https://www.proteinatlas.org/search/TIMP1
P01034,CST3,Secreted,https://www.proteinatlas.org/search/CST3
P01094,PAI3,,https://www.proteinatlas.org/search/PAI3
P01097,INH1,Mitochondrion,https://www.proteinatlas.org/search/INH1
P01098,STF1,Mitochondrion,https://www.proteinatlas.org/search/STF1
P01111,NRAS,Cell membrane; Golgi apparatus membrane,https://www.proteinatlas.org/search/NRAS
P01112,HRAS,"Cell membrane; Golgi apparatus; Golgi apparatus membrane; Nucleus; Cytoplasm; Cytoplasm, perinuclear region",https://www.proteinatlas.org/search/HRAS
P01119,RAS1,Cell membrane,https://www.proteinatlas.org/search/RAS1
P01120,RAS2,Cell membrane,https://www.proteinatlas.org/search/RAS2
P01123,YPT1,Endoplasmic reticulum membrane; Golgi apparatus membrane; Cytoplasm; Preautophagosomal structure membrane,https://www.proteinatlas.org/search/YPT1
P01137,TGFB1,"Secreted, extracellular space, extracellular matrix; Secreted",https://www.proteinatlas.org/search/TGFB1
P01591,JCHAIN,Secreted,https://www.proteinatlas.org/search/JCHAIN
P02008,HBZ,,https://www.proteinatlas.org/search/HBZ
P02042,HBD,,https://www.proteinatlas.org/search/HBD
P02100,HBE1,,https://www.proteinatlas.org/search/HBE1
P02293,HTB1,Nucleus; Chromosome,https://www.proteinatlas.org/search/HTB1
P02309,HHF1,Nucleus; Chromosome,https://www.proteinatlas.org/search/HHF1
P02358,rpsF,,https://www.proteinatlas.org/search/rpsF
P02359,rpsG,,https://www.proteinatlas.org/search/rpsG
P02400,RPP2B,Cytoplasm,https://www.proteinatlas.org/search/RPP2B
P02406,RPL28,Cytoplasm,https://www.proteinatlas.org/search/RPL28
P02407,RPS17A,Cytoplasm,https://www.proteinatlas.org/search/RPS17A
P02413,rplO,,https://www.proteinatlas.org/search/rplO
P02545,LMNA,"Nucleus lamina; Nucleus envelope; Nucleus, nucleoplasm; Nucleus matrix; Nucleus speckle",https://www.proteinatlas.org/search/LMNA
P02549,SPTA1,"Cytoplasm, cytoskeleton; Cytoplasm, cell cortex",https://www.proteinatlas.org/search/SPTA1
P02557,TUB2,"Cytoplasm, cytoskeleton",https://www.proteinatlas.org/search/TUB2
P02647,APOA1,Secreted,https://www.proteinatlas.org/search/APOA1
P02649,APOE,"Secreted; Secreted, extracellular space; Secreted, extracellular space, extracellular matrix; Extracellular vesicle; Endosome, multivesicular body",https://www.proteinatlas.org/search/APOE
P02654,APOC1,Secreted,https://www.proteinatlas.org/search/APOC1
P02655,APOC2,Secreted,https://www.proteinatlas.org/search/APOC2
P02656,APOC3,Secreted,https://www.proteinatlas.org/search/APOC3
P02724,GYPA,Cell membrane,https://www.proteinatlas.org/search/GYPA
P02748,C9,Secreted; Target cell membrane,https://www.proteinatlas.org/search/C9
P02751,FN1,"Secreted, extracellular space, extracellular matrix; Secreted",https://www.proteinatlas.org/search/FN1
P02765,AHSG,Secreted,https://www.proteinatlas.org/search/AHSG
P02766,TTR,Secreted; Cytoplasm,https://www.proteinatlas.org/search/TTR
P02769,ALB,Secreted,https://www.proteinatlas.org/search/ALB
P02786,TFRC,Cell membrane; Melanosome; Secreted,https://www.proteinatlas.org/search/TFRC
P02788,LTF,Secreted; Cytoplasmic granule; Cytoplasm; Nucleus,https://www.proteinatlas.org/search/LTF
P02792,FTL,"Cytoplasmic vesicle, autophagosome; Cytoplasm; Autolysosome",https://www.proteinatlas.org/search/FTL
P02794,FTH1,"Cytoplasm; Lysosome; Cytoplasmic vesicle, autophagosome",https://www.proteinatlas.org/search/FTH1
P02795,MT2A,,https://www.proteinatlas.org/search/MT2A
P02829,HSP82,Cytoplasm,https://www.proteinatlas.org/search/HSP82
P02924,araF,Periplasm,https://www.proteinatlas.org/search/araF
P02925,rbsB,Periplasm,https://www.proteinatlas.org/search/rbsB
P02992,TUF1,Mitochondrion matrix,https://www.proteinatlas.org/search/TUF1
P02994,TEF1,"Cytoplasm; Cytoplasm, cytoskeleton",https://www.proteinatlas.org/search/TEF1
P03018,uvrD,,https://www.proteinatlas.org/search/uvrD
P03813,ygeA,,https://www.proteinatlas.org/search/ygeA
P03817,mioC,,https://www.proteinatlas.org/search/mioC
P03841,malM,Periplasm,https://www.proteinatlas.org/search/malM
P03871,REP1,Nucleus,https://www.proteinatlas.org/search/REP1
P03872,REP2,Nucleus,https://www.proteinatlas.org/search/REP2
P03874,CBP2,Mitochondrion,https://www.proteinatlas.org/search/CBP2
P03886,MT-ND1,Mitochondrion inner membrane,https://www.proteinatlas.org/search/MT-ND1
P03905,MT-ND4,Mitochondrion inner membrane,https://www.proteinatlas.org/search/MT-ND4
P03915,MT-ND5,Mitochondrion inner membrane,https://www.proteinatlas.org/search/MT-ND5
P03928,MT-ATP8,Mitochondrion membrane,https://www.proteinatlas.org/search/MT-ATP8
P03965,CPA2,Cytoplasm,https://www.proteinatlas.org/search/CPA2
P04003,C4BPA,Secreted,https://www.proteinatlas.org/search/C4BPA
P04004,VTN,"Secreted, extracellular space; Parasitophorous vacuole",https://www.proteinatlas.org/search/VTN
P04036,dapB,Cytoplasm,https://www.proteinatlas.org/search/dapB
P04037,COX4,Mitochondrion inner membrane,https://www.proteinatlas.org/search/COX4
P04039,COX8,Mitochondrion inner membrane,https://www.proteinatlas.org/search/COX8
P04040,CAT,Peroxisome matrix,https://www.proteinatlas.org/search/CAT
P04046,ADE4,,https://www.proteinatlas.org/search/ADE4
P04049,RAF1,Cytoplasm; Cell membrane; Mitochondrion; Nucleus,https://www.proteinatlas.org/search/RAF1
P04050,RPO21,Nucleus,https://www.proteinatlas.org/search/RPO21
P04051,RPO31,Nucleus,https://www.proteinatlas.org/search/RPO31
P04066,FUCA1,Lysosome,https://www.proteinatlas.org/search/FUCA1
P04075,ALDOA,"Cytoplasm, myofibril, sarcomere, I band; Cytoplasm, myofibril, sarcomere, M line",https://www.proteinatlas.org/search/ALDOA
P04076,ARG4,,https://www.proteinatlas.org/search/ARG4
P04079,guaA,,https://www.proteinatlas.org/search/guaA
P04080,CSTB,Cytoplasm; Nucleus,https://www.proteinatlas.org/search/CSTB
P04083,ANXA1,"Nucleus; Cytoplasm; Cell projection, cilium; Cell membrane; Membrane; Endosome membrane; Basolateral cell membrane; Apical cell membrane; Lateral cell membrane; Secreted; Secreted, extracellular space; Cell membrane; Secreted, extracellular exosome; Cytoplasmic vesicle, secretory vesicle lumen; Cell projection, phagocytic cup; Early endosome; Cytoplasmic vesicle membrane",https://www.proteinatlas.org/search/ANXA1
P04114,APOB,Cytoplasm; Secreted; Lipid droplet,https://www.proteinatlas.org/search/APOB
P04128,fimA,Fimbrium,https://www.proteinatlas.org/search/fimA
P04147,PAB1,Cytoplasm; Nucleus,https://www.proteinatlas.org/search/PAB1
P04150,NR3C1,"Cytoplasm; Nucleus; Mitochondrion; Cytoplasm, cytoskeleton, spindle; Cytoplasm, cytoskeleton, microtubule organizing center, centrosome; Chromosome; Nucleus, nucleoplasm; Nucleus; Cytoplasm; Nucleus; Cytoplasm",https://www.proteinatlas.org/search/NR3C1
P04161,ADE8,,https://www.proteinatlas.org/search/ADE8
P04179,SOD2,Mitochondrion matrix,https://www.proteinatlas.org/search/SOD2
P04181,OAT,Mitochondrion matrix,https://www.proteinatlas.org/search/OAT
P04183,TK1,Cytoplasm,https://www.proteinatlas.org/search/TK1
P04335,frsA,,https://www.proteinatlas.org/search/frsA
P04387,GAL80,,https://www.proteinatlas.org/search/GAL80
P04406,GAPDH,"Cytoplasm, cytosol; Nucleus; Cytoplasm, perinuclear region; Membrane; Cytoplasm, cytoskeleton",https://www.proteinatlas.org/search/GAPDH
P04424,ASL,,https://www.proteinatlas.org/search/ASL
P04425,gshB,,https://www.proteinatlas.org/search/gshB
P04449,RPL24A,Cytoplasm,https://www.proteinatlas.org/search/RPL24A
P04456,RPL25,Cytoplasm,https://www.proteinatlas.org/search/RPL25
P04632,CAPNS1,Cytoplasm; Cell membrane,https://www.proteinatlas.org/search/CAPNS1
P04693,tyrB,Cytoplasm,https://www.proteinatlas.org/search/tyrB
P04786,TOP1,"Nucleus, nucleolus; Nucleus, nucleoplasm",https://www.proteinatlas.org/search/TOP1
P04792,HSPB1,"Cytoplasm; Nucleus; Cytoplasm, cytoskeleton, spindle",https://www.proteinatlas.org/search/HSPB1
P04801,THS1,Cytoplasm,https://www.proteinatlas.org/search/THS1
P04802,DPS1,Cytoplasm,https://www.proteinatlas.org/search/DPS1
P04805,gltX,Cytoplasm,https://www.proteinatlas.org/search/gltX
P04806,HXK1,,https://www.proteinatlas.org/search/HXK1
P04807,HXK2,,https://www.proteinatlas.org/search/HXK2
P04816,livK,Periplasm,https://www.proteinatlas.org/search/livK
P04818,TYMS,Nucleus; Cytoplasm; Mitochondrion; Mitochondrion matrix; Mitochondrion inner membrane,https://www.proteinatlas.org/search/TYMS
P04819,CDC9,Mitochondrion; Nucleus,https://www.proteinatlas.org/search/CDC9
P04821,CDC25,Membrane,https://www.proteinatlas.org/search/CDC25
P04825,pepN,Cell inner membrane,https://www.proteinatlas.org/search/pepN
P04840,POR1,Mitochondrion outer membrane,https://www.proteinatlas.org/search/POR1
P04843,RPN1,Endoplasmic reticulum membrane; Melanosome,https://www.proteinatlas.org/search/RPN1
P04844,RPN2,Endoplasmic reticulum; Endoplasmic reticulum membrane,https://www.proteinatlas.org/search/RPN2
P04899,GNAI2,"Cytoplasm; Cytoplasm, cytoskeleton, microtubule organizing center, centrosome; Cell membrane; Membrane",https://www.proteinatlas.org/search/GNAI2
P04908,H2AC4,Nucleus; Chromosome,https://www.proteinatlas.org/search/H2AC4
P04911,HTA1,Nucleus; Chromosome,https://www.proteinatlas.org/search/HTA1
P04920,SLC4A2,Apical cell membrane; Basolateral cell membrane; Apical cell membrane; Basolateral cell membrane; Apical cell membrane; Basolateral cell membrane,https://www.proteinatlas.org/search/SLC4A2
P04921,GYPC,Cell membrane,https://www.proteinatlas.org/search/GYPC
P04949,fliC,Secreted; Bacterial flagellum,https://www.proteinatlas.org/search/fliC
P04951,kdsB,Cytoplasm,https://www.proteinatlas.org/search/kdsB
P04982,rbsD,Cytoplasm,https://www.proteinatlas.org/search/rbsD
P04983,rbsA,Cell inner membrane,https://www.proteinatlas.org/search/rbsA
P04994,xseA,Cytoplasm,https://www.proteinatlas.org/search/xseA
P05020,pyrC,,https://www.proteinatlas.org/search/pyrC
P05023,ATP1A1,"Cell membrane; Basolateral cell membrane; Cell membrane, sarcolemma; Cell projection, axon; Melanosome",https://www.proteinatlas.org/search/ATP1A1
P05030,PMA1,Cell membrane,https://www.proteinatlas.org/search/PMA1
P05042,fumC,Cytoplasm,https://www.proteinatlas.org/search/fumC
P05055,pnp,Cytoplasm,https://www.proteinatlas.org/search/pnp
P05066,PHR1,Nucleus; Mitochondrion,https://www.proteinatlas.org/search/PHR1
P05091,ALDH2,Mitochondrion,https://www.proteinatlas.org/search/ALDH2
P05114,HMGN1,Nucleus; Cytoplasm,https://www.proteinatlas.org/search/HMGN1
P05141,SLC25A5,Mitochondrion inner membrane; Membrane,https://www.proteinatlas.org/search/SLC25A5
P05150,ARG3,Cytoplasm,https://www.proteinatlas.org/search/ARG3
P05161,ISG15,Cytoplasm; Secreted,https://www.proteinatlas.org/search/ISG15
P05166,PCCB,Mitochondrion matrix,https://www.proteinatlas.org/search/PCCB
P05194,aroD,,https://www.proteinatlas.org/search/aroD
P05198,EIF2S1,"Cytoplasm, Stress granule; Cytoplasm, cytosol; Mitochondrion",https://www.proteinatlas.org/search/EIF2S1
P05204,HMGN2,Nucleus; Cytoplasm,https://www.proteinatlas.org/search/HMGN2
P05317,RPP0,Cytoplasm,https://www.proteinatlas.org/search/RPP0
P05318,RPP1A,Cytoplasm,https://www.proteinatlas.org/search/RPP1A
P05319,RPP2A,Cytoplasm,https://www.proteinatlas.org/search/RPP2A
P05362,ICAM1,Cell membrane,https://www.proteinatlas.org/search/ICAM1
P05373,HEM2,,https://www.proteinatlas.org/search/HEM2
P05374,CHO2,Endoplasmic reticulum membrane,https://www.proteinatlas.org/search/CHO2
P05375,OPI3,Endoplasmic reticulum membrane; Mitochondrion membrane,https://www.proteinatlas.org/search/OPI3
P05386,RPLP1,,https://www.proteinatlas.org/search/RPLP1
P05387,RPLP2,,https://www.proteinatlas.org/search/RPLP2
P05388,RPLP0,Nucleus; Cytoplasm,https://www.proteinatlas.org/search/RPLP0
P05423,POLR3D,Nucleus,https://www.proteinatlas.org/search/POLR3D
P05453,SUP35,Cytoplasm,https://www.proteinatlas.org/search/SUP35
P05455,SSB,Nucleus,https://www.proteinatlas.org/search/SSB
P05458,ptrA,Periplasm,https://www.proteinatlas.org/search/ptrA
P05459,pdxB,Cytoplasm,https://www.proteinatlas.org/search/pdxB
P05556,ITGB1,"Cell membrane; Cell projection, invadopodium membrane; Cell projection, ruffle membrane; Recycling endosome; Melanosome; Cleavage furrow; Cell projection, lamellipodium; Cell junction, focal adhesion; Cell membrane, sarcolemma; Cell junction",https://www.proteinatlas.org/search/ITGB1
P05626,ATP4,Mitochondrion; Mitochondrion inner membrane,https://www.proteinatlas.org/search/ATP4
P05637,apaH,,https://www.proteinatlas.org/search/apaH
P05694,MET6,,https://www.proteinatlas.org/search/MET6
P05738,RPL9A,Cytoplasm,https://www.proteinatlas.org/search/RPL9A
P05739,RPL6B,Cytoplasm,https://www.proteinatlas.org/search/RPL6B
P05740,RPL17A,Cytoplasm,https://www.proteinatlas.org/search/RPL17A
P05743,RPL26A,Cytoplasm,https://www.proteinatlas.org/search/RPL26A
P05744,RPL33A,Cytoplasm,https://www.proteinatlas.org/search/RPL33A
P05745,RPL36A,Cytoplasm,https://www.proteinatlas.org/search/RPL36A
P05748,RPL15A,Cytoplasm,https://www.proteinatlas.org/search/RPL15A
P05749,RPL22A,Cytoplasm,https://www.proteinatlas.org/search/RPL22A
P05750,RPS3,Cytoplasm,https://www.proteinatlas.org/search/RPS3
P05755,RPS9B,"Cytoplasm; Nucleus, nucleolus",https://www.proteinatlas.org/search/RPS9B
P05756,RPS13,Cytoplasm,https://www.proteinatlas.org/search/RPS13
P05759,RPS31,Cytoplasm; Nucleus; Cytoplasm,https://www.proteinatlas.org/search/RPS31
P05771,PRKCB,Cytoplasm; Nucleus; Membrane,https://www.proteinatlas.org/search/PRKCB
P05783,KRT18,"Nucleus matrix; Cytoplasm, perinuclear region; Nucleus, nucleolus; Cytoplasm",https://www.proteinatlas.org/search/KRT18
P05787,KRT8,"Cytoplasm; Nucleus, nucleoplasm; Nucleus matrix; Cytoplasm, cytoskeleton",https://www.proteinatlas.org/search/KRT8
P05791,ilvD,,https://www.proteinatlas.org/search/ilvD
P05793,ilvC,Cytoplasm,https://www.proteinatlas.org/search/ilvC
P05937,CALB1,,https://www.proteinatlas.org/search/CALB1
P05986,TPK3,,https://www.proteinatlas.org/search/TPK3
P06100,CDC36,Cytoplasm; Nucleus,https://www.proteinatlas.org/search/CDC36
P06101,CDC37,Cytoplasm,https://www.proteinatlas.org/search/CDC37
P06102,NOT3,Cytoplasm; Nucleus,https://www.proteinatlas.org/search/NOT3
P06103,PRT1,Cytoplasm,https://www.proteinatlas.org/search/PRT1
P06105,SCP160,Endoplasmic reticulum membrane; Nucleus membrane,https://www.proteinatlas.org/search/SCP160
P06115,CTT1,Cytoplasm,https://www.proteinatlas.org/search/CTT1
P06132,UROD,"Cytoplasm, cytosol",https://www.proteinatlas.org/search/UROD
P06149,dld,Cell inner membrane,https://www.proteinatlas.org/search/dld
P06168,ILV5,Mitochondrion,https://www.proteinatlas.org/search/ILV5
P06169,PDC1,Cytoplasm; Nucleus,https://www.proteinatlas.org/search/PDC1
P06174,HEM4,,https://www.proteinatlas.org/search/HEM4
P06182,CYC3,Mitochondrion inner membrane; Mitochondrion intermembrane space,https://www.proteinatlas.org/search/CYC3
P06197,PIS1,Microsome membrane; Endoplasmic reticulum membrane; Golgi apparatus membrane; Mitochondrion outer membrane,https://www.proteinatlas.org/search/PIS1
P06208,LEU4,Cytoplasm; Mitochondrion,https://www.proteinatlas.org/search/LEU4
P06242,KIN28,Nucleus,https://www.proteinatlas.org/search/KIN28
P06244,TPK1,Cytoplasm; Nucleus,https://www.proteinatlas.org/search/TPK1
P06245,TPK2,,https://www.proteinatlas.org/search/TPK2
P06280,GLA,Lysosome,https://www.proteinatlas.org/search/GLA
P06367,RPS14A,"Cytoplasm; Nucleus, nucleolus",https://www.proteinatlas.org/search/RPS14A
P06396,GSN,"Cytoplasm, cytoskeleton; Secreted",https://www.proteinatlas.org/search/GSN
P06400,RB1,Nucleus; Cytoplasm,https://www.proteinatlas.org/search/RB1
P06454,PTMA,Nucleus,https://www.proteinatlas.org/search/PTMA
P06493,CDK1,"Nucleus; Cytoplasm; Mitochondrion; Cytoplasm, cytoskeleton, microtubule organizing center, centrosome; Cytoplasm, cytoskeleton, spindle",https://www.proteinatlas.org/search/CDK1
P06576,ATP5F1B,Mitochondrion inner membrane,https://www.proteinatlas.org/search/ATP5F1B
P06610,btuE,Periplasm,https://www.proteinatlas.org/search/btuE
P06612,topA,,https://www.proteinatlas.org/search/topA
P06634,DED1,Cytoplasm,https://www.proteinatlas.org/search/DED1
P06700,SIR2,"Nucleus, nucleolus",https://www.proteinatlas.org/search/SIR2
P06701,SIR3,Nucleus,https://www.proteinatlas.org/search/SIR3
P06704,CDC31,"Nucleus envelope; Cytoplasm, cytoskeleton, microtubule organizing center, spindle pole body",https://www.proteinatlas.org/search/CDC31
P06710,dnaX,,https://www.proteinatlas.org/search/dnaX
P06715,gor,Cytoplasm,https://www.proteinatlas.org/search/gor
P06720,melA,,https://www.proteinatlas.org/search/melA
P06721,metC,Cytoplasm,https://www.proteinatlas.org/search/metC
P06727,APOA4,Secreted,https://www.proteinatlas.org/search/APOA4
P06730,EIF4E,"Cytoplasm, P-body; Cytoplasm; Cytoplasm, Stress granule; Nucleus; Nucleus speckle; Nucleus, nuclear body",https://www.proteinatlas.org/search/EIF4E
P06733,ENO1,"Cytoplasm; Cell membrane; Cytoplasm, myofibril, sarcomere, M line; Nucleus",https://www.proteinatlas.org/search/ENO1
P06738,GPH1,"Cytoplasm, cytosol",https://www.proteinatlas.org/search/GPH1
P06744,GPI,Cytoplasm; Secreted,https://www.proteinatlas.org/search/GPI
P06746,POLB,Nucleus; Cytoplasm,https://www.proteinatlas.org/search/POLB
P06748,NPM1,"Nucleus, nucleolus; Nucleus, nucleoplasm; Cytoplasm, cytoskeleton, microtubule organizing center, centrosome",https://www.proteinatlas.org/search/NPM1
P06753,TPM3,"Cytoplasm, cytoskeleton",https://www.proteinatlas.org/search/TPM3
P06773,DCD1,,https://www.proteinatlas.org/search/DCD1
P06774,HAP2,Nucleus,https://www.proteinatlas.org/search/HAP2
P06778,RAD52,Nucleus,https://www.proteinatlas.org/search/RAD52
P06779,RAD7,,https://www.proteinatlas.org/search/RAD7
P06780,RHO1,Cell membrane; Endosome membrane; Peroxisome membrane,https://www.proteinatlas.org/search/RHO1
P06781,RHO2,Cell membrane,https://www.proteinatlas.org/search/RHO2
P06782,SNF1,Cytoplasm; Nucleus; Nucleus membrane,https://www.proteinatlas.org/search/SNF1
P06785,CDC21,Nucleus,https://www.proteinatlas.org/search/CDC21
P06786,TOP2,Nucleus,https://www.proteinatlas.org/search/TOP2
P06787,CMD1,"Cytoplasm, cytoskeleton, microtubule organizing center, spindle pole body",https://www.proteinatlas.org/search/CMD1
P06843,SPT2,Nucleus,https://www.proteinatlas.org/search/SPT2
P06844,SPT3,Nucleus; Cytoplasm,https://www.proteinatlas.org/search/SPT3
P06846,ebgR,,https://www.proteinatlas.org/search/ebgR
P06865,HEXA,Lysosome,https://www.proteinatlas.org/search/HEXA
P06959,aceF,,https://www.proteinatlas.org/search/aceF
P06961,cca,,https://www.proteinatlas.org/search/cca
P06968,dut,Cytoplasm,https://www.proteinatlas.org/search/dut
P06983,hemC,,https://www.proteinatlas.org/search/hemC
P06986,hisC,,https://www.proteinatlas.org/search/hisC
P06987,hisB,Cytoplasm,https://www.proteinatlas.org/search/hisB
P06988,hisD,,https://www.proteinatlas.org/search/hisD
P06989,hisI,Cytoplasm,https://www.proteinatlas.org/search/hisI
P06992,rsmA,Cytoplasm,https://www.proteinatlas.org/search/rsmA
P06999,pfkB,,https://www.proteinatlas.org/search/pfkB
P07003,poxB,Cell inner membrane,https://www.proteinatlas.org/search/poxB
P07004,proA,Cytoplasm,https://www.proteinatlas.org/search/proA
P07012,prfB,Cytoplasm,https://www.proteinatlas.org/search/prfB
P07014,sdhB,Cell inner membrane,https://www.proteinatlas.org/search/sdhB
P07017,tar,Cell inner membrane,https://www.proteinatlas.org/search/tar
P07023,tyrA,Cytoplasm,https://www.proteinatlas.org/search/tyrA
P07024,ushA,Periplasm,https://www.proteinatlas.org/search/ushA
P07108,DBI,Endoplasmic reticulum; Golgi apparatus,https://www.proteinatlas.org/search/DBI
P07118,valS,Cytoplasm,https://www.proteinatlas.org/search/valS
P07143,CYT1,Mitochondrion inner membrane,https://www.proteinatlas.org/search/CYT1
P07149,FAS1,,https://www.proteinatlas.org/search/FAS1
P07170,ADK1,"Cytoplasm, cytosol; Mitochondrion intermembrane space",https://www.proteinatlas.org/search/ADK1
P07172,HIS5,,https://www.proteinatlas.org/search/HIS5
P07195,LDHB,Cytoplasm; Mitochondrion inner membrane,https://www.proteinatlas.org/search/LDHB
P07199,CENPB,"Nucleus; Chromosome, centromere",https://www.proteinatlas.org/search/CENPB
P07205,PGK2,Cytoplasm,https://www.proteinatlas.org/search/PGK2
P07213,TOM70,Mitochondrion outer membrane,https://www.proteinatlas.org/search/TOM70
P07236,MST1,Mitochondrion matrix,https://www.proteinatlas.org/search/MST1
P07237,P4HB,Endoplasmic reticulum; Endoplasmic reticulum lumen; Melanosome; Cell membrane,https://www.proteinatlas.org/search/P4HB
P07244,ADE57,Cytoplasm,https://www.proteinatlas.org/search/ADE57
P07245,ADE3,Cytoplasm; Nucleus,https://www.proteinatlas.org/search/ADE3
P07246,ADH3,Mitochondrion matrix; Mitochondrion inner membrane,https://www.proteinatlas.org/search/ADH3
P07248,ADR1,Nucleus,https://www.proteinatlas.org/search/ADR1
P07250,ARG82,Nucleus,https://www.proteinatlas.org/search/ARG82
P07251,ATP1,Mitochondrion inner membrane,https://www.proteinatlas.org/search/ATP1
P07253,CBP6,Mitochondrion,https://www.proteinatlas.org/search/CBP6
P07256,COR1,Mitochondrion inner membrane,https://www.proteinatlas.org/search/COR1
P07257,QCR2,Mitochondrion inner membrane,https://www.proteinatlas.org/search/QCR2
P07259,URA2,Cytoplasm,https://www.proteinatlas.org/search/URA2
P07260,CDC33,Cytoplasm; Nucleus,https://www.proteinatlas.org/search/CDC33
P07262,GDH1,,https://www.proteinatlas.org/search/GDH1
P07263,HTS1,Cytoplasm; Mitochondrion,https://www.proteinatlas.org/search/HTS1
P07264,LEU1,,https://www.proteinatlas.org/search/LEU1
P07267,PEP4,Vacuole,https://www.proteinatlas.org/search/PEP4
P07269,PHO2,Nucleus,https://www.proteinatlas.org/search/PHO2
P07270,PHO4,Cytoplasm; Nucleus,https://www.proteinatlas.org/search/PHO4
P07273,DST1,Nucleus,https://www.proteinatlas.org/search/DST1
P07274,PFY1,"Cell membrane; Cytoplasm, cytosol",https://www.proteinatlas.org/search/PFY1
P07275,PUT2,Mitochondrion inner membrane,https://www.proteinatlas.org/search/PUT2
P07277,ERG12,"Cytoplasm, cytosol",https://www.proteinatlas.org/search/ERG12
P07278,BCY1,Cytoplasm; Nucleus,https://www.proteinatlas.org/search/BCY1
P07280,RPS19A,Cytoplasm,https://www.proteinatlas.org/search/RPS19A
P07283,SEC53,Cytoplasm,https://www.proteinatlas.org/search/SEC53
P07284,SES1,"Cytoplasm, cytosol",https://www.proteinatlas.org/search/SES1
P07285,TRP4,,https://www.proteinatlas.org/search/TRP4
P07311,ACYP1,,https://www.proteinatlas.org/search/ACYP1
P07339,CTSD,"Lysosome; Melanosome; Secreted, extracellular space",https://www.proteinatlas.org/search/CTSD
P07342,ILV2,Mitochondrion,https://www.proteinatlas.org/search/ILV2
P07347,ARD1,Cytoplasm,https://www.proteinatlas.org/search/ARD1
P07355,ANXA2,"Secreted, extracellular space, extracellular matrix, basement membrane; Melanosome",https://www.proteinatlas.org/search/ANXA2
P07384,CAPN1,Cytoplasm; Cell membrane,https://www.proteinatlas.org/search/CAPN1
P07395,pheT,Cytoplasm,https://www.proteinatlas.org/search/pheT
P07437,TUBB,"Cytoplasm, cytoskeleton",https://www.proteinatlas.org/search/TUBB
P07464,lacA,Cytoplasm,https://www.proteinatlas.org/search/lacA
P07477,PRSS1,"Secreted, extracellular space",https://www.proteinatlas.org/search/PRSS1
P07560,SEC4,"Cytoplasmic vesicle, secretory vesicle membrane; Cell membrane; Cytoplasm",https://www.proteinatlas.org/search/SEC4
P07602,PSAP,Lysosome; Secreted,https://www.proteinatlas.org/search/PSAP
P07639,aroB,Cytoplasm,https://www.proteinatlas.org/search/aroB
P07650,deoA,,https://www.proteinatlas.org/search/deoA
P07686,HEXB,"Lysosome; Cytoplasmic vesicle, secretory vesicle, Cortical granule",https://www.proteinatlas.org/search/HEXB
P07702,LYS2,,https://www.proteinatlas.org/search/LYS2
P07703,RPC40,"Nucleus, nucleolus",https://www.proteinatlas.org/search/RPC40
P07711,CTSL,"Lysosome; Apical cell membrane; Cytoplasmic vesicle, secretory vesicle, chromaffin granule; Secreted, extracellular space; Secreted; Nucleus",https://www.proteinatlas.org/search/CTSL
P07737,PFN1,"Cytoplasm, cytoskeleton",https://www.proteinatlas.org/search/PFN1
P07738,BPGM,,https://www.proteinatlas.org/search/BPGM
P07741,APRT,Cytoplasm,https://www.proteinatlas.org/search/APRT
P07762,glgB,,https://www.proteinatlas.org/search/glgB
P07806,VAS1,Cytoplasm; Mitochondrion,https://www.proteinatlas.org/search/VAS1
P07807,DFR1,,https://www.proteinatlas.org/search/DFR1
P07813,leuS,Cytoplasm,https://www.proteinatlas.org/search/leuS
P07814,EPRS1,"Cytoplasm, cytosol; Membrane",https://www.proteinatlas.org/search/EPRS1
P07858,CTSB,"Lysosome; Melanosome; Secreted, extracellular space; Apical cell membrane",https://www.proteinatlas.org/search/CTSB
P07862,ddlB,Cytoplasm,https://www.proteinatlas.org/search/ddlB
P07900,HSP90AA1,Nucleus; Cytoplasm; Melanosome; Cell membrane; Mitochondrion,https://www.proteinatlas.org/search/HSP90AA1
P07910,HNRNPC,Nucleus,https://www.proteinatlas.org/search/HNRNPC
P07913,tdh,Cytoplasm,https://www.proteinatlas.org/search/tdh
P07919,UQCRH,Mitochondrion inner membrane,https://www.proteinatlas.org/search/UQCRH
P07947,YES1,"Cell membrane; Cytoplasm, cytoskeleton, microtubule organizing center, centrosome; Cytoplasm, cytosol; Cell junction",https://www.proteinatlas.org/search/YES1
P07948,LYN,"Cell membrane; Nucleus; Cytoplasm; Cytoplasm, perinuclear region; Golgi apparatus; Membrane",https://www.proteinatlas.org/search/LYN
P07954,FH,"Mitochondrion; Cytoplasm, cytosol; Nucleus; Chromosome",https://www.proteinatlas.org/search/FH
P07991,CAR2,Cytoplasm,https://www.proteinatlas.org/search/CAR2
P07996,THBS1,"Secreted; Cell surface; Secreted, extracellular space, extracellular matrix; Endoplasmic reticulum; Sarcoplasmic reticulum",https://www.proteinatlas.org/search/THBS1
P08004,CHS1,Cell membrane,https://www.proteinatlas.org/search/CHS1
P08018,PBS2,Cytoplasm,https://www.proteinatlas.org/search/PBS2
P08047,SP1,Nucleus; Cytoplasm,https://www.proteinatlas.org/search/SP1
P08067,RIP1,Mitochondrion inner membrane,https://www.proteinatlas.org/search/RIP1
P08133,ANXA6,Cytoplasm; Melanosome,https://www.proteinatlas.org/search/ANXA6
P08134,RHOC,Cell membrane; Cleavage furrow,https://www.proteinatlas.org/search/RHOC
P08174,CD55,Cell membrane; Cell membrane; Secreted; Secreted; Secreted; Cell membrane; Cell membrane,https://www.proteinatlas.org/search/CD55
P08178,purM,Cytoplasm,https://www.proteinatlas.org/search/purM
P08179,purN,,https://www.proteinatlas.org/search/purN
P08192,folC,,https://www.proteinatlas.org/search/folC
P08194,glpT,Cell inner membrane,https://www.proteinatlas.org/search/glpT
P08195,SLC3A2,Apical cell membrane; Cell membrane; Cell junction; Lysosome membrane; Melanosome; Basolateral cell membrane,https://www.proteinatlas.org/search/SLC3A2
P08200,icd,,https://www.proteinatlas.org/search/icd
P08202,araA,,https://www.proteinatlas.org/search/araA
P08237,PFKM,Cytoplasm,https://www.proteinatlas.org/search/PFKM
P08238,HSP90AB1,Cytoplasm; Melanosome; Nucleus; Secreted; Cell membrane; Dynein axonemal particle; Cell surface,https://www.proteinatlas.org/search/HSP90AB1
P08240,SRPRA,Endoplasmic reticulum membrane,https://www.proteinatlas.org/search/SRPRA
P08243,ASNS,,https://www.proteinatlas.org/search/ASNS
P08244,pyrF,,https://www.proteinatlas.org/search/pyrF
P08312,pheS,Cytoplasm,https://www.proteinatlas.org/search/pheS
P08331,cpdB,Periplasm,https://www.proteinatlas.org/search/cpdB
P08369,creD,Cell inner membrane,https://www.proteinatlas.org/search/creD
P08373,murB,Cytoplasm,https://www.proteinatlas.org/search/murB
P08390,usg,,https://www.proteinatlas.org/search/usg
P08397,HMBS,"Cytoplasm, cytosol",https://www.proteinatlas.org/search/HMBS
P08417,FUM1,Mitochondrion matrix; Cytoplasm; Nucleus,https://www.proteinatlas.org/search/FUM1
P08456,CHO1,Microsome membrane; Endoplasmic reticulum membrane; Mitochondrion outer membrane,https://www.proteinatlas.org/search/CHO1
P08466,NUC1,Mitochondrion inner membrane,https://www.proteinatlas.org/search/NUC1
P08473,MME,Cell membrane,https://www.proteinatlas.org/search/MME
P08518,RPB2,Nucleus,https://www.proteinatlas.org/search/RPB2
P08524,ERG20,,https://www.proteinatlas.org/search/ERG20
P08536,MET3,Cytoplasm,https://www.proteinatlas.org/search/MET3
P08539,GPA1,Cell membrane; Endosome membrane,https://www.proteinatlas.org/search/GPA1
P08559,PDHA1,Mitochondrion matrix,https://www.proteinatlas.org/search/PDHA1
P08566,ARO1,Cytoplasm,https://www.proteinatlas.org/search/ARO1
P08574,CYC1,Mitochondrion inner membrane,https://www.proteinatlas.org/search/CYC1
P08575,PTPRC,Cell membrane; Membrane raft; Synapse,https://www.proteinatlas.org/search/PTPRC
P08579,SNRPB2,Nucleus,https://www.proteinatlas.org/search/SNRPB2
P08621,SNRNP70,"Nucleus speckle; Nucleus, nucleoplasm",https://www.proteinatlas.org/search/SNRNP70
P08622,dnaJ,Cytoplasm,https://www.proteinatlas.org/search/dnaJ
P08648,ITGA5,"Cell membrane; Cell junction, focal adhesion",https://www.proteinatlas.org/search/ITGA5
P08651,NFIC,Nucleus,https://www.proteinatlas.org/search/NFIC
P08670,VIM,"Cytoplasm; Cytoplasm, cytoskeleton; Nucleus matrix; Cell membrane; Cell projection, axon",https://www.proteinatlas.org/search/VIM
P08678,CYR1,,https://www.proteinatlas.org/search/CYR1
P08679,CIT2,Cytoplasm; Peroxisome,https://www.proteinatlas.org/search/CIT2
P08697,SERPINF2,Secreted,https://www.proteinatlas.org/search/SERPINF2
P08708,RPS17,"Cytoplasm; Nucleus, nucleolus",https://www.proteinatlas.org/search/RPS17
P08727,KRT19,,https://www.proteinatlas.org/search/KRT19
P08754,GNAI3,"Cytoplasm; Cell membrane; Cytoplasm, cytoskeleton, microtubule organizing center, centrosome",https://www.proteinatlas.org/search/GNAI3
P08758,ANXA5,,https://www.proteinatlas.org/search/ANXA5
P08839,ptsI,Cytoplasm,https://www.proteinatlas.org/search/ptsI
P08865,RPSA,Cell membrane; Cytoplasm; Nucleus,https://www.proteinatlas.org/search/RPSA
P08957,hsdM,,https://www.proteinatlas.org/search/hsdM
P08962,CD63,"Cell membrane; Lysosome membrane; Late endosome membrane; Endosome, multivesicular body; Melanosome; Secreted, extracellular exosome; Cell surface",https://www.proteinatlas.org/search/CD63
P08964,MYO1,,https://www.proteinatlas.org/search/MYO1
P08997,aceB,Cytoplasm,https://www.proteinatlas.org/search/aceB
P09001,MRPL3,Mitochondrion,https://www.proteinatlas.org/search/MRPL3
P09012,SNRPA,Nucleus,https://www.proteinatlas.org/search/SNRPA
P09029,purK,,https://www.proteinatlas.org/search/purK
P09030,xthA,,https://www.proteinatlas.org/search/xthA
P09032,GCD1,"Cytoplasm, cytosol",https://www.proteinatlas.org/search/GCD1
P09053,avtA,Cytoplasm,https://www.proteinatlas.org/search/avtA
P09064,SUI3,"Cytoplasm, cytosol",https://www.proteinatlas.org/search/SUI3
P09104,ENO2,Cytoplasm; Cell membrane,https://www.proteinatlas.org/search/ENO2
P09105,HBQ1,,https://www.proteinatlas.org/search/HBQ1
P09110,ACAA1,Peroxisome,https://www.proteinatlas.org/search/ACAA1
P09127,hemX,Cell inner membrane,https://www.proteinatlas.org/search/hemX
P09132,SRP19,"Cytoplasm; Nucleus, nucleolus; Nucleus, nucleoplasm",https://www.proteinatlas.org/search/SRP19
P09147,galE,,https://www.proteinatlas.org/search/galE
P09148,galT,,https://www.proteinatlas.org/search/galT
P09151,leuA,Cytoplasm,https://www.proteinatlas.org/search/leuA
P09158,speE,Cytoplasm,https://www.proteinatlas.org/search/speE
P09211,GSTP1,Cytoplasm; Mitochondrion; Nucleus,https://www.proteinatlas.org/search/GSTP1
P09232,PRB1,Vacuole,https://www.proteinatlas.org/search/PRB1
P09234,SNRPC,Nucleus,https://www.proteinatlas.org/search/SNRPC
P09323,nagE,Cell inner membrane,https://www.proteinatlas.org/search/nagE
P09368,PUT1,Mitochondrion matrix,https://www.proteinatlas.org/search/PUT1
P09372,grpE,Cytoplasm,https://www.proteinatlas.org/search/grpE
P09373,pflB,Cytoplasm,https://www.proteinatlas.org/search/pflB
P09382,LGALS1,"Secreted, extracellular space, extracellular matrix; Cytoplasm; Secreted",https://www.proteinatlas.org/search/LGALS1
P09394,glpQ,Periplasm,https://www.proteinatlas.org/search/glpQ
P09417,QDPR,,https://www.proteinatlas.org/search/QDPR
P09424,mtlD,,https://www.proteinatlas.org/search/mtlD
P09429,HMGB1,Nucleus; Chromosome; Cytoplasm; Secreted; Cell membrane; Endosome; Endoplasmic reticulum-Golgi intermediate compartment; Endoplasmic reticulum,https://www.proteinatlas.org/search/HMGB1
P09436,ILS1,Cytoplasm,https://www.proteinatlas.org/search/ILS1
P09440,MIS1,Mitochondrion,https://www.proteinatlas.org/search/MIS1
P09457,ATP5,Mitochondrion; Mitochondrion inner membrane,https://www.proteinatlas.org/search/ATP5
P09493,TPM1,"Cytoplasm, cytoskeleton",https://www.proteinatlas.org/search/TPM1
P09496,CLTA,"Cytoplasmic vesicle membrane; Membrane, coated pit; Cytoplasm, cytoskeleton, spindle",https://www.proteinatlas.org/search/CLTA
P09497,CLTB,"Cytoplasmic vesicle membrane; Membrane, coated pit",https://www.proteinatlas.org/search/CLTB
P09525,ANXA4,Zymogen granule membrane,https://www.proteinatlas.org/search/ANXA4
P09543,CNP,Melanosome; Mitochondrion; Cell membrane,https://www.proteinatlas.org/search/CNP
P09546,putA,Cell membrane,https://www.proteinatlas.org/search/putA
P09547,SWI1,Nucleus,https://www.proteinatlas.org/search/SWI1
P09549,dedD,Cell inner membrane,https://www.proteinatlas.org/search/dedD
P09551,argT,Periplasm,https://www.proteinatlas.org/search/argT
P09620,KEX1,"Golgi apparatus, trans-Golgi network membrane",https://www.proteinatlas.org/search/KEX1
P09622,DLD,"Mitochondrion matrix; Nucleus; Cell projection, cilium, flagellum; Cytoplasmic vesicle, secretory vesicle, acrosome",https://www.proteinatlas.org/search/DLD
P09624,LPD1,Mitochondrion matrix,https://www.proteinatlas.org/search/LPD1
P09651,HNRNPA1,Nucleus; Cytoplasm; Cytoplasm; Nucleus,https://www.proteinatlas.org/search/HNRNPA1
P09661,SNRPA1,Nucleus,https://www.proteinatlas.org/search/SNRPA1
P09668,CTSH,Lysosome,https://www.proteinatlas.org/search/CTSH
P09669,COX6C,Mitochondrion inner membrane,https://www.proteinatlas.org/search/COX6C
P09733,TUB1,"Cytoplasm, cytoskeleton",https://www.proteinatlas.org/search/TUB1
P09734,TUB3,"Cytoplasm, cytoskeleton",https://www.proteinatlas.org/search/TUB3
P09831,gltB,,https://www.proteinatlas.org/search/gltB
P09832,gltD,,https://www.proteinatlas.org/search/gltD
P09874,PARP1,"Chromosome; Nucleus; Nucleus, nucleolus; Cytoplasm, cytosol; Chromosome; Cytoplasm",https://www.proteinatlas.org/search/PARP1
P09880,TRL1,,https://www.proteinatlas.org/search/TRL1
P09884,POLA1,"Nucleus; Cytoplasm, cytosol",https://www.proteinatlas.org/search/POLA1
P09938,RNR2,Nucleus,https://www.proteinatlas.org/search/RNR2
P09950,HEM1,Mitochondrion matrix,https://www.proteinatlas.org/search/HEM1
P09959,SWI6,Nucleus; Cytoplasm,https://www.proteinatlas.org/search/SWI6
P09960,LTA4H,Cytoplasm,https://www.proteinatlas.org/search/LTA4H
P09972,ALDOC,,https://www.proteinatlas.org/search/ALDOC
P0A698,uvrA,Cytoplasm,https://www.proteinatlas.org/search/uvrA
P0A6A3,ackA,Cytoplasm,https://www.proteinatlas.org/search/ackA
P0A6A8,acpP,Cytoplasm,https://www.proteinatlas.org/search/acpP
P0A6B4,alr,,https://www.proteinatlas.org/search/alr
P0A6B7,iscS,Cytoplasm,https://www.proteinatlas.org/search/iscS
P0A6D0,argR,Cytoplasm,https://www.proteinatlas.org/search/argR
P0A6D3,aroA,Cytoplasm,https://www.proteinatlas.org/search/aroA
P0A6D7,aroK,Cytoplasm,https://www.proteinatlas.org/search/aroK
P0A6E4,argG,Cytoplasm,https://www.proteinatlas.org/search/argG
P0A6E6,atpC,Cell inner membrane,https://www.proteinatlas.org/search/atpC
P0A6F1,carA,,https://www.proteinatlas.org/search/carA
P0A6F3,glpK,,https://www.proteinatlas.org/search/glpK
P0A6F5,groEL,Cytoplasm,https://www.proteinatlas.org/search/groEL
P0A6F9,groES,Cytoplasm,https://www.proteinatlas.org/search/groES
P0A6G3,pncC,,https://www.proteinatlas.org/search/pncC
P0A6G7,clpP,Cytoplasm,https://www.proteinatlas.org/search/clpP
P0A6H1,clpX,,https://www.proteinatlas.org/search/clpX
P0A6H5,hslU,Cytoplasm,https://www.proteinatlas.org/search/hslU
P0A6I0,cmk,Cytoplasm,https://www.proteinatlas.org/search/cmk
P0A6I3,coaA,Cytoplasm,https://www.proteinatlas.org/search/coaA
P0A6I9,coaE,Cytoplasm,https://www.proteinatlas.org/search/coaE
P0A6J5,dadA,Cell inner membrane,https://www.proteinatlas.org/search/dadA
P0A6J8,ddlA,Cytoplasm,https://www.proteinatlas.org/search/ddlA
P0A6K1,dapF,Cytoplasm,https://www.proteinatlas.org/search/dapF
P0A6K3,def,,https://www.proteinatlas.org/search/def
P0A6K6,deoB,Cytoplasm,https://www.proteinatlas.org/search/deoB
P0A6L0,deoC,Cytoplasm,https://www.proteinatlas.org/search/deoC
P0A6L2,dapA,Cytoplasm,https://www.proteinatlas.org/search/dapA
P0A6L4,nanA,Cytoplasm,https://www.proteinatlas.org/search/nanA
P0A6L7,uxaB,,https://www.proteinatlas.org/search/uxaB
P0A6L9,hscB,,https://www.proteinatlas.org/search/hscB
P0A6M4,dtd,Cytoplasm,https://www.proteinatlas.org/search/dtd
P0A6M8,fusA,Cytoplasm,https://www.proteinatlas.org/search/fusA
P0A6N4,efp,Cytoplasm,https://www.proteinatlas.org/search/efp
P0A6N8,efpL,Cytoplasm,https://www.proteinatlas.org/search/efpL
P0A6P1,tsf,Cytoplasm,https://www.proteinatlas.org/search/tsf
P0A6P5,der,,https://www.proteinatlas.org/search/der
P0A6P7,engB,,https://www.proteinatlas.org/search/engB
P0A6P9,eno,"Cytoplasm; Cytoplasm, cytoskeleton; Secreted; Cell surface",https://www.proteinatlas.org/search/eno
P0A6Q3,fabA,Cytoplasm,https://www.proteinatlas.org/search/fabA
P0A6R0,fabH,Cytoplasm,https://www.proteinatlas.org/search/fabH
P0A6R3,fis,"Cytoplasm, nucleoid",https://www.proteinatlas.org/search/fis
P0A6S0,flgH,Cell outer membrane; Bacterial flagellum basal body,https://www.proteinatlas.org/search/flgH
P0A6S7,gpsA,Cytoplasm,https://www.proteinatlas.org/search/gpsA
P0A6T1,pgi,Cytoplasm,https://www.proteinatlas.org/search/pgi
P0A6T3,galK,Cytoplasm,https://www.proteinatlas.org/search/galK
P0A6T5,folE,,https://www.proteinatlas.org/search/folE
P0A6T9,gcvH,,https://www.proteinatlas.org/search/gcvH
P0A6U5,rsmG,Cytoplasm,https://www.proteinatlas.org/search/rsmG
P0A6U8,glgA,,https://www.proteinatlas.org/search/glgA
P0A6V1,glgC,,https://www.proteinatlas.org/search/glgC
P0A6V5,glpE,Cytoplasm,https://www.proteinatlas.org/search/glpE
P0A6V8,glk,Cytoplasm,https://www.proteinatlas.org/search/glk
P0A6W5,greA,,https://www.proteinatlas.org/search/greA
P0A6W9,gshA,,https://www.proteinatlas.org/search/gshA
P0A6X7,ihfA,"Cytoplasm, nucleoid",https://www.proteinatlas.org/search/ihfA
P0A6Y1,ihfB,Cytoplasm,https://www.proteinatlas.org/search/ihfB
P0A6Y5,hslO,Cytoplasm,https://www.proteinatlas.org/search/hslO
P0A6Y8,dnaK,Cytoplasm; Cell inner membrane,https://www.proteinatlas.org/search/dnaK
P0A6Z1,hscA,,https://www.proteinatlas.org/search/hscA
P0A6Z3,htpG,Cytoplasm; Cell inner membrane,https://www.proteinatlas.org/search/htpG
P0A6Z6,nikR,,https://www.proteinatlas.org/search/nikR
P0A705,infB,Cytoplasm,https://www.proteinatlas.org/search/infB
P0A707,infC,Cytoplasm,https://www.proteinatlas.org/search/infC
P0A715,kdsA,Cytoplasm,https://www.proteinatlas.org/search/kdsA
P0A717,prs,Cytoplasm,https://www.proteinatlas.org/search/prs
P0A720,tmk,,https://www.proteinatlas.org/search/tmk
P0A722,lpxA,Cytoplasm,https://www.proteinatlas.org/search/lpxA
P0A729,yceF,Cytoplasm,https://www.proteinatlas.org/search/yceF
P0A731,mgsA,Cytoplasm,https://www.proteinatlas.org/search/mgsA
P0A734,minE,,https://www.proteinatlas.org/search/minE
P0A738,moaC,,https://www.proteinatlas.org/search/moaC
P0A742,mscL,Cell inner membrane,https://www.proteinatlas.org/search/mscL
P0A744,msrA,,https://www.proteinatlas.org/search/msrA
P0A746,msrB,,https://www.proteinatlas.org/search/msrB
P0A749,murA,Cytoplasm,https://www.proteinatlas.org/search/murA
P0A759,nagB,,https://www.proteinatlas.org/search/nagB
P0A761,nanE,,https://www.proteinatlas.org/search/nanE
P0A763,ndk,Cytoplasm,https://www.proteinatlas.org/search/ndk
P0A776,rppH,,https://www.proteinatlas.org/search/rppH
P0A780,nusB,,https://www.proteinatlas.org/search/nusB
P0A784,orn,Cytoplasm,https://www.proteinatlas.org/search/orn
P0A786,pyrB,,https://www.proteinatlas.org/search/pyrB
P0A794,pdxJ,Cytoplasm,https://www.proteinatlas.org/search/pdxJ
P0A796,pfkA,Cytoplasm,https://www.proteinatlas.org/search/pfkA
P0A799,pgk,Cytoplasm,https://www.proteinatlas.org/search/pgk
P0A7A2,gpmB,,https://www.proteinatlas.org/search/gpmB
P0A7A9,ppa,Cytoplasm,https://www.proteinatlas.org/search/ppa
P0A7B1,ppk,Cell membrane,https://www.proteinatlas.org/search/ppk
P0A7B5,proB,Cytoplasm,https://www.proteinatlas.org/search/proB
P0A7B8,hslV,Cytoplasm,https://www.proteinatlas.org/search/hslV
P0A7C2,lexA,,https://www.proteinatlas.org/search/lexA
P0A7C6,pepE,Cytoplasm,https://www.proteinatlas.org/search/pepE
P0A7D1,pth,Cytoplasm,https://www.proteinatlas.org/search/pth
P0A7D4,purA,Cytoplasm,https://www.proteinatlas.org/search/purA
P0A7D7,purC,,https://www.proteinatlas.org/search/purC
P0A7E3,pyrE,,https://www.proteinatlas.org/search/pyrE
P0A7E5,pyrG,Cytoplasm,https://www.proteinatlas.org/search/pyrG
P0A7E9,pyrH,Cytoplasm,https://www.proteinatlas.org/search/pyrH
P0A7F3,pyrI,,https://www.proteinatlas.org/search/pyrI
P0A7F6,speD,,https://www.proteinatlas.org/search/speD
P0A7G2,rbfA,Cytoplasm,https://www.proteinatlas.org/search/rbfA
P0A7G6,recA,Cytoplasm,https://www.proteinatlas.org/search/recA
P0A7I0,prfA,Cytoplasm,https://www.proteinatlas.org/search/prfA
P0A7I4,prfC,Cytoplasm,https://www.proteinatlas.org/search/prfC
P0A7I7,ribA,,https://www.proteinatlas.org/search/ribA
P0A7J0,ribB,Cell membrane,https://www.proteinatlas.org/search/ribB
P0A7J3,rplJ,,https://www.proteinatlas.org/search/rplJ
P0A7J7,rplK,,https://www.proteinatlas.org/search/rplK
P0A7K2,rplL,,https://www.proteinatlas.org/search/rplL
P0A7K6,rplS,,https://www.proteinatlas.org/search/rplS
P0A7L0,rplA,,https://www.proteinatlas.org/search/rplA
P0A7L3,rplT,,https://www.proteinatlas.org/search/rplT
P0A7L8,rpmA,,https://www.proteinatlas.org/search/rpmA
P0A7M2,rpmB,,https://www.proteinatlas.org/search/rpmB
P0A7M6,rpmC,,https://www.proteinatlas.org/search/rpmC
P0A7M9,rpmE,,https://www.proteinatlas.org/search/rpmE
P0A7N9,rpmG,,https://www.proteinatlas.org/search/rpmG
P0A7Q6,rpmJ1,,https://www.proteinatlas.org/search/rpmJ1
P0A7R1,rplI,,https://www.proteinatlas.org/search/rplI
P0A7R5,rpsJ,,https://www.proteinatlas.org/search/rpsJ
P0A7R9,rpsK,,https://www.proteinatlas.org/search/rpsK
P0A7S3,rpsL,,https://www.proteinatlas.org/search/rpsL
P0A7S9,rpsM,,https://www.proteinatlas.org/search/rpsM
P0A7T3,rpsP,,https://www.proteinatlas.org/search/rpsP
P0A7T7,rpsR,,https://www.proteinatlas.org/search/rpsR
P0A7U3,rpsS,,https://www.proteinatlas.org/search/rpsS
P0A7U7,rpsT,,https://www.proteinatlas.org/search/rpsT
P0A7V0,rpsB,,https://www.proteinatlas.org/search/rpsB
P0A7V3,rpsC,,https://www.proteinatlas.org/search/rpsC
P0A7V8,rpsD,,https://www.proteinatlas.org/search/rpsD
P0A7W1,rpsE,,https://www.proteinatlas.org/search/rpsE
P0A7W7,rpsH,,https://www.proteinatlas.org/search/rpsH
P0A7X3,rpsI,,https://www.proteinatlas.org/search/rpsI
P0A7X6,rimM,Cytoplasm,https://www.proteinatlas.org/search/rimM
P0A7Y0,rnc,Cytoplasm,https://www.proteinatlas.org/search/rnc
P0A7Z0,rpiA,,https://www.proteinatlas.org/search/rpiA
P0A7Z4,rpoA,,https://www.proteinatlas.org/search/rpoA
P0A800,rpoZ,,https://www.proteinatlas.org/search/rpoZ
P0A805,frr,Cytoplasm,https://www.proteinatlas.org/search/frr
P0A809,ruvA,Cytoplasm,https://www.proteinatlas.org/search/ruvA
P0A817,metK,Cytoplasm,https://www.proteinatlas.org/search/metK
P0A821,selA,Cytoplasm,https://www.proteinatlas.org/search/selA
P0A825,glyA,Cytoplasm,https://www.proteinatlas.org/search/glyA
P0A832,smpB,Cytoplasm,https://www.proteinatlas.org/search/smpB
P0A836,sucC,,https://www.proteinatlas.org/search/sucC
P0A840,surE,Cytoplasm,https://www.proteinatlas.org/search/surE
P0A847,tgt,,https://www.proteinatlas.org/search/tgt
P0A850,tig,Cytoplasm,https://www.proteinatlas.org/search/tig
P0A853,tnaA,Cytoplasm,https://www.proteinatlas.org/search/tnaA
P0A855,tolB,Periplasm,https://www.proteinatlas.org/search/tolB
P0A858,tpiA,Cytoplasm,https://www.proteinatlas.org/search/tpiA
P0A862,tpx,Periplasm; Cytoplasm,https://www.proteinatlas.org/search/tpx
P0A867,talA,Cytoplasm,https://www.proteinatlas.org/search/talA
P0A870,talB,Cytoplasm,https://www.proteinatlas.org/search/talB
P0A873,trmD,Cytoplasm,https://www.proteinatlas.org/search/trmD
P0A877,trpA,,https://www.proteinatlas.org/search/trpA
P0A879,trpB,,https://www.proteinatlas.org/search/trpB
P0A881,trpR,Cytoplasm,https://www.proteinatlas.org/search/trpR
P0A884,thyA,Cytoplasm,https://www.proteinatlas.org/search/thyA
P0A887,ubiE,Cytoplasm,https://www.proteinatlas.org/search/ubiE
P0A890,tusA,Cytoplasm,https://www.proteinatlas.org/search/tusA
P0A8A0,yebC,Cytoplasm,https://www.proteinatlas.org/search/yebC
P0A8A2,yeeN,Cytoplasm,https://www.proteinatlas.org/search/yeeN
P0A8A8,rimP,Cytoplasm,https://www.proteinatlas.org/search/rimP
P0A8B5,ybaB,"Cytoplasm, nucleoid",https://www.proteinatlas.org/search/ybaB
P0A8C4,ygfB,,https://www.proteinatlas.org/search/ygfB
P0A8D3,yaiI,,https://www.proteinatlas.org/search/yaiI
P0A8D6,ymdB,,https://www.proteinatlas.org/search/ymdB
P0A8E1,ycfP,,https://www.proteinatlas.org/search/ycfP
P0A8E5,yacL,,https://www.proteinatlas.org/search/yacL
P0A8E7,yajQ,,https://www.proteinatlas.org/search/yajQ
P0A8F0,upp,,https://www.proteinatlas.org/search/upp
P0A8F8,uvrB,Cytoplasm,https://www.proteinatlas.org/search/uvrB
P0A8G3,uxaC,,https://www.proteinatlas.org/search/uxaC
P0A8G6,wrbA,,https://www.proteinatlas.org/search/wrbA
P0A8G9,xseB,Cytoplasm,https://www.proteinatlas.org/search/xseB
P0A8H6,yihI,,https://www.proteinatlas.org/search/yihI
P0A8H8,yacG,,https://www.proteinatlas.org/search/yacG
P0A8I3,yaaA,Cytoplasm,https://www.proteinatlas.org/search/yaaA
P0A8I5,trmB,,https://www.proteinatlas.org/search/trmB
P0A8J4,ybeD,,https://www.proteinatlas.org/search/ybeD
P0A8J8,rhlB,Cytoplasm,https://www.proteinatlas.org/search/rhlB
P0A8K5,yaeP,,https://www.proteinatlas.org/search/yaeP
P0A8L1,serS,Cytoplasm,https://www.proteinatlas.org/search/serS
P0A8M0,asnS,Cytoplasm,https://www.proteinatlas.org/search/asnS
P0A8M3,thrS,Cytoplasm,https://www.proteinatlas.org/search/thrS
P0A8M6,tmaR,Cytoplasm,https://www.proteinatlas.org/search/tmaR
P0A8N3,lysS,Cytoplasm,https://www.proteinatlas.org/search/lysS
P0A8N5,lysU,Cytoplasm,https://www.proteinatlas.org/search/lysU
P0A8P3,yggX,,https://www.proteinatlas.org/search/yggX
P0A8R0,rraA,Cytoplasm,https://www.proteinatlas.org/search/rraA
P0A8R4,slyX,,https://www.proteinatlas.org/search/slyX
P0A8S1,argP,,https://www.proteinatlas.org/search/argP
P0A8T1,prmA,Cytoplasm,https://www.proteinatlas.org/search/prmA
P0A8T7,rpoC,,https://www.proteinatlas.org/search/rpoC
P0A8U6,metJ,Cytoplasm,https://www.proteinatlas.org/search/metJ
P0A8V0,rbn,,https://www.proteinatlas.org/search/rbn
P0A8V2,rpoB,,https://www.proteinatlas.org/search/rpoB
P0A8W0,nanR,,https://www.proteinatlas.org/search/nanR
P0A8W2,slyA,,https://www.proteinatlas.org/search/slyA
P0A8W5,yqgE,,https://www.proteinatlas.org/search/yqgE
P0A8W8,yfbU,,https://www.proteinatlas.org/search/yfbU
P0A8X0,darP,Cytoplasm,https://www.proteinatlas.org/search/darP
P0A8X2,yceI,Periplasm,https://www.proteinatlas.org/search/yceI
P0A8Y3,yihX,,https://www.proteinatlas.org/search/yihX
P0A8Y5,yidA,,https://www.proteinatlas.org/search/yidA
P0A8Z0,yciA,,https://www.proteinatlas.org/search/yciA
P0A901,blc,Cell outer membrane,https://www.proteinatlas.org/search/blc
P0A910,ompA,Cell outer membrane,https://www.proteinatlas.org/search/ompA
P0A912,pal,Cell outer membrane,https://www.proteinatlas.org/search/pal
P0A940,bamA,Cell outer membrane,https://www.proteinatlas.org/search/bamA
P0A951,speG,Cytoplasm,https://www.proteinatlas.org/search/speG
P0A953,fabB,Cytoplasm,https://www.proteinatlas.org/search/fabB
P0A955,eda,Cytoplasm,https://www.proteinatlas.org/search/eda
P0A962,ansA,Cytoplasm,https://www.proteinatlas.org/search/ansA
P0A964,cheW,Cytoplasm,https://www.proteinatlas.org/search/cheW
P0A972,cspE,Cytoplasm,https://www.proteinatlas.org/search/cspE
P0A988,dnaN,Cytoplasm,https://www.proteinatlas.org/search/dnaN
P0A991,fbaB,Cytoplasm,https://www.proteinatlas.org/search/fbaB
P0A993,fbp,Cytoplasm,https://www.proteinatlas.org/search/fbp
P0A996,glpC,Cell inner membrane,https://www.proteinatlas.org/search/glpC
P0A998,ftnA,Cytoplasm,https://www.proteinatlas.org/search/ftnA
P0A9A6,ftsZ,Cytoplasm,https://www.proteinatlas.org/search/ftsZ
P0A9A9,fur,Cytoplasm,https://www.proteinatlas.org/search/fur
P0A9B2,gapA,Cytoplasm,https://www.proteinatlas.org/search/gapA
P0A9C0,glpA,Cell inner membrane,https://www.proteinatlas.org/search/glpA
P0A9C3,galM,Cytoplasm,https://www.proteinatlas.org/search/galM
P0A9C5,glnA,Cytoplasm,https://www.proteinatlas.org/search/glnA
P0A9C9,glpX,Cytoplasm,https://www.proteinatlas.org/search/glpX
P0A9D2,gstA,Cytoplasm,https://www.proteinatlas.org/search/gstA
P0A9D4,cysE,Cytoplasm,https://www.proteinatlas.org/search/cysE
P0A9D8,dapD,Cytoplasm,https://www.proteinatlas.org/search/dapD
P0A9E2,soxS,Cytoplasm,https://www.proteinatlas.org/search/soxS
P0A9E5,fnr,Cytoplasm,https://www.proteinatlas.org/search/fnr
P0A9F1,mntR,Cytoplasm,https://www.proteinatlas.org/search/mntR
P0A9G6,aceA,,https://www.proteinatlas.org/search/aceA
P0A9G8,modE,Cytoplasm,https://www.proteinatlas.org/search/modE
P0A9H1,mug,Cytoplasm,https://www.proteinatlas.org/search/mug
P0A9I3,gcvR,Cytoplasm,https://www.proteinatlas.org/search/gcvR
P0A9J0,rng,"Cytoplasm; Cell inner membrane; Cytoplasm, cytoskeleton",https://www.proteinatlas.org/search/rng
P0A9J6,rbsK,Cytoplasm,https://www.proteinatlas.org/search/rbsK
P0A9J8,pheA,Cytoplasm,https://www.proteinatlas.org/search/pheA
P0A9K3,ybeZ,Cytoplasm,https://www.proteinatlas.org/search/ybeZ
P0A9K9,slyD,Cytoplasm,https://www.proteinatlas.org/search/slyD
P0A9L3,fklB,Cytoplasm; Periplasm,https://www.proteinatlas.org/search/fklB
P0A9L5,ppiC,Cytoplasm,https://www.proteinatlas.org/search/ppiC
P0A9L8,proC,Cytoplasm,https://www.proteinatlas.org/search/proC
P0A9M0,lon,Cytoplasm,https://www.proteinatlas.org/search/lon
P0A9M2,hpt,Cytoplasm,https://www.proteinatlas.org/search/hpt
P0A9M5,gpt,Cell inner membrane,https://www.proteinatlas.org/search/gpt
P0A9M8,pta,Cytoplasm,https://www.proteinatlas.org/search/pta
P0A9N4,pflA,Cytoplasm,https://www.proteinatlas.org/search/pflA
P0A9P0,lpdA,Cytoplasm; Cell inner membrane,https://www.proteinatlas.org/search/lpdA
P0A9P4,trxB,Cytoplasm,https://www.proteinatlas.org/search/trxB
P0A9Q1,arcA,Cytoplasm,https://www.proteinatlas.org/search/arcA
P0A9Q5,accD,Cytoplasm,https://www.proteinatlas.org/search/accD
P0A9Q7,adhE,,https://www.proteinatlas.org/search/adhE
P0A9Q9,asd,,https://www.proteinatlas.org/search/asd
P0A9R4,fdx,,https://www.proteinatlas.org/search/fdx
P0A9S1,fucO,,https://www.proteinatlas.org/search/fucO
P0A9S5,gldA,,https://www.proteinatlas.org/search/gldA
P0A9T0,serA,,https://www.proteinatlas.org/search/serA
P0A9T4,tas,,https://www.proteinatlas.org/search/tas
P0A9U3,ybiT,,https://www.proteinatlas.org/search/ybiT
P0A9U6,puuR,,https://www.proteinatlas.org/search/puuR
P0A9W3,ettA,Cytoplasm,https://www.proteinatlas.org/search/ettA
P0A9X4,mreB,Cytoplasm,https://www.proteinatlas.org/search/mreB
P0A9X9,cspA,Cytoplasm,https://www.proteinatlas.org/search/cspA
P0A9Y6,cspC,Cytoplasm,https://www.proteinatlas.org/search/cspC
P0A9Z1,glnB,,https://www.proteinatlas.org/search/glnB
P0AA04,ptsH,Cytoplasm,https://www.proteinatlas.org/search/ptsH
P0AA10,rplM,,https://www.proteinatlas.org/search/rplM
P0AA16,ompR,Cytoplasm,https://www.proteinatlas.org/search/ompR
P0AA25,trxA,,https://www.proteinatlas.org/search/trxA
P0AA31,yedF,,https://www.proteinatlas.org/search/yedF
P0AA39,rluC,,https://www.proteinatlas.org/search/rluC
P0AA43,rsuA,,https://www.proteinatlas.org/search/rsuA
P0AAB4,ubiD,Cell membrane,https://www.proteinatlas.org/search/ubiD
P0AAB6,galF,,https://www.proteinatlas.org/search/galF
P0AAB8,uspD,Cytoplasm,https://www.proteinatlas.org/search/uspD
P0AAC0,uspE,Cytoplasm,https://www.proteinatlas.org/search/uspE
P0AAC8,iscA,,https://www.proteinatlas.org/search/iscA
P0AAE0,cycA,Cell inner membrane,https://www.proteinatlas.org/search/cycA
P0AAG0,dppD,Cell inner membrane,https://www.proteinatlas.org/search/dppD
P0AAI3,ftsH,Cell inner membrane,https://www.proteinatlas.org/search/ftsH
P0AAI5,fabF,,https://www.proteinatlas.org/search/fabF
P0AAI9,fabD,,https://www.proteinatlas.org/search/fabD
P0AAJ5,fdoH,Cell membrane,https://www.proteinatlas.org/search/fdoH
P0AAN5,yaiA,,https://www.proteinatlas.org/search/yaiA
P0AAP3,frmR,Cytoplasm,https://www.proteinatlas.org/search/frmR
P0AAQ2,yajD,,https://www.proteinatlas.org/search/yajD
P0AAR3,ybaK,Cytoplasm,https://www.proteinatlas.org/search/ybaK
P0AAS7,ybcJ,,https://www.proteinatlas.org/search/ybcJ
P0AAT6,rsfS,Cytoplasm,https://www.proteinatlas.org/search/rsfS
P0AAT9,ybeL,,https://www.proteinatlas.org/search/ybeL
P0AAV4,pxpB,,https://www.proteinatlas.org/search/pxpB
P0AAV6,ybgS,,https://www.proteinatlas.org/search/ybgS
P0AAX8,ybiS,Periplasm,https://www.proteinatlas.org/search/ybiS
P0AAZ7,ycaR,,https://www.proteinatlas.org/search/ycaR
P0AB24,efeO,Periplasm,https://www.proteinatlas.org/search/efeO
P0AB28,yceD,,https://www.proteinatlas.org/search/yceD
P0AB52,ychN,,https://www.proteinatlas.org/search/ychN
P0AB55,yciI,,https://www.proteinatlas.org/search/yciI
P0AB61,yciN,,https://www.proteinatlas.org/search/yciN
P0AB65,yccX,,https://www.proteinatlas.org/search/yccX
P0AB71,fbaA,,https://www.proteinatlas.org/search/fbaA
P0AB77,kbl,,https://www.proteinatlas.org/search/kbl
P0AB80,ilvE,,https://www.proteinatlas.org/search/ilvE
P0AB87,fucA,,https://www.proteinatlas.org/search/fucA
P0AB89,purB,,https://www.proteinatlas.org/search/purB
P0AB91,aroG,Cytoplasm,https://www.proteinatlas.org/search/aroG
P0AB96,arsC,,https://www.proteinatlas.org/search/arsC
P0ABA0,atpF,Cell inner membrane,https://www.proteinatlas.org/search/atpF
P0ABA4,atpH,Cell inner membrane,https://www.proteinatlas.org/search/atpH
P0ABA6,atpG,Cell inner membrane,https://www.proteinatlas.org/search/atpG
P0ABB0,atpA,Cell inner membrane,https://www.proteinatlas.org/search/atpA
P0ABB4,atpD,Cell inner membrane,https://www.proteinatlas.org/search/atpD
P0ABC7,hflK,Cell inner membrane,https://www.proteinatlas.org/search/hflK
P0ABD3,bfr,,https://www.proteinatlas.org/search/bfr
P0ABD5,accA,Cytoplasm,https://www.proteinatlas.org/search/accA
P0ABD8,accB,,https://www.proteinatlas.org/search/accB
P0ABE2,bolA,,https://www.proteinatlas.org/search/bolA
P0ABF1,pcnB,Cytoplasm; Cell inner membrane,https://www.proteinatlas.org/search/pcnB
P0ABF6,cdd,,https://www.proteinatlas.org/search/cdd
P0ABH7,gltA,,https://www.proteinatlas.org/search/gltA
P0ABH9,clpA,,https://www.proteinatlas.org/search/clpA
P0ABI8,cyoB,Cell inner membrane,https://www.proteinatlas.org/search/cyoB
P0ABJ1,cyoA,Cell inner membrane,https://www.proteinatlas.org/search/cyoA
P0ABK5,cysK,,https://www.proteinatlas.org/search/cysK
P0ABP8,deoD,,https://www.proteinatlas.org/search/deoD
P0ABQ0,coaBC,,https://www.proteinatlas.org/search/coaBC
P0ABQ2,garR,,https://www.proteinatlas.org/search/garR
P0ABQ4,folA,,https://www.proteinatlas.org/search/folA
P0ABS1,dksA,Cytoplasm,https://www.proteinatlas.org/search/dksA
P0ABS5,dnaG,,https://www.proteinatlas.org/search/dnaG
P0ABT2,dps,"Cytoplasm, nucleoid",https://www.proteinatlas.org/search/dps
P0ABU0,menB,,https://www.proteinatlas.org/search/menB
P0ABU2,ychF,,https://www.proteinatlas.org/search/ychF
P0ABU5,elbB,,https://www.proteinatlas.org/search/elbB
P0ABZ6,surA,Periplasm,https://www.proteinatlas.org/search/surA
P0AC13,folP,,https://www.proteinatlas.org/search/folP
P0AC19,folX,,https://www.proteinatlas.org/search/folX
P0AC33,fumA,,https://www.proteinatlas.org/search/fumA
P0AC38,aspA,,https://www.proteinatlas.org/search/aspA
P0AC41,sdhA,Cell inner membrane,https://www.proteinatlas.org/search/sdhA
P0AC51,zur,,https://www.proteinatlas.org/search/zur
P0AC53,zwf,,https://www.proteinatlas.org/search/zwf
P0AC59,grxB,,https://www.proteinatlas.org/search/grxB
P0AC62,grxC,,https://www.proteinatlas.org/search/grxC
P0AC69,grxD,Cytoplasm,https://www.proteinatlas.org/search/grxD
P0AC81,gloA,,https://www.proteinatlas.org/search/gloA
P0AC84,gloB,,https://www.proteinatlas.org/search/gloB
P0AC86,glgP,,https://www.proteinatlas.org/search/glgP
P0ACA1,yibF,,https://www.proteinatlas.org/search/yibF
P0ACA3,sspA,,https://www.proteinatlas.org/search/sspA
P0ACA7,gstB,,https://www.proteinatlas.org/search/gstB
P0ACB2,hemB,,https://www.proteinatlas.org/search/hemB
P0ACB7,hemY,Cell inner membrane,https://www.proteinatlas.org/search/hemY
P0ACC3,erpA,,https://www.proteinatlas.org/search/erpA
P0ACC7,glmU,Cytoplasm,https://www.proteinatlas.org/search/glmU
P0ACD4,iscU,,https://www.proteinatlas.org/search/iscU
P0ACE7,hinT,,https://www.proteinatlas.org/search/hinT
P0ACF0,hupA,"Cytoplasm, nucleoid",https://www.proteinatlas.org/search/hupA
P0ACF4,hupB,,https://www.proteinatlas.org/search/hupB
P0ACF8,hns,"Cytoplasm, nucleoid",https://www.proteinatlas.org/search/hns
P0ACG8,hslR,,https://www.proteinatlas.org/search/hslR
P0ACI0,rob,,https://www.proteinatlas.org/search/rob
P0ACI6,asnC,,https://www.proteinatlas.org/search/asnC
P0ACJ0,lrp,,https://www.proteinatlas.org/search/lrp
P0ACJ8,crp,,https://www.proteinatlas.org/search/crp
P0ACK2,agaR,,https://www.proteinatlas.org/search/agaR
P0ACL2,exuR,,https://www.proteinatlas.org/search/exuR
P0ACN4,allR,,https://www.proteinatlas.org/search/allR
P0ACP5,gntR,,https://www.proteinatlas.org/search/gntR
P0ACQ4,oxyR,,https://www.proteinatlas.org/search/oxyR
P0ACR9,mprA,,https://www.proteinatlas.org/search/mprA
P0ACS7,rpiR,,https://www.proteinatlas.org/search/rpiR
P0ACT6,uidR,,https://www.proteinatlas.org/search/uidR
P0ACU5,fabR,Cytoplasm,https://www.proteinatlas.org/search/fabR
P0ACU7,yjdC,,https://www.proteinatlas.org/search/yjdC
P0ACV6,mpaA,Cytoplasm,https://www.proteinatlas.org/search/mpaA
P0ACV8,ymjA,,https://www.proteinatlas.org/search/ymjA
P0ACX3,ydhR,,https://www.proteinatlas.org/search/ydhR
P0ACY1,ydjA,,https://www.proteinatlas.org/search/ydjA
P0ACY3,yeaG,Cytoplasm,https://www.proteinatlas.org/search/yeaG
P0AD05,yecA,,https://www.proteinatlas.org/search/yecA
P0AD12,yeeZ,,https://www.proteinatlas.org/search/yeeZ
P0AD24,yejL,,https://www.proteinatlas.org/search/yejL
P0AD33,yfcZ,,https://www.proteinatlas.org/search/yfcZ
P0AD49,raiA,,https://www.proteinatlas.org/search/raiA
P0AD57,ispB,,https://www.proteinatlas.org/search/ispB
P0AD59,ivy,Periplasm,https://www.proteinatlas.org/search/ivy
P0AD61,pykF,,https://www.proteinatlas.org/search/pykF
P0AD96,livJ,Periplasm,https://www.proteinatlas.org/search/livJ
P0ADA1,tesA,Periplasm,https://www.proteinatlas.org/search/tesA
P0ADA3,nlpD,Cell inner membrane,https://www.proteinatlas.org/search/nlpD
P0ADB1,osmE,Cell inner membrane,https://www.proteinatlas.org/search/osmE
P0ADB7,ecnB,Cell membrane,https://www.proteinatlas.org/search/ecnB
P0ADE6,kbp,Cytoplasm,https://www.proteinatlas.org/search/kbp
P0ADE8,ygfZ,Cytoplasm,https://www.proteinatlas.org/search/ygfZ
P0ADF8,ilvN,,https://www.proteinatlas.org/search/ilvN
P0ADG4,suhB,Cytoplasm,https://www.proteinatlas.org/search/suhB
P0ADG7,guaB,,https://www.proteinatlas.org/search/guaB
P0ADI7,yecD,,https://www.proteinatlas.org/search/yecD
P0ADK8,yibL,Cytoplasm,https://www.proteinatlas.org/search/yibL
P0ADN2,maoP,,https://www.proteinatlas.org/search/maoP
P0ADP0,yigB,,https://www.proteinatlas.org/search/yigB
P0ADP9,yihD,,https://www.proteinatlas.org/search/yihD
P0ADQ2,fabY,,https://www.proteinatlas.org/search/fabY
P0ADQ7,ygaM,Cell inner membrane,https://www.proteinatlas.org/search/ygaM
P0ADR6,rlmM,Cytoplasm,https://www.proteinatlas.org/search/rlmM
P0ADS2,zapA,Cytoplasm,https://www.proteinatlas.org/search/zapA
P0ADS6,yggE,,https://www.proteinatlas.org/search/yggE
P0ADS9,yggN,,https://www.proteinatlas.org/search/yggN
P0ADT5,ygiC,,https://www.proteinatlas.org/search/ygiC
P0ADU2,ygiN,,https://www.proteinatlas.org/search/ygiN
P0ADU5,ygiW,Periplasm,https://www.proteinatlas.org/search/ygiW
P0ADV7,mlaC,Periplasm,https://www.proteinatlas.org/search/mlaC
P0ADX1,yhfA,,https://www.proteinatlas.org/search/yhfA
P0ADX7,yhhA,,https://www.proteinatlas.org/search/yhhA
P0ADY1,ppiD,Cell inner membrane,https://www.proteinatlas.org/search/ppiD
P0ADY3,rplN,,https://www.proteinatlas.org/search/rplN
P0ADY7,rplP,,https://www.proteinatlas.org/search/rplP
P0ADZ0,rplW,,https://www.proteinatlas.org/search/rplW
P0ADZ4,rpsO,,https://www.proteinatlas.org/search/rpsO
P0ADZ7,yajC,Cell inner membrane,https://www.proteinatlas.org/search/yajC
P0AE01,trmJ,Cytoplasm,https://www.proteinatlas.org/search/trmJ
P0AE08,ahpC,Cytoplasm,https://www.proteinatlas.org/search/ahpC
P0AE12,amn,,https://www.proteinatlas.org/search/amn
P0AE18,map,,https://www.proteinatlas.org/search/map
P0AE22,aphA,Periplasm,https://www.proteinatlas.org/search/aphA
P0AE37,astA,,https://www.proteinatlas.org/search/astA
P0AE48,ytfP,,https://www.proteinatlas.org/search/ytfP
P0AE52,bcp,,https://www.proteinatlas.org/search/bcp
P0AE67,cheY,Cytoplasm,https://www.proteinatlas.org/search/cheY
P0AE78,corC,,https://www.proteinatlas.org/search/corC
P0AE88,cpxR,Cytoplasm,https://www.proteinatlas.org/search/cpxR
P0AE91,creA,,https://www.proteinatlas.org/search/creA
P0AEA8,cysG,,https://www.proteinatlas.org/search/cysG
P0AEC3,arcB,Cell inner membrane,https://www.proteinatlas.org/search/arcB
P0AED0,uspA,Cytoplasm,https://www.proteinatlas.org/search/uspA
P0AED7,dapE,,https://www.proteinatlas.org/search/dapE
P0AEE5,mglB,Periplasm,https://www.proteinatlas.org/search/mglB
P0AEG4,dsbA,Periplasm,https://www.proteinatlas.org/search/dsbA
P0AEG6,dsbC,Periplasm,https://www.proteinatlas.org/search/dsbC
P0AEH3,elaA,,https://www.proteinatlas.org/search/elaA
P0AEH5,elaB,Cell inner membrane,https://www.proteinatlas.org/search/elaB
P0AEI1,miaB,Cytoplasm,https://www.proteinatlas.org/search/miaB
P0AEK2,fabG,,https://www.proteinatlas.org/search/fabG
P0AEK4,fabI,,https://www.proteinatlas.org/search/fabI
P0AEL6,fepB,Periplasm,https://www.proteinatlas.org/search/fepB
P0AEM0,fkpB,,https://www.proteinatlas.org/search/fkpB
P0AEM4,flgM,,https://www.proteinatlas.org/search/flgM
P0AEM6,fliA,Cytoplasm,https://www.proteinatlas.org/search/fliA
P0AEM9,tcyJ,Periplasm,https://www.proteinatlas.org/search/tcyJ
P0AEN1,fre,,https://www.proteinatlas.org/search/fre
P0AEN8,fucU,Cytoplasm,https://www.proteinatlas.org/search/fucU
P0AEP3,galU,,https://www.proteinatlas.org/search/galU
P0AEQ1,glcG,,https://www.proteinatlas.org/search/glcG
P0AEQ3,glnH,Periplasm,https://www.proteinatlas.org/search/glnH
P0AER0,glpF,Cell inner membrane,https://www.proteinatlas.org/search/glpF
P0AES0,gss,,https://www.proteinatlas.org/search/gss
P0AES2,gudD,,https://www.proteinatlas.org/search/gudD
P0AES4,gyrA,Cytoplasm,https://www.proteinatlas.org/search/gyrA
P0AES6,gyrB,Cytoplasm,https://www.proteinatlas.org/search/gyrB
P0AES9,hdeA,Periplasm,https://www.proteinatlas.org/search/hdeA
P0AET2,hdeB,Periplasm,https://www.proteinatlas.org/search/hdeB
P0AET8,hdhA,,https://www.proteinatlas.org/search/hdhA
P0AEU0,hisJ,Periplasm,https://www.proteinatlas.org/search/hisJ
P0AEU7,skp,Periplasm,https://www.proteinatlas.org/search/skp
P0AEW6,gsk,,https://www.proteinatlas.org/search/gsk
P0AEX5,prkB,,https://www.proteinatlas.org/search/prkB
P0AEX9,malE,Periplasm,https://www.proteinatlas.org/search/malE
P0AEY5,mdaB,Cytoplasm,https://www.proteinatlas.org/search/mdaB
P0AEZ3,minD,Cell inner membrane,https://www.proteinatlas.org/search/minD
P0AEZ9,moaB,,https://www.proteinatlas.org/search/moaB
P0AF03,mog,,https://www.proteinatlas.org/search/mog
P0AF08,mrp,,https://www.proteinatlas.org/search/mrp
P0AF12,mtnN,,https://www.proteinatlas.org/search/mtnN
P0AF18,nagA,,https://www.proteinatlas.org/search/nagA
P0AF20,nagC,,https://www.proteinatlas.org/search/nagC
P0AF28,narL,,https://www.proteinatlas.org/search/narL
P0AF36,zapB,Cytoplasm,https://www.proteinatlas.org/search/zapB
P0AF50,yjbR,,https://www.proteinatlas.org/search/yjbR
P0AF67,tsaE,Cytoplasm,https://www.proteinatlas.org/search/tsaE
P0AF90,rraB,Cytoplasm,https://www.proteinatlas.org/search/rraB
P0AF93,ridA,Cytoplasm,https://www.proteinatlas.org/search/ridA
P0AF96,tabA,,https://www.proteinatlas.org/search/tabA
P0AFC7,nuoB,Cell inner membrane,https://www.proteinatlas.org/search/nuoB
P0AFD1,nuoE,,https://www.proteinatlas.org/search/nuoE
P0AFF6,nusA,Cytoplasm,https://www.proteinatlas.org/search/nusA
P0AFG0,nusG,,https://www.proteinatlas.org/search/nusG
P0AFG3,sucA,,https://www.proteinatlas.org/search/sucA
P0AFG6,sucB,,https://www.proteinatlas.org/search/sucB
P0AFG8,aceE,,https://www.proteinatlas.org/search/aceE
P0AFH8,osmY,Periplasm,https://www.proteinatlas.org/search/osmY
P0AFI2,parC,Cell membrane,https://www.proteinatlas.org/search/parC
P0AFI7,pdxH,,https://www.proteinatlas.org/search/pdxH
P0AFJ1,yjdM,,https://www.proteinatlas.org/search/yjdM
P0AFJ5,phoB,Cytoplasm,https://www.proteinatlas.org/search/phoB
P0AFK0,pmbA,Cytoplasm,https://www.proteinatlas.org/search/pmbA
P0AFK9,potD,Periplasm,https://www.proteinatlas.org/search/potD
P0AFL3,ppiA,Periplasm,https://www.proteinatlas.org/search/ppiA
P0AFM4,psiF,,https://www.proteinatlas.org/search/psiF
P0AFM6,pspA,Cytoplasm; Cell inner membrane,https://www.proteinatlas.org/search/pspA
P0AFP6,ybgI,,https://www.proteinatlas.org/search/ybgI
P0AFR4,yciO,,https://www.proteinatlas.org/search/yciO
P0AFU8,ribC,,https://www.proteinatlas.org/search/ribC
P0AFW4,rnk,,https://www.proteinatlas.org/search/rnk
P0AFW8,rof,,https://www.proteinatlas.org/search/rof
P0AFX0,hpf,,https://www.proteinatlas.org/search/hpf
P0AFX4,rsd,Cytoplasm,https://www.proteinatlas.org/search/rsd
P0AFX9,rseB,Periplasm,https://www.proteinatlas.org/search/rseB
P0AFY8,seqA,Cytoplasm,https://www.proteinatlas.org/search/seqA
P0AFZ1,sseB,,https://www.proteinatlas.org/search/sseB
P0AFZ3,sspB,,https://www.proteinatlas.org/search/sspB
P0AG07,rpe,,https://www.proteinatlas.org/search/rpe
P0AG16,purF,,https://www.proteinatlas.org/search/purF
P0AG18,purE,,https://www.proteinatlas.org/search/purE
P0AG30,rho,Cytoplasm,https://www.proteinatlas.org/search/rho
P0AG40,ribF,,https://www.proteinatlas.org/search/ribF
P0AG44,rplQ,,https://www.proteinatlas.org/search/rplQ
P0AG48,rplU,,https://www.proteinatlas.org/search/rplU
P0AG51,rpmD,,https://www.proteinatlas.org/search/rpmD
P0AG55,rplF,,https://www.proteinatlas.org/search/rplF
P0AG59,rpsN,,https://www.proteinatlas.org/search/rpsN
P0AG63,rpsQ,,https://www.proteinatlas.org/search/rpsQ
P0AG67,rpsA,Cytoplasm,https://www.proteinatlas.org/search/rpsA
P0AG80,ugpB,Periplasm,https://www.proteinatlas.org/search/ugpB
P0AG82,pstS,Periplasm,https://www.proteinatlas.org/search/pstS
P0AG84,yghA,,https://www.proteinatlas.org/search/yghA
P0AG86,secB,Cytoplasm,https://www.proteinatlas.org/search/secB
P0AGB0,serB,,https://www.proteinatlas.org/search/serB
P0AGB6,rpoE,Cytoplasm,https://www.proteinatlas.org/search/rpoE
P0AGC3,slt,Periplasm,https://www.proteinatlas.org/search/slt
P0AGD1,sodC,Periplasm,https://www.proteinatlas.org/search/sodC
P0AGD3,sodB,,https://www.proteinatlas.org/search/sodB
P0AGE0,ssb,,https://www.proteinatlas.org/search/ssb
P0AGE6,chrR,,https://www.proteinatlas.org/search/chrR
P0AGE9,sucD,,https://www.proteinatlas.org/search/sucD
P0AGG2,tesB,,https://www.proteinatlas.org/search/tesB
P0AGG4,trxC,Cytoplasm,https://www.proteinatlas.org/search/trxC
P0AGG8,tldD,,https://www.proteinatlas.org/search/tldD
P0AGJ5,yfiF,,https://www.proteinatlas.org/search/yfiF
P0AGJ9,tyrS,Cytoplasm,https://www.proteinatlas.org/search/tyrS
P0AGL7,rsmE,Cytoplasm,https://www.proteinatlas.org/search/rsmE
P0C018,rplR,,https://www.proteinatlas.org/search/rplR
P0C037,ppnP,,https://www.proteinatlas.org/search/ppnP
P0C074,YSF3,Nucleus,https://www.proteinatlas.org/search/YSF3
P0C0L2,osmC,Cytoplasm,https://www.proteinatlas.org/search/osmC
P0C0L4,C4A,"Secreted; Synapse; Cell projection, axon; Cell projection, dendrite; Secreted; Secreted; Cell surface",https://www.proteinatlas.org/search/C4A
P0C0L9,iscX,,https://www.proteinatlas.org/search/iscX
P0C0R7,rlmE,Cytoplasm,https://www.proteinatlas.org/search/rlmE
P0C0S5,H2AZ1,Nucleus; Chromosome,https://www.proteinatlas.org/search/H2AZ1
P0C0T4,RPS25B,Cytoplasm,https://www.proteinatlas.org/search/RPS25B
P0C0V0,degP,Cell inner membrane,https://www.proteinatlas.org/search/degP
P0C0V8,RPS21A,Cytoplasm,https://www.proteinatlas.org/search/RPS21A
P0C0W1,RPS22A,Cytoplasm,https://www.proteinatlas.org/search/RPS22A
P0C0W9,RPL11A,Cytoplasm; Nucleus,https://www.proteinatlas.org/search/RPL11A
P0C0X0,RPS28B,Cytoplasm,https://www.proteinatlas.org/search/RPS28B
P0C2H6,RPL27A,Cytoplasm,https://www.proteinatlas.org/search/RPL27A
P0C2H8,RPL31A,Cytoplasm,https://www.proteinatlas.org/search/RPL31A
P0C2H9,RPL31B,Cytoplasm,https://www.proteinatlas.org/search/RPL31B
P0C2I4,TY1A-H,Cytoplasm,https://www.proteinatlas.org/search/TY1A-H
P0C2I8,TY1A-LR4,Cytoplasm,https://www.proteinatlas.org/search/TY1A-LR4
P0C2J3,TY2B-LR1,Cytoplasm; Nucleus,https://www.proteinatlas.org/search/TY2B-LR1
P0C2W1,FBXO45,Secreted; Postsynaptic cell membrane; Presynaptic cell membrane; Nucleus,https://www.proteinatlas.org/search/FBXO45
P0C7L2,paaJ,,https://www.proteinatlas.org/search/paaJ
P0C7P4,UQCRFS1P1,Membrane,https://www.proteinatlas.org/search/UQCRFS1P1
P0C8J6,gatY,,https://www.proteinatlas.org/search/gatY
P0C8J8,gatZ,,https://www.proteinatlas.org/search/gatZ
P0CAP2,POLR2M,Nucleus,https://www.proteinatlas.org/search/POLR2M
P0CE47,tufA,Cytoplasm; Cell inner membrane,https://www.proteinatlas.org/search/tufA
P0CG12,DERPC,Nucleus,https://www.proteinatlas.org/search/DERPC
P0CG19,rph,,https://www.proteinatlas.org/search/rph
P0CG38,POTEI,,https://www.proteinatlas.org/search/POTEI
P0CG39,POTEJ,,https://www.proteinatlas.org/search/POTEJ
P0CG40,SP9,Nucleus,https://www.proteinatlas.org/search/SP9
P0CS90,SSC1,Mitochondrion matrix,https://www.proteinatlas.org/search/SSC1
P0CT04,PBI2,Cytoplasm,https://www.proteinatlas.org/search/PBI2
P0CX08,DSF1,,https://www.proteinatlas.org/search/DSF1
P0CX23,RPL20A,Cytoplasm,https://www.proteinatlas.org/search/RPL20A
P0CX25,RPL43A,Cytoplasm,https://www.proteinatlas.org/search/RPL43A
P0CX27,RPL42A,Cytoplasm,https://www.proteinatlas.org/search/RPL42A
P0CX29,RPS23A,Cytoplasm,https://www.proteinatlas.org/search/RPS23A
P0CX31,RPS24A,Cytoplasm,https://www.proteinatlas.org/search/RPS24A
P0CX33,RPS30A,Cytoplasm,https://www.proteinatlas.org/search/RPS30A
P0CX35,RPS4A,Cytoplasm,https://www.proteinatlas.org/search/RPS4A
P0CX37,RPS6A,"Cytoplasm; Nucleus, nucleolus",https://www.proteinatlas.org/search/RPS6A
P0CX39,RPS8A,Cytoplasm,https://www.proteinatlas.org/search/RPS8A
P0CX41,RPL23A,Cytoplasm,https://www.proteinatlas.org/search/RPL23A
P0CX43,RPL1A,Cytoplasm,https://www.proteinatlas.org/search/RPL1A
P0CX45,RPL2A,Cytoplasm,https://www.proteinatlas.org/search/RPL2A
P0CX47,RPS11A,Cytoplasm,https://www.proteinatlas.org/search/RPS11A
P0CX49,RPL18A,Cytoplasm,https://www.proteinatlas.org/search/RPL18A
P0CX51,RPS16A,Cytoplasm,https://www.proteinatlas.org/search/RPS16A
P0CX53,RPL12A,Cytoplasm,https://www.proteinatlas.org/search/RPL12A
P0CX55,RPS18A,Cytoplasm,https://www.proteinatlas.org/search/RPS18A
P0CX80,CUP1-1,,https://www.proteinatlas.org/search/CUP1-1
P0CX82,RPL19A,Cytoplasm,https://www.proteinatlas.org/search/RPL19A
P0CX84,RPL35A,Cytoplasm,https://www.proteinatlas.org/search/RPL35A
P0DMC7,rcsB,,https://www.proteinatlas.org/search/rcsB
P0DMM9,SULT1A3,Cytoplasm,https://www.proteinatlas.org/search/SULT1A3
P0DMU9,CT45A10,Nucleus,https://www.proteinatlas.org/search/CT45A10
P0DMV8,HSPA1A,"Cytoplasm; Nucleus; Cytoplasm, cytoskeleton, microtubule organizing center, centrosome; Secreted",https://www.proteinatlas.org/search/HSPA1A
P0DP23,CALM1,"Cytoplasm, cytoskeleton, spindle; Cytoplasm, cytoskeleton, spindle pole; Cytoplasm, cytoskeleton, microtubule organizing center, centrosome; Cell projection, cilium, flagellum",https://www.proteinatlas.org/search/CALM1
P0DPB6,POLR1D,"Nucleus; Nucleus, nucleolus",https://www.proteinatlas.org/search/POLR1D
P0DPD8,EEF1AKMT4-ECE2,"Golgi apparatus membrane; Cytoplasmic vesicle, secretory vesicle membrane",https://www.proteinatlas.org/search/EEF1AKMT4-ECE2
P0DPI2,GATD3,Mitochondrion matrix,https://www.proteinatlas.org/search/GATD3
P0DTT0,bipA,Cytoplasm,https://www.proteinatlas.org/search/bipA
P10080,SBP1,"Cytoplasm; Nucleus, nucleolus; Cytoplasm, P-body; Cytoplasm, Stress granule",https://www.proteinatlas.org/search/SBP1
P10081,TIF1,Cytoplasm,https://www.proteinatlas.org/search/TIF1
P10109,FDX1,Mitochondrion matrix,https://www.proteinatlas.org/search/FDX1
P10121,ftsY,Cell inner membrane; Cytoplasm,https://www.proteinatlas.org/search/ftsY
P10155,RO60,Cytoplasm,https://www.proteinatlas.org/search/RO60
P10176,COX8A,Mitochondrion inner membrane,https://www.proteinatlas.org/search/COX8A
P10356,YER152C,,https://www.proteinatlas.org/search/YER152C
P10371,hisA,Cytoplasm,https://www.proteinatlas.org/search/hisA
P10398,ARAF,,https://www.proteinatlas.org/search/ARAF
P10408,secA,Cell inner membrane; Cytoplasm,https://www.proteinatlas.org/search/secA
P10412,H1-4,Nucleus; Chromosome,https://www.proteinatlas.org/search/H1-4
P10507,MAS1,Mitochondrion matrix,https://www.proteinatlas.org/search/MAS1
P10515,DLAT,Mitochondrion matrix,https://www.proteinatlas.org/search/DLAT
P10588,NR2F6,Nucleus,https://www.proteinatlas.org/search/NR2F6
P10591,SSA1,"Cytoplasm; Secreted, cell wall",https://www.proteinatlas.org/search/SSA1
P10592,SSA2,"Cytoplasm; Secreted, cell wall",https://www.proteinatlas.org/search/SSA2
P10599,TXN,Nucleus; Cytoplasm; Secreted,https://www.proteinatlas.org/search/TXN
P10606,COX5B,Mitochondrion inner membrane,https://www.proteinatlas.org/search/COX5B
P10614,ERG11,Endoplasmic reticulum membrane,https://www.proteinatlas.org/search/ERG11
P10619,CTSA,Lysosome,https://www.proteinatlas.org/search/CTSA
P10620,MGST1,Endoplasmic reticulum membrane; Mitochondrion outer membrane,https://www.proteinatlas.org/search/MGST1
P10622,RPP1B,Cytoplasm,https://www.proteinatlas.org/search/RPP1B
P10644,PRKAR1A,Cell membrane,https://www.proteinatlas.org/search/PRKAR1A
P10659,SAM1,,https://www.proteinatlas.org/search/SAM1
P10662,MRP1,Mitochondrion,https://www.proteinatlas.org/search/MRP1
P10664,RPL4A,Cytoplasm; Nucleus,https://www.proteinatlas.org/search/RPL4A
P10746,UROS,"Cytoplasm, cytosol",https://www.proteinatlas.org/search/UROS
P10768,ESD,Cytoplasm; Cytoplasmic vesicle,https://www.proteinatlas.org/search/ESD
P10809,HSPD1,Mitochondrion matrix,https://www.proteinatlas.org/search/HSPD1
P10823,GPA2,Cell membrane,https://www.proteinatlas.org/search/GPA2
P10869,HOM3,,https://www.proteinatlas.org/search/HOM3
P10961,HSF1,Nucleus,https://www.proteinatlas.org/search/HSF1
P10962,MAK16,Nucleus,https://www.proteinatlas.org/search/MAK16
P10963,PCK1,,https://www.proteinatlas.org/search/PCK1
P10964,RPA190,"Nucleus, nucleolus",https://www.proteinatlas.org/search/RPA190
P11021,HSPA5,Endoplasmic reticulum lumen; Melanosome; Cytoplasm; Cell surface,https://www.proteinatlas.org/search/HSPA5
P11075,SEC7,"Cytoplasm; Golgi apparatus; Golgi apparatus, trans-Golgi network; Cytoplasmic vesicle, COPI-coated vesicle membrane; Cytoplasmic vesicle, COPII-coated vesicle membrane",https://www.proteinatlas.org/search/SEC7
P11076,ARF1,Golgi apparatus,https://www.proteinatlas.org/search/ARF1
P11142,HSPA8,"Cytoplasm; Melanosome; Nucleus, nucleolus; Cell membrane; Lysosome membrane",https://www.proteinatlas.org/search/HSPA8
P11154,PYC1,Cytoplasm,https://www.proteinatlas.org/search/PYC1
P11166,SLC2A1,Cell membrane; Melanosome; Photoreceptor inner segment,https://www.proteinatlas.org/search/SLC2A1
P11169,SLC2A3,Cell membrane; Perikaryon; Cell projection,https://www.proteinatlas.org/search/SLC2A3
P11171,EPB41,"Cytoplasm, cytoskeleton; Cytoplasm, cell cortex; Nucleus",https://www.proteinatlas.org/search/EPB41
P11172,UMPS,,https://www.proteinatlas.org/search/UMPS
P11177,PDHB,Mitochondrion matrix,https://www.proteinatlas.org/search/PDHB
P11182,DBT,Mitochondrion matrix,https://www.proteinatlas.org/search/DBT
P11216,PYGB,,https://www.proteinatlas.org/search/PYGB
P11233,RALA,"Cell membrane; Cleavage furrow; Midbody, Midbody ring; Mitochondrion",https://www.proteinatlas.org/search/RALA
P11234,RALB,Cell membrane; Midbody,https://www.proteinatlas.org/search/RALB
P11274,BCR,"Postsynaptic density; Cell projection, dendritic spine; Cell projection, axon; Synapse",https://www.proteinatlas.org/search/BCR
P11277,SPTB,"Cytoplasm, cytoskeleton; Cytoplasm, cell cortex",https://www.proteinatlas.org/search/SPTB
P11279,LAMP1,Lysosome membrane; Endosome membrane; Late endosome membrane; Cell membrane; Cytolytic granule membrane,https://www.proteinatlas.org/search/LAMP1
P11310,ACADM,Mitochondrion matrix,https://www.proteinatlas.org/search/ACADM
P11325,NAM2,Mitochondrion matrix,https://www.proteinatlas.org/search/NAM2
P11353,HEM13,Cytoplasm,https://www.proteinatlas.org/search/HEM13
P11387,TOP1,"Nucleus, nucleolus; Nucleus, nucleoplasm",https://www.proteinatlas.org/search/TOP1
P11388,TOP2A,"Cytoplasm; Nucleus, nucleoplasm; Nucleus; Nucleus, nucleolus",https://www.proteinatlas.org/search/TOP2A
P11412,ZWF1,,https://www.proteinatlas.org/search/ZWF1
P11413,G6PD,"Cytoplasm, cytosol; Membrane",https://www.proteinatlas.org/search/G6PD
P11433,CDC24,,https://www.proteinatlas.org/search/CDC24
P11441,UBL4A,"Cytoplasm, cytosol; Nucleus",https://www.proteinatlas.org/search/UBL4A
P11447,argH,Cytoplasm,https://www.proteinatlas.org/search/argH
P11474,ESRRA,Nucleus; Cytoplasm,https://www.proteinatlas.org/search/ESRRA
P11484,SSB1,Cytoplasm,https://www.proteinatlas.org/search/SSB1
P11491,PHO8,Vacuole membrane; Cytoplasm,https://www.proteinatlas.org/search/PHO8
P11498,PC,Mitochondrion matrix,https://www.proteinatlas.org/search/PC
P11532,DMD,"Cell membrane, sarcolemma; Cytoplasm, cytoskeleton; Postsynaptic cell membrane",https://www.proteinatlas.org/search/DMD
P11586,MTHFD1,Cytoplasm,https://www.proteinatlas.org/search/MTHFD1
P11632,NHP6A,Nucleus; Chromosome,https://www.proteinatlas.org/search/NHP6A
P11633,NHP6B,Nucleus; Chromosome,https://www.proteinatlas.org/search/NHP6B
P11655,SEC12,"Endoplasmic reticulum membrane; Golgi apparatus, cis-Golgi network membrane",https://www.proteinatlas.org/search/SEC12
P11709,BIK1,"Cytoplasm, cytoskeleton, microtubule organizing center, spindle pole body; Cytoplasm, cytoskeleton, spindle; Cytoplasm",https://www.proteinatlas.org/search/BIK1
P11717,IGF2R,Golgi apparatus membrane; Endosome membrane,https://www.proteinatlas.org/search/IGF2R
P11745,RNA1,Cytoplasm,https://www.proteinatlas.org/search/RNA1
P11766,ADH5,Cytoplasm,https://www.proteinatlas.org/search/ADH5
P11792,SCH9,,https://www.proteinatlas.org/search/SCH9
P11802,CDK4,Cytoplasm; Nucleus; Nucleus membrane,https://www.proteinatlas.org/search/CDK4
P11875,argS,Cytoplasm,https://www.proteinatlas.org/search/argS
P11880,murF,Cytoplasm,https://www.proteinatlas.org/search/murF
P11908,PRPS2,,https://www.proteinatlas.org/search/PRPS2
P11914,MAS2,Mitochondrion matrix,https://www.proteinatlas.org/search/MAS2
P11938,RAP1,"Nucleus; Chromosome, telomere",https://www.proteinatlas.org/search/RAP1
P11940,PABPC1,"Cytoplasm; Cytoplasm, Stress granule; Nucleus; Cell projection, lamellipodium",https://www.proteinatlas.org/search/PABPC1
P11978,SIR4,Nucleus,https://www.proteinatlas.org/search/SIR4
P12004,PCNA,Nucleus,https://www.proteinatlas.org/search/PCNA
P12008,aroC,,https://www.proteinatlas.org/search/aroC
P12036,NEFH,"Cytoplasm, cytoskeleton; Cell projection, axon",https://www.proteinatlas.org/search/NEFH
P12074,COX6A1,Mitochondrion inner membrane,https://www.proteinatlas.org/search/COX6A1
P12081,HARS1,Cytoplasm,https://www.proteinatlas.org/search/HARS1
P12235,SLC25A4,Mitochondrion inner membrane; Membrane,https://www.proteinatlas.org/search/SLC25A4
P12236,SLC25A6,Mitochondrion inner membrane; Membrane,https://www.proteinatlas.org/search/SLC25A6
P12259,F5,Secreted,https://www.proteinatlas.org/search/F5
P12268,IMPDH2,"Cytoplasm; Nucleus; Cytoplasm, cytosol",https://www.proteinatlas.org/search/IMPDH2
P12270,TPR,"Nucleus; Nucleus membrane; Nucleus envelope; Nucleus, nuclear pore complex; Cytoplasm; Cytoplasm, cytoskeleton, spindle; Chromosome, centromere, kinetochore; Nucleus membrane",https://www.proteinatlas.org/search/TPR
P12277,CKB,"Cytoplasm, cytosol; Mitochondrion; Cell membrane",https://www.proteinatlas.org/search/CKB
P12281,moeA,,https://www.proteinatlas.org/search/moeA
P12282,moeB,,https://www.proteinatlas.org/search/moeB
P12318,FCGR2A,Cell membrane,https://www.proteinatlas.org/search/FCGR2A
P12383,PDR1,Nucleus,https://www.proteinatlas.org/search/PDR1
P12385,SUP45,Cytoplasm,https://www.proteinatlas.org/search/SUP45
P12429,ANXA3,,https://www.proteinatlas.org/search/ANXA3
P12532,CKMT1A,Mitochondrion inner membrane,https://www.proteinatlas.org/search/CKMT1A
P12611,WHI2,,https://www.proteinatlas.org/search/WHI2
P12612,TCP1,Cytoplasm,https://www.proteinatlas.org/search/TCP1
P12630,BAR1,Secreted,https://www.proteinatlas.org/search/BAR1
P12683,HMG1,Endoplasmic reticulum membrane; Nucleus envelope,https://www.proteinatlas.org/search/HMG1
P12684,HMG2,Endoplasmic reticulum membrane; Nucleus envelope,https://www.proteinatlas.org/search/HMG2
P12687,MRP7,Mitochondrion,https://www.proteinatlas.org/search/MRP7
P12688,YPK1,Cytoplasm; Cell membrane,https://www.proteinatlas.org/search/YPK1
P12694,BCKDHA,Mitochondrion matrix,https://www.proteinatlas.org/search/BCKDHA
P12695,LAT1,Mitochondrion matrix,https://www.proteinatlas.org/search/LAT1
P12709,PGI1,"Cytoplasm, cytosol",https://www.proteinatlas.org/search/PGI1
P12753,RAD50,Nucleus; Chromosome,https://www.proteinatlas.org/search/RAD50
P12754,GCD2,"Cytoplasm, cytosol",https://www.proteinatlas.org/search/GCD2
P12755,SKI,Nucleus,https://www.proteinatlas.org/search/SKI
P12758,udp,Cytoplasm,https://www.proteinatlas.org/search/udp
P12814,ACTN1,"Cytoplasm, cytoskeleton; Cytoplasm, myofibril, sarcomere, Z line; Cell membrane; Cell junction; Cell projection, ruffle",https://www.proteinatlas.org/search/ACTN1
P12829,MYL4,,https://www.proteinatlas.org/search/MYL4
P12868,PEP5,Vacuole membrane,https://www.proteinatlas.org/search/PEP5
P12887,UNG1,Mitochondrion; Nucleus,https://www.proteinatlas.org/search/UNG1
P12904,SNF4,Nucleus; Cytoplasm,https://www.proteinatlas.org/search/SNF4
P12945,NAT1,Cytoplasm,https://www.proteinatlas.org/search/NAT1
P12955,PEPD,,https://www.proteinatlas.org/search/PEPD
P12956,XRCC6,Nucleus; Chromosome; Cytoplasm,https://www.proteinatlas.org/search/XRCC6
P12962,CAF20,Cytoplasm,https://www.proteinatlas.org/search/CAF20
P12994,ybhB,Cytoplasm,https://www.proteinatlas.org/search/ybhB
P12995,bioA,Cytoplasm,https://www.proteinatlas.org/search/bioA
P12996,bioB,,https://www.proteinatlas.org/search/bioB
P13000,bioD1,Cytoplasm,https://www.proteinatlas.org/search/bioD1
P13009,metH,,https://www.proteinatlas.org/search/metH
P13010,XRCC5,"Nucleus; Nucleus, nucleolus; Chromosome",https://www.proteinatlas.org/search/XRCC5
P13016,ampD,Cytoplasm,https://www.proteinatlas.org/search/ampD
P13024,fdhE,Cytoplasm,https://www.proteinatlas.org/search/fdhE
P13029,katG,,https://www.proteinatlas.org/search/katG
P13033,glpB,Cell inner membrane,https://www.proteinatlas.org/search/glpB
P13035,glpD,Cytoplasm,https://www.proteinatlas.org/search/glpD
P13073,COX4I1,Mitochondrion inner membrane,https://www.proteinatlas.org/search/COX4I1
P13130,SPS100,,https://www.proteinatlas.org/search/SPS100
P13185,KIN1,Cytoplasm; Cell membrane,https://www.proteinatlas.org/search/KIN1
P13186,KIN2,Cytoplasm; Cell membrane,https://www.proteinatlas.org/search/KIN2
P13188,GLN4,,https://www.proteinatlas.org/search/GLN4
P13196,ALAS1,Mitochondrion inner membrane,https://www.proteinatlas.org/search/ALAS1
P13224,GP1BB,Membrane,https://www.proteinatlas.org/search/GP1BB
P13259,PCT1,Membrane,https://www.proteinatlas.org/search/PCT1
P13284,IFI30,Secreted; Lysosome,https://www.proteinatlas.org/search/IFI30
P13298,URA5,,https://www.proteinatlas.org/search/URA5
P13382,POL1,Nucleus,https://www.proteinatlas.org/search/POL1
P13393,SPT15,Nucleus,https://www.proteinatlas.org/search/SPT15
P13433,RPO41,Mitochondrion,https://www.proteinatlas.org/search/RPO41
P13445,rpoS,Cytoplasm,https://www.proteinatlas.org/search/rpoS
P13473,LAMP2,"Lysosome membrane; Endosome membrane; Cell membrane; Cytoplasmic vesicle, autophagosome membrane",https://www.proteinatlas.org/search/LAMP2
P13482,treA,Periplasm,https://www.proteinatlas.org/search/treA
P13489,RNH1,Cytoplasm; Nucleus,https://www.proteinatlas.org/search/RNH1
P13517,CAP2,"Cytoplasm, cytoskeleton, actin patch; Bud; Bud tip; Cytoplasm, cytoskeleton",https://www.proteinatlas.org/search/CAP2
P13574,STE12,Nucleus,https://www.proteinatlas.org/search/STE12
P13586,PMR1,Golgi apparatus membrane,https://www.proteinatlas.org/search/PMR1
P13587,ENA1,Cell membrane,https://www.proteinatlas.org/search/ENA1
P13598,ICAM2,"Cell membrane; Cell projection, microvillus",https://www.proteinatlas.org/search/ICAM2
P13639,EEF2,Cytoplasm; Nucleus,https://www.proteinatlas.org/search/EEF2
P13645,KRT10,"Secreted, extracellular space; Cell surface; Cytoplasm",https://www.proteinatlas.org/search/KRT10
P13663,HOM2,"Cytoplasm, cytosol; Nucleus",https://www.proteinatlas.org/search/HOM2
P13667,PDIA4,Endoplasmic reticulum lumen; Melanosome,https://www.proteinatlas.org/search/PDIA4
P13674,P4HA1,Endoplasmic reticulum lumen,https://www.proteinatlas.org/search/P4HA1
P13693,TPT1,Cytoplasm,https://www.proteinatlas.org/search/TPT1
P13712,MSI1,Cytoplasm; Nucleus,https://www.proteinatlas.org/search/MSI1
P13716,ALAD,"Cytoplasm, cytosol",https://www.proteinatlas.org/search/ALAD
P13796,LCP1,"Cytoplasm, cytoskeleton; Cell junction; Cell projection; Cell projection, ruffle membrane",https://www.proteinatlas.org/search/LCP1
P13797,PLS3,Cytoplasm,https://www.proteinatlas.org/search/PLS3
P13798,APEH,Cytoplasm,https://www.proteinatlas.org/search/APEH
P13804,ETFA,Mitochondrion matrix,https://www.proteinatlas.org/search/ETFA
P13807,GYS1,,https://www.proteinatlas.org/search/GYS1
P13856,RSR1,Cell membrane,https://www.proteinatlas.org/search/RSR1
P13857,rimL,Cytoplasm,https://www.proteinatlas.org/search/rimL
P13861,PRKAR2A,Cytoplasm; Cell membrane,https://www.proteinatlas.org/search/PRKAR2A
P13929,ENO3,Cytoplasm,https://www.proteinatlas.org/search/ENO3
P13984,GTF2F2,Nucleus,https://www.proteinatlas.org/search/GTF2F2
P13987,CD59,Cell membrane; Secreted,https://www.proteinatlas.org/search/CD59
P13995,MTHFD2,Mitochondrion,https://www.proteinatlas.org/search/MTHFD2
P14020,DPM1,Endoplasmic reticulum membrane,https://www.proteinatlas.org/search/DPM1
P14065,GCY1,Cytoplasm,https://www.proteinatlas.org/search/GCY1
P14081,selB,Cytoplasm,https://www.proteinatlas.org/search/selB
P14120,RPL30,Cytoplasm,https://www.proteinatlas.org/search/RPL30
P14126,RPL3,Cytoplasm,https://www.proteinatlas.org/search/RPL3
P14164,ABF1,Nucleus,https://www.proteinatlas.org/search/ABF1
P14174,MIF,Secreted; Cytoplasm,https://www.proteinatlas.org/search/MIF
P14306,TFS1,Cytoplasm,https://www.proteinatlas.org/search/TFS1
P14314,PRKCSH,Endoplasmic reticulum,https://www.proteinatlas.org/search/PRKCSH
P14317,HCLS1,Membrane; Cytoplasm; Mitochondrion,https://www.proteinatlas.org/search/HCLS1
P14324,FDPS,Cytoplasm,https://www.proteinatlas.org/search/FDPS
P14359,SNA3,Membrane; Late endosome membrane; Vacuole lumen; Cytoplasmic vesicle membrane,https://www.proteinatlas.org/search/SNA3
P14373,TRIM27,"Nucleus; Cytoplasm; Nucleus, PML body; Early endosome; Mitochondrion",https://www.proteinatlas.org/search/TRIM27
P14406,COX7A2,Mitochondrion inner membrane,https://www.proteinatlas.org/search/COX7A2
P14540,FBA1,,https://www.proteinatlas.org/search/FBA1
P14550,AKR1A1,"Cytoplasm, cytosol; Apical cell membrane",https://www.proteinatlas.org/search/AKR1A1
P14618,PKM,Cytoplasm; Nucleus; Cytoplasm,https://www.proteinatlas.org/search/PKM
P14625,HSP90B1,Endoplasmic reticulum lumen; Sarcoplasmic reticulum lumen; Melanosome,https://www.proteinatlas.org/search/HSP90B1
P14635,CCNB1,"Cytoplasm; Nucleus; Cytoplasm, cytoskeleton, microtubule organizing center, centrosome",https://www.proteinatlas.org/search/CCNB1
P14678,SNRPB,"Cytoplasm, cytosol; Nucleus",https://www.proteinatlas.org/search/SNRPB
P14680,YAK1,Cytoplasm; Nucleus,https://www.proteinatlas.org/search/YAK1
P14682,CDC34,Cytoplasm; Nucleus,https://www.proteinatlas.org/search/CDC34
P14693,SAM35,Mitochondrion outer membrane,https://www.proteinatlas.org/search/SAM35
P14735,IDE,"Cytoplasm, cytosol; Cell membrane; Secreted",https://www.proteinatlas.org/search/IDE
P14741,GCN3,"Cytoplasm, cytosol",https://www.proteinatlas.org/search/GCN3
P14742,GFA1,,https://www.proteinatlas.org/search/GFA1
P14743,NMT1,Cytoplasm,https://www.proteinatlas.org/search/NMT1
P14747,CMP2,,https://www.proteinatlas.org/search/CMP2
P14772,BPT1,Vacuole membrane,https://www.proteinatlas.org/search/BPT1
P14832,CPR1,Cytoplasm; Nucleus; Mitochondrion intermembrane space,https://www.proteinatlas.org/search/CPR1
P14843,ARO3,Cytoplasm,https://www.proteinatlas.org/search/ARO3
P14854,COX6B1,Mitochondrion inner membrane,https://www.proteinatlas.org/search/COX6B1
P14859,POU2F1,Nucleus,https://www.proteinatlas.org/search/POU2F1
P14866,HNRNPL,"Nucleus, nucleoplasm; Cytoplasm",https://www.proteinatlas.org/search/HNRNPL
P14868,DARS1,"Cytoplasm, cytosol",https://www.proteinatlas.org/search/DARS1
P14900,murD,Cytoplasm,https://www.proteinatlas.org/search/murD
P14904,APE1,Vacuole,https://www.proteinatlas.org/search/APE1
P14906,SEC63,Endoplasmic reticulum membrane; Nucleus membrane; Nucleus inner membrane,https://www.proteinatlas.org/search/SEC63
P14907,NSP1,"Nucleus, nuclear pore complex; Nucleus membrane; Nucleus membrane",https://www.proteinatlas.org/search/NSP1
P14908,MTF1,Mitochondrion intermembrane space,https://www.proteinatlas.org/search/MTF1
P14922,CYC8,Nucleus,https://www.proteinatlas.org/search/CYC8
P14923,JUP,"Cell junction, adherens junction; Cell junction, desmosome; Cytoplasm, cytoskeleton; Cell membrane; Cytoplasm; Cell junction; Nucleus; Cell projection, axon",https://www.proteinatlas.org/search/JUP
P14927,UQCRB,Mitochondrion inner membrane,https://www.proteinatlas.org/search/UQCRB
P15019,TAL1,,https://www.proteinatlas.org/search/TAL1
P15028,fecB,Periplasm,https://www.proteinatlas.org/search/fecB
P15034,pepP,Cytoplasm,https://www.proteinatlas.org/search/pepP
P15042,ligA,,https://www.proteinatlas.org/search/ligA
P15056,BRAF,Nucleus; Cytoplasm; Cell membrane,https://www.proteinatlas.org/search/BRAF
P15067,glgX,,https://www.proteinatlas.org/search/glgX
P15070,fliN,Cell inner membrane; Bacterial flagellum basal body,https://www.proteinatlas.org/search/fliN
P15085,CPA1,Secreted,https://www.proteinatlas.org/search/CPA1
P15104,GLUL,"Cytoplasm, cytosol; Microsome; Mitochondrion; Cell membrane",https://www.proteinatlas.org/search/GLUL
P15108,HSC82,Cytoplasm; Mitochondrion,https://www.proteinatlas.org/search/HSC82
P15153,RAC2,Cytoplasm,https://www.proteinatlas.org/search/RAC2
P15170,GSPT1,,https://www.proteinatlas.org/search/GSPT1
P15180,KRS1,Cytoplasm,https://www.proteinatlas.org/search/KRS1
P15254,purL,Cytoplasm,https://www.proteinatlas.org/search/purL
P15274,AMD1,,https://www.proteinatlas.org/search/AMD1
P15288,pepD,,https://www.proteinatlas.org/search/pepD
P15303,SEC23,"Cytoplasmic vesicle, COPII-coated vesicle membrane; Cytoplasm; Endoplasmic reticulum membrane; Golgi apparatus membrane",https://www.proteinatlas.org/search/SEC23
P15311,EZR,"Apical cell membrane; Cell projection; Cell projection, microvillus membrane; Cell projection, ruffle membrane; Cytoplasm, cell cortex; Cytoplasm, cytoskeleton; Cell projection, microvillus",https://www.proteinatlas.org/search/EZR
P15315,CUP2,Nucleus,https://www.proteinatlas.org/search/CUP2
P15336,ATF2,Nucleus; Cytoplasm; Mitochondrion outer membrane,https://www.proteinatlas.org/search/ATF2
P15367,SEC11,Endoplasmic reticulum membrane,https://www.proteinatlas.org/search/SEC11
P15373,prlF,Cytoplasm,https://www.proteinatlas.org/search/prlF
P15374,UCHL3,Cytoplasm,https://www.proteinatlas.org/search/UCHL3
P15424,MSS116,Mitochondrion matrix,https://www.proteinatlas.org/search/MSS116
P15442,GCN2,Cytoplasm,https://www.proteinatlas.org/search/GCN2
P15454,GUK1,,https://www.proteinatlas.org/search/GUK1
P15496,IDI1,Cytoplasm,https://www.proteinatlas.org/search/IDI1
P15498,VAV1,,https://www.proteinatlas.org/search/VAV1
P15531,NME1,Cytoplasm; Nucleus; Cell membrane,https://www.proteinatlas.org/search/NME1
P15559,NQO1,"Cytoplasm, cytosol",https://www.proteinatlas.org/search/NQO1
P15565,TRM1,Mitochondrion; Mitochondrion; Nucleus inner membrane,https://www.proteinatlas.org/search/TRM1
P15586,GNS,Lysosome,https://www.proteinatlas.org/search/GNS
P15624,FRS1,Cytoplasm,https://www.proteinatlas.org/search/FRS1
P15625,FRS2,Cytoplasm,https://www.proteinatlas.org/search/FRS2
P15639,purH,,https://www.proteinatlas.org/search/purH
P15640,purD,,https://www.proteinatlas.org/search/purD
P15646,NOP1,"Nucleus, nucleolus",https://www.proteinatlas.org/search/NOP1
P15700,URA6,Cytoplasm; Nucleus,https://www.proteinatlas.org/search/URA6
P15703,BGL2,"Secreted, cell wall",https://www.proteinatlas.org/search/BGL2
P15705,STI1,Cytoplasm; Nucleus,https://www.proteinatlas.org/search/STI1
P15731,UBC4,,https://www.proteinatlas.org/search/UBC4
P15735,PHKG2,,https://www.proteinatlas.org/search/PHKG2
P15770,aroE,,https://www.proteinatlas.org/search/aroE
P15790,CKA1,,https://www.proteinatlas.org/search/CKA1
P15873,POL30,Nucleus,https://www.proteinatlas.org/search/POL30
P15880,RPS2,"Cytoplasm; Nucleus, nucleolus",https://www.proteinatlas.org/search/RPS2
P15891,ABP1,"Cytoplasm, cytoskeleton, actin patch",https://www.proteinatlas.org/search/ABP1
P15923,TCF3,Nucleus,https://www.proteinatlas.org/search/TCF3
P15927,RPA2,"Nucleus; Nucleus, PML body",https://www.proteinatlas.org/search/RPA2
P15954,COX7C,Mitochondrion inner membrane,https://www.proteinatlas.org/search/COX7C
P15976,GATA1,Nucleus,https://www.proteinatlas.org/search/GATA1
P15977,malQ,Cytoplasm,https://www.proteinatlas.org/search/malQ
P15992,HSP26,,https://www.proteinatlas.org/search/HSP26
P16083,NQO2,Cytoplasm,https://www.proteinatlas.org/search/NQO2
P16095,sdaA,,https://www.proteinatlas.org/search/sdaA
P16120,THR4,,https://www.proteinatlas.org/search/THR4
P16140,VMA2,Vacuole membrane,https://www.proteinatlas.org/search/VMA2
P16150,SPN,"Membrane; Cell projection, microvillus; Cell projection, uropodium; Nucleus; Nucleus, PML body",https://www.proteinatlas.org/search/SPN
P16152,CBR1,Cytoplasm,https://www.proteinatlas.org/search/CBR1
P16157,ANK1,"Cytoplasm, cytoskeleton; Membrane; Cytoplasm, myofibril, sarcomere, M line; Sarcoplasmic reticulum; Sarcoplasmic reticulum; Sarcoplasmic reticulum",https://www.proteinatlas.org/search/ANK1
P16219,ACADS,Mitochondrion matrix,https://www.proteinatlas.org/search/ACADS
P16220,CREB1,Nucleus,https://www.proteinatlas.org/search/CREB1
P16278,GLB1,"Lysosome; Cytoplasm, perinuclear region",https://www.proteinatlas.org/search/GLB1
P16333,NCK1,Cytoplasm; Endoplasmic reticulum; Nucleus,https://www.proteinatlas.org/search/NCK1
P16370,RPB3,Nucleus,https://www.proteinatlas.org/search/RPB3
P16387,PDA1,Mitochondrion matrix,https://www.proteinatlas.org/search/PDA1
P16401,H1-5,Nucleus; Chromosome,https://www.proteinatlas.org/search/H1-5
P16402,H1-3,Nucleus; Chromosome,https://www.proteinatlas.org/search/H1-3
P16403,H1-2,"Nucleus; Nucleus, nucleolus; Chromosome",https://www.proteinatlas.org/search/H1-2
P16422,EPCAM,"Lateral cell membrane; Cell junction, tight junction",https://www.proteinatlas.org/search/EPCAM
P16435,POR,Endoplasmic reticulum membrane,https://www.proteinatlas.org/search/POR
P16451,PDX1,Mitochondrion matrix,https://www.proteinatlas.org/search/PDX1
P16456,selD,,https://www.proteinatlas.org/search/selD
P16467,PDC5,Cytoplasm; Nucleus,https://www.proteinatlas.org/search/PDC5
P16474,KAR2,Endoplasmic reticulum lumen,https://www.proteinatlas.org/search/KAR2
P16521,YEF3,"Cytoplasm, cytosol",https://www.proteinatlas.org/search/YEF3
P16528,iclR,,https://www.proteinatlas.org/search/iclR
P16547,OM45,Mitochondrion outer membrane,https://www.proteinatlas.org/search/OM45
P16550,APA1,Cytoplasm; Nucleus,https://www.proteinatlas.org/search/APA1
P16603,NCP1,Endoplasmic reticulum membrane; Mitochondrion outer membrane; Cell membrane,https://www.proteinatlas.org/search/NCP1
P16615,ATP2A2,Endoplasmic reticulum membrane; Sarcoplasmic reticulum membrane,https://www.proteinatlas.org/search/ATP2A2
P16622,HEM15,Mitochondrion inner membrane,https://www.proteinatlas.org/search/HEM15
P16649,TUP1,Nucleus,https://www.proteinatlas.org/search/TUP1
P16659,proS,Cytoplasm,https://www.proteinatlas.org/search/proS
P16661,ALG1,Endoplasmic reticulum membrane,https://www.proteinatlas.org/search/ALG1
P16681,yjdN,,https://www.proteinatlas.org/search/yjdN
P16700,cysP,Periplasm,https://www.proteinatlas.org/search/cysP
P16703,cysM,,https://www.proteinatlas.org/search/cysM
P16861,PFK1,Cytoplasm; Mitochondrion outer membrane,https://www.proteinatlas.org/search/PFK1
P16862,PFK2,Cytoplasm; Mitochondrion outer membrane,https://www.proteinatlas.org/search/PFK2
P16930,FAH,,https://www.proteinatlas.org/search/FAH
P16949,STMN1,"Cytoplasm, cytoskeleton",https://www.proteinatlas.org/search/STMN1
P16965,STF2,Mitochondrion; Cytoplasm,https://www.proteinatlas.org/search/STF2
P16989,YBX3,Cytoplasm; Nucleus,https://www.proteinatlas.org/search/YBX3
P17028,ZNF24,Nucleus,https://www.proteinatlas.org/search/ZNF24
P17050,NAGA,Lysosome,https://www.proteinatlas.org/search/NAGA
P17065,SEC2,"Bud neck; Bud tip; Cytoplasmic vesicle, secretory vesicle",https://www.proteinatlas.org/search/SEC2
P17066,HSPA6,,https://www.proteinatlas.org/search/HSPA6
P17076,RPL8A,Cytoplasm,https://www.proteinatlas.org/search/RPL8A
P17096,HMGA1,Nucleus; Chromosome,https://www.proteinatlas.org/search/HMGA1
P17106,CBF1,"Nucleus; Mitochondrion; Chromosome, centromere",https://www.proteinatlas.org/search/CBF1
P17115,gutQ,,https://www.proteinatlas.org/search/gutQ
P17117,nfsA,,https://www.proteinatlas.org/search/nfsA
P17121,SAC7,"Cytoplasm, cytoskeleton",https://www.proteinatlas.org/search/SAC7
P17152,TMEM11,Mitochondrion inner membrane,https://www.proteinatlas.org/search/TMEM11
P17157,PHO85,Cytoplasm; Nucleus,https://www.proteinatlas.org/search/PHO85
P17169,glmS,Cytoplasm,https://www.proteinatlas.org/search/glmS
P17174,GOT1,Cytoplasm,https://www.proteinatlas.org/search/GOT1
P17252,PRKCA,Cytoplasm; Cell membrane; Mitochondrion membrane; Nucleus,https://www.proteinatlas.org/search/PRKCA
P17255,VMA1,Vacuole membrane,https://www.proteinatlas.org/search/VMA1
P17423,THR1,,https://www.proteinatlas.org/search/THR1
P17442,PHO81,Cytoplasm; Nucleus,https://www.proteinatlas.org/search/PHO81
P17480,UBTF,"Nucleus, nucleolus",https://www.proteinatlas.org/search/UBTF
P17482,HOXB9,Nucleus,https://www.proteinatlas.org/search/HOXB9
P17483,HOXB4,Nucleus,https://www.proteinatlas.org/search/HOXB4
P17505,MDH1,Mitochondrion matrix,https://www.proteinatlas.org/search/MDH1
P17535,JUND,Nucleus,https://www.proteinatlas.org/search/JUND
P17536,TPM1,"Cytoplasm, cytoskeleton",https://www.proteinatlas.org/search/TPM1
P17542,TAL1,Nucleus,https://www.proteinatlas.org/search/TAL1
P17544,ATF7,"Nucleus; Nucleus, nucleoplasm; Chromosome, telomere; Cytoplasm",https://www.proteinatlas.org/search/ATF7
P17555,SRV2,"Cytoplasm, cytoskeleton, actin patch",https://www.proteinatlas.org/search/SRV2
P17568,NDUFB7,Mitochondrion inner membrane; Mitochondrion intermembrane space,https://www.proteinatlas.org/search/NDUFB7
P17612,PRKACA,"Cytoplasm; Cell membrane; Membrane; Nucleus; Mitochondrion; Cell projection, cilium, flagellum; Cytoplasmic vesicle, secretory vesicle, acrosome",https://www.proteinatlas.org/search/PRKACA
P17629,HPR1,Nucleus,https://www.proteinatlas.org/search/HPR1
P17649,UGA1,Cytoplasm,https://www.proteinatlas.org/search/UGA1
P17655,CAPN2,Cytoplasm; Cell membrane,https://www.proteinatlas.org/search/CAPN2
P17695,GRX2,Cytoplasm; Mitochondrion,https://www.proteinatlas.org/search/GRX2
P17706,PTPN2,Endoplasmic reticulum; Endoplasmic reticulum-Golgi intermediate compartment; Nucleus; Cytoplasm; Cell membrane,https://www.proteinatlas.org/search/PTPN2
P17707,AMD1,,https://www.proteinatlas.org/search/AMD1
P17709,GLK1,,https://www.proteinatlas.org/search/GLK1
P17812,CTPS1,"Cytoplasm, cytosol; Nucleus; Chromosome",https://www.proteinatlas.org/search/CTPS1
P17844,DDX5,"Nucleus; Nucleus, nucleolus; Nucleus speckle; Cytoplasm",https://www.proteinatlas.org/search/DDX5
P17846,cysI,,https://www.proteinatlas.org/search/cysI
P17854,cysH,Cytoplasm,https://www.proteinatlas.org/search/cysH
P17858,PFKL,Cytoplasm,https://www.proteinatlas.org/search/PFKL
P17883,SKI3,Cytoplasm; Nucleus,https://www.proteinatlas.org/search/SKI3
P17890,RPC31,Nucleus,https://www.proteinatlas.org/search/RPC31
P17891,CLC1,"Cytoplasmic vesicle membrane; Membrane, coated pit",https://www.proteinatlas.org/search/CLC1
P17898,CPT1,Microsome membrane; Endoplasmic reticulum membrane; Mitochondrion outer membrane,https://www.proteinatlas.org/search/CPT1
P17948,FLT1,Cell membrane; Endosome; Secreted; Secreted; Secreted; Cytoplasm; Cytoplasm; Cytoplasm,https://www.proteinatlas.org/search/FLT1
P17952,murC,Cytoplasm,https://www.proteinatlas.org/search/murC
P17967,PDI1,Endoplasmic reticulum lumen,https://www.proteinatlas.org/search/PDI1
P17980,PSMC3,Cytoplasm; Nucleus,https://www.proteinatlas.org/search/PSMC3
P17987,TCP1,"Cytoplasm, cytosol; Cytoplasm, cytoskeleton, microtubule organizing center, centrosome",https://www.proteinatlas.org/search/TCP1
P17993,ubiG,Cytoplasm,https://www.proteinatlas.org/search/ubiG
P18031,PTPN1,Endoplasmic reticulum membrane,https://www.proteinatlas.org/search/PTPN1
P18074,ERCC2,"Nucleus; Cytoplasm, cytoskeleton, spindle",https://www.proteinatlas.org/search/ERCC2
P18077,RPL35A,Cytoplasm,https://www.proteinatlas.org/search/RPL35A
P18085,ARF4,Golgi apparatus; Membrane,https://www.proteinatlas.org/search/ARF4
P18124,RPL7,Cytoplasm,https://www.proteinatlas.org/search/RPL7
P18133,pncB,,https://www.proteinatlas.org/search/pncB
P18196,minC,,https://www.proteinatlas.org/search/minC
P18206,VCL,"Cell membrane; Cell junction, adherens junction; Cell junction, focal adhesion; Cytoplasm, cytoskeleton; Cell membrane, sarcolemma; Cell projection, podosome; Cytoplasm, perinuclear region",https://www.proteinatlas.org/search/VCL
P18239,PET9,Mitochondrion inner membrane; Peroxisome membrane,https://www.proteinatlas.org/search/PET9
P18390,yjjA,,https://www.proteinatlas.org/search/yjjA
P18409,MDM10,Mitochondrion outer membrane,https://www.proteinatlas.org/search/MDM10
P18411,FUN14,Membrane,https://www.proteinatlas.org/search/FUN14
P18433,PTPRA,"Cell membrane; Cell junction, focal adhesion",https://www.proteinatlas.org/search/PTPRA
P18440,NAT1,Cytoplasm,https://www.proteinatlas.org/search/NAT1
P18480,SNF5,Nucleus,https://www.proteinatlas.org/search/SNF5
P18496,ATP10,Mitochondrion inner membrane,https://www.proteinatlas.org/search/ATP10
P18562,FUR1,,https://www.proteinatlas.org/search/FUR1
P18583,SON,Nucleus speckle,https://www.proteinatlas.org/search/SON
P18615,NELFE,Nucleus; Chromosome,https://www.proteinatlas.org/search/NELFE
P18621,RPL17,Cytoplasm,https://www.proteinatlas.org/search/RPL17
P18634,ART10,Cytoplasm,https://www.proteinatlas.org/search/ART10
P18669,PGAM1,,https://www.proteinatlas.org/search/PGAM1
P18754,RCC1,Nucleus; Chromosome; Cytoplasm,https://www.proteinatlas.org/search/RCC1
P18759,SEC18,Cytoplasm,https://www.proteinatlas.org/search/SEC18
P18843,nadE,,https://www.proteinatlas.org/search/nadE
P18846,ATF1,Nucleus,https://www.proteinatlas.org/search/ATF1
P18851,STE4,,https://www.proteinatlas.org/search/STE4
P18858,LIG1,Nucleus,https://www.proteinatlas.org/search/LIG1
P18859,ATP5PF,Mitochondrion; Mitochondrion inner membrane,https://www.proteinatlas.org/search/ATP5PF
P18887,XRCC1,Nucleus; Chromosome,https://www.proteinatlas.org/search/XRCC1
P18899,DDR48,,https://www.proteinatlas.org/search/DDR48
P18900,COQ1,Mitochondrion inner membrane,https://www.proteinatlas.org/search/COQ1
P18956,ggt,Periplasm,https://www.proteinatlas.org/search/ggt
P18961,YPK2,Cytoplasm,https://www.proteinatlas.org/search/YPK2
P18962,DAP2,Vacuole membrane,https://www.proteinatlas.org/search/DAP2
P18963,IRA1,Cytoplasm,https://www.proteinatlas.org/search/IRA1
P19073,CDC42,Cell membrane,https://www.proteinatlas.org/search/CDC42
P19097,FAS2,,https://www.proteinatlas.org/search/FAS2
P19146,ARF2,Golgi apparatus,https://www.proteinatlas.org/search/ARF2
P19158,IRA2,Cytoplasm,https://www.proteinatlas.org/search/IRA2
P19174,PLCG1,"Cell projection, lamellipodium; Cell projection, ruffle",https://www.proteinatlas.org/search/PLCG1
P19211,ANB1,Cytoplasm,https://www.proteinatlas.org/search/ANB1
P19262,KGD2,Mitochondrion,https://www.proteinatlas.org/search/KGD2
P19338,NCL,"Nucleus, nucleolus; Cytoplasm",https://www.proteinatlas.org/search/NCL
P19358,SAM2,,https://www.proteinatlas.org/search/SAM2
P19367,HK1,"Mitochondrion outer membrane; Cytoplasm, cytosol",https://www.proteinatlas.org/search/HK1
P19387,POLR2C,Nucleus,https://www.proteinatlas.org/search/POLR2C
P19388,POLR2E,"Nucleus; Nucleus, nucleolus",https://www.proteinatlas.org/search/POLR2E
P19404,NDUFV2,Mitochondrion inner membrane,https://www.proteinatlas.org/search/NDUFV2
P19414,ACO1,Mitochondrion; Cytoplasm,https://www.proteinatlas.org/search/ACO1
P19447,ERCC3,Nucleus,https://www.proteinatlas.org/search/ERCC3
P19454,CKA2,,https://www.proteinatlas.org/search/CKA2
P19524,MYO2,Bud neck; Bud tip,https://www.proteinatlas.org/search/MYO2
P19525,EIF2AK2,"Cytoplasm; Nucleus; Cytoplasm, perinuclear region",https://www.proteinatlas.org/search/EIF2AK2
P19544,WT1,"Nucleus; Nucleus, nucleolus; Cytoplasm; Nucleus speckle; Nucleus, nucleoplasm",https://www.proteinatlas.org/search/WT1
P19623,SRM,,https://www.proteinatlas.org/search/SRM
P19624,pdxA,Cytoplasm,https://www.proteinatlas.org/search/pdxA
P19658,EXO70,"Cytoplasmic vesicle, secretory vesicle; Bud; Bud neck",https://www.proteinatlas.org/search/EXO70
P19659,GAL11,Nucleus,https://www.proteinatlas.org/search/GAL11
P19735,PRP6,Nucleus,https://www.proteinatlas.org/search/PRP6
P19736,PRP9,Nucleus,https://www.proteinatlas.org/search/PRP9
P19784,CSNK2A2,Nucleus; Cytoplasm,https://www.proteinatlas.org/search/CSNK2A2
P19812,UBR1,,https://www.proteinatlas.org/search/UBR1
P19823,ITIH2,Secreted,https://www.proteinatlas.org/search/ITIH2
P19838,NFKB1,Cytoplasm; Nucleus; Cytoplasm,https://www.proteinatlas.org/search/NFKB1
P19880,YAP1,Nucleus; Cytoplasm,https://www.proteinatlas.org/search/YAP1
P19881,PHO13,,https://www.proteinatlas.org/search/PHO13
P19882,HSP60,Mitochondrion matrix,https://www.proteinatlas.org/search/HSP60
P19926,agp,Periplasm,https://www.proteinatlas.org/search/agp
P19955,YMR31,Mitochondrion,https://www.proteinatlas.org/search/YMR31
P20020,ATP2B1,"Cell membrane; Basolateral cell membrane; Synapse; Presynaptic cell membrane; Cytoplasmic vesicle, secretory vesicle, synaptic vesicle membrane",https://www.proteinatlas.org/search/ATP2B1
P20042,EIF2S2,"Cytoplasm, cytosol",https://www.proteinatlas.org/search/EIF2S2
P20049,TYR1,,https://www.proteinatlas.org/search/TYR1
P20051,URA4,,https://www.proteinatlas.org/search/URA4
P20053,PRP4,Nucleus,https://www.proteinatlas.org/search/PRP4
P20073,ANXA7,,https://www.proteinatlas.org/search/ANXA7
P20081,FPR1,Cytoplasm; Mitochondrion,https://www.proteinatlas.org/search/FPR1
P20083,parE,,https://www.proteinatlas.org/search/parE
P20095,PRP2,Nucleus,https://www.proteinatlas.org/search/PRP2
P20099,bisC,,https://www.proteinatlas.org/search/bisC
P20107,ZRC1,Vacuole membrane,https://www.proteinatlas.org/search/ZRC1
P20133,BET2,,https://www.proteinatlas.org/search/BET2
P20134,SFL1,Nucleus,https://www.proteinatlas.org/search/SFL1
P20226,TBP,Nucleus,https://www.proteinatlas.org/search/TBP
P20248,CCNA2,Nucleus; Cytoplasm,https://www.proteinatlas.org/search/CCNA2
P20290,BTF3,Cytoplasm; Nucleus,https://www.proteinatlas.org/search/BTF3
P20333,TNFRSF1B,Cell membrane; Secreted; Secreted,https://www.proteinatlas.org/search/TNFRSF1B
P20338,RAB4A,Membrane; Cytoplasm; Early endosome membrane; Recycling endosome membrane,https://www.proteinatlas.org/search/RAB4A
P20339,RAB5A,"Cell membrane; Early endosome membrane; Melanosome; Cytoplasmic vesicle; Cell projection, ruffle; Membrane; Cytoplasm, cytosol; Cytoplasmic vesicle, phagosome membrane; Endosome membrane",https://www.proteinatlas.org/search/RAB5A
P20340,RAB6A,"Golgi apparatus membrane; Cytoplasmic vesicle, secretory vesicle, acrosome membrane; Golgi apparatus membrane; Golgi apparatus membrane",https://www.proteinatlas.org/search/RAB6A
P20424,SRP54,Cytoplasm; Endoplasmic reticulum,https://www.proteinatlas.org/search/SRP54
P20433,RPB4,"Nucleus; Cytoplasm; Cytoplasm, P-body",https://www.proteinatlas.org/search/RPB4
P20434,RPB5,Nucleus,https://www.proteinatlas.org/search/RPB5
P20435,RPO26,Cytoplasm; Nucleus,https://www.proteinatlas.org/search/RPO26
P20436,RPB8,Nucleus,https://www.proteinatlas.org/search/RPB8
P20447,DBP3,"Nucleus, nucleolus",https://www.proteinatlas.org/search/DBP3
P20448,HCA4,"Nucleus, nucleolus",https://www.proteinatlas.org/search/HCA4
P20449,DBP5,"Cytoplasm; Nucleus, nuclear pore complex; Nucleus membrane",https://www.proteinatlas.org/search/DBP5
P20457,PRI2,,https://www.proteinatlas.org/search/PRI2
P20459,SUI2,"Cytoplasm, cytosol",https://www.proteinatlas.org/search/SUI2
P20484,MAK11,"Nucleus, nucleolus; Nucleus membrane",https://www.proteinatlas.org/search/MAK11
P20485,CKI1,Cytoplasm,https://www.proteinatlas.org/search/CKI1
P20486,CKS1,,https://www.proteinatlas.org/search/CKS1
P20604,SIT4,Cytoplasm,https://www.proteinatlas.org/search/SIT4
P20605,fic,,https://www.proteinatlas.org/search/fic
P20606,SAR1,"Cytoplasmic vesicle, COPII-coated vesicle membrane; Endoplasmic reticulum membrane; Golgi apparatus membrane",https://www.proteinatlas.org/search/SAR1
P20618,PSMB1,Cytoplasm; Nucleus,https://www.proteinatlas.org/search/PSMB1
P20645,M6PR,Lysosome membrane,https://www.proteinatlas.org/search/M6PR
P20648,ATP4A,Apical cell membrane,https://www.proteinatlas.org/search/ATP4A
P20674,COX5A,Mitochondrion inner membrane,https://www.proteinatlas.org/search/COX5A
P20676,NUP1,"Nucleus, nuclear pore complex; Nucleus membrane",https://www.proteinatlas.org/search/NUP1
P20700,LMNB1,Nucleus lamina,https://www.proteinatlas.org/search/LMNB1
P20742,PZP,Secreted,https://www.proteinatlas.org/search/PZP
P20795,VPS33,Vacuole,https://www.proteinatlas.org/search/VPS33
P20810,CAST,,https://www.proteinatlas.org/search/CAST
P20839,IMPDH1,Cytoplasm; Nucleus,https://www.proteinatlas.org/search/IMPDH1
P20962,PTMS,,https://www.proteinatlas.org/search/PTMS
P20967,KGD1,"Mitochondrion; Mitochondrion matrix; Mitochondrion matrix, mitochondrion nucleoid",https://www.proteinatlas.org/search/KGD1
P21127,CDK11B,"Nucleus; Chromosome; Cytoplasm; Nucleus; Nucleus; Chromosome, centromere",https://www.proteinatlas.org/search/CDK11B
P21147,OLE1,Endoplasmic reticulum membrane,https://www.proteinatlas.org/search/OLE1
P21151,fadA,Cytoplasm,https://www.proteinatlas.org/search/fadA
P21156,cysD,,https://www.proteinatlas.org/search/cysD
P21165,pepQ,,https://www.proteinatlas.org/search/pepQ
P21170,speA,Periplasm,https://www.proteinatlas.org/search/speA
P21177,fadB,,https://www.proteinatlas.org/search/fadB
P21179,katE,Cytoplasm,https://www.proteinatlas.org/search/katE
P21182,SPE2,,https://www.proteinatlas.org/search/SPE2
P21192,ACE2,Nucleus,https://www.proteinatlas.org/search/ACE2
P21242,PRE10,Cytoplasm; Nucleus,https://www.proteinatlas.org/search/PRE10
P21243,SCL1,Cytoplasm; Nucleus,https://www.proteinatlas.org/search/SCL1
P21264,ADE2,,https://www.proteinatlas.org/search/ADE2
P21269,CCA1,Mitochondrion; Cytoplasm; Nucleus; Cytoplasm; Nucleus,https://www.proteinatlas.org/search/CCA1
P21281,ATP6V1B2,"Apical cell membrane; Melanosome; Cytoplasm; Cytoplasmic vesicle, secretory vesicle, synaptic vesicle membrane; Cytoplasmic vesicle, clathrin-coated vesicle membrane",https://www.proteinatlas.org/search/ATP6V1B2
P21283,ATP6V1C1,"Cytoplasmic vesicle, secretory vesicle, synaptic vesicle membrane; Cytoplasmic vesicle, clathrin-coated vesicle membrane",https://www.proteinatlas.org/search/ATP6V1C1
P21291,CSRP1,Nucleus,https://www.proteinatlas.org/search/CSRP1
P21304,PWP1,,https://www.proteinatlas.org/search/PWP1
P21306,ATP15,Mitochondrion; Mitochondrion inner membrane,https://www.proteinatlas.org/search/ATP15
P21333,FLNA,"Cytoplasm, cell cortex; Cytoplasm, cytoskeleton; Perikaryon; Cell projection, growth cone; Cell projection, podosome",https://www.proteinatlas.org/search/FLNA
P21338,rna,Periplasm; Cytoplasm,https://www.proteinatlas.org/search/rna
P21359,NF1,"Nucleus; Nucleus, nucleolus; Cell membrane",https://www.proteinatlas.org/search/NF1
P21363,yciE,,https://www.proteinatlas.org/search/yciE
P21367,ycaC,,https://www.proteinatlas.org/search/ycaC
P21373,UTR1,,https://www.proteinatlas.org/search/UTR1
P21375,OSM1,Mitochondrion,https://www.proteinatlas.org/search/OSM1
P21399,ACO1,"Cytoplasm, cytosol",https://www.proteinatlas.org/search/ACO1
P21499,rnr,Cytoplasm,https://www.proteinatlas.org/search/rnr
P21507,srmB,Cytoplasm,https://www.proteinatlas.org/search/srmB
P21513,rne,Cytoplasm; Cell inner membrane,https://www.proteinatlas.org/search/rne
P21524,RNR1,Cytoplasm,https://www.proteinatlas.org/search/RNR1
P21538,REB1,Nucleus,https://www.proteinatlas.org/search/REB1
P21560,CBP3,Mitochondrion membrane,https://www.proteinatlas.org/search/CBP3
P21576,VPS1,"Cytoplasm, cytoskeleton",https://www.proteinatlas.org/search/VPS1
P21599,pykA,,https://www.proteinatlas.org/search/pykA
P21645,lpxD,,https://www.proteinatlas.org/search/lpxD
P21734,UBC1,,https://www.proteinatlas.org/search/UBC1
P21741,MDK,Secreted,https://www.proteinatlas.org/search/MDK
P21796,VDAC1,Mitochondrion outer membrane; Cell membrane; Membrane raft,https://www.proteinatlas.org/search/VDAC1
P21801,SDH2,Mitochondrion inner membrane,https://www.proteinatlas.org/search/SDH2
P21825,SEC62,Endoplasmic reticulum membrane,https://www.proteinatlas.org/search/SEC62
P21827,SRM1,Nucleus,https://www.proteinatlas.org/search/SRM1
P21888,cysS,Cytoplasm,https://www.proteinatlas.org/search/cysS
P21889,aspS,Cytoplasm,https://www.proteinatlas.org/search/aspS
P21912,SDHB,Mitochondrion inner membrane,https://www.proteinatlas.org/search/SDHB
P21951,POL2,Nucleus,https://www.proteinatlas.org/search/POL2
P21954,IDP1,Mitochondrion,https://www.proteinatlas.org/search/IDP1
P21964,COMT,Cytoplasm; Cell membrane,https://www.proteinatlas.org/search/COMT
P21965,MCK1,,https://www.proteinatlas.org/search/MCK1
P21980,TGM2,"Cytoplasm, cytosol; Nucleus; Chromosome; Secreted, extracellular space, extracellular matrix; Cell membrane; Mitochondrion; Cytoplasm, perinuclear region",https://www.proteinatlas.org/search/TGM2
P22007,RAM1,Cytoplasm,https://www.proteinatlas.org/search/RAM1
P22023,KRE5,Endoplasmic reticulum lumen,https://www.proteinatlas.org/search/KRE5
P22033,MMUT,Mitochondrion matrix; Mitochondrion; Cytoplasm,https://www.proteinatlas.org/search/MMUT
P22059,OSBP,"Cytoplasm, cytosol; Cytoplasm, perinuclear region; Golgi apparatus membrane; Endoplasmic reticulum membrane; Golgi apparatus, trans-Golgi network",https://www.proteinatlas.org/search/OSBP
P22061,PCMT1,"Cytoplasm, cytosol",https://www.proteinatlas.org/search/PCMT1
P22082,SNF2,Nucleus,https://www.proteinatlas.org/search/SNF2
P22087,FBL,"Nucleus, nucleolus; Nucleus, nucleoplasm",https://www.proteinatlas.org/search/FBL
P22102,GART,,https://www.proteinatlas.org/search/GART
P22106,asnB,,https://www.proteinatlas.org/search/asnB
P22108,APA2,Cytoplasm; Nucleus,https://www.proteinatlas.org/search/APA2
P22133,MDH2,Cytoplasm,https://www.proteinatlas.org/search/MDH2
P22134,MAG1,Nucleus,https://www.proteinatlas.org/search/MAG1
P22135,ATP12,Mitochondrion; Mitochondrion intermembrane space,https://www.proteinatlas.org/search/ATP12
P22137,CHC1,"Cytoplasmic vesicle membrane; Membrane, coated pit",https://www.proteinatlas.org/search/CHC1
P22138,RPA135,"Nucleus, nucleolus",https://www.proteinatlas.org/search/RPA135
P22139,RPB10,"Nucleus, nucleolus",https://www.proteinatlas.org/search/RPB10
P22140,EPT1,Golgi apparatus membrane,https://www.proteinatlas.org/search/EPT1
P22141,PRE1,Cytoplasm; Nucleus,https://www.proteinatlas.org/search/PRE1
P22146,GAS1,"Cell membrane; Secreted, cell wall",https://www.proteinatlas.org/search/GAS1
P22147,XRN1,"Cytoplasm; Cytoplasm, perinuclear region; Cytoplasm, P-body",https://www.proteinatlas.org/search/XRN1
P22186,mraZ,"Cytoplasm, nucleoid",https://www.proteinatlas.org/search/mraZ
P22188,murE,Cytoplasm,https://www.proteinatlas.org/search/murE
P22202,SSA4,Cytoplasm,https://www.proteinatlas.org/search/SSA4
P22203,VMA4,Vacuole membrane,https://www.proteinatlas.org/search/VMA4
P22204,DBF2,"Cytoplasm, cytoskeleton, microtubule organizing center, spindle pole body; Bud neck; Nucleus",https://www.proteinatlas.org/search/DBF2
P22209,KIN3,,https://www.proteinatlas.org/search/KIN3
P22211,NPR1,Cytoplasm,https://www.proteinatlas.org/search/NPR1
P22213,SLY1,Cytoplasm; Membrane,https://www.proteinatlas.org/search/SLY1
P22214,SEC22,Membrane; Endoplasmic reticulum membrane; Golgi apparatus membrane,https://www.proteinatlas.org/search/SEC22
P22217,TRX1,Nucleus; Cytoplasm; Golgi apparatus membrane; Mitochondrion intermembrane space,https://www.proteinatlas.org/search/TRX1
P22224,SEC15,Cytoplasm; Cell membrane,https://www.proteinatlas.org/search/SEC15
P22234,PAICS,,https://www.proteinatlas.org/search/PAICS
P22255,cysQ,Cell inner membrane,https://www.proteinatlas.org/search/cysQ
P22256,gabT,,https://www.proteinatlas.org/search/gabT
P22259,pckA,Cytoplasm,https://www.proteinatlas.org/search/pckA
P22276,RET1,Nucleus,https://www.proteinatlas.org/search/RET1
P22307,SCP2,Peroxisome; Cytoplasm; Mitochondrion; Endoplasmic reticulum; Mitochondrion; Peroxisome,https://www.proteinatlas.org/search/SCP2
P22314,UBA1,Cytoplasm; Mitochondrion; Nucleus; Nucleus; Cytoplasm,https://www.proteinatlas.org/search/UBA1
P22333,add,,https://www.proteinatlas.org/search/add
P22336,RFA1,Nucleus,https://www.proteinatlas.org/search/RFA1
P22352,GPX3,Secreted,https://www.proteinatlas.org/search/GPX3
P22392,NME2,"Cytoplasm; Nucleus; Cell projection, lamellipodium; Cell projection, ruffle; Cytoplasm; Cytoplasm, perinuclear region; Nucleus; Cytoplasm; Cytoplasm, perinuclear region; Nucleus",https://www.proteinatlas.org/search/NME2
P22470,SAN1,,https://www.proteinatlas.org/search/SAN1
P22515,UBA1,Cytoplasm; Nucleus,https://www.proteinatlas.org/search/UBA1
P22517,CMK2,,https://www.proteinatlas.org/search/CMK2
P22523,mukB,"Cytoplasm, nucleoid",https://www.proteinatlas.org/search/mukB
P22524,mukE,"Cytoplasm, nucleoid",https://www.proteinatlas.org/search/mukE
P22564,rihC,,https://www.proteinatlas.org/search/rihC
P22570,FDXR,Mitochondrion; Mitochondrion inner membrane,https://www.proteinatlas.org/search/FDXR
P22579,SIN3,Nucleus,https://www.proteinatlas.org/search/SIN3
P22626,HNRNPA2B1,"Nucleus; Nucleus, nucleoplasm; Cytoplasm; Cytoplasmic granule; Secreted, extracellular exosome; Nucleus; Cytoplasm",https://www.proteinatlas.org/search/HNRNPA2B1
P22670,RFX1,Nucleus,https://www.proteinatlas.org/search/RFX1
P22681,CBL,"Cytoplasm; Cell membrane; Cell projection, cilium; Golgi apparatus",https://www.proteinatlas.org/search/CBL
P22695,UQCRC2,Mitochondrion inner membrane,https://www.proteinatlas.org/search/UQCRC2
P22696,ESS1,Cytoplasm; Nucleus,https://www.proteinatlas.org/search/ESS1
P22768,ARG1,Cytoplasm,https://www.proteinatlas.org/search/ARG1
P22803,TRX2,Cytoplasm; Golgi apparatus membrane; Nucleus,https://www.proteinatlas.org/search/TRX2
P22804,BET1,Golgi apparatus membrane; Endoplasmic reticulum membrane,https://www.proteinatlas.org/search/BET1
P22830,FECH,Mitochondrion inner membrane,https://www.proteinatlas.org/search/FECH
P22855,AMS1,Vacuole,https://www.proteinatlas.org/search/AMS1
P22936,APN1,Nucleus,https://www.proteinatlas.org/search/APN1
P22943,HSP12,,https://www.proteinatlas.org/search/HSP12
P23003,trmA,,https://www.proteinatlas.org/search/trmA
P23025,XPA,Nucleus,https://www.proteinatlas.org/search/XPA
P23173,tnaB,Cell inner membrane,https://www.proteinatlas.org/search/tnaB
P23180,AIM17,Mitochondrion,https://www.proteinatlas.org/search/AIM17
P23193,TCEA1,Nucleus,https://www.proteinatlas.org/search/TCEA1
P23201,SPA2,Bud tip; Bud neck,https://www.proteinatlas.org/search/SPA2
P23202,URE2,Cytoplasm,https://www.proteinatlas.org/search/URE2
P23246,SFPQ,Nucleus speckle; Nucleus matrix; Cytoplasm,https://www.proteinatlas.org/search/SFPQ
P23248,RPS1B,Cytoplasm,https://www.proteinatlas.org/search/RPS1B
P23254,TKL1,,https://www.proteinatlas.org/search/TKL1
P23255,TAF2,Nucleus,https://www.proteinatlas.org/search/TAF2
P23258,TUBG1,"Cytoplasm, cytoskeleton, microtubule organizing center, centrosome; Cytoplasm, cytoskeleton, spindle",https://www.proteinatlas.org/search/TUBG1
P23284,PPIB,Virion; Endoplasmic reticulum lumen; Melanosome,https://www.proteinatlas.org/search/PPIB
P23287,CNA1,,https://www.proteinatlas.org/search/CNA1
P23291,YCK1,Cell membrane; Mitochondrion membrane,https://www.proteinatlas.org/search/YCK1
P23292,YCK2,Cell membrane,https://www.proteinatlas.org/search/YCK2
P23293,SGV1,Nucleus,https://www.proteinatlas.org/search/SGV1
P23301,HYP2,Cytoplasm,https://www.proteinatlas.org/search/HYP2
P23327,HRC,Sarcoplasmic reticulum lumen,https://www.proteinatlas.org/search/HRC
P23331,tdk,Cytoplasm,https://www.proteinatlas.org/search/tdk
P23337,GSY1,,https://www.proteinatlas.org/search/GSY1
P23368,ME2,Mitochondrion matrix,https://www.proteinatlas.org/search/ME2
P23381,WARS1,Cytoplasm,https://www.proteinatlas.org/search/WARS1
P23394,PRP28,Cytoplasm; Nucleus,https://www.proteinatlas.org/search/PRP28
P23396,RPS3,"Cytoplasm; Nucleus; Nucleus, nucleolus; Mitochondrion inner membrane; Cytoplasm, cytoskeleton, spindle",https://www.proteinatlas.org/search/RPS3
P23434,GCSH,Mitochondrion,https://www.proteinatlas.org/search/GCSH
P23443,RPS6KB1,"Synapse, synaptosome; Mitochondrion outer membrane; Mitochondrion; Nucleus; Cytoplasm; Cytoplasm",https://www.proteinatlas.org/search/RPS6KB1
P23493,MBR1,Mitochondrion,https://www.proteinatlas.org/search/MBR1
P23497,SP100,"Nucleus; Nucleus, PML body; Nucleus, nuclear body; Cytoplasm; Nucleus",https://www.proteinatlas.org/search/SP100
P23503,NAR1,Cytoplasm; Nucleus,https://www.proteinatlas.org/search/NAR1
P23511,NFYA,Nucleus,https://www.proteinatlas.org/search/NFYA
P23522,garL,,https://www.proteinatlas.org/search/garL
P23526,AHCY,Cytoplasm; Melanosome; Nucleus; Endoplasmic reticulum,https://www.proteinatlas.org/search/AHCY
P23528,CFL1,"Nucleus matrix; Cytoplasm, cytoskeleton; Cell projection, ruffle membrane; Cell projection, lamellipodium membrane; Cell projection, lamellipodium; Cell projection, growth cone; Cell projection, axon",https://www.proteinatlas.org/search/CFL1
P23538,ppsA,,https://www.proteinatlas.org/search/ppsA
P23542,AAT2,Cytoplasm; Peroxisome,https://www.proteinatlas.org/search/AAT2
P23585,HXT2,Membrane,https://www.proteinatlas.org/search/HXT2
P23588,EIF4B,,https://www.proteinatlas.org/search/EIF4B
P23594,PPH21,,https://www.proteinatlas.org/search/PPH21
P23595,PPH22,,https://www.proteinatlas.org/search/PPH22
P23615,SPT6,Nucleus; Chromosome,https://www.proteinatlas.org/search/SPT6
P23634,ATP2B4,"Cell membrane; Cell projection, cilium, flagellum membrane",https://www.proteinatlas.org/search/ATP2B4
P23638,PRE9,Cytoplasm; Nucleus,https://www.proteinatlas.org/search/PRE9
P23639,PRE8,Cytoplasm; Nucleus,https://www.proteinatlas.org/search/PRE8
P23641,MIR1,Mitochondrion inner membrane,https://www.proteinatlas.org/search/MIR1
P23642,VAN1,Endoplasmic reticulum membrane; Golgi apparatus membrane,https://www.proteinatlas.org/search/VAN1
P23643,VPS3,Cytoplasm,https://www.proteinatlas.org/search/VPS3
P23644,TOM40,Mitochondrion outer membrane,https://www.proteinatlas.org/search/TOM40
P23677,ITPKA,"Cytoplasm, cytoskeleton",https://www.proteinatlas.org/search/ITPKA
P23721,serC,Cytoplasm,https://www.proteinatlas.org/search/serC
P23724,PRE7,Cytoplasm; Nucleus,https://www.proteinatlas.org/search/PRE7
P23776,EXG1,"Secreted, cell wall; Secreted",https://www.proteinatlas.org/search/EXG1
P23786,CPT2,Mitochondrion inner membrane,https://www.proteinatlas.org/search/CPT2
P23797,GPI12,Endoplasmic reticulum membrane,https://www.proteinatlas.org/search/GPI12
P23827,eco,Periplasm,https://www.proteinatlas.org/search/eco
P23830,pssA,Cytoplasm; Cell inner membrane,https://www.proteinatlas.org/search/pssA
P23833,SCO1,Mitochondrion inner membrane,https://www.proteinatlas.org/search/SCO1
P23836,phoP,Cytoplasm,https://www.proteinatlas.org/search/phoP
P23839,yicC,,https://www.proteinatlas.org/search/yicC
P23843,oppA,Periplasm,https://www.proteinatlas.org/search/oppA
P23847,dppA,Periplasm,https://www.proteinatlas.org/search/dppA
P23857,pspE,Periplasm,https://www.proteinatlas.org/search/pspE
P23865,prc,Cell inner membrane,https://www.proteinatlas.org/search/prc
P23869,ppiB,Cytoplasm,https://www.proteinatlas.org/search/ppiB
P23882,fmt,,https://www.proteinatlas.org/search/fmt
P23883,puuC,,https://www.proteinatlas.org/search/puuC
P23893,hemL,Cytoplasm,https://www.proteinatlas.org/search/hemL
P23908,argE,Cytoplasm,https://www.proteinatlas.org/search/argE
P23909,mutS,,https://www.proteinatlas.org/search/mutS
P23917,mak,,https://www.proteinatlas.org/search/mak
P23919,DTYMK,,https://www.proteinatlas.org/search/DTYMK
P23921,RRM1,Cytoplasm,https://www.proteinatlas.org/search/RRM1
P24000,RPL24B,Cytoplasm,https://www.proteinatlas.org/search/RPL24B
P24004,PEX1,"Cytoplasm, cytosol; Peroxisome membrane",https://www.proteinatlas.org/search/PEX1
P24031,PHO3,,https://www.proteinatlas.org/search/PHO3
P24171,dcp,Cytoplasm,https://www.proteinatlas.org/search/dcp
P24178,yffB,,https://www.proteinatlas.org/search/yffB
P24182,accC,,https://www.proteinatlas.org/search/accC
P24186,folD,,https://www.proteinatlas.org/search/folD
P24202,mrr,,https://www.proteinatlas.org/search/mrr
P24215,uxuA,,https://www.proteinatlas.org/search/uxuA
P24232,hmp,Cytoplasm,https://www.proteinatlas.org/search/hmp
P24255,rpoN,,https://www.proteinatlas.org/search/rpoN
P24276,SSD1,,https://www.proteinatlas.org/search/SSD1
P24279,MCM3,Nucleus,https://www.proteinatlas.org/search/MCM3
P24280,SEC14,Golgi apparatus membrane; Cytoplasm,https://www.proteinatlas.org/search/SEC14
P24468,NR2F2,Nucleus,https://www.proteinatlas.org/search/NR2F2
P24482,DPB2,Cytoplasm; Nucleus,https://www.proteinatlas.org/search/DPB2
P24521,ERG8,Cytoplasm,https://www.proteinatlas.org/search/ERG8
P24534,EEF1B2,,https://www.proteinatlas.org/search/EEF1B2
P24539,ATP5PB,Mitochondrion; Mitochondrion inner membrane,https://www.proteinatlas.org/search/ATP5PB
P24583,PKC1,,https://www.proteinatlas.org/search/PKC1
P24666,ACP1,Cytoplasm,https://www.proteinatlas.org/search/ACP1
P24752,ACAT1,Mitochondrion,https://www.proteinatlas.org/search/ACAT1
P24783,DBP2,Cytoplasm; Nucleus,https://www.proteinatlas.org/search/DBP2
P24784,DBP1,Cytoplasm,https://www.proteinatlas.org/search/DBP1
P24928,POLR2A,Nucleus; Cytoplasm; Chromosome,https://www.proteinatlas.org/search/POLR2A
P24941,CDK2,"Cytoplasm, cytoskeleton, microtubule organizing center, centrosome; Nucleus, Cajal body; Cytoplasm; Endosome",https://www.proteinatlas.org/search/CDK2
P25037,UBP1,,https://www.proteinatlas.org/search/UBP1
P25039,MEF1,Mitochondrion,https://www.proteinatlas.org/search/MEF1
P25040,TSR4,"Cytoplasm, cytosol",https://www.proteinatlas.org/search/TSR4
P25043,PUP1,Cytoplasm; Nucleus,https://www.proteinatlas.org/search/PUP1
P25044,PTP1,Cytoplasm,https://www.proteinatlas.org/search/PTP1
P25045,LCB1,Cytoplasm; Endoplasmic reticulum membrane,https://www.proteinatlas.org/search/LCB1
P25087,ERG6,Microsome; Mitochondrion,https://www.proteinatlas.org/search/ERG6
P25098,GRK2,"Cytoplasm; Cell membrane; Cell projection, cilium membrane; Postsynapse; Presynapse",https://www.proteinatlas.org/search/GRK2
P25205,MCM3,Nucleus; Chromosome,https://www.proteinatlas.org/search/MCM3
P25293,NAP1,Cytoplasm; Nucleus; Bud neck,https://www.proteinatlas.org/search/NAP1
P25294,SIS1,Cytoplasm; Nucleus,https://www.proteinatlas.org/search/SIS1
P25296,CNB1,,https://www.proteinatlas.org/search/CNB1
P25297,PHO84,Cell membrane; Vacuole,https://www.proteinatlas.org/search/PHO84
P25298,RNA14,Nucleus; Cytoplasm,https://www.proteinatlas.org/search/RNA14
P25299,RNA15,Nucleus,https://www.proteinatlas.org/search/RNA15
P25303,SCJ1,Endoplasmic reticulum lumen,https://www.proteinatlas.org/search/SCJ1
P25325,MPST,"Cytoplasm; Mitochondrion; Synapse, synaptosome",https://www.proteinatlas.org/search/MPST
P25332,RBK1,Cytoplasm; Nucleus,https://www.proteinatlas.org/search/RBK1
P25339,PUF4,,https://www.proteinatlas.org/search/PUF4
P25340,ERG4,Endoplasmic reticulum membrane,https://www.proteinatlas.org/search/ERG4
P25342,CDC10,Membrane; Bud neck,https://www.proteinatlas.org/search/CDC10
P25343,RVS161,"Cytoplasm, cytoskeleton",https://www.proteinatlas.org/search/RVS161
P25349,YCP4,Cytoplasm; Membrane raft; Mitochondrion,https://www.proteinatlas.org/search/YCP4
P25351,YCR023C,Membrane,https://www.proteinatlas.org/search/YCR023C
P25353,NPP1,Membrane,https://www.proteinatlas.org/search/NPP1
P25355,CTR86,Cytoplasm,https://www.proteinatlas.org/search/CTR86
P25357,SNT1,Nucleus,https://www.proteinatlas.org/search/SNT1
P25358,ELO2,Endoplasmic reticulum membrane,https://www.proteinatlas.org/search/ELO2
P25359,RRP43,"Cytoplasm; Nucleus, nucleolus",https://www.proteinatlas.org/search/RRP43
P25361,YCR043C,,https://www.proteinatlas.org/search/YCR043C
P25365,SED4,Endoplasmic reticulum membrane; Golgi apparatus membrane,https://www.proteinatlas.org/search/SED4
P25366,OCA4,,https://www.proteinatlas.org/search/OCA4
P25367,RNQ1,Cytoplasm; Nucleus,https://www.proteinatlas.org/search/RNQ1
P25368,RRP7,"Nucleus, nucleolus",https://www.proteinatlas.org/search/RRP7
P25369,LSB5,"Cytoplasm, cell cortex; Cytoplasm, cytoskeleton",https://www.proteinatlas.org/search/LSB5
P25371,ADP1,Endoplasmic reticulum membrane,https://www.proteinatlas.org/search/ADP1
P25372,TRX3,Mitochondrion,https://www.proteinatlas.org/search/TRX3
P25373,GRX1,Cytoplasm; Nucleus,https://www.proteinatlas.org/search/GRX1
P25374,NFS1,Mitochondrion; Nucleus,https://www.proteinatlas.org/search/NFS1
P25375,PRD1,Cytoplasm,https://www.proteinatlas.org/search/PRD1
P25378,RHB1,Cell membrane,https://www.proteinatlas.org/search/RHB1
P25379,CHA1,Mitochondrion,https://www.proteinatlas.org/search/CHA1
P25382,RSA4,"Nucleus, nucleolus",https://www.proteinatlas.org/search/RSA4
P25385,BOS1,Golgi apparatus membrane; Endoplasmic reticulum membrane,https://www.proteinatlas.org/search/BOS1
P25386,USO1,"Cytoplasm, cytoskeleton; Cytoplasmic vesicle membrane; Endoplasmic reticulum membrane; Golgi apparatus membrane",https://www.proteinatlas.org/search/USO1
P25398,RPS12,"Cytoplasm; Nucleus, nucleolus",https://www.proteinatlas.org/search/RPS12
P25437,frmA,Cytoplasm,https://www.proteinatlas.org/search/frmA
P25440,BRD2,Nucleus; Chromosome,https://www.proteinatlas.org/search/BRD2
P25441,RPC53,Nucleus,https://www.proteinatlas.org/search/RPC53
P25443,RPS2,"Cytoplasm; Nucleus, nucleolus",https://www.proteinatlas.org/search/RPS2
P25451,PUP3,Cytoplasm; Nucleus,https://www.proteinatlas.org/search/PUP3
P25454,RAD51,Chromosome; Nucleus,https://www.proteinatlas.org/search/RAD51
P25490,YY1,Nucleus matrix,https://www.proteinatlas.org/search/YY1
P25491,YDJ1,"Cytoplasm; Cytoplasm, perinuclear region",https://www.proteinatlas.org/search/YDJ1
P25516,acnA,,https://www.proteinatlas.org/search/acnA
P25519,hflX,Cytoplasm,https://www.proteinatlas.org/search/hflX
P25522,mnmE,Cytoplasm,https://www.proteinatlas.org/search/mnmE
P25526,gabD,,https://www.proteinatlas.org/search/gabD
P25536,yhdE,Cytoplasm,https://www.proteinatlas.org/search/yhdE
P25539,ribD,,https://www.proteinatlas.org/search/ribD
P25552,gppA,,https://www.proteinatlas.org/search/gppA
P25553,aldA,,https://www.proteinatlas.org/search/aldA
P25554,SGF29,Nucleus,https://www.proteinatlas.org/search/SGF29
P25555,GBP2,"Cytoplasm; Nucleus; Chromosome, telomere; Cytoplasm, P-body; Cytoplasm, Stress granule",https://www.proteinatlas.org/search/GBP2
P25558,BUD3,,https://www.proteinatlas.org/search/BUD3
P25559,DCC1,,https://www.proteinatlas.org/search/DCC1
P25560,RER1,Golgi apparatus membrane,https://www.proteinatlas.org/search/RER1
P25566,MXR2,,https://www.proteinatlas.org/search/MXR2
P25567,SRO9,Cytoplasm,https://www.proteinatlas.org/search/SRO9
P25568,ATG22,Vacuole membrane,https://www.proteinatlas.org/search/ATG22
P25569,GID7,Nucleus; Cytoplasm,https://www.proteinatlas.org/search/GID7
P25572,YCL042W,,https://www.proteinatlas.org/search/YCL042W
P25573,MGR1,Mitochondrion inner membrane,https://www.proteinatlas.org/search/MGR1
P25574,EMC1,Endoplasmic reticulum membrane,https://www.proteinatlas.org/search/EMC1
P25576,POF1,Cytoplasm; Nucleus,https://www.proteinatlas.org/search/POF1
P25578,PGS1,Mitochondrion,https://www.proteinatlas.org/search/PGS1
P25580,PBN1,Endoplasmic reticulum membrane,https://www.proteinatlas.org/search/PBN1
P25582,SPB1,"Nucleus, nucleolus",https://www.proteinatlas.org/search/SPB1
P25586,KRR1,"Nucleus, nucleolus",https://www.proteinatlas.org/search/KRR1
P25588,MRC1,Nucleus,https://www.proteinatlas.org/search/MRC1
P25604,STP22,Cytoplasm; Endosome; Late endosome membrane,https://www.proteinatlas.org/search/STP22
P25605,ILV6,Mitochondrion,https://www.proteinatlas.org/search/ILV6
P25616,CTO1,,https://www.proteinatlas.org/search/CTO1
P25617,YCR016W,,https://www.proteinatlas.org/search/YCR016W
P25618,CWH43,Cell membrane; Endoplasmic reticulum membrane,https://www.proteinatlas.org/search/CWH43
P25619,HSP30,Membrane,https://www.proteinatlas.org/search/HSP30
P25623,SYP1,Bud neck,https://www.proteinatlas.org/search/SYP1
P25625,PER1,Endoplasmic reticulum membrane,https://www.proteinatlas.org/search/PER1
P25626,IMG1,Mitochondrion,https://www.proteinatlas.org/search/IMG1
P25627,BUD23,Cytoplasm; Nucleus,https://www.proteinatlas.org/search/BUD23
P25628,ARE1,Endoplasmic reticulum membrane,https://www.proteinatlas.org/search/ARE1
P25631,YCR051W,,https://www.proteinatlas.org/search/YCR051W
P25632,RSC6,Nucleus,https://www.proteinatlas.org/search/RSC6
P25635,PWP2,"Nucleus, nucleolus",https://www.proteinatlas.org/search/PWP2
P25638,TAH1,Cytoplasm; Nucleus,https://www.proteinatlas.org/search/TAH1
P25639,YCR061W,Membrane,https://www.proteinatlas.org/search/YCR061W
P25642,IMG2,Mitochondrion,https://www.proteinatlas.org/search/IMG2
P25644,PAT1,"Cytoplasm; Nucleus; Cytoplasm, P-body; Chromosome, centromere, kinetochore; Cytoplasm, Stress granule",https://www.proteinatlas.org/search/PAT1
P25651,CSM1,"Nucleus, nucleolus; Chromosome, centromere",https://www.proteinatlas.org/search/CSM1
P25654,YCR090C,,https://www.proteinatlas.org/search/YCR090C
P25655,CDC39,Cytoplasm; Nucleus,https://www.proteinatlas.org/search/CDC39
P25656,CDC50,"Golgi apparatus, trans-Golgi network membrane; Late endosome membrane",https://www.proteinatlas.org/search/CDC50
P25659,FUB1,,https://www.proteinatlas.org/search/FUB1
P25685,DNAJB1,"Cytoplasm; Nucleus; Nucleus, nucleolus",https://www.proteinatlas.org/search/DNAJB1
P25694,CDC48,"Endoplasmic reticulum; Cytoplasm, cytosol; Nucleus",https://www.proteinatlas.org/search/CDC48
P25705,ATP5F1A,Mitochondrion; Mitochondrion inner membrane; Cell membrane,https://www.proteinatlas.org/search/ATP5F1A
P25719,CPR3,Mitochondrion matrix,https://www.proteinatlas.org/search/CPR3
P25738,msyB,,https://www.proteinatlas.org/search/msyB
P25745,mnmA,Cytoplasm,https://www.proteinatlas.org/search/mnmA
P25748,galS,,https://www.proteinatlas.org/search/galS
P25774,CTSS,"Lysosome; Secreted; Cytoplasmic vesicle, phagosome",https://www.proteinatlas.org/search/CTSS
P25786,PSMA1,Cytoplasm; Nucleus,https://www.proteinatlas.org/search/PSMA1
P25787,PSMA2,Cytoplasm; Nucleus,https://www.proteinatlas.org/search/PSMA2
P25788,PSMA3,Cytoplasm; Nucleus,https://www.proteinatlas.org/search/PSMA3
P25789,PSMA4,Cytoplasm; Nucleus,https://www.proteinatlas.org/search/PSMA4
P25791,LMO2,Nucleus,https://www.proteinatlas.org/search/LMO2
P25808,SPB4,"Nucleus, nucleolus",https://www.proteinatlas.org/search/SPB4
P25815,S100P,"Nucleus; Cytoplasm; Cell projection, microvillus membrane",https://www.proteinatlas.org/search/S100P
P25847,MSH2,Nucleus,https://www.proteinatlas.org/search/MSH2
P25894,loiP,Cell outer membrane,https://www.proteinatlas.org/search/loiP
P25906,pdxI,,https://www.proteinatlas.org/search/pdxI
P26038,MSN,"Cell membrane; Cytoplasm, cytoskeleton; Apical cell membrane; Cell projection, microvillus membrane; Cell projection, microvillus",https://www.proteinatlas.org/search/MSN
P26196,DDX6,"Cytoplasm, P-body; Cytoplasm; Nucleus; Cytoplasm, Cytoplasmic ribonucleoprotein granule",https://www.proteinatlas.org/search/DDX6
P26232,CTNNA2,"Cell membrane; Cytoplasm; Cytoplasm, cytoskeleton; Cell junction, adherens junction; Cell projection, axon; Nucleus",https://www.proteinatlas.org/search/CTNNA2
P26263,PDC6,Cytoplasm,https://www.proteinatlas.org/search/PDC6
P26321,RPL5,Cytoplasm; Nucleus,https://www.proteinatlas.org/search/RPL5
P26358,DNMT1,Nucleus; Chromosome,https://www.proteinatlas.org/search/DNMT1
P26364,ADK2,Mitochondrion matrix,https://www.proteinatlas.org/search/ADK2
P26368,U2AF2,Nucleus,https://www.proteinatlas.org/search/U2AF2
P26373,RPL13,Cytoplasm,https://www.proteinatlas.org/search/RPL13
P26374,CHML,"Cytoplasm, cytosol",https://www.proteinatlas.org/search/CHML
P26570,PPZ1,,https://www.proteinatlas.org/search/PPZ1
P26583,HMGB2,Nucleus; Chromosome; Cytoplasm; Secreted,https://www.proteinatlas.org/search/HMGB2
P26599,PTBP1,"Nucleus; Cytoplasm; Cytoplasm, P-body",https://www.proteinatlas.org/search/PTBP1
P26612,amyA,Cytoplasm,https://www.proteinatlas.org/search/amyA
P26616,maeA,,https://www.proteinatlas.org/search/maeA
P26637,CDC60,Cytoplasm,https://www.proteinatlas.org/search/CDC60
P26639,TARS1,Cytoplasm,https://www.proteinatlas.org/search/TARS1
P26640,VARS1,,https://www.proteinatlas.org/search/VARS1
P26641,EEF1G,,https://www.proteinatlas.org/search/EEF1G
P26646,acuI,Cytoplasm,https://www.proteinatlas.org/search/acuI
P26754,RFA2,Nucleus,https://www.proteinatlas.org/search/RFA2
P26755,RFA3,Nucleus,https://www.proteinatlas.org/search/RFA3
P26783,RPS5,Cytoplasm,https://www.proteinatlas.org/search/RPS5
P26784,RPL16A,Cytoplasm,https://www.proteinatlas.org/search/RPL16A
P26785,RPL16B,Cytoplasm,https://www.proteinatlas.org/search/RPL16B
P26786,RPS7A,"Cytoplasm; Nucleus, nucleolus",https://www.proteinatlas.org/search/RPS7A
P26793,RAD27,"Nucleus, nucleolus; Nucleus, nucleoplasm; Mitochondrion",https://www.proteinatlas.org/search/RAD27
P26885,FKBP2,Endoplasmic reticulum membrane,https://www.proteinatlas.org/search/FKBP2
P27105,STOM,"Cell membrane; Cytoplasm, cytoskeleton; Cell membrane; Membrane raft; Melanosome; Cytoplasmic vesicle",https://www.proteinatlas.org/search/STOM
P27144,AK4,Mitochondrion matrix,https://www.proteinatlas.org/search/AK4
P27248,gcvT,,https://www.proteinatlas.org/search/gcvT
P27250,ahr,,https://www.proteinatlas.org/search/ahr
P27278,nadR,Cell membrane; Cytoplasm,https://www.proteinatlas.org/search/nadR
P27298,prlC,,https://www.proteinatlas.org/search/prlC
P27302,tktA,,https://www.proteinatlas.org/search/tktA
P27306,sthA,Cytoplasm,https://www.proteinatlas.org/search/sthA
P27348,YWHAQ,Cytoplasm,https://www.proteinatlas.org/search/YWHAQ
P27351,APL1,"Cell membrane; Membrane, coated pit",https://www.proteinatlas.org/search/APL1
P27361,MAPK3,"Cytoplasm; Nucleus; Membrane, caveola; Cell junction, focal adhesion",https://www.proteinatlas.org/search/MAPK3
P27431,roxA,,https://www.proteinatlas.org/search/roxA
P27434,rodZ,Cell inner membrane,https://www.proteinatlas.org/search/rodZ
P27448,MARK3,"Cell membrane; Cell projection, dendrite; Cytoplasm",https://www.proteinatlas.org/search/MARK3
P27466,CMK1,,https://www.proteinatlas.org/search/CMK1
P27472,GSY2,"Cytoplasm, cytosol",https://www.proteinatlas.org/search/GSY2
P27476,NSR1,"Nucleus; Nucleus, nucleolus",https://www.proteinatlas.org/search/NSR1
P27514,PHO91,Vacuole membrane,https://www.proteinatlas.org/search/PHO91
P27540,ARNT,Nucleus,https://www.proteinatlas.org/search/ARNT
P27550,acs,,https://www.proteinatlas.org/search/acs
P27614,CPS1,Vacuole membrane,https://www.proteinatlas.org/search/CPS1
P27616,ADE1,,https://www.proteinatlas.org/search/ADE1
P27635,RPL10,Cytoplasm,https://www.proteinatlas.org/search/RPL10
P27637,BUD14,,https://www.proteinatlas.org/search/BUD14
P27680,COQ3,Mitochondrion inner membrane,https://www.proteinatlas.org/search/COQ3
P27692,SPT5,Nucleus; Mitochondrion; Chromosome,https://www.proteinatlas.org/search/SPT5
P27694,RPA1,"Nucleus; Nucleus, PML body",https://www.proteinatlas.org/search/RPA1
P27695,APEX1,"Nucleus; Nucleus, nucleolus; Nucleus speckle; Endoplasmic reticulum; Cytoplasm; Mitochondrion",https://www.proteinatlas.org/search/APEX1
P27705,MIG1,Nucleus,https://www.proteinatlas.org/search/MIG1
P27707,DCK,Nucleus,https://www.proteinatlas.org/search/DCK
P27708,CAD,Cytoplasm; Nucleus,https://www.proteinatlas.org/search/CAD
P27797,CALR,"Endoplasmic reticulum lumen; Cytoplasm, cytosol; Secreted, extracellular space, extracellular matrix; Cell surface; Sarcoplasmic reticulum lumen; Cytoplasmic vesicle, secretory vesicle, Cortical granule; Cytolytic granule",https://www.proteinatlas.org/search/CALR
P27801,PEP3,Vacuole membrane,https://www.proteinatlas.org/search/PEP3
P27809,KRE2,Golgi apparatus membrane,https://www.proteinatlas.org/search/KRE2
P27810,KTR1,Golgi apparatus membrane,https://www.proteinatlas.org/search/KTR1
P27816,MAP4,"Cytoplasm, cytoskeleton; Cytoplasm, cytoskeleton, microtubule organizing center",https://www.proteinatlas.org/search/MAP4
P27824,CANX,Endoplasmic reticulum membrane; Mitochondrion membrane; Melanosome membrane,https://www.proteinatlas.org/search/CANX
P27828,wecB,Cytoplasm,https://www.proteinatlas.org/search/wecB
P27829,wecC,,https://www.proteinatlas.org/search/wecC
P27830,rffG,,https://www.proteinatlas.org/search/rffG
P27833,wecE,,https://www.proteinatlas.org/search/wecE
P27848,yigL,,https://www.proteinatlas.org/search/yigL
P27882,ERV1,Mitochondrion intermembrane space,https://www.proteinatlas.org/search/ERV1
P27929,NAM9,Mitochondrion,https://www.proteinatlas.org/search/NAM9
P27999,RPB9,"Nucleus, nucleolus",https://www.proteinatlas.org/search/RPB9
P28000,RPC19,"Nucleus, nucleolus",https://www.proteinatlas.org/search/RPC19
P28003,FUN19,,https://www.proteinatlas.org/search/FUN19
P28005,POP5,Cytoplasm; Nucleus,https://www.proteinatlas.org/search/POP5
P28007,GAR1,"Nucleus, nucleolus",https://www.proteinatlas.org/search/GAR1
P28066,PSMA5,Cytoplasm; Nucleus,https://www.proteinatlas.org/search/PSMA5
P28070,PSMB4,Cytoplasm; Nucleus,https://www.proteinatlas.org/search/PSMB4
P28072,PSMB6,Cytoplasm; Nucleus,https://www.proteinatlas.org/search/PSMB6
P28074,PSMB5,Cytoplasm; Nucleus,https://www.proteinatlas.org/search/PSMB5
P28161,GSTM2,Cytoplasm,https://www.proteinatlas.org/search/GSTM2
P28239,PPA2,Mitochondrion,https://www.proteinatlas.org/search/PPA2
P28241,IDH2,Mitochondrion matrix,https://www.proteinatlas.org/search/IDH2
P28248,dcd,,https://www.proteinatlas.org/search/dcd
P28263,UBC8,Cytoplasm,https://www.proteinatlas.org/search/UBC8
P28272,URA1,Cytoplasm,https://www.proteinatlas.org/search/URA1
P28273,OXP1,Cytoplasm,https://www.proteinatlas.org/search/OXP1
P28274,URA7,,https://www.proteinatlas.org/search/URA7
P28288,ABCD3,Peroxisome membrane,https://www.proteinatlas.org/search/ABCD3
P28289,TMOD1,"Cytoplasm, cytoskeleton",https://www.proteinatlas.org/search/TMOD1
P28304,qorA,,https://www.proteinatlas.org/search/qorA
P28319,CWP1,"Secreted, cell wall; Membrane",https://www.proteinatlas.org/search/CWP1
P28320,YJU2,Nucleus,https://www.proteinatlas.org/search/YJU2
P28321,YJU3,Lipid droplet; Cytoplasm; Endoplasmic reticulum; Mitochondrion outer membrane,https://www.proteinatlas.org/search/YJU3
P28331,NDUFS1,Mitochondrion inner membrane,https://www.proteinatlas.org/search/NDUFS1
P28340,POLD1,Nucleus,https://www.proteinatlas.org/search/POLD1
P28482,MAPK1,"Cytoplasm, cytoskeleton, spindle; Nucleus; Cytoplasm, cytoskeleton, microtubule organizing center, centrosome; Cytoplasm; Membrane, caveola; Cell junction, focal adhesion",https://www.proteinatlas.org/search/MAPK1
P28495,CAP1,"Cytoplasm; Cytoplasm, cytoskeleton, actin patch; Cytoplasm, cytoskeleton",https://www.proteinatlas.org/search/CAP1
P28496,LAC1,Endoplasmic reticulum membrane,https://www.proteinatlas.org/search/LAC1
P28519,RAD14,Nucleus,https://www.proteinatlas.org/search/RAD14
P28625,YIM1,Lipid droplet; Mitochondrion,https://www.proteinatlas.org/search/YIM1
P28702,RXRB,Nucleus; Cytoplasm,https://www.proteinatlas.org/search/RXRB
P28707,SBA1,,https://www.proteinatlas.org/search/SBA1
P28708,PRR1,Cytoplasm,https://www.proteinatlas.org/search/PRR1
P28737,MSP1,Mitochondrion outer membrane; Peroxisome membrane,https://www.proteinatlas.org/search/MSP1
P28777,ARO2,,https://www.proteinatlas.org/search/ARO2
P28789,HEM3,,https://www.proteinatlas.org/search/HEM3
P28791,SEC20,Endoplasmic reticulum membrane,https://www.proteinatlas.org/search/SEC20
P28795,PEX3,Peroxisome membrane; Endoplasmic reticulum membrane,https://www.proteinatlas.org/search/PEX3
P28817,EHD3,Mitochondrion,https://www.proteinatlas.org/search/EHD3
P28834,IDH1,Mitochondrion,https://www.proteinatlas.org/search/IDH1
P28838,LAP3,Cytoplasm,https://www.proteinatlas.org/search/LAP3
P28861,fpr,Cytoplasm,https://www.proteinatlas.org/search/fpr
P28903,nrdD,,https://www.proteinatlas.org/search/nrdD
P28904,treC,Cytoplasm,https://www.proteinatlas.org/search/treC
P29012,dadX,,https://www.proteinatlas.org/search/dadX
P29013,ycgB,,https://www.proteinatlas.org/search/ycgB
P29029,CTS1,"Secreted; Secreted, cell wall",https://www.proteinatlas.org/search/CTS1
P29055,SUA7,Nucleus,https://www.proteinatlas.org/search/SUA7
P29083,GTF2E1,Nucleus,https://www.proteinatlas.org/search/GTF2E1
P29084,GTF2E2,Nucleus,https://www.proteinatlas.org/search/GTF2E2
P29144,TPP2,Cytoplasm; Nucleus,https://www.proteinatlas.org/search/TPP2
P29208,menC,,https://www.proteinatlas.org/search/menC
P29217,yceH,,https://www.proteinatlas.org/search/yceH
P29218,IMPA1,Cytoplasm,https://www.proteinatlas.org/search/IMPA1
P29295,HRR25,"Cytoplasm; Nucleus, nucleolus; Nucleus, nucleoplasm",https://www.proteinatlas.org/search/HRR25
P29311,BMH1,,https://www.proteinatlas.org/search/BMH1
P29353,SHC1,"Cytoplasm; Cell junction, focal adhesion; Mitochondrion matrix; Mitochondrion",https://www.proteinatlas.org/search/SHC1
P29366,BEM1,"Cytoplasm, cytoskeleton",https://www.proteinatlas.org/search/BEM1
P29372,MPG,"Cytoplasm; Mitochondrion matrix, mitochondrion nucleoid; Nucleus",https://www.proteinatlas.org/search/MPG
P29401,TKT,,https://www.proteinatlas.org/search/TKT
P29453,RPL8B,Cytoplasm,https://www.proteinatlas.org/search/RPL8B
P29468,PAP1,Nucleus,https://www.proteinatlas.org/search/PAP1
P29469,MCM2,Nucleus,https://www.proteinatlas.org/search/MCM2
P29478,SEC65,Cytoplasm,https://www.proteinatlas.org/search/SEC65
P29496,MCM5,Nucleus,https://www.proteinatlas.org/search/MCM5
P29509,TRR1,Cytoplasm; Mitochondrion intermembrane space,https://www.proteinatlas.org/search/TRR1
P29547,CAM1,Cytoplasm; Nucleus,https://www.proteinatlas.org/search/CAM1
P29590,PML,"Nucleus; Nucleus, nucleoplasm; Cytoplasm; Nucleus, PML body; Nucleus, nucleolus; Endoplasmic reticulum membrane; Early endosome membrane",https://www.proteinatlas.org/search/PML
P29680,hemE,Cytoplasm,https://www.proteinatlas.org/search/hemE
P29692,EEF1D,Nucleus,https://www.proteinatlas.org/search/EEF1D
P29703,RAM2,Cytoplasm,https://www.proteinatlas.org/search/RAM2
P29704,ERG9,Endoplasmic reticulum membrane; Microsome,https://www.proteinatlas.org/search/ERG9
P29745,pepT,Cytoplasm,https://www.proteinatlas.org/search/pepT
P29952,PMI40,Cytoplasm,https://www.proteinatlas.org/search/PMI40
P29966,MARCKS,"Cell membrane; Cytoplasm, cytoskeleton; Cytoplasm",https://www.proteinatlas.org/search/MARCKS
P30011,nadC,,https://www.proteinatlas.org/search/nadC
P30014,rnt,,https://www.proteinatlas.org/search/rnt
P30015,lhr,,https://www.proteinatlas.org/search/lhr
P30038,ALDH4A1,Mitochondrion matrix,https://www.proteinatlas.org/search/ALDH4A1
P30040,ERP29,Endoplasmic reticulum lumen; Melanosome,https://www.proteinatlas.org/search/ERP29
P30041,PRDX6,Cytoplasm; Lysosome,https://www.proteinatlas.org/search/PRDX6
P30043,BLVRB,Cytoplasm,https://www.proteinatlas.org/search/BLVRB
P30044,PRDX5,Mitochondrion; Cytoplasm; Peroxisome matrix,https://www.proteinatlas.org/search/PRDX5
P30046,DDT,Cytoplasm,https://www.proteinatlas.org/search/DDT
P30047,GCHFR,"Nucleus; Nucleus membrane; Cytoplasm, cytosol",https://www.proteinatlas.org/search/GCHFR
P30048,PRDX3,Mitochondrion; Cytoplasm; Early endosome,https://www.proteinatlas.org/search/PRDX3
P30049,ATP5F1D,Mitochondrion; Mitochondrion inner membrane,https://www.proteinatlas.org/search/ATP5F1D
P30050,RPL12,Cytoplasm,https://www.proteinatlas.org/search/RPL12
P30084,ECHS1,Mitochondrion matrix,https://www.proteinatlas.org/search/ECHS1
P30085,CMPK1,Nucleus; Cytoplasm,https://www.proteinatlas.org/search/CMPK1
P30086,PEBP1,Cytoplasm,https://www.proteinatlas.org/search/PEBP1
P30101,PDIA3,Endoplasmic reticulum; Endoplasmic reticulum lumen; Melanosome,https://www.proteinatlas.org/search/PDIA3
P30125,leuB,Cytoplasm,https://www.proteinatlas.org/search/leuB
P30126,leuD,,https://www.proteinatlas.org/search/leuD
P30153,PPP2R1A,"Cytoplasm; Nucleus; Chromosome; Chromosome, centromere; Lateral cell membrane; Cell projection, dendrite",https://www.proteinatlas.org/search/PPP2R1A
P30154,PPP2R1B,,https://www.proteinatlas.org/search/PPP2R1B
P30177,ybiB,,https://www.proteinatlas.org/search/ybiB
P30178,hcxB,,https://www.proteinatlas.org/search/hcxB
P30260,CDC27,"Nucleus; Cytoplasm, cytoskeleton, spindle",https://www.proteinatlas.org/search/CDC27
P30291,WEE1,Nucleus,https://www.proteinatlas.org/search/WEE1
P30307,CDC25C,Nucleus,https://www.proteinatlas.org/search/CDC25C
P30405,PPIF,Mitochondrion matrix,https://www.proteinatlas.org/search/PPIF
P30414,NKTR,Cell membrane,https://www.proteinatlas.org/search/NKTR
P30419,NMT1,"Cytoplasm; Cytoplasm, cytosol; Membrane",https://www.proteinatlas.org/search/NMT1
P30519,HMOX2,Microsome membrane; Endoplasmic reticulum membrane,https://www.proteinatlas.org/search/HMOX2
P30520,ADSS2,Cytoplasm; Mitochondrion,https://www.proteinatlas.org/search/ADSS2
P30533,LRPAP1,"Rough endoplasmic reticulum lumen; Endoplasmic reticulum-Golgi intermediate compartment lumen; Golgi apparatus, cis-Golgi network; Golgi apparatus lumen; Endosome lumen; Cell surface",https://www.proteinatlas.org/search/LRPAP1
P30566,ADSL,,https://www.proteinatlas.org/search/ADSL
P30613,PKLR,,https://www.proteinatlas.org/search/PKLR
P30619,SEC1,,https://www.proteinatlas.org/search/SEC1
P30622,CLIP1,"Cytoplasm; Cytoplasm, cytoskeleton; Cytoplasmic vesicle membrane; Cell projection, ruffle",https://www.proteinatlas.org/search/CLIP1
P30624,FAA1,Lipid droplet; Cell membrane,https://www.proteinatlas.org/search/FAA1
P30626,SRI,Cytoplasm; Sarcoplasmic reticulum membrane,https://www.proteinatlas.org/search/SRI
P30656,PRE2,Cytoplasm; Nucleus,https://www.proteinatlas.org/search/PRE2
P30657,PRE4,Cytoplasm; Nucleus,https://www.proteinatlas.org/search/PRE4
P30665,MCM4,Nucleus,https://www.proteinatlas.org/search/MCM4
P30740,SERPINB1,Secreted; Cytoplasm; Cytolytic granule; Early endosome,https://www.proteinatlas.org/search/SERPINB1
P30748,moaD,,https://www.proteinatlas.org/search/moaD
P30749,moaE,,https://www.proteinatlas.org/search/moaE
P30771,NAM7,Cytoplasm,https://www.proteinatlas.org/search/NAM7
P30822,CRM1,"Nucleus; Cytoplasm, perinuclear region",https://www.proteinatlas.org/search/CRM1
P30825,SLC7A1,Cell membrane,https://www.proteinatlas.org/search/SLC7A1
P30837,ALDH1B1,Mitochondrion matrix,https://www.proteinatlas.org/search/ALDH1B1
P30850,rnb,Cytoplasm,https://www.proteinatlas.org/search/rnb
P30859,artI,Periplasm,https://www.proteinatlas.org/search/artI
P30860,artJ,Periplasm,https://www.proteinatlas.org/search/artJ
P30863,dkgB,Cytoplasm,https://www.proteinatlas.org/search/dkgB
P30870,glnE,,https://www.proteinatlas.org/search/glnE
P30871,ygiF,,https://www.proteinatlas.org/search/ygiF
P30876,POLR2B,Nucleus,https://www.proteinatlas.org/search/POLR2B
P30902,ATP7,Mitochondrion; Mitochondrion inner membrane,https://www.proteinatlas.org/search/ATP7
P30952,MLS1,Peroxisome matrix,https://www.proteinatlas.org/search/MLS1
P30958,mfd,Cytoplasm,https://www.proteinatlas.org/search/mfd
P31040,SDHA,Mitochondrion inner membrane,https://www.proteinatlas.org/search/SDHA
P31057,panB,Cytoplasm,https://www.proteinatlas.org/search/panB
P31063,yedD,Cell membrane,https://www.proteinatlas.org/search/yedD
P31109,SNC1,Endomembrane system,https://www.proteinatlas.org/search/SNC1
P31115,DEG1,Nucleus,https://www.proteinatlas.org/search/DEG1
P31116,HOM6,,https://www.proteinatlas.org/search/HOM6
P31120,glmM,,https://www.proteinatlas.org/search/glmM
P31130,ydeI,,https://www.proteinatlas.org/search/ydeI
P31133,potF,Periplasm,https://www.proteinatlas.org/search/potF
P31142,sseA,Cytoplasm,https://www.proteinatlas.org/search/sseA
P31146,CORO1A,"Cytoplasm, cytoskeleton; Cytoplasm, cell cortex; Cytoplasmic vesicle, phagosome membrane",https://www.proteinatlas.org/search/CORO1A
P31150,GDI1,"Cytoplasm; Golgi apparatus, trans-Golgi network",https://www.proteinatlas.org/search/GDI1
P31153,MAT2A,,https://www.proteinatlas.org/search/MAT2A
P31321,PRKAR1B,Cell membrane,https://www.proteinatlas.org/search/PRKAR1B
P31323,PRKAR2B,Cytoplasm; Cell membrane,https://www.proteinatlas.org/search/PRKAR2B
P31350,RRM2,Cytoplasm; Nucleus,https://www.proteinatlas.org/search/RRM2
P31373,CYS3,Cytoplasm,https://www.proteinatlas.org/search/CYS3
P31374,PSK1,Cytoplasm,https://www.proteinatlas.org/search/PSK1
P31377,SYN8,Endosome membrane,https://www.proteinatlas.org/search/SYN8
P31380,FUN30,Nucleus; Chromosome,https://www.proteinatlas.org/search/FUN30
P31382,PMT2,Endoplasmic reticulum membrane,https://www.proteinatlas.org/search/PMT2
P31383,TPD3,,https://www.proteinatlas.org/search/TPD3
P31384,CCR4,Cytoplasm; Nucleus,https://www.proteinatlas.org/search/CCR4
P31385,DEP1,Cytoplasm; Nucleus,https://www.proteinatlas.org/search/DEP1
P31412,VMA5,Vacuole membrane,https://www.proteinatlas.org/search/VMA5
P31441,ade,,https://www.proteinatlas.org/search/ade
P31455,yidR,,https://www.proteinatlas.org/search/yidR
P31460,dgoR,,https://www.proteinatlas.org/search/dgoR
P31469,cbrC,,https://www.proteinatlas.org/search/cbrC
P31475,yieP,,https://www.proteinatlas.org/search/yieP
P31483,TIA1,"Nucleus; Cytoplasm; Cytoplasm, Stress granule",https://www.proteinatlas.org/search/TIA1
P31539,HSP104,Cytoplasm; Nucleus,https://www.proteinatlas.org/search/HSP104
P31550,thiB,Periplasm,https://www.proteinatlas.org/search/thiB
P31641,SLC6A6,Cell membrane; Mitochondrion inner membrane,https://www.proteinatlas.org/search/SLC6A6
P31658,hchA,Cytoplasm,https://www.proteinatlas.org/search/hchA
P31663,panC,Cytoplasm,https://www.proteinatlas.org/search/panC
P31677,otsA,,https://www.proteinatlas.org/search/otsA
P31688,TPS2,Cytoplasm,https://www.proteinatlas.org/search/TPS2
P31689,DNAJA1,"Membrane; Cytoplasm; Microsome; Nucleus; Cytoplasm, perinuclear region; Mitochondrion",https://www.proteinatlas.org/search/DNAJA1
P31697,fimC,Periplasm,https://www.proteinatlas.org/search/fimC
P31749,AKT1,Cytoplasm; Nucleus; Cell membrane; Mitochondrion intermembrane space,https://www.proteinatlas.org/search/AKT1
P31751,AKT2,Cytoplasm; Nucleus; Cell membrane; Early endosome,https://www.proteinatlas.org/search/AKT2
P31755,OCH1,Endoplasmic reticulum membrane; Golgi apparatus membrane,https://www.proteinatlas.org/search/OCH1
P31787,ACB1,,https://www.proteinatlas.org/search/ACB1
P31802,narP,,https://www.proteinatlas.org/search/narP
P31806,nnr,,https://www.proteinatlas.org/search/nnr
P31808,yciK,,https://www.proteinatlas.org/search/yciK
P31930,UQCRC1,Mitochondrion inner membrane,https://www.proteinatlas.org/search/UQCRC1
P31937,HIBADH,Mitochondrion,https://www.proteinatlas.org/search/HIBADH
P31939,ATIC,"Cytoplasm, cytosol",https://www.proteinatlas.org/search/ATIC
P31942,HNRNPH3,Nucleus,https://www.proteinatlas.org/search/HNRNPH3
P31943,HNRNPH1,"Nucleus, nucleoplasm",https://www.proteinatlas.org/search/HNRNPH1
P31946,YWHAB,Cytoplasm; Melanosome; Vacuole membrane,https://www.proteinatlas.org/search/YWHAB
P31948,STIP1,Cytoplasm; Nucleus; Dynein axonemal particle,https://www.proteinatlas.org/search/STIP1
P31949,S100A11,Cytoplasm; Nucleus,https://www.proteinatlas.org/search/S100A11
P31979,nuoF,,https://www.proteinatlas.org/search/nuoF
P32019,INPP5B,"Cytoplasm, cytosol; Endoplasmic reticulum-Golgi intermediate compartment; Early endosome membrane; Membrane; Cytoplasmic vesicle, phagosome membrane; Golgi apparatus",https://www.proteinatlas.org/search/INPP5B
P32048,MSK1,Mitochondrion matrix,https://www.proteinatlas.org/search/MSK1
P32074,SEC21,"Cytoplasm; Golgi apparatus membrane; Cytoplasmic vesicle, COPI-coated vesicle membrane; Endosome",https://www.proteinatlas.org/search/SEC21
P32099,lplA,Cytoplasm,https://www.proteinatlas.org/search/lplA
P32119,PRDX2,Cytoplasm,https://www.proteinatlas.org/search/PRDX2
P32131,hemN,Cytoplasm,https://www.proteinatlas.org/search/hemN
P32157,yiiM,,https://www.proteinatlas.org/search/yiiM
P32162,yiiS,,https://www.proteinatlas.org/search/yiiS
P32176,fdoG,Periplasm,https://www.proteinatlas.org/search/fdoG
P32178,ARO7,Cytoplasm,https://www.proteinatlas.org/search/ARO7
P32179,MET22,Cytoplasm; Nucleus,https://www.proteinatlas.org/search/MET22
P32191,GUT2,Mitochondrion inner membrane; Mitochondrion intermembrane space,https://www.proteinatlas.org/search/GUT2
P32259,SIN4,Nucleus,https://www.proteinatlas.org/search/SIN4
P32263,PRO3,,https://www.proteinatlas.org/search/PRO3
P32264,PRO1,Cytoplasm,https://www.proteinatlas.org/search/PRO1
P32266,MGM1,Mitochondrion inner membrane; Mitochondrion intermembrane space,https://www.proteinatlas.org/search/MGM1
P32288,GLN1,Cytoplasm,https://www.proteinatlas.org/search/GLN1
P32316,ACH1,Cytoplasm,https://www.proteinatlas.org/search/ACH1
P32317,AFG1,,https://www.proteinatlas.org/search/AFG1
P32319,PEP1,"Golgi apparatus, trans-Golgi network membrane; Prevacuolar compartment membrane",https://www.proteinatlas.org/search/PEP1
P32321,DCTD,,https://www.proteinatlas.org/search/DCTD
P32322,PYCR1,Mitochondrion,https://www.proteinatlas.org/search/PYCR1
P32324,EFT1,Cytoplasm,https://www.proteinatlas.org/search/EFT1
P32327,PYC2,Cytoplasm,https://www.proteinatlas.org/search/PYC2
P32329,YPS1,Cell membrane,https://www.proteinatlas.org/search/YPS1
P32333,MOT1,Mitochondrion; Nucleus,https://www.proteinatlas.org/search/MOT1
P32335,MSS51,Mitochondrion inner membrane,https://www.proteinatlas.org/search/MSS51
P32337,PSE1,Cytoplasm; Nucleus,https://www.proteinatlas.org/search/PSE1
P32338,RME1,Nucleus,https://www.proteinatlas.org/search/RME1
P32340,NDI1,Mitochondrion inner membrane,https://www.proteinatlas.org/search/NDI1
P32341,VPH2,Endoplasmic reticulum membrane,https://www.proteinatlas.org/search/VPH2
P32342,SRP21,Cytoplasm; Nucleus,https://www.proteinatlas.org/search/SRP21
P32347,HEM12,Nucleus; Cytoplasm,https://www.proteinatlas.org/search/HEM12
P32349,RPC82,Cytoplasm; Nucleus,https://www.proteinatlas.org/search/RPC82
P32351,IMP2',,https://www.proteinatlas.org/search/IMP2'
P32352,ERG2,Endoplasmic reticulum membrane,https://www.proteinatlas.org/search/ERG2
P32353,ERG3,Endoplasmic reticulum membrane,https://www.proteinatlas.org/search/ERG3
P32356,NTH1,Cytoplasm,https://www.proteinatlas.org/search/NTH1
P32364,SMY1,"Cytoplasm, cytoskeleton",https://www.proteinatlas.org/search/SMY1
P32366,VMA6,Vacuole membrane,https://www.proteinatlas.org/search/VMA6
P32367,TFC1,Nucleus,https://www.proteinatlas.org/search/TFC1
P32368,SAC1,Endoplasmic reticulum membrane; Golgi apparatus membrane,https://www.proteinatlas.org/search/SAC1
P32377,MVD1,,https://www.proteinatlas.org/search/MVD1
P32379,PUP2,Cytoplasm; Nucleus,https://www.proteinatlas.org/search/PUP2
P32380,SPC110,"Nucleus; Cytoplasm, cytoskeleton, microtubule organizing center, spindle pole body",https://www.proteinatlas.org/search/SPC110
P32381,ARP2,"Cytoplasm, cytoskeleton, actin patch",https://www.proteinatlas.org/search/ARP2
P32386,YBT1,Vacuole membrane,https://www.proteinatlas.org/search/YBT1
P32389,MET4,Nucleus,https://www.proteinatlas.org/search/MET4
P32419,MDH3,Peroxisome,https://www.proteinatlas.org/search/MDH3
P32445,RIM1,Mitochondrion,https://www.proteinatlas.org/search/RIM1
P32447,ASF1,Nucleus,https://www.proteinatlas.org/search/ASF1
P32449,ARO4,Cytoplasm,https://www.proteinatlas.org/search/ARO4
P32452,PHA2,Cytoplasm,https://www.proteinatlas.org/search/PHA2
P32453,ATP11,Mitochondrion,https://www.proteinatlas.org/search/ATP11
P32454,APE2,Periplasm; Cytoplasm; Mitochondrion,https://www.proteinatlas.org/search/APE2
P32457,CDC3,Membrane; Bud neck,https://www.proteinatlas.org/search/CDC3
P32458,CDC11,Membrane; Bud neck,https://www.proteinatlas.org/search/CDC11
P32461,DPH2,Cytoplasm,https://www.proteinatlas.org/search/DPH2
P32462,ERG24,Membrane,https://www.proteinatlas.org/search/ERG24
P32463,ACP1,Mitochondrion,https://www.proteinatlas.org/search/ACP1
P32464,HYM1,,https://www.proteinatlas.org/search/HYM1
P32466,HXT3,Membrane,https://www.proteinatlas.org/search/HXT3
P32467,HXT4,Cell membrane,https://www.proteinatlas.org/search/HXT4
P32468,CDC12,Membrane; Bud neck,https://www.proteinatlas.org/search/CDC12
P32469,DPH5,Cytoplasm,https://www.proteinatlas.org/search/DPH5
P32471,EFB1,,https://www.proteinatlas.org/search/EFB1
P32472,FPR2,Endoplasmic reticulum membrane,https://www.proteinatlas.org/search/FPR2
P32473,PDB1,Mitochondrion matrix,https://www.proteinatlas.org/search/PDB1
P32474,EUG1,Endoplasmic reticulum lumen,https://www.proteinatlas.org/search/EUG1
P32476,ERG1,Microsome membrane; Endoplasmic reticulum membrane; Lipid droplet,https://www.proteinatlas.org/search/ERG1
P32477,GSH1,,https://www.proteinatlas.org/search/GSH1
P32480,HIR2,Nucleus; Chromosome,https://www.proteinatlas.org/search/HIR2
P32481,GCD11,"Cytoplasm, cytosol",https://www.proteinatlas.org/search/GCD11
P32485,HOG1,Cytoplasm; Nucleus,https://www.proteinatlas.org/search/HOG1
P32486,KRE6,Golgi apparatus membrane,https://www.proteinatlas.org/search/KRE6
P32487,LYP1,Membrane,https://www.proteinatlas.org/search/LYP1
P32491,MKK2,"Cytoplasm, cytosol; Cell tip",https://www.proteinatlas.org/search/MKK2
P32492,MYO4,Bud,https://www.proteinatlas.org/search/MYO4
P32495,NHP2,"Nucleus, nucleolus",https://www.proteinatlas.org/search/NHP2
P32496,RPN12,,https://www.proteinatlas.org/search/RPN12
P32497,NIP1,Cytoplasm,https://www.proteinatlas.org/search/NIP1
P32499,NUP2,"Nucleus, nuclear pore complex; Nucleus membrane",https://www.proteinatlas.org/search/NUP2
P32500,NDC1,"Nucleus, nuclear pore complex; Nucleus membrane; Cytoplasm, cytoskeleton, microtubule organizing center, spindle pole body",https://www.proteinatlas.org/search/NDC1
P32501,GCD6,"Cytoplasm, cytosol",https://www.proteinatlas.org/search/GCD6
P32502,GCD7,"Cytoplasm, cytosol",https://www.proteinatlas.org/search/GCD7
P32503,gag,Virion,https://www.proteinatlas.org/search/gag
P32505,NAB2,Nucleus; Cytoplasm,https://www.proteinatlas.org/search/NAB2
P32519,ELF1,Nucleus,https://www.proteinatlas.org/search/ELF1
P32521,PAN1,"Cell membrane; Endosome membrane; Cytoplasm, cytoskeleton, actin patch",https://www.proteinatlas.org/search/PAN1
P32523,PRP19,Nucleus,https://www.proteinatlas.org/search/PRP19
P32524,PRP21,Nucleus,https://www.proteinatlas.org/search/PRP21
P32525,ECM25,Cytoplasm,https://www.proteinatlas.org/search/ECM25
P32527,ZUO1,Cytoplasm,https://www.proteinatlas.org/search/ZUO1
P32528,"DUR1,2",,"https://www.proteinatlas.org/search/DUR1,2"
P32529,RPA12,"Nucleus, nucleolus",https://www.proteinatlas.org/search/RPA12
P32558,SPT16,Nucleus; Chromosome,https://www.proteinatlas.org/search/SPT16
P32561,RPD3,Cytoplasm; Nucleus,https://www.proteinatlas.org/search/RPD3
P32563,VPH1,Vacuole membrane,https://www.proteinatlas.org/search/VPH1
P32564,SCM4,Membrane,https://www.proteinatlas.org/search/SCM4
P32565,RPN2,,https://www.proteinatlas.org/search/RPN2
P32566,SMI1,Nucleus,https://www.proteinatlas.org/search/SMI1
P32567,PAH1,Cytoplasm; Nucleus membrane; Endoplasmic reticulum membrane,https://www.proteinatlas.org/search/PAH1
P32568,SNQ2,Membrane,https://www.proteinatlas.org/search/SNQ2
P32569,SRB4,Nucleus,https://www.proteinatlas.org/search/SRB4
P32570,SRB6,Nucleus,https://www.proteinatlas.org/search/SRB6
P32573,SPS19,Peroxisome,https://www.proteinatlas.org/search/SPS19
P32578,SIP1,Cytoplasm; Vacuole membrane,https://www.proteinatlas.org/search/SIP1
P32579,SUA5,"Cytoplasm; Nucleus; Chromosome, telomere",https://www.proteinatlas.org/search/SUA5
P32582,CYS4,,https://www.proteinatlas.org/search/CYS4
P32583,SRP40,,https://www.proteinatlas.org/search/SRP40
P32588,PUB1,"Cytoplasm; Nucleus; Cytoplasm, P-body; Cytoplasm, Stress granule",https://www.proteinatlas.org/search/PUB1
P32589,SSE1,Cytoplasm,https://www.proteinatlas.org/search/SSE1
P32590,SSE2,,https://www.proteinatlas.org/search/SSE2
P32591,SWI3,Nucleus,https://www.proteinatlas.org/search/SWI3
P32597,STH1,Nucleus,https://www.proteinatlas.org/search/STH1
P32598,GLC7,Cytoplasm; Nucleus,https://www.proteinatlas.org/search/GLC7
P32599,SAC6,,https://www.proteinatlas.org/search/SAC6
P32600,TOR2,Cell membrane; Vacuole membrane,https://www.proteinatlas.org/search/TOR2
P32602,SEC17,Membrane,https://www.proteinatlas.org/search/SEC17
P32604,FBP26,,https://www.proteinatlas.org/search/FBP26
P32607,RTG1,Nucleus,https://www.proteinatlas.org/search/RTG1
P32608,RTG2,,https://www.proteinatlas.org/search/RTG2
P32610,VMA8,Vacuole membrane,https://www.proteinatlas.org/search/VMA8
P32614,FRD1,Cytoplasm,https://www.proteinatlas.org/search/FRD1
P32618,YEL043W,,https://www.proteinatlas.org/search/YEL043W
P32621,GDA1,Golgi apparatus membrane,https://www.proteinatlas.org/search/GDA1
P32623,UTR2,"Secreted, cell wall; Membrane",https://www.proteinatlas.org/search/UTR2
P32626,UTR4,Cytoplasm; Nucleus,https://www.proteinatlas.org/search/UTR4
P32628,RAD23,Nucleus; Cytoplasm,https://www.proteinatlas.org/search/RAD23
P32629,ANP1,Endoplasmic reticulum membrane; Golgi apparatus membrane,https://www.proteinatlas.org/search/ANP1
P32639,BRR2,Nucleus,https://www.proteinatlas.org/search/BRR2
P32642,GRX4,,https://www.proteinatlas.org/search/GRX4
P32643,TMT1,Cytoplasm,https://www.proteinatlas.org/search/TMT1
P32644,ECM32,Cytoplasm,https://www.proteinatlas.org/search/ECM32
P32657,CHD1,Nucleus,https://www.proteinatlas.org/search/CHD1
P32660,DNF1,"Cell membrane; Endosome membrane; Golgi apparatus, trans-Golgi network membrane; Cell septum; Bud",https://www.proteinatlas.org/search/DNF1
P32662,gph,,https://www.proteinatlas.org/search/gph
P32680,yjaG,,https://www.proteinatlas.org/search/yjaG
P32684,rluF,,https://www.proteinatlas.org/search/rluF
P32693,yjbL,,https://www.proteinatlas.org/search/yjbL
P32695,dusA,,https://www.proteinatlas.org/search/dusA
P32705,actP,Cell inner membrane,https://www.proteinatlas.org/search/actP
P32719,alsE,,https://www.proteinatlas.org/search/alsE
P32767,KAP122,Nucleus envelope,https://www.proteinatlas.org/search/KAP122
P32769,HBS1,Cytoplasm,https://www.proteinatlas.org/search/HBS1
P32770,NRP1,Chromosome; Nucleus,https://www.proteinatlas.org/search/NRP1
P32771,SFA1,Cytoplasm; Mitochondrion,https://www.proteinatlas.org/search/SFA1
P32773,TOA1,Cytoplasm; Nucleus,https://www.proteinatlas.org/search/TOA1
P32774,TOA2,Cytoplasm; Nucleus,https://www.proteinatlas.org/search/TOA2
P32775,GLC3,Cytoplasm,https://www.proteinatlas.org/search/GLC3
P32776,TFB1,Nucleus,https://www.proteinatlas.org/search/TFB1
P32780,GTF2H1,Nucleus,https://www.proteinatlas.org/search/GTF2H1
P32783,ABD1,Nucleus,https://www.proteinatlas.org/search/ABD1
P32784,SCT1,Endoplasmic reticulum membrane,https://www.proteinatlas.org/search/SCT1
P32787,MGM101,"Mitochondrion matrix, mitochondrion nucleoid",https://www.proteinatlas.org/search/MGM101
P32790,SLA1,"Nucleus; Cell membrane; Endosome membrane; Cytoplasm, cytoskeleton, actin patch",https://www.proteinatlas.org/search/SLA1
P32792,YSC83,Mitochondrion outer membrane,https://www.proteinatlas.org/search/YSC83
P32793,YSC84,"Cytoplasm, cytoskeleton, actin patch",https://www.proteinatlas.org/search/YSC84
P32794,AFG2,Cytoplasm,https://www.proteinatlas.org/search/AFG2
P32795,YME1,Mitochondrion inner membrane,https://www.proteinatlas.org/search/YME1
P32796,CAT2,Mitochondrion inner membrane; Peroxisome,https://www.proteinatlas.org/search/CAT2
P32798,COT1,Vacuole membrane,https://www.proteinatlas.org/search/COT1
P32802,EMP70,Endosome membrane; Vacuole membrane,https://www.proteinatlas.org/search/EMP70
P32803,EMP24,Endoplasmic reticulum membrane; Golgi apparatus membrane,https://www.proteinatlas.org/search/EMP24
P32805,FZF1,Nucleus,https://www.proteinatlas.org/search/FZF1
P32806,GYP6,Cytoplasm,https://www.proteinatlas.org/search/GYP6
P32831,NGR1,,https://www.proteinatlas.org/search/NGR1
P32832,NPL6,Nucleus,https://www.proteinatlas.org/search/NPL6
P32835,GSP1,Nucleus,https://www.proteinatlas.org/search/GSP1
P32836,GSP2,Nucleus,https://www.proteinatlas.org/search/GSP2
P32843,YME2,Mitochondrion inner membrane,https://www.proteinatlas.org/search/YME2
P32854,PEP12,Membrane,https://www.proteinatlas.org/search/PEP12
P32855,SEC8,Cytoplasm; Cell membrane,https://www.proteinatlas.org/search/SEC8
P32857,PTM1,Golgi apparatus membrane; Early endosome membrane,https://www.proteinatlas.org/search/PTM1
P32860,NFU1,Mitochondrion matrix,https://www.proteinatlas.org/search/NFU1
P32861,UGP1,,https://www.proteinatlas.org/search/UGP1
P32864,MRS6,,https://www.proteinatlas.org/search/MRS6
P32867,SSO1,Membrane,https://www.proteinatlas.org/search/SSO1
P32873,BEM3,Cytoplasm,https://www.proteinatlas.org/search/BEM3
P32875,LIP5,Mitochondrion,https://www.proteinatlas.org/search/LIP5
P32891,DLD1,Mitochondrion inner membrane,https://www.proteinatlas.org/search/DLD1
P32892,DRS1,"Nucleus, nucleolus",https://www.proteinatlas.org/search/DRS1
P32895,PRS1,Cytoplasm,https://www.proteinatlas.org/search/PRS1
P32896,PDC2,,https://www.proteinatlas.org/search/PDC2
P32897,TIM23,Mitochondrion inner membrane,https://www.proteinatlas.org/search/TIM23
P32898,CYM1,Mitochondrion matrix,https://www.proteinatlas.org/search/CYM1
P32899,IMP3,"Nucleus, nucleolus",https://www.proteinatlas.org/search/IMP3
P32900,SKG6,Membrane,https://www.proteinatlas.org/search/SKG6
P32901,PTR2,Membrane,https://www.proteinatlas.org/search/PTR2
P32905,RPS0A,Cytoplasm,https://www.proteinatlas.org/search/RPS0A
P32906,MNS1,Endoplasmic reticulum membrane,https://www.proteinatlas.org/search/MNS1
P32907,ATO2,Cell membrane,https://www.proteinatlas.org/search/ATO2
P32908,SMC1,Nucleus; Chromosome,https://www.proteinatlas.org/search/SMC1
P32909,SMY2,Cytoplasm,https://www.proteinatlas.org/search/SMY2
P32910,RPC34,Nucleus,https://www.proteinatlas.org/search/RPC34
P32911,SUI1,,https://www.proteinatlas.org/search/SUI1
P32912,VAM7,Vacuole,https://www.proteinatlas.org/search/VAM7
P32913,VPS17,Endomembrane system,https://www.proteinatlas.org/search/VPS17
P32915,SEC61,Endoplasmic reticulum membrane,https://www.proteinatlas.org/search/SEC61
P32916,SRP101,Endoplasmic reticulum membrane,https://www.proteinatlas.org/search/SRP101
P32929,CTH,Cytoplasm,https://www.proteinatlas.org/search/CTH
P32939,YPT7,Late endosome; Vacuole membrane,https://www.proteinatlas.org/search/YPT7
P32969,RPL9,Cytoplasm,https://www.proteinatlas.org/search/RPL9
P33014,tsuB,,https://www.proteinatlas.org/search/tsuB
P33018,yeiG,,https://www.proteinatlas.org/search/yeiG
P33121,ACSL1,Mitochondrion outer membrane; Peroxisome membrane; Microsome membrane; Endoplasmic reticulum membrane,https://www.proteinatlas.org/search/ACSL1
P33136,mdoG,Periplasm,https://www.proteinatlas.org/search/mdoG
P33176,KIF5B,"Cytoplasm, cytoskeleton; Cytolytic granule membrane; Lysosome membrane",https://www.proteinatlas.org/search/KIF5B
P33195,gcvP,,https://www.proteinatlas.org/search/gcvP
P33201,MRT4,"Nucleus, nucleolus; Cytoplasm",https://www.proteinatlas.org/search/MRT4
P33202,UFD4,,https://www.proteinatlas.org/search/UFD4
P33204,ARC19,"Cytoplasm, cytoskeleton, actin patch",https://www.proteinatlas.org/search/ARC19
P33218,yebE,Cell inner membrane,https://www.proteinatlas.org/search/yebE
P33221,purT,,https://www.proteinatlas.org/search/purT
P33224,aidB,Cytoplasm,https://www.proteinatlas.org/search/aidB
P33232,lldD,Cell inner membrane,https://www.proteinatlas.org/search/lldD
P33240,CSTF2,Nucleus,https://www.proteinatlas.org/search/CSTF2
P33297,RPT5,Cytoplasm; Nucleus,https://www.proteinatlas.org/search/RPT5
P33298,RPT3,Cytoplasm; Nucleus,https://www.proteinatlas.org/search/RPT3
P33299,RPT1,Cytoplasm; Nucleus,https://www.proteinatlas.org/search/RPT1
P33302,PDR5,Cell membrane,https://www.proteinatlas.org/search/PDR5
P33307,CSE1,Cytoplasm; Nucleus,https://www.proteinatlas.org/search/CSE1
P33308,CSE2,Nucleus,https://www.proteinatlas.org/search/CSE2
P33309,DOM34,Cytoplasm,https://www.proteinatlas.org/search/DOM34
P33312,RIB7,,https://www.proteinatlas.org/search/RIB7
P33313,CNS1,Cytoplasm,https://www.proteinatlas.org/search/CNS1
P33315,TKL2,,https://www.proteinatlas.org/search/TKL2
P33316,DUT,Nucleus; Mitochondrion,https://www.proteinatlas.org/search/DUT
P33317,DUT1,,https://www.proteinatlas.org/search/DUT1
P33322,CBF5,"Nucleus, nucleolus; Chromosome, centromere; Cytoplasm, cytoskeleton",https://www.proteinatlas.org/search/CBF5
P33324,YKL091C,,https://www.proteinatlas.org/search/YKL091C
P33327,GDH2,,https://www.proteinatlas.org/search/GDH2
P33328,SNC2,Endomembrane system,https://www.proteinatlas.org/search/SNC2
P33329,PPZ2,,https://www.proteinatlas.org/search/PPZ2
P33330,SER1,,https://www.proteinatlas.org/search/SER1
P33331,NTF2,Cytoplasm,https://www.proteinatlas.org/search/NTF2
P33332,SEC3,Bud tip,https://www.proteinatlas.org/search/SEC3
P33333,SLC1,Lipid droplet,https://www.proteinatlas.org/search/SLC1
P33334,PRP8,Nucleus,https://www.proteinatlas.org/search/PRP8
P33338,SLA2,"Cell membrane; Cytoplasm, cytoskeleton, actin patch; Cytoplasm, cell cortex; Bud tip",https://www.proteinatlas.org/search/SLA2
P33339,TFC4,Nucleus,https://www.proteinatlas.org/search/TFC4
P33362,yehZ,Periplasm,https://www.proteinatlas.org/search/yehZ
P33363,bglX,Periplasm,https://www.proteinatlas.org/search/bglX
P33368,yohF,,https://www.proteinatlas.org/search/yohF
P33399,LHP1,Nucleus,https://www.proteinatlas.org/search/LHP1
P33401,PGM1,Cytoplasm,https://www.proteinatlas.org/search/PGM1
P33412,ECT1,Cytoplasm; Nucleus,https://www.proteinatlas.org/search/ECT1
P33416,HSP78,Mitochondrion matrix,https://www.proteinatlas.org/search/HSP78
P33417,IXR1,Nucleus,https://www.proteinatlas.org/search/IXR1
P33418,LOS1,Nucleus; Cytoplasm,https://www.proteinatlas.org/search/LOS1
P33421,SDH3,Mitochondrion inner membrane,https://www.proteinatlas.org/search/SDH3
P33441,MFT1,Nucleus,https://www.proteinatlas.org/search/MFT1
P33442,RPS1A,Cytoplasm,https://www.proteinatlas.org/search/RPS1A
P33448,TOM6,Mitochondrion outer membrane,https://www.proteinatlas.org/search/TOM6
P33527,ABCC1,Cell membrane; Basolateral cell membrane,https://www.proteinatlas.org/search/ABCC1
P33552,CKS2,,https://www.proteinatlas.org/search/CKS2
P33570,tktB,,https://www.proteinatlas.org/search/tktB
P33599,nuoC,Cytoplasm; Cell inner membrane,https://www.proteinatlas.org/search/nuoC
P33602,nuoG,Cytoplasm; Cell inner membrane,https://www.proteinatlas.org/search/nuoG
P33607,nuoL,Cell inner membrane,https://www.proteinatlas.org/search/nuoL
P33643,rluD,Cytoplasm,https://www.proteinatlas.org/search/rluD
P33644,pgeF,Cytoplasm,https://www.proteinatlas.org/search/pgeF
P33734,HIS7,,https://www.proteinatlas.org/search/HIS7
P33748,MSN2,Cytoplasm; Nucleus,https://www.proteinatlas.org/search/MSN2
P33750,SOF1,"Nucleus, nucleolus",https://www.proteinatlas.org/search/SOF1
P33753,TRM2,,https://www.proteinatlas.org/search/TRM2
P33754,SEC66,Endoplasmic reticulum membrane,https://www.proteinatlas.org/search/SEC66
P33755,NPL4,"Cytoplasm, perinuclear region; Endoplasmic reticulum membrane; Nucleus membrane",https://www.proteinatlas.org/search/NPL4
P33767,WBP1,Endoplasmic reticulum membrane,https://www.proteinatlas.org/search/WBP1
P33775,PMT1,Endoplasmic reticulum membrane,https://www.proteinatlas.org/search/PMT1
P33891,TIP20,Endoplasmic reticulum membrane,https://www.proteinatlas.org/search/TIP20
P33892,GCN1,Cytoplasm,https://www.proteinatlas.org/search/GCN1
P33895,NUF2,"Nucleus; Chromosome, centromere, kinetochore",https://www.proteinatlas.org/search/NUF2
P33920,yejK,"Cytoplasm, nucleoid",https://www.proteinatlas.org/search/yejK
P33981,TTK,,https://www.proteinatlas.org/search/TTK
P33991,MCM4,Nucleus; Chromosome,https://www.proteinatlas.org/search/MCM4
P33992,MCM5,Nucleus; Chromosome,https://www.proteinatlas.org/search/MCM5
P33993,MCM7,Nucleus; Chromosome,https://www.proteinatlas.org/search/MCM7
P34072,MKS1,Nucleus,https://www.proteinatlas.org/search/MKS1
P34077,NIC96,"Nucleus, nuclear pore complex; Nucleus membrane; Nucleus membrane",https://www.proteinatlas.org/search/NIC96
P34078,LTV1,Nucleus; Cytoplasm,https://www.proteinatlas.org/search/LTV1
P34087,RPB7,"Nucleus; Cytoplasm; Cytoplasm, P-body",https://www.proteinatlas.org/search/RPB7
P34110,VPS35,Membrane,https://www.proteinatlas.org/search/VPS35
P34111,TFC3,Nucleus; Mitochondrion,https://www.proteinatlas.org/search/TFC3
P34160,STO1,"Nucleus; Cytoplasm, perinuclear region",https://www.proteinatlas.org/search/STO1
P34162,SRB2,Nucleus,https://www.proteinatlas.org/search/SRB2
P34163,TGL1,Lipid droplet; Membrane,https://www.proteinatlas.org/search/TGL1
P34167,TIF3,,https://www.proteinatlas.org/search/TIF3
P34216,EDE1,Cytoplasm,https://www.proteinatlas.org/search/EDE1
P34217,PIN4,Cytoplasm,https://www.proteinatlas.org/search/PIN4
P34220,YBL055C,Cytoplasm,https://www.proteinatlas.org/search/YBL055C
P34221,PTC3,Cytoplasm; Nucleus,https://www.proteinatlas.org/search/PTC3
P34222,PTH2,Cytoplasm,https://www.proteinatlas.org/search/PTH2
P34223,SHP1,Nucleus; Cytoplasm,https://www.proteinatlas.org/search/SHP1
P34226,SKT5,Cell membrane,https://www.proteinatlas.org/search/SKT5
P34227,PRX1,Mitochondrion,https://www.proteinatlas.org/search/PRX1
P34231,YKL187C,Mitochondrion,https://www.proteinatlas.org/search/YKL187C
P34232,MTR2,Nucleus,https://www.proteinatlas.org/search/MTR2
P34237,COY1,Golgi apparatus membrane,https://www.proteinatlas.org/search/COY1
P34240,ZRT3,Vacuole membrane,https://www.proteinatlas.org/search/ZRT3
P34241,URB1,"Nucleus, nucleolus",https://www.proteinatlas.org/search/URB1
P34247,UTP11,"Nucleus, nucleolus",https://www.proteinatlas.org/search/UTP11
P34248,YPF1,Endoplasmic reticulum membrane,https://www.proteinatlas.org/search/YPF1
P34253,KTI12,Cytoplasm; Nucleus,https://www.proteinatlas.org/search/KTI12
P34730,BMH2,Cytoplasm; Nucleus,https://www.proteinatlas.org/search/BMH2
P34756,FAB1,Vacuole membrane; Endosome membrane,https://www.proteinatlas.org/search/FAB1
P34758,SCD5,Membrane,https://www.proteinatlas.org/search/SCD5
P34760,TSA1,Cytoplasm,https://www.proteinatlas.org/search/TSA1
P34761,WHI3,,https://www.proteinatlas.org/search/WHI3
P34896,SHMT1,Cytoplasm; Nucleus,https://www.proteinatlas.org/search/SHMT1
P34897,SHMT2,"Mitochondrion; Mitochondrion matrix, mitochondrion nucleoid; Mitochondrion inner membrane; Cytoplasm; Nucleus",https://www.proteinatlas.org/search/SHMT2
P34909,MOT2,Cytoplasm; Nucleus,https://www.proteinatlas.org/search/MOT2
P34913,EPHX2,Cytoplasm; Peroxisome,https://www.proteinatlas.org/search/EPHX2
P34931,HSPA1L,,https://www.proteinatlas.org/search/HSPA1L
P34932,HSPA4,Cytoplasm,https://www.proteinatlas.org/search/HSPA4
P34949,MPI,Cytoplasm,https://www.proteinatlas.org/search/MPI
P35030,PRSS3,Secreted,https://www.proteinatlas.org/search/PRSS3
P35056,PEX5,"Cytoplasm, cytosol; Peroxisome matrix",https://www.proteinatlas.org/search/PEX5
P35127,YUH1,,https://www.proteinatlas.org/search/YUH1
P35176,CPR5,Endoplasmic reticulum lumen,https://www.proteinatlas.org/search/CPR5
P35177,SPT7,Nucleus,https://www.proteinatlas.org/search/SPT7
P35178,RRP1,"Nucleus, nucleolus",https://www.proteinatlas.org/search/RRP1
P35179,SSS1,Endoplasmic reticulum membrane,https://www.proteinatlas.org/search/SSS1
P35180,TOM20,Mitochondrion outer membrane,https://www.proteinatlas.org/search/TOM20
P35183,AST1,Cell membrane; Membrane raft; Golgi apparatus membrane; Late endosome membrane,https://www.proteinatlas.org/search/AST1
P35184,SQT1,,https://www.proteinatlas.org/search/SQT1
P35189,TAF14,Nucleus,https://www.proteinatlas.org/search/TAF14
P35191,MDJ1,Mitochondrion,https://www.proteinatlas.org/search/MDJ1
P35194,UTP20,"Cytoplasm; Nucleus, nucleolus",https://www.proteinatlas.org/search/UTP20
P35196,RER2,Endoplasmic reticulum membrane,https://www.proteinatlas.org/search/RER2
P35197,GCS1,"Cytoplasm; Mitochondrion; Cytoplasm, perinuclear region; Golgi apparatus",https://www.proteinatlas.org/search/GCS1
P35202,THI80,,https://www.proteinatlas.org/search/THI80
P35206,CSG2,Endoplasmic reticulum membrane,https://www.proteinatlas.org/search/CSG2
P35207,SKI2,Cytoplasm,https://www.proteinatlas.org/search/SKI2
P35219,CA8,,https://www.proteinatlas.org/search/CA8
P35221,CTNNA1,"Cytoplasm, cytoskeleton; Cell junction, adherens junction; Cell membrane; Cell junction; Cytoplasm; Nucleus; Cell membrane",https://www.proteinatlas.org/search/CTNNA1
P35226,BMI1,Nucleus; Cytoplasm,https://www.proteinatlas.org/search/BMI1
P35232,PHB1,Mitochondrion inner membrane; Nucleus; Cytoplasm; Cell membrane,https://www.proteinatlas.org/search/PHB1
P35236,PTPN7,"Cytoplasm; Cytoplasm, cytoskeleton",https://www.proteinatlas.org/search/PTPN7
P35237,SERPINB6,Cytoplasm,https://www.proteinatlas.org/search/SERPINB6
P35241,RDX,"Cell membrane; Cytoplasm, cytoskeleton; Cleavage furrow; Cell projection, microvillus; Cell projection, stereocilium",https://www.proteinatlas.org/search/RDX
P35244,RPA3,Nucleus,https://www.proteinatlas.org/search/RPA3
P35249,RFC4,Nucleus,https://www.proteinatlas.org/search/RFC4
P35250,RFC2,Nucleus,https://www.proteinatlas.org/search/RFC2
P35251,RFC1,Nucleus,https://www.proteinatlas.org/search/RFC1
P35268,RPL22,Cytoplasm,https://www.proteinatlas.org/search/RPL22
P35269,GTF2F1,Nucleus,https://www.proteinatlas.org/search/GTF2F1
P35270,SPR,Cytoplasm,https://www.proteinatlas.org/search/SPR
P35340,ahpF,,https://www.proteinatlas.org/search/ahpF
P35475,IDUA,Lysosome,https://www.proteinatlas.org/search/IDUA
P35520,CBS,Cytoplasm; Nucleus,https://www.proteinatlas.org/search/CBS
P35542,SAA4,Secreted,https://www.proteinatlas.org/search/SAA4
P35573,AGL,Cytoplasm,https://www.proteinatlas.org/search/AGL
P35579,MYH9,"Cytoplasm, cytoskeleton; Cytoplasm, cell cortex; Cytoplasmic vesicle, secretory vesicle, Cortical granule; Cell membrane; Cell membrane",https://www.proteinatlas.org/search/MYH9
P35580,MYH10,"Cell projection, lamellipodium; Cell membrane",https://www.proteinatlas.org/search/MYH10
P35606,COPB2,"Cytoplasm, cytosol; Golgi apparatus membrane; Cytoplasmic vesicle, COPI-coated vesicle membrane",https://www.proteinatlas.org/search/COPB2
P35611,ADD1,"Cytoplasm, cytoskeleton; Cell membrane",https://www.proteinatlas.org/search/ADD1
P35612,ADD2,"Cytoplasm, cytoskeleton; Cell membrane",https://www.proteinatlas.org/search/ADD2
P35613,BSG,"Melanosome; Cell membrane; Photoreceptor inner segment; Cell projection, cilium, photoreceptor outer segment; Cell membrane; Endosome; Endoplasmic reticulum membrane; Basolateral cell membrane; Cell membrane; Cell membrane",https://www.proteinatlas.org/search/BSG
P35637,FUS,Nucleus,https://www.proteinatlas.org/search/FUS
P35658,NUP214,"Nucleus, nuclear pore complex",https://www.proteinatlas.org/search/NUP214
P35659,DEK,Nucleus,https://www.proteinatlas.org/search/DEK
P35691,TMA19,"Cytoplasm, cytoskeleton; Mitochondrion",https://www.proteinatlas.org/search/TMA19
P35718,RPC25,Nucleus,https://www.proteinatlas.org/search/RPC25
P35719,MRP8,Cytoplasm,https://www.proteinatlas.org/search/MRP8
P35723,YET1,Endoplasmic reticulum membrane,https://www.proteinatlas.org/search/YET1
P35724,MNR2,Membrane,https://www.proteinatlas.org/search/MNR2
P35725,YKL063C,,https://www.proteinatlas.org/search/YKL063C
P35727,BLI1,Endosome,https://www.proteinatlas.org/search/BLI1
P35728,MPE1,Nucleus,https://www.proteinatlas.org/search/MPE1
P35729,NUP120,"Nucleus, nuclear pore complex; Nucleus membrane; Nucleus membrane",https://www.proteinatlas.org/search/NUP120
P35732,DEF1,"Cytoplasm; Nucleus; Chromosome, telomere",https://www.proteinatlas.org/search/DEF1
P35734,ASK1,"Nucleus; Cytoplasm, cytoskeleton, spindle; Chromosome, centromere, kinetochore; Chromosome",https://www.proteinatlas.org/search/ASK1
P35813,PPM1A,"Nucleus; Cytoplasm, cytosol; Membrane",https://www.proteinatlas.org/search/PPM1A
P35817,BDF1,Nucleus,https://www.proteinatlas.org/search/BDF1
P35844,KES1,Cytoplasm; Golgi apparatus membrane,https://www.proteinatlas.org/search/KES1
P35845,SWH1,Golgi apparatus membrane; Nucleus outer membrane; Endoplasmic reticulum membrane; Vacuole membrane,https://www.proteinatlas.org/search/SWH1
P35914,HMGCL,Mitochondrion matrix; Peroxisome,https://www.proteinatlas.org/search/HMGCL
P35997,RPS27A,Cytoplasm,https://www.proteinatlas.org/search/RPS27A
P35998,PSMC2,Cytoplasm,https://www.proteinatlas.org/search/PSMC2
P36000,APL2,"Cell membrane; Membrane, coated pit",https://www.proteinatlas.org/search/APL2
P36004,KKQ8,Cytoplasm,https://www.proteinatlas.org/search/KKQ8
P36006,MYO3,"Cytoplasm, cytoskeleton, actin patch",https://www.proteinatlas.org/search/MYO3
P36007,SRY1,,https://www.proteinatlas.org/search/SRY1
P36008,TEF4,Cytoplasm,https://www.proteinatlas.org/search/TEF4
P36010,YNK1,Cytoplasm; Mitochondrion intermembrane space,https://www.proteinatlas.org/search/YNK1
P36013,MAE1,Mitochondrion matrix,https://www.proteinatlas.org/search/MAE1
P36015,YKT6,Cell membrane,https://www.proteinatlas.org/search/YKT6
P36016,LHS1,Endoplasmic reticulum lumen,https://www.proteinatlas.org/search/LHS1
P36017,VPS21,Endosome membrane; Mitochondrion membrane,https://www.proteinatlas.org/search/VPS21
P36018,YPT52,Cell membrane; Endoplasmic reticulum,https://www.proteinatlas.org/search/YPT52
P36024,SIS2,Nucleus; Cytoplasm,https://www.proteinatlas.org/search/SIS2
P36027,MID2,Cell membrane,https://www.proteinatlas.org/search/MID2
P36029,TPO5,Golgi apparatus membrane,https://www.proteinatlas.org/search/TPO5
P36036,YRA2,Nucleus,https://www.proteinatlas.org/search/YRA2
P36037,DOA1,Nucleus; Cytoplasm; Mitochondrion outer membrane; Endosome membrane,https://www.proteinatlas.org/search/DOA1
P36040,ADD66,Cytoplasm,https://www.proteinatlas.org/search/ADD66
P36041,EAP1,Cytoplasm,https://www.proteinatlas.org/search/EAP1
P36046,MIA40,Mitochondrion inner membrane,https://www.proteinatlas.org/search/MIA40
P36047,SDS22,Nucleus,https://www.proteinatlas.org/search/SDS22
P36048,SNU114,Nucleus,https://www.proteinatlas.org/search/SNU114
P36049,EBP2,"Nucleus, nucleolus",https://www.proteinatlas.org/search/EBP2
P36051,MCD4,Endoplasmic reticulum membrane; Golgi apparatus membrane; Vacuole membrane,https://www.proteinatlas.org/search/MCD4
P36053,ELF1,Nucleus,https://www.proteinatlas.org/search/ELF1
P36054,RCN1,,https://www.proteinatlas.org/search/RCN1
P36057,SRP102,Endoplasmic reticulum membrane,https://www.proteinatlas.org/search/SRP102
P36059,NNR2,Cytoplasm,https://www.proteinatlas.org/search/NNR2
P36060,MCR1,Mitochondrion intermembrane space; Mitochondrion outer membrane; Mitochondrion intermembrane space,https://www.proteinatlas.org/search/MCR1
P36062,AVT3,Vacuole membrane,https://www.proteinatlas.org/search/AVT3
P36068,SHE2,Cytoplasm; Nucleus,https://www.proteinatlas.org/search/SHE2
P36069,PMU1,Cytoplasm; Nucleus,https://www.proteinatlas.org/search/PMU1
P36076,CAB3,Cytoplasm,https://www.proteinatlas.org/search/CAB3
P36077,SRX1,Cytoplasm; Nucleus,https://www.proteinatlas.org/search/SRX1
P36080,RRP14,"Nucleus, nucleolus",https://www.proteinatlas.org/search/RRP14
P36081,PSG1,"Golgi apparatus lumen; Cytoplasmic vesicle, COPI-coated vesicle membrane",https://www.proteinatlas.org/search/PSG1
P36083,YKL075C,,https://www.proteinatlas.org/search/YKL075C
P36088,YKL069W,Cytoplasm; Nucleus,https://www.proteinatlas.org/search/YKL069W
P36090,ANR2,Lipid droplet,https://www.proteinatlas.org/search/ANR2
P36091,DCW1,Cell membrane,https://www.proteinatlas.org/search/DCW1
P36095,VPS24,Endosome membrane; Endomembrane system,https://www.proteinatlas.org/search/VPS24
P36100,TFA1,Nucleus,https://www.proteinatlas.org/search/TFA1
P36101,TCD2,Mitochondrion outer membrane,https://www.proteinatlas.org/search/TCD2
P36102,PAN3,Cytoplasm,https://www.proteinatlas.org/search/PAN3
P36103,YKL023W,Cytoplasm,https://www.proteinatlas.org/search/YKL023W
P36104,SWD2,"Nucleus; Chromosome, telomere",https://www.proteinatlas.org/search/SWD2
P36105,RPL14A,Cytoplasm,https://www.proteinatlas.org/search/RPL14A
P36106,BYE1,Nucleus,https://www.proteinatlas.org/search/BYE1
P36108,DID4,Cytoplasm; Endosome membrane,https://www.proteinatlas.org/search/DID4
P36112,MIC60,Mitochondrion inner membrane,https://www.proteinatlas.org/search/MIC60
P36114,YKR018C,Cytoplasm; Nucleus,https://www.proteinatlas.org/search/YKR018C
P36116,VPS51,"Golgi apparatus, trans-Golgi network membrane; Endosome membrane",https://www.proteinatlas.org/search/VPS51
P36119,RQT4,"Cytoplasm, cytosol",https://www.proteinatlas.org/search/RQT4
P36120,DBP7,"Nucleus, nucleolus",https://www.proteinatlas.org/search/DBP7
P36121,RPC37,Nucleus,https://www.proteinatlas.org/search/RPC37
P36122,BCH2,"Golgi apparatus, trans-Golgi network membrane",https://www.proteinatlas.org/search/BCH2
P36123,SAP190,Cytoplasm,https://www.proteinatlas.org/search/SAP190
P36124,SET3,Nucleus; Chromosome,https://www.proteinatlas.org/search/SET3
P36125,GMH1,Golgi apparatus membrane; Endoplasmic reticulum membrane,https://www.proteinatlas.org/search/GMH1
P36126,SPO14,,https://www.proteinatlas.org/search/SPO14
P36132,KAE1,Cytoplasm; Nucleus,https://www.proteinatlas.org/search/KAE1
P36135,UTH1,"Mitochondrion outer membrane; Secreted, cell wall",https://www.proteinatlas.org/search/UTH1
P36136,SHB17,Cytoplasm; Nucleus,https://www.proteinatlas.org/search/SHB17
P36139,PET10,Lipid droplet; Membrane,https://www.proteinatlas.org/search/PET10
P36141,FMP46,Mitochondrion,https://www.proteinatlas.org/search/FMP46
P36143,GLG1,Cytoplasm; Vacuole,https://www.proteinatlas.org/search/GLG1
P36145,TFA2,Nucleus,https://www.proteinatlas.org/search/TFA2
P36147,PAM17,Mitochondrion inner membrane,https://www.proteinatlas.org/search/PAM17
P36148,GPT2,Lipid droplet; Endoplasmic reticulum membrane,https://www.proteinatlas.org/search/GPT2
P36151,YKR070W,Mitochondrion,https://www.proteinatlas.org/search/YKR070W
P36152,DRE2,Cytoplasm; Mitochondrion intermembrane space,https://www.proteinatlas.org/search/DRE2
P36154,AIM29,Cytoplasm,https://www.proteinatlas.org/search/AIM29
P36156,ECM4,Cytoplasm,https://www.proteinatlas.org/search/ECM4
P36160,RPF2,"Nucleus, nucleolus",https://www.proteinatlas.org/search/RPF2
P36161,NUP133,"Nucleus, nuclear pore complex; Nucleus membrane; Nucleus membrane",https://www.proteinatlas.org/search/NUP133
P36165,TGL4,Lipid droplet,https://www.proteinatlas.org/search/TGL4
P36166,PXL1,,https://www.proteinatlas.org/search/PXL1
P36169,SKG1,Cell membrane; Bud membrane,https://www.proteinatlas.org/search/SKG1
P36404,ARL2,"Mitochondrion intermembrane space; Cytoplasm, cytoskeleton, microtubule organizing center, centrosome; Nucleus; Cytoplasm",https://www.proteinatlas.org/search/ARL2
P36405,ARL3,"Golgi apparatus membrane; Cytoplasm, cytoskeleton, spindle; Nucleus; Cytoplasm, cytoskeleton, microtubule organizing center, centrosome; Cytoplasm; Cell projection, cilium",https://www.proteinatlas.org/search/ARL3
P36421,TYS1,Cytoplasm; Nucleus,https://www.proteinatlas.org/search/TYS1
P36507,MAP2K2,Cytoplasm; Membrane,https://www.proteinatlas.org/search/MAP2K2
P36516,MRPL3,Mitochondrion,https://www.proteinatlas.org/search/MRPL3
P36517,MRPL4,Mitochondrion,https://www.proteinatlas.org/search/MRPL4
P36519,MRPL7,Mitochondrion,https://www.proteinatlas.org/search/MRPL7
P36528,MRPL17,Mitochondrion,https://www.proteinatlas.org/search/MRPL17
P36542,ATP5F1C,Mitochondrion inner membrane,https://www.proteinatlas.org/search/ATP5F1C
P36543,ATP6V1E1,"Apical cell membrane; Cytoplasmic vesicle, secretory vesicle, synaptic vesicle membrane; Cytoplasmic vesicle, clathrin-coated vesicle membrane; Lysosome membrane",https://www.proteinatlas.org/search/ATP6V1E1
P36551,CPOX,Mitochondrion intermembrane space,https://www.proteinatlas.org/search/CPOX
P36578,RPL4,Cytoplasm,https://www.proteinatlas.org/search/RPL4
P36639,NUDT1,"Cytoplasm, cytosol; Mitochondrion matrix; Nucleus; Mitochondrion matrix",https://www.proteinatlas.org/search/NUDT1
P36649,cueO,Periplasm,https://www.proteinatlas.org/search/cueO
P36680,zapD,Cytoplasm,https://www.proteinatlas.org/search/zapD
P36683,acnB,,https://www.proteinatlas.org/search/acnB
P36767,rdgC,"Cytoplasm, nucleoid",https://www.proteinatlas.org/search/rdgC
P36775,PIM1,Mitochondrion matrix,https://www.proteinatlas.org/search/PIM1
P36776,LONP1,Mitochondrion matrix,https://www.proteinatlas.org/search/LONP1
P36873,PPP1CC,"Cytoplasm; Nucleus; Nucleus, nucleolus; Nucleus, nucleoplasm; Nucleus speckle; Chromosome, centromere, kinetochore; Cleavage furrow; Midbody; Mitochondrion; Cytoplasm, cytoskeleton, microtubule organizing center",https://www.proteinatlas.org/search/PPP1CC
P36915,GNL1,,https://www.proteinatlas.org/search/GNL1
P36929,rsmB,Cytoplasm,https://www.proteinatlas.org/search/rsmB
P36938,pgm,Cytoplasm,https://www.proteinatlas.org/search/pgm
P36954,POLR2I,"Nucleus, nucleolus",https://www.proteinatlas.org/search/POLR2I
P36955,SERPINF1,Secreted; Melanosome,https://www.proteinatlas.org/search/SERPINF1
P36957,DLST,Mitochondrion matrix; Nucleus,https://www.proteinatlas.org/search/DLST
P36959,GMPR,,https://www.proteinatlas.org/search/GMPR
P36969,GPX4,Mitochondrion; Cytoplasm,https://www.proteinatlas.org/search/GPX4
P36973,APT2,Cytoplasm,https://www.proteinatlas.org/search/APT2
P37005,lasT,,https://www.proteinatlas.org/search/lasT
P37012,PGM2,Cytoplasm,https://www.proteinatlas.org/search/PGM2
P37020,GEF1,Golgi apparatus membrane; Endosome membrane; Prevacuolar compartment membrane,https://www.proteinatlas.org/search/GEF1
P37051,purU,,https://www.proteinatlas.org/search/purU
P37095,pepB,Cytoplasm,https://www.proteinatlas.org/search/pepB
P37108,SRP14,Cytoplasm,https://www.proteinatlas.org/search/SRP14
P37128,nudK,,https://www.proteinatlas.org/search/nudK
P37198,NUP62,"Nucleus, nuclear pore complex; Cytoplasm, cytoskeleton, spindle pole; Nucleus envelope; Cytoplasm, cytoskeleton, microtubule organizing center, centrosome",https://www.proteinatlas.org/search/NUP62
P37235,HPCAL1,Membrane,https://www.proteinatlas.org/search/HPCAL1
P37254,ABZ1,Cytoplasm,https://www.proteinatlas.org/search/ABZ1
P37262,SOL2,Cytoplasm,https://www.proteinatlas.org/search/SOL2
P37263,YCR087C-A,"Nucleus, nucleolus",https://www.proteinatlas.org/search/YCR087C-A
P37267,CBP4,Mitochondrion inner membrane,https://www.proteinatlas.org/search/CBP4
P37268,FDFT1,Endoplasmic reticulum membrane,https://www.proteinatlas.org/search/FDFT1
P37291,SHM2,Cytoplasm,https://www.proteinatlas.org/search/SHM2
P37292,SHM1,Mitochondrion,https://www.proteinatlas.org/search/SHM1
P37293,NAT2,Cytoplasm,https://www.proteinatlas.org/search/NAT2
P37296,STV1,Endosome membrane; Golgi apparatus membrane,https://www.proteinatlas.org/search/STV1
P37297,STT4,,https://www.proteinatlas.org/search/STT4
P37302,APE3,Vacuole,https://www.proteinatlas.org/search/APE3
P37303,GLY1,,https://www.proteinatlas.org/search/GLY1
P37304,PAM1,,https://www.proteinatlas.org/search/PAM1
P37329,modA,Periplasm,https://www.proteinatlas.org/search/modA
P37330,glcB,Cytoplasm,https://www.proteinatlas.org/search/glcB
P37349,dhaM,,https://www.proteinatlas.org/search/dhaM
P37351,rpiB,,https://www.proteinatlas.org/search/rpiB
P37366,CCL1,,https://www.proteinatlas.org/search/CCL1
P37370,VRP1,"Cytoplasm, cytoskeleton",https://www.proteinatlas.org/search/VRP1
P37387,xylF,Periplasm,https://www.proteinatlas.org/search/xylF
P37440,ucpA,,https://www.proteinatlas.org/search/ucpA
P37613,panZ,,https://www.proteinatlas.org/search/panZ
P37634,rlmJ,,https://www.proteinatlas.org/search/rlmJ
P37637,mdtF,Cell inner membrane,https://www.proteinatlas.org/search/mdtF
P37647,kdgK,,https://www.proteinatlas.org/search/kdgK
P37648,yhjJ,Periplasm,https://www.proteinatlas.org/search/yhjJ
P37661,eptB,Cell inner membrane,https://www.proteinatlas.org/search/eptB
P37666,ghrB,Cytoplasm,https://www.proteinatlas.org/search/ghrB
P37671,plaR,,https://www.proteinatlas.org/search/plaR
P37685,aldB,,https://www.proteinatlas.org/search/aldB
P37686,yiaY,,https://www.proteinatlas.org/search/yiaY
P37689,gpmI,,https://www.proteinatlas.org/search/gpmI
P37744,rfbA,,https://www.proteinatlas.org/search/rfbA
P37745,rfbC,,https://www.proteinatlas.org/search/rfbC
P37747,glf,,https://www.proteinatlas.org/search/glf
P37759,rfbB,,https://www.proteinatlas.org/search/rfbB
P37765,rluB,,https://www.proteinatlas.org/search/rluB
P37769,kduD,,https://www.proteinatlas.org/search/kduD
P37773,mpl,Secreted,https://www.proteinatlas.org/search/mpl
P37802,TAGLN2,,https://www.proteinatlas.org/search/TAGLN2
P37837,TALDO1,Nucleus; Cytoplasm; Cytoplasm,https://www.proteinatlas.org/search/TALDO1
P37838,NOP4,"Nucleus, nucleolus",https://www.proteinatlas.org/search/NOP4
P37840,SNCA,"Cytoplasm; Membrane; Nucleus; Synapse; Secreted; Cell projection, axon",https://www.proteinatlas.org/search/SNCA
P37898,AAP1,,https://www.proteinatlas.org/search/AAP1
P37902,gltI,Periplasm,https://www.proteinatlas.org/search/gltI
P37903,uspF,,https://www.proteinatlas.org/search/uspF
P38009,ADE17,"Cytoplasm, cytosol",https://www.proteinatlas.org/search/ADE17
P38011,ASC1,Cytoplasm,https://www.proteinatlas.org/search/ASC1
P38013,AHP1,Cytoplasm,https://www.proteinatlas.org/search/AHP1
P38038,cysJ,,https://www.proteinatlas.org/search/cysJ
P38041,BOI1,Bud; Bud neck,https://www.proteinatlas.org/search/BOI1
P38061,RPL32,Cytoplasm,https://www.proteinatlas.org/search/RPL32
P38063,PRS4,Cytoplasm,https://www.proteinatlas.org/search/PRS4
P38065,APL3,"Cell membrane; Membrane, coated pit",https://www.proteinatlas.org/search/APL3
P38066,RIB1,,https://www.proteinatlas.org/search/RIB1
P38067,UGA2,Cytoplasm,https://www.proteinatlas.org/search/UGA2
P38068,GRX7,,https://www.proteinatlas.org/search/GRX7
P38069,MNN2,Golgi apparatus membrane,https://www.proteinatlas.org/search/MNN2
P38071,ETR1,Mitochondrion matrix,https://www.proteinatlas.org/search/ETR1
P38072,SCO2,Mitochondrion inner membrane,https://www.proteinatlas.org/search/SCO2
P38074,HMT1,Nucleus,https://www.proteinatlas.org/search/HMT1
P38075,PDX3,Mitochondrion intermembrane space,https://www.proteinatlas.org/search/PDX3
P38077,ATP3,Mitochondrion; Mitochondrion inner membrane,https://www.proteinatlas.org/search/ATP3
P38079,YRO2,Membrane,https://www.proteinatlas.org/search/YRO2
P38080,AKL1,,https://www.proteinatlas.org/search/AKL1
P38081,YBR056W,Mitochondrion intermembrane space,https://www.proteinatlas.org/search/YBR056W
P38085,TAT1,Membrane,https://www.proteinatlas.org/search/TAT1
P38086,RDH54,Nucleus,https://www.proteinatlas.org/search/RDH54
P38088,GRS1,Cytoplasm; Mitochondrion matrix,https://www.proteinatlas.org/search/GRS1
P38089,PTC4,,https://www.proteinatlas.org/search/PTC4
P38109,ATG42,Vacuole lumen,https://www.proteinatlas.org/search/ATG42
P38112,MAK5,"Nucleus, nucleolus",https://www.proteinatlas.org/search/MAK5
P38113,ADH5,Cytoplasm,https://www.proteinatlas.org/search/ADH5
P38115,ARA1,Cytoplasm,https://www.proteinatlas.org/search/ARA1
P38116,ARL1,Golgi apparatus,https://www.proteinatlas.org/search/ARL1
P38117,ETFB,Mitochondrion matrix,https://www.proteinatlas.org/search/ETFB
P38121,POL12,Nucleus,https://www.proteinatlas.org/search/POL12
P38122,ECM31,,https://www.proteinatlas.org/search/ECM31
P38129,TAF5,Nucleus,https://www.proteinatlas.org/search/TAF5
P38130,KTR3,Membrane,https://www.proteinatlas.org/search/KTR3
P38131,KTR4,Membrane,https://www.proteinatlas.org/search/KTR4
P38132,MCM7,Cytoplasm; Nucleus,https://www.proteinatlas.org/search/MCM7
P38137,PCS60,Peroxisome matrix; Peroxisome membrane,https://www.proteinatlas.org/search/PCS60
P38138,ROT2,Endoplasmic reticulum,https://www.proteinatlas.org/search/ROT2
P38139,LDH1,Lipid droplet,https://www.proteinatlas.org/search/LDH1
P38143,GPX2,Cytoplasm; Nucleus; Mitochondrion outer membrane; Mitochondrion inner membrane,https://www.proteinatlas.org/search/GPX2
P38144,ISW1,Nucleus,https://www.proteinatlas.org/search/ISW1
P38145,RIB5,,https://www.proteinatlas.org/search/RIB5
P38146,YPT10,Cell membrane; Vesicle,https://www.proteinatlas.org/search/YPT10
P38149,DUG2,Cytoplasm; Nucleus,https://www.proteinatlas.org/search/DUG2
P38153,APM3,Golgi apparatus; Cytoplasmic vesicle membrane,https://www.proteinatlas.org/search/APM3
P38159,RBMX,Nucleus,https://www.proteinatlas.org/search/RBMX
P38162,MIX23,Mitochondrion intermembrane space,https://www.proteinatlas.org/search/MIX23
P38164,SEA4,Cytoplasm; Vacuole membrane,https://www.proteinatlas.org/search/SEA4
P38165,RTG3,Nucleus,https://www.proteinatlas.org/search/RTG3
P38166,SFT2,Golgi apparatus membrane,https://www.proteinatlas.org/search/SFT2
P38167,ECM21,Cytoplasm,https://www.proteinatlas.org/search/ECM21
P38169,BNA4,Mitochondrion outer membrane,https://www.proteinatlas.org/search/BNA4
P38174,MAP2,Cytoplasm,https://www.proteinatlas.org/search/MAP2
P38177,YBL086C,,https://www.proteinatlas.org/search/YBL086C
P38179,ALG3,Endoplasmic reticulum membrane,https://www.proteinatlas.org/search/ALG3
P38181,NUP170,"Nucleus, nuclear pore complex; Nucleus membrane; Nucleus membrane",https://www.proteinatlas.org/search/NUP170
P38187,UBP13,,https://www.proteinatlas.org/search/UBP13
P38197,YBL036C,Cytoplasm; Nucleus,https://www.proteinatlas.org/search/YBL036C
P38199,HEK2,"Cytoplasm; Cytoplasm, P-body; Nucleus; Chromosome, telomere",https://www.proteinatlas.org/search/HEK2
P38200,SHE1,"Cytoplasm, cytoskeleton; Cytoplasm, cytoskeleton, spindle; Bud neck",https://www.proteinatlas.org/search/SHE1
P38203,LSM2,"Nucleus, nucleolus; Cytoplasm",https://www.proteinatlas.org/search/LSM2
P38205,NCL1,"Nucleus, nucleolus",https://www.proteinatlas.org/search/NCL1
P38206,RFT1,Endoplasmic reticulum membrane,https://www.proteinatlas.org/search/RFT1
P38216,CPP1,Cell membrane,https://www.proteinatlas.org/search/CPP1
P38217,KAP104,"Cytoplasm; Nucleus, nuclear pore complex; Nucleus",https://www.proteinatlas.org/search/KAP104
P38218,POA1,,https://www.proteinatlas.org/search/POA1
P38219,OLA1,Cytoplasm,https://www.proteinatlas.org/search/OLA1
P38221,CDS1,"Endoplasmic reticulum membrane; Cytoplasmic vesicle, secretory vesicle",https://www.proteinatlas.org/search/CDS1
P38225,FAT1,Lipid droplet; Cell membrane; Peroxisome membrane; Peroxisome,https://www.proteinatlas.org/search/FAT1
P38226,CST26,Lipid droplet,https://www.proteinatlas.org/search/CST26
P38230,ZTA1,"Cytoplasm, cytosol",https://www.proteinatlas.org/search/ZTA1
P38234,RFS1,Cytoplasm; Membrane raft,https://www.proteinatlas.org/search/RFS1
P38235,YBR053C,,https://www.proteinatlas.org/search/YBR053C
P38237,UBP14,Cytoplasm; Nucleus,https://www.proteinatlas.org/search/UBP14
P38238,TRM7,Cytoplasm,https://www.proteinatlas.org/search/TRM7
P38241,ECM2,Nucleus,https://www.proteinatlas.org/search/ECM2
P38242,ALG14,Endoplasmic reticulum membrane; Nucleus membrane,https://www.proteinatlas.org/search/ALG14
P38244,PFF1,Vacuole membrane,https://www.proteinatlas.org/search/PFF1
P38247,SLM4,Vacuole membrane,https://www.proteinatlas.org/search/SLM4
P38248,ECM33,"Cell membrane; Secreted, cell wall",https://www.proteinatlas.org/search/ECM33
P38249,RPG1,Cytoplasm,https://www.proteinatlas.org/search/RPG1
P38250,IST2,Cell membrane,https://www.proteinatlas.org/search/IST2
P38251,RFC5,Nucleus,https://www.proteinatlas.org/search/RFC5
P38254,PBY1,"Cytoplasm; Cytoplasm, P-body",https://www.proteinatlas.org/search/PBY1
P38255,RXT2,Nucleus,https://www.proteinatlas.org/search/RXT2
P38256,YBR096W,,https://www.proteinatlas.org/search/YBR096W
P38260,FES1,Cytoplasm,https://www.proteinatlas.org/search/FES1
P38261,EXO84,"Cytoplasmic vesicle, secretory vesicle; Bud; Bud neck",https://www.proteinatlas.org/search/EXO84
P38262,SIF2,Nucleus,https://www.proteinatlas.org/search/SIF2
P38264,PHO88,Endoplasmic reticulum membrane; Mitochondrion,https://www.proteinatlas.org/search/PHO88
P38266,AIM3,Membrane raft,https://www.proteinatlas.org/search/AIM3
P38271,OPY1,Cell membrane; Cytoplasm,https://www.proteinatlas.org/search/OPY1
P38272,SHE3,Endoplasmic reticulum membrane,https://www.proteinatlas.org/search/SHE3
P38274,HSL7,Bud neck,https://www.proteinatlas.org/search/HSL7
P38276,YBR137W,Cytoplasm,https://www.proteinatlas.org/search/YBR137W
P38281,APD1,Cytoplasm; Nucleus,https://www.proteinatlas.org/search/APD1
P38286,IFA38,Endoplasmic reticulum membrane,https://www.proteinatlas.org/search/IFA38
P38288,TOS1,"Secreted; Secreted, cell wall",https://www.proteinatlas.org/search/TOS1
P38293,UMP1,,https://www.proteinatlas.org/search/UMP1
P38295,EHT1,,https://www.proteinatlas.org/search/EHT1
P38298,YPC1,Endoplasmic reticulum membrane,https://www.proteinatlas.org/search/YPC1
P38301,GDT1,"Golgi apparatus, cis-Golgi network membrane",https://www.proteinatlas.org/search/GDT1
P38310,FTH1,Vacuole membrane,https://www.proteinatlas.org/search/FTH1
P38312,ERV15,Membrane,https://www.proteinatlas.org/search/ERV15
P38314,SDS24,Cytoplasm,https://www.proteinatlas.org/search/SDS24
P38315,YBP1,Cytoplasm,https://www.proteinatlas.org/search/YBP1
P38321,YBR225W,,https://www.proteinatlas.org/search/YBR225W
P38323,MCX1,Mitochondrion inner membrane,https://www.proteinatlas.org/search/MCX1
P38325,OM14,Mitochondrion outer membrane,https://www.proteinatlas.org/search/OM14
P38326,SWC5,Nucleus,https://www.proteinatlas.org/search/SWC5
P38328,ARC40,"Cytoplasm, cytoskeleton, actin patch",https://www.proteinatlas.org/search/ARC40
P38332,RRT2,Cytoplasm; Endosome,https://www.proteinatlas.org/search/RRT2
P38333,ENP1,"Cytoplasm; Nucleus, nucleolus",https://www.proteinatlas.org/search/ENP1
P38334,TRS20,"Golgi apparatus, cis-Golgi network; Endoplasmic reticulum; Preautophagosomal structure",https://www.proteinatlas.org/search/TRS20
P38337,SHG1,Nucleus,https://www.proteinatlas.org/search/SHG1
P38339,RGD1,Cytoplasm,https://www.proteinatlas.org/search/RGD1
P38340,TAE1,Cytoplasm,https://www.proteinatlas.org/search/TAE1
P38341,MIC12,Mitochondrion inner membrane,https://www.proteinatlas.org/search/MIC12
P38342,TSC10,Endoplasmic reticulum membrane,https://www.proteinatlas.org/search/TSC10
P38344,REI1,Cytoplasm,https://www.proteinatlas.org/search/REI1
P38348,HSM3,Cytoplasm,https://www.proteinatlas.org/search/HSM3
P38349,UBX7,Endoplasmic reticulum,https://www.proteinatlas.org/search/UBX7
P38351,PAF1,"Nucleus, nucleoplasm",https://www.proteinatlas.org/search/PAF1
P38352,SAF1,,https://www.proteinatlas.org/search/SAF1
P38353,SSH1,Endoplasmic reticulum membrane,https://www.proteinatlas.org/search/SSH1
P38355,YBR287W,Membrane,https://www.proteinatlas.org/search/YBR287W
P38426,TPS3,Cytoplasm,https://www.proteinatlas.org/search/TPS3
P38427,TSL1,Cytoplasm,https://www.proteinatlas.org/search/TSL1
P38428,CUE1,Endoplasmic reticulum membrane,https://www.proteinatlas.org/search/CUE1
P38429,SAP30,Nucleus,https://www.proteinatlas.org/search/SAP30
P38431,TIF5,,https://www.proteinatlas.org/search/TIF5
P38432,COIL,"Nucleus; Nucleus, Cajal body",https://www.proteinatlas.org/search/COIL
P38439,LEO1,"Nucleus, nucleoplasm",https://www.proteinatlas.org/search/LEO1
P38489,nfsB,,https://www.proteinatlas.org/search/nfsB
P38521,yggL,,https://www.proteinatlas.org/search/yggL
P38523,MGE1,Mitochondrion matrix,https://www.proteinatlas.org/search/MGE1
P38555,YPT31,Golgi apparatus membrane,https://www.proteinatlas.org/search/YPT31
P38604,ERG7,Lipid droplet; Endoplasmic reticulum membrane,https://www.proteinatlas.org/search/ERG7
P38606,ATP6V1A,"Cytoplasm; Cytoplasm, cytosol; Cytoplasmic vesicle, secretory vesicle; Cytoplasmic vesicle, clathrin-coated vesicle membrane; Lysosome membrane",https://www.proteinatlas.org/search/ATP6V1A
P38615,RIM11,,https://www.proteinatlas.org/search/RIM11
P38616,YGP1,Secreted,https://www.proteinatlas.org/search/YGP1
P38620,PRS2,Cytoplasm,https://www.proteinatlas.org/search/PRS2
P38623,RCK2,Cytoplasm,https://www.proteinatlas.org/search/RCK2
P38624,PRE3,Cytoplasm; Nucleus,https://www.proteinatlas.org/search/PRE3
P38625,GUA1,"Cytoplasm, cytosol",https://www.proteinatlas.org/search/GUA1
P38626,CBR1,Mitochondrion outer membrane,https://www.proteinatlas.org/search/CBR1
P38627,URA8,Cytoplasm,https://www.proteinatlas.org/search/URA8
P38628,PCM1,Cytoplasm; Nucleus,https://www.proteinatlas.org/search/PCM1
P38629,RFC3,Nucleus,https://www.proteinatlas.org/search/RFC3
P38630,RFC1,Nucleus,https://www.proteinatlas.org/search/RFC1
P38631,FKS1,Mitochondrion; Cell membrane,https://www.proteinatlas.org/search/FKS1
P38634,SIC1,Cytoplasm; Nucleus,https://www.proteinatlas.org/search/SIC1
P38635,HIS2,,https://www.proteinatlas.org/search/HIS2
P38646,HSPA9,"Mitochondrion; Nucleus, nucleolus; Cytoplasm; Mitochondrion matrix",https://www.proteinatlas.org/search/HSPA9
P38682,GLO3,Golgi apparatus,https://www.proteinatlas.org/search/GLO3
P38687,SRP68,"Cytoplasm; Nucleus, nucleolus",https://www.proteinatlas.org/search/SRP68
P38688,SRP72,"Cytoplasm; Endoplasmic reticulum membrane; Nucleus, nucleolus",https://www.proteinatlas.org/search/SRP72
P38689,PRS3,Cytoplasm,https://www.proteinatlas.org/search/PRS3
P38691,KSP1,Nucleus,https://www.proteinatlas.org/search/KSP1
P38692,KIC1,,https://www.proteinatlas.org/search/KIC1
P38693,PHO12,,https://www.proteinatlas.org/search/PHO12
P38694,MSC7,Endoplasmic reticulum,https://www.proteinatlas.org/search/MSC7
P38695,HXT5,Membrane,https://www.proteinatlas.org/search/HXT5
P38698,PPX1,,https://www.proteinatlas.org/search/PPX1
P38701,RPS20,Cytoplasm,https://www.proteinatlas.org/search/RPS20
P38703,LAG1,Endoplasmic reticulum membrane,https://www.proteinatlas.org/search/LAG1
P38707,DED81,"Cytoplasm, cytosol",https://www.proteinatlas.org/search/DED81
P38708,YHR020W,,https://www.proteinatlas.org/search/YHR020W
P38710,INM1,Cytoplasm; Nucleus,https://www.proteinatlas.org/search/INM1
P38712,RRP3,Nucleus,https://www.proteinatlas.org/search/RRP3
P38713,OSH3,Cytoplasm; Endoplasmic reticulum membrane,https://www.proteinatlas.org/search/OSH3
P38715,GRE3,Cytoplasm; Nucleus,https://www.proteinatlas.org/search/GRE3
P38716,YHR112C,,https://www.proteinatlas.org/search/YHR112C
P38719,DBP8,"Nucleus, nucleolus",https://www.proteinatlas.org/search/DBP8
P38720,GND1,Cytoplasm,https://www.proteinatlas.org/search/GND1
P38732,EFM1,Cytoplasm,https://www.proteinatlas.org/search/EFM1
P38736,GOS1,Golgi apparatus membrane,https://www.proteinatlas.org/search/GOS1
P38737,ECM29,Cytoplasm; Nucleus,https://www.proteinatlas.org/search/ECM29
P38744,YHL018W,,https://www.proteinatlas.org/search/YHL018W
P38745,YHL017W,"Golgi apparatus, trans-Golgi network membrane",https://www.proteinatlas.org/search/YHL017W
P38747,OTU2,,https://www.proteinatlas.org/search/OTU2
P38748,ETP1,Cytoplasm,https://www.proteinatlas.org/search/ETP1
P38753,HSE1,Endosome membrane,https://www.proteinatlas.org/search/HSE1
P38754,RPL14B,Cytoplasm,https://www.proteinatlas.org/search/RPL14B
P38755,OSH7,Cytoplasm; Cell membrane; Endoplasmic reticulum membrane,https://www.proteinatlas.org/search/OSH7
P38756,TCD1,Mitochondrion outer membrane,https://www.proteinatlas.org/search/TCD1
P38758,TDA3,Cytoplasm; Late endosome,https://www.proteinatlas.org/search/TDA3
P38759,VPS29,,https://www.proteinatlas.org/search/VPS29
P38764,RPN1,,https://www.proteinatlas.org/search/RPN1
P38765,YHI9,,https://www.proteinatlas.org/search/YHI9
P38768,PIH1,Cytoplasm; Nucleus,https://www.proteinatlas.org/search/PIH1
P38771,RRF1,Mitochondrion,https://www.proteinatlas.org/search/RRF1
P38772,BCD1,Nucleus,https://www.proteinatlas.org/search/BCD1
P38773,DOG2,,https://www.proteinatlas.org/search/DOG2
P38775,YHR045W,Membrane,https://www.proteinatlas.org/search/YHR045W
P38777,FSH1,Cytoplasm; Nucleus,https://www.proteinatlas.org/search/FSH1
P38778,SMF2,Vacuole lumen; Vesicle; Cell membrane,https://www.proteinatlas.org/search/SMF2
P38779,CIC1,"Nucleus, nucleolus",https://www.proteinatlas.org/search/CIC1
P38781,RSC30,Nucleus,https://www.proteinatlas.org/search/RSC30
P38782,MED6,Nucleus,https://www.proteinatlas.org/search/MED6
P38784,VMA22,,https://www.proteinatlas.org/search/VMA22
P38786,RPP1,Nucleus,https://www.proteinatlas.org/search/RPP1
P38787,PAN5,,https://www.proteinatlas.org/search/PAN5
P38788,SSZ1,Cytoplasm,https://www.proteinatlas.org/search/SSZ1
P38789,SSF1,"Nucleus, nucleolus",https://www.proteinatlas.org/search/SSF1
P38791,DYS1,,https://www.proteinatlas.org/search/DYS1
P38792,RRP4,"Cytoplasm; Nucleus, nucleolus",https://www.proteinatlas.org/search/RRP4
P38793,TRM5,Mitochondrion matrix; Nucleus; Cytoplasm,https://www.proteinatlas.org/search/TRM5
P38795,QNS1,,https://www.proteinatlas.org/search/QNS1
P38796,PPE1,,https://www.proteinatlas.org/search/PPE1
P38797,PTC7,Mitochondrion,https://www.proteinatlas.org/search/PTC7
P38798,NMD2,Cytoplasm,https://www.proteinatlas.org/search/NMD2
P38801,LRP1,Nucleus,https://www.proteinatlas.org/search/LRP1
P38803,IPI1,Nucleus,https://www.proteinatlas.org/search/IPI1
P38804,RTC3,Cytoplasm; Nucleus,https://www.proteinatlas.org/search/RTC3
P38805,RPF1,"Nucleus, nucleolus",https://www.proteinatlas.org/search/RPF1
P38809,YHR097C,Cytoplasm; Nucleus,https://www.proteinatlas.org/search/YHR097C
P38810,SFB3,Cytoplasm; Golgi apparatus membrane; Endoplasmic reticulum membrane,https://www.proteinatlas.org/search/SFB3
P38811,TRA1,Nucleus,https://www.proteinatlas.org/search/TRA1
P38812,GEP4,Mitochondrion inner membrane,https://www.proteinatlas.org/search/GEP4
P38813,BIG1,Endoplasmic reticulum membrane,https://www.proteinatlas.org/search/BIG1
P38815,YPT35,Endosome membrane; Vacuole membrane,https://www.proteinatlas.org/search/YPT35
P38816,TRR2,Mitochondrion,https://www.proteinatlas.org/search/TRR2
P38817,GGA2,"Golgi apparatus, trans-Golgi network",https://www.proteinatlas.org/search/GGA2
P38820,UBA4,"Cytoplasm, cytosol",https://www.proteinatlas.org/search/UBA4
P38821,APE4,Cytoplasm; Vacuole lumen,https://www.proteinatlas.org/search/APE4
P38822,BZZ1,"Cytoplasm, cytoskeleton, actin patch",https://www.proteinatlas.org/search/BZZ1
P38824,COX23,Cytoplasm; Mitochondrion intermembrane space,https://www.proteinatlas.org/search/COX23
P38825,TOM71,Mitochondrion outer membrane,https://www.proteinatlas.org/search/TOM71
P38826,ORC6,Nucleus,https://www.proteinatlas.org/search/ORC6
P38828,LSM12,Cytoplasm; Nucleus,https://www.proteinatlas.org/search/LSM12
P38829,YHR122W,,https://www.proteinatlas.org/search/YHR122W
P38833,YHR127W,,https://www.proteinatlas.org/search/YHR127W
P38836,ECM14,Vacuole; Secreted,https://www.proteinatlas.org/search/ECM14
P38837,NSG1,Endoplasmic reticulum membrane,https://www.proteinatlas.org/search/NSG1
P38840,ARO9,Cytoplasm,https://www.proteinatlas.org/search/ARO9
P38841,YHR138C,,https://www.proteinatlas.org/search/YHR138C
P38845,CRP1,,https://www.proteinatlas.org/search/CRP1
P38850,RTT107,Nucleus,https://www.proteinatlas.org/search/RTT107
P38852,LIN1,Nucleus,https://www.proteinatlas.org/search/LIN1
P38853,KEL1,,https://www.proteinatlas.org/search/KEL1
P38854,TDA11,Cytoplasm,https://www.proteinatlas.org/search/TDA11
P38856,YAP1801,Bud; Bud neck; Cell membrane; Cytoplasm,https://www.proteinatlas.org/search/YAP1801
P38857,MPC2,Mitochondrion inner membrane,https://www.proteinatlas.org/search/MPC2
P38858,SOL3,Cytoplasm; Nucleus,https://www.proteinatlas.org/search/SOL3
P38861,NMD3,"Cytoplasm; Nucleus, nucleoplasm",https://www.proteinatlas.org/search/NMD3
P38869,SVP26,"Golgi apparatus, cis-Golgi network membrane",https://www.proteinatlas.org/search/SVP26
P38873,KOG1,Cell membrane; Vacuole membrane,https://www.proteinatlas.org/search/KOG1
P38874,IKI1,Cytoplasm; Nucleus,https://www.proteinatlas.org/search/IKI1
P38875,GPI16,Endoplasmic reticulum membrane,https://www.proteinatlas.org/search/GPI16
P38878,LNP1,Endoplasmic reticulum membrane,https://www.proteinatlas.org/search/LNP1
P38879,EGD2,Cytoplasm; Nucleus,https://www.proteinatlas.org/search/EGD2
P38882,UTP9,"Nucleus, nucleolus",https://www.proteinatlas.org/search/UTP9
P38883,RIX1,Nucleus,https://www.proteinatlas.org/search/RIX1
P38884,AIM18,Mitochondrion,https://www.proteinatlas.org/search/AIM18
P38885,AIM46,Mitochondrion,https://www.proteinatlas.org/search/AIM46
P38886,RPN10,,https://www.proteinatlas.org/search/RPN10
P38889,SKN7,Nucleus,https://www.proteinatlas.org/search/SKN7
P38890,SET5,Nucleus; Chromosome; Cytoplasm,https://www.proteinatlas.org/search/SET5
P38891,BAT1,Mitochondrion matrix,https://www.proteinatlas.org/search/BAT1
P38892,CRG1,Cytoplasm,https://www.proteinatlas.org/search/CRG1
P38902,RPB11,Nucleus,https://www.proteinatlas.org/search/RPB11
P38903,RTS1,Cytoplasm; Nucleus,https://www.proteinatlas.org/search/RTS1
P38904,SPP41,Nucleus,https://www.proteinatlas.org/search/SPP41
P38910,HSP10,Mitochondrion matrix,https://www.proteinatlas.org/search/HSP10
P38911,FPR3,"Nucleus, nucleolus",https://www.proteinatlas.org/search/FPR3
P38912,TIF11,,https://www.proteinatlas.org/search/TIF11
P38913,FAD1,"Cytoplasm, cytosol; Mitochondrion; Nucleus",https://www.proteinatlas.org/search/FAD1
P38915,SPT8,Nucleus,https://www.proteinatlas.org/search/SPT8
P38919,EIF4A3,Nucleus; Nucleus speckle; Cytoplasm,https://www.proteinatlas.org/search/EIF4A3
P38922,HRB1,"Cytoplasm; Nucleus; Nucleus; Cytoplasm, P-body; Cytoplasm, Stress granule",https://www.proteinatlas.org/search/HRB1
P38929,PMC1,Vacuole membrane,https://www.proteinatlas.org/search/PMC1
P38930,CKB2,,https://www.proteinatlas.org/search/CKB2
P38932,VPS45,Cytoplasm; Vacuole membrane,https://www.proteinatlas.org/search/VPS45
P38934,BFR1,,https://www.proteinatlas.org/search/BFR1
P38959,VPS41,Vacuole,https://www.proteinatlas.org/search/VPS41
P38961,RRP8,"Nucleus, nucleolus; Chromosome, telomere",https://www.proteinatlas.org/search/RRP8
P38962,TVP23,Golgi apparatus membrane,https://www.proteinatlas.org/search/TVP23
P38966,VTC5,Vacuole membrane,https://www.proteinatlas.org/search/VTC5
P38968,SEC31,"Cytoplasmic vesicle, COPII-coated vesicle membrane; Endoplasmic reticulum membrane",https://www.proteinatlas.org/search/SEC31
P38969,PNT1,Mitochondrion inner membrane,https://www.proteinatlas.org/search/PNT1
P38970,HAL5,,https://www.proteinatlas.org/search/HAL5
P38972,ADE6,Cytoplasm,https://www.proteinatlas.org/search/ADE6
P38985,SRP14,Cytoplasm; Nucleus,https://www.proteinatlas.org/search/SRP14
P38986,ASP1,Cytoplasm,https://www.proteinatlas.org/search/ASP1
P38987,TEM1,,https://www.proteinatlas.org/search/TEM1
P38988,GGC1,Mitochondrion inner membrane,https://www.proteinatlas.org/search/GGC1
P38992,SUR2,Endoplasmic reticulum membrane,https://www.proteinatlas.org/search/SUR2
P38993,FET3,Cell membrane,https://www.proteinatlas.org/search/FET3
P38996,NAB3,"Nucleus, nucleoplasm",https://www.proteinatlas.org/search/NAB3
P38998,LYS1,Peroxisome,https://www.proteinatlas.org/search/LYS1
P38999,LYS9,,https://www.proteinatlas.org/search/LYS9
P39001,UME6,Nucleus,https://www.proteinatlas.org/search/UME6
P39002,FAA3,Cell membrane,https://www.proteinatlas.org/search/FAA3
P39003,HXT6,Membrane,https://www.proteinatlas.org/search/HXT6
P39004,HXT7,Membrane,https://www.proteinatlas.org/search/HXT7
P39005,KRE9,"Secreted, cell wall",https://www.proteinatlas.org/search/KRE9
P39006,PSD1,Mitochondrion inner membrane; Mitochondrion inner membrane; Lipid droplet; Endoplasmic reticulum membrane,https://www.proteinatlas.org/search/PSD1
P39007,STT3,Endoplasmic reticulum membrane,https://www.proteinatlas.org/search/STT3
P39008,POP2,Cytoplasm; Nucleus,https://www.proteinatlas.org/search/POP2
P39010,AKR1,Early endosome membrane; Golgi apparatus membrane,https://www.proteinatlas.org/search/AKR1
P39011,BEM4,Nucleus; Cytoplasm,https://www.proteinatlas.org/search/BEM4
P39012,GAA1,Endoplasmic reticulum membrane,https://www.proteinatlas.org/search/GAA1
P39013,END3,"Cell membrane; Endosome membrane; Cytoplasm, cytoskeleton, actin patch",https://www.proteinatlas.org/search/END3
P39015,STM1,"Cytoplasm; Nucleus; Cytoplasm, perinuclear region",https://www.proteinatlas.org/search/STM1
P39016,MPT5,Cytoplasm,https://www.proteinatlas.org/search/MPT5
P39019,RPS19,"Cytoplasm; Nucleus, nucleolus",https://www.proteinatlas.org/search/RPS19
P39023,RPL3,"Nucleus, nucleolus; Cytoplasm",https://www.proteinatlas.org/search/RPL3
P39076,CCT2,Cytoplasm,https://www.proteinatlas.org/search/CCT2
P39077,CCT3,Cytoplasm,https://www.proteinatlas.org/search/CCT3
P39078,CCT4,Cytoplasm,https://www.proteinatlas.org/search/CCT4
P39079,CCT6,Cytoplasm,https://www.proteinatlas.org/search/CCT6
P39081,PCF11,Nucleus,https://www.proteinatlas.org/search/PCF11
P39099,degQ,Periplasm,https://www.proteinatlas.org/search/degQ
P39101,CAJ1,,https://www.proteinatlas.org/search/CAJ1
P39102,XDJ1,Mitochondrion outer membrane,https://www.proteinatlas.org/search/XDJ1
P39103,COX14,Mitochondrion membrane,https://www.proteinatlas.org/search/COX14
P39104,PIK1,"Nucleus; Golgi apparatus, trans-Golgi network",https://www.proteinatlas.org/search/PIK1
P39105,PLB1,Cell membrane,https://www.proteinatlas.org/search/PLB1
P39106,MNN1,Golgi apparatus membrane,https://www.proteinatlas.org/search/MNN1
P39107,MNN9,Endoplasmic reticulum membrane; Golgi apparatus membrane,https://www.proteinatlas.org/search/MNN9
P39109,YCF1,Vacuole membrane,https://www.proteinatlas.org/search/YCF1
P39111,VMA7,Vacuole membrane,https://www.proteinatlas.org/search/VMA7
P39113,CAT8,Nucleus,https://www.proteinatlas.org/search/CAT8
P39160,uxuB,,https://www.proteinatlas.org/search/uxuB
P39173,yeaD,,https://www.proteinatlas.org/search/yeaD
P39176,erfK,Periplasm,https://www.proteinatlas.org/search/erfK
P39177,uspG,,https://www.proteinatlas.org/search/uspG
P39180,flu,Periplasm; Secreted; Cell surface; Cell outer membrane,https://www.proteinatlas.org/search/flu
P39187,ytfJ,Periplasm,https://www.proteinatlas.org/search/ytfJ
P39199,prmB,,https://www.proteinatlas.org/search/prmB
P39265,alsB,Periplasm,https://www.proteinatlas.org/search/alsB
P39286,rsgA,Cytoplasm,https://www.proteinatlas.org/search/rsgA
P39298,yjfP,,https://www.proteinatlas.org/search/yjfP
P39315,qorB,,https://www.proteinatlas.org/search/qorB
P39325,ytfQ,Periplasm,https://www.proteinatlas.org/search/ytfQ
P39332,yjgH,,https://www.proteinatlas.org/search/yjgH
P39337,yjgM,,https://www.proteinatlas.org/search/yjgM
P39342,yjgR,,https://www.proteinatlas.org/search/yjgR
P39353,nanY,,https://www.proteinatlas.org/search/nanY
P39356,yjhU,,https://www.proteinatlas.org/search/yjhU
P39358,yjhG,,https://www.proteinatlas.org/search/yjhG
P39406,rsmC,Cytoplasm,https://www.proteinatlas.org/search/rsmC
P39451,adhP,,https://www.proteinatlas.org/search/adhP
P39516,RPS14B,"Cytoplasm; Nucleus, nucleolus",https://www.proteinatlas.org/search/RPS14B
P39517,DHH1,"Cytoplasm, P-body",https://www.proteinatlas.org/search/DHH1
P39522,ILV3,Mitochondrion,https://www.proteinatlas.org/search/ILV3
P39523,YMR124W,,https://www.proteinatlas.org/search/YMR124W
P39524,DRS2,"Golgi apparatus, trans-Golgi network membrane; Endosome membrane",https://www.proteinatlas.org/search/DRS2
P39525,CEM1,Mitochondrion,https://www.proteinatlas.org/search/CEM1
P39526,LAA1,"Golgi apparatus; Cytoplasmic vesicle, clathrin-coated vesicle",https://www.proteinatlas.org/search/LAA1
P39531,RCY1,Cytoplasm; Bud neck; Cell tip,https://www.proteinatlas.org/search/RCY1
P39533,ACO2,Mitochondrion,https://www.proteinatlas.org/search/ACO2
P39538,UBP12,,https://www.proteinatlas.org/search/UBP12
P39552,MST28,"Endoplasmic reticulum; Golgi apparatus; Cytoplasmic vesicle, COPI-coated vesicle membrane; Cytoplasmic vesicle, COPII-coated vesicle membrane",https://www.proteinatlas.org/search/MST28
P39656,DDOST,Endoplasmic reticulum membrane,https://www.proteinatlas.org/search/DDOST
P39676,YHB1,Cytoplasm,https://www.proteinatlas.org/search/YHB1
P39682,PRP39,Nucleus,https://www.proteinatlas.org/search/PRP39
P39683,NPT1,Cytoplasm; Nucleus,https://www.proteinatlas.org/search/NPT1
P39685,POM152,"Nucleus, nuclear pore complex; Nucleus membrane",https://www.proteinatlas.org/search/POM152
P39687,ANP32A,Nucleus; Cytoplasm; Endoplasmic reticulum,https://www.proteinatlas.org/search/ANP32A
P39692,MET10,,https://www.proteinatlas.org/search/MET10
P39704,ERP2,Endoplasmic reticulum membrane,https://www.proteinatlas.org/search/ERP2
P39705,NUP60,"Nucleus, nuclear pore complex; Nucleus membrane",https://www.proteinatlas.org/search/NUP60
P39709,SEO1,Membrane,https://www.proteinatlas.org/search/SEO1
P39713,BDH2,Cytoplasm; Nucleus,https://www.proteinatlas.org/search/BDH2
P39714,BDH1,Cytoplasm,https://www.proteinatlas.org/search/BDH1
P39715,ECM1,"Nucleus, nucleolus; Nucleus; Cytoplasm",https://www.proteinatlas.org/search/ECM1
P39718,PEX22,Peroxisome membrane,https://www.proteinatlas.org/search/PEX22
P39719,FLC2,Endoplasmic reticulum membrane,https://www.proteinatlas.org/search/FLC2
P39721,AIM2,Cytoplasm,https://www.proteinatlas.org/search/AIM2
P39722,GEM1,Mitochondrion outer membrane,https://www.proteinatlas.org/search/GEM1
P39724,BOL3,Mitochondrion matrix,https://www.proteinatlas.org/search/BOL3
P39726,GCV3,Mitochondrion,https://www.proteinatlas.org/search/GCV3
P39727,ERV46,"Endoplasmic reticulum membrane; Golgi apparatus membrane; Cytoplasmic vesicle, COPII-coated vesicle",https://www.proteinatlas.org/search/ERV46
P39729,RBG1,Cytoplasm,https://www.proteinatlas.org/search/RBG1
P39730,FUN12,Cytoplasm,https://www.proteinatlas.org/search/FUN12
P39731,MTW1,"Chromosome, centromere, kinetochore; Cytoplasm, cytoskeleton, spindle pole",https://www.proteinatlas.org/search/MTW1
P39743,RVS167,"Cytoplasm, cytoskeleton",https://www.proteinatlas.org/search/RVS167
P39744,NOC2,"Nucleus, nucleolus",https://www.proteinatlas.org/search/NOC2
P39748,FEN1,"Nucleus, nucleolus; Nucleus, nucleoplasm; Mitochondrion",https://www.proteinatlas.org/search/FEN1
P39829,garD,,https://www.proteinatlas.org/search/garD
P39831,ydfG,,https://www.proteinatlas.org/search/ydfG
P39880,CUX1,Nucleus,https://www.proteinatlas.org/search/CUX1
P39904,VPS52,"Golgi apparatus, trans-Golgi network membrane; Endosome membrane; Cytoplasm, cytoskeleton",https://www.proteinatlas.org/search/VPS52
P39923,NPR2,Vacuole membrane,https://www.proteinatlas.org/search/NPR2
P39925,AFG3,Mitochondrion inner membrane,https://www.proteinatlas.org/search/AFG3
P39926,SSO2,Membrane,https://www.proteinatlas.org/search/SSO2
P39927,PTI1,Nucleus,https://www.proteinatlas.org/search/PTI1
P39929,SNF7,Cytoplasm; Endosome membrane; Nucleus envelope,https://www.proteinatlas.org/search/SNF7
P39931,SSP120,,https://www.proteinatlas.org/search/SSP120
P39935,TIF4631,"Cytoplasm; Cytoplasm, P-body; Cytoplasm, Stress granule",https://www.proteinatlas.org/search/TIF4631
P39936,TIF4632,Cytoplasm,https://www.proteinatlas.org/search/TIF4632
P39938,RPS26A,Cytoplasm,https://www.proteinatlas.org/search/RPS26A
P39940,RSP5,"Cytoplasm; Nucleus; Cytoplasm, cytoskeleton, actin patch",https://www.proteinatlas.org/search/RSP5
P39952,OXA1,Mitochondrion inner membrane,https://www.proteinatlas.org/search/OXA1
P39954,SAH1,,https://www.proteinatlas.org/search/SAH1
P39956,RPH1,Nucleus,https://www.proteinatlas.org/search/RPH1
P39958,GDI1,Cytoplasm,https://www.proteinatlas.org/search/GDI1
P39960,BEM2,,https://www.proteinatlas.org/search/BEM2
P39962,YCK3,Cell membrane; Nucleus membrane; Vacuole membrane,https://www.proteinatlas.org/search/YCK3
P39966,PTC2,"Nucleus; Cytoplasm, cytosol",https://www.proteinatlas.org/search/PTC2
P39968,VAC8,Vacuole membrane,https://www.proteinatlas.org/search/VAC8
P39969,BOI2,Bud; Bud neck,https://www.proteinatlas.org/search/BOI2
P39976,DLD3,Cytoplasm,https://www.proteinatlas.org/search/DLD3
P39979,HPA3,Cytoplasm; Nucleus,https://www.proteinatlas.org/search/HPA3
P39984,HAT2,Cytoplasm; Nucleus,https://www.proteinatlas.org/search/HAT2
P39985,POL5,"Nucleus, nucleolus",https://www.proteinatlas.org/search/POL5
P39986,SPF1,Endoplasmic reticulum membrane,https://www.proteinatlas.org/search/SPF1
P39990,SNU13,"Nucleus, nucleolus",https://www.proteinatlas.org/search/SNU13
P39993,GEA2,"Cytoplasm, cytosol; Membrane; Golgi apparatus membrane",https://www.proteinatlas.org/search/GEA2
P39994,PXP1,Cytoplasm; Peroxisome matrix,https://www.proteinatlas.org/search/PXP1
P39996,GTT3,Nucleus membrane,https://www.proteinatlas.org/search/GTT3
P39998,EDC3,"Cytoplasm, P-body",https://www.proteinatlas.org/search/EDC3
P40005,GIM4,Cytoplasm,https://www.proteinatlas.org/search/GIM4
P40006,IRC22,Endoplasmic reticulum membrane,https://www.proteinatlas.org/search/IRC22
P40007,NOP16,"Nucleus, nucleolus",https://www.proteinatlas.org/search/NOP16
P40008,FMP52,Mitochondrion outer membrane,https://www.proteinatlas.org/search/FMP52
P40010,NUG1,Nucleus,https://www.proteinatlas.org/search/NUG1
P40011,YER010C,,https://www.proteinatlas.org/search/YER010C
P40012,HEM14,Mitochondrion inner membrane,https://www.proteinatlas.org/search/HEM14
P40013,BIM1,"Cytoplasm, cytoskeleton",https://www.proteinatlas.org/search/BIM1
P40014,SPC25,"Nucleus; Chromosome, centromere, kinetochore",https://www.proteinatlas.org/search/SPC25
P40015,ISC1,Endoplasmic reticulum membrane; Mitochondrion outer membrane,https://www.proteinatlas.org/search/ISC1
P40016,RPN3,,https://www.proteinatlas.org/search/RPN3
P40017,YAT2,Cytoplasm,https://www.proteinatlas.org/search/YAT2
P40018,SMB1,Nucleus; Cytoplasm,https://www.proteinatlas.org/search/SMB1
P40019,CHZ1,Nucleus,https://www.proteinatlas.org/search/CHZ1
P40022,YER034W,,https://www.proteinatlas.org/search/YER034W
P40024,ARB1,Cytoplasm; Nucleus,https://www.proteinatlas.org/search/ARB1
P40029,MXR1,,https://www.proteinatlas.org/search/MXR1
P40030,ERG28,Endoplasmic reticulum membrane,https://www.proteinatlas.org/search/ERG28
P40032,TPA1,Nucleus,https://www.proteinatlas.org/search/TPA1
P40035,PIC2,Mitochondrion inner membrane,https://www.proteinatlas.org/search/PIC2
P40036,GIP2,,https://www.proteinatlas.org/search/GIP2
P40037,HMF1,Cytoplasm; Nucleus; Mitochondrion intermembrane space,https://www.proteinatlas.org/search/HMF1
P40038,PCL6,Cytoplasm; Nucleus,https://www.proteinatlas.org/search/PCL6
P40040,THO1,,https://www.proteinatlas.org/search/THO1
P40043,RGI1,Cell membrane,https://www.proteinatlas.org/search/RGI1
P40045,TDA2,Cytoplasm; Cell projection,https://www.proteinatlas.org/search/TDA2
P40046,VTC1,"Vacuole membrane; Cytoplasm, cell cortex; Endoplasmic reticulum membrane; Cytoplasmic vesicle, autophagosome membrane",https://www.proteinatlas.org/search/VTC1
P40047,ALD5,Mitochondrion matrix,https://www.proteinatlas.org/search/ALD5
P40051,ICP55,Nucleus; Mitochondrion inner membrane,https://www.proteinatlas.org/search/ICP55
P40052,YER079W,,https://www.proteinatlas.org/search/YER079W
P40053,AIM9,Mitochondrion,https://www.proteinatlas.org/search/AIM9
P40054,SER3,,https://www.proteinatlas.org/search/SER3
P40055,UTP7,"Nucleus, nucleolus",https://www.proteinatlas.org/search/UTP7
P40056,GET2,Endoplasmic reticulum membrane; Golgi apparatus membrane,https://www.proteinatlas.org/search/GET2
P40064,NUP157,"Nucleus, nuclear pore complex; Nucleus membrane; Nucleus membrane",https://www.proteinatlas.org/search/NUP157
P40066,GLE2,"Nucleus, nuclear pore complex; Nucleus membrane; Nucleus membrane",https://www.proteinatlas.org/search/GLE2
P40069,KAP123,"Cytoplasm; Nucleus; Nucleus, nuclear pore complex",https://www.proteinatlas.org/search/KAP123
P40070,LSM4,Nucleus; Cytoplasm,https://www.proteinatlas.org/search/LSM4
P40075,SCS2,Endoplasmic reticulum membrane; Nucleus membrane,https://www.proteinatlas.org/search/SCS2
P40078,NSA2,"Nucleus, nucleolus",https://www.proteinatlas.org/search/NSA2
P40079,LCP5,"Nucleus, nucleolus",https://www.proteinatlas.org/search/LCP5
P40081,YER134C,Cytoplasm; Nucleus,https://www.proteinatlas.org/search/YER134C
P40084,RTR1,Cytoplasm; Nucleus,https://www.proteinatlas.org/search/RTR1
P40086,COX15,Mitochondrion inner membrane,https://www.proteinatlas.org/search/COX15
P40087,DDI1,Cytoplasm; Cell membrane,https://www.proteinatlas.org/search/DDI1
P40088,FTR1,Membrane,https://www.proteinatlas.org/search/FTR1
P40089,LSM5,"Nucleus, nucleolus; Cytoplasm",https://www.proteinatlas.org/search/LSM5
P40091,PEA2,,https://www.proteinatlas.org/search/PEA2
P40093,YER156C,,https://www.proteinatlas.org/search/YER156C
P40094,COG3,Golgi apparatus membrane,https://www.proteinatlas.org/search/COG3
P40096,BUR6,Nucleus,https://www.proteinatlas.org/search/BUR6
P40098,FMP10,Mitochondrion membrane,https://www.proteinatlas.org/search/FMP10
P40099,FAU1,Mitochondrion,https://www.proteinatlas.org/search/FAU1
P40106,GPP2,Cytoplasm; Nucleus,https://www.proteinatlas.org/search/GPP2
P40120,mdoD,Periplasm,https://www.proteinatlas.org/search/mdoD
P40121,CAPG,"Nucleus; Cytoplasm; Melanosome; Cell projection, lamellipodium; Cell projection, ruffle",https://www.proteinatlas.org/search/CAPG
P40150,SSB2,Cytoplasm,https://www.proteinatlas.org/search/SSB2
P40151,MGS1,Nucleus,https://www.proteinatlas.org/search/MGS1
P40154,IES2,Nucleus,https://www.proteinatlas.org/search/IES2
P40155,PEX17,Peroxisome membrane,https://www.proteinatlas.org/search/PEX17
P40157,VID27,Cytoplasm,https://www.proteinatlas.org/search/VID27
P40159,YNL208W,Mitochondrion,https://www.proteinatlas.org/search/YNL208W
P40160,RIO2,Cytoplasm; Nucleus,https://www.proteinatlas.org/search/RIO2
P40161,RTT106,Nucleus; Chromosome,https://www.proteinatlas.org/search/RTT106
P40164,PSY2,Nucleus,https://www.proteinatlas.org/search/PSY2
P40165,NNR1,Cytoplasm; Mitochondrion,https://www.proteinatlas.org/search/NNR1
P40168,YNL195C,Mitochondrion,https://www.proteinatlas.org/search/YNL195C
P40169,YNL194C,Cell membrane,https://www.proteinatlas.org/search/YNL194C
P40185,MMF1,Mitochondrion matrix,https://www.proteinatlas.org/search/MMF1
P40186,PCL7,Cytoplasm,https://www.proteinatlas.org/search/PCL7
P40187,PIG2,,https://www.proteinatlas.org/search/PIG2
P40188,RGI2,Cytoplasm,https://www.proteinatlas.org/search/RGI2
P40191,pdxK,,https://www.proteinatlas.org/search/pdxK
P40202,CCS1,"Cytoplasm, cytosol; Mitochondrion intermembrane space",https://www.proteinatlas.org/search/CCS1
P40208,GID8,Nucleus; Cytoplasm,https://www.proteinatlas.org/search/GID8
P40210,SIP5,Cytoplasm,https://www.proteinatlas.org/search/SIP5
P40212,RPL13B,Cytoplasm,https://www.proteinatlas.org/search/RPL13B
P40215,NDE1,Mitochondrion intermembrane space,https://www.proteinatlas.org/search/NDE1
P40217,TIF34,Cytoplasm,https://www.proteinatlas.org/search/TIF34
P40222,TXLNA,,https://www.proteinatlas.org/search/TXLNA
P40227,CCT6A,Cytoplasm,https://www.proteinatlas.org/search/CCT6A
P40261,NNMT,Cytoplasm,https://www.proteinatlas.org/search/NNMT
P40302,PRE5,Cytoplasm; Nucleus,https://www.proteinatlas.org/search/PRE5
P40303,PRE6,Cytoplasm; Nucleus,https://www.proteinatlas.org/search/PRE6
P40308,TGL3,Lipid droplet,https://www.proteinatlas.org/search/TGL3
P40312,CYB5,Endoplasmic reticulum membrane; Microsome membrane,https://www.proteinatlas.org/search/CYB5
P40317,SOK1,Nucleus,https://www.proteinatlas.org/search/SOK1
P40318,SSM4,Endoplasmic reticulum membrane; Nucleus inner membrane,https://www.proteinatlas.org/search/SSM4
P40319,ELO3,Endoplasmic reticulum membrane,https://www.proteinatlas.org/search/ELO3
P40325,HUA1,Cytoplasm,https://www.proteinatlas.org/search/HUA1
P40327,RPT2,Cytoplasm; Nucleus,https://www.proteinatlas.org/search/RPT2
P40335,PEP8,,https://www.proteinatlas.org/search/PEP8
P40339,RFC4,Nucleus,https://www.proteinatlas.org/search/RFC4
P40340,YTA7,"Chromosome, centromere; Nucleus; Chromosome",https://www.proteinatlas.org/search/YTA7
P40341,YTA12,Mitochondrion inner membrane,https://www.proteinatlas.org/search/YTA12
P40343,VPS27,Endosome membrane,https://www.proteinatlas.org/search/VPS27
P40344,ATG3,Cytoplasm; Mitochondrion,https://www.proteinatlas.org/search/ATG3
P40345,LRO1,Endoplasmic reticulum membrane; Nucleus inner membrane,https://www.proteinatlas.org/search/LRO1
P40347,LTP1,Cytoplasm,https://www.proteinatlas.org/search/LTP1
P40348,RFC2,Nucleus,https://www.proteinatlas.org/search/RFC2
P40350,ALG5,Endoplasmic reticulum membrane,https://www.proteinatlas.org/search/ALG5
P40354,NTA1,,https://www.proteinatlas.org/search/NTA1
P40356,PGD1,Nucleus,https://www.proteinatlas.org/search/PGD1
P40357,SEC9,,https://www.proteinatlas.org/search/SEC9
P40361,YJL070C,,https://www.proteinatlas.org/search/YJL070C
P40362,UTP18,"Nucleus, nucleolus",https://www.proteinatlas.org/search/UTP18
P40363,YJL068C,Cytoplasm,https://www.proteinatlas.org/search/YJL068C
P40364,MPM1,Mitochondrion membrane,https://www.proteinatlas.org/search/MPM1
P40368,NUP82,"Nucleus, nuclear pore complex; Nucleus membrane",https://www.proteinatlas.org/search/NUP82
P40395,RIC1,Golgi apparatus membrane,https://www.proteinatlas.org/search/RIC1
P40413,CCT5,Cytoplasm,https://www.proteinatlas.org/search/CCT5
P40414,TPM2,"Cytoplasm, cytoskeleton",https://www.proteinatlas.org/search/TPM2
P40422,RPC10,"Nucleus, nucleolus; Peroxisome",https://www.proteinatlas.org/search/RPC10
P40425,PBX2,Nucleus,https://www.proteinatlas.org/search/PBX2
P40429,RPL13A,Cytoplasm,https://www.proteinatlas.org/search/RPL13A
P40433,PFK26,,https://www.proteinatlas.org/search/PFK26
P40442,CSS1,Secreted,https://www.proteinatlas.org/search/CSS1
P40452,COA1,Mitochondrion inner membrane,https://www.proteinatlas.org/search/COA1
P40453,UBP7,Cytoplasm,https://www.proteinatlas.org/search/UBP7
P40454,RRD1,Cytoplasm; Nucleus,https://www.proteinatlas.org/search/RRD1
P40457,MLP2,"Nucleus; Cytoplasm, cytoskeleton, microtubule organizing center, spindle pole body; Nucleus, nuclear pore complex",https://www.proteinatlas.org/search/MLP2
P40459,PAN6,Cytoplasm; Nucleus,https://www.proteinatlas.org/search/PAN6
P40462,TMA108,Cytoplasm,https://www.proteinatlas.org/search/TMA108
P40463,VHS2,Cytoplasm,https://www.proteinatlas.org/search/VHS2
P40467,ASG1,Nucleus,https://www.proteinatlas.org/search/ASG1
P40468,TAO3,,https://www.proteinatlas.org/search/TAO3
P40469,MET18,Nucleus,https://www.proteinatlas.org/search/MET18
P40471,AYR1,Lipid droplet; Mitochondrion outer membrane; Endoplasmic reticulum,https://www.proteinatlas.org/search/AYR1
P40477,NUP159,"Nucleus, nuclear pore complex; Nucleus membrane",https://www.proteinatlas.org/search/NUP159
P40481,HPM1,Cytoplasm; Nucleus,https://www.proteinatlas.org/search/HPM1
P40482,SEC24,"Cytoplasm; Cytoplasmic vesicle, COPII-coated vesicle membrane; Endoplasmic reticulum membrane; Golgi apparatus membrane",https://www.proteinatlas.org/search/SEC24
P40483,YIL108W,Cytoplasm,https://www.proteinatlas.org/search/YIL108W
P40484,MOB1,"Cytoplasm; Nucleus; Cytoplasm, cytoskeleton, microtubule organizing center, spindle pole body; Bud neck; Chromosome, centromere",https://www.proteinatlas.org/search/MOB1
P40485,SLM1,Cell membrane,https://www.proteinatlas.org/search/SLM1
P40486,SHQ1,Nucleus,https://www.proteinatlas.org/search/SHQ1
P40494,PRK1,"Cytoplasm, cytoskeleton, actin patch",https://www.proteinatlas.org/search/PRK1
P40495,LYS12,Mitochondrion,https://www.proteinatlas.org/search/LYS12
P40496,RSM25,Mitochondrion,https://www.proteinatlas.org/search/RSM25
P40498,UTP25,"Nucleus, nucleolus",https://www.proteinatlas.org/search/UTP25
P40499,ICE2,Endoplasmic reticulum membrane,https://www.proteinatlas.org/search/ICE2
P40501,AVT7,Vacuole membrane,https://www.proteinatlas.org/search/AVT7
P40503,YIL086C,,https://www.proteinatlas.org/search/YIL086C
P40505,SDS3,Nucleus,https://www.proteinatlas.org/search/SDS3
P40506,CAB2,Cytoplasm; Nucleus,https://www.proteinatlas.org/search/CAB2
P40509,SEC28,"Cytoplasm; Golgi apparatus membrane; Cytoplasmic vesicle, COPI-coated vesicle membrane",https://www.proteinatlas.org/search/SEC28
P40510,SER33,,https://www.proteinatlas.org/search/SER33
P40513,MAM33,Mitochondrion matrix,https://www.proteinatlas.org/search/MAM33
P40515,FIS1,Mitochondrion outer membrane,https://www.proteinatlas.org/search/FIS1
P40516,EFM4,Cytoplasm,https://www.proteinatlas.org/search/EFM4
P40517,YRB2,Nucleus,https://www.proteinatlas.org/search/YRB2
P40518,ARC15,"Cytoplasm, cytoskeleton, actin patch",https://www.proteinatlas.org/search/ARC15
P40522,VHR1,Cytoplasm; Nucleus,https://www.proteinatlas.org/search/VHR1
P40523,YIL055C,,https://www.proteinatlas.org/search/YIL055C
P40525,RPL34B,Cytoplasm,https://www.proteinatlas.org/search/RPL34B
P40527,NEO1,Endosome membrane; Golgi apparatus membrane,https://www.proteinatlas.org/search/NEO1
P40528,SYG1,Cell membrane,https://www.proteinatlas.org/search/SYG1
P40529,AGE2,Cytoplasm; Golgi apparatus,https://www.proteinatlas.org/search/AGE2
P40531,GVP36,Golgi apparatus membrane,https://www.proteinatlas.org/search/GVP36
P40533,TED1,Endoplasmic reticulum membrane,https://www.proteinatlas.org/search/TED1
P40535,CST6,Nucleus,https://www.proteinatlas.org/search/CST6
P40540,EMC5,Endoplasmic reticulum membrane,https://www.proteinatlas.org/search/EMC5
P40541,IRR1,"Nucleus; Chromosome; Chromosome, centromere",https://www.proteinatlas.org/search/IRR1
P40545,HIS6,Cytoplasm,https://www.proteinatlas.org/search/HIS6
P40548,SNL1,Endoplasmic reticulum membrane; Nucleus membrane,https://www.proteinatlas.org/search/SNL1
P40549,MNT3,Golgi apparatus membrane,https://www.proteinatlas.org/search/MNT3
P40553,DOT5,"Nucleus; Chromosome, telomere",https://www.proteinatlas.org/search/DOT5
P40555,NAS2,,https://www.proteinatlas.org/search/NAS2
P40557,EPS1,Endoplasmic reticulum membrane,https://www.proteinatlas.org/search/EPS1
P40558,CFD1,Cytoplasm,https://www.proteinatlas.org/search/CFD1
P40561,SGN1,Cytoplasm,https://www.proteinatlas.org/search/SGN1
P40563,AIM21,"Cytoplasm, cytoskeleton, actin patch",https://www.proteinatlas.org/search/AIM21
P40564,DJP1,Cytoplasm,https://www.proteinatlas.org/search/DJP1
P40566,EGH1,"Cytoplasm, cytosol; Vacuole membrane",https://www.proteinatlas.org/search/EGH1
P40579,NRE1,Cytoplasm,https://www.proteinatlas.org/search/NRE1
P40580,IRC24,,https://www.proteinatlas.org/search/IRC24
P40581,HYR1,Cytoplasm; Mitochondrion intermembrane space; Peroxisome matrix,https://www.proteinatlas.org/search/HYR1
P40582,GTT1,Endoplasmic reticulum membrane,https://www.proteinatlas.org/search/GTT1
P40616,ARL1,"Golgi apparatus membrane; Golgi apparatus, trans-Golgi network membrane; Membrane",https://www.proteinatlas.org/search/ARL1
P40692,MLH1,Nucleus; Chromosome,https://www.proteinatlas.org/search/MLH1
P40693,RLP7,"Nucleus, nucleolus",https://www.proteinatlas.org/search/RLP7
P40763,STAT3,Cytoplasm; Nucleus,https://www.proteinatlas.org/search/STAT3
P40818,USP8,Cytoplasm; Nucleus; Endosome membrane; Cell membrane,https://www.proteinatlas.org/search/USP8
P40825,ALA1,Cytoplasm; Mitochondrion,https://www.proteinatlas.org/search/ALA1
P40855,PEX19,Cytoplasm; Peroxisome membrane,https://www.proteinatlas.org/search/PEX19
P40856,SAP185,,https://www.proteinatlas.org/search/SAP185
P40857,PHS1,Endoplasmic reticulum membrane; Vacuole membrane,https://www.proteinatlas.org/search/PHS1
P40874,solA,,https://www.proteinatlas.org/search/solA
P40892,YJL218W,,https://www.proteinatlas.org/search/YJL218W
P40893,REE1,Cytoplasm,https://www.proteinatlas.org/search/REE1
P40925,MDH1,"Cytoplasm, cytosol",https://www.proteinatlas.org/search/MDH1
P40926,MDH2,Mitochondrion matrix,https://www.proteinatlas.org/search/MDH2
P40937,RFC5,Nucleus,https://www.proteinatlas.org/search/RFC5
P40938,RFC3,Nucleus,https://www.proteinatlas.org/search/RFC3
P40939,HADHA,Mitochondrion; Mitochondrion inner membrane,https://www.proteinatlas.org/search/HADHA
P40956,GTS1,Nucleus,https://www.proteinatlas.org/search/GTS1
P40957,MAD1,Nucleus,https://www.proteinatlas.org/search/MAD1
P40958,MAD2,Nucleus,https://www.proteinatlas.org/search/MAD2
P40959,MVP1,Cytoplasm; Endosome membrane,https://www.proteinatlas.org/search/MVP1
P40961,PHB1,Mitochondrion inner membrane,https://www.proteinatlas.org/search/PHB1
P40970,LCB2,Cytoplasm; Endoplasmic reticulum; Membrane,https://www.proteinatlas.org/search/LCB2
P40986,CDC1,Membrane,https://www.proteinatlas.org/search/CDC1
P40989,GSC2,Membrane,https://www.proteinatlas.org/search/GSC2
P40991,NOP2,"Nucleus, nucleolus",https://www.proteinatlas.org/search/NOP2
P40994,ARF3,Golgi apparatus,https://www.proteinatlas.org/search/ARF3
P41056,RPL33B,Cytoplasm,https://www.proteinatlas.org/search/RPL33B
P41057,RPS29A,Cytoplasm,https://www.proteinatlas.org/search/RPS29A
P41058,RPS29B,Cytoplasm,https://www.proteinatlas.org/search/RPS29B
P41091,EIF2S3,"Cytoplasm, cytosol",https://www.proteinatlas.org/search/EIF2S3
P41134,ID1,Cytoplasm; Nucleus,https://www.proteinatlas.org/search/ID1
P41208,CETN2,"Cytoplasm, cytoskeleton, microtubule organizing center, centrosome; Cytoplasm, cytoskeleton, microtubule organizing center, centrosome, centriole; Nucleus envelope; Nucleus, nuclear pore complex; Nucleus",https://www.proteinatlas.org/search/CETN2
P41214,EIF2D,Cytoplasm,https://www.proteinatlas.org/search/EIF2D
P41222,PTGDS,"Rough endoplasmic reticulum; Nucleus membrane; Golgi apparatus; Cytoplasm, perinuclear region; Secreted",https://www.proteinatlas.org/search/PTGDS
P41223,BUD31,Nucleus,https://www.proteinatlas.org/search/BUD31
P41227,NAA10,Cytoplasm; Nucleus,https://www.proteinatlas.org/search/NAA10
P41229,KDM5C,Nucleus,https://www.proteinatlas.org/search/KDM5C
P41236,PPP1R2,,https://www.proteinatlas.org/search/PPP1R2
P41240,CSK,Cytoplasm; Cell membrane,https://www.proteinatlas.org/search/CSK
P41250,GARS1,"Cytoplasm; Cell projection, axon; Secreted; Secreted, extracellular exosome; Mitochondrion; Cytoplasm; Cytoplasm; Cell projection, axon",https://www.proteinatlas.org/search/GARS1
P41252,IARS1,"Cytoplasm; Cytoplasm, cytosol",https://www.proteinatlas.org/search/IARS1
P41277,GPP1,Cytoplasm; Nucleus,https://www.proteinatlas.org/search/GPP1
P41338,ERG10,"Cytoplasm, cytosol",https://www.proteinatlas.org/search/ERG10
P41407,azoR,,https://www.proteinatlas.org/search/azoR
P41440,SLC19A1,Cell membrane; Apical cell membrane; Basolateral cell membrane,https://www.proteinatlas.org/search/SLC19A1
P41543,OST1,Endoplasmic reticulum membrane,https://www.proteinatlas.org/search/OST1
P41567,EIF1,Cytoplasm,https://www.proteinatlas.org/search/EIF1
P41696,AZF1,"Nucleus; Cytoplasm, cytosol",https://www.proteinatlas.org/search/AZF1
P41697,BUD6,Bud tip,https://www.proteinatlas.org/search/BUD6
P41733,GAB1,Endoplasmic reticulum membrane,https://www.proteinatlas.org/search/GAB1
P41734,IAH1,,https://www.proteinatlas.org/search/IAH1
P41735,CAT5,Mitochondrion inner membrane,https://www.proteinatlas.org/search/CAT5
P41743,PRKCI,Cytoplasm; Membrane; Endosome; Nucleus,https://www.proteinatlas.org/search/PRKCI
P41800,MMM1,Endoplasmic reticulum membrane,https://www.proteinatlas.org/search/MMM1
P41805,RPL10,Cytoplasm,https://www.proteinatlas.org/search/RPL10
P41807,VMA13,Vacuole membrane,https://www.proteinatlas.org/search/VMA13
P41810,SEC26,"Cytoplasm; Golgi apparatus membrane; Cytoplasmic vesicle, COPI-coated vesicle membrane",https://www.proteinatlas.org/search/SEC26
P41811,SEC27,"Cytoplasm; Golgi apparatus membrane; Cytoplasmic vesicle, COPI-coated vesicle membrane",https://www.proteinatlas.org/search/SEC27
P41812,POP1,Cytoplasm; Nucleus,https://www.proteinatlas.org/search/POP1
P41813,FKH2,"Nucleus; Cytoplasm, cytosol",https://www.proteinatlas.org/search/FKH2
P41814,GCD10,Nucleus,https://www.proteinatlas.org/search/GCD10
P41818,GLC8,,https://www.proteinatlas.org/search/GLC8
P41819,DIM1,"Cytoplasm; Nucleus, nucleolus",https://www.proteinatlas.org/search/DIM1
P41832,BNI1,Bud tip,https://www.proteinatlas.org/search/BNI1
P41895,TFG1,Nucleus,https://www.proteinatlas.org/search/TFG1
P41896,TFG2,Nucleus,https://www.proteinatlas.org/search/TFG2
P41903,TES1,Peroxisome,https://www.proteinatlas.org/search/TES1
P41910,MAF1,Cytoplasm; Nucleus,https://www.proteinatlas.org/search/MAF1
P41911,GPD2,Cytoplasm; Mitochondrion,https://www.proteinatlas.org/search/GPD2
P41920,YRB1,Cytoplasm; Nucleus,https://www.proteinatlas.org/search/YRB1
P41921,GLR1,Cytoplasm; Nucleus; Mitochondrion; Peroxisome,https://www.proteinatlas.org/search/GLR1
P41930,SSU1,Cell membrane,https://www.proteinatlas.org/search/SSU1
P41940,PSA1,Cytoplasm,https://www.proteinatlas.org/search/PSA1
P42025,ACTR1B,"Cytoplasm, cytoskeleton; Cytoplasm, cytoskeleton, microtubule organizing center, centrosome",https://www.proteinatlas.org/search/ACTR1B
P42073,REF2,Nucleus,https://www.proteinatlas.org/search/REF2
P42126,ECI1,Mitochondrion matrix,https://www.proteinatlas.org/search/ECI1
P42166,TMPO,Nucleus; Chromosome,https://www.proteinatlas.org/search/TMPO
P42167,TMPO,Nucleus inner membrane; Cytoplasm,https://www.proteinatlas.org/search/TMPO
P42224,STAT1,Cytoplasm; Nucleus,https://www.proteinatlas.org/search/STAT1
P42226,STAT6,Cytoplasm; Nucleus,https://www.proteinatlas.org/search/STAT6
P42229,STAT5A,Cytoplasm; Nucleus,https://www.proteinatlas.org/search/STAT5A
P42285,MTREX,"Nucleus, nucleoplasm; Nucleus, nucleolus; Nucleus; Nucleus speckle",https://www.proteinatlas.org/search/MTREX
P42330,AKR1C3,Cytoplasm,https://www.proteinatlas.org/search/AKR1C3
P42338,PIK3CB,Cytoplasm; Nucleus,https://www.proteinatlas.org/search/PIK3CB
P42345,MTOR,"Lysosome membrane; Endoplasmic reticulum membrane; Golgi apparatus membrane; Cell membrane; Mitochondrion outer membrane; Cytoplasm; Nucleus; Nucleus, PML body; Microsome membrane; Cytoplasmic vesicle, phagosome",https://www.proteinatlas.org/search/MTOR
P42356,PI4KA,Cytoplasm; Cell membrane,https://www.proteinatlas.org/search/PI4KA
P42566,EPS15,"Cytoplasm; Cell membrane; Membrane, clathrin-coated pit; Early endosome membrane",https://www.proteinatlas.org/search/EPS15
P42574,CASP3,Cytoplasm,https://www.proteinatlas.org/search/CASP3
P42575,CASP2,,https://www.proteinatlas.org/search/CASP2
P42588,patA,,https://www.proteinatlas.org/search/patA
P42593,fadH,,https://www.proteinatlas.org/search/fadH
P42599,ygjR,,https://www.proteinatlas.org/search/ygjR
P42616,yqjC,,https://www.proteinatlas.org/search/yqjC
P42620,yqjG,,https://www.proteinatlas.org/search/yqjG
P42641,obgE,Cytoplasm,https://www.proteinatlas.org/search/obgE
P42677,RPS27,"Cytoplasm; Nucleus, nucleolus",https://www.proteinatlas.org/search/RPS27
P42684,ABL2,"Cytoplasm, cytoskeleton",https://www.proteinatlas.org/search/ABL2
P42694,HELZ,Nucleus; Cytoplasm,https://www.proteinatlas.org/search/HELZ
P42695,NCAPD3,Nucleus,https://www.proteinatlas.org/search/NCAPD3
P42696,RBM34,"Nucleus, nucleolus",https://www.proteinatlas.org/search/RBM34
P42704,LRPPRC,"Mitochondrion; Nucleus; Nucleus, nucleoplasm; Nucleus inner membrane; Nucleus outer membrane",https://www.proteinatlas.org/search/LRPPRC
P42765,ACAA2,Mitochondrion,https://www.proteinatlas.org/search/ACAA2
P42766,RPL35,Cytoplasm,https://www.proteinatlas.org/search/RPL35
P42773,CDKN2C,,https://www.proteinatlas.org/search/CDKN2C
P42785,PRCP,Lysosome,https://www.proteinatlas.org/search/PRCP
P42826,XKS1,Cytoplasm,https://www.proteinatlas.org/search/XKS1
P42838,LEM3,Cell membrane,https://www.proteinatlas.org/search/LEM3
P42839,VNX1,Vacuole membrane,https://www.proteinatlas.org/search/VNX1
P42840,YNL320W,Mitochondrion membrane,https://www.proteinatlas.org/search/YNL320W
P42842,EMW1,Cytoplasm; Nucleus,https://www.proteinatlas.org/search/EMW1
P42844,ZIM17,Mitochondrion inner membrane,https://www.proteinatlas.org/search/ZIM17
P42846,KRI1,"Nucleus, nucleolus",https://www.proteinatlas.org/search/KRI1
P42898,MTHFR,,https://www.proteinatlas.org/search/MTHFR
P42934,PMT6,Endoplasmic reticulum membrane,https://www.proteinatlas.org/search/PMT6
P42935,ELP2,Cytoplasm; Nucleus,https://www.proteinatlas.org/search/ELP2
P42936,YGR201C,,https://www.proteinatlas.org/search/YGR201C
P42938,TDA10,Cytoplasm; Nucleus,https://www.proteinatlas.org/search/TDA10
P42940,CIR1,Mitochondrion matrix,https://www.proteinatlas.org/search/CIR1
P42941,SER2,,https://www.proteinatlas.org/search/SER2
P42942,YGR210C,,https://www.proteinatlas.org/search/YGR210C
P42943,CCT7,Cytoplasm,https://www.proteinatlas.org/search/CCT7
P42945,UTP10,"Nucleus, nucleolus; Mitochondrion",https://www.proteinatlas.org/search/UTP10
P42949,PAM16,Mitochondrion inner membrane,https://www.proteinatlas.org/search/PAM16
P43007,SLC1A4,Cell membrane; Melanosome membrane,https://www.proteinatlas.org/search/SLC1A4
P43034,PAFAH1B1,"Cytoplasm, cytoskeleton; Cytoplasm, cytoskeleton, microtubule organizing center, centrosome; Cytoplasm, cytoskeleton, spindle; Nucleus membrane",https://www.proteinatlas.org/search/PAFAH1B1
P43121,MCAM,Membrane,https://www.proteinatlas.org/search/MCAM
P43123,QRI1,Cytoplasm,https://www.proteinatlas.org/search/QRI1
P43243,MATR3,Nucleus matrix,https://www.proteinatlas.org/search/MATR3
P43246,MSH2,Nucleus; Chromosome,https://www.proteinatlas.org/search/MSH2
P43250,GRK6,Membrane,https://www.proteinatlas.org/search/GRK6
P43304,GPD2,Mitochondrion,https://www.proteinatlas.org/search/GPD2
P43307,SSR1,Endoplasmic reticulum membrane,https://www.proteinatlas.org/search/SSR1
P43321,SMD3,"Cytoplasm, cytosol; Nucleus",https://www.proteinatlas.org/search/SMD3
P43355,MAGEA1,Cytoplasm; Nucleus,https://www.proteinatlas.org/search/MAGEA1
P43362,MAGEA9,,https://www.proteinatlas.org/search/MAGEA9
P43366,MAGEB1,,https://www.proteinatlas.org/search/MAGEB1
P43405,SYK,"Cell membrane; Cytoplasm, cytosol",https://www.proteinatlas.org/search/SYK
P43487,RANBP1,,https://www.proteinatlas.org/search/RANBP1
P43490,NAMPT,Nucleus; Cytoplasm; Secreted,https://www.proteinatlas.org/search/NAMPT
P43535,GCN20,,https://www.proteinatlas.org/search/GCN20
P43545,SNZ3,,https://www.proteinatlas.org/search/SNZ3
P43555,EMP47,Golgi apparatus membrane; Endoplasmic reticulum membrane,https://www.proteinatlas.org/search/EMP47
P43556,RGD2,,https://www.proteinatlas.org/search/RGD2
P43558,OTU1,Cytoplasm; Nucleus,https://www.proteinatlas.org/search/OTU1
P43560,LAM5,Endoplasmic reticulum membrane,https://www.proteinatlas.org/search/LAM5
P43561,FET5,Cell membrane,https://www.proteinatlas.org/search/FET5
P43563,MOB2,Nucleus; Cytoplasm,https://www.proteinatlas.org/search/MOB2
P43564,MIL1,"Golgi apparatus membrane; Early endosome membrane; Cytoplasmic vesicle, clathrin-coated vesicle membrane",https://www.proteinatlas.org/search/MIL1
P43565,RIM15,Cytoplasm; Nucleus,https://www.proteinatlas.org/search/RIM15
P43568,CAK1,,https://www.proteinatlas.org/search/CAK1
P43569,CAF16,Cytoplasm; Nucleus,https://www.proteinatlas.org/search/CAF16
P43573,BUD27,Cytoplasm,https://www.proteinatlas.org/search/BUD27
P43577,GNA1,,https://www.proteinatlas.org/search/GNA1
P43579,IES1,Nucleus,https://www.proteinatlas.org/search/IES1
P43582,WWM1,Cytoplasm; Nucleus; Mitochondrion,https://www.proteinatlas.org/search/WWM1
P43583,BLM10,Nucleus; Cytoplasm,https://www.proteinatlas.org/search/BLM10
P43585,VTC2,"Vacuole membrane; Cytoplasm, cell cortex; Endoplasmic reticulum membrane; Cytoplasmic vesicle, autophagosome membrane",https://www.proteinatlas.org/search/VTC2
P43586,LOC1,"Nucleus, nucleolus",https://www.proteinatlas.org/search/LOC1
P43587,YPI1,Nucleus,https://www.proteinatlas.org/search/YPI1
P43588,RPN11,,https://www.proteinatlas.org/search/RPN11
P43589,SAD1,Nucleus,https://www.proteinatlas.org/search/SAD1
P43590,YFR006W,Membrane,https://www.proteinatlas.org/search/YFR006W
P43591,YFH7,,https://www.proteinatlas.org/search/YFH7
P43593,UBP6,,https://www.proteinatlas.org/search/UBP6
P43594,MIC19,Mitochondrion inner membrane,https://www.proteinatlas.org/search/MIC19
P43596,IOC3,Nucleus,https://www.proteinatlas.org/search/IOC3
P43597,AIP5,Bud neck; Bud tip,https://www.proteinatlas.org/search/AIP5
P43598,IGD1,Cytoplasm,https://www.proteinatlas.org/search/IGD1
P43599,YFR018C,,https://www.proteinatlas.org/search/YFR018C
P43601,ATG18,Preautophagosomal structure membrane; Vacuole membrane; Endosome membrane,https://www.proteinatlas.org/search/ATG18
P43603,LSB3,Cytoplasm,https://www.proteinatlas.org/search/LSB3
P43609,RSC8,Nucleus,https://www.proteinatlas.org/search/RSC8
P43611,OSW7,,https://www.proteinatlas.org/search/OSW7
P43612,SAP155,Cytoplasm,https://www.proteinatlas.org/search/SAP155
P43613,ERJ5,Endoplasmic reticulum membrane,https://www.proteinatlas.org/search/ERJ5
P43616,DUG1,Cytoplasm; Mitochondrion,https://www.proteinatlas.org/search/DUG1
P43619,BNA6,Cytoplasm; Nucleus,https://www.proteinatlas.org/search/BNA6
P43620,RMD8,Membrane,https://www.proteinatlas.org/search/RMD8
P43621,RET2,"Cytoplasm; Golgi apparatus membrane; Cytoplasmic vesicle, COPI-coated vesicle membrane",https://www.proteinatlas.org/search/RET2
P43636,ALG2,Endoplasmic reticulum membrane,https://www.proteinatlas.org/search/ALG2
P43638,MHP1,"Cytoplasm; Cytoplasm, cytoskeleton, spindle",https://www.proteinatlas.org/search/MHP1
P43639,CKB1,,https://www.proteinatlas.org/search/CKB1
P43672,uup,Cytoplasm,https://www.proteinatlas.org/search/uup
P43686,PSMC4,Cytoplasm; Nucleus,https://www.proteinatlas.org/search/PSMC4
P43897,TSFM,Mitochondrion matrix,https://www.proteinatlas.org/search/TSFM
P45395,kdsD,,https://www.proteinatlas.org/search/kdsD
P45425,nanK,,https://www.proteinatlas.org/search/nanK
P45470,yhbO,Cytoplasm,https://www.proteinatlas.org/search/yhbO
P45523,fkpA,Periplasm,https://www.proteinatlas.org/search/fkpA
P45548,php,,https://www.proteinatlas.org/search/php
P45577,proQ,Cytoplasm,https://www.proteinatlas.org/search/proQ
P45748,tsaC,Cytoplasm,https://www.proteinatlas.org/search/tsaC
P45799,nudE,,https://www.proteinatlas.org/search/nudE
P45818,ROK1,"Nucleus, nucleolus",https://www.proteinatlas.org/search/ROK1
P45880,VDAC2,Mitochondrion outer membrane; Membrane,https://www.proteinatlas.org/search/VDAC2
P45954,ACADSB,Mitochondrion matrix,https://www.proteinatlas.org/search/ACADSB
P45955,cpoB,Periplasm,https://www.proteinatlas.org/search/cpoB
P45973,CBX5,"Nucleus; Chromosome; Chromosome, centromere",https://www.proteinatlas.org/search/CBX5
P45974,USP5,"Cytoplasm; Cytoplasm, Stress granule; Nucleus",https://www.proteinatlas.org/search/USP5
P45976,FIP1,Nucleus,https://www.proteinatlas.org/search/FIP1
P45978,SCD6,"Cytoplasm, P-body; Cytoplasm, Stress granule",https://www.proteinatlas.org/search/SCD6
P45983,MAPK8,Cytoplasm; Nucleus; Synapse,https://www.proteinatlas.org/search/MAPK8
P46013,MKI67,"Chromosome; Nucleus; Nucleus, nucleolus",https://www.proteinatlas.org/search/MKI67
P46019,PHKA2,Cell membrane,https://www.proteinatlas.org/search/PHKA2
P46060,RANGAP1,"Cytoplasm; Nucleus, nucleoplasm; Nucleus envelope; Chromosome, centromere, kinetochore; Cytoplasm, cytoskeleton, spindle",https://www.proteinatlas.org/search/RANGAP1
P46063,RECQL,Nucleus,https://www.proteinatlas.org/search/RECQL
P46087,NOP2,"Nucleus, nucleolus; Nucleus",https://www.proteinatlas.org/search/NOP2
P46108,CRK,Cytoplasm; Cell membrane,https://www.proteinatlas.org/search/CRK
P46109,CRKL,,https://www.proteinatlas.org/search/CRKL
P46151,MET12,,https://www.proteinatlas.org/search/MET12
P46199,MTIF2,Mitochondrion,https://www.proteinatlas.org/search/MTIF2
P46367,ALD4,Mitochondrion matrix,https://www.proteinatlas.org/search/ALD4
P46379,BAG6,"Cytoplasm, cytosol; Nucleus; Secreted, extracellular exosome",https://www.proteinatlas.org/search/BAG6
P46459,NSF,Cytoplasm,https://www.proteinatlas.org/search/NSF
P46654,RPS0B,Cytoplasm,https://www.proteinatlas.org/search/RPS0B
P46655,GUS1,Cytoplasm; Mitochondrion,https://www.proteinatlas.org/search/GUS1
P46669,RPA43,"Nucleus, nucleolus",https://www.proteinatlas.org/search/RPA43
P46670,CIN2,"Cytoplasm, cytoskeleton",https://www.proteinatlas.org/search/CIN2
P46672,ARC1,Cytoplasm,https://www.proteinatlas.org/search/ARC1
P46673,NUP85,"Nucleus, nuclear pore complex; Nucleus membrane; Nucleus membrane",https://www.proteinatlas.org/search/NUP85
P46675,STU2,"Cytoplasm, cytoskeleton, microtubule organizing center, spindle pole body; Cytoplasm, cytoskeleton, spindle; Chromosome, centromere, kinetochore",https://www.proteinatlas.org/search/STU2
P46676,SUM1,Nucleus,https://www.proteinatlas.org/search/SUM1
P46677,TAF1,Nucleus,https://www.proteinatlas.org/search/TAF1
P46680,AIP1,"Cytoplasm, cytoskeleton; Cytoplasm, cytoskeleton, actin patch",https://www.proteinatlas.org/search/AIP1
P46681,DLD2,Mitochondrion matrix,https://www.proteinatlas.org/search/DLD2
P46682,APL6,"Golgi apparatus; Cytoplasmic vesicle, clathrin-coated vesicle membrane",https://www.proteinatlas.org/search/APL6
P46683,YAR1,,https://www.proteinatlas.org/search/YAR1
P46736,BRCC3,"Nucleus; Cytoplasm; Cytoplasm, cytoskeleton, spindle pole",https://www.proteinatlas.org/search/BRCC3
P46776,RPL27A,Cytoplasm,https://www.proteinatlas.org/search/RPL27A
P46777,RPL5,"Cytoplasm; Nucleus, nucleolus",https://www.proteinatlas.org/search/RPL5
P46778,RPL21,"Cytoplasm, cytosol; Cytoplasm; Endoplasmic reticulum",https://www.proteinatlas.org/search/RPL21
P46779,RPL28,Cytoplasm,https://www.proteinatlas.org/search/RPL28
P46781,RPS9,"Cytoplasm; Nucleus, nucleolus",https://www.proteinatlas.org/search/RPS9
P46782,RPS5,"Cytoplasm; Nucleus, nucleolus",https://www.proteinatlas.org/search/RPS5
P46783,RPS10,"Cytoplasm; Nucleus, nucleolus",https://www.proteinatlas.org/search/RPS10
P46784,RPS10B,Cytoplasm,https://www.proteinatlas.org/search/RPS10B
P46821,MAP1B,"Cytoplasm, cytoskeleton; Cytoplasm; Synapse; Cell projection, dendritic spine; Cytoplasm",https://www.proteinatlas.org/search/MAP1B
P46837,yhgF,,https://www.proteinatlas.org/search/yhgF
P46852,yhhW,,https://www.proteinatlas.org/search/yhhW
P46853,yhhX,,https://www.proteinatlas.org/search/yhhX
P46926,GNPDA1,Cytoplasm,https://www.proteinatlas.org/search/GNPDA1
P46934,NEDD4,Cytoplasm; Nucleus; Cell membrane,https://www.proteinatlas.org/search/NEDD4
P46940,IQGAP1,"Cell membrane; Nucleus; Cytoplasm; Cytoplasm, cell cortex; Apical cell membrane; Basolateral cell membrane",https://www.proteinatlas.org/search/IQGAP1
P46947,BUD13,Cytoplasm; Nucleus,https://www.proteinatlas.org/search/BUD13
P46948,SKI6,"Cytoplasm; Nucleus, nucleolus",https://www.proteinatlas.org/search/SKI6
P46949,FYV8,,https://www.proteinatlas.org/search/FYV8
P46951,YPP1,Cytoplasmic granule; Cell membrane,https://www.proteinatlas.org/search/YPP1
P46956,PHO86,Membrane,https://www.proteinatlas.org/search/PHO86
P46957,POL31,Nucleus,https://www.proteinatlas.org/search/POL31
P46959,GCD14,Nucleus,https://www.proteinatlas.org/search/GCD14
P46962,CTK2,"Nucleus, nucleolus",https://www.proteinatlas.org/search/CTK2
P46963,CTK3,"Nucleus, nucleolus; Cytoplasm",https://www.proteinatlas.org/search/CTK3
P46964,OST2,Endoplasmic reticulum membrane,https://www.proteinatlas.org/search/OST2
P46965,SPC1,Endoplasmic reticulum membrane,https://www.proteinatlas.org/search/SPC1
P46969,RPE1,Cytoplasm,https://www.proteinatlas.org/search/RPE1
P46970,NMD5,Nucleus; Cytoplasm,https://www.proteinatlas.org/search/NMD5
P46971,PMT4,Endoplasmic reticulum membrane,https://www.proteinatlas.org/search/PMT4
P46974,RSF2,Nucleus,https://www.proteinatlas.org/search/RSF2
P46976,GYG1,Cytoplasm; Nucleus,https://www.proteinatlas.org/search/GYG1
P46977,STT3A,Endoplasmic reticulum; Endoplasmic reticulum membrane,https://www.proteinatlas.org/search/STT3A
P46982,MNN5,"Golgi apparatus, cis-Golgi network",https://www.proteinatlas.org/search/MNN5
P46984,GON7,"Nucleus; Chromosome, telomere",https://www.proteinatlas.org/search/GON7
P46985,MNN11,"Golgi apparatus, cis-Golgi network membrane",https://www.proteinatlas.org/search/MNN11
P46988,PFD1,Cytoplasm,https://www.proteinatlas.org/search/PFD1
P46989,ATG27,Cytoplasmic vesicle membrane; Golgi apparatus membrane; Mitochondrion membrane; Preautophagosomal structure membrane,https://www.proteinatlas.org/search/ATG27
P46990,RPL17B,Cytoplasm,https://www.proteinatlas.org/search/RPL17B
P46992,TOH1,Cell membrane,https://www.proteinatlas.org/search/TOH1
P46995,SET2,Nucleus; Chromosome,https://www.proteinatlas.org/search/SET2
P47006,RPA34,"Nucleus, nucleolus",https://www.proteinatlas.org/search/RPA34
P47008,SFH5,Cytoplasm; Endoplasmic reticulum membrane; Microsome membrane,https://www.proteinatlas.org/search/SFH5
P47013,LCB3,Endoplasmic reticulum membrane,https://www.proteinatlas.org/search/LCB3
P47017,LSM1,"Nucleus; Cytoplasm; Cytoplasm, P-body",https://www.proteinatlas.org/search/LSM1
P47018,MTC1,"Cytoplasm; Cytoplasmic vesicle, COPI-coated vesicle",https://www.proteinatlas.org/search/MTC1
P47019,ALB1,Cytoplasm; Nucleus,https://www.proteinatlas.org/search/ALB1
P47025,MDV1,Mitochondrion outer membrane,https://www.proteinatlas.org/search/MDV1
P47031,IML2,Cytoplasm; Nucleus,https://www.proteinatlas.org/search/IML2
P47032,PRY1,Secreted,https://www.proteinatlas.org/search/PRY1
P47033,PRY3,"Secreted, cell wall; Membrane",https://www.proteinatlas.org/search/PRY3
P47035,NET1,"Nucleus, nucleolus",https://www.proteinatlas.org/search/NET1
P47037,SMC3,Nucleus; Chromosome,https://www.proteinatlas.org/search/SMC3
P47039,BNA3,Cytoplasm; Mitochondrion,https://www.proteinatlas.org/search/BNA3
P47044,YJL055W,,https://www.proteinatlas.org/search/YJL055W
P47045,TIM54,Mitochondrion inner membrane,https://www.proteinatlas.org/search/TIM54
P47047,MTR4,Nucleus,https://www.proteinatlas.org/search/MTR4
P47048,YJL049W,,https://www.proteinatlas.org/search/YJL049W
P47054,NUP192,"Nucleus, nuclear pore complex",https://www.proteinatlas.org/search/NUP192
P47057,SNX4,"Cytoplasm, cytosol; Preautophagosomal structure membrane; Endosome membrane",https://www.proteinatlas.org/search/SNX4
P47061,VPS53,"Golgi apparatus, trans-Golgi network membrane; Endosome membrane",https://www.proteinatlas.org/search/VPS53
P47064,APS3,Golgi apparatus; Cytoplasmic vesicle membrane,https://www.proteinatlas.org/search/APS3
P47068,BBC1,"Cytoplasm, cytoskeleton, actin patch",https://www.proteinatlas.org/search/BBC1
P47075,VTC4,"Vacuole membrane; Cytoplasm, cell cortex; Endoplasmic reticulum membrane; Cytoplasmic vesicle, autophagosome membrane",https://www.proteinatlas.org/search/VTC4
P47076,RPC17,Nucleus,https://www.proteinatlas.org/search/RPC17
P47077,NOP9,"Nucleus, nucleolus",https://www.proteinatlas.org/search/NOP9
P47079,CCT8,Cytoplasm,https://www.proteinatlas.org/search/CCT8
P47082,AVT1,Vacuole membrane,https://www.proteinatlas.org/search/AVT1
P47083,MPP10,"Nucleus, nucleolus",https://www.proteinatlas.org/search/MPP10
P47085,MHO1,Cytoplasm; Nucleus,https://www.proteinatlas.org/search/MHO1
P47086,YJR011C,,https://www.proteinatlas.org/search/YJR011C
P47089,TMA22,Cytoplasm,https://www.proteinatlas.org/search/TMA22
P47093,LSM8,Nucleus; Cytoplasm,https://www.proteinatlas.org/search/LSM8
P47095,MDE1,Cytoplasm,https://www.proteinatlas.org/search/MDE1
P47096,BNA1,Cytoplasm; Nucleus,https://www.proteinatlas.org/search/BNA1
P47102,GEA1,"Cytoplasm, cytosol; Membrane; Endoplasmic reticulum; Mitochondrion",https://www.proteinatlas.org/search/GEA1
P47103,CPR7,,https://www.proteinatlas.org/search/CPR7
P47104,RAV1,Endomembrane system,https://www.proteinatlas.org/search/RAV1
P47108,URB2,"Nucleus, nucleolus",https://www.proteinatlas.org/search/URB2
P47112,TAH11,Cytoplasm; Nucleus,https://www.proteinatlas.org/search/TAH11
P47116,PTK2,Nucleus; Cytoplasm,https://www.proteinatlas.org/search/PTK2
P47117,ARP3,"Cytoplasm, cytoskeleton, actin patch",https://www.proteinatlas.org/search/ARP3
P47118,YAE1,Cytoplasm; Nucleus,https://www.proteinatlas.org/search/YAE1
P47119,HAM1,Cytoplasm; Nucleus,https://www.proteinatlas.org/search/HAM1
P47120,LIA1,Cytoplasm; Nucleus,https://www.proteinatlas.org/search/LIA1
P47122,NPA3,Cytoplasm,https://www.proteinatlas.org/search/NPA3
P47123,MOG1,Nucleus,https://www.proteinatlas.org/search/MOG1
P47124,HOC1,"Golgi apparatus, cis-Golgi network membrane",https://www.proteinatlas.org/search/HOC1
P47127,AIM24,Mitochondrion,https://www.proteinatlas.org/search/AIM24
P47130,CSN12,Cytoplasm; Nucleus,https://www.proteinatlas.org/search/CSN12
P47133,EMC2,Endoplasmic reticulum membrane,https://www.proteinatlas.org/search/EMC2
P47135,JSN1,,https://www.proteinatlas.org/search/JSN1
P47137,YJR096W,,https://www.proteinatlas.org/search/YJR096W
P47141,RSM26,Mitochondrion,https://www.proteinatlas.org/search/RSM26
P47142,VPS25,Cytoplasm; Endosome membrane,https://www.proteinatlas.org/search/VPS25
P47143,ADO1,,https://www.proteinatlas.org/search/ADO1
P47149,NNF1,"Nucleus; Chromosome, centromere, kinetochore",https://www.proteinatlas.org/search/NNF1
P47150,RSM7,Mitochondrion,https://www.proteinatlas.org/search/RSM7
P47154,STE24,Endoplasmic reticulum membrane; Nucleus inner membrane,https://www.proteinatlas.org/search/STE24
P47160,ENT3,"Cytoplasm; Golgi apparatus, trans-Golgi network membrane; Cytoplasmic vesicle, clathrin-coated vesicle membrane",https://www.proteinatlas.org/search/ENT3
P47164,STR2,Cytoplasm; Nucleus,https://www.proteinatlas.org/search/STR2
P47165,XPT1,Cytoplasm,https://www.proteinatlas.org/search/XPT1
P47166,SGM1,Golgi apparatus,https://www.proteinatlas.org/search/SGM1
P47169,MET5,Cytoplasm,https://www.proteinatlas.org/search/MET5
P47170,IML1,Vacuole membrane,https://www.proteinatlas.org/search/IML1
P47173,YJR142W,,https://www.proteinatlas.org/search/YJR142W
P47176,BAT2,Cytoplasm,https://www.proteinatlas.org/search/BAT2
P47190,PMT3,Endoplasmic reticulum membrane,https://www.proteinatlas.org/search/PMT3
P47224,RABIF,,https://www.proteinatlas.org/search/RABIF
P47736,RAP1GAP,Golgi apparatus membrane,https://www.proteinatlas.org/search/RAP1GAP
P47755,CAPZA2,,https://www.proteinatlas.org/search/CAPZA2
P47756,CAPZB,"Cytoplasm, cytoskeleton; Cytoplasm, myofibril, sarcomere",https://www.proteinatlas.org/search/CAPZB
P47771,ALD2,Cytoplasm,https://www.proteinatlas.org/search/ALD2
P47813,EIF1AX,Cytoplasm,https://www.proteinatlas.org/search/EIF1AX
P47818,CCC1,Golgi apparatus membrane; Vacuole membrane,https://www.proteinatlas.org/search/CCC1
P47822,SRB7,Nucleus,https://www.proteinatlas.org/search/SRB7
P47897,QARS1,"Cytoplasm, cytosol; Cytoplasm",https://www.proteinatlas.org/search/QARS1
P47912,FAA4,Lipid droplet,https://www.proteinatlas.org/search/FAA4
P47914,RPL29,Cytoplasm,https://www.proteinatlas.org/search/RPL29
P47974,ZFP36L2,Nucleus; Cytoplasm,https://www.proteinatlas.org/search/ZFP36L2
P47985,UQCRFS1,Mitochondrion inner membrane,https://www.proteinatlas.org/search/UQCRFS1
P48015,GCV1,Mitochondrion,https://www.proteinatlas.org/search/GCV1
P48047,ATP5PO,Mitochondrion; Mitochondrion inner membrane,https://www.proteinatlas.org/search/ATP5PO
P48059,LIMS1,"Cell junction, focal adhesion; Cell membrane",https://www.proteinatlas.org/search/LIMS1
P48147,PREP,Cytoplasm,https://www.proteinatlas.org/search/PREP
P48163,ME1,Cytoplasm,https://www.proteinatlas.org/search/ME1
P48164,RPS7B,"Cytoplasm; Nucleus, nucleolus",https://www.proteinatlas.org/search/RPS7B
P48200,IREB2,Cytoplasm,https://www.proteinatlas.org/search/IREB2
P48231,TCB2,Cell membrane; Endoplasmic reticulum membrane,https://www.proteinatlas.org/search/TCB2
P48234,ENP2,"Nucleus, nucleolus",https://www.proteinatlas.org/search/ENP2
P48236,GPC1,Membrane,https://www.proteinatlas.org/search/GPC1
P48240,MTR3,"Cytoplasm; Nucleus, nucleolus",https://www.proteinatlas.org/search/MTR3
P48353,HLJ1,,https://www.proteinatlas.org/search/HLJ1
P48360,ARH1,Mitochondrion inner membrane,https://www.proteinatlas.org/search/ARH1
P48361,ASK10,Cytoplasm,https://www.proteinatlas.org/search/ASK10
P48362,HGH1,Cytoplasm,https://www.proteinatlas.org/search/HGH1
P48363,PAC10,,https://www.proteinatlas.org/search/PAC10
P48365,GYP7,Cytoplasm,https://www.proteinatlas.org/search/GYP7
P48412,UPF3,Nucleus,https://www.proteinatlas.org/search/UPF3
P48415,SEC16,Endoplasmic reticulum membrane,https://www.proteinatlas.org/search/SEC16
P48426,PIP4K2A,"Cell membrane; Nucleus; Lysosome; Cytoplasm; Photoreceptor inner segment; Cell projection, cilium, photoreceptor outer segment",https://www.proteinatlas.org/search/PIP4K2A
P48439,OST3,Endoplasmic reticulum membrane,https://www.proteinatlas.org/search/OST3
P48444,ARCN1,"Cytoplasm; Golgi apparatus membrane; Cytoplasmic vesicle, COPI-coated vesicle membrane",https://www.proteinatlas.org/search/ARCN1
P48445,BPL1,Cytoplasm,https://www.proteinatlas.org/search/BPL1
P48449,LSS,Endoplasmic reticulum membrane,https://www.proteinatlas.org/search/LSS
P48454,PPP3CC,Mitochondrion,https://www.proteinatlas.org/search/PPP3CC
P48506,GCLC,,https://www.proteinatlas.org/search/GCLC
P48507,GCLM,,https://www.proteinatlas.org/search/GCLM
P48510,DSK2,Nucleus,https://www.proteinatlas.org/search/DSK2
P48524,BUL1,Cytoplasm,https://www.proteinatlas.org/search/BUL1
P48556,PSMD8,,https://www.proteinatlas.org/search/PSMD8
P48558,BXI1,Endoplasmic reticulum membrane; Vacuole membrane; Mitochondrion membrane,https://www.proteinatlas.org/search/BXI1
P48562,CLA4,,https://www.proteinatlas.org/search/CLA4
P48563,MON2,Golgi apparatus membrane,https://www.proteinatlas.org/search/MON2
P48566,MSB3,Cytoplasm; Bud; Bud neck,https://www.proteinatlas.org/search/MSB3
P48567,PUS4,Nucleus; Mitochondrion,https://www.proteinatlas.org/search/PUS4
P48570,LYS20,Cytoplasm,https://www.proteinatlas.org/search/LYS20
P48582,BRO1,Cytoplasm; Endosome,https://www.proteinatlas.org/search/BRO1
P48589,RPS12,Cytoplasm,https://www.proteinatlas.org/search/RPS12
P48606,RBL2,"Cytoplasm, cytoskeleton",https://www.proteinatlas.org/search/RBL2
P48634,PRRC2A,Cytoplasm; Nucleus,https://www.proteinatlas.org/search/PRRC2A
P48637,GSS,,https://www.proteinatlas.org/search/GSS
P48643,CCT5,"Cytoplasm; Cytoplasm, cytoskeleton, microtubule organizing center, centrosome",https://www.proteinatlas.org/search/CCT5
P48681,NES,,https://www.proteinatlas.org/search/NES
P48729,CSNK1A1,"Cytoplasm; Cytoplasm, cytoskeleton, microtubule organizing center, centrosome; Chromosome, centromere, kinetochore; Nucleus speckle; Cytoplasm, cytoskeleton, cilium basal body; Cytoplasm, cytoskeleton, spindle",https://www.proteinatlas.org/search/CSNK1A1
P48730,CSNK1D,"Cytoplasm; Nucleus; Cytoplasm, cytoskeleton, microtubule organizing center, centrosome; Cytoplasm, perinuclear region; Cell membrane; Cytoplasm, cytoskeleton, spindle; Golgi apparatus",https://www.proteinatlas.org/search/CSNK1D
P48735,IDH2,Mitochondrion,https://www.proteinatlas.org/search/IDH2
P48739,PITPNB,"Cytoplasm, cytosol; Golgi apparatus membrane; Endoplasmic reticulum membrane; Golgi apparatus",https://www.proteinatlas.org/search/PITPNB
P48813,GNP1,Mitochondrion membrane,https://www.proteinatlas.org/search/GNP1
P48836,VMA10,Vacuole membrane,https://www.proteinatlas.org/search/VMA10
P48837,NUP57,"Nucleus, nuclear pore complex; Nucleus membrane; Nucleus membrane",https://www.proteinatlas.org/search/NUP57
P49005,POLD2,Nucleus,https://www.proteinatlas.org/search/POLD2
P49006,MARCKSL1,"Cytoplasm, cytoskeleton; Cell membrane",https://www.proteinatlas.org/search/MARCKSL1
P49017,COQ5,Mitochondrion inner membrane,https://www.proteinatlas.org/search/COQ5
P49018,GPI8,Endoplasmic reticulum membrane,https://www.proteinatlas.org/search/GPI8
P49023,PXN,"Cytoplasm, cytoskeleton; Cell junction, focal adhesion; Cytoplasm, cell cortex",https://www.proteinatlas.org/search/PXN
P49089,ASN1,,https://www.proteinatlas.org/search/ASN1
P49090,ASN2,,https://www.proteinatlas.org/search/ASN2
P49095,GCV2,Mitochondrion,https://www.proteinatlas.org/search/GCV2
P49137,MAPKAPK2,Cytoplasm; Nucleus,https://www.proteinatlas.org/search/MAPKAPK2
P49166,RPL37A,Cytoplasm,https://www.proteinatlas.org/search/RPL37A
P49167,RPL38,Cytoplasm,https://www.proteinatlas.org/search/RPL38
P49189,ALDH9A1,"Cytoplasm, cytosol; Cytoplasm",https://www.proteinatlas.org/search/ALDH9A1
P49207,RPL34,"Cytoplasm, cytosol; Cytoplasm; Endoplasmic reticulum",https://www.proteinatlas.org/search/RPL34
P49247,RPIA,,https://www.proteinatlas.org/search/RPIA
P49257,LMAN1,Endoplasmic reticulum-Golgi intermediate compartment membrane; Golgi apparatus membrane; Endoplasmic reticulum membrane,https://www.proteinatlas.org/search/LMAN1
P49321,NASP,Cytoplasm; Nucleus,https://www.proteinatlas.org/search/NASP
P49327,FASN,Cytoplasm; Melanosome,https://www.proteinatlas.org/search/FASN
P49334,TOM22,Mitochondrion outer membrane,https://www.proteinatlas.org/search/TOM22
P49354,FNTA,,https://www.proteinatlas.org/search/FNTA
P49356,FNTB,,https://www.proteinatlas.org/search/FNTB
P49366,DHPS,,https://www.proteinatlas.org/search/DHPS
P49367,LYS4,Mitochondrion,https://www.proteinatlas.org/search/LYS4
P49368,CCT3,Cytoplasm,https://www.proteinatlas.org/search/CCT3
P49406,MRPL19,Mitochondrion,https://www.proteinatlas.org/search/MRPL19
P49407,ARRB1,"Cytoplasm; Nucleus; Cell membrane; Membrane, clathrin-coated pit; Cell projection, pseudopodium; Cytoplasmic vesicle",https://www.proteinatlas.org/search/ARRB1
P49411,TUFM,Mitochondrion matrix,https://www.proteinatlas.org/search/TUFM
P49427,CDC34,Cytoplasm; Nucleus,https://www.proteinatlas.org/search/CDC34
P49435,APT1,Cytoplasm; Nucleus,https://www.proteinatlas.org/search/APT1
P49441,INPP1,,https://www.proteinatlas.org/search/INPP1
P49448,GLUD2,Mitochondrion matrix,https://www.proteinatlas.org/search/GLUD2
P49454,CENPF,"Cytoplasm, perinuclear region; Nucleus matrix; Chromosome, centromere, kinetochore; Cytoplasm, cytoskeleton, spindle",https://www.proteinatlas.org/search/CENPF
P49458,SRP9,Cytoplasm,https://www.proteinatlas.org/search/SRP9
P49459,UBE2A,Late endosome; Lysosome,https://www.proteinatlas.org/search/UBE2A
P49573,CTR1,Cell membrane,https://www.proteinatlas.org/search/CTR1
P49585,PCYT1A,"Cytoplasm, cytosol; Membrane; Endoplasmic reticulum membrane; Nucleus",https://www.proteinatlas.org/search/PCYT1A
P49588,AARS1,Cytoplasm; Nucleus,https://www.proteinatlas.org/search/AARS1
P49589,CARS1,Cytoplasm,https://www.proteinatlas.org/search/CARS1
P49590,HARS2,Mitochondrion,https://www.proteinatlas.org/search/HARS2
P49591,SARS1,Cytoplasm; Nucleus,https://www.proteinatlas.org/search/SARS1
P49593,PPM1F,,https://www.proteinatlas.org/search/PPM1F
P49626,RPL4B,Cytoplasm; Nucleus,https://www.proteinatlas.org/search/RPL4B
P49642,PRIM1,,https://www.proteinatlas.org/search/PRIM1
P49643,PRIM2,,https://www.proteinatlas.org/search/PRIM2
P49675,STAR,Mitochondrion outer membrane; Mitochondrion matrix,https://www.proteinatlas.org/search/STAR
P49686,NUP42,"Nucleus, nuclear pore complex; Nucleus membrane",https://www.proteinatlas.org/search/NUP42
P49687,NUP145,"Nucleus, nuclear pore complex; Nucleus membrane; Nucleus membrane; Nucleus, nuclear pore complex; Nucleus membrane",https://www.proteinatlas.org/search/NUP145
P49711,CTCF,"Nucleus, nucleoplasm; Chromosome; Chromosome, centromere",https://www.proteinatlas.org/search/CTCF
P49720,PSMB3,Cytoplasm; Nucleus,https://www.proteinatlas.org/search/PSMB3
P49721,PSMB2,Cytoplasm; Nucleus,https://www.proteinatlas.org/search/PSMB2
P49723,RNR4,Nucleus,https://www.proteinatlas.org/search/RNR4
P49736,MCM2,Nucleus; Chromosome,https://www.proteinatlas.org/search/MCM2
P49748,ACADVL,Mitochondrion inner membrane; Mitochondrion inner membrane,https://www.proteinatlas.org/search/ACADVL
P49750,YLPM1,Nucleus; Nucleus speckle,https://www.proteinatlas.org/search/YLPM1
P49754,VPS41,"Endosome membrane; Late endosome membrane; Early endosome membrane; Lysosome membrane; Golgi apparatus, trans-Golgi network; Cytoplasmic vesicle, clathrin-coated vesicle; Cytoplasm, cytosol",https://www.proteinatlas.org/search/VPS41
P49755,TMED10,"Endoplasmic reticulum membrane; Endoplasmic reticulum-Golgi intermediate compartment membrane; Golgi apparatus membrane; Golgi apparatus, cis-Golgi network membrane; Golgi apparatus, trans-Golgi network membrane; Cytoplasmic vesicle, secretory vesicle membrane; Cell membrane; Melanosome",https://www.proteinatlas.org/search/TMED10
P49756,RBM25,Nucleus speckle; Cytoplasm,https://www.proteinatlas.org/search/RBM25
P49757,NUMB,Cell membrane; Endosome membrane,https://www.proteinatlas.org/search/NUMB
P49770,EIF2B2,"Cytoplasm, cytosol",https://www.proteinatlas.org/search/EIF2B2
P49773,HINT1,Cytoplasm; Nucleus,https://www.proteinatlas.org/search/HINT1
P49775,HNT2,Cytoplasm; Nucleus; Mitochondrion,https://www.proteinatlas.org/search/HNT2
P49790,NUP153,"Nucleus; Nucleus membrane; Nucleus, nuclear pore complex",https://www.proteinatlas.org/search/NUP153
P49792,RANBP2,"Nucleus; Nucleus membrane; Nucleus, nuclear pore complex; Nucleus envelope",https://www.proteinatlas.org/search/RANBP2
P49821,NDUFV1,Mitochondrion inner membrane,https://www.proteinatlas.org/search/NDUFV1
P49840,GSK3A,,https://www.proteinatlas.org/search/GSK3A
P49841,GSK3B,Cytoplasm; Nucleus; Cell membrane,https://www.proteinatlas.org/search/GSK3B
P49848,TAF6,Nucleus; Nucleus,https://www.proteinatlas.org/search/TAF6
P49902,NT5C2,"Cytoplasm, cytosol",https://www.proteinatlas.org/search/NT5C2
P49903,SEPHS1,Nucleus; Chromosome; Cytoplasm; Cell membrane; Nucleus membrane; Cytoplasm; Cytoplasm; Cytoplasm,https://www.proteinatlas.org/search/SEPHS1
P49914,MTHFS,Cytoplasm,https://www.proteinatlas.org/search/MTHFS
P49915,GMPS,"Cytoplasm, cytosol",https://www.proteinatlas.org/search/GMPS
P49916,LIG3,Mitochondrion; Mitochondrion; Nucleus; Nucleus,https://www.proteinatlas.org/search/LIG3
P49954,NIT3,,https://www.proteinatlas.org/search/NIT3
P49956,CTF18,Nucleus,https://www.proteinatlas.org/search/CTF18
P49957,TRM9,Cytoplasm; Nucleus,https://www.proteinatlas.org/search/TRM9
P49959,MRE11,"Nucleus; Chromosome; Chromosome, telomere",https://www.proteinatlas.org/search/MRE11
P50085,PHB2,Mitochondrion inner membrane,https://www.proteinatlas.org/search/PHB2
P50086,NAS6,,https://www.proteinatlas.org/search/NAS6
P50087,MIC26,Mitochondrion inner membrane,https://www.proteinatlas.org/search/MIC26
P50088,SPG1,Mitochondrion membrane,https://www.proteinatlas.org/search/SPG1
P50089,YGR237C,,https://www.proteinatlas.org/search/YGR237C
P50094,IMD4,Cytoplasm,https://www.proteinatlas.org/search/IMD4
P50095,IMD3,Cytoplasm,https://www.proteinatlas.org/search/IMD3
P50101,UBP15,"Cytoplasm, cytosol; Peroxisome",https://www.proteinatlas.org/search/UBP15
P50105,TAF4,Nucleus,https://www.proteinatlas.org/search/TAF4
P50106,RPA14,"Nucleus, nucleolus",https://www.proteinatlas.org/search/RPA14
P50107,GLO1,,https://www.proteinatlas.org/search/GLO1
P50108,MNN10,"Endoplasmic reticulum membrane; Golgi apparatus, cis-Golgi network membrane",https://www.proteinatlas.org/search/MNN10
P50109,PSP2,"Cytoplasm; Cytoplasm, P-body; Cytoplasm, Stress granule",https://www.proteinatlas.org/search/PSP2
P50110,SAM37,Mitochondrion outer membrane,https://www.proteinatlas.org/search/SAM37
P50111,ZDS1,Cytoplasm,https://www.proteinatlas.org/search/ZDS1
P50148,GNAQ,Cell membrane; Golgi apparatus; Nucleus; Nucleus membrane,https://www.proteinatlas.org/search/GNAQ
P50213,IDH3A,Mitochondrion,https://www.proteinatlas.org/search/IDH3A
P50225,SULT1A1,Cytoplasm,https://www.proteinatlas.org/search/SULT1A1
P50264,FMS1,,https://www.proteinatlas.org/search/FMS1
P50278,SOL1,Cytoplasm; Nucleus,https://www.proteinatlas.org/search/SOL1
P50336,PPOX,Mitochondrion inner membrane,https://www.proteinatlas.org/search/PPOX
P50395,GDI2,"Cytoplasm; Membrane; Golgi apparatus, trans-Golgi network",https://www.proteinatlas.org/search/GDI2
P50402,EMD,Nucleus inner membrane; Nucleus outer membrane,https://www.proteinatlas.org/search/EMD
P50416,CPT1A,Mitochondrion outer membrane,https://www.proteinatlas.org/search/CPT1A
P50453,SERPINB9,Cytoplasm,https://www.proteinatlas.org/search/SERPINB9
P50454,SERPINH1,Endoplasmic reticulum lumen,https://www.proteinatlas.org/search/SERPINH1
P50457,puuE,,https://www.proteinatlas.org/search/puuE
P50479,PDLIM4,"Cytoplasm, cytoskeleton; Nucleus; Cytoplasm; Cytoplasm, perinuclear region; Cell projection, lamellipodium; Cell projection, dendritic spine; Early endosome membrane; Recycling endosome membrane; Synapse, synaptosome; Cytoplasm",https://www.proteinatlas.org/search/PDLIM4
P50502,ST13,Cytoplasm,https://www.proteinatlas.org/search/ST13
P50542,PEX5,"Cytoplasm, cytosol; Peroxisome matrix",https://www.proteinatlas.org/search/PEX5
P50552,VASP,"Cytoplasm; Cytoplasm, cytoskeleton; Cell junction, focal adhesion; Cell junction, tight junction; Cell projection, lamellipodium membrane; Cell projection, filopodium membrane",https://www.proteinatlas.org/search/VASP
P50570,DNM2,"Cytoplasm, cytoskeleton; Cytoplasmic vesicle, clathrin-coated vesicle; Cell projection, uropodium; Endosome; Cytoplasm, cytoskeleton, microtubule organizing center, centrosome; Cytoplasm, cytoskeleton, microtubule organizing center, centrosome, centriole; Recycling endosome; Cell projection, phagocytic cup; Cytoplasmic vesicle, phagosome membrane; Cell projection, podosome; Cytoplasm; Cell junction; Postsynaptic density; Synapse, synaptosome; Midbody; Membrane, clathrin-coated pit",https://www.proteinatlas.org/search/DNM2
P50579,METAP2,Cytoplasm,https://www.proteinatlas.org/search/METAP2
P50583,NUDT2,,https://www.proteinatlas.org/search/NUDT2
P50613,CDK7,"Nucleus; Cytoplasm; Cytoplasm, perinuclear region",https://www.proteinatlas.org/search/CDK7
P50623,UBC9,Nucleus,https://www.proteinatlas.org/search/UBC9
P50747,HLCS,Cytoplasm; Mitochondrion,https://www.proteinatlas.org/search/HLCS
P50748,KNTC1,"Cytoplasm; Nucleus; Chromosome, centromere, kinetochore; Cytoplasm, cytoskeleton, spindle",https://www.proteinatlas.org/search/KNTC1
P50750,CDK9,"Nucleus; Cytoplasm; Nucleus, PML body",https://www.proteinatlas.org/search/CDK9
P50851,LRBA,"Cell membrane; Endoplasmic reticulum membrane; Golgi apparatus, trans-Golgi network membrane; Lysosome membrane",https://www.proteinatlas.org/search/LRBA
P50861,RIB4,Mitochondrion intermembrane space,https://www.proteinatlas.org/search/RIB4
P50896,PSP1,Cytoplasm; Mitochondrion,https://www.proteinatlas.org/search/PSP1
P50897,PPT1,Lysosome; Secreted; Golgi apparatus; Endoplasmic reticulum,https://www.proteinatlas.org/search/PPT1
P50914,RPL14,Cytoplasm,https://www.proteinatlas.org/search/RPL14
P50945,MIC27,Mitochondrion inner membrane,https://www.proteinatlas.org/search/MIC27
P50946,OCA1,Cytoplasm,https://www.proteinatlas.org/search/OCA1
P50990,CCT8,"Cytoplasm; Cytoplasm, cytoskeleton, microtubule organizing center, centrosome; Cytoplasm, cytoskeleton, cilium basal body",https://www.proteinatlas.org/search/CCT8
P50991,CCT4,"Cytoplasm; Melanosome; Cytoplasm, cytoskeleton, microtubule organizing center, centrosome; Cytoplasm, cytoskeleton, cilium basal body",https://www.proteinatlas.org/search/CCT4
P50995,ANXA11,"Cytoplasm; Melanosome; Nucleus envelope; Nucleus, nucleoplasm; Cytoplasm, cytoskeleton, spindle",https://www.proteinatlas.org/search/ANXA11
P51003,PAPOLA,Cytoplasm; Nucleus,https://www.proteinatlas.org/search/PAPOLA
P51024,yaiL,,https://www.proteinatlas.org/search/yaiL
P51114,FXR1,"Cytoplasm, Cytoplasmic ribonucleoprotein granule; Cytoplasm, Stress granule; Cytoplasm; Cell projection, dendrite; Cell projection, dendritic spine; Cell projection, axon; Nucleus envelope; Postsynapse",https://www.proteinatlas.org/search/FXR1
P51116,FXR2,"Cytoplasm, Cytoplasmic ribonucleoprotein granule; Cytoplasm; Postsynapse",https://www.proteinatlas.org/search/FXR2
P51148,RAB5C,Cell membrane; Early endosome membrane; Melanosome,https://www.proteinatlas.org/search/RAB5C
P51149,RAB7A,"Cytoplasmic vesicle, phagosome membrane; Late endosome membrane; Lysosome membrane; Melanosome membrane; Cytoplasmic vesicle, autophagosome membrane; Lipid droplet; Endosome membrane; Cytoplasmic vesicle; Mitochondrion membrane",https://www.proteinatlas.org/search/RAB7A
P51151,RAB9A,"Cell membrane; Endoplasmic reticulum membrane; Golgi apparatus membrane; Late endosome; Cytoplasmic vesicle, phagosome membrane; Cytoplasmic vesicle, phagosome; Cytoplasmic vesicle membrane; Melanosome",https://www.proteinatlas.org/search/RAB9A
P51157,RAB28,"Cell membrane; Cytoplasm, cytoskeleton, cilium basal body; Cytoplasm; Nucleus",https://www.proteinatlas.org/search/RAB28
P51159,RAB27A,Membrane; Melanosome; Late endosome; Lysosome,https://www.proteinatlas.org/search/RAB27A
P51178,PLCD1,Cell membrane; Cytoplasm,https://www.proteinatlas.org/search/PLCD1
P51397,DAP,,https://www.proteinatlas.org/search/DAP
P51398,DAP3,Mitochondrion,https://www.proteinatlas.org/search/DAP3
P51401,RPL9B,Cytoplasm,https://www.proteinatlas.org/search/RPL9B
P51452,DUSP3,"Nucleus; Cytoplasm, cytoskeleton, flagellum axoneme",https://www.proteinatlas.org/search/DUSP3
P51530,DNA2,Nucleus; Mitochondrion,https://www.proteinatlas.org/search/DNA2
P51531,SMARCA2,Nucleus,https://www.proteinatlas.org/search/SMARCA2
P51532,SMARCA4,Nucleus,https://www.proteinatlas.org/search/SMARCA4
P51534,SHE4,Cytoplasm,https://www.proteinatlas.org/search/SHE4
P51553,IDH3G,Mitochondrion; Photoreceptor inner segment,https://www.proteinatlas.org/search/IDH3G
P51570,GALK1,,https://www.proteinatlas.org/search/GALK1
P51571,SSR4,Endoplasmic reticulum membrane,https://www.proteinatlas.org/search/SSR4
P51572,BCAP31,Endoplasmic reticulum membrane; Endoplasmic reticulum-Golgi intermediate compartment membrane,https://www.proteinatlas.org/search/BCAP31
P51580,TPMT,Cytoplasm,https://www.proteinatlas.org/search/TPMT
P51601,FOL2,,https://www.proteinatlas.org/search/FOL2
P51606,RENBP,,https://www.proteinatlas.org/search/RENBP
P51608,MECP2,Nucleus,https://www.proteinatlas.org/search/MECP2
P51610,HCFC1,Cytoplasm; Nucleus,https://www.proteinatlas.org/search/HCFC1
P51617,IRAK1,Cytoplasm; Nucleus; Lipid droplet,https://www.proteinatlas.org/search/IRAK1
P51649,ALDH5A1,Mitochondrion,https://www.proteinatlas.org/search/ALDH5A1
P51659,HSD17B4,Peroxisome,https://www.proteinatlas.org/search/HSD17B4
P51665,PSMD7,,https://www.proteinatlas.org/search/PSMD7
P51668,UBE2D1,Cytoplasm,https://www.proteinatlas.org/search/UBE2D1
P51692,STAT5B,Cytoplasm; Nucleus,https://www.proteinatlas.org/search/STAT5B
P51784,USP11,Nucleus; Cytoplasm; Chromosome,https://www.proteinatlas.org/search/USP11
P51790,CLCN3,"Early endosome membrane; Late endosome membrane; Lysosome membrane; Cell membrane; Golgi apparatus membrane; Cell projection, ruffle membrane",https://www.proteinatlas.org/search/CLCN3
P51809,VAMP7,"Cytoplasmic vesicle, secretory vesicle membrane; Golgi apparatus, trans-Golgi network membrane; Late endosome membrane; Lysosome membrane; Endoplasmic reticulum membrane; Cytoplasmic vesicle, phagosome membrane; Synapse, synaptosome",https://www.proteinatlas.org/search/VAMP7
P51812,RPS6KA3,Nucleus; Cytoplasm,https://www.proteinatlas.org/search/RPS6KA3
P51858,HDGF,"Nucleus; Cytoplasm; Secreted, extracellular exosome; Nucleus; Cytoplasm; Secreted, extracellular exosome; Nucleus; Cytoplasm; Secreted, extracellular exosome",https://www.proteinatlas.org/search/HDGF
P51946,CCNH,Nucleus,https://www.proteinatlas.org/search/CCNH
P51948,MNAT1,Nucleus,https://www.proteinatlas.org/search/MNAT1
P51965,UBE2E1,Nucleus,https://www.proteinatlas.org/search/UBE2E1
P51970,NDUFA8,Mitochondrion inner membrane; Mitochondrion intermembrane space; Mitochondrion,https://www.proteinatlas.org/search/NDUFA8
P51981,ycjG,,https://www.proteinatlas.org/search/ycjG
P51991,HNRNPA3,Nucleus,https://www.proteinatlas.org/search/HNRNPA3
P51996,YPT32,Golgi apparatus membrane,https://www.proteinatlas.org/search/YPT32
P51998,YML6,Mitochondrion,https://www.proteinatlas.org/search/YML6
P52007,yecM,,https://www.proteinatlas.org/search/yecM
P52037,ygfF,,https://www.proteinatlas.org/search/ygfF
P52061,rdgB,,https://www.proteinatlas.org/search/rdgB
P52095,ldcC,,https://www.proteinatlas.org/search/ldcC
P52209,PGD,Cytoplasm,https://www.proteinatlas.org/search/PGD
P52272,HNRNPM,"Nucleus, nucleolus",https://www.proteinatlas.org/search/HNRNPM
P52286,SKP1,"Cytoplasm; Nucleus; Chromosome, centromere, kinetochore",https://www.proteinatlas.org/search/SKP1
P52292,KPNA2,Cytoplasm; Nucleus; Endoplasmic reticulum membrane; Golgi apparatus membrane,https://www.proteinatlas.org/search/KPNA2
P52294,KPNA1,Cytoplasm; Nucleus,https://www.proteinatlas.org/search/KPNA1
P52298,NCBP2,Nucleus; Cytoplasm,https://www.proteinatlas.org/search/NCBP2
P52306,RAP1GDS1,"Cytoplasm, cytosol; Endoplasmic reticulum; Mitochondrion; Nucleus",https://www.proteinatlas.org/search/RAP1GDS1
P52434,POLR2H,"Nucleus; Nucleus, nucleolus",https://www.proteinatlas.org/search/POLR2H
P52435,POLR2J,Nucleus,https://www.proteinatlas.org/search/POLR2J
P52488,UBA2,Nucleus,https://www.proteinatlas.org/search/UBA2
P52489,PYK2,,https://www.proteinatlas.org/search/PYK2
P52490,UBC13,"Cytoplasm, cytosol; Nucleus",https://www.proteinatlas.org/search/UBC13
P52553,YKE2,Nucleus,https://www.proteinatlas.org/search/YKE2
P52565,ARHGDIA,Cytoplasm,https://www.proteinatlas.org/search/ARHGDIA
P52566,ARHGDIB,"Cytoplasm, cytosol",https://www.proteinatlas.org/search/ARHGDIB
P52593,NUP188,"Nucleus, nuclear pore complex; Nucleus membrane; Nucleus membrane",https://www.proteinatlas.org/search/NUP188
P52594,AGFG1,Nucleus; Cytoplasmic vesicle,https://www.proteinatlas.org/search/AGFG1
P52597,HNRNPF,"Nucleus, nucleoplasm",https://www.proteinatlas.org/search/HNRNPF
P52630,STAT2,Cytoplasm; Nucleus,https://www.proteinatlas.org/search/STAT2
P52643,ldhA,,https://www.proteinatlas.org/search/ldhA
P52655,GTF2A1,Nucleus,https://www.proteinatlas.org/search/GTF2A1
P52657,GTF2A2,Nucleus,https://www.proteinatlas.org/search/GTF2A2
P52697,pgl,,https://www.proteinatlas.org/search/pgl
P52701,MSH6,Nucleus; Chromosome,https://www.proteinatlas.org/search/MSH6
P52732,KIF11,"Cytoplasm; Cytoplasm, cytoskeleton, spindle pole",https://www.proteinatlas.org/search/KIF11
P52739,ZBTB35,Nucleus,https://www.proteinatlas.org/search/ZBTB35
P52747,ZNF143,Nucleus; Chromosome,https://www.proteinatlas.org/search/ZNF143
P52756,RBM5,Nucleus,https://www.proteinatlas.org/search/RBM5
P52758,RIDA,Cytoplasm; Nucleus; Peroxisome; Mitochondrion,https://www.proteinatlas.org/search/RIDA
P52788,SMS,,https://www.proteinatlas.org/search/SMS
P52789,HK2,"Mitochondrion outer membrane; Cytoplasm, cytosol",https://www.proteinatlas.org/search/HK2
P52815,MRPL12,Mitochondrion matrix,https://www.proteinatlas.org/search/MRPL12
P52867,PMT5,Endoplasmic reticulum membrane,https://www.proteinatlas.org/search/PMT5
P52870,SBH1,Endoplasmic reticulum membrane,https://www.proteinatlas.org/search/SBH1
P52871,SBH2,Endoplasmic reticulum membrane,https://www.proteinatlas.org/search/SBH2
P52888,THOP1,Cytoplasm,https://www.proteinatlas.org/search/THOP1
P52891,NUP84,"Nucleus, nuclear pore complex; Nucleus membrane; Nucleus membrane",https://www.proteinatlas.org/search/NUP84
P52893,ALT1,Mitochondrion matrix,https://www.proteinatlas.org/search/ALT1
P52895,AKR1C2,"Cytoplasm, cytosol",https://www.proteinatlas.org/search/AKR1C2
P52907,CAPZA1,"Cytoplasm, cytoskeleton",https://www.proteinatlas.org/search/CAPZA1
P52910,ACS2,Cytoplasm; Nucleus,https://www.proteinatlas.org/search/ACS2
P52911,EXG2,Cell membrane,https://www.proteinatlas.org/search/EXG2
P52917,VPS4,Endosome membrane,https://www.proteinatlas.org/search/VPS4
P52918,MSN5,,https://www.proteinatlas.org/search/MSN5
P52920,NBP35,Cytoplasm; Nucleus,https://www.proteinatlas.org/search/NBP35
P52923,AIF1,Mitochondrion outer membrane; Nucleus,https://www.proteinatlas.org/search/AIF1
P52948,NUP98,"Nucleus membrane; Nucleus, nuclear pore complex; Nucleus, nucleoplasm; Nucleus membrane",https://www.proteinatlas.org/search/NUP98
P53004,BLVRA,"Cytoplasm, cytosol",https://www.proteinatlas.org/search/BLVRA
P53007,SLC25A1,Mitochondrion inner membrane,https://www.proteinatlas.org/search/SLC25A1
P53008,CWH41,Endoplasmic reticulum membrane,https://www.proteinatlas.org/search/CWH41
P53009,SCY1,,https://www.proteinatlas.org/search/SCY1
P53010,PAN2,Cytoplasm,https://www.proteinatlas.org/search/PAN2
P53011,SEH1,"Nucleus, nuclear pore complex; Nucleus membrane; Vacuole membrane; Nucleus membrane",https://www.proteinatlas.org/search/SEH1
P53012,SCS3,Endoplasmic reticulum membrane,https://www.proteinatlas.org/search/SCS3
P53037,PSD2,Golgi apparatus membrane; Endosome membrane,https://www.proteinatlas.org/search/PSD2
P53039,YIP1,Endoplasmic reticulum membrane; Golgi apparatus membrane,https://www.proteinatlas.org/search/YIP1
P53040,TAF6,Nucleus; Cytoplasm,https://www.proteinatlas.org/search/TAF6
P53041,PPP5C,Nucleus; Cytoplasm; Cell membrane,https://www.proteinatlas.org/search/PPP5C
P53043,PPT1,Nucleus,https://www.proteinatlas.org/search/PPT1
P53044,UFD1,,https://www.proteinatlas.org/search/UFD1
P53045,ERG25,Endoplasmic reticulum membrane,https://www.proteinatlas.org/search/ERG25
P53049,YOR1,Cell membrane,https://www.proteinatlas.org/search/YOR1
P53063,RAI1,Nucleus,https://www.proteinatlas.org/search/RAI1
P53064,RTF1,"Nucleus, nucleoplasm",https://www.proteinatlas.org/search/RTF1
P53066,YGL242C,,https://www.proteinatlas.org/search/YGL242C
P53067,KAP114,Cytoplasm; Nucleus envelope,https://www.proteinatlas.org/search/KAP114
P53072,TAN1,Cytoplasm; Nucleus,https://www.proteinatlas.org/search/TAN1
P53073,EMC4,Endoplasmic reticulum membrane,https://www.proteinatlas.org/search/EMC4
P53075,SHE10,Mitochondrion,https://www.proteinatlas.org/search/SHE10
P53076,VID30,Nucleus; Cytoplasm,https://www.proteinatlas.org/search/VID30
P53079,COG1,Golgi apparatus membrane,https://www.proteinatlas.org/search/COG1
P53081,NIF3,Mitochondrion,https://www.proteinatlas.org/search/NIF3
P53082,BOL2,Cytoplasm; Nucleus,https://www.proteinatlas.org/search/BOL2
P53090,ARO8,Cytoplasm,https://www.proteinatlas.org/search/ARO8
P53091,MCM6,Nucleus,https://www.proteinatlas.org/search/MCM6
P53093,YIP4,Golgi apparatus membrane,https://www.proteinatlas.org/search/YIP4
P53094,MDS3,Cytoplasm,https://www.proteinatlas.org/search/MDS3
P53095,DSD1,,https://www.proteinatlas.org/search/DSD1
P53100,YGL185C,,https://www.proteinatlas.org/search/YGL185C
P53104,ATG1,Cytoplasm; Preautophagosomal structure membrane,https://www.proteinatlas.org/search/ATG1
P53107,YRB30,Cytoplasm; Nucleus,https://www.proteinatlas.org/search/YRB30
P53108,YIP5,Membrane,https://www.proteinatlas.org/search/YIP5
P53109,AIM14,Membrane,https://www.proteinatlas.org/search/AIM14
P53110,YGL159W,"Cytoplasm, cytosol",https://www.proteinatlas.org/search/YGL159W
P53111,ARI1,Cytoplasm; Nucleus,https://www.proteinatlas.org/search/ARI1
P53112,PEX14,Peroxisome membrane,https://www.proteinatlas.org/search/PEX14
P53114,NUT1,Nucleus,https://www.proteinatlas.org/search/NUT1
P53115,INO80,Nucleus,https://www.proteinatlas.org/search/INO80
P53119,HUL5,"Cytoplasm, cytosol; Nucleus",https://www.proteinatlas.org/search/HUL5
P53120,YGL140C,Membrane,https://www.proteinatlas.org/search/YGL140C
P53121,FLC3,Endoplasmic reticulum membrane,https://www.proteinatlas.org/search/FLC3
P53125,ITC1,Nucleus,https://www.proteinatlas.org/search/ITC1
P53128,MET13,,https://www.proteinatlas.org/search/MET13
P53129,MON1,"Endosome, multivesicular body membrane; Prevacuolar compartment membrane; Vacuole membrane",https://www.proteinatlas.org/search/MON1
P53130,GPG1,Cytoplasm,https://www.proteinatlas.org/search/GPG1
P53131,PRP43,Nucleus,https://www.proteinatlas.org/search/PRP43
P53136,NSA1,"Nucleus, nucleolus",https://www.proteinatlas.org/search/NSA1
P53137,CUE3,Cytoplasm,https://www.proteinatlas.org/search/CUE3
P53139,YGL108C,"Cytoplasm, cytosol",https://www.proteinatlas.org/search/YGL108C
P53140,RMD9,Mitochondrion inner membrane,https://www.proteinatlas.org/search/RMD9
P53141,MLC1,Bud neck; Bud tip,https://www.proteinatlas.org/search/MLC1
P53144,YGK1,,https://www.proteinatlas.org/search/YGK1
P53145,LSG1,Cytoplasm,https://www.proteinatlas.org/search/LSG1
P53146,USE1,Endoplasmic reticulum membrane,https://www.proteinatlas.org/search/USE1
P53152,MMS2,"Cytoplasm, cytosol; Nucleus",https://www.proteinatlas.org/search/MMS2
P53154,GUP1,Cell membrane; Endoplasmic reticulum membrane; Mitochondrion membrane,https://www.proteinatlas.org/search/GUP1
P53155,YGL082W,Cytoplasm; Nucleus,https://www.proteinatlas.org/search/YGL082W
P53157,MPC1,Mitochondrion inner membrane,https://www.proteinatlas.org/search/MPC1
P53163,MNP1,Mitochondrion,https://www.proteinatlas.org/search/MNP1
P53164,NPY1,Peroxisome,https://www.proteinatlas.org/search/NPY1
P53165,SGF73,Nucleus; Cytoplasm,https://www.proteinatlas.org/search/SGF73
P53168,DUO1,"Nucleus; Cytoplasm, cytoskeleton, spindle pole; Chromosome, centromere, kinetochore",https://www.proteinatlas.org/search/DUO1
P53172,SDS23,Cytoplasm; Nucleus,https://www.proteinatlas.org/search/SDS23
P53173,ERV14,Endoplasmic reticulum membrane; Golgi apparatus membrane,https://www.proteinatlas.org/search/ERV14
P53177,TYW3,,https://www.proteinatlas.org/search/TYW3
P53178,ALG13,Endoplasmic reticulum,https://www.proteinatlas.org/search/ALG13
P53183,YGL039W,,https://www.proteinatlas.org/search/YGL039W
P53184,PNC1,Cytoplasm; Nucleus; Peroxisome,https://www.proteinatlas.org/search/PNC1
P53189,SCW11,"Secreted, cell wall",https://www.proteinatlas.org/search/SCW11
P53191,PIB2,Vacuole membrane,https://www.proteinatlas.org/search/PIB2
P53192,GET1,Endoplasmic reticulum membrane; Golgi apparatus membrane; Mitochondrion membrane,https://www.proteinatlas.org/search/GET1
P53193,JAC1,Mitochondrion matrix,https://www.proteinatlas.org/search/JAC1
P53195,COG7,Golgi apparatus membrane,https://www.proteinatlas.org/search/COG7
P53196,RPN14,Cytoplasm; Nucleus,https://www.proteinatlas.org/search/RPN14
P53199,ERG26,Endoplasmic reticulum membrane,https://www.proteinatlas.org/search/ERG26
P53200,EFM5,Cytoplasm,https://www.proteinatlas.org/search/EFM5
P53201,SWC4,Nucleus,https://www.proteinatlas.org/search/SWC4
P53204,NMA2,Nucleus,https://www.proteinatlas.org/search/NMA2
P53206,MCY1,Mitochondrion; Mitochondrion outer membrane,https://www.proteinatlas.org/search/MCY1
P53207,SNU71,Cytoplasm; Nucleus,https://www.proteinatlas.org/search/SNU71
P53210,YGR017W,,https://www.proteinatlas.org/search/YGR017W
P53215,THG1,,https://www.proteinatlas.org/search/THG1
P53217,YGR026W,Cell membrane,https://www.proteinatlas.org/search/YGR026W
P53220,TIM21,Mitochondrion inner membrane,https://www.proteinatlas.org/search/TIM21
P53221,RPL26B,Cytoplasm,https://www.proteinatlas.org/search/RPL26B
P53224,ORM1,Endoplasmic reticulum membrane,https://www.proteinatlas.org/search/ORM1
P53228,NQM1,,https://www.proteinatlas.org/search/NQM1
P53235,YGR054W,,https://www.proteinatlas.org/search/YGR054W
P53236,RSC1,Nucleus,https://www.proteinatlas.org/search/RSC1
P53250,TWF1,"Cytoplasm, cytoskeleton",https://www.proteinatlas.org/search/TWF1
P53251,SLX9,"Nucleus, nucleolus",https://www.proteinatlas.org/search/SLX9
P53252,PIL1,Lipid droplet,https://www.proteinatlas.org/search/PIL1
P53253,NNF2,Endoplasmic reticulum membrane,https://www.proteinatlas.org/search/NNF2
P53254,UTP22,"Nucleus, nucleolus",https://www.proteinatlas.org/search/UTP22
P53255,DRN1,Nucleus; Cytoplasm,https://www.proteinatlas.org/search/DRN1
P53256,RRP46,"Cytoplasm; Nucleus, nucleolus",https://www.proteinatlas.org/search/RRP46
P53258,MDR1,Cytoplasm,https://www.proteinatlas.org/search/MDR1
P53261,NOP7,"Nucleus, nucleolus; Nucleus, nucleoplasm",https://www.proteinatlas.org/search/NOP7
P53262,VOA1,Vacuole membrane; Endoplasmic reticulum membrane,https://www.proteinatlas.org/search/VOA1
P53265,YGR111W,,https://www.proteinatlas.org/search/YGR111W
P53267,DAM1,"Nucleus; Cytoplasm, cytoskeleton, spindle; Chromosome, centromere, kinetochore",https://www.proteinatlas.org/search/DAM1
P53270,YGR117C,,https://www.proteinatlas.org/search/YGR117C
P53272,YGR122W,,https://www.proteinatlas.org/search/YGR122W
P53273,VSB1,Vacuole membrane,https://www.proteinatlas.org/search/VSB1
P53274,YGR126W,,https://www.proteinatlas.org/search/YGR126W
P53275,YGR127W,,https://www.proteinatlas.org/search/YGR127W
P53276,UTP8,"Nucleus, nucleolus",https://www.proteinatlas.org/search/UTP8
P53278,YGR130C,,https://www.proteinatlas.org/search/YGR130C
P53281,LSB1,"Cytoplasm; Nucleus; Cytoplasm, cytoskeleton, actin patch",https://www.proteinatlas.org/search/LSB1
P53290,GTR2,Vacuole membrane,https://www.proteinatlas.org/search/GTR2
P53295,RBG2,Cytoplasm,https://www.proteinatlas.org/search/RBG2
P53297,PBP1,Cytoplasm; Nucleus; Mitochondrion,https://www.proteinatlas.org/search/PBP1
P53298,OKP1,"Nucleus; Chromosome, centromere, kinetochore",https://www.proteinatlas.org/search/OKP1
P53299,TIM13,Mitochondrion inner membrane; Mitochondrion intermembrane space,https://www.proteinatlas.org/search/TIM13
P53301,CRH1,"Secreted, cell wall; Membrane",https://www.proteinatlas.org/search/CRH1
P53303,ZPR1,Cytoplasm; Nucleus,https://www.proteinatlas.org/search/ZPR1
P53309,YAP1802,Bud; Bud neck; Cell membrane; Cytoplasm,https://www.proteinatlas.org/search/YAP1802
P53312,LSC2,Mitochondrion,https://www.proteinatlas.org/search/LSC2
P53314,CPD1,Golgi apparatus,https://www.proteinatlas.org/search/CPD1
P53315,SOL4,Cytoplasm,https://www.proteinatlas.org/search/SOL4
P53316,YGR250C,,https://www.proteinatlas.org/search/YGR250C
P53318,COQ6,Mitochondrion inner membrane,https://www.proteinatlas.org/search/COQ6
P53319,GND2,,https://www.proteinatlas.org/search/GND2
P53323,BUD32,"Cytoplasm; Nucleus; Chromosome, telomere",https://www.proteinatlas.org/search/BUD32
P53326,YGR266W,,https://www.proteinatlas.org/search/YGR266W
P53330,RTT102,Nucleus,https://www.proteinatlas.org/search/RTT102
P53331,RNH70,Nucleus,https://www.proteinatlas.org/search/RNH70
P53332,CAB4,Cytoplasm; Nucleus,https://www.proteinatlas.org/search/CAB4
P53333,CWC22,Cytoplasm; Nucleus,https://www.proteinatlas.org/search/CWC22
P53334,SCW4,"Secreted, cell wall",https://www.proteinatlas.org/search/SCW4
P53336,YGR283C,"Nucleus, nucleolus",https://www.proteinatlas.org/search/YGR283C
P53337,ERV29,Endoplasmic reticulum membrane,https://www.proteinatlas.org/search/ERV29
P53350,PLK1,"Nucleus; Chromosome, centromere, kinetochore; Cytoplasm, cytoskeleton, microtubule organizing center, centrosome; Cytoplasm, cytoskeleton, spindle; Midbody",https://www.proteinatlas.org/search/PLK1
P53365,ARFIP2,"Golgi apparatus; Golgi apparatus, trans-Golgi network membrane",https://www.proteinatlas.org/search/ARFIP2
P53367,ARFIP1,"Golgi apparatus; Golgi apparatus, trans-Golgi network membrane",https://www.proteinatlas.org/search/ARFIP1
P53379,MKC7,Cell membrane,https://www.proteinatlas.org/search/MKC7
P53384,NUBP1,"Cytoplasm; Nucleus; Cell projection; Cytoplasm, cytoskeleton, cilium axoneme; Cytoplasm, cytoskeleton, cilium basal body; Cytoplasm, cytoskeleton, microtubule organizing center; Cytoplasm, cytoskeleton, microtubule organizing center, centrosome, centriole; Cytoplasm, cytoskeleton, microtubule organizing center, centrosome",https://www.proteinatlas.org/search/NUBP1
P53396,ACLY,"Cytoplasm, cytosol",https://www.proteinatlas.org/search/ACLY
P53438,SOK2,Nucleus,https://www.proteinatlas.org/search/SOK2
P53507,TOM7,Mitochondrion outer membrane,https://www.proteinatlas.org/search/TOM7
P53538,SSU72,Nucleus,https://www.proteinatlas.org/search/SSU72
P53549,RPT4,,https://www.proteinatlas.org/search/RPT4
P53550,DCP2,"Cytoplasm, P-body",https://www.proteinatlas.org/search/DCP2
P53551,HHO1,Nucleus; Chromosome,https://www.proteinatlas.org/search/HHO1
P53552,THO2,Nucleus,https://www.proteinatlas.org/search/THO2
P53582,METAP1,Cytoplasm,https://www.proteinatlas.org/search/METAP1
P53584,YTP1,Membrane,https://www.proteinatlas.org/search/YTP1
P53597,SUCLG1,Mitochondrion,https://www.proteinatlas.org/search/SUCLG1
P53598,LSC1,Mitochondrion,https://www.proteinatlas.org/search/LSC1
P53599,SSK2,,https://www.proteinatlas.org/search/SSK2
P53600,RET3,"Cytoplasm; Golgi apparatus membrane; Cytoplasmic vesicle, COPI-coated vesicle membrane",https://www.proteinatlas.org/search/RET3
P53602,MVD,Cytoplasm,https://www.proteinatlas.org/search/MVD
P53604,MSO1,,https://www.proteinatlas.org/search/MSO1
P53611,RABGGTB,,https://www.proteinatlas.org/search/RABGGTB
P53616,SUN4,"Secreted, cell wall",https://www.proteinatlas.org/search/SUN4
P53617,NRD1,Nucleus,https://www.proteinatlas.org/search/NRD1
P53618,COPB1,"Cytoplasm; Golgi apparatus membrane; Cytoplasmic vesicle, COPI-coated vesicle membrane; Cell membrane; Endoplasmic reticulum-Golgi intermediate compartment",https://www.proteinatlas.org/search/COPB1
P53621,COPA,"Cytoplasm; Golgi apparatus membrane; Cytoplasmic vesicle, COPI-coated vesicle membrane; Secreted",https://www.proteinatlas.org/search/COPA
P53622,COP1,"Cytoplasm; Golgi apparatus membrane; Cytoplasmic vesicle, COPI-coated vesicle membrane",https://www.proteinatlas.org/search/COP1
P53628,SNF12,Nucleus,https://www.proteinatlas.org/search/SNF12
P53629,ARE2,Endoplasmic reticulum membrane,https://www.proteinatlas.org/search/ARE2
P53632,PAP2,Nucleus,https://www.proteinatlas.org/search/PAP2
P53633,YIP3,Golgi apparatus membrane; Peroxisome membrane,https://www.proteinatlas.org/search/YIP3
P53634,CTSC,Lysosome,https://www.proteinatlas.org/search/CTSC
P53680,AP2S1,"Cell membrane; Membrane, coated pit",https://www.proteinatlas.org/search/AP2S1
P53686,HST2,Cytoplasm; Nucleus,https://www.proteinatlas.org/search/HST2
P53691,CPR6,Cytoplasm,https://www.proteinatlas.org/search/CPR6
P53701,HCCS,Mitochondrion inner membrane; Membrane,https://www.proteinatlas.org/search/HCCS
P53720,SMM1,Cytoplasm; Nucleus,https://www.proteinatlas.org/search/SMM1
P53721,RCF2,Mitochondrion membrane,https://www.proteinatlas.org/search/RCF2
P53723,YNR021W,Endoplasmic reticulum membrane,https://www.proteinatlas.org/search/YNR021W
P53727,BUD17,Cytoplasm; Nucleus,https://www.proteinatlas.org/search/BUD17
P53729,ZNG1,,https://www.proteinatlas.org/search/ZNG1
P53730,ALG12,Endoplasmic reticulum membrane,https://www.proteinatlas.org/search/ALG12
P53731,ARC35,"Cytoplasm, cytoskeleton, actin patch",https://www.proteinatlas.org/search/ARC35
P53734,DBP6,"Nucleus, nucleolus",https://www.proteinatlas.org/search/DBP6
P53735,ZRG17,Endoplasmic reticulum membrane,https://www.proteinatlas.org/search/ZRG17
P53738,TRM112,Cytoplasm; Nucleus,https://www.proteinatlas.org/search/TRM112
P53739,FPK1,Cytoplasm; Cell membrane,https://www.proteinatlas.org/search/FPK1
P53741,BRE5,,https://www.proteinatlas.org/search/BRE5
P53742,NOG2,"Nucleus, nucleolus",https://www.proteinatlas.org/search/NOG2
P53743,ESF2,"Nucleus, nucleolus",https://www.proteinatlas.org/search/ESF2
P53753,DSE4,"Secreted, cell wall",https://www.proteinatlas.org/search/DSE4
P53759,DUS1,,https://www.proteinatlas.org/search/DUS1
P53801,PTTG1IP,Membrane; Cytoplasm; Nucleus,https://www.proteinatlas.org/search/PTTG1IP
P53803,POLR2K,"Nucleus; Nucleus, nucleolus",https://www.proteinatlas.org/search/POLR2K
P53814,SMTN,"Cytoplasm, cytoskeleton",https://www.proteinatlas.org/search/SMTN
P53829,CAF40,Cytoplasm; Nucleus,https://www.proteinatlas.org/search/CAF40
P53830,CUS2,,https://www.proteinatlas.org/search/CUS2
P53834,HCH1,Cytoplasm; Nucleus,https://www.proteinatlas.org/search/HCH1
P53839,GOR1,Cytoplasm; Nucleus; Mitochondrion,https://www.proteinatlas.org/search/GOR1
P53843,IST1,Cytoplasm; Endosome,https://www.proteinatlas.org/search/IST1
P53844,PDR17,Cytoplasm; Microsome,https://www.proteinatlas.org/search/PDR17
P53845,YIF1,"Endoplasmic reticulum membrane; Golgi apparatus membrane; Cytoplasmic vesicle, COPII-coated vesicle",https://www.proteinatlas.org/search/YIF1
P53847,DSL1,Endoplasmic reticulum membrane,https://www.proteinatlas.org/search/DSL1
P53848,FOL1,Mitochondrion membrane,https://www.proteinatlas.org/search/FOL1
P53849,GIS2,Cytoplasm,https://www.proteinatlas.org/search/GIS2
P53851,TEX1,Nucleus,https://www.proteinatlas.org/search/TEX1
P53852,YNL247W,,https://www.proteinatlas.org/search/YNL247W
P53855,ATG2,Preautophagosomal structure membrane; Endoplasmic reticulum membrane,https://www.proteinatlas.org/search/ATG2
P53858,BNI4,,https://www.proteinatlas.org/search/BNI4
P53859,CSL4,"Cytoplasm; Nucleus, nucleolus",https://www.proteinatlas.org/search/CSL4
P53860,PDR16,Lipid droplet; Microsome membrane; Endoplasmic reticulum membrane,https://www.proteinatlas.org/search/PDR16
P53863,JJJ1,Nucleus,https://www.proteinatlas.org/search/JJJ1
P53866,SQS1,Cytoplasm; Nucleus,https://www.proteinatlas.org/search/SQS1
P53868,ALG9,Endoplasmic reticulum membrane,https://www.proteinatlas.org/search/ALG9
P53870,YNL193W,,https://www.proteinatlas.org/search/YNL193W
P53875,MRPL19,Mitochondrion,https://www.proteinatlas.org/search/MRPL19
P53877,IPI3,Nucleus,https://www.proteinatlas.org/search/IPI3
P53878,PBR1,Endoplasmic reticulum membrane,https://www.proteinatlas.org/search/PBR1
P53879,RHO5,Membrane; Mitochondrion,https://www.proteinatlas.org/search/RHO5
P53883,NOP13,"Nucleus, nucleolus",https://www.proteinatlas.org/search/NOP13
P53885,MDG1,Cell membrane,https://www.proteinatlas.org/search/MDG1
P53889,FMP41,Mitochondrion,https://www.proteinatlas.org/search/FMP41
P53890,BNI5,Cytoplasm; Bud neck,https://www.proteinatlas.org/search/BNI5
P53893,RIA1,Cytoplasm,https://www.proteinatlas.org/search/RIA1
P53894,CBK1,,https://www.proteinatlas.org/search/CBK1
P53897,IGO1,,https://www.proteinatlas.org/search/IGO1
P53898,NSG2,Endoplasmic reticulum membrane,https://www.proteinatlas.org/search/NSG2
P53899,CUZ1,Cytoplasm; Nucleus,https://www.proteinatlas.org/search/CUZ1
P53900,GIM3,,https://www.proteinatlas.org/search/GIM3
P53903,PGA2,Endoplasmic reticulum membrane; Nucleus membrane,https://www.proteinatlas.org/search/PGA2
P53905,LSM7,"Nucleus; Nucleus, nucleolus; Cytoplasm",https://www.proteinatlas.org/search/LSM7
P53912,YNL134C,,https://www.proteinatlas.org/search/YNL134C
P53914,KRE33,"Nucleus, nucleolus",https://www.proteinatlas.org/search/KRE33
P53915,NRK1,,https://www.proteinatlas.org/search/NRK1
P53920,NMA111,Nucleus,https://www.proteinatlas.org/search/NMA111
P53924,DMA2,Cytoplasm,https://www.proteinatlas.org/search/DMA2
P53925,YNL115C,Vacuole membrane,https://www.proteinatlas.org/search/YNL115C
P53927,NOP15,"Cytoplasm; Nucleus, nucleolus",https://www.proteinatlas.org/search/NOP15
P53929,YNL108C,,https://www.proteinatlas.org/search/YNL108C
P53930,YAF9,Cytoplasm; Nucleus,https://www.proteinatlas.org/search/YAF9
P53941,IMP4,"Nucleus, nucleolus",https://www.proteinatlas.org/search/IMP4
P53946,ARP5,Nucleus,https://www.proteinatlas.org/search/ARP5
P53950,VAC7,Vacuole membrane,https://www.proteinatlas.org/search/VAC7
P53951,COG5,Golgi apparatus membrane,https://www.proteinatlas.org/search/COG5
P53953,SFB2,Cytoplasm; Golgi apparatus membrane; Endoplasmic reticulum membrane,https://www.proteinatlas.org/search/SFB2
P53954,ALG11,Endoplasmic reticulum membrane,https://www.proteinatlas.org/search/ALG11
P53959,COG6,Golgi apparatus membrane,https://www.proteinatlas.org/search/COG6
P53960,YNL040W,,https://www.proteinatlas.org/search/YNL040W
P53962,YNL035C,,https://www.proteinatlas.org/search/YNL035C
P53965,SIW14,Cytoplasm,https://www.proteinatlas.org/search/SIW14
P53968,CRZ1,Nucleus; Cytoplasm,https://www.proteinatlas.org/search/CRZ1
P53969,SAM50,Mitochondrion outer membrane,https://www.proteinatlas.org/search/SAM50
P53972,RCM1,"Nucleus, nucleolus",https://www.proteinatlas.org/search/RCM1
P53973,HDA1,Nucleus,https://www.proteinatlas.org/search/HDA1
P53974,ARK1,"Cytoplasm, cytoskeleton, actin patch",https://www.proteinatlas.org/search/ARK1
P53981,PYP1,Cytoplasm; Nucleus,https://www.proteinatlas.org/search/PYP1
P53985,SLC16A1,Cell membrane; Basolateral cell membrane; Apical cell membrane,https://www.proteinatlas.org/search/SLC16A1
P53990,IST1,"Cytoplasmic vesicle; Cytoplasm, cytoskeleton, microtubule organizing center, centrosome; Midbody; Nucleus envelope",https://www.proteinatlas.org/search/IST1
P53992,SEC24C,"Cytoplasmic vesicle, COPII-coated vesicle membrane; Endoplasmic reticulum membrane; Cytoplasm, cytosol",https://www.proteinatlas.org/search/SEC24C
P53999,SUB1,Nucleus,https://www.proteinatlas.org/search/SUB1
P54000,SUB1,Nucleus,https://www.proteinatlas.org/search/SUB1
P54003,SUR7,Cell membrane,https://www.proteinatlas.org/search/SUR7
P54105,CLNS1A,"Cytoplasm, cytosol; Nucleus; Cytoplasm, cytoskeleton",https://www.proteinatlas.org/search/CLNS1A
P54113,ADE16,"Cytoplasm, cytosol",https://www.proteinatlas.org/search/ADE16
P54114,ALD3,Cytoplasm,https://www.proteinatlas.org/search/ALD3
P54115,ALD6,Cytoplasm,https://www.proteinatlas.org/search/ALD6
P54132,BLM,Nucleus,https://www.proteinatlas.org/search/BLM
P54136,RARS1,"Cytoplasm; Cytoplasm, cytosol",https://www.proteinatlas.org/search/RARS1
P54198,HIRA,"Nucleus; Nucleus, PML body",https://www.proteinatlas.org/search/HIRA
P54252,ATXN3,Nucleus matrix; Nucleus; Lysosome membrane,https://www.proteinatlas.org/search/ATXN3
P54277,PMS1,Nucleus,https://www.proteinatlas.org/search/PMS1
P54278,PMS2,Nucleus,https://www.proteinatlas.org/search/PMS2
P54577,YARS1,Cytoplasm; Nucleus,https://www.proteinatlas.org/search/YARS1
P54578,USP14,Cytoplasm; Cell membrane,https://www.proteinatlas.org/search/USP14
P54619,PRKAG1,,https://www.proteinatlas.org/search/PRKAG1
P54652,HSPA2,"Cytoplasm, cytoskeleton, spindle",https://www.proteinatlas.org/search/HSPA2
P54687,BCAT1,Cytoplasm,https://www.proteinatlas.org/search/BCAT1
P54709,ATP1B3,Apical cell membrane; Basolateral cell membrane; Melanosome,https://www.proteinatlas.org/search/ATP1B3
P54725,RAD23A,Nucleus,https://www.proteinatlas.org/search/RAD23A
P54727,RAD23B,Nucleus; Cytoplasm,https://www.proteinatlas.org/search/RAD23B
P54730,UBX4,Nucleus; Cytoplasm,https://www.proteinatlas.org/search/UBX4
P54760,EPHB4,Cell membrane,https://www.proteinatlas.org/search/EPHB4
P54780,RPL15B,Cytoplasm,https://www.proteinatlas.org/search/RPL15B
P54781,ERG5,Endoplasmic reticulum membrane,https://www.proteinatlas.org/search/ERG5
P54783,ALO1,Mitochondrion membrane,https://www.proteinatlas.org/search/ALO1
P54785,MOT3,Nucleus,https://www.proteinatlas.org/search/MOT3
P54787,VPS9,Cytoplasm,https://www.proteinatlas.org/search/VPS9
P54819,AK2,Mitochondrion intermembrane space,https://www.proteinatlas.org/search/AK2
P54837,ERV25,Endoplasmic reticulum membrane; Golgi apparatus membrane,https://www.proteinatlas.org/search/ERV25
P54838,DAK1,,https://www.proteinatlas.org/search/DAK1
P54839,ERG13,,https://www.proteinatlas.org/search/ERG13
P54858,DOS2,,https://www.proteinatlas.org/search/DOS2
P54860,UFD2,Cytoplasm; Nucleus,https://www.proteinatlas.org/search/UFD2
P54861,DNM1,Mitochondrion outer membrane,https://www.proteinatlas.org/search/DNM1
P54867,SLG1,Cell membrane,https://www.proteinatlas.org/search/SLG1
P54885,PRO2,,https://www.proteinatlas.org/search/PRO2
P54886,ALDH18A1,Mitochondrion; Mitochondrion matrix,https://www.proteinatlas.org/search/ALDH18A1
P54920,NAPA,Cell membrane,https://www.proteinatlas.org/search/NAPA
P54964,REX2,Mitochondrion,https://www.proteinatlas.org/search/REX2
P55008,AIF1,"Cytoplasm, cytoskeleton; Cell projection, ruffle membrane; Cell projection, phagocytic cup",https://www.proteinatlas.org/search/AIF1
P55010,EIF5,Cytoplasm,https://www.proteinatlas.org/search/EIF5
P55036,PSMD4,,https://www.proteinatlas.org/search/PSMD4
P55039,DRG2,Nucleus; Cytoplasm,https://www.proteinatlas.org/search/DRG2
P55060,CSE1L,Cytoplasm; Nucleus,https://www.proteinatlas.org/search/CSE1L
P55072,VCP,"Cytoplasm, cytosol; Endoplasmic reticulum; Nucleus; Cytoplasm, Stress granule",https://www.proteinatlas.org/search/VCP
P55081,MFAP1,Nucleus,https://www.proteinatlas.org/search/MFAP1
P55084,HADHB,Mitochondrion; Mitochondrion inner membrane; Mitochondrion outer membrane; Endoplasmic reticulum,https://www.proteinatlas.org/search/HADHB
P55145,MANF,Secreted; Endoplasmic reticulum lumen; Sarcoplasmic reticulum lumen,https://www.proteinatlas.org/search/MANF
P55196,AFDN,"Cell junction, adherens junction",https://www.proteinatlas.org/search/AFDN
P55199,ELL,"Nucleus; Nucleus speckle; Nucleus, Cajal body",https://www.proteinatlas.org/search/ELL
P55201,BRPF1,Nucleus; Chromosome; Cytoplasm,https://www.proteinatlas.org/search/BRPF1
P55209,NAP1L1,Nucleus; Chromosome; Melanosome; Cytoplasm,https://www.proteinatlas.org/search/NAP1L1
P55211,CASP9,,https://www.proteinatlas.org/search/CASP9
P55212,CASP6,Cytoplasm; Nucleus,https://www.proteinatlas.org/search/CASP6
P55263,ADK,"Cytoplasm, cytosol; Nucleus; Cytoplasm",https://www.proteinatlas.org/search/ADK
P55265,ADAR,"Cytoplasm; Nucleus; Cytoplasm; Nucleus; Nucleus, nucleolus",https://www.proteinatlas.org/search/ADAR
P55735,SEC13,"Cytoplasmic vesicle, COPII-coated vesicle membrane; Endoplasmic reticulum membrane; Nucleus, nuclear pore complex; Lysosome membrane",https://www.proteinatlas.org/search/SEC13
P55769,SNU13,"Nucleus; Nucleus, nucleolus",https://www.proteinatlas.org/search/SNU13
P55786,NPEPPS,"Cytoplasm, cytosol; Nucleus",https://www.proteinatlas.org/search/NPEPPS
P55795,HNRNPH2,"Nucleus, nucleoplasm",https://www.proteinatlas.org/search/HNRNPH2
P55809,OXCT1,Mitochondrion,https://www.proteinatlas.org/search/OXCT1
P55854,SUMO3,"Cytoplasm; Nucleus; Nucleus, PML body",https://www.proteinatlas.org/search/SUMO3
P55884,EIF3B,"Cytoplasm; Cytoplasm, Stress granule",https://www.proteinatlas.org/search/EIF3B
P55957,BID,Cytoplasm; Mitochondrion membrane; Mitochondrion outer membrane; Mitochondrion membrane; Mitochondrion membrane; Cytoplasm; Cytoplasm; Mitochondrion membrane,https://www.proteinatlas.org/search/BID
P56134,ATP5MF,Mitochondrion; Mitochondrion inner membrane,https://www.proteinatlas.org/search/ATP5MF
P56181,NDUFV3,Mitochondrion inner membrane,https://www.proteinatlas.org/search/NDUFV3
P56182,RRP1,"Nucleus, nucleolus",https://www.proteinatlas.org/search/RRP1
P56192,MARS1,"Cytoplasm, cytosol; Nucleus, nucleolus",https://www.proteinatlas.org/search/MARS1
P56211,ARPP19,Cytoplasm,https://www.proteinatlas.org/search/ARPP19
P56262,ysgA,,https://www.proteinatlas.org/search/ysgA
P56270,MAZ,Nucleus,https://www.proteinatlas.org/search/MAZ
P56282,POLE2,Nucleus,https://www.proteinatlas.org/search/POLE2
P56377,AP1S2,"Golgi apparatus; Cytoplasmic vesicle membrane; Membrane, clathrin-coated pit",https://www.proteinatlas.org/search/AP1S2
P56378,ATP5MJ,Mitochondrion membrane,https://www.proteinatlas.org/search/ATP5MJ
P56381,ATP5F1E,Mitochondrion; Mitochondrion inner membrane,https://www.proteinatlas.org/search/ATP5F1E
P56385,ATP5ME,Mitochondrion; Mitochondrion inner membrane,https://www.proteinatlas.org/search/ATP5ME
P56508,SNA2,Membrane; Lipid droplet,https://www.proteinatlas.org/search/SNA2
P56537,EIF6,"Cytoplasm; Nucleus, nucleolus",https://www.proteinatlas.org/search/EIF6
P56556,NDUFA6,Mitochondrion inner membrane,https://www.proteinatlas.org/search/NDUFA6
P56589,PEX3,Peroxisome membrane,https://www.proteinatlas.org/search/PEX3
P56628,RPL22B,Cytoplasm,https://www.proteinatlas.org/search/RPL22B
P56645,PER3,Cytoplasm; Nucleus,https://www.proteinatlas.org/search/PER3
P56937,HSD17B7,Endoplasmic reticulum membrane,https://www.proteinatlas.org/search/HSD17B7
P56945,BCAR1,"Cell junction, focal adhesion; Cytoplasm; Cell projection, axon",https://www.proteinatlas.org/search/BCAR1
P56962,STX17,"Endoplasmic reticulum membrane; Smooth endoplasmic reticulum membrane; Endoplasmic reticulum-Golgi intermediate compartment membrane; Cytoplasmic vesicle, autophagosome membrane; Cytoplasmic vesicle, COPII-coated vesicle membrane; Cytoplasm, cytosol; Mitochondrion membrane; Autolysosome membrane",https://www.proteinatlas.org/search/STX17
P57076,CFAP298,"Cytoplasm; Cytoplasm, cytoskeleton, cilium basal body",https://www.proteinatlas.org/search/CFAP298
P57081,WDR4,Nucleus; Chromosome,https://www.proteinatlas.org/search/WDR4
P57088,TMEM33,Endoplasmic reticulum membrane; Melanosome; Nucleus envelope,https://www.proteinatlas.org/search/TMEM33
P57678,GEMIN4,"Cytoplasm; Nucleus; Nucleus, nucleolus; Nucleus, gem",https://www.proteinatlas.org/search/GEMIN4
P57721,PCBP3,Cytoplasm,https://www.proteinatlas.org/search/PCBP3
P57737,CORO7,"Golgi apparatus membrane; Golgi apparatus, trans-Golgi network; Cytoplasmic vesicle; Cytoplasm, cytosol",https://www.proteinatlas.org/search/CORO7
P57740,NUP107,"Nucleus membrane; Nucleus, nuclear pore complex; Chromosome, centromere, kinetochore",https://www.proteinatlas.org/search/NUP107
P57743,LSM3,"Nucleus; Nucleus, nucleolus; Cytoplasm",https://www.proteinatlas.org/search/LSM3
P57744,TIM8,Mitochondrion inner membrane; Mitochondrion intermembrane space,https://www.proteinatlas.org/search/TIM8
P57772,EEFSEC,Cytoplasm; Nucleus,https://www.proteinatlas.org/search/EEFSEC
P58004,SESN2,Cytoplasm,https://www.proteinatlas.org/search/SESN2
P58107,EPPK1,"Cytoplasm, cytoskeleton; Cell junction, hemidesmosome; Cell junction, tight junction; Cell projection; Apicolateral cell membrane; Basolateral cell membrane; Cell junction",https://www.proteinatlas.org/search/EPPK1
P58335,ANTXR2,Cell membrane; Endoplasmic reticulum membrane; Secreted,https://www.proteinatlas.org/search/ANTXR2
P58546,MTPN,"Cytoplasm; Nucleus; Cytoplasm, perinuclear region",https://www.proteinatlas.org/search/MTPN
P59817,ZNF280A,Nucleus,https://www.proteinatlas.org/search/ZNF280A
P59998,ARPC4,"Cytoplasm, cytoskeleton; Cell projection; Nucleus",https://www.proteinatlas.org/search/ARPC4
P60002,ELOF1,Nucleus; Chromosome,https://www.proteinatlas.org/search/ELOF1
P60010,ACT1,"Cytoplasm, cytoskeleton",https://www.proteinatlas.org/search/ACT1
P60033,CD81,Cell membrane; Basolateral cell membrane,https://www.proteinatlas.org/search/CD81
P60059,SEC61G,Endoplasmic reticulum membrane,https://www.proteinatlas.org/search/SEC61G
P60174,TPI1,Cytoplasm,https://www.proteinatlas.org/search/TPI1
P60228,EIF3E,"Cytoplasm; Nucleus, PML body",https://www.proteinatlas.org/search/EIF3E
P60240,rapA,,https://www.proteinatlas.org/search/rapA
P60293,mukF,"Cytoplasm, nucleoid",https://www.proteinatlas.org/search/mukF
P60340,truB,,https://www.proteinatlas.org/search/truB
P60390,rsmH,Cytoplasm,https://www.proteinatlas.org/search/rsmH
P60422,rplB,,https://www.proteinatlas.org/search/rplB
P60438,rplC,,https://www.proteinatlas.org/search/rplC
P60468,SEC61B,Endoplasmic reticulum membrane,https://www.proteinatlas.org/search/SEC61B
P60510,PPP4C,"Cytoplasm; Nucleus; Cytoplasm, cytoskeleton, microtubule organizing center, centrosome",https://www.proteinatlas.org/search/PPP4C
P60520,GABARAPL2,"Cytoplasmic vesicle, autophagosome; Endoplasmic reticulum membrane; Golgi apparatus",https://www.proteinatlas.org/search/GABARAPL2
P60546,gmk,Cytoplasm,https://www.proteinatlas.org/search/gmk
P60595,hisH,Cytoplasm,https://www.proteinatlas.org/search/hisH
P60602,ROMO1,Mitochondrion inner membrane,https://www.proteinatlas.org/search/ROMO1
P60604,UBE2G2,Endoplasmic reticulum; Lipid droplet,https://www.proteinatlas.org/search/UBE2G2
P60624,rplX,,https://www.proteinatlas.org/search/rplX
P60651,speB,,https://www.proteinatlas.org/search/speB
P60660,MYL6,,https://www.proteinatlas.org/search/MYL6
P60664,hisF,Cytoplasm,https://www.proteinatlas.org/search/hisF
P60673,PFN3,"Cytoplasm, cytoskeleton; Nucleus",https://www.proteinatlas.org/search/PFN3
P60709,ACTB,"Cytoplasm, cytoskeleton; Nucleus",https://www.proteinatlas.org/search/ACTB
P60720,lipB,Cytoplasm,https://www.proteinatlas.org/search/lipB
P60723,rplD,,https://www.proteinatlas.org/search/rplD
P60757,hisG,Cytoplasm,https://www.proteinatlas.org/search/hisG
P60785,lepA,Cell inner membrane,https://www.proteinatlas.org/search/lepA
P60842,EIF4A1,"Cytoplasm, perinuclear region; Cell membrane; Cytoplasm, Stress granule",https://www.proteinatlas.org/search/EIF4A1
P60866,RPS20,Cytoplasm,https://www.proteinatlas.org/search/RPS20
P60891,PRPS1,,https://www.proteinatlas.org/search/PRPS1
P60900,PSMA6,Cytoplasm; Nucleus,https://www.proteinatlas.org/search/PSMA6
P60906,hisS,Cytoplasm,https://www.proteinatlas.org/search/hisS
P60953,CDC42,"Cell membrane; Cytoplasm, cytoskeleton, microtubule organizing center, centrosome; Cytoplasm, cytoskeleton, spindle; Midbody; Cell projection, dendrite; Cytoplasmic vesicle, secretory vesicle, acrosome",https://www.proteinatlas.org/search/CDC42
P60981,DSTN,,https://www.proteinatlas.org/search/DSTN
P60983,GMFB,,https://www.proteinatlas.org/search/GMFB
P61006,RAB8A,"Cell membrane; Golgi apparatus; Endosome membrane; Recycling endosome membrane; Cell projection, cilium; Cytoplasmic vesicle, phagosome; Cytoplasmic vesicle, phagosome membrane; Cytoplasm, cytoskeleton, microtubule organizing center, centrosome, centriole; Cytoplasm, cytoskeleton, cilium basal body; Midbody; Cytoplasm, cytoskeleton, cilium axoneme; Cytoplasm; Lysosome",https://www.proteinatlas.org/search/RAB8A
P61009,SPCS3,Endoplasmic reticulum membrane,https://www.proteinatlas.org/search/SPCS3
P61011,SRP54,Nucleus speckle; Cytoplasm; Endoplasmic reticulum,https://www.proteinatlas.org/search/SRP54
P61019,RAB2A,"Endoplasmic reticulum-Golgi intermediate compartment membrane; Melanosome; Endoplasmic reticulum membrane; Golgi apparatus membrane; Cytoplasmic vesicle, secretory vesicle, acrosome; Cytoplasmic vesicle, autophagosome membrane",https://www.proteinatlas.org/search/RAB2A
P61020,RAB5B,Cell membrane; Early endosome membrane; Melanosome,https://www.proteinatlas.org/search/RAB5B
P61024,CKS1B,,https://www.proteinatlas.org/search/CKS1B
P61026,RAB10,"Cytoplasmic vesicle membrane; Golgi apparatus membrane; Golgi apparatus, trans-Golgi network membrane; Endosome membrane; Recycling endosome membrane; Cytoplasmic vesicle, phagosome membrane; Cytoplasm, cytoskeleton, cilium basal body; Endoplasmic reticulum membrane; Cytoplasm, perinuclear region; Lysosome",https://www.proteinatlas.org/search/RAB10
P61077,UBE2D3,Cell membrane; Endosome membrane,https://www.proteinatlas.org/search/UBE2D3
P61081,UBE2M,,https://www.proteinatlas.org/search/UBE2M
P61086,UBE2K,Cytoplasm,https://www.proteinatlas.org/search/UBE2K
P61088,UBE2N,Nucleus; Cytoplasm,https://www.proteinatlas.org/search/UBE2N
P61106,RAB14,"Recycling endosome; Early endosome membrane; Golgi apparatus membrane; Golgi apparatus, trans-Golgi network membrane; Cytoplasmic vesicle, phagosome; Cytoplasmic vesicle",https://www.proteinatlas.org/search/RAB14
P61158,ACTR3,"Cytoplasm, cytoskeleton; Cell projection; Nucleus",https://www.proteinatlas.org/search/ACTR3
P61160,ACTR2,"Cytoplasm, cytoskeleton; Cell projection; Nucleus",https://www.proteinatlas.org/search/ACTR2
P61163,ACTR1A,"Cytoplasm, cytoskeleton; Cytoplasm, cytoskeleton, microtubule organizing center, centrosome; Cytoplasm, cell cortex",https://www.proteinatlas.org/search/ACTR1A
P61175,rplV,,https://www.proteinatlas.org/search/rplV
P61201,COPS2,Cytoplasm; Nucleus,https://www.proteinatlas.org/search/COPS2
P61221,ABCE1,Cytoplasm; Mitochondrion,https://www.proteinatlas.org/search/ABCE1
P61224,RAP1B,"Cell membrane; Cytoplasm, cytosol; Cell junction",https://www.proteinatlas.org/search/RAP1B
P61225,RAP2B,Recycling endosome membrane,https://www.proteinatlas.org/search/RAP2B
P61244,MAX,"Nucleus; Cell projection, dendrite",https://www.proteinatlas.org/search/MAX
P61247,RPS3A,"Cytoplasm; Nucleus; Nucleus, nucleolus",https://www.proteinatlas.org/search/RPS3A
P61254,RPL26,Cytoplasm,https://www.proteinatlas.org/search/RPL26
P61289,PSME3,Nucleus; Cytoplasm,https://www.proteinatlas.org/search/PSME3
P61313,RPL15,Cytoplasm,https://www.proteinatlas.org/search/RPL15
P61316,lolA,Periplasm,https://www.proteinatlas.org/search/lolA
P61326,MAGOH,Nucleus; Nucleus speckle; Cytoplasm,https://www.proteinatlas.org/search/MAGOH
P61353,RPL27,"Cytoplasm, cytosol; Cytoplasm; Rough endoplasmic reticulum",https://www.proteinatlas.org/search/RPL27
P61421,ATP6V0D1,"Membrane; Lysosome membrane; Cytoplasmic vesicle, clathrin-coated vesicle membrane",https://www.proteinatlas.org/search/ATP6V0D1
P61457,PCBD1,Cytoplasm; Nucleus,https://www.proteinatlas.org/search/PCBD1
P61513,RPL37A,Cytoplasm,https://www.proteinatlas.org/search/RPL37A
P61517,can,,https://www.proteinatlas.org/search/can
P61586,RHOA,"Cell membrane; Cytoplasm, cytoskeleton; Cleavage furrow; Cytoplasm, cell cortex; Midbody; Cell projection, lamellipodium; Cell projection, dendrite; Nucleus; Cytoplasm",https://www.proteinatlas.org/search/RHOA
P61599,NAA20,Cytoplasm; Nucleus,https://www.proteinatlas.org/search/NAA20
P61601,NCALD,,https://www.proteinatlas.org/search/NCALD
P61604,HSPE1,Mitochondrion matrix,https://www.proteinatlas.org/search/HSPE1
P61619,SEC61A1,Endoplasmic reticulum membrane,https://www.proteinatlas.org/search/SEC61A1
P61714,ribE,,https://www.proteinatlas.org/search/ribE
P61758,VBP1,Cytoplasm; Nucleus,https://www.proteinatlas.org/search/VBP1
P61764,STXBP1,"Cytoplasm, cytosol; Membrane",https://www.proteinatlas.org/search/STXBP1
P61769,B2M,Secreted; Cell surface,https://www.proteinatlas.org/search/B2M
P61889,mdh,,https://www.proteinatlas.org/search/mdh
P61916,NPC2,Secreted; Endoplasmic reticulum; Lysosome,https://www.proteinatlas.org/search/NPC2
P61923,COPZ1,"Cytoplasm; Golgi apparatus membrane; Cytoplasmic vesicle, COPI-coated vesicle membrane",https://www.proteinatlas.org/search/COPZ1
P61949,fldA,,https://www.proteinatlas.org/search/fldA
P61956,SUMO2,"Nucleus; Nucleus, PML body",https://www.proteinatlas.org/search/SUMO2
P61960,UFM1,Nucleus; Cytoplasm,https://www.proteinatlas.org/search/UFM1
P61962,DCAF7,Cytoplasm; Nucleus,https://www.proteinatlas.org/search/DCAF7
P61964,WDR5,Nucleus,https://www.proteinatlas.org/search/WDR5
P61966,AP1S1,"Golgi apparatus; Cytoplasmic vesicle membrane; Membrane, clathrin-coated pit",https://www.proteinatlas.org/search/AP1S1
P61970,NUTF2,"Cytoplasm, cytosol; Nucleus outer membrane; Nucleus, nuclear pore complex; Nucleus inner membrane; Nucleus, nucleoplasm",https://www.proteinatlas.org/search/NUTF2
P61978,HNRNPK,"Cytoplasm; Nucleus, nucleoplasm; Cell projection, podosome",https://www.proteinatlas.org/search/HNRNPK
P61981,YWHAG,"Cytoplasm, cytosol; Mitochondrion matrix",https://www.proteinatlas.org/search/YWHAG
P62070,RRAS2,Cell membrane; Golgi apparatus membrane,https://www.proteinatlas.org/search/RRAS2
P62072,TIMM10,Mitochondrion inner membrane,https://www.proteinatlas.org/search/TIMM10
P62081,RPS7,"Cytoplasm, cytoskeleton, microtubule organizing center, centrosome; Cytoplasm; Nucleus, nucleolus",https://www.proteinatlas.org/search/RPS7
P62136,PPP1CA,"Cytoplasm; Nucleus; Nucleus, nucleoplasm; Nucleus, nucleolus; Postsynaptic density",https://www.proteinatlas.org/search/PPP1CA
P62140,PPP1CB,"Cytoplasm; Nucleus; Nucleus, nucleoplasm; Nucleus, nucleolus",https://www.proteinatlas.org/search/PPP1CB
P62166,NCS1,"Golgi apparatus; Postsynaptic density; Cytoplasm, perinuclear region; Cytoplasm; Cell membrane; Membrane",https://www.proteinatlas.org/search/NCS1
P62191,PSMC1,Cytoplasm; Nucleus; Membrane,https://www.proteinatlas.org/search/PSMC1
P62195,PSMC5,Cytoplasm; Nucleus,https://www.proteinatlas.org/search/PSMC5
P62241,RPS8,"Cytoplasm; Membrane; Nucleus, nucleolus",https://www.proteinatlas.org/search/RPS8
P62244,RPS15A,"Cytoplasm; Nucleus, nucleolus",https://www.proteinatlas.org/search/RPS15A
P62249,RPS16,"Cytoplasm; Nucleus, nucleolus",https://www.proteinatlas.org/search/RPS16
P62253,UBE2G1,,https://www.proteinatlas.org/search/UBE2G1
P62256,UBE2H,,https://www.proteinatlas.org/search/UBE2H
P62258,YWHAE,Nucleus; Cytoplasm; Melanosome,https://www.proteinatlas.org/search/YWHAE
P62263,RPS14,"Cytoplasm; Nucleus, nucleolus",https://www.proteinatlas.org/search/RPS14
P62266,RPS23,"Cytoplasm, cytosol; Cytoplasm; Rough endoplasmic reticulum; Nucleus, nucleolus",https://www.proteinatlas.org/search/RPS23
P62269,RPS18,Cytoplasm,https://www.proteinatlas.org/search/RPS18
P62273,RPS29,"Cytoplasm, cytosol; Cytoplasm; Rough endoplasmic reticulum",https://www.proteinatlas.org/search/RPS29
P62277,RPS13,"Cytoplasm; Nucleus, nucleolus",https://www.proteinatlas.org/search/RPS13
P62280,RPS11,"Cytoplasm; Nucleus, nucleolus",https://www.proteinatlas.org/search/RPS11
P62304,SNRPE,"Cytoplasm, cytosol; Nucleus",https://www.proteinatlas.org/search/SNRPE
P62306,SNRPF,"Cytoplasm, cytosol; Nucleus",https://www.proteinatlas.org/search/SNRPF
P62310,LSM3,Nucleus,https://www.proteinatlas.org/search/LSM3
P62312,LSM6,Cytoplasm; Nucleus,https://www.proteinatlas.org/search/LSM6
P62314,SNRPD1,"Cytoplasm, cytosol; Nucleus",https://www.proteinatlas.org/search/SNRPD1
P62316,SNRPD2,"Cytoplasm, cytosol; Nucleus",https://www.proteinatlas.org/search/SNRPD2
P62318,SNRPD3,"Cytoplasm, cytosol; Nucleus",https://www.proteinatlas.org/search/SNRPD3
P62328,TMSB4X,"Cytoplasm, cytoskeleton",https://www.proteinatlas.org/search/TMSB4X
P62330,ARF6,"Cytoplasm, cytosol; Cell membrane; Endosome membrane; Recycling endosome membrane; Cell projection, filopodium membrane; Cell projection, ruffle; Cleavage furrow; Midbody, Midbody ring; Early endosome membrane; Golgi apparatus, trans-Golgi network membrane",https://www.proteinatlas.org/search/ARF6
P62333,PSMC6,Cytoplasm; Nucleus,https://www.proteinatlas.org/search/PSMC6
P62380,TBPL1,Cytoplasm; Nucleus,https://www.proteinatlas.org/search/TBPL1
P62399,rplE,,https://www.proteinatlas.org/search/rplE
P62424,RPL7A,Cytoplasm,https://www.proteinatlas.org/search/RPL7A
P62487,POLR2G,Nucleus,https://www.proteinatlas.org/search/POLR2G
P62495,ETF1,Cytoplasm,https://www.proteinatlas.org/search/ETF1
P62615,ispE,,https://www.proteinatlas.org/search/ispE
P62620,ispG,,https://www.proteinatlas.org/search/ispG
P62623,ispH,,https://www.proteinatlas.org/search/ispH
P62633,CNBP,Nucleus; Cytoplasm; Endoplasmic reticulum; Cytoplasm; Cytoplasm; Cytoplasm; Cytoplasm; Cytoplasm; Cytoplasm,https://www.proteinatlas.org/search/CNBP
P62699,YPEL5,"Nucleus; Cytoplasm, cytoskeleton, microtubule organizing center, centrosome; Cytoplasm, cytoskeleton, spindle pole; Midbody",https://www.proteinatlas.org/search/YPEL5
P62701,RPS4X,"Cytoplasm; Nucleus, nucleolus",https://www.proteinatlas.org/search/RPS4X
P62707,gpmA,,https://www.proteinatlas.org/search/gpmA
P62714,PPP2CB,"Cytoplasm; Nucleus; Chromosome, centromere; Cytoplasm, cytoskeleton, spindle pole",https://www.proteinatlas.org/search/PPP2CB
P62750,RPL23A,Cytoplasm; Nucleus,https://www.proteinatlas.org/search/RPL23A
P62753,RPS6,"Cytoplasm; Nucleus, nucleolus",https://www.proteinatlas.org/search/RPS6
P62768,yaeH,,https://www.proteinatlas.org/search/yaeH
P62805,H4C1,Nucleus; Chromosome,https://www.proteinatlas.org/search/H4C1
P62820,RAB1A,"Golgi apparatus; Endoplasmic reticulum; Early endosome; Cytoplasm, cytosol; Membrane; Melanosome",https://www.proteinatlas.org/search/RAB1A
P62826,RAN,"Nucleus; Nucleus envelope; Cytoplasm, cytosol; Cytoplasm; Melanosome",https://www.proteinatlas.org/search/RAN
P62829,RPL23,Cytoplasm,https://www.proteinatlas.org/search/RPL23
P62834,RAP1A,"Cell membrane; Cytoplasm; Cytoplasm, perinuclear region; Cell junction; Early endosome",https://www.proteinatlas.org/search/RAP1A
P62841,RPS15,Cytoplasm,https://www.proteinatlas.org/search/RPS15
P62847,RPS24,"Cytoplasm; Nucleus, nucleolus",https://www.proteinatlas.org/search/RPS24
P62851,RPS25,Cytoplasm,https://www.proteinatlas.org/search/RPS25
P62854,RPS26,"Cytoplasm, cytosol; Cytoplasm; Rough endoplasmic reticulum",https://www.proteinatlas.org/search/RPS26
P62857,RPS28,"Cytoplasm, cytosol; Cytoplasm; Rough endoplasmic reticulum; Nucleus, nucleolus",https://www.proteinatlas.org/search/RPS28
P62861,FAU,Cytoplasm; Nucleus,https://www.proteinatlas.org/search/FAU
P62873,GNB1,,https://www.proteinatlas.org/search/GNB1
P62875,POLR2L,"Nucleus; Nucleus, nucleolus",https://www.proteinatlas.org/search/POLR2L
P62877,RBX1,Cytoplasm; Nucleus,https://www.proteinatlas.org/search/RBX1
P62879,GNB2,"Cytoplasm, perinuclear region; Cell membrane",https://www.proteinatlas.org/search/GNB2
P62888,RPL30,Cytoplasm,https://www.proteinatlas.org/search/RPL30
P62891,RPL39,Cytoplasm,https://www.proteinatlas.org/search/RPL39
P62899,RPL31,Cytoplasm,https://www.proteinatlas.org/search/RPL31
P62906,RPL10A,Cytoplasm,https://www.proteinatlas.org/search/RPL10A
P62910,RPL32,Cytoplasm,https://www.proteinatlas.org/search/RPL32
P62913,RPL11,"Nucleus, nucleolus; Cytoplasm",https://www.proteinatlas.org/search/RPL11
P62917,RPL8,Cytoplasm,https://www.proteinatlas.org/search/RPL8
P62937,PPIA,Cytoplasm; Secreted; Nucleus; Cell membrane; Secreted,https://www.proteinatlas.org/search/PPIA
P62942,FKBP1A,"Cytoplasm, cytosol; Sarcoplasmic reticulum membrane",https://www.proteinatlas.org/search/FKBP1A
P62979,RPS27A,"Cytoplasm; Nucleus, nucleolus; Cytoplasm; Nucleus",https://www.proteinatlas.org/search/RPS27A
P62993,GRB2,Nucleus; Cytoplasm; Endosome; Golgi apparatus,https://www.proteinatlas.org/search/GRB2
P62995,TRA2B,Nucleus,https://www.proteinatlas.org/search/TRA2B
P63000,RAC1,"Cell membrane; Melanosome; Cytoplasm; Cell projection, lamellipodium; Cell projection, dendrite; Synapse; Nucleus; Cell projection, ruffle membrane",https://www.proteinatlas.org/search/RAC1
P63010,AP2B1,"Cell membrane; Membrane, coated pit",https://www.proteinatlas.org/search/AP2B1
P63020,nfuA,,https://www.proteinatlas.org/search/nfuA
P63027,VAMP2,"Cytoplasmic vesicle, secretory vesicle, synaptic vesicle membrane; Cell membrane",https://www.proteinatlas.org/search/VAMP2
P63098,PPP3R1,"Cytoplasm, cytosol; Cell membrane; Cell membrane, sarcolemma; Cell membrane",https://www.proteinatlas.org/search/PPP3R1
P63104,YWHAZ,Cytoplasm; Melanosome,https://www.proteinatlas.org/search/YWHAZ
P63146,UBE2B,Cell membrane; Nucleus,https://www.proteinatlas.org/search/UBE2B
P63151,PPP2R2A,,https://www.proteinatlas.org/search/PPP2R2A
P63162,SNRPN,Nucleus,https://www.proteinatlas.org/search/SNRPN
P63165,SUMO1,"Nucleus membrane; Nucleus speckle; Cytoplasm; Nucleus, PML body; Cell membrane; Nucleus",https://www.proteinatlas.org/search/SUMO1
P63167,DYNLL1,"Cytoplasm, cytoskeleton, microtubule organizing center, centrosome; Chromosome; Cytoplasm, cytoskeleton; Nucleus; Mitochondrion",https://www.proteinatlas.org/search/DYNLL1
P63172,DYNLT1,"Golgi apparatus; Cytoplasm; Cytoplasm, cytoskeleton, spindle",https://www.proteinatlas.org/search/DYNLT1
P63173,RPL38,Cytoplasm,https://www.proteinatlas.org/search/RPL38
P63177,rlmB,Cytoplasm,https://www.proteinatlas.org/search/rlmB
P63208,SKP1,,https://www.proteinatlas.org/search/SKP1
P63218,GNG5,Cell membrane,https://www.proteinatlas.org/search/GNG5
P63220,RPS21,"Cytoplasm, cytosol; Cytoplasm; Rough endoplasmic reticulum",https://www.proteinatlas.org/search/RPS21
P63224,gmhA,Cytoplasm,https://www.proteinatlas.org/search/gmhA
P63228,gmhB,Cytoplasm,https://www.proteinatlas.org/search/gmhB
P63241,EIF5A,Cytoplasm; Nucleus; Endoplasmic reticulum membrane,https://www.proteinatlas.org/search/EIF5A
P63244,RACK1,"Cell membrane; Cytoplasm; Cytoplasm, perinuclear region; Nucleus; Perikaryon; Cell projection, dendrite; Cell projection, phagocytic cup",https://www.proteinatlas.org/search/RACK1
P63261,ACTG1,"Cytoplasm, cytoskeleton",https://www.proteinatlas.org/search/ACTG1
P63272,SUPT4H1,Nucleus,https://www.proteinatlas.org/search/SUPT4H1
P63279,UBE2I,"Nucleus; Cytoplasm; Cytoplasm, perinuclear region",https://www.proteinatlas.org/search/UBE2I
P63284,clpB,Cytoplasm,https://www.proteinatlas.org/search/clpB
P63313,TMSB10,"Cytoplasm, cytoskeleton",https://www.proteinatlas.org/search/TMSB10
P63389,yheS,,https://www.proteinatlas.org/search/yheS
P63417,yhbS,,https://www.proteinatlas.org/search/yhbS
P64429,ypfJ,Membrane,https://www.proteinatlas.org/search/ypfJ
P64455,ydcY,,https://www.proteinatlas.org/search/ydcY
P64461,lsrG,Cytoplasm,https://www.proteinatlas.org/search/lsrG
P64479,ydiZ,,https://www.proteinatlas.org/search/ydiZ
P64503,yebV,,https://www.proteinatlas.org/search/yebV
P64506,yebY,Periplasm,https://www.proteinatlas.org/search/yebY
P64519,yodD,,https://www.proteinatlas.org/search/yodD
P64540,yfcL,,https://www.proteinatlas.org/search/yfcL
P64581,yqjD,Cell inner membrane,https://www.proteinatlas.org/search/yqjD
P64588,yqjI,,https://www.proteinatlas.org/search/yqjI
P64596,dolP,Cell outer membrane,https://www.proteinatlas.org/search/dolP
P64624,yheO,,https://www.proteinatlas.org/search/yheO
P65367,yqcA,,https://www.proteinatlas.org/search/yqcA
P65556,yfcD,,https://www.proteinatlas.org/search/yfcD
P66948,bepA,Periplasm,https://www.proteinatlas.org/search/bepA
P67080,yggS,,https://www.proteinatlas.org/search/yggS
P67660,yhaJ,,https://www.proteinatlas.org/search/yhaJ
P67662,aaeR,,https://www.proteinatlas.org/search/aaeR
P67775,PPP2CA,"Cytoplasm; Nucleus; Chromosome; Chromosome, centromere; Cytoplasm, cytoskeleton, spindle pole",https://www.proteinatlas.org/search/PPP2CA
P67809,YBX1,"Cytoplasm; Nucleus; Cytoplasmic granule; Secreted; Secreted, extracellular exosome; Cytoplasm, P-body",https://www.proteinatlas.org/search/YBX1
P67812,SEC11A,Endoplasmic reticulum membrane,https://www.proteinatlas.org/search/SEC11A
P67826,cutC,Cytoplasm,https://www.proteinatlas.org/search/cutC
P67870,CSNK2B,Nucleus,https://www.proteinatlas.org/search/CSNK2B
P67910,hldD,,https://www.proteinatlas.org/search/hldD
P67936,TPM4,"Cytoplasm, cytoskeleton",https://www.proteinatlas.org/search/TPM4
P68032,ACTC1,"Cytoplasm, cytoskeleton",https://www.proteinatlas.org/search/ACTC1
P68036,UBE2L3,Nucleus; Cytoplasm,https://www.proteinatlas.org/search/UBE2L3
P68066,grcA,,https://www.proteinatlas.org/search/grcA
P68104,EEF1A1,"Cytoplasm; Nucleus; Nucleus, nucleolus; Cell membrane",https://www.proteinatlas.org/search/EEF1A1
P68133,ACTA1,"Cytoplasm, cytoskeleton",https://www.proteinatlas.org/search/ACTA1
P68191,sra,Cytoplasm,https://www.proteinatlas.org/search/sra
P68206,yjbJ,,https://www.proteinatlas.org/search/yjbJ
P68366,TUBA4A,"Cytoplasm, cytoskeleton",https://www.proteinatlas.org/search/TUBA4A
P68371,TUBB4B,"Cytoplasm, cytoskeleton; Cytoplasm, cytoskeleton, flagellum axoneme",https://www.proteinatlas.org/search/TUBB4B
P68400,CSNK2A1,Nucleus,https://www.proteinatlas.org/search/CSNK2A1
P68402,PAFAH1B2,Cytoplasm,https://www.proteinatlas.org/search/PAFAH1B2
P68679,rpsU,,https://www.proteinatlas.org/search/rpsU
P68688,grxA,,https://www.proteinatlas.org/search/grxA
P68739,nfi,Cytoplasm,https://www.proteinatlas.org/search/nfi
P68767,pepA,,https://www.proteinatlas.org/search/pepA
P68919,rplY,,https://www.proteinatlas.org/search/rplY
P69222,infA,Cytoplasm,https://www.proteinatlas.org/search/infA
P69228,baeR,Cytoplasm,https://www.proteinatlas.org/search/baeR
P69425,tatB,Cell inner membrane,https://www.proteinatlas.org/search/tatB
P69428,tatA,Cell inner membrane,https://www.proteinatlas.org/search/tatA
P69441,adk,Cytoplasm,https://www.proteinatlas.org/search/adk
P69451,fadD,Cell membrane,https://www.proteinatlas.org/search/fadD
P69503,apt,Cytoplasm,https://www.proteinatlas.org/search/apt
P69771,DID2,Endosome membrane; Endomembrane system,https://www.proteinatlas.org/search/DID2
P69776,lpp,"Cell outer membrane; Secreted, cell wall; Cell outer membrane",https://www.proteinatlas.org/search/lpp
P69783,crr,Cytoplasm,https://www.proteinatlas.org/search/crr
P69795,chbB,Cytoplasm,https://www.proteinatlas.org/search/chbB
P69797,manX,Cytoplasm; Cell inner membrane,https://www.proteinatlas.org/search/manX
P69805,manZ,Cell inner membrane,https://www.proteinatlas.org/search/manZ
P69808,fryB,Cytoplasm,https://www.proteinatlas.org/search/fryB
P69811,fruB,Cytoplasm,https://www.proteinatlas.org/search/fruB
P69828,gatA,Cytoplasm,https://www.proteinatlas.org/search/gatA
P69829,ptsN,Cytoplasm,https://www.proteinatlas.org/search/ptsN
P69849,NOMO3,Endoplasmic reticulum membrane,https://www.proteinatlas.org/search/NOMO3
P69850,DAD3,"Nucleus; Cytoplasm, cytoskeleton, spindle; Chromosome, centromere, kinetochore; Chromosome",https://www.proteinatlas.org/search/DAD3
P69852,HSK3,"Nucleus; Cytoplasm, cytoskeleton, spindle; Chromosome, centromere, kinetochore",https://www.proteinatlas.org/search/HSK3
P69891,HBG1,,https://www.proteinatlas.org/search/HBG1
P69892,HBG2,,https://www.proteinatlas.org/search/HBG2
P69905,HBA1,,https://www.proteinatlas.org/search/HBA1
P69908,gadA,,https://www.proteinatlas.org/search/gadA
P69910,gadB,Cytoplasm; Membrane,https://www.proteinatlas.org/search/gadB
P69922,fucI,Cytoplasm,https://www.proteinatlas.org/search/fucI
P69924,nrdB,,https://www.proteinatlas.org/search/nrdB
P75713,allE,Cytoplasm,https://www.proteinatlas.org/search/allE
P75728,ubiF,Cytoplasm,https://www.proteinatlas.org/search/ubiF
P75736,ybfF,,https://www.proteinatlas.org/search/ybfF
P75745,pxpC,,https://www.proteinatlas.org/search/pxpC
P75797,gsiB,Periplasm,https://www.proteinatlas.org/search/gsiB
P75809,ybjI,,https://www.proteinatlas.org/search/ybjI
P75818,ybjP,Cell membrane,https://www.proteinatlas.org/search/ybjP
P75823,ltaE,,https://www.proteinatlas.org/search/ltaE
P75838,ycaO,,https://www.proteinatlas.org/search/ycaO
P75849,gloC,,https://www.proteinatlas.org/search/gloC
P75863,ycbX,,https://www.proteinatlas.org/search/ycbX
P75864,rlmL,Cytoplasm,https://www.proteinatlas.org/search/rlmL
P75874,yccU,,https://www.proteinatlas.org/search/yccU
P75876,rlmI,Cytoplasm,https://www.proteinatlas.org/search/rlmI
P75913,ghrA,Cytoplasm,https://www.proteinatlas.org/search/ghrA
P75931,yceM,,https://www.proteinatlas.org/search/yceM
P75949,nagZ,Cytoplasm,https://www.proteinatlas.org/search/nagZ
P75959,nagK,,https://www.proteinatlas.org/search/nagK
P75960,cobB,Cytoplasm,https://www.proteinatlas.org/search/cobB
P76004,ycgM,,https://www.proteinatlas.org/search/ycgM
P76008,ldcA,Cytoplasm,https://www.proteinatlas.org/search/ldcA
P76015,dhaK,,https://www.proteinatlas.org/search/dhaK
P76038,puuD,,https://www.proteinatlas.org/search/puuD
P76049,ycjY,,https://www.proteinatlas.org/search/ycjY
P76086,paaX,,https://www.proteinatlas.org/search/paaX
P76097,ydcJ,,https://www.proteinatlas.org/search/ydcJ
P76108,ydcS,Periplasm,https://www.proteinatlas.org/search/ydcS
P76113,curA,,https://www.proteinatlas.org/search/curA
P76116,yncE,,https://www.proteinatlas.org/search/yncE
P76121,yddH,,https://www.proteinatlas.org/search/yddH
P76128,ddpA,Periplasm,https://www.proteinatlas.org/search/ddpA
P76142,lsrB,Periplasm,https://www.proteinatlas.org/search/lsrB
P76143,lsrF,Cytoplasm,https://www.proteinatlas.org/search/lsrF
P76145,tam,Cytoplasm,https://www.proteinatlas.org/search/tam
P76172,ynfD,,https://www.proteinatlas.org/search/ynfD
P76176,ydgD,,https://www.proteinatlas.org/search/ydgD
P76177,ydgH,,https://www.proteinatlas.org/search/ydgH
P76187,ydhF,,https://www.proteinatlas.org/search/ydhF
P76193,ynhG,Periplasm,https://www.proteinatlas.org/search/ynhG
P76215,astE,,https://www.proteinatlas.org/search/astE
P76216,astB,,https://www.proteinatlas.org/search/astB
P76227,ynjH,,https://www.proteinatlas.org/search/ynjH
P76235,yeaH,,https://www.proteinatlas.org/search/yeaH
P76243,yeaO,,https://www.proteinatlas.org/search/yeaO
P76251,dmlA,Cytoplasm,https://www.proteinatlas.org/search/dmlA
P76256,tsaB,Cytoplasm,https://www.proteinatlas.org/search/tsaB
P76270,msrC,,https://www.proteinatlas.org/search/msrC
P76290,cmoA,,https://www.proteinatlas.org/search/cmoA
P76291,cmoB,,https://www.proteinatlas.org/search/cmoB
P76316,dcyD,,https://www.proteinatlas.org/search/dcyD
P76346,mtfA,Cytoplasm,https://www.proteinatlas.org/search/mtfA
P76402,yegP,,https://www.proteinatlas.org/search/yegP
P76403,trhP,,https://www.proteinatlas.org/search/trhP
P76502,sixA,,https://www.proteinatlas.org/search/sixA
P76535,murQ,,https://www.proteinatlas.org/search/murQ
P76536,yfeX,Cytoplasm,https://www.proteinatlas.org/search/yfeX
P76537,yfeY,,https://www.proteinatlas.org/search/yfeY
P76558,maeB,,https://www.proteinatlas.org/search/maeB
P76569,yfgD,,https://www.proteinatlas.org/search/yfgD
P76594,patZ,,https://www.proteinatlas.org/search/patZ
P76621,glaH,,https://www.proteinatlas.org/search/glaH
P76658,hldE,,https://www.proteinatlas.org/search/hldE
P77148,ydhS,,https://www.proteinatlas.org/search/ydhS
P77150,pdxY,,https://www.proteinatlas.org/search/pdxY
P77173,zipA,Cell inner membrane,https://www.proteinatlas.org/search/zipA
P77181,paaY,,https://www.proteinatlas.org/search/paaY
P77202,dsbG,Periplasm,https://www.proteinatlas.org/search/dsbG
P77213,ybdK,,https://www.proteinatlas.org/search/ybdK
P77247,hxpB,,https://www.proteinatlas.org/search/hxpB
P77258,nemA,,https://www.proteinatlas.org/search/nemA
P77285,rsxG,Cell inner membrane,https://www.proteinatlas.org/search/rsxG
P77318,ydeN,,https://www.proteinatlas.org/search/ydeN
P77348,mppA,Periplasm,https://www.proteinatlas.org/search/mppA
P77376,ydgJ,,https://www.proteinatlas.org/search/ydgJ
P77395,cnoX,,https://www.proteinatlas.org/search/cnoX
P77397,mhpA,,https://www.proteinatlas.org/search/mhpA
P77455,paaZ,,https://www.proteinatlas.org/search/paaZ
P77488,dxs,,https://www.proteinatlas.org/search/dxs
P77499,sufC,Cytoplasm,https://www.proteinatlas.org/search/sufC
P77522,sufB,,https://www.proteinatlas.org/search/sufB
P77526,yfcG,,https://www.proteinatlas.org/search/yfcG
P77544,yfcF,,https://www.proteinatlas.org/search/yfcF
P77552,ydhQ,,https://www.proteinatlas.org/search/ydhQ
P77569,mhpR,,https://www.proteinatlas.org/search/mhpR
P77570,anmK,,https://www.proteinatlas.org/search/anmK
P77581,astC,,https://www.proteinatlas.org/search/astC
P77625,hxpA,,https://www.proteinatlas.org/search/hxpA
P77674,patD,,https://www.proteinatlas.org/search/patD
P77695,gnsB,,https://www.proteinatlas.org/search/gnsB
P77712,fadM,,https://www.proteinatlas.org/search/fadM
P77717,ybaY,Cell membrane,https://www.proteinatlas.org/search/ybaY
P77718,thiI,Cytoplasm,https://www.proteinatlas.org/search/thiI
P77735,yajO,,https://www.proteinatlas.org/search/yajO
P77739,yniA,,https://www.proteinatlas.org/search/yniA
P77754,spy,Periplasm,https://www.proteinatlas.org/search/spy
P77756,queC,,https://www.proteinatlas.org/search/queC
P77774,bamB,Cell outer membrane,https://www.proteinatlas.org/search/bamB
P77775,yfcH,,https://www.proteinatlas.org/search/yfcH
P77781,menI,,https://www.proteinatlas.org/search/menI
P77804,ydgA,Cell inner membrane,https://www.proteinatlas.org/search/ydgA
P77808,yfaY,,https://www.proteinatlas.org/search/yfaY
P78061,puuA,,https://www.proteinatlas.org/search/puuA
P78316,NOP14,"Nucleus, nucleolus",https://www.proteinatlas.org/search/NOP14
P78318,IGBP1,Cytoplasm,https://www.proteinatlas.org/search/IGBP1
P78330,PSPH,"Cytoplasm, cytosol",https://www.proteinatlas.org/search/PSPH
P78332,RBM6,Nucleus,https://www.proteinatlas.org/search/RBM6
P78337,PITX1,Nucleus,https://www.proteinatlas.org/search/PITX1
P78344,EIF4G2,,https://www.proteinatlas.org/search/EIF4G2
P78345,RPP38,"Nucleus, nucleolus",https://www.proteinatlas.org/search/RPP38
P78346,RPP30,"Nucleus, nucleolus",https://www.proteinatlas.org/search/RPP30
P78347,GTF2I,Cytoplasm; Nucleus,https://www.proteinatlas.org/search/GTF2I
P78362,SRPK2,"Cytoplasm; Nucleus, nucleoplasm; Nucleus speckle; Chromosome",https://www.proteinatlas.org/search/SRPK2
P78368,CSNK1G2,"Cytoplasm, cell cortex; Cytoplasm",https://www.proteinatlas.org/search/CSNK1G2
P78371,CCT2,Cytoplasm,https://www.proteinatlas.org/search/CCT2
P78395,PRAME,Nucleus; Chromosome; Cytoplasm; Golgi apparatus; Cell membrane,https://www.proteinatlas.org/search/PRAME
P78406,RAE1,"Cytoplasm; Nucleus; Cytoplasm, cytoskeleton, spindle pole; Nucleus envelope",https://www.proteinatlas.org/search/RAE1
P78417,GSTO1,"Cytoplasm, cytosol",https://www.proteinatlas.org/search/GSTO1
P78527,PRKDC,"Nucleus; Nucleus, nucleolus; Cytoplasm, cytosol",https://www.proteinatlas.org/search/PRKDC
P78537,BLOC1S1,"Mitochondrion intermembrane space; Mitochondrion matrix; Cytoplasm, cytosol; Lysosome membrane",https://www.proteinatlas.org/search/BLOC1S1
P78540,ARG2,Mitochondrion,https://www.proteinatlas.org/search/ARG2
P78559,MAP1A,"Cytoplasm, cytoskeleton",https://www.proteinatlas.org/search/MAP1A
P78560,CRADD,Cytoplasm; Nucleus,https://www.proteinatlas.org/search/CRADD
P80210,ADE12,Cytoplasm,https://www.proteinatlas.org/search/ADE12
P80217,IFI35,Cytoplasm; Nucleus; Secreted,https://www.proteinatlas.org/search/IFI35
P80303,NUCB2,Golgi apparatus; Membrane; Cytoplasm; Secreted; Endoplasmic reticulum; Nucleus envelope; Secreted,https://www.proteinatlas.org/search/NUCB2
P80428,ARP4,Nucleus,https://www.proteinatlas.org/search/ARP4
P80667,PEX13,Peroxisome membrane,https://www.proteinatlas.org/search/PEX13
P80967,TOM5,Mitochondrion outer membrane,https://www.proteinatlas.org/search/TOM5
P82094,TMF1,Cytoplasm; Nucleus; Golgi apparatus membrane,https://www.proteinatlas.org/search/TMF1
P82650,MRPS22,Mitochondrion,https://www.proteinatlas.org/search/MRPS22
P82663,MRPS25,Mitochondrion,https://www.proteinatlas.org/search/MRPS25
P82664,MRPS10,Mitochondrion,https://www.proteinatlas.org/search/MRPS10
P82673,MRPS35,Mitochondrion,https://www.proteinatlas.org/search/MRPS35
P82675,MRPS5,Mitochondrion,https://www.proteinatlas.org/search/MRPS5
P82909,KGD4,Mitochondrion,https://www.proteinatlas.org/search/KGD4
P82912,MRPS11,Mitochondrion,https://www.proteinatlas.org/search/MRPS11
P82914,MRPS15,Mitochondrion matrix,https://www.proteinatlas.org/search/MRPS15
P82921,MRPS21,Mitochondrion,https://www.proteinatlas.org/search/MRPS21
P82930,MRPS34,Mitochondrion,https://www.proteinatlas.org/search/MRPS34
P82932,MRPS6,Mitochondrion,https://www.proteinatlas.org/search/MRPS6
P82933,MRPS9,Mitochondrion,https://www.proteinatlas.org/search/MRPS9
P82970,HMGN5,Nucleus,https://www.proteinatlas.org/search/HMGN5
P82979,SARNP,Nucleus; Nucleus speckle,https://www.proteinatlas.org/search/SARNP
P83436,COG7,Golgi apparatus membrane,https://www.proteinatlas.org/search/COG7
P83731,RPL24,Cytoplasm,https://www.proteinatlas.org/search/RPL24
P83876,TXNL4A,Nucleus,https://www.proteinatlas.org/search/TXNL4A
P83916,CBX1,Nucleus,https://www.proteinatlas.org/search/CBX1
P84022,SMAD3,Cytoplasm; Nucleus,https://www.proteinatlas.org/search/SMAD3
P84077,ARF1,"Golgi apparatus membrane; Synapse, synaptosome; Postsynaptic density",https://www.proteinatlas.org/search/ARF1
P84085,ARF5,"Cell membrane; Golgi apparatus; Cytoplasm, perinuclear region; Lysosome membrane; Golgi apparatus, trans-Golgi network membrane",https://www.proteinatlas.org/search/ARF5
P84090,ERH,Nucleus,https://www.proteinatlas.org/search/ERH
P84095,RHOG,Cell membrane,https://www.proteinatlas.org/search/RHOG
P84098,RPL19,Cytoplasm,https://www.proteinatlas.org/search/RPL19
P84101,SERF2,,https://www.proteinatlas.org/search/SERF2
P84103,SRSF3,Nucleus; Nucleus speckle; Cytoplasm,https://www.proteinatlas.org/search/SRSF3
P85037,FOXK1,Nucleus; Cytoplasm,https://www.proteinatlas.org/search/FOXK1
P86790,CCZ1B,Lysosome membrane,https://www.proteinatlas.org/search/CCZ1B
P87108,TIM10,Mitochondrion inner membrane; Mitochondrion intermembrane space,https://www.proteinatlas.org/search/TIM10
P89102,SEC5,,https://www.proteinatlas.org/search/SEC5
P89105,CTR9,"Nucleus, nucleoplasm",https://www.proteinatlas.org/search/CTR9
P89886,TMA20,Cytoplasm,https://www.proteinatlas.org/search/TMA20
P98082,DAB2,"Cytoplasm; Cytoplasmic vesicle, clathrin-coated vesicle membrane; Membrane, clathrin-coated pit",https://www.proteinatlas.org/search/DAB2
P98170,XIAP,Cytoplasm; Nucleus,https://www.proteinatlas.org/search/XIAP
P98171,ARHGAP4,Cytoplasm,https://www.proteinatlas.org/search/ARHGAP4
P98175,RBM10,Nucleus,https://www.proteinatlas.org/search/RBM10
P98179,RBM3,"Nucleus; Cytoplasm; Cell projection, dendrite",https://www.proteinatlas.org/search/RBM3
P99999,CYCS,Mitochondrion intermembrane space,https://www.proteinatlas.org/search/CYCS
Q00013,MPP1,"Cell membrane; Cell projection, stereocilium",https://www.proteinatlas.org/search/MPP1
Q00055,GPD1,Cytoplasm; Peroxisome,https://www.proteinatlas.org/search/GPD1
Q00059,TFAM,"Mitochondrion; Mitochondrion matrix, mitochondrion nucleoid",https://www.proteinatlas.org/search/TFAM
Q00169,PITPNA,"Cytoplasm, cytosol; Nucleus",https://www.proteinatlas.org/search/PITPNA
Q00245,RHO3,Cell membrane,https://www.proteinatlas.org/search/RHO3
Q00246,RHO4,Cell membrane,https://www.proteinatlas.org/search/RHO4
Q00325,SLC25A3,Mitochondrion inner membrane,https://www.proteinatlas.org/search/SLC25A3
Q00341,HDLBP,Cytoplasm; Nucleus,https://www.proteinatlas.org/search/HDLBP
Q00362,CDC55,,https://www.proteinatlas.org/search/CDC55
Q00402,NUM1,Bud tip,https://www.proteinatlas.org/search/NUM1
Q00403,GTF2B,Nucleus; Chromosome,https://www.proteinatlas.org/search/GTF2B
Q00416,SEN1,Nucleus,https://www.proteinatlas.org/search/SEN1
Q00534,CDK6,"Cytoplasm; Nucleus; Cell projection, ruffle; Cytoplasm, cytoskeleton, microtubule organizing center, centrosome",https://www.proteinatlas.org/search/CDK6
Q00535,CDK5,"Cytoplasm; Nucleus; Cell membrane; Perikaryon; Cell projection, lamellipodium; Cell projection, growth cone; Postsynaptic density; Synapse; Nucleus",https://www.proteinatlas.org/search/CDK5
Q00539,NAM8,,https://www.proteinatlas.org/search/NAM8
Q00577,PURA,Nucleus,https://www.proteinatlas.org/search/PURA
Q00578,SSL2,Nucleus,https://www.proteinatlas.org/search/SSL2
Q00582,GTR1,Vacuole membrane,https://www.proteinatlas.org/search/GTR1
Q00587,CDC42EP1,"Endomembrane system; Cytoplasm, cytoskeleton",https://www.proteinatlas.org/search/CDC42EP1
Q00610,CLTC,"Cytoplasmic vesicle membrane; Membrane, coated pit; Melanosome; Cytoplasm, cytoskeleton, spindle",https://www.proteinatlas.org/search/CLTC
Q00613,HSF1,"Nucleus; Cytoplasm; Nucleus, nucleoplasm; Cytoplasm, perinuclear region; Cytoplasm, cytoskeleton, spindle pole; Cytoplasm, cytoskeleton, microtubule organizing center, centrosome; Chromosome, centromere, kinetochore",https://www.proteinatlas.org/search/HSF1
Q00618,BET4,,https://www.proteinatlas.org/search/BET4
Q00653,NFKB2,Nucleus; Cytoplasm,https://www.proteinatlas.org/search/NFKB2
Q00684,CDC14,"Nucleus, nucleolus; Cytoplasm; Bud neck",https://www.proteinatlas.org/search/CDC14
Q00688,FKBP3,Nucleus,https://www.proteinatlas.org/search/FKBP3
Q00711,SDH1,Mitochondrion inner membrane,https://www.proteinatlas.org/search/SDH1
Q00764,TPS1,Cytoplasm,https://www.proteinatlas.org/search/TPS1
Q00765,REEP5,Endoplasmic reticulum membrane; Sarcoplasmic reticulum membrane,https://www.proteinatlas.org/search/REEP5
Q00772,SLT2,Nucleus; Cell tip,https://www.proteinatlas.org/search/SLT2
Q00776,APM1,"Cytoplasmic vesicle; Cytoplasmic vesicle, clathrin-coated vesicle membrane; Membrane, clathrin-coated pit",https://www.proteinatlas.org/search/APM1
Q00796,SORD,"Mitochondrion membrane; Cell projection, cilium, flagellum",https://www.proteinatlas.org/search/SORD
Q00816,REG1,Nucleus,https://www.proteinatlas.org/search/REG1
Q00839,HNRNPU,"Nucleus; Nucleus matrix; Chromosome; Nucleus speckle; Cytoplasm, cytoskeleton, microtubule organizing center, centrosome; Chromosome, centromere, kinetochore; Cytoplasm, cytoskeleton, spindle; Cytoplasm, cytoskeleton, spindle pole; Midbody; Cytoplasm; Cell surface; Cytoplasmic granule",https://www.proteinatlas.org/search/HNRNPU
Q00873,CYT2,Mitochondrion inner membrane,https://www.proteinatlas.org/search/CYT2
Q00916,SNP1,Nucleus,https://www.proteinatlas.org/search/SNP1
Q00955,ACC1,Cytoplasm; Endoplasmic reticulum membrane,https://www.proteinatlas.org/search/ACC1
Q01080,RPA49,"Nucleus, nucleolus",https://www.proteinatlas.org/search/RPA49
Q01081,U2AF1,Nucleus; Nucleus speckle,https://www.proteinatlas.org/search/U2AF1
Q01082,SPTBN1,"Cytoplasm, cytoskeleton; Cytoplasm, myofibril, sarcomere, M line; Cytoplasm, cytosol; Cell membrane; Cell membrane",https://www.proteinatlas.org/search/SPTBN1
Q01085,TIAL1,"Nucleus; Cytoplasm; Cytolytic granule; Cytoplasm, Stress granule",https://www.proteinatlas.org/search/TIAL1
Q01105,SET,"Cytoplasm, cytosol; Endoplasmic reticulum; Nucleus, nucleoplasm",https://www.proteinatlas.org/search/SET
Q01130,SRSF2,"Nucleus; Nucleus, nucleoplasm; Nucleus speckle",https://www.proteinatlas.org/search/SRSF2
Q01159,CEG1,Nucleus,https://www.proteinatlas.org/search/CEG1
Q01167,FOXK2,Nucleus; Cytoplasm,https://www.proteinatlas.org/search/FOXK2
Q01196,RUNX1,Nucleus,https://www.proteinatlas.org/search/RUNX1
Q01329,PTA1,Nucleus,https://www.proteinatlas.org/search/PTA1
Q01415,GALK2,,https://www.proteinatlas.org/search/GALK2
Q01432,AMPD3,,https://www.proteinatlas.org/search/AMPD3
Q01433,AMPD2,,https://www.proteinatlas.org/search/AMPD2
Q01448,HPC2,Nucleus; Chromosome,https://www.proteinatlas.org/search/HPC2
Q01454,CTF4,Nucleus,https://www.proteinatlas.org/search/CTF4
Q01469,FABP5,Cytoplasm; Nucleus; Synapse; Postsynaptic density; Secreted,https://www.proteinatlas.org/search/FABP5
Q01476,UBP2,,https://www.proteinatlas.org/search/UBP2
Q01477,UBP3,,https://www.proteinatlas.org/search/UBP3
Q01518,CAP1,Cell membrane,https://www.proteinatlas.org/search/CAP1
Q01519,COX12,Mitochondrion inner membrane,https://www.proteinatlas.org/search/COX12
Q01532,LAP3,Cytoplasm; Mitochondrion,https://www.proteinatlas.org/search/LAP3
Q01560,NPL3,"Cytoplasm; Nucleus; Cytoplasm, Stress granule",https://www.proteinatlas.org/search/NPL3
Q01574,ACS1,Microsome; Cytoplasm; Mitochondrion; Nucleus,https://www.proteinatlas.org/search/ACS1
Q01581,HMGCS1,Cytoplasm,https://www.proteinatlas.org/search/HMGCS1
Q01590,SED5,Membrane; Golgi apparatus membrane,https://www.proteinatlas.org/search/SED5
Q01628,IFITM3,"Cell membrane; Late endosome membrane; Early endosome membrane; Lysosome membrane; Cytoplasm, perinuclear region",https://www.proteinatlas.org/search/IFITM3
Q01650,SLC7A5,Apical cell membrane; Cell membrane; Lysosome membrane,https://www.proteinatlas.org/search/SLC7A5
Q01658,DR1,Nucleus,https://www.proteinatlas.org/search/DR1
Q01662,MAP1,Cytoplasm,https://www.proteinatlas.org/search/MAP1
Q01664,TFAP4,Nucleus,https://www.proteinatlas.org/search/TFAP4
Q01722,GCR2,Nucleus,https://www.proteinatlas.org/search/GCR2
Q01780,EXOSC10,"Cytoplasm; Nucleus; Nucleus, nucleolus; Nucleus, nucleoplasm",https://www.proteinatlas.org/search/EXOSC10
Q01802,AAT1,Mitochondrion matrix,https://www.proteinatlas.org/search/AAT1
Q01804,OTUD4,Cytoplasm; Nucleus,https://www.proteinatlas.org/search/OTUD4
Q01813,PFKP,Cytoplasm,https://www.proteinatlas.org/search/PFKP
Q01844,EWSR1,Nucleus; Cytoplasm; Cell membrane,https://www.proteinatlas.org/search/EWSR1
Q01852,TIM44,Mitochondrion inner membrane,https://www.proteinatlas.org/search/TIM44
Q01855,RPS15,Cytoplasm,https://www.proteinatlas.org/search/RPS15
Q01939,RPT6,Cytoplasm; Nucleus,https://www.proteinatlas.org/search/RPT6
Q01970,PLCB3,Cytoplasm; Membrane; Nucleus,https://www.proteinatlas.org/search/PLCB3
Q01976,YSA1,,https://www.proteinatlas.org/search/YSA1
Q02040,AKAP17A,Nucleus speckle,https://www.proteinatlas.org/search/AKAP17A
Q02046,MTD1,Cytoplasm; Nucleus,https://www.proteinatlas.org/search/MTD1
Q02100,SKO1,Nucleus,https://www.proteinatlas.org/search/SKO1
Q02127,DHODH,Mitochondrion inner membrane,https://www.proteinatlas.org/search/DHODH
Q02159,UBC7,Endoplasmic reticulum membrane,https://www.proteinatlas.org/search/UBC7
Q02196,MET14,,https://www.proteinatlas.org/search/MET14
Q02197,MAK10,Cytoplasm,https://www.proteinatlas.org/search/MAK10
Q02199,NUP49,"Nucleus, nuclear pore complex; Nucleus membrane; Nucleus membrane",https://www.proteinatlas.org/search/NUP49
Q02201,OSH6,Cytoplasm; Cell membrane; Endoplasmic reticulum membrane,https://www.proteinatlas.org/search/OSH6
Q02204,MRPL13,Mitochondrion,https://www.proteinatlas.org/search/MRPL13
Q02205,MEH1,Vacuole membrane,https://www.proteinatlas.org/search/MEH1
Q02206,RSC4,Nucleus,https://www.proteinatlas.org/search/RSC4
Q02207,FOX2,Peroxisome,https://www.proteinatlas.org/search/FOX2
Q02218,OGDH,Mitochondrion; Nucleus,https://www.proteinatlas.org/search/OGDH
Q02241,KIF23,"Nucleus; Cytoplasm, cytoskeleton, spindle; Midbody, Midbody ring; Midbody",https://www.proteinatlas.org/search/KIF23
Q02256,YVH1,,https://www.proteinatlas.org/search/YVH1
Q02326,RPL6A,Cytoplasm,https://www.proteinatlas.org/search/RPL6A
Q02336,ADA2,Nucleus,https://www.proteinatlas.org/search/ADA2
Q02354,UTP6,"Nucleus, nucleolus",https://www.proteinatlas.org/search/UTP6
Q02447,SP3,"Nucleus; Nucleus, PML body",https://www.proteinatlas.org/search/SP3
Q02455,MLP1,"Nucleus; Nucleus, nuclear pore complex",https://www.proteinatlas.org/search/MLP1
Q02457,TBF1,"Nucleus; Chromosome, telomere",https://www.proteinatlas.org/search/TBF1
Q02486,ABF2,Mitochondrion; Nucleus,https://www.proteinatlas.org/search/ABF2
Q02543,RPL18A,Cytoplasm,https://www.proteinatlas.org/search/RPL18A
Q02555,RNT1,,https://www.proteinatlas.org/search/RNT1
Q02629,NUP100,"Nucleus, nuclear pore complex; Nucleus membrane; Nucleus membrane",https://www.proteinatlas.org/search/NUP100
Q02630,NUP116,"Nucleus, nuclear pore complex; Nucleus membrane; Nucleus membrane",https://www.proteinatlas.org/search/NUP116
Q02642,EGD1,Cytoplasm; Nucleus,https://www.proteinatlas.org/search/EGD1
Q02647,DYN2,"Cytoplasm, cytoskeleton; Nucleus, nuclear pore complex",https://www.proteinatlas.org/search/DYN2
Q02648,TRM44,Cytoplasm,https://www.proteinatlas.org/search/TRM44
Q02725,VTC3,"Vacuole membrane; Cytoplasm, cell cortex; Endoplasmic reticulum membrane; Cytoplasmic vesicle, autophagosome membrane",https://www.proteinatlas.org/search/VTC3
Q02733,IRC15,Cytoplasm,https://www.proteinatlas.org/search/IRC15
Q02750,MAP2K1,"Cytoplasm, cytoskeleton, microtubule organizing center, centrosome; Cytoplasm, cytoskeleton, microtubule organizing center, spindle pole body; Cytoplasm; Nucleus; Membrane",https://www.proteinatlas.org/search/MAP2K1
Q02753,RPL21A,Cytoplasm,https://www.proteinatlas.org/search/RPL21A
Q02754,YPL067C,Cytoplasm,https://www.proteinatlas.org/search/YPL067C
Q02767,VPS28,Cytoplasm; Endosome; Late endosome membrane,https://www.proteinatlas.org/search/VPS28
Q02770,CWC27,Cytoplasm; Nucleus,https://www.proteinatlas.org/search/CWC27
Q02771,PET117,Mitochondrion,https://www.proteinatlas.org/search/PET117
Q02772,PET191,Mitochondrion intermembrane space,https://www.proteinatlas.org/search/PET191
Q02773,RPM2,Mitochondrion,https://www.proteinatlas.org/search/RPM2
Q02774,SHR3,Endoplasmic reticulum membrane,https://www.proteinatlas.org/search/SHR3
Q02776,TIM50,Mitochondrion inner membrane,https://www.proteinatlas.org/search/TIM50
Q02784,GRX5,Mitochondrion matrix,https://www.proteinatlas.org/search/GRX5
Q02790,FKBP4,"Cytoplasm, cytosol; Mitochondrion; Nucleus; Cytoplasm, cytoskeleton; Cell projection, axon",https://www.proteinatlas.org/search/FKBP4
Q02792,RAT1,Nucleus,https://www.proteinatlas.org/search/RAT1
Q02793,SKI8,Cytoplasm; Nucleus; Chromosome,https://www.proteinatlas.org/search/SKI8
Q02795,SWP1,Endoplasmic reticulum membrane,https://www.proteinatlas.org/search/SWP1
Q02796,LGE1,Nucleus,https://www.proteinatlas.org/search/LGE1
Q02799,LEE1,,https://www.proteinatlas.org/search/LEE1
Q02804,ARL3,Golgi apparatus,https://www.proteinatlas.org/search/ARL3
Q02805,ROD1,Membrane,https://www.proteinatlas.org/search/ROD1
Q02809,PLOD1,Rough endoplasmic reticulum membrane,https://www.proteinatlas.org/search/PLOD1
Q02818,NUCB1,"Golgi apparatus, cis-Golgi network membrane; Cytoplasm; Secreted",https://www.proteinatlas.org/search/NUCB1
Q02821,SRP1,"Cytoplasm, perinuclear region",https://www.proteinatlas.org/search/SRP1
Q02863,UBP16,,https://www.proteinatlas.org/search/UBP16
Q02866,MUK1,Cytoplasm,https://www.proteinatlas.org/search/MUK1
Q02875,SYH1,Cytoplasm,https://www.proteinatlas.org/search/SYH1
Q02878,RPL6,"Cytoplasm, cytosol; Cytoplasm; Rough endoplasmic reticulum",https://www.proteinatlas.org/search/RPL6
Q02880,TOP2B,"Nucleus, nucleolus; Nucleus, nucleoplasm; Nucleus",https://www.proteinatlas.org/search/TOP2B
Q02884,ELP4,Cytoplasm; Nucleus,https://www.proteinatlas.org/search/ELP4
Q02887,ATG21,Cytoplasm; Vacuole,https://www.proteinatlas.org/search/ATG21
Q02888,INA17,Mitochondrion inner membrane,https://www.proteinatlas.org/search/INA17
Q02889,MGR2,Membrane,https://www.proteinatlas.org/search/MGR2
Q02890,PNG1,Cytoplasm; Nucleus,https://www.proteinatlas.org/search/PNG1
Q02892,NOG1,"Nucleus, nucleolus",https://www.proteinatlas.org/search/NOG1
Q02896,YDC1,Endoplasmic reticulum membrane,https://www.proteinatlas.org/search/YDC1
Q02908,ELP3,Cytoplasm; Nucleus,https://www.proteinatlas.org/search/ELP3
Q02931,NAN1,"Nucleus, nucleolus",https://www.proteinatlas.org/search/NAN1
Q02932,KAP120,Cytoplasm; Nucleus,https://www.proteinatlas.org/search/KAP120
Q02933,RNY1,Vacuole lumen; Cytoplasm,https://www.proteinatlas.org/search/RNY1
Q02939,TFB2,Nucleus,https://www.proteinatlas.org/search/TFB2
Q02959,HOS3,Nucleus,https://www.proteinatlas.org/search/HOS3
Q02969,PEX25,Peroxisome membrane,https://www.proteinatlas.org/search/PEX25
Q02978,SLC25A11,Mitochondrion inner membrane,https://www.proteinatlas.org/search/SLC25A11
Q02979,GDE1,Cytoplasm,https://www.proteinatlas.org/search/GDE1
Q03010,UME1,Cytoplasm; Nucleus,https://www.proteinatlas.org/search/UME1
Q03013,GSTM4,Cytoplasm,https://www.proteinatlas.org/search/GSTM4
Q03014,HHEX,"Nucleus; Nucleus, nuclear body; Cytoplasm",https://www.proteinatlas.org/search/HHEX
Q03016,GIP3,Cytoplasm; Endoplasmic reticulum,https://www.proteinatlas.org/search/GIP3
Q03020,ISU1,Mitochondrion matrix,https://www.proteinatlas.org/search/ISU1
Q03034,FDC1,Cytoplasm,https://www.proteinatlas.org/search/FDC1
Q03048,COF1,"Cytoplasm; Cytoplasm, cytoskeleton; Nucleus matrix",https://www.proteinatlas.org/search/COF1
Q03063,DIG1,Nucleus,https://www.proteinatlas.org/search/DIG1
Q03088,SVL3,"Cytoplasm; Bud; Bud neck; Cytoplasm, cell cortex",https://www.proteinatlas.org/search/SVL3
Q03102,YML131W,Membrane,https://www.proteinatlas.org/search/YML131W
Q03103,ERO1,Endoplasmic reticulum membrane,https://www.proteinatlas.org/search/ERO1
Q03104,MSC1,,https://www.proteinatlas.org/search/MSC1
Q03111,MLLT1,Nucleus,https://www.proteinatlas.org/search/MLLT1
Q03124,RSC9,Nucleus,https://www.proteinatlas.org/search/RSC9
Q03154,ACY1,Cytoplasm,https://www.proteinatlas.org/search/ACY1
Q03161,YMR099C,,https://www.proteinatlas.org/search/YMR099C
Q03164,KMT2A,Nucleus; Nucleus; Nucleus,https://www.proteinatlas.org/search/KMT2A
Q03169,TNFAIP2,,https://www.proteinatlas.org/search/TNFAIP2
Q03177,YMR102C,,https://www.proteinatlas.org/search/YMR102C
Q03188,CENPC,"Nucleus; Chromosome, centromere, kinetochore; Chromosome, centromere",https://www.proteinatlas.org/search/CENPC
Q03195,RLI1,Cytoplasm; Nucleus,https://www.proteinatlas.org/search/RLI1
Q03201,RSM10,Mitochondrion,https://www.proteinatlas.org/search/RSM10
Q03219,FPY1,"Cytoplasm, cytosol; Nucleus",https://www.proteinatlas.org/search/FPY1
Q03233,ADD37,Cytoplasm,https://www.proteinatlas.org/search/ADD37
Q03252,LMNB2,Nucleus lamina,https://www.proteinatlas.org/search/LMNB2
Q03254,FCP1,Nucleus,https://www.proteinatlas.org/search/FCP1
Q03262,PRM15,Cytoplasm; Nucleus,https://www.proteinatlas.org/search/PRM15
Q03264,NGL2,Cytoplasm; Nucleus,https://www.proteinatlas.org/search/NGL2
Q03266,ABZ2,Cytoplasm,https://www.proteinatlas.org/search/ABZ2
Q03280,TOM1,"Nucleus, nucleolus",https://www.proteinatlas.org/search/TOM1
Q03281,HEH2,Nucleus inner membrane,https://www.proteinatlas.org/search/HEH2
Q03290,TFB3,Nucleus,https://www.proteinatlas.org/search/TFB3
Q03305,RMT2,Cytoplasm; Nucleus,https://www.proteinatlas.org/search/RMT2
Q03306,PKH3,,https://www.proteinatlas.org/search/PKH3
Q03322,TLG1,"Golgi apparatus, trans-Golgi network membrane; Early endosome membrane; Late endosome membrane",https://www.proteinatlas.org/search/TLG1
Q03323,SDC1,Nucleus,https://www.proteinatlas.org/search/SDC1
Q03327,UGO1,Mitochondrion outer membrane,https://www.proteinatlas.org/search/UGO1
Q03330,GCN5,Nucleus; Cytoplasm,https://www.proteinatlas.org/search/GCN5
Q03337,TRS31,"Golgi apparatus, cis-Golgi network; Endoplasmic reticulum; Preautophagosomal structure",https://www.proteinatlas.org/search/TRS31
Q03361,JIP4,,https://www.proteinatlas.org/search/JIP4
Q03362,YDR476C,Endoplasmic reticulum,https://www.proteinatlas.org/search/YDR476C
Q03373,DIG2,Nucleus,https://www.proteinatlas.org/search/DIG2
Q03375,CWC21,Cytoplasm; Nucleus,https://www.proteinatlas.org/search/CWC21
Q03390,VPS60,Endosome membrane; Vacuole membrane,https://www.proteinatlas.org/search/VPS60
Q03407,PKH1,,https://www.proteinatlas.org/search/PKH1
Q03426,MVK,Cytoplasm; Peroxisome,https://www.proteinatlas.org/search/MVK
Q03429,MZM1,Mitochondrion matrix,https://www.proteinatlas.org/search/MZM1
Q03434,TY1B-ML2,Cytoplasm; Nucleus,https://www.proteinatlas.org/search/TY1B-ML2
Q03435,NHP10,Nucleus,https://www.proteinatlas.org/search/NHP10
Q03455,MSC2,Endoplasmic reticulum membrane; Nucleus membrane,https://www.proteinatlas.org/search/MSC2
Q03496,TRM732,Cytoplasm,https://www.proteinatlas.org/search/TRM732
Q03497,STE20,Cytoplasm; Nucleus,https://www.proteinatlas.org/search/STE20
Q03503,MAK3,Cytoplasm; Nucleus,https://www.proteinatlas.org/search/MAK3
Q03516,RSN1,Membrane,https://www.proteinatlas.org/search/RSN1
Q03529,SCS7,Endoplasmic reticulum membrane,https://www.proteinatlas.org/search/SCS7
Q03532,HAS1,"Nucleus, nucleolus",https://www.proteinatlas.org/search/HAS1
Q03533,TDA1,Cytoplasm; Nucleus,https://www.proteinatlas.org/search/TDA1
Q03558,OYE2,Cytoplasm; Nucleus; Mitochondrion,https://www.proteinatlas.org/search/OYE2
Q03559,YMR295C,,https://www.proteinatlas.org/search/YMR295C
Q03579,LIP1,Endoplasmic reticulum membrane,https://www.proteinatlas.org/search/LIP1
Q03629,YML079W,,https://www.proteinatlas.org/search/YML079W
Q03640,TCB3,Cell membrane; Endoplasmic reticulum membrane,https://www.proteinatlas.org/search/TCB3
Q03648,YMR209C,Membrane,https://www.proteinatlas.org/search/YMR209C
Q03653,EFR3,,https://www.proteinatlas.org/search/EFR3
Q03655,GAS3,"Secreted, cell wall; Membrane",https://www.proteinatlas.org/search/GAS3
Q03656,SKY1,,https://www.proteinatlas.org/search/SKY1
Q03660,TRS130,Golgi apparatus,https://www.proteinatlas.org/search/TRS130
Q03661,ESC1,Nucleus,https://www.proteinatlas.org/search/ESC1
Q03667,MIX17,Mitochondrion intermembrane space,https://www.proteinatlas.org/search/MIX17
Q03677,ADI1,Cytoplasm; Nucleus,https://www.proteinatlas.org/search/ADI1
Q03690,CLU1,Cytoplasm,https://www.proteinatlas.org/search/CLU1
Q03692,COL10A1,"Secreted, extracellular space, extracellular matrix",https://www.proteinatlas.org/search/COL10A1
Q03701,CEBPZ,Nucleus,https://www.proteinatlas.org/search/CEBPZ
Q03705,CGI121,"Nucleus; Chromosome, telomere",https://www.proteinatlas.org/search/CGI121
Q03707,SRC1,Nucleus inner membrane,https://www.proteinatlas.org/search/SRC1
Q03713,RCF1,Mitochondrion membrane,https://www.proteinatlas.org/search/RCF1
Q03714,USA1,Endoplasmic reticulum membrane,https://www.proteinatlas.org/search/USA1
Q03723,OST6,Endoplasmic reticulum membrane,https://www.proteinatlas.org/search/OST6
Q03735,NAB6,Cytoplasm,https://www.proteinatlas.org/search/NAB6
Q03758,BUL2,Cytoplasm,https://www.proteinatlas.org/search/BUL2
Q03761,TAF12,Nucleus,https://www.proteinatlas.org/search/TAF12
Q03768,GIR2,,https://www.proteinatlas.org/search/GIR2
Q03769,ENT5,Cytoplasm; Endosome membrane,https://www.proteinatlas.org/search/ENT5
Q03771,ACL4,Cytoplasm; Nucleus,https://www.proteinatlas.org/search/ACL4
Q03772,CWC15,Nucleus,https://www.proteinatlas.org/search/CWC15
Q03774,TRM82,Nucleus,https://www.proteinatlas.org/search/TRM82
Q03778,FMN1,Microsome; Mitochondrion inner membrane; Endoplasmic reticulum,https://www.proteinatlas.org/search/FMN1
Q03780,YDR239C,Cytoplasm,https://www.proteinatlas.org/search/YDR239C
Q03786,YDR248C,Cytoplasm,https://www.proteinatlas.org/search/YDR248C
Q03790,NUP53,"Nucleus, nuclear pore complex; Nucleus membrane; Nucleus membrane",https://www.proteinatlas.org/search/NUP53
Q03795,YMR155W,Membrane,https://www.proteinatlas.org/search/YMR155W
Q03798,AIM36,Mitochondrion membrane,https://www.proteinatlas.org/search/AIM36
Q03799,MRPS8,Mitochondrion,https://www.proteinatlas.org/search/MRPS8
Q03823,YMR160W,,https://www.proteinatlas.org/search/YMR160W
Q03833,GIS1,Nucleus,https://www.proteinatlas.org/search/GIS1
Q03834,MSH6,Nucleus,https://www.proteinatlas.org/search/MSH6
Q03835,GRX3,,https://www.proteinatlas.org/search/GRX3
Q03860,TVP15,Golgi apparatus membrane,https://www.proteinatlas.org/search/TVP15
Q03862,ARX1,Cytoplasm; Nucleus,https://www.proteinatlas.org/search/ARX1
Q03919,RUB1,,https://www.proteinatlas.org/search/RUB1
Q03920,MTQ2,Cytoplasm; Nucleus,https://www.proteinatlas.org/search/MTQ2
Q03921,DOP1,Golgi apparatus membrane,https://www.proteinatlas.org/search/DOP1
Q03940,RVB1,Nucleus,https://www.proteinatlas.org/search/RVB1
Q03941,CAB5,Endoplasmic reticulum; Mitochondrion; Nucleus,https://www.proteinatlas.org/search/CAB5
Q03954,SPC19,"Nucleus; Cytoplasm, cytoskeleton, spindle; Chromosome, centromere, kinetochore; Chromosome",https://www.proteinatlas.org/search/SPC19
Q03973,HMO1,"Nucleus, nucleolus",https://www.proteinatlas.org/search/HMO1
Q04013,YHM2,"Mitochondrion inner membrane; Mitochondrion matrix, mitochondrion nucleoid",https://www.proteinatlas.org/search/YHM2
Q04031,RRP17,"Nucleus, nucleolus",https://www.proteinatlas.org/search/RRP17
Q04053,SNX41,Prevacuolar compartment; Endosome; Endosome membrane,https://www.proteinatlas.org/search/SNX41
Q04062,RPN9,,https://www.proteinatlas.org/search/RPN9
Q04066,BNA7,,https://www.proteinatlas.org/search/BNA7
Q04067,TIF35,Cytoplasm,https://www.proteinatlas.org/search/TIF35
Q04080,GPI17,Endoplasmic reticulum membrane,https://www.proteinatlas.org/search/GPI17
Q04081,PPM1,,https://www.proteinatlas.org/search/PPM1
Q04089,DOT1,Nucleus,https://www.proteinatlas.org/search/DOT1
Q04119,PPN1,Vacuole membrane; Cytoplasm,https://www.proteinatlas.org/search/PPN1
Q04120,TSA2,Cytoplasm,https://www.proteinatlas.org/search/TSA2
Q04170,IAT4,Cytoplasm; Nucleus,https://www.proteinatlas.org/search/IAT4
Q04175,SXM1,"Cytoplasm; Nucleus, nuclear pore complex",https://www.proteinatlas.org/search/SXM1
Q04177,UTP5,"Nucleus, nucleolus",https://www.proteinatlas.org/search/UTP5
Q04178,HPT1,Cytoplasm; Nucleus,https://www.proteinatlas.org/search/HPT1
Q04182,PDR15,Membrane,https://www.proteinatlas.org/search/PDR15
Q04183,TRS120,"Golgi apparatus, cis-Golgi network",https://www.proteinatlas.org/search/TRS120
Q04199,CAC2,Nucleus,https://www.proteinatlas.org/search/CAC2
Q04201,CUE4,Cytoplasm; Endoplasmic reticulum,https://www.proteinatlas.org/search/CUE4
Q04206,RELA,Nucleus; Cytoplasm,https://www.proteinatlas.org/search/RELA
Q04212,ARA2,,https://www.proteinatlas.org/search/ARA2
Q04213,IOC4,Nucleus,https://www.proteinatlas.org/search/IOC4
Q04214,TY1B-MR1,Cytoplasm; Nucleus,https://www.proteinatlas.org/search/TY1B-MR1
Q04217,ECM16,"Nucleus, nucleolus",https://www.proteinatlas.org/search/ECM16
Q04223,YMR130W,,https://www.proteinatlas.org/search/YMR130W
Q04225,RRB1,Nucleus,https://www.proteinatlas.org/search/RRB1
Q04226,TAF11,Nucleus,https://www.proteinatlas.org/search/TAF11
Q04228,UBX2,Endoplasmic reticulum membrane,https://www.proteinatlas.org/search/UBX2
Q04231,RAD33,Nucleus,https://www.proteinatlas.org/search/RAD33
Q04233,GIS4,Cytoplasm,https://www.proteinatlas.org/search/GIS4
Q04264,PDS5,Nucleus,https://www.proteinatlas.org/search/PDS5
Q04279,SEG1,Cell membrane,https://www.proteinatlas.org/search/SEG1
Q04299,YMR087W,,https://www.proteinatlas.org/search/YMR087W
Q04304,YMR090W,Cytoplasm,https://www.proteinatlas.org/search/YMR090W
Q04305,UTP15,"Nucleus, nucleolus",https://www.proteinatlas.org/search/UTP15
Q04311,VMS1,Cytoplasm; Mitochondrion; Endoplasmic reticulum membrane,https://www.proteinatlas.org/search/VMS1
Q04322,GYL1,Cytoplasm; Bud; Bud neck,https://www.proteinatlas.org/search/GYL1
Q04323,UBXN1,Cytoplasm,https://www.proteinatlas.org/search/UBXN1
Q04336,YMR196W,,https://www.proteinatlas.org/search/YMR196W
Q04338,VTI1,Prevacuolar compartment membrane; Golgi apparatus membrane,https://www.proteinatlas.org/search/VTI1
Q04341,MIX14,Mitochondrion intermembrane space,https://www.proteinatlas.org/search/MIX14
Q04344,HNT1,,https://www.proteinatlas.org/search/HNT1
Q04371,YMR027W,,https://www.proteinatlas.org/search/YMR027W
Q04372,TAP42,,https://www.proteinatlas.org/search/TAP42
Q04373,PUF6,"Bud tip; Nucleus, nucleolus",https://www.proteinatlas.org/search/PUF6
Q04396,LPP1,Golgi apparatus membrane,https://www.proteinatlas.org/search/LPP1
Q04401,SDH7,Mitochondrion; Mitochondrion intermembrane space; Mitochondrion matrix,https://www.proteinatlas.org/search/SDH7
Q04409,EMI2,Cytoplasm,https://www.proteinatlas.org/search/EMI2
Q04410,GRH1,"Cytoplasm; Golgi apparatus, cis-Golgi network membrane",https://www.proteinatlas.org/search/GRH1
Q04418,RBA50,Cytoplasm,https://www.proteinatlas.org/search/RBA50
Q04430,CAB1,Cytoplasm; Nucleus,https://www.proteinatlas.org/search/CAB1
Q04432,HSP31,"Cytoplasm, P-body",https://www.proteinatlas.org/search/HSP31
Q04438,SPG4,,https://www.proteinatlas.org/search/SPG4
Q04439,MYO5,"Cytoplasm, cytoskeleton, actin patch",https://www.proteinatlas.org/search/MYO5
Q04446,GBE1,,https://www.proteinatlas.org/search/GBE1
Q04458,HFD1,Lipid droplet; Mitochondrion outer membrane; Endosome membrane; Cytoplasmic granule membrane,https://www.proteinatlas.org/search/HFD1
Q04471,YMR114C,Chromosome,https://www.proteinatlas.org/search/YMR114C
Q04472,MGR3,Mitochondrion inner membrane,https://www.proteinatlas.org/search/MGR3
Q04477,SPC24,"Nucleus; Chromosome, centromere, kinetochore",https://www.proteinatlas.org/search/SPC24
Q04491,SEC13,"Cytoplasmic vesicle, COPII-coated vesicle membrane; Endoplasmic reticulum membrane; Nucleus, nuclear pore complex; Vacuole membrane",https://www.proteinatlas.org/search/SEC13
Q04493,GIM5,,https://www.proteinatlas.org/search/GIM5
Q04500,UTP14,"Nucleus, nucleolus",https://www.proteinatlas.org/search/UTP14
Q04533,YML082W,,https://www.proteinatlas.org/search/YML082W
Q04562,TMN2,Vacuole membrane,https://www.proteinatlas.org/search/TMN2
Q04585,YDR109C,,https://www.proteinatlas.org/search/YDR109C
Q04599,MRPL1,Mitochondrion,https://www.proteinatlas.org/search/MRPL1
Q04600,TMA64,,https://www.proteinatlas.org/search/TMA64
Q04602,VBA4,Vacuole membrane,https://www.proteinatlas.org/search/VBA4
Q04603,DPB4,Nucleus,https://www.proteinatlas.org/search/DPB4
Q04632,COG8,Golgi apparatus membrane,https://www.proteinatlas.org/search/COG8
Q04636,POB3,Nucleus; Chromosome,https://www.proteinatlas.org/search/POB3
Q04637,EIF4G1,"Cytoplasm; Nucleus; Cytoplasm, Stress granule",https://www.proteinatlas.org/search/EIF4G1
Q04651,ERV41,"Endoplasmic reticulum membrane; Golgi apparatus membrane; Cytoplasmic vesicle, COPII-coated vesicle membrane",https://www.proteinatlas.org/search/ERV41
Q04660,ERB1,"Nucleus, nucleolus; Nucleus, nucleoplasm",https://www.proteinatlas.org/search/ERB1
Q04673,SSL1,Nucleus,https://www.proteinatlas.org/search/SSL1
Q04693,RSE1,Nucleus,https://www.proteinatlas.org/search/RSE1
Q04697,GSF2,Endoplasmic reticulum membrane,https://www.proteinatlas.org/search/GSF2
Q04726,TLE3,Nucleus; Chromosome,https://www.proteinatlas.org/search/TLE3
Q04728,ARG7,Mitochondrion matrix,https://www.proteinatlas.org/search/ARG7
Q04739,GAL83,Cytoplasm; Nucleus,https://www.proteinatlas.org/search/GAL83
Q04759,PRKCQ,Cytoplasm; Cell membrane,https://www.proteinatlas.org/search/PRKCQ
Q04760,GLO1,,https://www.proteinatlas.org/search/GLO1
Q04767,TVP18,Golgi apparatus membrane,https://www.proteinatlas.org/search/TVP18
Q04773,YMR074C,,https://www.proteinatlas.org/search/YMR074C
Q04779,RCO1,Nucleus,https://www.proteinatlas.org/search/RCO1
Q04781,RKR1,"Nucleus; Cytoplasm, cytosol",https://www.proteinatlas.org/search/RKR1
Q04792,GAD1,,https://www.proteinatlas.org/search/GAD1
Q04835,YMR253C,Membrane,https://www.proteinatlas.org/search/YMR253C
Q04837,SSBP1,"Mitochondrion; Mitochondrion matrix, mitochondrion nucleoid",https://www.proteinatlas.org/search/SSBP1
Q04839,GFD1,"Cytoplasm; Nucleus, nuclear pore complex; Nucleus membrane",https://www.proteinatlas.org/search/GFD1
Q04847,ROY1,Cytoplasm; Nucleus; Cytoplasmic vesicle membrane,https://www.proteinatlas.org/search/ROY1
Q04864,REL,Nucleus,https://www.proteinatlas.org/search/REL
Q04867,YMR310C,Nucleus,https://www.proteinatlas.org/search/YMR310C
Q04869,YMR315W,,https://www.proteinatlas.org/search/YMR315W
Q04894,ADH6,Cytoplasm; Nucleus,https://www.proteinatlas.org/search/ADH6
Q04917,YWHAH,,https://www.proteinatlas.org/search/YWHAH
Q04922,MFB1,Mitochondrion,https://www.proteinatlas.org/search/MFB1
Q04924,GTB1,Endoplasmic reticulum,https://www.proteinatlas.org/search/GTB1
Q04934,IVY1,Vacuole membrane,https://www.proteinatlas.org/search/IVY1
Q04935,COX20,Mitochondrion inner membrane,https://www.proteinatlas.org/search/COX20
Q04941,PLP2,Membrane,https://www.proteinatlas.org/search/PLP2
Q04947,RTN1,Endoplasmic reticulum membrane,https://www.proteinatlas.org/search/RTN1
Q04958,NTE1,Endoplasmic reticulum membrane; Lipid droplet,https://www.proteinatlas.org/search/NTE1
Q04964,SML1,Nucleus; Cytoplasm,https://www.proteinatlas.org/search/SML1
Q04969,SPC2,Endoplasmic reticulum membrane,https://www.proteinatlas.org/search/SPC2
Q04991,FMP42,Vacuole membrane,https://www.proteinatlas.org/search/FMP42
Q05015,FSH2,Cytoplasm,https://www.proteinatlas.org/search/FSH2
Q05016,YMR226C,Cytoplasm; Nucleus,https://www.proteinatlas.org/search/YMR226C
Q05022,RRP5,"Nucleus, nucleolus",https://www.proteinatlas.org/search/RRP5
Q05027,TAF9,Nucleus,https://www.proteinatlas.org/search/TAF9
Q05029,BCH1,"Golgi apparatus, trans-Golgi network membrane",https://www.proteinatlas.org/search/BCH1
Q05031,DFG5,Cell membrane,https://www.proteinatlas.org/search/DFG5
Q05040,FAR8,Cytoplasm; Endoplasmic reticulum,https://www.proteinatlas.org/search/FAR8
Q05048,CSTF1,Nucleus,https://www.proteinatlas.org/search/CSTF1
Q05050,EIS1,Cytoplasmic granule; Cell membrane,https://www.proteinatlas.org/search/EIS1
Q05086,UBE3A,Cytoplasm; Nucleus,https://www.proteinatlas.org/search/UBE3A
Q05123,ARP9,Nucleus,https://www.proteinatlas.org/search/ARP9
Q05166,ASM4,"Nucleus, nuclear pore complex; Nucleus membrane; Nucleus membrane",https://www.proteinatlas.org/search/ASM4
Q05209,PTPN12,"Cytoplasm; Cell junction, focal adhesion; Cell projection, podosome",https://www.proteinatlas.org/search/PTPN12
Q05359,ERP1,Endoplasmic reticulum membrane,https://www.proteinatlas.org/search/ERP1
Q05397,PTK2,"Cell junction, focal adhesion; Cell membrane; Cytoplasm, perinuclear region; Cytoplasm, cell cortex; Cytoplasm, cytoskeleton; Cytoplasm, cytoskeleton, microtubule organizing center, centrosome; Nucleus; Cytoplasm, cytoskeleton, cilium basal body; Cytoplasm",https://www.proteinatlas.org/search/PTK2
Q05468,RQC1,Cytoplasm,https://www.proteinatlas.org/search/RQC1
Q05471,SWR1,Nucleus,https://www.proteinatlas.org/search/SWR1
Q05498,FCF1,"Nucleus, nucleolus",https://www.proteinatlas.org/search/FCF1
Q05506,YDR341C,"Cytoplasm; Cytoplasm, cytosol",https://www.proteinatlas.org/search/YDR341C
Q05515,SVF1,"Golgi apparatus, cis-Golgi network membrane; Endoplasmic reticulum membrane; Cytoplasm; Nucleus",https://www.proteinatlas.org/search/SVF1
Q05518,PAL1,Cell membrane,https://www.proteinatlas.org/search/PAL1
Q05519,SRSF11,Nucleus,https://www.proteinatlas.org/search/SRSF11
Q05521,DPP1,Vacuole membrane,https://www.proteinatlas.org/search/DPP1
Q05533,INM2,,https://www.proteinatlas.org/search/INM2
Q05543,RTT103,Nucleus,https://www.proteinatlas.org/search/RTT103
Q05567,DPL1,Endoplasmic reticulum membrane,https://www.proteinatlas.org/search/DPL1
Q05580,HEL2,Cytoplasm,https://www.proteinatlas.org/search/HEL2
Q05584,GLO2,Cytoplasm,https://www.proteinatlas.org/search/GLO2
Q05636,RRP45,"Cytoplasm; Nucleus, nucleolus",https://www.proteinatlas.org/search/RRP45
Q05639,EEF1A2,Endoplasmic reticulum membrane,https://www.proteinatlas.org/search/EEF1A2
Q05672,RBS1,Cytoplasm,https://www.proteinatlas.org/search/RBS1
Q05775,HCR1,Cytoplasm,https://www.proteinatlas.org/search/HCR1
Q05778,PBA1,Cytoplasm,https://www.proteinatlas.org/search/PBA1
Q05779,COQ9,Mitochondrion inner membrane,https://www.proteinatlas.org/search/COQ9
Q05785,ENT2,Cytoplasm; Membrane,https://www.proteinatlas.org/search/ENT2
Q05787,HRD3,Endoplasmic reticulum membrane,https://www.proteinatlas.org/search/HRD3
Q05788,PNP1,,https://www.proteinatlas.org/search/PNP1
Q05791,CDC123,Cytoplasm,https://www.proteinatlas.org/search/CDC123
Q05809,COA4,Mitochondrion inner membrane; Mitochondrion intermembrane space,https://www.proteinatlas.org/search/COA4
Q05812,MSC3,Cell membrane,https://www.proteinatlas.org/search/MSC3
Q05827,HOR7,,https://www.proteinatlas.org/search/HOR7
Q05874,NNT1,Cytoplasm,https://www.proteinatlas.org/search/NNT1
Q05881,YLR287C,Cytoplasm,https://www.proteinatlas.org/search/YLR287C
Q05892,COQ11,Mitochondrion,https://www.proteinatlas.org/search/COQ11
Q05902,ECM38,Vacuole membrane,https://www.proteinatlas.org/search/ECM38
Q05905,HRI1,Cytoplasm; Nucleus,https://www.proteinatlas.org/search/HRI1
Q05911,ADE13,,https://www.proteinatlas.org/search/ADE13
Q05926,GRX8,Cytoplasm,https://www.proteinatlas.org/search/GRX8
Q05931,SSQ1,Mitochondrion matrix,https://www.proteinatlas.org/search/SSQ1
Q05932,FPGS,Mitochondrion inner membrane; Mitochondrion matrix; Cytoplasm,https://www.proteinatlas.org/search/FPGS
Q05933,ARC18,"Cytoplasm, cytoskeleton",https://www.proteinatlas.org/search/ARC18
Q05934,VID22,Cell membrane; Nucleus,https://www.proteinatlas.org/search/VID22
Q05942,RSA3,"Nucleus, nucleolus",https://www.proteinatlas.org/search/RSA3
Q05946,UTP13,"Nucleus, nucleolus",https://www.proteinatlas.org/search/UTP13
Q05948,YLR225C,Cytoplasm,https://www.proteinatlas.org/search/YLR225C
Q05979,BNA5,Cytoplasm; Nucleus,https://www.proteinatlas.org/search/BNA5
Q05D32,CTDSPL2,Nucleus,https://www.proteinatlas.org/search/CTDSPL2
Q06010,STE23,Mitochondrion; Mitochondrion matrix,https://www.proteinatlas.org/search/STE23
Q06011,ECM19,Mitochondrion membrane,https://www.proteinatlas.org/search/ECM19
Q06053,DUS3,Cytoplasm; Nucleus,https://www.proteinatlas.org/search/DUS3
Q06058,SEI1,Endoplasmic reticulum membrane,https://www.proteinatlas.org/search/SEI1
Q06078,UTP21,"Nucleus, nucleolus",https://www.proteinatlas.org/search/UTP21
Q06089,YPR098C,Mitochondrion outer membrane,https://www.proteinatlas.org/search/YPR098C
Q06096,COG4,Golgi apparatus membrane,https://www.proteinatlas.org/search/COG4
Q06103,RPN7,Nucleus,https://www.proteinatlas.org/search/RPN7
Q06104,GLD1,Golgi apparatus membrane; Endosome membrane,https://www.proteinatlas.org/search/GLD1
Q06106,MRD1,Nucleus,https://www.proteinatlas.org/search/MRD1
Q06108,RGC1,Cytoplasm,https://www.proteinatlas.org/search/RGC1
Q06124,PTPN11,Cytoplasm; Nucleus,https://www.proteinatlas.org/search/PTPN11
Q06132,SGD1,"Nucleus, nucleolus",https://www.proteinatlas.org/search/SGD1
Q06137,YLR345W,Cytoplasm,https://www.proteinatlas.org/search/YLR345W
Q06142,KAP95,"Cytoplasm; Nucleus; Nucleus, nuclear pore complex",https://www.proteinatlas.org/search/KAP95
Q06143,DIC1,Mitochondrion inner membrane,https://www.proteinatlas.org/search/DIC1
Q06144,ORM2,Endoplasmic reticulum membrane,https://www.proteinatlas.org/search/ORM2
Q06146,YLR257W,Cytoplasm,https://www.proteinatlas.org/search/YLR257W
Q06147,LCB5,Golgi apparatus membrane,https://www.proteinatlas.org/search/LCB5
Q06151,DCS1,"Cytoplasm; Cytoplasm, perinuclear region; Cytoplasm, P-body",https://www.proteinatlas.org/search/DCS1
Q06168,SFH1,Nucleus,https://www.proteinatlas.org/search/SFH1
Q06169,PEX30,Peroxisome membrane,https://www.proteinatlas.org/search/PEX30
Q06170,YLR326W,Membrane,https://www.proteinatlas.org/search/YLR326W
Q06177,TMA10,Cytoplasm; Nucleus,https://www.proteinatlas.org/search/TMA10
Q06178,NMA1,Cytoplasm; Nucleus,https://www.proteinatlas.org/search/NMA1
Q06179,FMP27,Cell membrane; Endoplasmic reticulum membrane; Mitochondrion membrane,https://www.proteinatlas.org/search/FMP27
Q06187,BTK,Cytoplasm; Cell membrane; Nucleus; Membrane raft,https://www.proteinatlas.org/search/BTK
Q06188,PDP3,Nucleus; Cytoplasm,https://www.proteinatlas.org/search/PDP3
Q06203,PPAT,,https://www.proteinatlas.org/search/PPAT
Q06205,FPR4,Nucleus,https://www.proteinatlas.org/search/FPR4
Q06210,GFPT1,,https://www.proteinatlas.org/search/GFPT1
Q06213,NUT2,Nucleus,https://www.proteinatlas.org/search/NUT2
Q06214,JIP5,"Nucleus, nucleolus",https://www.proteinatlas.org/search/JIP5
Q06217,SMD2,"Nucleus; Cytoplasm, cytosol",https://www.proteinatlas.org/search/SMD2
Q06218,DBP9,"Nucleus, nucleolus",https://www.proteinatlas.org/search/DBP9
Q06224,YSH1,Nucleus,https://www.proteinatlas.org/search/YSH1
Q06245,SEC10,,https://www.proteinatlas.org/search/SEC10
Q06251,YLR177W,Cytoplasm,https://www.proteinatlas.org/search/YLR177W
Q06252,YLR179C,,https://www.proteinatlas.org/search/YLR179C
Q06263,VTA1,Cytoplasm; Endosome membrane,https://www.proteinatlas.org/search/VTA1
Q06265,EXOSC9,"Cytoplasm; Nucleus; Nucleus, nucleolus; Nucleus, nucleoplasm; Nucleus, nucleolus; Nucleus, nucleolus; Nucleus",https://www.proteinatlas.org/search/EXOSC9
Q06287,EMG1,"Nucleus, nucleolus",https://www.proteinatlas.org/search/EMG1
Q06315,SKG3,Cytoplasm; Bud neck; Cell membrane,https://www.proteinatlas.org/search/SKG3
Q06321,ATG26,Cytoplasm; Membrane,https://www.proteinatlas.org/search/ATG26
Q06323,PSME1,,https://www.proteinatlas.org/search/PSME1
Q06330,RBPJ,Nucleus; Cytoplasm,https://www.proteinatlas.org/search/RBPJ
Q06336,GGA1,"Golgi apparatus, trans-Golgi network",https://www.proteinatlas.org/search/GGA1
Q06338,BCP1,Cytoplasm; Nucleus,https://www.proteinatlas.org/search/BCP1
Q06339,TFC6,Nucleus,https://www.proteinatlas.org/search/TFC6
Q06344,ESF1,"Nucleus, nucleolus",https://www.proteinatlas.org/search/ESF1
Q06346,KEI1,Golgi apparatus membrane,https://www.proteinatlas.org/search/KEI1
Q06350,CTS2,Secreted,https://www.proteinatlas.org/search/CTS2
Q06385,VPS74,"Golgi apparatus, Golgi stack membrane",https://www.proteinatlas.org/search/VPS74
Q06406,LSM6,"Cytoplasm; Nucleus, nucleolus",https://www.proteinatlas.org/search/LSM6
Q06407,RGA2,"Cytoplasm, cytoskeleton",https://www.proteinatlas.org/search/RGA2
Q06408,ARO10,Cytoplasm,https://www.proteinatlas.org/search/ARO10
Q06409,DCK1,Cytoplasm; Mitochondrion,https://www.proteinatlas.org/search/DCK1
Q06413,MEF2C,"Nucleus; Cytoplasm, sarcoplasm",https://www.proteinatlas.org/search/MEF2C
Q06440,CRN1,,https://www.proteinatlas.org/search/CRN1
Q06449,PIN3,"Cytoplasm; Nucleus; Cytoplasm, cytoskeleton, actin patch",https://www.proteinatlas.org/search/PIN3
Q06451,TPO3,Cell membrane,https://www.proteinatlas.org/search/TPO3
Q06479,YLR352W,,https://www.proteinatlas.org/search/YLR352W
Q06485,ATG33,Mitochondrion membrane,https://www.proteinatlas.org/search/ATG33
Q06488,RSC2,Nucleus,https://www.proteinatlas.org/search/RSC2
Q06489,MRI1,Cytoplasm; Nucleus,https://www.proteinatlas.org/search/MRI1
Q06493,YLH47,Mitochondrion inner membrane,https://www.proteinatlas.org/search/YLH47
Q06494,YPR127W,Cytoplasm; Nucleus,https://www.proteinatlas.org/search/YPR127W
Q06497,ANT1,Peroxisome membrane,https://www.proteinatlas.org/search/ANT1
Q06504,NAT3,Cytoplasm,https://www.proteinatlas.org/search/NAT3
Q06505,SPN1,Nucleus,https://www.proteinatlas.org/search/SPN1
Q06506,RRP9,"Nucleus, nucleolus",https://www.proteinatlas.org/search/RRP9
Q06508,LOA1,Lipid droplet; Endoplasmic reticulum membrane,https://www.proteinatlas.org/search/LOA1
Q06510,TAZ1,Mitochondrion outer membrane; Mitochondrion inner membrane,https://www.proteinatlas.org/search/TAZ1
Q06511,RRP15,"Nucleus, nucleolus",https://www.proteinatlas.org/search/RRP15
Q06512,NOC4,"Nucleus, nucleolus",https://www.proteinatlas.org/search/NOC4
Q06523,YPR148C,Cytoplasm,https://www.proteinatlas.org/search/YPR148C
Q06525,URN1,Nucleus,https://www.proteinatlas.org/search/URN1
Q06538,CSC1,Membrane,https://www.proteinatlas.org/search/CSC1
Q06543,GPN3,,https://www.proteinatlas.org/search/GPN3
Q06546,GABPA,Nucleus,https://www.proteinatlas.org/search/GABPA
Q06547,GABPB1,Nucleus,https://www.proteinatlas.org/search/GABPB1
Q06580,MLC2,Bud neck,https://www.proteinatlas.org/search/MLC2
Q06587,RING1,Nucleus; Nucleus speckle,https://www.proteinatlas.org/search/RING1
Q06608,YPR172W,Cytoplasm; Nucleus,https://www.proteinatlas.org/search/YPR172W
Q06609,RAD51,"Chromosome; Nucleus; Cytoplasm; Cytoplasm, perinuclear region; Mitochondrion matrix; Cytoplasm, cytoskeleton, microtubule organizing center, centrosome",https://www.proteinatlas.org/search/RAD51
Q06624,AOS1,,https://www.proteinatlas.org/search/AOS1
Q06625,GDB1,Mitochondrion; Cytoplasm,https://www.proteinatlas.org/search/GDB1
Q06628,ATG13,Cytoplasm; Preautophagosomal structure,https://www.proteinatlas.org/search/ATG13
Q06629,HDA2,Nucleus,https://www.proteinatlas.org/search/HDA2
Q06630,MHR1,Nucleus; Mitochondrion,https://www.proteinatlas.org/search/MHR1
Q06631,BFR2,"Nucleus, nucleolus",https://www.proteinatlas.org/search/BFR2
Q06632,CFT1,Nucleus,https://www.proteinatlas.org/search/CFT1
Q06636,GPI11,Endoplasmic reticulum membrane,https://www.proteinatlas.org/search/GPI11
Q06639,RSC3,Nucleus,https://www.proteinatlas.org/search/RSC3
Q06644,PMT7,Endoplasmic reticulum membrane,https://www.proteinatlas.org/search/PMT7
Q06651,PIB1,Endosome membrane; Vacuole membrane,https://www.proteinatlas.org/search/PIB1
Q06672,TSR2,Cytoplasm; Nucleus,https://www.proteinatlas.org/search/TSR2
Q06673,ECM30,Cytoplasm,https://www.proteinatlas.org/search/ECM30
Q06677,SWA2,Cytoplasm; Endoplasmic reticulum membrane,https://www.proteinatlas.org/search/SWA2
Q06678,MRPL35,Mitochondrion,https://www.proteinatlas.org/search/MRPL35
Q06679,UTP4,"Nucleus, nucleolus",https://www.proteinatlas.org/search/UTP4
Q06680,YCG1,Nucleus; Cytoplasm; Chromosome,https://www.proteinatlas.org/search/YCG1
Q06681,YSP2,Mitochondrion membrane; Endoplasmic reticulum membrane,https://www.proteinatlas.org/search/YSP2
Q06682,UBX5,Nucleus; Cytoplasm,https://www.proteinatlas.org/search/UBX5
Q06685,VIP1,"Cytoplasm; Cytoplasm, cytoskeleton",https://www.proteinatlas.org/search/VIP1
Q06688,BER1,"Cytoplasm, cytoskeleton",https://www.proteinatlas.org/search/BER1
Q06697,CDC73,"Nucleus, nucleoplasm",https://www.proteinatlas.org/search/CDC73
Q06698,YLR419W,Cytoplasm,https://www.proteinatlas.org/search/YLR419W
Q06704,IMH1,Cytoplasm; Golgi apparatus membrane,https://www.proteinatlas.org/search/IMH1
Q06705,CSR1,Cytoplasm; Microsome; Endosome,https://www.proteinatlas.org/search/CSR1
Q06706,IKI3,Cytoplasm; Nucleus,https://www.proteinatlas.org/search/IKI3
Q06708,VAC14,Vacuole membrane,https://www.proteinatlas.org/search/VAC14
Q06709,REH1,Cytoplasm,https://www.proteinatlas.org/search/REH1
Q06787,FMR1,"Cytoplasm, Cytoplasmic ribonucleoprotein granule; Cytoplasm, Stress granule; Cytoplasm; Perikaryon; Cytoplasm, perinuclear region; Cell projection, neuron projection; Cell projection, axon; Cell projection, dendrite; Cell projection, dendritic spine; Synapse, synaptosome; Cell projection, growth cone; Cell projection, filopodium tip; Synapse; Postsynaptic cell membrane; Presynaptic cell membrane; Nucleus; Nucleus, nucleolus; Chromosome, centromere; Chromosome; Cell membrane; Cytoplasm; Cytoplasm, perinuclear region; Cytoplasm; Nucleus; Nucleus, Cajal body; Nucleus; Nucleus, Cajal body",https://www.proteinatlas.org/search/FMR1
Q06815,MRL1,"Golgi apparatus, trans-Golgi network membrane; Endosome membrane",https://www.proteinatlas.org/search/MRL1
Q06819,DIB1,Nucleus,https://www.proteinatlas.org/search/DIB1
Q06830,PRDX1,Cytoplasm; Melanosome,https://www.proteinatlas.org/search/PRDX1
Q06833,NVJ2,Endoplasmic reticulum membrane; Nucleus membrane,https://www.proteinatlas.org/search/NVJ2
Q06839,LEC1,Endoplasmic reticulum membrane; Lipid droplet,https://www.proteinatlas.org/search/LEC1
Q06891,RAF1,,https://www.proteinatlas.org/search/RAF1
Q07020,RPL18,"Cytoplasm, cytosol; Cytoplasm; Rough endoplasmic reticulum",https://www.proteinatlas.org/search/RPL18
Q07021,C1QBP,"Mitochondrion matrix; Nucleus; Nucleus, nucleolus; Cell membrane; Secreted; Cytoplasm",https://www.proteinatlas.org/search/C1QBP
Q07157,TJP1,"Cell membrane; Cell junction, tight junction; Cell junction; Cell junction, gap junction; Cell projection, podosome",https://www.proteinatlas.org/search/TJP1
Q07362,PBP4,Cytoplasm; Nucleus,https://www.proteinatlas.org/search/PBP4
Q07379,YDL057W,,https://www.proteinatlas.org/search/YDL057W
Q07381,TSR1,"Cytoplasm; Nucleus, nucleolus",https://www.proteinatlas.org/search/TSR1
Q07395,SYO1,Cytoplasm; Nucleus,https://www.proteinatlas.org/search/SYO1
Q07418,PEX19,"Cytoplasm, cytosol; Peroxisome membrane; Endoplasmic reticulum membrane",https://www.proteinatlas.org/search/PEX19
Q07451,YET3,Endoplasmic reticulum membrane,https://www.proteinatlas.org/search/YET3
Q07457,BRE1,Nucleus,https://www.proteinatlas.org/search/BRE1
Q07458,RXT3,Nucleus,https://www.proteinatlas.org/search/RXT3
Q07468,VAM6,Vacuole membrane,https://www.proteinatlas.org/search/VAM6
Q07478,SUB2,Nucleus,https://www.proteinatlas.org/search/SUB2
Q07505,YDL086W,,https://www.proteinatlas.org/search/YDL086W
Q07527,TRM3,Cytoplasm,https://www.proteinatlas.org/search/TRM3
Q07528,ATG20,Endosome membrane; Preautophagosomal structure membrane,https://www.proteinatlas.org/search/ATG20
Q07532,IWR1,Cytoplasm; Nucleus,https://www.proteinatlas.org/search/IWR1
Q07540,YFH1,Mitochondrion matrix,https://www.proteinatlas.org/search/YFH1
Q07541,EXP1,"Endoplasmic reticulum membrane; Cytoplasmic vesicle, COPI-coated vesicle membrane; Cytoplasmic vesicle, COPII-coated vesicle membrane; Golgi apparatus membrane",https://www.proteinatlas.org/search/EXP1
Q07549,SNA4,Vacuole membrane,https://www.proteinatlas.org/search/SNA4
Q07551,YDL124W,Cytoplasm; Nucleus,https://www.proteinatlas.org/search/YDL124W
Q07589,YDL144C,Cytoplasm; Nucleus,https://www.proteinatlas.org/search/YDL144C
Q07622,ACK1,,https://www.proteinatlas.org/search/ACK1
Q07623,NOP6,"Nucleus, nucleolus",https://www.proteinatlas.org/search/NOP6
Q07648,DTD1,Cytoplasm,https://www.proteinatlas.org/search/DTD1
Q07651,FMP45,Cell membrane,https://www.proteinatlas.org/search/FMP45
Q07653,HBT1,Cytoplasm,https://www.proteinatlas.org/search/HBT1
Q07655,WHI4,Cytoplasm,https://www.proteinatlas.org/search/WHI4
Q07657,SHS1,Membrane; Bud neck,https://www.proteinatlas.org/search/SHS1
Q07666,KHDRBS1,Nucleus; Cytoplasm; Membrane,https://www.proteinatlas.org/search/KHDRBS1
Q07688,YPD1,Cytoplasm; Nucleus,https://www.proteinatlas.org/search/YPD1
Q07716,AIM6,,https://www.proteinatlas.org/search/AIM6
Q07800,PSR1,Cell membrane,https://www.proteinatlas.org/search/PSR1
Q07807,PUF3,Mitochondrion outer membrane; Cytoplasm,https://www.proteinatlas.org/search/PUF3
Q07812,BAX,Mitochondrion outer membrane; Cytoplasm; Nucleus; Cytoplasm; Cytoplasm; Cytoplasm,https://www.proteinatlas.org/search/BAX
Q07817,BCL2L1,"Mitochondrion inner membrane; Mitochondrion outer membrane; Mitochondrion matrix; Cytoplasmic vesicle, secretory vesicle, synaptic vesicle membrane; Cytoplasm, cytosol; Cytoplasm, cytoskeleton, microtubule organizing center, centrosome; Nucleus membrane",https://www.proteinatlas.org/search/BCL2L1
Q07825,FRA1,Cytoplasm,https://www.proteinatlas.org/search/FRA1
Q07830,GPI13,Endoplasmic reticulum membrane,https://www.proteinatlas.org/search/GPI13
Q07834,YLL032C,Cytoplasm,https://www.proteinatlas.org/search/YLL032C
Q07844,RIX7,"Nucleus, nucleolus",https://www.proteinatlas.org/search/RIX7
Q07864,POLE,Nucleus,https://www.proteinatlas.org/search/POLE
Q07866,KLC1,"Cell projection, growth cone; Cytoplasmic vesicle; Cytoplasm, cytoskeleton",https://www.proteinatlas.org/search/KLC1
Q07872,ENT4,,https://www.proteinatlas.org/search/ENT4
Q07878,VPS13,"Endosome membrane; Mitochondrion outer membrane; Prospore membrane; Vacuole membrane; Nucleus outer membrane; Peroxisome; Golgi apparatus, trans-Golgi network membrane",https://www.proteinatlas.org/search/VPS13
Q07896,NOC3,"Nucleus, nucleolus",https://www.proteinatlas.org/search/NOC3
Q07897,CMS1,Nucleus,https://www.proteinatlas.org/search/CMS1
Q07914,PAM18,Mitochondrion inner membrane,https://www.proteinatlas.org/search/PAM18
Q07915,RLP24,Cytoplasm; Nucleus,https://www.proteinatlas.org/search/RLP24
Q07950,YEH2,Cell membrane,https://www.proteinatlas.org/search/YEH2
Q07951,IRC25,,https://www.proteinatlas.org/search/IRC25
Q07953,SDO1,Cytoplasm; Nucleus,https://www.proteinatlas.org/search/SDO1
Q07955,SRSF1,Chromosome; Cytoplasm; Nucleus speckle,https://www.proteinatlas.org/search/SRSF1
Q07960,ARHGAP1,Cytoplasm,https://www.proteinatlas.org/search/ARHGAP1
Q07963,UBR2,Cytoplasm,https://www.proteinatlas.org/search/UBR2
Q07979,RSC58,Nucleus,https://www.proteinatlas.org/search/RSC58
Q08001,LAM6,Endoplasmic reticulum membrane,https://www.proteinatlas.org/search/LAM6
Q08004,BUD20,Nucleus; Cytoplasm,https://www.proteinatlas.org/search/BUD20
Q08023,FMP25,Mitochondrion membrane,https://www.proteinatlas.org/search/FMP25
Q08045,LCL2,,https://www.proteinatlas.org/search/LCL2
Q08096,RCL1,"Nucleus, nucleolus",https://www.proteinatlas.org/search/RCL1
Q08144,TLG2,"Golgi apparatus, trans-Golgi network membrane; Endosome membrane",https://www.proteinatlas.org/search/TLG2
Q08162,DIS3,"Cytoplasm; Mitochondrion; Nucleus, nucleolus",https://www.proteinatlas.org/search/DIS3
Q08170,SRSF4,Nucleus speckle,https://www.proteinatlas.org/search/SRSF4
Q08179,MDM38,Mitochondrion inner membrane,https://www.proteinatlas.org/search/MDM38
Q08193,GAS5,"Secreted, cell wall; Membrane",https://www.proteinatlas.org/search/GAS5
Q08199,SIL1,Endoplasmic reticulum lumen,https://www.proteinatlas.org/search/SIL1
Q08202,OPI10,Cytoplasm; Nucleus,https://www.proteinatlas.org/search/OPI10
Q08208,NOP12,"Nucleus, nucleolus",https://www.proteinatlas.org/search/NOP12
Q08211,DHX9,"Nucleus; Nucleus, nucleoplasm; Nucleus, nucleolus; Cytoplasm; Cytoplasm, cytoskeleton, microtubule organizing center, centrosome",https://www.proteinatlas.org/search/DHX9
Q08215,PEX15,Peroxisome membrane; Endoplasmic reticulum membrane,https://www.proteinatlas.org/search/PEX15
Q08220,GSH2,,https://www.proteinatlas.org/search/GSH2
Q08224,THI20,,https://www.proteinatlas.org/search/THI20
Q08225,YOL057W,Cytoplasm,https://www.proteinatlas.org/search/YOL057W
Q08227,INP54,Endoplasmic reticulum membrane,https://www.proteinatlas.org/search/INP54
Q08229,NBA1,Bud neck; Cytoplasm,https://www.proteinatlas.org/search/NBA1
Q08230,SDH5,Mitochondrion matrix,https://www.proteinatlas.org/search/SDH5
Q08235,BRX1,"Nucleus, nucleolus",https://www.proteinatlas.org/search/BRX1
Q08245,ZEO1,Cell membrane,https://www.proteinatlas.org/search/ZEO1
Q08257,CRYZ,"Cytoplasm, cytosol",https://www.proteinatlas.org/search/CRYZ
Q08273,HRT1,Cytoplasm; Nucleus,https://www.proteinatlas.org/search/HRT1
Q08285,RRP40,"Cytoplasm; Nucleus, nucleolus",https://www.proteinatlas.org/search/RRP40
Q08287,NOP8,"Nucleus, nucleolus",https://www.proteinatlas.org/search/NOP8
Q08299,ENB1,Endosome membrane,https://www.proteinatlas.org/search/ENB1
Q08378,GOLGA3,"Cytoplasm; Golgi apparatus, Golgi stack membrane",https://www.proteinatlas.org/search/GOLGA3
Q08379,GOLGA2,"Golgi apparatus, cis-Golgi network membrane; Endoplasmic reticulum-Golgi intermediate compartment membrane; Cytoplasm, cytoskeleton, spindle pole",https://www.proteinatlas.org/search/GOLGA2
Q08412,CUE5,Cytoplasm,https://www.proteinatlas.org/search/CUE5
Q08417,RSB1,Cell membrane,https://www.proteinatlas.org/search/RSB1
Q08421,ETT1,Nucleus,https://www.proteinatlas.org/search/ETT1
Q08422,TMC1,Nucleus,https://www.proteinatlas.org/search/TMC1
Q08431,MFGE8,"Membrane; Secreted; Cytoplasmic vesicle, secretory vesicle, acrosome membrane",https://www.proteinatlas.org/search/MFGE8
Q08438,VHS3,,https://www.proteinatlas.org/search/VHS3
Q08444,NOB1,"Cytoplasm; Nucleus, nucleolus; Endoplasmic reticulum",https://www.proteinatlas.org/search/NOB1
Q08446,SGT1,,https://www.proteinatlas.org/search/SGT1
Q08484,GYP1,"Golgi apparatus, Golgi stack",https://www.proteinatlas.org/search/GYP1
Q08491,SKI7,Cytoplasm,https://www.proteinatlas.org/search/SKI7
Q08492,BUD21,"Nucleus, nucleolus",https://www.proteinatlas.org/search/BUD21
Q08495,DMTN,"Cytoplasm; Cytoplasm, cytosol; Cytoplasm, perinuclear region; Cytoplasm, cytoskeleton; Cell membrane; Membrane; Endomembrane system; Cell projection",https://www.proteinatlas.org/search/DMTN
Q08548,ALE1,Endoplasmic reticulum membrane,https://www.proteinatlas.org/search/ALE1
Q08553,SYC1,Nucleus,https://www.proteinatlas.org/search/SYC1
Q08561,IES4,Nucleus,https://www.proteinatlas.org/search/IES4
Q08581,SLK19,"Chromosome, centromere; Chromosome, centromere, kinetochore; Cytoplasm, cytoskeleton, microtubule organizing center, spindle pole body",https://www.proteinatlas.org/search/SLK19
Q08601,MCA1,Cytoplasm; Nucleus,https://www.proteinatlas.org/search/MCA1
Q08623,PUDP,,https://www.proteinatlas.org/search/PUDP
Q08634,YOR238W,Cytoplasm,https://www.proteinatlas.org/search/YOR238W
Q08641,ABP140,"Cytoplasm; Cytoplasm, cytoskeleton",https://www.proteinatlas.org/search/ABP140
Q08645,MET7,Mitochondrion; Mitochondrion inner membrane; Mitochondrion matrix; Cytoplasm,https://www.proteinatlas.org/search/MET7
Q08647,PUS7,Nucleus; Cytoplasm,https://www.proteinatlas.org/search/PUS7
Q08685,CLP1,Nucleus,https://www.proteinatlas.org/search/CLP1
Q08686,TUM1,Mitochondrion; Cytoplasm,https://www.proteinatlas.org/search/TUM1
Q08687,TMA16,Nucleus,https://www.proteinatlas.org/search/TMA16
Q08689,NAT5,Cytoplasm,https://www.proteinatlas.org/search/NAT5
Q08723,RPN8,,https://www.proteinatlas.org/search/RPN8
Q08726,GPN2,Cytoplasm,https://www.proteinatlas.org/search/GPN2
Q08732,HRK1,Cytoplasm,https://www.proteinatlas.org/search/HRK1
Q08742,RDL2,Mitochondrion,https://www.proteinatlas.org/search/RDL2
Q08746,RRS1,Nucleus,https://www.proteinatlas.org/search/RRS1
Q08752,PPID,"Cytoplasm; Nucleus, nucleolus; Nucleus, nucleoplasm",https://www.proteinatlas.org/search/PPID
Q08754,BUD7,"Golgi apparatus, trans-Golgi network membrane",https://www.proteinatlas.org/search/BUD7
Q08773,ISW2,Nucleus,https://www.proteinatlas.org/search/ISW2
Q08816,TFB6,Cytoplasm; Nucleus,https://www.proteinatlas.org/search/TFB6
Q08817,SOG2,Cytoplasm,https://www.proteinatlas.org/search/SOG2
Q08818,MSC6,Mitochondrion,https://www.proteinatlas.org/search/MSC6
Q08822,CIR2,Mitochondrion inner membrane,https://www.proteinatlas.org/search/CIR2
Q08826,SNX3,Cytoplasm; Golgi apparatus membrane; Prevacuolar compartment membrane,https://www.proteinatlas.org/search/SNX3
Q08831,VTS1,"Cytoplasm, cytosol; Cytoplasm, P-body",https://www.proteinatlas.org/search/VTS1
Q08873,SCP1,"Cytoplasm, cytoskeleton, actin patch",https://www.proteinatlas.org/search/SCP1
Q08920,CBC2,"Nucleus; Cytoplasm, perinuclear region",https://www.proteinatlas.org/search/CBC2
Q08924,RTT10,Cytoplasm; Endosome,https://www.proteinatlas.org/search/RTT10
Q08925,MRN1,Cytoplasm,https://www.proteinatlas.org/search/MRN1
Q08926,UIP4,Endoplasmic reticulum membrane; Mitochondrion outer membrane; Nucleus envelope,https://www.proteinatlas.org/search/UIP4
Q08945,SSRP1,"Nucleus; Nucleus, nucleolus; Chromosome",https://www.proteinatlas.org/search/SSRP1
Q08951,APL5,"Golgi apparatus; Cytoplasmic vesicle, clathrin-coated vesicle membrane",https://www.proteinatlas.org/search/APL5
Q08952,OXR1,Mitochondrion; Cytoplasm,https://www.proteinatlas.org/search/OXR1
Q08954,NBR9,Cytoplasm,https://www.proteinatlas.org/search/NBR9
Q08959,PGC1,Mitochondrion membrane; Lipid droplet,https://www.proteinatlas.org/search/PGC1
Q08961,RKM1,Cytoplasm; Nucleus,https://www.proteinatlas.org/search/RKM1
Q08962,NIP7,"Cytoplasm; Nucleus, nucleolus",https://www.proteinatlas.org/search/NIP7
Q08963,LEA1,Nucleus,https://www.proteinatlas.org/search/LEA1
Q08965,BMS1,"Cytoplasm; Nucleus, nucleolus",https://www.proteinatlas.org/search/BMS1
Q08968,FMP40,Mitochondrion,https://www.proteinatlas.org/search/FMP40
Q08969,GRE1,Cytoplasm,https://www.proteinatlas.org/search/GRE1
Q08971,YPL225W,Cytoplasm,https://www.proteinatlas.org/search/YPL225W
Q08972,NEW1,Cytoplasm; Nucleus,https://www.proteinatlas.org/search/NEW1
Q08977,CUB1,Cytoplasm; Nucleus,https://www.proteinatlas.org/search/CUB1
Q08979,KEL3,,https://www.proteinatlas.org/search/KEL3
Q08985,SAM4,Cytoplasm; Nucleus,https://www.proteinatlas.org/search/SAM4
Q08AG7,MZT1,"Cytoplasm, cytoskeleton, microtubule organizing center, centrosome; Cytoplasm, cytoskeleton, spindle",https://www.proteinatlas.org/search/MZT1
Q08AM6,VAC14,Endosome membrane; Microsome membrane,https://www.proteinatlas.org/search/VAC14
Q08J23,NSUN2,"Nucleus, nucleolus; Cytoplasm; Mitochondrion; Cytoplasm, cytoskeleton, spindle; Secreted, extracellular exosome",https://www.proteinatlas.org/search/NSUN2
Q09028,RBBP4,"Nucleus; Chromosome, telomere",https://www.proteinatlas.org/search/RBBP4
Q09161,NCBP1,Nucleus; Cytoplasm,https://www.proteinatlas.org/search/NCBP1
Q09472,EP300,Cytoplasm; Nucleus; Chromosome,https://www.proteinatlas.org/search/EP300
Q09666,AHNAK,Nucleus,https://www.proteinatlas.org/search/AHNAK
Q0JRZ9,FCHO2,"Membrane, clathrin-coated pit",https://www.proteinatlas.org/search/FCHO2
Q0PNE2,ELP6,Cytoplasm; Nucleus,https://www.proteinatlas.org/search/ELP6
Q0VD83,APOBR,Cell membrane,https://www.proteinatlas.org/search/APOBR
Q0VDF9,HSPA14,"Cytoplasm, cytosol",https://www.proteinatlas.org/search/HSPA14
Q0VDG4,SCRN3,,https://www.proteinatlas.org/search/SCRN3
Q0VGL1,LAMTOR4,Lysosome,https://www.proteinatlas.org/search/LAMTOR4
Q10469,MGAT2,Golgi apparatus membrane,https://www.proteinatlas.org/search/MGAT2
Q10471,GALNT2,"Golgi apparatus, Golgi stack membrane; Secreted",https://www.proteinatlas.org/search/GALNT2
Q10567,AP1B1,"Golgi apparatus; Cytoplasmic vesicle, clathrin-coated vesicle membrane",https://www.proteinatlas.org/search/AP1B1
Q10570,CPSF1,"Nucleus, nucleoplasm",https://www.proteinatlas.org/search/CPSF1
Q10589,BST2,"Golgi apparatus, trans-Golgi network; Cell membrane; Cell membrane; Membrane raft; Cytoplasm; Apical cell membrane; Golgi apparatus, trans-Golgi network; Late endosome",https://www.proteinatlas.org/search/BST2
Q10713,PMPCA,Mitochondrion matrix; Mitochondrion inner membrane,https://www.proteinatlas.org/search/PMPCA
Q10740,LAP2,Cytoplasm; Nucleus,https://www.proteinatlas.org/search/LAP2
Q12000,TMA46,Cytoplasm,https://www.proteinatlas.org/search/TMA46
Q12001,ALG6,Endoplasmic reticulum membrane,https://www.proteinatlas.org/search/ALG6
Q12003,ENV7,Vacuole membrane,https://www.proteinatlas.org/search/ENV7
Q12004,TFB4,Nucleus,https://www.proteinatlas.org/search/TFB4
Q12008,GPM2,Cytoplasm,https://www.proteinatlas.org/search/GPM2
Q12009,TRM8,Nucleus,https://www.proteinatlas.org/search/TRM8
Q12010,YPQ1,Vacuole membrane,https://www.proteinatlas.org/search/YPQ1
Q12012,YOR289W,,https://www.proteinatlas.org/search/YOR289W
Q12016,VPS68,Vacuole membrane; Mitochondrion,https://www.proteinatlas.org/search/VPS68
Q12017,PLP2,Cytoplasm,https://www.proteinatlas.org/search/PLP2
Q12018,CDC53,Cytoplasm; Nucleus,https://www.proteinatlas.org/search/CDC53
Q12019,MDN1,"Nucleus; Nucleus, nucleolus; Nucleus, nucleoplasm",https://www.proteinatlas.org/search/MDN1
Q12024,YTM1,"Nucleus, nucleolus; Nucleus, nucleoplasm",https://www.proteinatlas.org/search/YTM1
Q12025,EMC10,Endoplasmic reticulum membrane,https://www.proteinatlas.org/search/EMC10
Q12028,APL4,"Cytoplasm; Golgi apparatus membrane; Cytoplasmic vesicle, clathrin-coated vesicle membrane",https://www.proteinatlas.org/search/APL4
Q12029,FSF1,Mitochondrion membrane,https://www.proteinatlas.org/search/FSF1
Q12030,TAF10,Nucleus,https://www.proteinatlas.org/search/TAF10
Q12032,AIM41,Mitochondrion,https://www.proteinatlas.org/search/AIM41
Q12033,RIM20,Cytoplasm; Nucleus,https://www.proteinatlas.org/search/RIM20
Q12034,SLF1,,https://www.proteinatlas.org/search/SLF1
Q12035,FCF2,"Nucleus, nucleolus",https://www.proteinatlas.org/search/FCF2
Q12038,SRO7,Cytoplasm; Cell membrane,https://www.proteinatlas.org/search/SRO7
Q12040,YOR283W,Cytoplasm; Nucleus,https://www.proteinatlas.org/search/YOR283W
Q12044,RCN2,Cytoplasm,https://www.proteinatlas.org/search/RCN2
Q12049,THP3,Nucleus,https://www.proteinatlas.org/search/THP3
Q12055,FAP7,Cytoplasm; Nucleus,https://www.proteinatlas.org/search/FAP7
Q12060,HFI1,Nucleus,https://www.proteinatlas.org/search/HFI1
Q12063,NUS1,Endoplasmic reticulum membrane; Lipid droplet; Nucleus membrane,https://www.proteinatlas.org/search/NUS1
Q12066,NUR1,Nucleus membrane,https://www.proteinatlas.org/search/NUR1
Q12068,GRE2,Cytoplasm; Nucleus,https://www.proteinatlas.org/search/GRE2
Q12071,VPS54,"Golgi apparatus, trans-Golgi network membrane; Endosome membrane; Mitochondrion membrane",https://www.proteinatlas.org/search/VPS54
Q12072,IOC2,Nucleus,https://www.proteinatlas.org/search/IOC2
Q12074,SPE3,,https://www.proteinatlas.org/search/SPE3
Q12078,SMF3,Vacuole membrane; Endoplasmic reticulum membrane,https://www.proteinatlas.org/search/SMF3
Q12080,NOP53,"Nucleus, nucleolus; Nucleus, nucleoplasm",https://www.proteinatlas.org/search/NOP53
Q12084,DAS2,Cytoplasm; Nucleus,https://www.proteinatlas.org/search/DAS2
Q12091,DAP1,,https://www.proteinatlas.org/search/DAP1
Q12096,GNT1,Golgi apparatus membrane; Vacuole membrane,https://www.proteinatlas.org/search/GNT1
Q12099,FAL1,"Nucleus, nucleolus",https://www.proteinatlas.org/search/FAL1
Q12100,RTK1,,https://www.proteinatlas.org/search/RTK1
Q12102,CFT2,Nucleus,https://www.proteinatlas.org/search/CFT2
Q12108,RTC5,Cytoplasm; Vacuole membrane,https://www.proteinatlas.org/search/RTC5
Q12109,WRS1,Cytoplasm,https://www.proteinatlas.org/search/WRS1
Q12112,TY1B-NL1,Cytoplasm; Nucleus,https://www.proteinatlas.org/search/TY1B-NL1
Q12114,CHS5,"Golgi apparatus, trans-Golgi network membrane",https://www.proteinatlas.org/search/CHS5
Q12117,MRH1,Cell membrane; Mitochondrion; Bud,https://www.proteinatlas.org/search/MRH1
Q12118,SGT2,Cytoplasm,https://www.proteinatlas.org/search/SGT2
Q12122,LYS21,Mitochondrion,https://www.proteinatlas.org/search/LYS21
Q12123,DCS2,"Cytoplasm; Cytoplasm, perinuclear region; Cytoplasm, P-body",https://www.proteinatlas.org/search/DCS2
Q12125,GET4,Cytoplasm,https://www.proteinatlas.org/search/GET4
Q12133,SPC3,Endoplasmic reticulum membrane,https://www.proteinatlas.org/search/SPC3
Q12136,SAS10,"Nucleus, nucleolus",https://www.proteinatlas.org/search/SAS10
Q12144,PER33,"Endoplasmic reticulum membrane; Nucleus, nuclear pore complex",https://www.proteinatlas.org/search/PER33
Q12149,RRP6,"Nucleus, nucleolus; Nucleus",https://www.proteinatlas.org/search/RRP6
Q12153,SSF2,"Nucleus, nucleolus",https://www.proteinatlas.org/search/SSF2
Q12154,GET3,Cytoplasm; Endoplasmic reticulum; Golgi apparatus,https://www.proteinatlas.org/search/GET3
Q12156,AIM7,Cytoplasm; Nucleus,https://www.proteinatlas.org/search/AIM7
Q12159,YRA1,Nucleus,https://www.proteinatlas.org/search/YRA1
Q12160,YPR063C,Endoplasmic reticulum membrane,https://www.proteinatlas.org/search/YPR063C
Q12163,NBP2,Cytoplasm,https://www.proteinatlas.org/search/NBP2
Q12164,POM33,"Endoplasmic reticulum membrane; Nucleus, nuclear pore complex",https://www.proteinatlas.org/search/POM33
Q12165,ATP16,Mitochondrion; Mitochondrion inner membrane,https://www.proteinatlas.org/search/ATP16
Q12166,LEU9,Mitochondrion,https://www.proteinatlas.org/search/LEU9
Q12168,ACF2,Cytoplasm,https://www.proteinatlas.org/search/ACF2
Q12176,MAK21,"Nucleus, nucleolus",https://www.proteinatlas.org/search/MAK21
Q12178,FCY1,Cytoplasm; Nucleus,https://www.proteinatlas.org/search/FCY1
Q12186,MSL5,Nucleus,https://www.proteinatlas.org/search/MSL5
Q12189,RKI1,,https://www.proteinatlas.org/search/RKI1
Q12191,BUG1,"Cytoplasm; Golgi apparatus, cis-Golgi network membrane",https://www.proteinatlas.org/search/BUG1
Q12196,RIO1,Cytoplasm,https://www.proteinatlas.org/search/RIO1
Q12199,TIP41,Cytoplasm; Nucleus,https://www.proteinatlas.org/search/TIP41
Q12200,NCR1,Vacuole membrane,https://www.proteinatlas.org/search/NCR1
Q12206,WTM2,,https://www.proteinatlas.org/search/WTM2
Q12207,NCE102,Cell membrane,https://www.proteinatlas.org/search/NCE102
Q12211,PUS1,Nucleus,https://www.proteinatlas.org/search/PUS1
Q12213,RPL7B,Cytoplasm,https://www.proteinatlas.org/search/RPL7B
Q12220,DIP2,"Nucleus, nucleolus",https://www.proteinatlas.org/search/DIP2
Q12221,PUF2,Cytoplasm,https://www.proteinatlas.org/search/PUF2
Q12230,LSP1,"Cytoplasm, cell cortex",https://www.proteinatlas.org/search/LSP1
Q12234,RUD3,Golgi apparatus lumen,https://www.proteinatlas.org/search/RUD3
Q12236,PKH2,"Nucleus; Cytoplasm, cell cortex",https://www.proteinatlas.org/search/PKH2
Q12239,YOL107W,Golgi apparatus membrane,https://www.proteinatlas.org/search/YOL107W
Q12242,RUP1,Cytoplasm; Nucleus,https://www.proteinatlas.org/search/RUP1
Q12245,POC4,Cytoplasm,https://www.proteinatlas.org/search/POC4
Q12246,LCB4,Cell membrane; Endoplasmic reticulum membrane; Late endosome membrane; Golgi apparatus membrane,https://www.proteinatlas.org/search/LCB4
Q12248,DAD1,"Nucleus; Cytoplasm, cytoskeleton, spindle; Chromosome, centromere, kinetochore",https://www.proteinatlas.org/search/DAD1
Q12250,RPN5,,https://www.proteinatlas.org/search/RPN5
Q12255,NYV1,Vacuole membrane,https://www.proteinatlas.org/search/NYV1
Q12259,YLR108C,Nucleus,https://www.proteinatlas.org/search/YLR108C
Q12263,GIN4,Cytoplasm; Bud neck,https://www.proteinatlas.org/search/GIN4
Q12265,PRS5,Cytoplasm,https://www.proteinatlas.org/search/PRS5
Q12271,INP53,Cytoplasm,https://www.proteinatlas.org/search/INP53
Q12272,TPT1,,https://www.proteinatlas.org/search/TPT1
Q12276,HER1,Cytoplasm,https://www.proteinatlas.org/search/HER1
Q12277,RRP42,"Cytoplasm; Nucleus, nucleolus",https://www.proteinatlas.org/search/RRP42
Q12284,ERV2,Endoplasmic reticulum membrane,https://www.proteinatlas.org/search/ERV2
Q12285,MDY2,"Cytoplasm, cytosol; Nucleus",https://www.proteinatlas.org/search/MDY2
Q12287,COX17,Mitochondrion intermembrane space,https://www.proteinatlas.org/search/COX17
Q12288,YLR126C,Cytoplasm,https://www.proteinatlas.org/search/YLR126C
Q12291,BMT6,Cytoplasm; Nucleus,https://www.proteinatlas.org/search/BMT6
Q12292,ATG34,Preautophagosomal structure membrane,https://www.proteinatlas.org/search/ATG34
Q12296,MAM3,Vacuole membrane,https://www.proteinatlas.org/search/MAM3
Q12297,TAF3,Nucleus,https://www.proteinatlas.org/search/TAF3
Q12298,YDR061W,Mitochondrion,https://www.proteinatlas.org/search/YDR061W
Q12305,RDL1,Mitochondrion,https://www.proteinatlas.org/search/RDL1
Q12306,SMT3,,https://www.proteinatlas.org/search/SMT3
Q12314,SFM1,Cytoplasm,https://www.proteinatlas.org/search/SFM1
Q12315,GLE1,"Nucleus, nuclear pore complex; Nucleus membrane; Nucleus membrane",https://www.proteinatlas.org/search/GLE1
Q12321,MED1,Nucleus,https://www.proteinatlas.org/search/MED1
Q12324,YVC1,Vacuole membrane,https://www.proteinatlas.org/search/YVC1
Q12329,HSP42,,https://www.proteinatlas.org/search/HSP42
Q12331,YDR262W,Vacuole,https://www.proteinatlas.org/search/YDR262W
Q12335,PST2,Secreted,https://www.proteinatlas.org/search/PST2
Q12339,UTP23,"Mitochondrion; Nucleus, nucleolus",https://www.proteinatlas.org/search/UTP23
Q12341,HAT1,Cytoplasm; Nucleus,https://www.proteinatlas.org/search/HAT1
Q12343,MED4,Nucleus,https://www.proteinatlas.org/search/MED4
Q12344,GYP5,Cytoplasm; Bud; Bud neck,https://www.proteinatlas.org/search/GYP5
Q12345,IES3,Nucleus,https://www.proteinatlas.org/search/IES3
Q12349,ATP14,Mitochondrion; Mitochondrion inner membrane,https://www.proteinatlas.org/search/ATP14
Q12354,YLR118C,Cytoplasm; Nucleus,https://www.proteinatlas.org/search/YLR118C
Q12355,PST1,"Cell membrane; Secreted, cell wall",https://www.proteinatlas.org/search/PST1
Q12362,RIB2,"Cytoplasm, cytosol",https://www.proteinatlas.org/search/RIB2
Q12363,WTM1,Cytoplasm; Nucleus,https://www.proteinatlas.org/search/WTM1
Q12368,SNU23,Nucleus,https://www.proteinatlas.org/search/SNU23
Q12373,HIF1,Nucleus,https://www.proteinatlas.org/search/HIF1
Q12374,NCA2,Mitochondrion membrane,https://www.proteinatlas.org/search/NCA2
Q12377,RPN6,,https://www.proteinatlas.org/search/RPN6
Q12382,DGK1,Endoplasmic reticulum membrane; Nucleus membrane,https://www.proteinatlas.org/search/DGK1
Q12386,ARP8,"Nucleus; Cytoplasm, cytoskeleton",https://www.proteinatlas.org/search/ARP8
Q12387,MDM20,Cytoplasm,https://www.proteinatlas.org/search/MDM20
Q12389,DBP10,"Nucleus, nucleolus",https://www.proteinatlas.org/search/DBP10
Q12395,DCN1,,https://www.proteinatlas.org/search/DCN1
Q12396,EMP46,Golgi apparatus membrane; Endoplasmic reticulum membrane,https://www.proteinatlas.org/search/EMP46
Q12400,TRM10,Cytoplasm; Nucleus,https://www.proteinatlas.org/search/TRM10
Q12402,YOP1,Endoplasmic reticulum membrane; Golgi apparatus membrane,https://www.proteinatlas.org/search/YOP1
Q12403,ERP3,Endoplasmic reticulum membrane,https://www.proteinatlas.org/search/ERP3
Q12404,MPD1,Endoplasmic reticulum lumen,https://www.proteinatlas.org/search/MPD1
Q12406,ARP7,Nucleus,https://www.proteinatlas.org/search/ARP7
Q12415,TFC7,Nucleus,https://www.proteinatlas.org/search/TFC7
Q12427,STB3,Cytoplasm,https://www.proteinatlas.org/search/STB3
Q12428,PDH1,,https://www.proteinatlas.org/search/PDH1
Q12429,DPH6,Cytoplasm,https://www.proteinatlas.org/search/DPH6
Q12431,EMC6,Endoplasmic reticulum membrane,https://www.proteinatlas.org/search/EMC6
Q12432,EAF3,Nucleus,https://www.proteinatlas.org/search/EAF3
Q12434,RDI1,Cytoplasm,https://www.proteinatlas.org/search/RDI1
Q12443,RTN2,Endoplasmic reticulum membrane,https://www.proteinatlas.org/search/RTN2
Q12445,POM34,"Nucleus, nuclear pore complex; Nucleus membrane",https://www.proteinatlas.org/search/POM34
Q12446,LAS17,,https://www.proteinatlas.org/search/LAS17
Q12447,PAA1,Cytoplasm,https://www.proteinatlas.org/search/PAA1
Q12449,AHA1,Cytoplasm,https://www.proteinatlas.org/search/AHA1
Q12450,ERP4,Endoplasmic reticulum membrane,https://www.proteinatlas.org/search/ERP4
Q12451,OSH2,Cell membrane; Endoplasmic reticulum membrane,https://www.proteinatlas.org/search/OSH2
Q12452,ERG27,Endoplasmic reticulum membrane; Lipid droplet,https://www.proteinatlas.org/search/ERG27
Q12453,CEX1,Cytoplasm,https://www.proteinatlas.org/search/CEX1
Q12454,OCA6,Cytoplasm,https://www.proteinatlas.org/search/OCA6
Q12458,YPR1,Cytoplasm,https://www.proteinatlas.org/search/YPR1
Q12460,NOP56,"Nucleus, nucleolus",https://www.proteinatlas.org/search/NOP56
Q12462,PEX11,Peroxisome membrane,https://www.proteinatlas.org/search/PEX11
Q12464,RVB2,"Nucleus, nucleoplasm",https://www.proteinatlas.org/search/RVB2
Q12466,TCB1,Cell membrane; Endoplasmic reticulum membrane,https://www.proteinatlas.org/search/TCB1
Q12480,AIM45,Mitochondrion matrix,https://www.proteinatlas.org/search/AIM45
Q12482,AGC1,Mitochondrion inner membrane,https://www.proteinatlas.org/search/AGC1
Q12486,YOR131C,Cytoplasm; Nucleus,https://www.proteinatlas.org/search/YOR131C
Q12489,YDL012C,Cell membrane,https://www.proteinatlas.org/search/YDL012C
Q12494,KCS1,Cytoplasm,https://www.proteinatlas.org/search/KCS1
Q12495,RLF2,Nucleus,https://www.proteinatlas.org/search/RLF2
Q12496,YOL098C,,https://www.proteinatlas.org/search/YOL098C
Q12497,FMP16,Mitochondrion,https://www.proteinatlas.org/search/FMP16
Q12499,NOP58,"Nucleus, nucleolus",https://www.proteinatlas.org/search/NOP58
Q12500,AVL9,Cytoplasm,https://www.proteinatlas.org/search/AVL9
Q12502,LDB19,Cytoplasm; Golgi apparatus,https://www.proteinatlas.org/search/LDB19
Q12504,RKM4,Nucleus,https://www.proteinatlas.org/search/RKM4
Q12508,RMD5,Cytoplasm,https://www.proteinatlas.org/search/RMD5
Q12511,PTC5,Mitochondrion intermembrane space,https://www.proteinatlas.org/search/PTC5
Q12513,TMA17,Cytoplasm; Nucleus,https://www.proteinatlas.org/search/TMA17
Q12514,NOT5,Cytoplasm; Nucleus,https://www.proteinatlas.org/search/NOT5
Q12515,PAR32,Cytoplasm,https://www.proteinatlas.org/search/PAR32
Q12517,DCP1,"Cytoplasm, P-body",https://www.proteinatlas.org/search/DCP1
Q12518,ENT1,Cytoplasm; Membrane,https://www.proteinatlas.org/search/ENT1
Q12522,TIF6,"Cytoplasm; Nucleus, nucleolus",https://www.proteinatlas.org/search/TIF6
Q12523,YPL247C,Cytoplasm; Nucleus,https://www.proteinatlas.org/search/YPL247C
Q12525,MHT1,Cytoplasm,https://www.proteinatlas.org/search/MHT1
Q12532,RQC2,Cytoplasm,https://www.proteinatlas.org/search/RQC2
Q12672,RPL21B,Cytoplasm,https://www.proteinatlas.org/search/RPL21B
Q12674,DNF3,"Golgi apparatus, trans-Golgi network membrane; Endosome membrane",https://www.proteinatlas.org/search/DNF3
Q12675,DNF2,Cell membrane,https://www.proteinatlas.org/search/DNF2
Q12676,FOL3,Cytoplasm,https://www.proteinatlas.org/search/FOL3
Q12680,GLT1,,https://www.proteinatlas.org/search/GLT1
Q12692,HTZ1,Nucleus; Chromosome,https://www.proteinatlas.org/search/HTZ1
Q12697,YPK9,Vacuole membrane,https://www.proteinatlas.org/search/YPK9
Q12734,CSR2,Cytoplasm; Nucleus,https://www.proteinatlas.org/search/CSR2
Q12743,DFM1,Endoplasmic reticulum membrane,https://www.proteinatlas.org/search/DFM1
Q12746,PGA3,Cell membrane; Endoplasmic reticulum membrane,https://www.proteinatlas.org/search/PGA3
Q12753,HAA1,Nucleus,https://www.proteinatlas.org/search/HAA1
Q12754,RRP12,"Cytoplasm; Nucleus, nucleolus",https://www.proteinatlas.org/search/RRP12
Q12768,WASHC5,"Cytoplasm, cytosol; Endoplasmic reticulum; Early endosome",https://www.proteinatlas.org/search/WASHC5
Q12769,NUP160,"Nucleus, nuclear pore complex",https://www.proteinatlas.org/search/NUP160
Q12788,TBL3,"Nucleus, nucleolus",https://www.proteinatlas.org/search/TBL3
Q12789,GTF3C1,Nucleus,https://www.proteinatlas.org/search/GTF3C1
Q12792,TWF1,"Cytoplasm; Cytoplasm, cytoskeleton",https://www.proteinatlas.org/search/TWF1
Q12800,TFCP2,Nucleus,https://www.proteinatlas.org/search/TFCP2
Q12815,TROAP,Cytoplasm,https://www.proteinatlas.org/search/TROAP
Q12824,SMARCB1,Nucleus,https://www.proteinatlas.org/search/SMARCB1
Q12830,BPTF,Cytoplasm; Nucleus,https://www.proteinatlas.org/search/BPTF
Q12834,CDC20,"Cytoplasm, cytoskeleton, microtubule organizing center, centrosome; Chromosome, centromere, kinetochore; Cytoplasm, cytoskeleton, spindle pole",https://www.proteinatlas.org/search/CDC20
Q12840,KIF5A,"Cytoplasm, perinuclear region; Cytoplasm, cytoskeleton; Perikaryon",https://www.proteinatlas.org/search/KIF5A
Q12846,STX4,"Cell membrane; Cell projection, neuron projection; Cell projection, stereocilium; Cytoplasm, perinuclear region",https://www.proteinatlas.org/search/STX4
Q12849,GRSF1,Mitochondrion matrix; Cytoplasm,https://www.proteinatlas.org/search/GRSF1
Q12857,NFIA,Nucleus,https://www.proteinatlas.org/search/NFIA
Q12872,SFSWAP,Nucleus,https://www.proteinatlas.org/search/SFSWAP
Q12874,SF3A3,Nucleus speckle; Nucleus,https://www.proteinatlas.org/search/SF3A3
Q12888,TP53BP1,"Nucleus; Chromosome; Chromosome, centromere, kinetochore",https://www.proteinatlas.org/search/TP53BP1
Q12904,AIMP1,"Nucleus; Cytoplasm, cytosol; Secreted; Endoplasmic reticulum; Golgi apparatus",https://www.proteinatlas.org/search/AIMP1
Q12905,ILF2,"Nucleus, nucleolus; Cytoplasm; Nucleus",https://www.proteinatlas.org/search/ILF2
Q12906,ILF3,"Nucleus, nucleolus; Cytoplasm; Nucleus",https://www.proteinatlas.org/search/ILF3
Q12907,LMAN2,Endoplasmic reticulum-Golgi intermediate compartment membrane; Golgi apparatus membrane; Endoplasmic reticulum membrane,https://www.proteinatlas.org/search/LMAN2
Q12923,PTPN13,"Cytoplasm, cytoskeleton; Nucleus; Cell projection, lamellipodium",https://www.proteinatlas.org/search/PTPN13
Q12931,TRAP1,Mitochondrion; Mitochondrion inner membrane; Mitochondrion matrix,https://www.proteinatlas.org/search/TRAP1
Q12933,TRAF2,Cytoplasm,https://www.proteinatlas.org/search/TRAF2
Q12955,ANK3,"Cytoplasm, cytoskeleton; Cell projection, axon; Cell membrane, sarcolemma; Postsynaptic cell membrane; Lysosome; Cell membrane, sarcolemma, T-tubule; Cytoplasm, cytoskeleton; Golgi apparatus",https://www.proteinatlas.org/search/ANK3
Q12959,DLG1,"Cell membrane; Basolateral cell membrane; Endoplasmic reticulum membrane; Postsynaptic density; Synapse; Cell membrane, sarcolemma; Apical cell membrane; Cell junction; Cytoplasm",https://www.proteinatlas.org/search/DLG1
Q12962,TAF10,Nucleus,https://www.proteinatlas.org/search/TAF10
Q12968,NFATC3,Cytoplasm; Nucleus,https://www.proteinatlas.org/search/NFATC3
Q12972,PPP1R8,Nucleus; Nucleus speckle; Cytoplasm,https://www.proteinatlas.org/search/PPP1R8
Q12974,PTP4A2,Cell membrane; Early endosome; Cytoplasm,https://www.proteinatlas.org/search/PTP4A2
Q12979,ABR,"Cell projection, dendritic spine; Cell projection, axon; Synapse",https://www.proteinatlas.org/search/ABR
Q12986,NFX1,Nucleus,https://www.proteinatlas.org/search/NFX1
Q12996,CSTF3,Nucleus,https://www.proteinatlas.org/search/CSTF3
Q13011,ECH1,Mitochondrion; Peroxisome,https://www.proteinatlas.org/search/ECH1
Q13015,MLLT11,"Nucleus; Cytoplasm; Cytoplasm, cytoskeleton, microtubule organizing center, centrosome",https://www.proteinatlas.org/search/MLLT11
Q13033,STRN3,Cytoplasm; Membrane,https://www.proteinatlas.org/search/STRN3
Q13042,CDC16,"Cytoplasm, cytoskeleton, microtubule organizing center, centrosome; Cytoplasm, cytoskeleton, spindle",https://www.proteinatlas.org/search/CDC16
Q13045,FLII,"Nucleus; Cytoplasm, cytoskeleton; Cytoplasm, cytoskeleton, microtubule organizing center, centrosome; Cell projection, podosome; Cell junction, focal adhesion",https://www.proteinatlas.org/search/FLII
Q13049,TRIM32,Cytoplasm; Mitochondrion; Endoplasmic reticulum,https://www.proteinatlas.org/search/TRIM32
Q13057,COASY,"Cytoplasm, cytosol; Mitochondrion matrix",https://www.proteinatlas.org/search/COASY
Q13069,GAGE5,,https://www.proteinatlas.org/search/GAGE5
Q13084,MRPL28,Mitochondrion,https://www.proteinatlas.org/search/MRPL28
Q13085,ACACA,"Cytoplasm, cytosol",https://www.proteinatlas.org/search/ACACA
Q13094,LCP2,Cytoplasm,https://www.proteinatlas.org/search/LCP2
Q13098,GPS1,Cytoplasm; Nucleus,https://www.proteinatlas.org/search/GPS1
Q13111,CHAF1A,Nucleus,https://www.proteinatlas.org/search/CHAF1A
Q13112,CHAF1B,Nucleus; Cytoplasm,https://www.proteinatlas.org/search/CHAF1B
Q13123,IK,"Nucleus; Nucleus, nucleoplasm; Chromosome; Cytoplasm, cytoskeleton, spindle pole",https://www.proteinatlas.org/search/IK
Q13131,PRKAA1,Cytoplasm; Nucleus; Late endosome,https://www.proteinatlas.org/search/PRKAA1
Q13136,PPFIA1,"Cytoplasm, cell cortex; Cytoplasm",https://www.proteinatlas.org/search/PPFIA1
Q13137,CALCOCO2,"Cytoplasm, perinuclear region; Cytoplasm, cytoskeleton; Cytoplasmic vesicle, autophagosome membrane",https://www.proteinatlas.org/search/CALCOCO2
Q13144,EIF2B5,"Cytoplasm, cytosol",https://www.proteinatlas.org/search/EIF2B5
Q13148,TARDBP,"Nucleus; Cytoplasm; Cytoplasm, Stress granule; Mitochondrion",https://www.proteinatlas.org/search/TARDBP
Q13151,HNRNPA0,Nucleus,https://www.proteinatlas.org/search/HNRNPA0
Q13155,AIMP2,"Cytoplasm, cytosol; Nucleus",https://www.proteinatlas.org/search/AIMP2
Q13158,FADD,Cytoplasm,https://www.proteinatlas.org/search/FADD
Q13162,PRDX4,Cytoplasm; Endoplasmic reticulum,https://www.proteinatlas.org/search/PRDX4
Q13164,MAPK7,"Cytoplasm; Nucleus; Nucleus, PML body",https://www.proteinatlas.org/search/MAPK7
Q13177,PAK2,"Cytoplasm; Nucleus; Nucleus; Cytoplasm, perinuclear region; Membrane",https://www.proteinatlas.org/search/PAK2
Q13185,CBX3,Nucleus,https://www.proteinatlas.org/search/CBX3
Q13188,STK3,"Cytoplasm; Nucleus; Cytoplasm, cytoskeleton, microtubule organizing center, centrosome",https://www.proteinatlas.org/search/STK3
Q13190,STX5,Endoplasmic reticulum-Golgi intermediate compartment membrane; Golgi apparatus membrane,https://www.proteinatlas.org/search/STX5
Q13200,PSMD2,,https://www.proteinatlas.org/search/PSMD2
Q13206,DDX10,"Cytoplasm; Nucleus; Nucleus, nucleolus",https://www.proteinatlas.org/search/DDX10
Q13217,DNAJC3,Endoplasmic reticulum,https://www.proteinatlas.org/search/DNAJC3
Q13228,SELENBP1,"Nucleus; Cytoplasm, cytosol; Membrane",https://www.proteinatlas.org/search/SELENBP1
Q13232,NME3,"Mitochondrion outer membrane; Cytoplasm; Cytoplasm, cytoskeleton, cilium basal body",https://www.proteinatlas.org/search/NME3
Q13242,SRSF9,Nucleus,https://www.proteinatlas.org/search/SRSF9
Q13243,SRSF5,Nucleus,https://www.proteinatlas.org/search/SRSF5
Q13247,SRSF6,Nucleus; Nucleus speckle,https://www.proteinatlas.org/search/SRSF6
Q13257,MAD2L1,"Nucleus; Chromosome, centromere, kinetochore; Cytoplasm; Cytoplasm, cytoskeleton, spindle pole",https://www.proteinatlas.org/search/MAD2L1
Q13263,TRIM28,Nucleus,https://www.proteinatlas.org/search/TRIM28
Q13268,DHRS2,Mitochondrion matrix; Nucleus,https://www.proteinatlas.org/search/DHRS2
Q13277,STX3,Apical cell membrane; Nucleus,https://www.proteinatlas.org/search/STX3
Q13283,G3BP1,"Cytoplasm, cytosol; Perikaryon; Cytoplasm, Stress granule; Nucleus",https://www.proteinatlas.org/search/G3BP1
Q13287,NMI,Cytoplasm; Nucleus; Secreted,https://www.proteinatlas.org/search/NMI
Q13309,SKP2,Cytoplasm; Nucleus,https://www.proteinatlas.org/search/SKP2
Q13310,PABPC4,Cytoplasm,https://www.proteinatlas.org/search/PABPC4
Q13322,GRB10,Cytoplasm,https://www.proteinatlas.org/search/GRB10
Q13330,MTA1,"Nucleus; Cytoplasm; Nucleus; Nucleus envelope; Cytoplasm; Cytoplasm, cytoskeleton",https://www.proteinatlas.org/search/MTA1
Q13347,EIF3I,Cytoplasm,https://www.proteinatlas.org/search/EIF3I
Q13356,PPIL2,Nucleus,https://www.proteinatlas.org/search/PPIL2
Q13362,PPP2R5C,"Nucleus; Chromosome, centromere",https://www.proteinatlas.org/search/PPP2R5C
Q13363,CTBP1,Cytoplasm; Nucleus,https://www.proteinatlas.org/search/CTBP1
Q13371,PDCL,"Cell projection, cilium",https://www.proteinatlas.org/search/PDCL
Q13404,UBE2V1,Nucleus,https://www.proteinatlas.org/search/UBE2V1
Q13405,MRPL49,Mitochondrion,https://www.proteinatlas.org/search/MRPL49
Q13409,DYNC1I2,"Cytoplasm, cytoskeleton; Cytoplasm",https://www.proteinatlas.org/search/DYNC1I2
Q13415,ORC1,Nucleus,https://www.proteinatlas.org/search/ORC1
Q13416,ORC2,Nucleus,https://www.proteinatlas.org/search/ORC2
Q13418,ILK,"Cell junction, focal adhesion; Cell membrane; Cell projection, lamellipodium; Cytoplasm, myofibril, sarcomere; Cytoplasm; Nucleus; Cytoplasm, cytoskeleton, microtubule organizing center, centrosome; Cytoplasm, cell cortex",https://www.proteinatlas.org/search/ILK
Q13422,IKZF1,Nucleus; Nucleus; Cytoplasm,https://www.proteinatlas.org/search/IKZF1
Q13423,NNT,Mitochondrion inner membrane,https://www.proteinatlas.org/search/NNT
Q13426,XRCC4,Nucleus; Chromosome; Cytoplasm,https://www.proteinatlas.org/search/XRCC4
Q13427,PPIG,Nucleus matrix; Nucleus speckle,https://www.proteinatlas.org/search/PPIG
Q13428,TCOF1,"Nucleus, nucleolus",https://www.proteinatlas.org/search/TCOF1
Q13435,SF3B2,Nucleus; Nucleus speckle,https://www.proteinatlas.org/search/SF3B2
Q13439,GOLGA4,"Cytoplasm; Golgi apparatus membrane; Golgi apparatus, trans-Golgi network membrane",https://www.proteinatlas.org/search/GOLGA4
Q13442,PDAP1,,https://www.proteinatlas.org/search/PDAP1
Q13451,FKBP5,Cytoplasm; Nucleus,https://www.proteinatlas.org/search/FKBP5
Q13459,MYO9B,"Cytoplasm, cell cortex; Cytoplasm, perinuclear region; Cytoplasm, cytoskeleton",https://www.proteinatlas.org/search/MYO9B
Q13464,ROCK1,"Cytoplasm; Cytoplasm, cytoskeleton, microtubule organizing center, centrosome, centriole; Golgi apparatus membrane; Cell projection, bleb; Cytoplasm, cytoskeleton; Cell membrane; Cell projection, lamellipodium; Cell projection, ruffle",https://www.proteinatlas.org/search/ROCK1
Q13469,NFATC2,Cytoplasm; Nucleus,https://www.proteinatlas.org/search/NFATC2
Q13472,TOP3A,Mitochondrion matrix,https://www.proteinatlas.org/search/TOP3A
Q13485,SMAD4,Cytoplasm; Nucleus,https://www.proteinatlas.org/search/SMAD4
Q13490,BIRC2,Cytoplasm; Nucleus,https://www.proteinatlas.org/search/BIRC2
Q13492,PICALM,"Cell membrane; Membrane, clathrin-coated pit; Golgi apparatus; Cytoplasmic vesicle, clathrin-coated vesicle; Nucleus",https://www.proteinatlas.org/search/PICALM
Q13501,SQSTM1,"Cytoplasmic vesicle, autophagosome; Preautophagosomal structure; Cytoplasm, cytosol; Nucleus, PML body; Late endosome; Lysosome; Nucleus; Endoplasmic reticulum; Cytoplasm, myofibril, sarcomere",https://www.proteinatlas.org/search/SQSTM1
Q13503,MED21,Nucleus,https://www.proteinatlas.org/search/MED21
Q13505,MTX1,Membrane; Mitochondrion outer membrane,https://www.proteinatlas.org/search/MTX1
Q13509,TUBB3,"Cytoplasm, cytoskeleton; Cell projection, growth cone; Cell projection, lamellipodium; Cell projection, filopodium",https://www.proteinatlas.org/search/TUBB3
Q13510,ASAH1,Lysosome; Secreted; Nucleus; Cytoplasm,https://www.proteinatlas.org/search/ASAH1
Q13523,PRP4K,"Nucleus; Chromosome, centromere, kinetochore",https://www.proteinatlas.org/search/PRP4K
Q13526,PIN1,Nucleus; Nucleus speckle; Cytoplasm,https://www.proteinatlas.org/search/PIN1
Q13541,EIF4EBP1,Cytoplasm; Nucleus,https://www.proteinatlas.org/search/EIF4EBP1
Q13542,EIF4EBP2,Cytoplasm; Nucleus,https://www.proteinatlas.org/search/EIF4EBP2
Q13546,RIPK1,Cytoplasm; Cell membrane,https://www.proteinatlas.org/search/RIPK1
Q13547,HDAC1,Nucleus,https://www.proteinatlas.org/search/HDAC1
Q13555,CAMK2G,Sarcoplasmic reticulum membrane,https://www.proteinatlas.org/search/CAMK2G
Q13561,DCTN2,"Cytoplasm, cytoskeleton, microtubule organizing center, centrosome; Membrane; Cytoplasm, cytoskeleton",https://www.proteinatlas.org/search/DCTN2
Q13564,NAE1,Cell membrane,https://www.proteinatlas.org/search/NAE1
Q13573,SNW1,Nucleus,https://www.proteinatlas.org/search/SNW1
Q13574,DGKZ,"Nucleus; Cytoplasm, cytosol; Cell membrane; Cell projection, lamellipodium",https://www.proteinatlas.org/search/DGKZ
Q13576,IQGAP2,,https://www.proteinatlas.org/search/IQGAP2
Q13586,STIM1,"Cell membrane; Endoplasmic reticulum membrane; Cytoplasm, cytoskeleton; Sarcoplasmic reticulum",https://www.proteinatlas.org/search/STIM1
Q13595,TRA2A,Nucleus,https://www.proteinatlas.org/search/TRA2A
Q13596,SNX1,"Endosome membrane; Golgi apparatus, trans-Golgi network membrane; Early endosome membrane; Cell projection, lamellipodium",https://www.proteinatlas.org/search/SNX1
Q13601,KRR1,"Nucleus, nucleolus; Nucleus; Cytoplasm",https://www.proteinatlas.org/search/KRR1
Q13608,PEX6,"Cytoplasm, cytosol; Peroxisome membrane; Cell projection, cilium, photoreceptor outer segment",https://www.proteinatlas.org/search/PEX6
Q13610,PWP1,"Nucleus; Nucleus, nucleolus; Chromosome",https://www.proteinatlas.org/search/PWP1
Q13613,MTMR1,Cell membrane; Cytoplasm,https://www.proteinatlas.org/search/MTMR1
Q13614,MTMR2,"Cytoplasm; Early endosome membrane; Cytoplasm, perinuclear region; Cell projection, axon; Endosome membrane",https://www.proteinatlas.org/search/MTMR2
Q13616,CUL1,,https://www.proteinatlas.org/search/CUL1
Q13617,CUL2,Nucleus,https://www.proteinatlas.org/search/CUL2
Q13618,CUL3,"Nucleus; Golgi apparatus; Cell projection, cilium, flagellum; Cytoplasm, cytoskeleton, spindle; Cytoplasm; Cytoplasm, cytoskeleton, microtubule organizing center, centrosome; Cytoplasm, cytoskeleton, spindle pole",https://www.proteinatlas.org/search/CUL3
Q13619,CUL4A,,https://www.proteinatlas.org/search/CUL4A
Q13620,CUL4B,Cytoplasm; Nucleus,https://www.proteinatlas.org/search/CUL4B
Q13625,TP53BP2,"Cytoplasm, perinuclear region; Nucleus",https://www.proteinatlas.org/search/TP53BP2
Q13627,DYRK1A,Nucleus; Nucleus speckle,https://www.proteinatlas.org/search/DYRK1A
Q13630,GFUS,,https://www.proteinatlas.org/search/GFUS
Q13636,RAB31,"Golgi apparatus, trans-Golgi network; Golgi apparatus, trans-Golgi network membrane; Early endosome; Cytoplasmic vesicle, phagosome; Cytoplasmic vesicle, phagosome membrane",https://www.proteinatlas.org/search/RAB31
Q13643,FHL3,Nucleus; Cytoplasm,https://www.proteinatlas.org/search/FHL3
Q13685,AAMP,Cell membrane; Cytoplasm,https://www.proteinatlas.org/search/AAMP
Q13686,ALKBH1,Nucleus; Mitochondrion,https://www.proteinatlas.org/search/ALKBH1
Q13724,MOGS,Endoplasmic reticulum membrane,https://www.proteinatlas.org/search/MOGS
Q13769,THOC5,Nucleus; Cytoplasm,https://www.proteinatlas.org/search/THOC5
Q13795,ARFRP1,"Golgi apparatus; Golgi apparatus, trans-Golgi network",https://www.proteinatlas.org/search/ARFRP1
Q13813,SPTAN1,"Cytoplasm, cytoskeleton; Cytoplasm, cell cortex",https://www.proteinatlas.org/search/SPTAN1
Q13823,GNL2,"Nucleus, nucleolus",https://www.proteinatlas.org/search/GNL2
Q13838,DDX39B,Nucleus; Nucleus speckle; Cytoplasm,https://www.proteinatlas.org/search/DDX39B
Q13867,BLMH,Cytoplasm; Cytoplasmic granule,https://www.proteinatlas.org/search/BLMH
Q13868,EXOSC2,"Cytoplasm; Nucleus, nucleolus; Nucleus",https://www.proteinatlas.org/search/EXOSC2
Q13885,TUBB2A,"Cytoplasm, cytoskeleton",https://www.proteinatlas.org/search/TUBB2A
Q13888,GTF2H2,Nucleus,https://www.proteinatlas.org/search/GTF2H2
Q13889,GTF2H3,Nucleus,https://www.proteinatlas.org/search/GTF2H3
Q13895,BYSL,"Cytoplasm; Nucleus, nucleolus",https://www.proteinatlas.org/search/BYSL
Q13901,C1D,"Nucleus; Cytoplasm; Nucleus, nucleolus",https://www.proteinatlas.org/search/C1D
Q13907,IDI1,Peroxisome,https://www.proteinatlas.org/search/IDI1
Q13948,CUX1,Golgi apparatus membrane,https://www.proteinatlas.org/search/CUX1
Q13951,CBFB,Nucleus,https://www.proteinatlas.org/search/CBFB
Q13952,NFYC,Nucleus,https://www.proteinatlas.org/search/NFYC
Q14004,CDK13,Nucleus speckle,https://www.proteinatlas.org/search/CDK13
Q14008,CKAP5,"Cytoplasm, cytoskeleton, microtubule organizing center, centrosome; Cytoplasm, cytoskeleton, spindle pole; Cytoplasm, cytoskeleton, spindle; Chromosome, centromere, kinetochore",https://www.proteinatlas.org/search/CKAP5
Q14011,CIRBP,"Nucleus, nucleoplasm; Cytoplasm",https://www.proteinatlas.org/search/CIRBP
Q14019,COTL1,"Cytoplasm; Cytoplasm, cytoskeleton; Nucleus",https://www.proteinatlas.org/search/COTL1
Q14028,CNGB1,"Photoreceptor outer segment membrane; Cell projection, cilium membrane",https://www.proteinatlas.org/search/CNGB1
Q14061,COX17,Mitochondrion intermembrane space; Cytoplasm,https://www.proteinatlas.org/search/COX17
Q14103,HNRNPD,Nucleus; Cytoplasm,https://www.proteinatlas.org/search/HNRNPD
Q14108,SCARB2,Lysosome membrane,https://www.proteinatlas.org/search/SCARB2
Q14118,DAG1,"Secreted, extracellular space; Secreted, extracellular space, extracellular matrix, basement membrane; Synapse; Cell membrane; Cytoplasm, cytoskeleton; Nucleus, nucleoplasm; Cell membrane, sarcolemma; Synapse; Postsynaptic cell membrane",https://www.proteinatlas.org/search/DAG1
Q14137,BOP1,"Nucleus, nucleolus; Nucleus, nucleoplasm",https://www.proteinatlas.org/search/BOP1
Q14139,UBE4A,Cytoplasm,https://www.proteinatlas.org/search/UBE4A
Q14141,SEPTIN6,"Cytoplasm; Cytoplasm, cytoskeleton, spindle; Chromosome, centromere, kinetochore; Cleavage furrow; Midbody; Cell projection, cilium, flagellum",https://www.proteinatlas.org/search/SEPTIN6
Q14142,TRIM14,"Mitochondrion outer membrane; Cytoplasmic vesicle, phagosome; Nucleus",https://www.proteinatlas.org/search/TRIM14
Q14145,KEAP1,Cytoplasm; Nucleus,https://www.proteinatlas.org/search/KEAP1
Q14146,URB2,"Nucleus, nucleolus",https://www.proteinatlas.org/search/URB2
Q14149,MORC3,"Nucleus, nucleoplasm; Nucleus matrix; Nucleus, PML body; Chromosome",https://www.proteinatlas.org/search/MORC3
Q14151,SAFB2,Cytoplasm; Nucleus,https://www.proteinatlas.org/search/SAFB2
Q14152,EIF3A,Cytoplasm,https://www.proteinatlas.org/search/EIF3A
Q14155,ARHGEF7,"Cell junction, focal adhesion; Cell projection, ruffle; Cytoplasm, cell cortex; Cell projection, lamellipodium",https://www.proteinatlas.org/search/ARHGEF7
Q14157,UBAP2L,"Nucleus; Chromosome; Cytoplasm; Cytoplasm, Stress granule",https://www.proteinatlas.org/search/UBAP2L
Q14160,SCRIB,"Cell membrane; Cell junction; Cell junction, adherens junction; Cell projection, lamellipodium; Cytoplasm; Postsynapse; Presynapse",https://www.proteinatlas.org/search/SCRIB
Q14166,TTLL12,"Cytoplasm; Midbody; Cytoplasm, cytoskeleton, microtubule organizing center, centrosome; Cytoplasm, cytoskeleton, spindle; Nucleus",https://www.proteinatlas.org/search/TTLL12
Q14181,POLA2,Nucleus,https://www.proteinatlas.org/search/POLA2
Q14186,TFDP1,Nucleus; Cytoplasm,https://www.proteinatlas.org/search/TFDP1
Q14191,WRN,"Nucleus, nucleolus; Nucleus; Nucleus, nucleoplasm; Chromosome",https://www.proteinatlas.org/search/WRN
Q14192,FHL2,"Cytoplasm; Nucleus; Cytoplasm, myofibril, sarcomere, Z line",https://www.proteinatlas.org/search/FHL2
Q14197,MRPL58,Mitochondrion,https://www.proteinatlas.org/search/MRPL58
Q14202,ZMYM3,Nucleus,https://www.proteinatlas.org/search/ZMYM3
Q14203,DCTN1,"Cytoplasm; Cytoplasm, cytoskeleton; Cytoplasm, cytoskeleton, microtubule organizing center, centrosome; Cytoplasm, cytoskeleton, microtubule organizing center, centrosome, centriole; Cytoplasm, cytoskeleton, spindle; Nucleus envelope; Cytoplasm, cell cortex",https://www.proteinatlas.org/search/DCTN1
Q14204,DYNC1H1,"Cytoplasm, cytoskeleton",https://www.proteinatlas.org/search/DYNC1H1
Q14232,EIF2B1,"Cytoplasm, cytosol",https://www.proteinatlas.org/search/EIF2B1
Q14240,EIF4A2,,https://www.proteinatlas.org/search/EIF4A2
Q14241,ELOA,Nucleus,https://www.proteinatlas.org/search/ELOA
Q14247,CTTN,"Cytoplasm, cytoskeleton; Cell projection, lamellipodium; Cell projection, ruffle; Cell projection, dendrite; Cell projection; Cell membrane; Cell projection, podosome; Cell junction; Cell junction, focal adhesion; Membrane, clathrin-coated pit; Cell projection, dendritic spine; Cytoplasm, cell cortex; Endoplasmic reticulum",https://www.proteinatlas.org/search/CTTN
Q14249,ENDOG,Mitochondrion,https://www.proteinatlas.org/search/ENDOG
Q14254,FLOT2,"Cell membrane; Membrane, caveola; Endosome; Membrane",https://www.proteinatlas.org/search/FLOT2
Q14257,RCN2,Endoplasmic reticulum lumen,https://www.proteinatlas.org/search/RCN2
Q14258,TRIM25,"Cytoplasm; Cytoplasm, Stress granule; Nucleus",https://www.proteinatlas.org/search/TRIM25
Q14289,PTK2B,"Cytoplasm; Cytoplasm, perinuclear region; Cell membrane; Cell junction, focal adhesion; Cell projection, lamellipodium; Cytoplasm, cell cortex; Nucleus",https://www.proteinatlas.org/search/PTK2B
Q14315,FLNC,"Cytoplasm; Membrane; Cytoplasm, cytoskeleton; Cytoplasm, myofibril, sarcomere, Z line",https://www.proteinatlas.org/search/FLNC
Q14318,FKBP8,Mitochondrion; Mitochondrion membrane; Mitochondrion membrane; Mitochondrion membrane,https://www.proteinatlas.org/search/FKBP8
Q14320,FAM50A,Nucleus,https://www.proteinatlas.org/search/FAM50A
Q14331,FRG1,"Nucleus, Cajal body; Nucleus, nucleolus; Cytoplasm; Cytoplasm, myofibril, sarcomere, Z line",https://www.proteinatlas.org/search/FRG1
Q14344,GNA13,Cell membrane; Melanosome; Cytoplasm; Nucleus,https://www.proteinatlas.org/search/GNA13
Q14353,GAMT,,https://www.proteinatlas.org/search/GAMT
Q14376,GALE,,https://www.proteinatlas.org/search/GALE
Q14444,CAPRIN1,"Cytoplasm, Cytoplasmic ribonucleoprotein granule; Cytoplasm, cytosol; Cell projection, dendrite; Cell projection, lamellipodium; Cytoplasm, cytosol",https://www.proteinatlas.org/search/CAPRIN1
Q14457,BECN1,"Cytoplasm; Golgi apparatus, trans-Golgi network membrane; Endosome membrane; Endoplasmic reticulum membrane; Mitochondrion membrane; Endosome; Cytoplasmic vesicle, autophagosome; Mitochondrion; Nucleus; Cytoplasm; Mitochondrion",https://www.proteinatlas.org/search/BECN1
Q14493,SLBP,Cytoplasm; Nucleus,https://www.proteinatlas.org/search/SLBP
Q14498,RBM39,Nucleus speckle,https://www.proteinatlas.org/search/RBM39
Q14527,HLTF,Nucleus; Chromosome,https://www.proteinatlas.org/search/HLTF
Q14534,SQLE,Microsome membrane; Endoplasmic reticulum membrane,https://www.proteinatlas.org/search/SQLE
Q14542,SLC29A2,Apical cell membrane; Basolateral cell membrane; Cell membrane,https://www.proteinatlas.org/search/SLC29A2
Q14554,PDIA5,Endoplasmic reticulum lumen,https://www.proteinatlas.org/search/PDIA5
Q14558,PRPSAP1,,https://www.proteinatlas.org/search/PRPSAP1
Q14562,DHX8,Nucleus,https://www.proteinatlas.org/search/DHX8
Q14566,MCM6,Nucleus; Chromosome,https://www.proteinatlas.org/search/MCM6
Q14624,ITIH4,Secreted,https://www.proteinatlas.org/search/ITIH4
Q14644,RASA3,Cell membrane,https://www.proteinatlas.org/search/RASA3
Q14651,PLS1,"Cytoplasm; Cell projection, stereocilium",https://www.proteinatlas.org/search/PLS1
Q14653,IRF3,Cytoplasm; Nucleus; Mitochondrion,https://www.proteinatlas.org/search/IRF3
Q14657,LAGE3,Cytoplasm; Nucleus,https://www.proteinatlas.org/search/LAGE3
Q14669,TRIP12,"Nucleus, nucleoplasm",https://www.proteinatlas.org/search/TRIP12
Q14671,PUM1,"Cytoplasm; Cytoplasm, P-body; Cytoplasmic granule",https://www.proteinatlas.org/search/PUM1
Q14676,MDC1,Nucleus; Chromosome,https://www.proteinatlas.org/search/MDC1
Q14677,CLINT1,"Cytoplasm; Cytoplasm, perinuclear region; Membrane; Cytoplasmic vesicle, clathrin-coated vesicle",https://www.proteinatlas.org/search/CLINT1
Q14683,SMC1A,"Nucleus; Chromosome; Chromosome, centromere, kinetochore",https://www.proteinatlas.org/search/SMC1A
Q14684,RRP1B,"Nucleus, nucleolus; Nucleus, nucleoplasm; Chromosome; Nucleus, nucleoplasm",https://www.proteinatlas.org/search/RRP1B
Q14686,NCOA6,Nucleus,https://www.proteinatlas.org/search/NCOA6
Q14687,GSE1,,https://www.proteinatlas.org/search/GSE1
Q14690,PDCD11,"Nucleus, nucleolus",https://www.proteinatlas.org/search/PDCD11
Q14691,GINS1,Nucleus; Chromosome,https://www.proteinatlas.org/search/GINS1
Q14692,BMS1,"Nucleus, nucleolus",https://www.proteinatlas.org/search/BMS1
Q14693,LPIN1,"Cytoplasm, cytosol; Endoplasmic reticulum membrane; Nucleus membrane",https://www.proteinatlas.org/search/LPIN1
Q14694,USP10,Cytoplasm; Nucleus; Early endosome,https://www.proteinatlas.org/search/USP10
Q14696,MESD,Endoplasmic reticulum,https://www.proteinatlas.org/search/MESD
Q14697,GANAB,Endoplasmic reticulum; Golgi apparatus; Melanosome,https://www.proteinatlas.org/search/GANAB
Q14738,PPP2R5D,Cytoplasm; Nucleus,https://www.proteinatlas.org/search/PPP2R5D
Q14739,LBR,Nucleus inner membrane; Endoplasmic reticulum membrane; Cytoplasm; Nucleus,https://www.proteinatlas.org/search/LBR
Q14746,COG2,Golgi apparatus membrane,https://www.proteinatlas.org/search/COG2
Q14781,CBX2,Nucleus; Chromosome,https://www.proteinatlas.org/search/CBX2
Q14789,GOLGB1,Golgi apparatus membrane,https://www.proteinatlas.org/search/GOLGB1
Q14790,CASP8,"Cytoplasm; Nucleus; Cell projection, lamellipodium",https://www.proteinatlas.org/search/CASP8
Q147X3,NAA30,Cytoplasm; Nucleus,https://www.proteinatlas.org/search/NAA30
Q14807,KIF22,"Nucleus; Cytoplasm, cytoskeleton",https://www.proteinatlas.org/search/KIF22
Q14839,CHD4,"Nucleus; Cytoplasm, cytoskeleton, microtubule organizing center, centrosome",https://www.proteinatlas.org/search/CHD4
Q14847,LASP1,"Cytoplasm, cell cortex; Cytoplasm, cytoskeleton",https://www.proteinatlas.org/search/LASP1
Q14919,DRAP1,Nucleus,https://www.proteinatlas.org/search/DRAP1
Q14966,ZNF638,Nucleus speckle,https://www.proteinatlas.org/search/ZNF638
Q14974,KPNB1,Cytoplasm; Nucleus envelope,https://www.proteinatlas.org/search/KPNB1
Q14978,NOLC1,"Nucleus, nucleolus; Cytoplasm",https://www.proteinatlas.org/search/NOLC1
Q14980,NUMA1,"Nucleus; Nucleus, nucleoplasm; Nucleus matrix; Chromosome; Cytoplasm, cytoskeleton; Cytoplasm, cytoskeleton, microtubule organizing center, centrosome; Cytoplasm, cytoskeleton, spindle pole; Cytoplasm, cell cortex; Cell membrane; Lateral cell membrane; Cytoplasm, cytosol; Cytoplasm, cytoskeleton, microtubule organizing center, centrosome; Cytoplasm, cytoskeleton, spindle pole; Cytoplasm, cytosol; Cytoplasm, cytoskeleton, microtubule organizing center, centrosome; Cytoplasm, cytoskeleton, spindle pole",https://www.proteinatlas.org/search/NUMA1
Q14997,PSME4,"Cytoplasm, cytosol; Nucleus; Nucleus speckle",https://www.proteinatlas.org/search/PSME4
Q14C86,GAPVD1,Membrane; Endosome,https://www.proteinatlas.org/search/GAPVD1
Q14CX7,NAA25,Cytoplasm,https://www.proteinatlas.org/search/NAA25
Q14CZ7,FASTKD3,Mitochondrion,https://www.proteinatlas.org/search/FASTKD3
Q15003,NCAPH,Nucleus; Cytoplasm; Chromosome,https://www.proteinatlas.org/search/NCAPH
Q15004,PCLAF,"Nucleus; Cytoplasm, perinuclear region",https://www.proteinatlas.org/search/PCLAF
Q15005,SPCS2,Endoplasmic reticulum membrane,https://www.proteinatlas.org/search/SPCS2
Q15006,EMC2,Endoplasmic reticulum membrane,https://www.proteinatlas.org/search/EMC2
Q15007,WTAP,"Nucleus speckle; Nucleus, nucleoplasm; Cytoplasm",https://www.proteinatlas.org/search/WTAP
Q15008,PSMD6,,https://www.proteinatlas.org/search/PSMD6
Q15013,MAD2L1BP,"Nucleus; Cytoplasm, cytoskeleton, spindle",https://www.proteinatlas.org/search/MAD2L1BP
Q15014,MORF4L2,Nucleus,https://www.proteinatlas.org/search/MORF4L2
Q15018,ABRAXAS2,"Cytoplasm; Nucleus; Cytoplasm, cytoskeleton, spindle pole; Cytoplasm, cytoskeleton",https://www.proteinatlas.org/search/ABRAXAS2
Q15019,SEPTIN2,"Cytoplasm; Cytoplasm, cytoskeleton; Cytoplasm, cytoskeleton, spindle; Chromosome, centromere, kinetochore; Cleavage furrow; Midbody; Cytoplasm, cell cortex; Cell projection, cilium membrane; Cell projection, cilium, flagellum",https://www.proteinatlas.org/search/SEPTIN2
Q15020,SART3,"Nucleus, nucleoplasm; Nucleus, Cajal body; Nucleus speckle; Cytoplasm",https://www.proteinatlas.org/search/SART3
Q15021,NCAPD2,Nucleus; Cytoplasm; Chromosome,https://www.proteinatlas.org/search/NCAPD2
Q15022,SUZ12,Nucleus,https://www.proteinatlas.org/search/SUZ12
Q15024,EXOSC7,"Nucleus, nucleolus; Cytoplasm; Nucleus",https://www.proteinatlas.org/search/EXOSC7
Q15029,EFTUD2,Nucleus,https://www.proteinatlas.org/search/EFTUD2
Q15031,LARS2,Mitochondrion matrix,https://www.proteinatlas.org/search/LARS2
Q15032,R3HDM1,,https://www.proteinatlas.org/search/R3HDM1
Q15036,SNX17,Cytoplasm; Early endosome; Cytoplasmic vesicle membrane,https://www.proteinatlas.org/search/SNX17
Q15038,DAZAP2,"Cytoplasm; Nucleus; Nucleus speckle; Nucleus, nuclear body; Cytoplasm, Stress granule",https://www.proteinatlas.org/search/DAZAP2
Q15041,ARL6IP1,Endomembrane system; Endoplasmic reticulum membrane; Endoplasmic reticulum,https://www.proteinatlas.org/search/ARL6IP1
Q15042,RAB3GAP1,"Cytoplasm; Endoplasmic reticulum; Golgi apparatus, cis-Golgi network",https://www.proteinatlas.org/search/RAB3GAP1
Q15043,SLC39A14,Cell membrane; Apical cell membrane; Basolateral cell membrane; Early endosome membrane; Late endosome membrane; Lysosome membrane,https://www.proteinatlas.org/search/SLC39A14
Q15046,KARS1,"Cytoplasm, cytosol; Cytoplasm; Nucleus; Cell membrane; Secreted; Mitochondrion",https://www.proteinatlas.org/search/KARS1
Q15047,SETDB1,Nucleus; Cytoplasm; Chromosome,https://www.proteinatlas.org/search/SETDB1
Q15048,LRRC14,Cytoplasm,https://www.proteinatlas.org/search/LRRC14
Q15050,RRS1,"Nucleus, nucleolus",https://www.proteinatlas.org/search/RRS1
Q15052,ARHGEF6,"Cell projection, lamellipodium",https://www.proteinatlas.org/search/ARHGEF6
Q15054,POLD3,Cytoplasm; Nucleus,https://www.proteinatlas.org/search/POLD3
Q15056,EIF4H,"Cytoplasm, perinuclear region",https://www.proteinatlas.org/search/EIF4H
Q15057,ACAP2,Cell membrane; Endosome membrane,https://www.proteinatlas.org/search/ACAP2
Q15058,KIF14,"Nucleus; Cytoplasm; Cytoplasm, cytoskeleton, spindle; Midbody",https://www.proteinatlas.org/search/KIF14
Q15059,BRD3,Nucleus; Chromosome,https://www.proteinatlas.org/search/BRD3
Q15061,WDR43,"Nucleus, nucleolus; Nucleus, nucleolus fibrillar center; Nucleus, nucleoplasm",https://www.proteinatlas.org/search/WDR43
Q15067,ACOX1,Peroxisome,https://www.proteinatlas.org/search/ACOX1
Q15070,OXA1L,Mitochondrion inner membrane,https://www.proteinatlas.org/search/OXA1L
Q15075,EEA1,Early endosome membrane; Cytoplasm,https://www.proteinatlas.org/search/EEA1
Q15084,PDIA6,Endoplasmic reticulum lumen; Cell membrane; Melanosome,https://www.proteinatlas.org/search/PDIA6
Q15102,PAFAH1B3,Cytoplasm,https://www.proteinatlas.org/search/PAFAH1B3
Q15118,PDK1,Mitochondrion matrix,https://www.proteinatlas.org/search/PDK1
Q15121,PEA15,Cytoplasm,https://www.proteinatlas.org/search/PEA15
Q15125,EBP,Endoplasmic reticulum membrane; Nucleus envelope; Cytoplasmic vesicle,https://www.proteinatlas.org/search/EBP
Q15126,PMVK,"Cytoplasm, cytosol",https://www.proteinatlas.org/search/PMVK
Q15149,PLEC,"Cytoplasm, cytoskeleton; Cell junction, hemidesmosome; Cell projection, podosome",https://www.proteinatlas.org/search/PLEC
Q15154,PCM1,"Cytoplasm, cytoskeleton; Cytoplasm, cytoskeleton, microtubule organizing center, centrosome; Cytoplasmic granule; Cytoplasm, cytoskeleton, microtubule organizing center, centrosome, centriolar satellite; Cytoplasm, cytoskeleton, cilium basal body",https://www.proteinatlas.org/search/PCM1
Q15172,PPP2R5A,"Cytoplasm; Nucleus; Chromosome, centromere",https://www.proteinatlas.org/search/PPP2R5A
Q15181,PPA1,Cytoplasm,https://www.proteinatlas.org/search/PPA1
Q15185,PTGES3,Cytoplasm,https://www.proteinatlas.org/search/PTGES3
Q15208,STK38,Nucleus; Cytoplasm; Chromosome,https://www.proteinatlas.org/search/STK38
Q15233,NONO,"Nucleus; Nucleus, nucleolus; Nucleus speckle; Chromosome",https://www.proteinatlas.org/search/NONO
Q15257,PTPA,Cytoplasm; Nucleus,https://www.proteinatlas.org/search/PTPA
Q15269,PWP2,"Nucleus, nucleolus",https://www.proteinatlas.org/search/PWP2
Q15274,QPRT,,https://www.proteinatlas.org/search/QPRT
Q15276,RABEP1,Cytoplasm; Early endosome; Recycling endosome; Cytoplasmic vesicle,https://www.proteinatlas.org/search/RABEP1
Q15286,RAB35,"Cell membrane; Membrane, clathrin-coated pit; Cytoplasmic vesicle, clathrin-coated vesicle; Endosome; Melanosome",https://www.proteinatlas.org/search/RAB35
Q15287,RNPS1,Nucleus; Nucleus speckle; Cytoplasm,https://www.proteinatlas.org/search/RNPS1
Q15291,RBBP5,Nucleus,https://www.proteinatlas.org/search/RBBP5
Q15334,LLGL1,"Early endosome membrane; Golgi apparatus, trans-Golgi network membrane; Golgi apparatus membrane; Cell projection, axon; Cytoplasm, cytoskeleton",https://www.proteinatlas.org/search/LLGL1
Q15361,TTF1,"Nucleus; Nucleus, nucleolus; Nucleus, nucleoplasm",https://www.proteinatlas.org/search/TTF1
Q15363,TMED2,"Cytoplasmic vesicle membrane; Cytoplasmic vesicle, COPI-coated vesicle membrane; Golgi apparatus, cis-Golgi network membrane; Golgi apparatus, Golgi stack membrane; Endoplasmic reticulum membrane; Endoplasmic reticulum-Golgi intermediate compartment membrane",https://www.proteinatlas.org/search/TMED2
Q15365,PCBP1,Nucleus; Cytoplasm,https://www.proteinatlas.org/search/PCBP1
Q15366,PCBP2,Nucleus; Cytoplasm,https://www.proteinatlas.org/search/PCBP2
Q15369,ELOC,Nucleus,https://www.proteinatlas.org/search/ELOC
Q15370,ELOB,Nucleus,https://www.proteinatlas.org/search/ELOB
Q15382,RHEB,"Endomembrane system; Lysosome membrane; Golgi apparatus membrane; Endoplasmic reticulum membrane; Cytoplasm, cytosol",https://www.proteinatlas.org/search/RHEB
Q15386,UBE3C,,https://www.proteinatlas.org/search/UBE3C
Q15388,TOMM20,Mitochondrion outer membrane,https://www.proteinatlas.org/search/TOMM20
Q15390,MTFR1,Mitochondrion,https://www.proteinatlas.org/search/MTFR1
Q15393,SF3B3,Nucleus,https://www.proteinatlas.org/search/SF3B3
Q15397,PUM3,"Nucleus, nucleolus; Nucleus, nucleoplasm; Chromosome",https://www.proteinatlas.org/search/PUM3
Q15398,DLGAP5,"Nucleus; Cytoplasm; Cytoplasm, cytoskeleton, spindle",https://www.proteinatlas.org/search/DLGAP5
Q15404,RSU1,,https://www.proteinatlas.org/search/RSU1
Q15418,RPS6KA1,Nucleus; Cytoplasm,https://www.proteinatlas.org/search/RPS6KA1
Q15424,SAFB,Nucleus,https://www.proteinatlas.org/search/SAFB
Q15427,SF3B4,Nucleus,https://www.proteinatlas.org/search/SF3B4
Q15428,SF3A2,Nucleus,https://www.proteinatlas.org/search/SF3A2
Q15435,PPP1R7,Nucleus,https://www.proteinatlas.org/search/PPP1R7
Q15436,SEC23A,"Cytoplasmic vesicle, COPII-coated vesicle membrane; Endoplasmic reticulum membrane; Cytoplasm, cytosol",https://www.proteinatlas.org/search/SEC23A
Q15437,SEC23B,"Cytoplasmic vesicle, COPII-coated vesicle membrane; Endoplasmic reticulum membrane; Cytoplasm, cytosol",https://www.proteinatlas.org/search/SEC23B
Q15459,SF3A1,Nucleus; Nucleus speckle,https://www.proteinatlas.org/search/SF3A1
Q15468,STIL,"Cytoplasm, cytosol; Cytoplasm, cytoskeleton, microtubule organizing center, centrosome, centriole; Cytoplasm, cell cortex",https://www.proteinatlas.org/search/STIL
Q15527,SURF2,,https://www.proteinatlas.org/search/SURF2
Q15528,MED22,Nucleus,https://www.proteinatlas.org/search/MED22
Q15532,SS18,Nucleus,https://www.proteinatlas.org/search/SS18
Q15542,TAF5,Nucleus,https://www.proteinatlas.org/search/TAF5
Q15545,TAF7,Nucleus,https://www.proteinatlas.org/search/TAF7
Q15554,TERF2,"Nucleus; Chromosome, telomere",https://www.proteinatlas.org/search/TERF2
Q15555,MAPRE2,"Cytoplasm, cytoskeleton",https://www.proteinatlas.org/search/MAPRE2
Q15599,NHERF2,Endomembrane system; Nucleus; Apical cell membrane,https://www.proteinatlas.org/search/NHERF2
Q15628,TRADD,"Nucleus; Cytoplasm; Cytoplasm, cytoskeleton",https://www.proteinatlas.org/search/TRADD
Q15631,TSN,Cytoplasm; Nucleus,https://www.proteinatlas.org/search/TSN
Q15633,TARBP2,"Cytoplasm; Cytoplasm, perinuclear region; Nucleus",https://www.proteinatlas.org/search/TARBP2
Q15637,SF1,Nucleus,https://www.proteinatlas.org/search/SF1
Q15642,TRIP10,"Cytoplasm, cytoskeleton; Cytoplasm, cell cortex; Lysosome; Golgi apparatus; Cell membrane; Cell projection, phagocytic cup; Cytoplasm, perinuclear region",https://www.proteinatlas.org/search/TRIP10
Q15643,TRIP11,"Golgi apparatus, cis-Golgi network membrane; Cytoplasm, cytoskeleton; Endoplasmic reticulum-Golgi intermediate compartment membrane",https://www.proteinatlas.org/search/TRIP11
Q15645,TRIP13,,https://www.proteinatlas.org/search/TRIP13
Q15648,MED1,Nucleus,https://www.proteinatlas.org/search/MED1
Q15649,ZNHIT3,Cytoplasm; Nucleus,https://www.proteinatlas.org/search/ZNHIT3
Q15650,TRIP4,"Nucleus; Cytoplasm, cytosol; Cytoplasm, cytoskeleton, microtubule organizing center, centrosome",https://www.proteinatlas.org/search/TRIP4
Q15652,JMJD1C,Nucleus; Nucleus,https://www.proteinatlas.org/search/JMJD1C
Q15653,NFKBIB,Cytoplasm; Nucleus,https://www.proteinatlas.org/search/NFKBIB
Q15654,TRIP6,"Cytoplasm, cytoskeleton; Cell junction, focal adhesion; Nucleus; Cytoplasm",https://www.proteinatlas.org/search/TRIP6
Q15691,MAPRE1,"Cytoplasm, cytoskeleton; Cytoplasm, cytoskeleton, microtubule organizing center, centrosome; Golgi apparatus; Cytoplasm, cytoskeleton, spindle; Cytoplasm, cytoskeleton, spindle pole; Cell membrane",https://www.proteinatlas.org/search/MAPRE1
Q15714,TSC22D1,Cytoplasm; Nucleus; Cell membrane; Cytoplasm; Nucleus; Mitochondrion; Cytoplasm; Nucleus; Mitochondrion; Cytoplasm; Nucleus,https://www.proteinatlas.org/search/TSC22D1
Q15717,ELAVL1,"Cytoplasm; Nucleus; Cytoplasm, Stress granule; Cytoplasm, P-body",https://www.proteinatlas.org/search/ELAVL1
Q15723,ELF2,Nucleus,https://www.proteinatlas.org/search/ELF2
Q15738,NSDHL,Endoplasmic reticulum membrane; Lipid droplet,https://www.proteinatlas.org/search/NSDHL
Q15750,TAB1,"Cytoplasm, cytosol; Endoplasmic reticulum membrane",https://www.proteinatlas.org/search/TAB1
Q15751,HERC1,"Membrane; Cytoplasm, cytosol; Golgi apparatus",https://www.proteinatlas.org/search/HERC1
Q15758,SLC1A5,Cell membrane; Apical cell membrane; Melanosome,https://www.proteinatlas.org/search/SLC1A5
Q15773,MLF2,Cytoplasm; Nucleus,https://www.proteinatlas.org/search/MLF2
Q15785,TOMM34,Cytoplasm; Mitochondrion outer membrane,https://www.proteinatlas.org/search/TOMM34
Q15813,TBCE,"Cytoplasm; Cytoplasm, cytoskeleton",https://www.proteinatlas.org/search/TBCE
Q15814,TBCC,Cytoplasm,https://www.proteinatlas.org/search/TBCC
Q15819,UBE2V2,,https://www.proteinatlas.org/search/UBE2V2
Q15831,STK11,Nucleus; Cytoplasm; Membrane; Mitochondrion; Late endosome; Nucleus; Cytoplasm,https://www.proteinatlas.org/search/STK11
Q15833,STXBP2,Cell membrane; Cytolytic granule membrane,https://www.proteinatlas.org/search/STXBP2
Q15836,VAMP3,"Early endosome membrane; Recycling endosome membrane; Synapse, synaptosome",https://www.proteinatlas.org/search/VAMP3
Q15843,NEDD8,Nucleus,https://www.proteinatlas.org/search/NEDD8
Q15907,RAB11B,"Recycling endosome membrane; Cytoplasmic vesicle, secretory vesicle, synaptic vesicle membrane; Cytoplasmic vesicle, phagosome membrane; Cytoplasmic vesicle",https://www.proteinatlas.org/search/RAB11B
Q15910,EZH2,Nucleus,https://www.proteinatlas.org/search/EZH2
Q15942,ZYX,"Cytoplasm; Cytoplasm, cytoskeleton; Nucleus; Cell junction, focal adhesion",https://www.proteinatlas.org/search/ZYX
Q16134,ETFDH,Mitochondrion inner membrane,https://www.proteinatlas.org/search/ETFDH
Q16181,SEPTIN7,"Cytoplasm; Chromosome, centromere, kinetochore; Cytoplasm, cytoskeleton, spindle; Cleavage furrow; Midbody; Cytoplasm, cytoskeleton, cilium axoneme; Cell projection, cilium, flagellum",https://www.proteinatlas.org/search/SEPTIN7
Q16186,ADRM1,Cytoplasm; Nucleus,https://www.proteinatlas.org/search/ADRM1
Q16204,CCDC6,"Cytoplasm; Cytoplasm, cytoskeleton",https://www.proteinatlas.org/search/CCDC6
Q16222,UAP1,"Cytoplasm, cytosol",https://www.proteinatlas.org/search/UAP1
Q16254,E2F4,Nucleus,https://www.proteinatlas.org/search/E2F4
Q16342,PDCD2,"Nucleus, nucleolus; Cytoplasm, cytosol",https://www.proteinatlas.org/search/PDCD2
Q16384,SSX1,"Cytoplasm, cytoskeleton, flagellum axoneme",https://www.proteinatlas.org/search/SSX1
Q16385,SSX2,Nucleus,https://www.proteinatlas.org/search/SSX2
Q16401,PSMD5,,https://www.proteinatlas.org/search/PSMD5
Q16512,PKN1,Cytoplasm; Nucleus; Endosome; Cell membrane; Cleavage furrow; Midbody,https://www.proteinatlas.org/search/PKN1
Q16513,PKN2,"Cytoplasm; Nucleus; Membrane; Cell projection, lamellipodium; Cytoplasm, cytoskeleton; Cleavage furrow; Midbody; Cell junction",https://www.proteinatlas.org/search/PKN2
Q16531,DDB1,Cytoplasm; Nucleus,https://www.proteinatlas.org/search/DDB1
Q16537,PPP2R5E,Cytoplasm,https://www.proteinatlas.org/search/PPP2R5E
Q16539,MAPK14,Cytoplasm; Nucleus,https://www.proteinatlas.org/search/MAPK14
Q16540,MRPL23,Mitochondrion,https://www.proteinatlas.org/search/MRPL23
Q16543,CDC37,Cytoplasm,https://www.proteinatlas.org/search/CDC37
Q16563,SYPL1,Cytoplasmic vesicle membrane; Melanosome,https://www.proteinatlas.org/search/SYPL1
Q16576,RBBP7,Nucleus,https://www.proteinatlas.org/search/RBBP7
Q16594,TAF9,Nucleus,https://www.proteinatlas.org/search/TAF9
Q16595,FXN,"Mitochondrion; Cytoplasm, cytosol",https://www.proteinatlas.org/search/FXN
Q16621,NFE2,"Nucleus, PML body; Cytoplasm",https://www.proteinatlas.org/search/NFE2
Q16626,MEA1,,https://www.proteinatlas.org/search/MEA1
Q16629,SRSF7,Nucleus; Cytoplasm,https://www.proteinatlas.org/search/SRSF7
Q16630,CPSF6,"Nucleus; Nucleus, nucleoplasm; Nucleus speckle; Cytoplasm",https://www.proteinatlas.org/search/CPSF6
Q16637,SMN1,"Nucleus, gem; Nucleus, Cajal body; Cytoplasm; Cytoplasmic granule; Perikaryon; Cell projection, neuron projection; Cell projection, axon; Cytoplasm, myofibril, sarcomere, Z line",https://www.proteinatlas.org/search/SMN1
Q16643,DBN1,"Cytoplasm; Cell projection, dendrite; Cytoplasm, cell cortex; Cell junction; Cell projection, growth cone",https://www.proteinatlas.org/search/DBN1
Q16644,MAPKAPK3,Nucleus; Cytoplasm,https://www.proteinatlas.org/search/MAPKAPK3
Q16656,NRF1,Nucleus,https://www.proteinatlas.org/search/NRF1
Q16658,FSCN1,"Cytoplasm, cytosol; Cytoplasm, cell cortex; Cytoplasm, cytoskeleton; Cytoplasm, cytoskeleton, stress fiber; Cell projection, filopodium; Cell projection, invadopodium; Cell projection, microvillus; Cell junction",https://www.proteinatlas.org/search/FSCN1
Q16698,DECR1,Mitochondrion,https://www.proteinatlas.org/search/DECR1
Q16718,NDUFA5,Mitochondrion inner membrane,https://www.proteinatlas.org/search/NDUFA5
Q16740,CLPP,Mitochondrion matrix,https://www.proteinatlas.org/search/CLPP
Q16762,TST,Mitochondrion; Mitochondrion matrix,https://www.proteinatlas.org/search/TST
Q16763,UBE2S,,https://www.proteinatlas.org/search/UBE2S
Q16773,KYAT1,"Cytoplasm, cytosol",https://www.proteinatlas.org/search/KYAT1
Q16774,GUK1,"Photoreceptor inner segment; Cytoplasm, cytosol; Mitochondrion",https://www.proteinatlas.org/search/GUK1
Q16775,HAGH,Mitochondrion matrix; Cytoplasm,https://www.proteinatlas.org/search/HAGH
Q16795,NDUFA9,Mitochondrion matrix,https://www.proteinatlas.org/search/NDUFA9
Q16822,PCK2,Mitochondrion,https://www.proteinatlas.org/search/PCK2
Q16836,HADH,Mitochondrion matrix,https://www.proteinatlas.org/search/HADH
Q16851,UGP2,Cytoplasm,https://www.proteinatlas.org/search/UGP2
Q16864,ATP6V1F,"Cytoplasmic vesicle, secretory vesicle, synaptic vesicle membrane; Cytoplasmic vesicle, clathrin-coated vesicle membrane",https://www.proteinatlas.org/search/ATP6V1F
Q16877,PFKFB4,,https://www.proteinatlas.org/search/PFKFB4
Q16881,TXNRD1,Cytoplasm; Cytoplasm; Nucleus; Cytoplasm,https://www.proteinatlas.org/search/TXNRD1
Q16890,TPD52L1,,https://www.proteinatlas.org/search/TPD52L1
Q16891,IMMT,Mitochondrion inner membrane; Mitochondrion,https://www.proteinatlas.org/search/IMMT
Q17R31,TATDN3,Nucleus,https://www.proteinatlas.org/search/TATDN3
Q1ED39,KNOP1,"Nucleus, nucleolus",https://www.proteinatlas.org/search/KNOP1
Q1KMD3,HNRNPUL2,Nucleus,https://www.proteinatlas.org/search/HNRNPUL2
Q27J81,INF2,"Cytoplasm, perinuclear region",https://www.proteinatlas.org/search/INF2
Q29980,MICB,Cell membrane,https://www.proteinatlas.org/search/MICB
Q29RF7,PDS5A,Nucleus,https://www.proteinatlas.org/search/PDS5A
Q2M389,WASHC4,Early endosome,https://www.proteinatlas.org/search/WASHC4
Q2NKX8,ERCC6L,"Chromosome, centromere; Chromosome, centromere, kinetochore; Chromosome",https://www.proteinatlas.org/search/ERCC6L
Q2NL82,TSR1,"Nucleus, nucleolus",https://www.proteinatlas.org/search/TSR1
Q2TAL8,QRICH1,Nucleus; Chromosome; Cytoplasm; Cell membrane,https://www.proteinatlas.org/search/QRICH1
Q2TAY7,SMU1,Cytoplasm; Nucleus; Nucleus speckle,https://www.proteinatlas.org/search/SMU1
Q2TAZ0,ATG2A,Preautophagosomal structure membrane; Lipid droplet; Endoplasmic reticulum membrane,https://www.proteinatlas.org/search/ATG2A
Q2TB10,ZNF800,Nucleus; Chromosome,https://www.proteinatlas.org/search/ZNF800
Q2TBE0,CWF19L2,Nucleus,https://www.proteinatlas.org/search/CWF19L2
Q2V2P4,ATG44,Mitochondrion intermembrane space; Vacuole,https://www.proteinatlas.org/search/ATG44
Q2V2P7,YDR461C-A,,https://www.proteinatlas.org/search/YDR461C-A
Q2VPB7,AP5B1,,https://www.proteinatlas.org/search/AP5B1
Q2VPK5,CTU2,Cytoplasm,https://www.proteinatlas.org/search/CTU2
Q32MZ4,LRRFIP1,Nucleus; Cytoplasm,https://www.proteinatlas.org/search/LRRFIP1
Q32P28,P3H1,"Endoplasmic reticulum; Secreted, extracellular space, extracellular matrix",https://www.proteinatlas.org/search/P3H1
Q32P41,TRMT5,Mitochondrion matrix; Nucleus; Cytoplasm,https://www.proteinatlas.org/search/TRMT5
Q32P44,EML3,"Cytoplasm, cytoskeleton; Cytoplasm; Nucleus; Midbody; Cytoplasm, cytoskeleton, spindle",https://www.proteinatlas.org/search/EML3
Q38SD2,LRRK1,Cytoplasm; Cell membrane,https://www.proteinatlas.org/search/LRRK1
Q3B726,POLR1F,"Nucleus, nucleolus",https://www.proteinatlas.org/search/POLR1F
Q3E6R5,YDR381C-A,Mitochondrion outer membrane,https://www.proteinatlas.org/search/YDR381C-A
Q3E705,EFG1,"Nucleus, nucleolus",https://www.proteinatlas.org/search/EFG1
Q3E752,SPO24,Prospore membrane,https://www.proteinatlas.org/search/SPO24
Q3E754,RPS21B,Cytoplasm,https://www.proteinatlas.org/search/RPS21B
Q3E756,YBL029C-A,Cell membrane,https://www.proteinatlas.org/search/YBL029C-A
Q3E764,TMA7,Cytoplasm; Nucleus,https://www.proteinatlas.org/search/TMA7
Q3E772,LSO2,Nucleus; Cytoplasm,https://www.proteinatlas.org/search/LSO2
Q3E784,SLO1,,https://www.proteinatlas.org/search/SLO1
Q3E795,YLR361C-A,,https://www.proteinatlas.org/search/YLR361C-A
Q3E7A3,YJL133C-A,Mitochondrion outer membrane,https://www.proteinatlas.org/search/YJL133C-A
Q3E7A4,CMC2,Mitochondrion inner membrane; Mitochondrion intermembrane space,https://www.proteinatlas.org/search/CMC2
Q3E7B6,VMA9,Vacuole membrane,https://www.proteinatlas.org/search/VMA9
Q3E7B7,YDL085C-A,Cytoplasm; Nucleus,https://www.proteinatlas.org/search/YDL085C-A
Q3E7Z5,YIL002W-A,,https://www.proteinatlas.org/search/YIL002W-A
Q3E824,YOR020W-A,Mitochondrion membrane,https://www.proteinatlas.org/search/YOR020W-A
Q3E829,MHF2,,https://www.proteinatlas.org/search/MHF2
Q3E830,EGO2,,https://www.proteinatlas.org/search/EGO2
Q3E833,PCC1,"Nucleus; Chromosome, telomere",https://www.proteinatlas.org/search/PCC1
Q3E834,YOS1,Endoplasmic reticulum membrane; Golgi apparatus membrane,https://www.proteinatlas.org/search/YOS1
Q3E841,YNR034W-A,Cytoplasm,https://www.proteinatlas.org/search/YNR034W-A
Q3E846,COA6,Cytoplasm; Nucleus; Mitochondrion intermembrane space,https://www.proteinatlas.org/search/COA6
Q3KQU3,MAP7D1,"Cytoplasm, cytoskeleton, spindle; Cytoplasm, cytoskeleton; Cytoplasm, cytoskeleton, microtubule organizing center, centrosome; Midbody",https://www.proteinatlas.org/search/MAP7D1
Q3L8U1,CHD9,Cytoplasm; Nucleus,https://www.proteinatlas.org/search/CHD9
Q3LXA3,TKFC,,https://www.proteinatlas.org/search/TKFC
Q3MHD2,LSM12,Cytoplasm,https://www.proteinatlas.org/search/LSM12
Q3SXM5,HSDL1,Mitochondrion,https://www.proteinatlas.org/search/HSDL1
Q3T8J9,GON4L,Nucleus; Chromosome,https://www.proteinatlas.org/search/GON4L
Q3V6T2,CCDC88A,"Cell membrane; Cytoplasm, cytosol; Cytoplasmic vesicle; Cell projection, lamellipodium; Cytoplasm, cytoskeleton, cilium basal body; Cytoplasm, cytoskeleton, microtubule organizing center, centrosome, centriole",https://www.proteinatlas.org/search/CCDC88A
Q3YEC7,RABL6,Cytoplasm; Nucleus,https://www.proteinatlas.org/search/RABL6
Q3ZCM7,TUBB8,"Cytoplasm, cytoskeleton; Cytoplasm, cytoskeleton, spindle",https://www.proteinatlas.org/search/TUBB8
Q3ZCQ8,TIMM50,Mitochondrion inner membrane; Nucleus speckle,https://www.proteinatlas.org/search/TIMM50
Q46817,ghxQ,Cell membrane,https://www.proteinatlas.org/search/ghxQ
Q46822,idi,Cytoplasm,https://www.proteinatlas.org/search/idi
Q46829,bglA,,https://www.proteinatlas.org/search/bglA
Q46845,yghU,,https://www.proteinatlas.org/search/yghU
Q46851,gpr,,https://www.proteinatlas.org/search/gpr
Q46856,yqhD,,https://www.proteinatlas.org/search/yqhD
Q46857,dkgA,Cytoplasm,https://www.proteinatlas.org/search/dkgA
Q46863,ygiS,Periplasm,https://www.proteinatlas.org/search/ygiS
Q46871,yqjH,Cytoplasm,https://www.proteinatlas.org/search/yqjH
Q46893,ispD,,https://www.proteinatlas.org/search/ispD
Q46920,queF,Cytoplasm,https://www.proteinatlas.org/search/queF
Q46938,kduI,,https://www.proteinatlas.org/search/kduI
Q46948,yajL,,https://www.proteinatlas.org/search/yajL
Q47147,yafJ,,https://www.proteinatlas.org/search/yafJ
Q47679,yafV,,https://www.proteinatlas.org/search/yafV
Q49A26,GLYR1,Nucleus; Chromosome,https://www.proteinatlas.org/search/GLYR1
Q49AR2,C5orf22,,https://www.proteinatlas.org/search/C5orf22
Q49B96,COX19,"Cytoplasm, cytosol; Mitochondrion intermembrane space; Mitochondrion",https://www.proteinatlas.org/search/COX19
Q4G0F5,VPS26B,Cytoplasm; Membrane; Early endosome; Late endosome,https://www.proteinatlas.org/search/VPS26B
Q4G0J3,LARP7,"Nucleus, nucleoplasm",https://www.proteinatlas.org/search/LARP7
Q4G0N4,NADK2,Mitochondrion,https://www.proteinatlas.org/search/NADK2
Q4G176,ACSF3,Mitochondrion,https://www.proteinatlas.org/search/ACSF3
Q4J6C6,PREPL,"Cytoplasm, cytosol; Golgi apparatus, trans-Golgi network; Cytoplasm, cytoskeleton; Golgi apparatus; Nucleus",https://www.proteinatlas.org/search/PREPL
Q4KMP7,TBC1D10B,Cytoplasm; Cell membrane,https://www.proteinatlas.org/search/TBC1D10B
Q4LE39,ARID4B,Nucleus; Cytoplasm,https://www.proteinatlas.org/search/ARID4B
Q4V321,GAGE13,,https://www.proteinatlas.org/search/GAGE13
Q4V328,GRIPAP1,"Early endosome membrane; Recycling endosome membrane; Cell projection, axon; Cell projection, dendrite; Synapse",https://www.proteinatlas.org/search/GRIPAP1
Q4VC05,BCL7A,,https://www.proteinatlas.org/search/BCL7A
Q4VC31,MIX23,,https://www.proteinatlas.org/search/MIX23
Q502W6,VWA3B,Cytoplasm,https://www.proteinatlas.org/search/VWA3B
Q52LJ0,FAM98B,Nucleus; Cytoplasm,https://www.proteinatlas.org/search/FAM98B
Q52LR7,EPC2,Nucleus,https://www.proteinatlas.org/search/EPC2
Q52MB2,CCDC184,,https://www.proteinatlas.org/search/CCDC184
Q53EL6,PDCD4,Nucleus; Cytoplasm,https://www.proteinatlas.org/search/PDCD4
Q53ET0,CRTC2,Cytoplasm; Nucleus,https://www.proteinatlas.org/search/CRTC2
Q53F19,NCBP3,Nucleus; Cytoplasm,https://www.proteinatlas.org/search/NCBP3
Q53FT3,HIKESHI,"Cytoplasm; Cytoplasm, cytosol; Nucleus",https://www.proteinatlas.org/search/HIKESHI
Q53FZ2,ACSM3,Mitochondrion; Mitochondrion matrix,https://www.proteinatlas.org/search/ACSM3
Q53GS7,GLE1,"Nucleus; Cytoplasm; Cytoplasm; Nucleus, nuclear pore complex",https://www.proteinatlas.org/search/GLE1
Q53GS9,USP39,Nucleus,https://www.proteinatlas.org/search/USP39
Q53H12,AGK,Mitochondrion inner membrane; Mitochondrion intermembrane space,https://www.proteinatlas.org/search/AGK
Q53H47,SETMAR,Nucleus; Chromosome,https://www.proteinatlas.org/search/SETMAR
Q53H82,LACTB2,Mitochondrion matrix,https://www.proteinatlas.org/search/LACTB2
Q53H96,PYCR3,Cytoplasm,https://www.proteinatlas.org/search/PYCR3
Q53HC9,EIPR1,"Golgi apparatus, trans-Golgi network",https://www.proteinatlas.org/search/EIPR1
Q53HL2,CDCA8,"Nucleus, nucleolus; Cytoplasm; Cytoplasm, cytoskeleton, spindle; Chromosome, centromere",https://www.proteinatlas.org/search/CDCA8
Q53R41,FASTKD1,Mitochondrion,https://www.proteinatlas.org/search/FASTKD1
Q53S08,RAB6D,,https://www.proteinatlas.org/search/RAB6D
Q53S58,TMEM177,Mitochondrion inner membrane,https://www.proteinatlas.org/search/TMEM177
Q562R1,ACTBL2,"Cytoplasm, cytoskeleton",https://www.proteinatlas.org/search/ACTBL2
Q567V2,MPV17L2,Membrane; Mitochondrion inner membrane,https://www.proteinatlas.org/search/MPV17L2
Q569K6,CCDC157,,https://www.proteinatlas.org/search/CCDC157
Q56A73,SPIN4,Cytoplasm; Nucleus,https://www.proteinatlas.org/search/SPIN4
Q56P03,EAPP,Cytoplasm; Nucleus,https://www.proteinatlas.org/search/EAPP
Q57261,truD,,https://www.proteinatlas.org/search/truD
Q587I9,SFT2D3,Membrane,https://www.proteinatlas.org/search/SFT2D3
Q58FF6,HSP90AB4P,Cytoplasm,https://www.proteinatlas.org/search/HSP90AB4P
Q58FG1,HSP90AA4P,Cytoplasm,https://www.proteinatlas.org/search/HSP90AA4P
Q58WW2,DCAF6,Nucleus,https://www.proteinatlas.org/search/DCAF6
Q59385,copA,Cell inner membrane; Cytoplasm,https://www.proteinatlas.org/search/copA
Q5BJH7,YIF1B,Endoplasmic reticulum membrane; Golgi apparatus membrane; Endoplasmic reticulum-Golgi intermediate compartment membrane,https://www.proteinatlas.org/search/YIF1B
Q5BKX5,ACTMAP,Cytoplasm,https://www.proteinatlas.org/search/ACTMAP
Q5BKZ1,ZNF326,Nucleus matrix,https://www.proteinatlas.org/search/ZNF326
Q5C9Z4,NOM1,"Nucleus, nucleolus",https://www.proteinatlas.org/search/NOM1
Q5EBL4,RILPL1,"Cytoplasm, cytosol; Cytoplasm, cytoskeleton, microtubule organizing center, centrosome, centriole; Cytoplasm, cytoskeleton, cilium basal body",https://www.proteinatlas.org/search/RILPL1
Q5F1R6,DNAJC21,"Cytoplasm; Nucleus; Nucleus, nucleolus",https://www.proteinatlas.org/search/DNAJC21
Q5FBB7,SGO1,"Nucleus; Chromosome, centromere; Chromosome, centromere, kinetochore; Cytoplasm, cytoskeleton, spindle pole; Cytoplasm, cytoskeleton, microtubule organizing center, centrosome; Nucleus speckle",https://www.proteinatlas.org/search/SGO1
Q5GLZ8,HERC4,"Cytoplasm, cytosol",https://www.proteinatlas.org/search/HERC4
Q5H9F3,BCORL1,Nucleus,https://www.proteinatlas.org/search/BCORL1
Q5H9R7,PPP6R3,Cytoplasm; Nucleus,https://www.proteinatlas.org/search/PPP6R3
Q5HYI8,RABL3,"Cytoplasm, cytoskeleton, microtubule organizing center, centrosome; Golgi apparatus",https://www.proteinatlas.org/search/RABL3
Q5HYK3,COQ5,Mitochondrion inner membrane,https://www.proteinatlas.org/search/COQ5
Q5J8M3,EMC4,Endoplasmic reticulum membrane,https://www.proteinatlas.org/search/EMC4
Q5JPH6,EARS2,Mitochondrion matrix,https://www.proteinatlas.org/search/EARS2
Q5JPI3,C3orf38,,https://www.proteinatlas.org/search/C3orf38
Q5JPI9,EEF1AKMT2,Cytoplasm; Nucleus,https://www.proteinatlas.org/search/EEF1AKMT2
Q5JQC4,CT47A1,,https://www.proteinatlas.org/search/CT47A1
Q5JRA6,MIA3,Endoplasmic reticulum membrane,https://www.proteinatlas.org/search/MIA3
Q5JRK9,PAGE2B,,https://www.proteinatlas.org/search/PAGE2B
Q5JRX3,PITRM1,Mitochondrion matrix,https://www.proteinatlas.org/search/PITRM1
Q5JS54,PSMG4,,https://www.proteinatlas.org/search/PSMG4
Q5JSH3,WDR44,"Cytoplasm, cytosol; Cytoplasm, perinuclear region; Endosome membrane; Golgi apparatus, trans-Golgi network",https://www.proteinatlas.org/search/WDR44
Q5JSL3,DOCK11,,https://www.proteinatlas.org/search/DOCK11
Q5JTH9,RRP12,"Nucleus, nucleolus; Nucleus membrane",https://www.proteinatlas.org/search/RRP12
Q5JTJ3,COA6,Mitochondrion intermembrane space,https://www.proteinatlas.org/search/COA6
Q5JTV8,TOR1AIP1,Nucleus inner membrane; Nucleus envelope; Nucleus,https://www.proteinatlas.org/search/TOR1AIP1
Q5JTZ9,AARS2,Mitochondrion,https://www.proteinatlas.org/search/AARS2
Q5JVF3,PCID2,"Cytoplasm; Nucleus, nuclear pore complex",https://www.proteinatlas.org/search/PCID2
Q5JWF2,GNAS,Cell membrane; Apical cell membrane,https://www.proteinatlas.org/search/GNAS
Q5MIZ7,PPP4R3B,"Cytoplasm; Cytoplasm, cytoskeleton, microtubule organizing center, centrosome; Nucleus",https://www.proteinatlas.org/search/PPP4R3B
Q5MNZ6,WDR45B,Preautophagosomal structure; Lysosome,https://www.proteinatlas.org/search/WDR45B
Q5PRF9,SAMD4B,Cytoplasm; Nucleus,https://www.proteinatlas.org/search/SAMD4B
Q5QJE6,DNTTIP2,"Nucleus; Nucleus, nucleolus",https://www.proteinatlas.org/search/DNTTIP2
Q5R372,RABGAP1L,Cytoplasmic vesicle; Early endosome; Golgi apparatus,https://www.proteinatlas.org/search/RABGAP1L
Q5R3I4,TTC38,,https://www.proteinatlas.org/search/TTC38
Q5RI15,COX20,Mitochondrion inner membrane,https://www.proteinatlas.org/search/COX20
Q5RKV6,EXOSC6,"Cytoplasm; Nucleus, nucleolus; Nucleus",https://www.proteinatlas.org/search/EXOSC6
Q5SNV9,C1orf167,,https://www.proteinatlas.org/search/C1orf167
Q5SRE5,NUP188,"Nucleus, nuclear pore complex",https://www.proteinatlas.org/search/NUP188
Q5SSJ5,HP1BP3,Nucleus; Chromosome,https://www.proteinatlas.org/search/HP1BP3
Q5SW79,CEP170,"Cytoplasm, cytoskeleton, microtubule organizing center, centrosome; Cytoplasm, cytoskeleton, microtubule organizing center, centrosome, centriole; Cytoplasm, cytoskeleton, spindle",https://www.proteinatlas.org/search/CEP170
Q5SW96,LDLRAP1,Cytoplasm,https://www.proteinatlas.org/search/LDLRAP1
Q5SY16,NOL9,"Nucleus; Nucleus, nucleolus",https://www.proteinatlas.org/search/NOL9
Q5T0F9,CC2D1B,Nucleus,https://www.proteinatlas.org/search/CC2D1B
Q5T160,RARS2,Mitochondrion membrane,https://www.proteinatlas.org/search/RARS2
Q5T1C6,THEM4,"Cell membrane; Cell projection, ruffle membrane; Cytoplasm; Mitochondrion; Mitochondrion inner membrane; Mitochondrion intermembrane space",https://www.proteinatlas.org/search/THEM4
Q5T1M5,FKBP15,"Cytoplasm; Cell projection, axon; Early endosome",https://www.proteinatlas.org/search/FKBP15
Q5T1V6,DDX59,Cytoplasm; Nucleus,https://www.proteinatlas.org/search/DDX59
Q5T200,ZC3H13,"Nucleus speckle; Nucleus, nucleoplasm",https://www.proteinatlas.org/search/ZC3H13
Q5T280,SPOUT1,"Cytoplasm, cytoskeleton, spindle; Chromosome, centromere, kinetochore; Cytoplasm, cytoskeleton, microtubule organizing center, centrosome",https://www.proteinatlas.org/search/SPOUT1
Q5T3I0,GPATCH4,,https://www.proteinatlas.org/search/GPATCH4
Q5T3J3,LRIF1,Chromosome; Nucleus matrix,https://www.proteinatlas.org/search/LRIF1
Q5T440,IBA57,Mitochondrion,https://www.proteinatlas.org/search/IBA57
Q5T447,HECTD3,"Cytoplasm, perinuclear region",https://www.proteinatlas.org/search/HECTD3
Q5T4S7,UBR4,"Cytoplasm; Cytoplasm, cytoskeleton; Endosome; Nucleus",https://www.proteinatlas.org/search/UBR4
Q5T5C0,STXBP5,"Cytoplasm; Cell membrane; Cytoplasmic vesicle membrane; Cytoplasmic vesicle, secretory vesicle, synaptic vesicle; Synapse",https://www.proteinatlas.org/search/STXBP5
Q5T653,MRPL2,Mitochondrion,https://www.proteinatlas.org/search/MRPL2
Q5T6F2,UBAP2,Nucleus; Chromosome; Cytoplasm,https://www.proteinatlas.org/search/UBAP2
Q5T6S3,PHF19,Nucleus,https://www.proteinatlas.org/search/PHF19
Q5T6V5,QNG1,,https://www.proteinatlas.org/search/QNG1
Q5T8P6,RBM26,,https://www.proteinatlas.org/search/RBM26
Q5T9A4,ATAD3B,Mitochondrion inner membrane,https://www.proteinatlas.org/search/ATAD3B
Q5TA31,RNF187,Cytoplasm; Nucleus,https://www.proteinatlas.org/search/RNF187
Q5TA45,INTS11,Nucleus; Cytoplasm,https://www.proteinatlas.org/search/INTS11
Q5TAQ9,DCAF8,Nucleus; Cytoplasm,https://www.proteinatlas.org/search/DCAF8
Q5TBB1,RNASEH2B,Nucleus,https://www.proteinatlas.org/search/RNASEH2B
Q5TC12,ATPAF1,Mitochondrion inner membrane,https://www.proteinatlas.org/search/ATPAF1
Q5TDH0,DDI2,"Cytoplasm, cytosol; Chromosome",https://www.proteinatlas.org/search/DDI2
Q5TEC6,H3-7,Nucleus; Chromosome,https://www.proteinatlas.org/search/H3-7
Q5TEJ8,THEMIS2,Nucleus; Cytoplasm,https://www.proteinatlas.org/search/THEMIS2
Q5TEU4,NDUFAF5,Mitochondrion inner membrane,https://www.proteinatlas.org/search/NDUFAF5
Q5TFE4,NT5DC1,,https://www.proteinatlas.org/search/NT5DC1
Q5TG30,ARHGAP40,,https://www.proteinatlas.org/search/ARHGAP40
Q5TGZ0,MICOS10,Mitochondrion inner membrane,https://www.proteinatlas.org/search/MICOS10
Q5U5X0,LYRM7,Mitochondrion matrix,https://www.proteinatlas.org/search/LYRM7
Q5UIP0,RIF1,"Nucleus; Chromosome; Chromosome, telomere; Cytoplasm, cytoskeleton, spindle",https://www.proteinatlas.org/search/RIF1
Q5VIR6,VPS53,"Golgi apparatus, trans-Golgi network membrane; Endosome membrane; Recycling endosome",https://www.proteinatlas.org/search/VPS53
Q5VSL9,STRIP1,Cytoplasm,https://www.proteinatlas.org/search/STRIP1
Q5VT25,CDC42BPA,"Cytoplasm; Cell projection, lamellipodium",https://www.proteinatlas.org/search/CDC42BPA
Q5VT52,RPRD2,,https://www.proteinatlas.org/search/RPRD2
Q5VTB9,RNF220,Cytoplasm; Nucleus,https://www.proteinatlas.org/search/RNF220
Q5VTD9,GFI1B,Nucleus,https://www.proteinatlas.org/search/GFI1B
Q5VTL8,PRPF38B,Nucleus,https://www.proteinatlas.org/search/PRPF38B
Q5VTR2,RNF20,Nucleus,https://www.proteinatlas.org/search/RNF20
Q5VUA4,ZNF318,Nucleus,https://www.proteinatlas.org/search/ZNF318
Q5VV42,CDKAL1,Endoplasmic reticulum membrane,https://www.proteinatlas.org/search/CDKAL1
Q5VVJ2,MYSM1,Nucleus; Cytoplasm,https://www.proteinatlas.org/search/MYSM1
Q5VVQ6,YOD1,Cytoplasm,https://www.proteinatlas.org/search/YOD1
Q5VW32,BROX,Nucleus membrane,https://www.proteinatlas.org/search/BROX
Q5VWQ0,RSBN1,"Nucleus; Cytoplasm, perinuclear region",https://www.proteinatlas.org/search/RSBN1
Q5VWZ2,LYPLAL1,"Cytoplasm, cytosol; Cytoplasm, cytosol",https://www.proteinatlas.org/search/LYPLAL1
Q5VYK3,ECPAS,"Endoplasmic reticulum; Endoplasmic reticulum-Golgi intermediate compartment; Endosome; Cytoplasm, cytoskeleton, microtubule organizing center, centrosome; Nucleus; Endosome, multivesicular body; Cytoplasmic vesicle",https://www.proteinatlas.org/search/ECPAS
Q5VZ89,DENND4C,"Cytoplasmic vesicle membrane; Cell membrane; Cytoplasm, cytosol",https://www.proteinatlas.org/search/DENND4C
Q5VZL5,ZMYM4,,https://www.proteinatlas.org/search/ZMYM4
Q5W111,SPRYD7,,https://www.proteinatlas.org/search/SPRYD7
Q5XKE5,KRT79,,https://www.proteinatlas.org/search/KRT79
Q5XKP0,MICOS13,Mitochondrion inner membrane,https://www.proteinatlas.org/search/MICOS13
Q63HN8,RNF213,"Cytoplasm, cytosol; Lipid droplet",https://www.proteinatlas.org/search/RNF213
Q641Q2,WASHC2A,Early endosome membrane; Cell membrane,https://www.proteinatlas.org/search/WASHC2A
Q658P3,STEAP3,Endosome membrane,https://www.proteinatlas.org/search/STEAP3
Q658Y4,FAM91A1,"Golgi apparatus, trans-Golgi network; Cytoplasmic vesicle",https://www.proteinatlas.org/search/FAM91A1
Q659C4,LARP1B,,https://www.proteinatlas.org/search/LARP1B
Q66K14,TBC1D9B,Membrane,https://www.proteinatlas.org/search/TBC1D9B
Q66K64,DCAF15,,https://www.proteinatlas.org/search/DCAF15
Q66K74,MAP1S,"Nucleus; Cytoplasm, cytosol; Cytoplasm, cytoskeleton; Cytoplasm, cytoskeleton, spindle",https://www.proteinatlas.org/search/MAP1S
Q66K89,E4F1,"Nucleus, nucleoplasm; Cytoplasm",https://www.proteinatlas.org/search/E4F1
Q66PJ3,ARL6IP4,"Nucleus, nucleolus; Nucleus speckle",https://www.proteinatlas.org/search/ARL6IP4
Q676U5,ATG16L1,Cytoplasm; Preautophagosomal structure membrane; Endosome membrane; Lysosome membrane,https://www.proteinatlas.org/search/ATG16L1
Q68CP9,ARID2,Nucleus,https://www.proteinatlas.org/search/ARID2
Q68CQ4,UTP25,"Nucleus, nucleolus",https://www.proteinatlas.org/search/UTP25
Q68CZ6,HAUS3,"Cytoplasm, cytoskeleton, microtubule organizing center, centrosome; Cytoplasm, cytoskeleton, spindle",https://www.proteinatlas.org/search/HAUS3
Q68D91,MBLAC2,Endoplasmic reticulum membrane; Cell membrane,https://www.proteinatlas.org/search/MBLAC2
Q68E01,INTS3,Nucleus; Cytoplasm,https://www.proteinatlas.org/search/INTS3
Q68EM7,ARHGAP17,"Membrane; Cytoplasm; Cell junction, tight junction",https://www.proteinatlas.org/search/ARHGAP17
Q69YH5,CDCA2,Nucleus,https://www.proteinatlas.org/search/CDCA2
Q69YL0,NCBP2AS2,,https://www.proteinatlas.org/search/NCBP2AS2
Q69YN2,CWF19L1,"Nucleus; Nucleus, nucleoplasm",https://www.proteinatlas.org/search/CWF19L1
Q69YN4,VIRMA,"Nucleus speckle; Nucleus, nucleoplasm; Cytoplasm",https://www.proteinatlas.org/search/VIRMA
Q69YQ0,SPECC1L,"Cytoplasm, cytoskeleton; Cytoplasm, cytoskeleton, spindle; Cell junction, gap junction",https://www.proteinatlas.org/search/SPECC1L
Q69YU5,UQCC6,Mitochondrion inner membrane,https://www.proteinatlas.org/search/UQCC6
Q6AI08,HEATR6,,https://www.proteinatlas.org/search/HEATR6
Q6BCY4,CYB5R2,,https://www.proteinatlas.org/search/CYB5R2
Q6BDS2,BLTP3A,Late endosome,https://www.proteinatlas.org/search/BLTP3A
Q6DD87,ZNF787,Nucleus,https://www.proteinatlas.org/search/ZNF787
Q6DD88,ATL3,Endoplasmic reticulum membrane,https://www.proteinatlas.org/search/ATL3
Q6DHV7,MAPDA,"Cytoplasm, cytosol",https://www.proteinatlas.org/search/MAPDA
Q6DKI1,RPL7L1,,https://www.proteinatlas.org/search/RPL7L1
Q6DKK2,TTC19,Mitochondrion inner membrane,https://www.proteinatlas.org/search/TTC19
Q6DN03,H2BC20P,Nucleus; Chromosome,https://www.proteinatlas.org/search/H2BC20P
Q6DN90,IQSEC1,"Cytoplasm; Nucleus; Postsynaptic density; Cytoplasmic vesicle, secretory vesicle, synaptic vesicle",https://www.proteinatlas.org/search/IQSEC1
Q6EEV4,POLR2M,,https://www.proteinatlas.org/search/POLR2M
Q6FI81,CIAPIN1,Cytoplasm; Nucleus; Mitochondrion intermembrane space,https://www.proteinatlas.org/search/CIAPIN1
Q6FIF0,ZFAND6,Cytoplasm,https://www.proteinatlas.org/search/ZFAND6
Q6GMV2,SMYD5,Cytoplasm,https://www.proteinatlas.org/search/SMYD5
Q6GMV3,PTRHD1,,https://www.proteinatlas.org/search/PTRHD1
Q6GQQ9,OTUD7B,Cytoplasm; Nucleus,https://www.proteinatlas.org/search/OTUD7B
Q6I9Y2,THOC7,Cytoplasm; Nucleus; Nucleus speckle,https://www.proteinatlas.org/search/THOC7
Q6IA86,ELP2,Cytoplasm; Nucleus,https://www.proteinatlas.org/search/ELP2
Q6IAA8,LAMTOR1,Lysosome membrane; Late endosome membrane,https://www.proteinatlas.org/search/LAMTOR1
Q6IBS0,TWF2,"Cytoplasm, cytoskeleton; Cytoplasm, perinuclear region; Cell projection, stereocilium",https://www.proteinatlas.org/search/TWF2
Q6IBW4,NCAPH2,Nucleus; Chromosome,https://www.proteinatlas.org/search/NCAPH2
Q6ICB0,DESI1,Cytoplasm; Nucleus,https://www.proteinatlas.org/search/DESI1
Q6ICL3,TANGO2,Cytoplasm; Mitochondrion; Golgi apparatus,https://www.proteinatlas.org/search/TANGO2
Q6IN84,MRM1,Mitochondrion matrix,https://www.proteinatlas.org/search/MRM1
Q6IN85,PPP4R3A,"Cytoplasm; Cytoplasm, cytoskeleton, microtubule organizing center, centrosome; Nucleus",https://www.proteinatlas.org/search/PPP4R3A
Q6IQ49,SDE2,Nucleus; Cytoplasm,https://www.proteinatlas.org/search/SDE2
Q6JBY9,RCSD1,,https://www.proteinatlas.org/search/RCSD1
Q6KC79,NIPBL,Nucleus; Chromosome,https://www.proteinatlas.org/search/NIPBL
Q6L8Q7,PDE12,Mitochondrion matrix,https://www.proteinatlas.org/search/PDE12
Q6N063,OGFOD2,,https://www.proteinatlas.org/search/OGFOD2
Q6NS38,ALKBH2,"Nucleus; Nucleus, nucleolus; Nucleus, nucleoplasm",https://www.proteinatlas.org/search/ALKBH2
Q6NT46,GAGE2A,,https://www.proteinatlas.org/search/GAGE2A
Q6NT76,HMBOX1,"Nucleus; Cytoplasm; Chromosome, telomere; Nucleus, Cajal body; Nucleus, PML body; Nucleus; Cytoplasm",https://www.proteinatlas.org/search/HMBOX1
Q6NUK1,SLC25A24,Mitochondrion inner membrane,https://www.proteinatlas.org/search/SLC25A24
Q6NUQ1,RINT1,Cytoplasm; Endoplasmic reticulum membrane,https://www.proteinatlas.org/search/RINT1
Q6NVY1,HIBCH,Mitochondrion,https://www.proteinatlas.org/search/HIBCH
Q6NW29,RWDD4,,https://www.proteinatlas.org/search/RWDD4
Q6NW34,RMP64,"Nucleus; Nucleus, nucleolus",https://www.proteinatlas.org/search/RMP64
Q6NXE6,ARMC6,,https://www.proteinatlas.org/search/ARMC6
Q6NXR4,TTI2,,https://www.proteinatlas.org/search/TTI2
Q6NXT1,ANKRD54,Nucleus; Cytoplasm; Midbody,https://www.proteinatlas.org/search/ANKRD54
Q6NXT4,SLC30A6,"Golgi apparatus, trans-Golgi network membrane; Apical cell membrane",https://www.proteinatlas.org/search/SLC30A6
Q6NYC1,JMJD6,"Nucleus, nucleoplasm; Nucleus, nucleolus; Cytoplasm",https://www.proteinatlas.org/search/JMJD6
Q6NYC8,PPP1R18,"Cytoplasm, cytoskeleton; Cytoplasm, cytoskeleton",https://www.proteinatlas.org/search/PPP1R18
Q6NZI2,CAVIN1,"Membrane, caveola; Cell membrane; Microsome; Endoplasmic reticulum; Cytoplasm, cytosol; Mitochondrion; Nucleus",https://www.proteinatlas.org/search/CAVIN1
Q6NZY4,ZCCHC8,"Nucleus, nucleoplasm; Nucleus",https://www.proteinatlas.org/search/ZCCHC8
Q6P087,RPUSD3,Mitochondrion matrix,https://www.proteinatlas.org/search/RPUSD3
Q6P158,DHX57,,https://www.proteinatlas.org/search/DHX57
Q6P161,MRPL54,Mitochondrion,https://www.proteinatlas.org/search/MRPL54
Q6P1J9,CDC73,Nucleus,https://www.proteinatlas.org/search/CDC73
Q6P1K2,PMF1,"Nucleus; Chromosome, centromere, kinetochore",https://www.proteinatlas.org/search/PMF1
Q6P1L8,MRPL14,Mitochondrion,https://www.proteinatlas.org/search/MRPL14
Q6P1N0,CC2D1A,"Cytoplasm; Nucleus; Cytoplasm, cytoskeleton, microtubule organizing center, centrosome",https://www.proteinatlas.org/search/CC2D1A
Q6P1N9,TATDN1,Nucleus,https://www.proteinatlas.org/search/TATDN1
Q6P1Q9,METTL2B,Cytoplasm,https://www.proteinatlas.org/search/METTL2B
Q6P1X5,TAF2,Nucleus,https://www.proteinatlas.org/search/TAF2
Q6P1X6,C8orf82,,https://www.proteinatlas.org/search/C8orf82
Q6P2C8,MED27,Nucleus,https://www.proteinatlas.org/search/MED27
Q6P2E9,EDC4,"Cytoplasm, P-body; Nucleus",https://www.proteinatlas.org/search/EDC4
Q6P2H3,CEP85,"Cytoplasm, cytoskeleton, microtubule organizing center, centrosome; Cytoplasm, cytoskeleton, spindle pole; Nucleus, nucleolus; Cytoplasm, cytoskeleton, microtubule organizing center, centrosome, centriole; Cytoplasm, cell cortex",https://www.proteinatlas.org/search/CEP85
Q6P2Q9,PRPF8,Nucleus; Nucleus speckle,https://www.proteinatlas.org/search/PRPF8
Q6P3W7,SCYL2,"Cytoplasmic vesicle, clathrin-coated vesicle; Golgi apparatus, trans-Golgi network membrane; Endosome membrane",https://www.proteinatlas.org/search/SCYL2
Q6P3X3,TTC27,,https://www.proteinatlas.org/search/TTC27
Q6P444,MTFR2,Mitochondrion,https://www.proteinatlas.org/search/MTFR2
Q6P4A7,SFXN4,Mitochondrion inner membrane,https://www.proteinatlas.org/search/SFXN4
Q6P4F2,FDX2,Mitochondrion; Mitochondrion matrix,https://www.proteinatlas.org/search/FDX2
Q6P4I2,WDR73,"Cytoplasm; Cytoplasm, cytoskeleton, spindle; Cytoplasm, cytoskeleton, spindle pole; Cleavage furrow",https://www.proteinatlas.org/search/WDR73
Q6P582,MZT2A,"Cytoplasm, cytoskeleton, microtubule organizing center, centrosome; Cytoplasm, cytoskeleton, spindle",https://www.proteinatlas.org/search/MZT2A
Q6P587,FAHD1,"Mitochondrion; Cytoplasm, cytosol",https://www.proteinatlas.org/search/FAHD1
Q6P5X5,C22orf39,Synapse; Synaptic cleft,https://www.proteinatlas.org/search/C22orf39
Q6P6B7,ANKRD16,Cytoplasm; Nucleus,https://www.proteinatlas.org/search/ANKRD16
Q6P6C2,ALKBH5,"Nucleus speckle; Nucleus, nucleoplasm",https://www.proteinatlas.org/search/ALKBH5
Q6P996,PDXDC1,,https://www.proteinatlas.org/search/PDXDC1
Q6P9B6,MEAK7,Membrane; Cytoplasm; Lysosome,https://www.proteinatlas.org/search/MEAK7
Q6P9B9,INTS5,Nucleus; Cytoplasm; Nucleus membrane,https://www.proteinatlas.org/search/INTS5
Q6PCB5,RSBN1L,Nucleus,https://www.proteinatlas.org/search/RSBN1L
Q6PCD5,RFWD3,"Nucleus; Nucleus, PML body; Cytoplasm",https://www.proteinatlas.org/search/RFWD3
Q6PD62,CTR9,Nucleus speckle,https://www.proteinatlas.org/search/CTR9
Q6PD74,AAGAB,"Cytoplasm, cytosol",https://www.proteinatlas.org/search/AAGAB
Q6PGN9,PSRC1,"Cytoplasm; Cytoplasm, cytoskeleton, spindle; Cytoplasm, cytoskeleton, spindle pole",https://www.proteinatlas.org/search/PSRC1
Q6PI48,DARS2,Mitochondrion matrix; Mitochondrion membrane,https://www.proteinatlas.org/search/DARS2
Q6PI98,INO80C,Nucleus,https://www.proteinatlas.org/search/INO80C
Q6PID6,TTC33,,https://www.proteinatlas.org/search/TTC33
Q6PIW4,FIGNL1,"Chromosome; Nucleus; Cytoplasm; Cytoplasm, perinuclear region",https://www.proteinatlas.org/search/FIGNL1
Q6PIY7,TENT2,Cytoplasm; Nucleus,https://www.proteinatlas.org/search/TENT2
Q6PJ69,TRIM65,Cytoplasm,https://www.proteinatlas.org/search/TRIM65
Q6PJG2,MIDEAS,Nucleus,https://www.proteinatlas.org/search/MIDEAS
Q6PJG6,BRAT1,Nucleus; Cytoplasm,https://www.proteinatlas.org/search/BRAT1
Q6PJI9,WDR59,Lysosome membrane,https://www.proteinatlas.org/search/WDR59
Q6PJT7,ZC3H14,Nucleus speckle; Nucleus speckle; Nucleus speckle; Cytoplasm,https://www.proteinatlas.org/search/ZC3H14
Q6PK04,CCDC137,Chromosome,https://www.proteinatlas.org/search/CCDC137
Q6PKG0,LARP1,Cytoplasm; Cytoplasmic granule,https://www.proteinatlas.org/search/LARP1
Q6PL18,ATAD2,Nucleus,https://www.proteinatlas.org/search/ATAD2
Q6PL24,TMED8,,https://www.proteinatlas.org/search/TMED8
Q6Q546,HUB1,,https://www.proteinatlas.org/search/HUB1
Q6Q560,ISD11,Mitochondrion,https://www.proteinatlas.org/search/ISD11
Q6QNY0,BLOC1S3,Cytoplasm,https://www.proteinatlas.org/search/BLOC1S3
Q6QNY1,BLOC1S2,"Cytoplasm, cytoskeleton, microtubule organizing center, centrosome; Lysosome membrane",https://www.proteinatlas.org/search/BLOC1S2
Q6RFH5,WDR74,"Nucleus, nucleolus; Nucleus",https://www.proteinatlas.org/search/WDR74
Q6RW13,AGTRAP,Endoplasmic reticulum membrane; Golgi apparatus membrane; Cytoplasmic vesicle membrane,https://www.proteinatlas.org/search/AGTRAP
Q6SPF0,SAMD1,Nucleus; Chromosome; Secreted,https://www.proteinatlas.org/search/SAMD1
Q6UB35,MTHFD1L,Mitochondrion,https://www.proteinatlas.org/search/MTHFD1L
Q6UB99,ANKRD11,Nucleus,https://www.proteinatlas.org/search/ANKRD11
Q6ULP2,AFTPH,"Cytoplasm; Cytoplasm, perinuclear region; Cytoplasmic vesicle, clathrin-coated vesicle",https://www.proteinatlas.org/search/AFTPH
Q6UN15,FIP1L1,Nucleus,https://www.proteinatlas.org/search/FIP1L1
Q6UVJ0,SASS6,"Cytoplasm, cytoskeleton, microtubule organizing center, centrosome; Cytoplasm, cytoskeleton, microtubule organizing center, centrosome, centriole",https://www.proteinatlas.org/search/SASS6
Q6UWE0,LRSAM1,Cytoplasm,https://www.proteinatlas.org/search/LRSAM1
Q6UWP2,DHRS11,Secreted,https://www.proteinatlas.org/search/DHRS11
Q6UX04,CWC27,Nucleus,https://www.proteinatlas.org/search/CWC27
Q6UXN9,WDR82,Nucleus; Chromosome; Cytoplasm,https://www.proteinatlas.org/search/WDR82
Q6UXV4,APOOL,Mitochondrion inner membrane; Mitochondrion,https://www.proteinatlas.org/search/APOOL
Q6VMQ6,ATF7IP,Nucleus,https://www.proteinatlas.org/search/ATF7IP
Q6VN20,RANBP10,"Cytoplasm, cytosol; Nucleus",https://www.proteinatlas.org/search/RANBP10
Q6VY07,PACS1,"Golgi apparatus, trans-Golgi network",https://www.proteinatlas.org/search/PACS1
Q6W2J9,BCOR,Nucleus,https://www.proteinatlas.org/search/BCOR
Q6WKZ4,RAB11FIP1,"Recycling endosome; Cytoplasmic vesicle; Cytoplasmic vesicle, phagosome membrane",https://www.proteinatlas.org/search/RAB11FIP1
Q6WNK7,SUS1,"Nucleus, nucleoplasm; Cytoplasm, P-body",https://www.proteinatlas.org/search/SUS1
Q6XQN6,NAPRT,"Cytoplasm, cytosol",https://www.proteinatlas.org/search/NAPRT
Q6Y7W6,GIGYF2,,https://www.proteinatlas.org/search/GIGYF2
Q6YHU6,THADA,,https://www.proteinatlas.org/search/THADA
Q6YN16,HSDL2,Peroxisome; Mitochondrion,https://www.proteinatlas.org/search/HSDL2
Q6YP21,KYAT3,,https://www.proteinatlas.org/search/KYAT3
Q6ZN17,LIN28B,"Nucleus; Nucleus, nucleolus; Cytoplasm",https://www.proteinatlas.org/search/LIN28B
Q6ZN55,ZNF574,Cytoplasm; Nucleus,https://www.proteinatlas.org/search/ZNF574
Q6ZNJ1,NBEAL2,Endoplasmic reticulum,https://www.proteinatlas.org/search/NBEAL2
Q6ZQW0,IDO2,,https://www.proteinatlas.org/search/IDO2
Q6ZRS2,SRCAP,Nucleus,https://www.proteinatlas.org/search/SRCAP
Q6ZSJ8,C1orf122,,https://www.proteinatlas.org/search/C1orf122
Q6ZSR9,nan,,
Q6ZT12,UBR3,Membrane,https://www.proteinatlas.org/search/UBR3
Q6ZU65,UBN2,,https://www.proteinatlas.org/search/UBN2
Q6ZUT1,NKAPD1,,https://www.proteinatlas.org/search/NKAPD1
Q6ZW49,PAXIP1,Nucleus matrix; Chromosome,https://www.proteinatlas.org/search/PAXIP1
Q6ZWJ1,STXBP4,Cytoplasm,https://www.proteinatlas.org/search/STXBP4
Q6ZYL4,GTF2H5,Nucleus; Cytoplasm,https://www.proteinatlas.org/search/GTF2H5
Q709C8,VPS13C,Mitochondrion outer membrane; Lipid droplet; Endoplasmic reticulum membrane; Lysosome membrane; Late endosome membrane,https://www.proteinatlas.org/search/VPS13C
Q70CQ2,USP34,,https://www.proteinatlas.org/search/USP34
Q70J99,UNC13D,Cytoplasm; Membrane; Late endosome; Recycling endosome; Lysosome,https://www.proteinatlas.org/search/UNC13D
Q70YC5,ZNF365,"Cytoplasm, cytoskeleton, microtubule organizing center, centrosome",https://www.proteinatlas.org/search/ZNF365
Q70Z53,FRA10AC1,Nucleus,https://www.proteinatlas.org/search/FRA10AC1
Q712K3,UBE2R2,,https://www.proteinatlas.org/search/UBE2R2
Q71F23,CENPU,"Cytoplasm; Nucleus; Chromosome, centromere, kinetochore",https://www.proteinatlas.org/search/CENPU
Q71RC2,LARP4,"Cytoplasm, Stress granule; Cytoplasm, cytosol",https://www.proteinatlas.org/search/LARP4
Q71SY5,MED25,Nucleus,https://www.proteinatlas.org/search/MED25
Q71U36,TUBA1A,"Cytoplasm, cytoskeleton; Cytoplasm, cytoskeleton, flagellum axoneme",https://www.proteinatlas.org/search/TUBA1A
Q71UM5,RPS27L,,https://www.proteinatlas.org/search/RPS27L
Q75N03,CBLL1,"Nucleus speckle; Nucleus, nucleoplasm; Cytoplasm",https://www.proteinatlas.org/search/CBLL1
Q75QN2,INTS8,Nucleus; Chromosome,https://www.proteinatlas.org/search/INTS8
Q765P7,MTSS2,"Cytoplasm; Cell projection, ruffle",https://www.proteinatlas.org/search/MTSS2
Q76FK4,NOL8,"Nucleus, nucleolus",https://www.proteinatlas.org/search/NOL8
Q7KZ85,SUPT6H,Nucleus,https://www.proteinatlas.org/search/SUPT6H
Q7KZF4,SND1,Cytoplasm; Nucleus; Melanosome,https://www.proteinatlas.org/search/SND1
Q7KZI7,MARK2,"Cell membrane; Cytoplasm; Lateral cell membrane; Cytoplasm, cytoskeleton; Cell projection, dendrite; Cytoplasm",https://www.proteinatlas.org/search/MARK2
Q7KZN9,COX15,Mitochondrion inner membrane,https://www.proteinatlas.org/search/COX15
Q7L014,DDX46,"Nucleus speckle; Nucleus, Cajal body",https://www.proteinatlas.org/search/DDX46
Q7L0Y3,TRMT10C,"Mitochondrion matrix, mitochondrion nucleoid",https://www.proteinatlas.org/search/TRMT10C
Q7L1Q6,BZW1,,https://www.proteinatlas.org/search/BZW1
Q7L1T6,CYB5R4,Endoplasmic reticulum,https://www.proteinatlas.org/search/CYB5R4
Q7L1V2,MON1B,,https://www.proteinatlas.org/search/MON1B
Q7L273,KCTD9,,https://www.proteinatlas.org/search/KCTD9
Q7L2E3,DHX30,"Cytoplasm; Mitochondrion; Mitochondrion matrix, mitochondrion nucleoid",https://www.proteinatlas.org/search/DHX30
Q7L2H7,EIF3M,Cytoplasm,https://www.proteinatlas.org/search/EIF3M
Q7L2J0,MEPCE,Nucleus,https://www.proteinatlas.org/search/MEPCE
Q7L2Z9,CENPQ,"Nucleus; Chromosome, centromere",https://www.proteinatlas.org/search/CENPQ
Q7L3T8,PARS2,Mitochondrion matrix,https://www.proteinatlas.org/search/PARS2
Q7L4I2,RSRC2,,https://www.proteinatlas.org/search/RSRC2
Q7L523,RRAGA,Cytoplasm; Nucleus; Lysosome membrane,https://www.proteinatlas.org/search/RRAGA
Q7L576,CYFIP1,"Cytoplasm; Cytoplasm, perinuclear region; Cell projection, lamellipodium; Cell projection, ruffle; Synapse, synaptosome",https://www.proteinatlas.org/search/CYFIP1
Q7L592,NDUFAF7,Mitochondrion,https://www.proteinatlas.org/search/NDUFAF7
Q7L5D6,GET4,"Cytoplasm, cytosol",https://www.proteinatlas.org/search/GET4
Q7L5N1,COPS6,"Nucleus; Cytoplasm; Cytoplasm, perinuclear region",https://www.proteinatlas.org/search/COPS6
Q7L5Y1,ENOSF1,Mitochondrion,https://www.proteinatlas.org/search/ENOSF1
Q7L5Y9,MAEA,"Cytoplasm; Nucleus, nucleoplasm; Nucleus matrix; Cell membrane; Cytoplasm, cytoskeleton",https://www.proteinatlas.org/search/MAEA
Q7L775,EPM2AIP1,Endoplasmic reticulum,https://www.proteinatlas.org/search/EPM2AIP1
Q7L7X3,TAOK1,Cytoplasm,https://www.proteinatlas.org/search/TAOK1
Q7L8L6,FASTKD5,"Mitochondrion matrix, mitochondrion nucleoid",https://www.proteinatlas.org/search/FASTKD5
Q7L9L4,MOB1B,Cytoplasm; Nucleus,https://www.proteinatlas.org/search/MOB1B
Q7LBC6,KDM3B,Nucleus,https://www.proteinatlas.org/search/KDM3B
Q7LBR1,CHMP1B,"Cytoplasm, cytosol; Endosome; Late endosome membrane",https://www.proteinatlas.org/search/CHMP1B
Q7LGA3,HS2ST1,Golgi apparatus membrane,https://www.proteinatlas.org/search/HS2ST1
Q7RTV0,PHF5A,Nucleus; Nucleus speckle,https://www.proteinatlas.org/search/PHF5A
Q7Z2E3,APTX,"Nucleus, nucleoplasm; Nucleus, nucleolus; Cytoplasm",https://www.proteinatlas.org/search/APTX
Q7Z2T5,TRMT1L,"Nucleus, nucleolus",https://www.proteinatlas.org/search/TRMT1L
Q7Z2W4,ZC3HAV1,Nucleus; Lysosome; Late endosome; Nucleus; Cytoplasm; Membrane,https://www.proteinatlas.org/search/ZC3HAV1
Q7Z2W9,MRPL21,Mitochondrion,https://www.proteinatlas.org/search/MRPL21
Q7Z2Z2,EFL1,,https://www.proteinatlas.org/search/EFL1
Q7Z392,TRAPPC11,"Golgi apparatus; Golgi apparatus, cis-Golgi network",https://www.proteinatlas.org/search/TRAPPC11
Q7Z3B3,KANSL1,"Nucleus; Chromosome, centromere, kinetochore; Mitochondrion; Cytoplasm, cytoskeleton, spindle pole",https://www.proteinatlas.org/search/KANSL1
Q7Z3B4,NUP54,"Nucleus, nuclear pore complex; Nucleus membrane; Nucleus membrane",https://www.proteinatlas.org/search/NUP54
Q7Z3C6,ATG9A,"Preautophagosomal structure membrane; Cytoplasmic vesicle, autophagosome membrane; Golgi apparatus, trans-Golgi network membrane; Late endosome membrane; Recycling endosome membrane; Endoplasmic reticulum membrane; Mitochondrion membrane",https://www.proteinatlas.org/search/ATG9A
Q7Z3J2,VPS35L,Membrane; Endosome,https://www.proteinatlas.org/search/VPS35L
Q7Z3K3,POGZ,Nucleus; Chromosome; Cytoplasm,https://www.proteinatlas.org/search/POGZ
Q7Z3T8,ZFYVE16,Cytoplasm; Early endosome membrane,https://www.proteinatlas.org/search/ZFYVE16
Q7Z3U7,MON2,Early endosome membrane,https://www.proteinatlas.org/search/MON2
Q7Z417,NUFIP2,"Nucleus; Cytoplasm; Cytoplasm, Stress granule",https://www.proteinatlas.org/search/NUFIP2
Q7Z422,SZRD1,,https://www.proteinatlas.org/search/SZRD1
Q7Z434,MAVS,Mitochondrion outer membrane; Mitochondrion; Peroxisome,https://www.proteinatlas.org/search/MAVS
Q7Z460,CLASP1,"Cytoplasm, cytoskeleton; Cytoplasm, cytoskeleton, microtubule organizing center, centrosome; Chromosome, centromere, kinetochore; Cytoplasm, cytoskeleton, spindle; Golgi apparatus, trans-Golgi network",https://www.proteinatlas.org/search/CLASP1
Q7Z478,DHX29,Cytoplasm,https://www.proteinatlas.org/search/DHX29
Q7Z4G1,COMMD6,Nucleus; Cytoplasm,https://www.proteinatlas.org/search/COMMD6
Q7Z4G4,TRMT11,Cytoplasm,https://www.proteinatlas.org/search/TRMT11
Q7Z4H3,HDDC2,,https://www.proteinatlas.org/search/HDDC2
Q7Z4H7,HAUS6,"Cytoplasm, cytoskeleton; Cytoplasm, cytoskeleton, spindle; Cytoplasm, cytoskeleton, microtubule organizing center, centrosome",https://www.proteinatlas.org/search/HAUS6
Q7Z4H8,POGLUT3,Endoplasmic reticulum lumen,https://www.proteinatlas.org/search/POGLUT3
Q7Z4Q2,HEATR3,,https://www.proteinatlas.org/search/HEATR3
Q7Z4S6,KIF21A,"Cytoplasm, cytoskeleton; Cytoplasm, cell cortex; Cell projection, axon; Cell projection, dendrite; Cell projection, growth cone",https://www.proteinatlas.org/search/KIF21A
Q7Z4V5,HDGFL2,Nucleus; Cytoplasm,https://www.proteinatlas.org/search/HDGFL2
Q7Z4W1,DCXR,"Apical cell membrane; Cytoplasmic vesicle, secretory vesicle, acrosome",https://www.proteinatlas.org/search/DCXR
Q7Z569,BRAP,Cytoplasm,https://www.proteinatlas.org/search/BRAP
Q7Z5G4,GOLGA7,Golgi apparatus membrane,https://www.proteinatlas.org/search/GOLGA7
Q7Z5K2,WAPL,Nucleus; Nucleus; Chromosome; Cytoplasm,https://www.proteinatlas.org/search/WAPL
Q7Z5L9,IRF2BP2,Cytoplasm; Nucleus,https://www.proteinatlas.org/search/IRF2BP2
Q7Z6B0,CCDC91,"Membrane; Golgi apparatus, trans-Golgi network membrane; Golgi apparatus, trans-Golgi network",https://www.proteinatlas.org/search/CCDC91
Q7Z6E9,RBBP6,"Nucleus, nucleolus; Chromosome; Cytoplasm, cytoskeleton, microtubule organizing center, centrosome",https://www.proteinatlas.org/search/RBBP6
Q7Z6J8,UBE3D,Cytoplasm,https://www.proteinatlas.org/search/UBE3D
Q7Z6J9,TSEN54,"Nucleus; Nucleus, nucleolus",https://www.proteinatlas.org/search/TSEN54
Q7Z6M1,RABEPK,Cytoplasm; Endosome membrane,https://www.proteinatlas.org/search/RABEPK
Q7Z6V5,ADAT2,Nucleus; Cytoplasm,https://www.proteinatlas.org/search/ADAT2
Q7Z6Z7,HUWE1,Cytoplasm; Nucleus; Mitochondrion,https://www.proteinatlas.org/search/HUWE1
Q7Z739,YTHDF3,"Cytoplasm, cytosol; Cytoplasm, P-body; Cytoplasm, Stress granule",https://www.proteinatlas.org/search/YTHDF3
Q7Z7A3,CTU1,Cytoplasm,https://www.proteinatlas.org/search/CTU1
Q7Z7C8,TAF8,Nucleus; Cytoplasm,https://www.proteinatlas.org/search/TAF8
Q7Z7E8,UBE2Q1,"Nucleus; Cell projection, filopodium; Cytoplasm, cytosol",https://www.proteinatlas.org/search/UBE2Q1
Q7Z7F0,KHDC4,Nucleus; Cytoplasm,https://www.proteinatlas.org/search/KHDC4
Q7Z7F7,MRPL55,Mitochondrion,https://www.proteinatlas.org/search/MRPL55
Q7Z7H8,MRPL10,Mitochondrion,https://www.proteinatlas.org/search/MRPL10
Q7Z7K0,CMC1,Mitochondrion,https://www.proteinatlas.org/search/CMC1
Q7Z7K6,CENPV,"Chromosome, centromere, kinetochore; Nucleus; Cytoplasm, cytoskeleton, spindle",https://www.proteinatlas.org/search/CENPV
Q7Z7L9,ZSCAN2,Nucleus,https://www.proteinatlas.org/search/ZSCAN2
Q7Z7M9,GALNT5,Golgi apparatus membrane,https://www.proteinatlas.org/search/GALNT5
Q7Z7N9,TMEM179B,Membrane,https://www.proteinatlas.org/search/TMEM179B
Q86SE9,PCGF5,"Nucleus; Nucleus, nucleoplasm",https://www.proteinatlas.org/search/PCGF5
Q86SF2,GALNT7,Golgi apparatus membrane,https://www.proteinatlas.org/search/GALNT7
Q86SQ9,DHDDS,Endoplasmic reticulum membrane,https://www.proteinatlas.org/search/DHDDS
Q86SX6,GLRX5,Mitochondrion matrix,https://www.proteinatlas.org/search/GLRX5
Q86SZ2,TRAPPC6B,"Golgi apparatus, cis-Golgi network; Endoplasmic reticulum",https://www.proteinatlas.org/search/TRAPPC6B
Q86TB9,PATL1,"Cytoplasm, P-body; Nucleus; Nucleus, PML body; Nucleus speckle",https://www.proteinatlas.org/search/PATL1
Q86TI2,DPP9,"Cytoplasm, cytosol; Nucleus",https://www.proteinatlas.org/search/DPP9
Q86TP1,PRUNE1,"Cytoplasm; Nucleus; Cell junction, focal adhesion",https://www.proteinatlas.org/search/PRUNE1
Q86TS9,MRPL52,Mitochondrion,https://www.proteinatlas.org/search/MRPL52
Q86TU7,SETD3,Cytoplasm; Nucleus,https://www.proteinatlas.org/search/SETD3
Q86U06,RBM23,Nucleus,https://www.proteinatlas.org/search/RBM23
Q86U28,ISCA2,Mitochondrion,https://www.proteinatlas.org/search/ISCA2
Q86U38,NOP9,,https://www.proteinatlas.org/search/NOP9
Q86U42,PABPN1,Nucleus; Cytoplasm; Nucleus speckle,https://www.proteinatlas.org/search/PABPN1
Q86U44,METTL3,Nucleus; Nucleus speckle; Cytoplasm,https://www.proteinatlas.org/search/METTL3
Q86U70,LDB1,Nucleus,https://www.proteinatlas.org/search/LDB1
Q86U86,PBRM1,Nucleus,https://www.proteinatlas.org/search/PBRM1
Q86U90,YRDC,Cytoplasm; Mitochondrion; Cell membrane,https://www.proteinatlas.org/search/YRDC
Q86UA1,PRPF39,Nucleus,https://www.proteinatlas.org/search/PRPF39
Q86UA6,RPAIN,"Cytoplasm; Nucleus; Nucleus, PML body",https://www.proteinatlas.org/search/RPAIN
Q86UD0,SAPCD2,"Cytoplasm; Nucleus; Cytoplasm, cell cortex; Apical cell membrane; Cell junction, tight junction",https://www.proteinatlas.org/search/SAPCD2
Q86UE4,MTDH,"Endoplasmic reticulum membrane; Nucleus membrane; Cell junction, tight junction; Nucleus, nucleolus; Cytoplasm, perinuclear region",https://www.proteinatlas.org/search/MTDH
Q86UE8,TLK2,"Nucleus; Nucleus, nucleoplasm; Cytoplasm, perinuclear region; Cytoplasm, cytoskeleton",https://www.proteinatlas.org/search/TLK2
Q86UK7,ZNF598,"Cytoplasm, cytosol",https://www.proteinatlas.org/search/ZNF598
Q86UP2,KTN1,Endoplasmic reticulum membrane,https://www.proteinatlas.org/search/KTN1
Q86UU1,PHLDB1,,https://www.proteinatlas.org/search/PHLDB1
Q86UV5,USP48,"Cytoplasm; Nucleus; Cell projection, cilium",https://www.proteinatlas.org/search/USP48
Q86UX7,FERMT3,"Cell projection, podosome",https://www.proteinatlas.org/search/FERMT3
Q86UY5,SACK1A,Cytoplasm; Mitochondrion,https://www.proteinatlas.org/search/SACK1A
Q86UY6,NAA40,Cytoplasm; Nucleus,https://www.proteinatlas.org/search/NAA40
Q86V21,AACS,"Cytoplasm, cytosol",https://www.proteinatlas.org/search/AACS
Q86V48,LUZP1,"Cytoplasm, cytoskeleton, microtubule organizing center, centrosome; Cytoplasm, cytoskeleton, cilium basal body; Midbody; Chromosome, centromere; Cytoplasm, cytoskeleton, spindle; Cytoplasm, cytoskeleton, stress fiber; Nucleus; Cell projection, dendrite; Perikaryon; Cell junction, tight junction",https://www.proteinatlas.org/search/LUZP1
Q86V59,PNMA8A,,https://www.proteinatlas.org/search/PNMA8A
Q86V81,ALYREF,Nucleus; Nucleus speckle; Cytoplasm,https://www.proteinatlas.org/search/ALYREF
Q86VM9,ZC3H18,Nucleus,https://www.proteinatlas.org/search/ZC3H18
Q86VN1,VPS36,Cytoplasm; Endosome; Late endosome; Membrane; Nucleus,https://www.proteinatlas.org/search/VPS36
Q86VP6,CAND1,Cytoplasm; Nucleus,https://www.proteinatlas.org/search/CAND1
Q86VR2,RETREG3,Endoplasmic reticulum membrane,https://www.proteinatlas.org/search/RETREG3
Q86VS8,HOOK3,"Cytoplasm, cytoskeleton; Golgi apparatus",https://www.proteinatlas.org/search/HOOK3
Q86VU5,COMTD1,Membrane,https://www.proteinatlas.org/search/COMTD1
Q86VX2,COMMD7,Cytoplasmic vesicle,https://www.proteinatlas.org/search/COMMD7
Q86W42,THOC6,Nucleus; Nucleus speckle,https://www.proteinatlas.org/search/THOC6
Q86W50,METTL16,Nucleus; Cytoplasm,https://www.proteinatlas.org/search/METTL16
Q86W56,PARG,Nucleus; Cytoplasm; Cytoplasm; Cytoplasm; Mitochondrion; Mitochondrion matrix,https://www.proteinatlas.org/search/PARG
Q86WA8,LONP2,Peroxisome matrix,https://www.proteinatlas.org/search/LONP2
Q86WB0,ZC3HC1,Nucleus; Nucleus envelope,https://www.proteinatlas.org/search/ZC3HC1
Q86WJ1,CHD1L,Nucleus; Chromosome,https://www.proteinatlas.org/search/CHD1L
Q86WN1,FCHSD1,Cytoplasm; Perikaryon; Cell projection; Cytoplasmic vesicle,https://www.proteinatlas.org/search/FCHSD1
Q86WP2,GPBP1,Nucleus; Cytoplasm,https://www.proteinatlas.org/search/GPBP1
Q86WQ0,NR2C2AP,Nucleus,https://www.proteinatlas.org/search/NR2C2AP
Q86WR0,CCDC25,Cell membrane; Endomembrane system,https://www.proteinatlas.org/search/CCDC25
Q86WX3,RPS19BP1,"Nucleus, nucleolus",https://www.proteinatlas.org/search/RPS19BP1
Q86X10,RALGAPB,,https://www.proteinatlas.org/search/RALGAPB
Q86X29,LSR,"Cell membrane; Cell junction, tight junction",https://www.proteinatlas.org/search/LSR
Q86X55,CARM1,Nucleus; Cytoplasm; Chromosome,https://www.proteinatlas.org/search/CARM1
Q86X76,NIT1,Mitochondrion; Cytoplasm,https://www.proteinatlas.org/search/NIT1
Q86X83,COMMD2,Cytoplasm,https://www.proteinatlas.org/search/COMMD2
Q86XA9,HEATR5A,,https://www.proteinatlas.org/search/HEATR5A
Q86XI2,NCAPG2,Nucleus,https://www.proteinatlas.org/search/NCAPG2
Q86XL3,ANKLE2,Endoplasmic reticulum membrane,https://www.proteinatlas.org/search/ANKLE2
Q86XP3,DDX42,"Cytoplasm; Nucleus; Nucleus, Cajal body; Nucleus speckle",https://www.proteinatlas.org/search/DDX42
Q86XZ4,SPATS2,Cytoplasm,https://www.proteinatlas.org/search/SPATS2
Q86Y07,VRK2,Cytoplasm; Endoplasmic reticulum membrane; Mitochondrion membrane; Nucleus envelope; Cytoplasm; Nucleus,https://www.proteinatlas.org/search/VRK2
Q86Y39,NDUFA11,Mitochondrion inner membrane,https://www.proteinatlas.org/search/NDUFA11
Q86Y46,KRT73,,https://www.proteinatlas.org/search/KRT73
Q86Y56,DNAAF5,Cytoplasm; Dynein axonemal particle,https://www.proteinatlas.org/search/DNAAF5
Q86Y82,STX12,Endosome membrane; Golgi apparatus membrane; Endomembrane system; Early endosome membrane; Recycling endosome membrane,https://www.proteinatlas.org/search/STX12
Q86Y91,KIF18B,"Nucleus; Cytoplasm; Cytoplasm, cytoskeleton",https://www.proteinatlas.org/search/KIF18B
Q86YF9,DZIP1,"Cytoplasm, cytoskeleton, cilium basal body; Cytoplasm, cytoskeleton, microtubule organizing center, centrosome, centriolar satellite; Cytoplasm, cytoskeleton, microtubule organizing center, centrosome, centriole; Nucleus; Nucleus speckle; Cytoplasm",https://www.proteinatlas.org/search/DZIP1
Q86YH6,PDSS2,Mitochondrion,https://www.proteinatlas.org/search/PDSS2
Q86YM7,HOMER1,"Cytoplasm; Postsynaptic density; Synapse; Cell projection, dendritic spine",https://www.proteinatlas.org/search/HOMER1
Q86YP4,GATAD2A,Nucleus speckle; Nucleus; Chromosome,https://www.proteinatlas.org/search/GATAD2A
Q86YT6,MIB1,"Cytoplasm; Cytoplasm, cytoskeleton, microtubule organizing center, centrosome, centriolar satellite; Cell membrane",https://www.proteinatlas.org/search/MIB1
Q86ZR7,YKL033W-A,,https://www.proteinatlas.org/search/YKL033W-A
Q8IU60,DCP2,"Cytoplasm, P-body; Nucleus",https://www.proteinatlas.org/search/DCP2
Q8IU81,IRF2BP1,Nucleus,https://www.proteinatlas.org/search/IRF2BP1
Q8IUE6,H2AC21,Nucleus; Chromosome,https://www.proteinatlas.org/search/H2AC21
Q8IUF1,ZNG1B,Nucleus,https://www.proteinatlas.org/search/ZNG1B
Q8IUF8,RIOX2,"Nucleus; Nucleus, nucleolus",https://www.proteinatlas.org/search/RIOX2
Q8IUH3,RBM45,Cytoplasm; Nucleus,https://www.proteinatlas.org/search/RBM45
Q8IUI8,CRLF3,Cytoplasm,https://www.proteinatlas.org/search/CRLF3
Q8IUR0,TRAPPC5,"Golgi apparatus, cis-Golgi network; Endoplasmic reticulum",https://www.proteinatlas.org/search/TRAPPC5
Q8IUR7,ARMC8,Nucleus; Cytoplasm,https://www.proteinatlas.org/search/ARMC8
Q8IV08,PLD3,Lysosome lumen; Early endosome membrane; Late endosome membrane; Endosome membrane; Endoplasmic reticulum membrane; Golgi apparatus membrane,https://www.proteinatlas.org/search/PLD3
Q8IV38,ANKMY2,"Cell projection, cilium",https://www.proteinatlas.org/search/ANKMY2
Q8IV48,ERI1,"Cytoplasm; Nucleus; Nucleus, nucleolus",https://www.proteinatlas.org/search/ERI1
Q8IV50,LYSMD2,,https://www.proteinatlas.org/search/LYSMD2
Q8IV63,VRK3,Nucleus; Cytoplasm,https://www.proteinatlas.org/search/VRK3
Q8IVD9,NUDCD3,,https://www.proteinatlas.org/search/NUDCD3
Q8IVF4,DNAH10,"Cytoplasm, cytoskeleton, cilium axoneme",https://www.proteinatlas.org/search/DNAH10
Q8IVH2,FOXP4,Nucleus,https://www.proteinatlas.org/search/FOXP4
Q8IVI9,NOSTRIN,"Cell membrane; Cytoplasmic vesicle; Cytoplasm, cytoskeleton; Nucleus",https://www.proteinatlas.org/search/NOSTRIN
Q8IVM0,CCDC50,Cytoplasm,https://www.proteinatlas.org/search/CCDC50
Q8IVS2,MCAT,Mitochondrion,https://www.proteinatlas.org/search/MCAT
Q8IWA0,WDR75,"Nucleus, nucleolus",https://www.proteinatlas.org/search/WDR75
Q8IWA4,MFN1,Mitochondrion outer membrane; Cytoplasm,https://www.proteinatlas.org/search/MFN1
Q8IWB7,WDFY1,Early endosome,https://www.proteinatlas.org/search/WDFY1
Q8IWD4,CCDC117,"Cytoplasm, cytoskeleton, spindle; Nucleus",https://www.proteinatlas.org/search/CCDC117
Q8IWI9,MGA,Nucleus,https://www.proteinatlas.org/search/MGA
Q8IWJ2,GCC2,"Cytoplasm; Golgi apparatus, trans-Golgi network membrane",https://www.proteinatlas.org/search/GCC2
Q8IWR0,ZC3H7A,Nucleus,https://www.proteinatlas.org/search/ZC3H7A
Q8IWS0,PHF6,"Nucleus; Nucleus, nucleolus; Chromosome, centromere, kinetochore",https://www.proteinatlas.org/search/PHF6
Q8IWT0,ZBTB8OS,Cytoplasm; Nucleus,https://www.proteinatlas.org/search/ZBTB8OS
Q8IWV7,UBR1,"Cytoplasm, cytosol",https://www.proteinatlas.org/search/UBR1
Q8IWV8,UBR2,Nucleus; Chromosome,https://www.proteinatlas.org/search/UBR2
Q8IWX8,CHERP,"Cytoplasm; Cytoplasm, perinuclear region; Endoplasmic reticulum",https://www.proteinatlas.org/search/CHERP
Q8IWY9,CDAN1,Cytoplasm; Nucleus; Membrane,https://www.proteinatlas.org/search/CDAN1
Q8IWZ3,ANKHD1,Cytoplasm,https://www.proteinatlas.org/search/ANKHD1
Q8IWZ8,SUGP1,Nucleus,https://www.proteinatlas.org/search/SUGP1
Q8IX01,SUGP2,Nucleus,https://www.proteinatlas.org/search/SUGP2
Q8IX07,ZFPM1,Nucleus,https://www.proteinatlas.org/search/ZFPM1
Q8IX12,CCAR1,"Cytoplasm, perinuclear region",https://www.proteinatlas.org/search/CCAR1
Q8IX90,SKA3,"Cytoplasm, cytoskeleton, spindle; Chromosome, centromere, kinetochore",https://www.proteinatlas.org/search/SKA3
Q8IXB1,DNAJC10,Endoplasmic reticulum lumen,https://www.proteinatlas.org/search/DNAJC10
Q8IXH7,NELFCD,Nucleus,https://www.proteinatlas.org/search/NELFCD
Q8IXI1,RHOT2,Mitochondrion outer membrane,https://www.proteinatlas.org/search/RHOT2
Q8IXI2,RHOT1,Mitochondrion outer membrane,https://www.proteinatlas.org/search/RHOT1
Q8IXJ6,SIRT2,"Nucleus; Cytoplasm, perinuclear region; Cytoplasm; Cytoplasm, cytoskeleton; Cytoplasm, cytoskeleton, microtubule organizing center, centrosome; Cytoplasm, cytoskeleton, microtubule organizing center, centrosome, centriole; Cytoplasm, cytoskeleton, spindle; Midbody; Chromosome; Perikaryon; Cell projection; Cell projection, growth cone; Myelin membrane; Cytoplasm; Nucleus; Cytoplasm; Nucleus; Cytoplasm; Nucleus",https://www.proteinatlas.org/search/SIRT2
Q8IXJ9,ASXL1,Nucleus,https://www.proteinatlas.org/search/ASXL1
Q8IXK0,PHC2,Nucleus,https://www.proteinatlas.org/search/PHC2
Q8IXM3,MRPL41,Mitochondrion,https://www.proteinatlas.org/search/MRPL41
Q8IXQ3,C9orf40,,https://www.proteinatlas.org/search/C9orf40
Q8IXQ4,GPALPP1,,https://www.proteinatlas.org/search/GPALPP1
Q8IXT5,RBM12B,,https://www.proteinatlas.org/search/RBM12B
Q8IXW5,RPAP2,Cytoplasm; Nucleus,https://www.proteinatlas.org/search/RPAP2
Q8IY18,SMC5,"Nucleus; Chromosome; Nucleus, PML body; Chromosome, telomere",https://www.proteinatlas.org/search/SMC5
Q8IY22,CMIP,Nucleus; Cytoplasm,https://www.proteinatlas.org/search/CMIP
Q8IY33,MICALL2,"Cell membrane; Cell junction, tight junction; Recycling endosome; Cell projection; Cytoplasm, cytoskeleton",https://www.proteinatlas.org/search/MICALL2
Q8IY37,DHX37,"Nucleus, nucleolus; Cytoplasm; Nucleus membrane",https://www.proteinatlas.org/search/DHX37
Q8IY47,KBTBD2,,https://www.proteinatlas.org/search/KBTBD2
Q8IY57,YAF2,Nucleus,https://www.proteinatlas.org/search/YAF2
Q8IY67,RAVER1,Nucleus; Cytoplasm,https://www.proteinatlas.org/search/RAVER1
Q8IY81,FTSJ3,"Nucleus, nucleolus",https://www.proteinatlas.org/search/FTSJ3
Q8IY95,TMEM192,Lysosome membrane; Late endosome,https://www.proteinatlas.org/search/TMEM192
Q8IYB3,SRRM1,Nucleus matrix; Nucleus speckle,https://www.proteinatlas.org/search/SRRM1
Q8IYB5,SMAP1,Cell membrane,https://www.proteinatlas.org/search/SMAP1
Q8IYB8,SUPV3L1,"Nucleus; Mitochondrion matrix; Mitochondrion matrix, mitochondrion nucleoid",https://www.proteinatlas.org/search/SUPV3L1
Q8IYB9,ZNF595,Nucleus,https://www.proteinatlas.org/search/ZNF595
Q8IYD1,GSPT2,Cytoplasm,https://www.proteinatlas.org/search/GSPT2
Q8IYH5,ZZZ3,Nucleus,https://www.proteinatlas.org/search/ZZZ3
Q8IYI6,EXOC8,"Cytoplasm; Cytoplasm, perinuclear region; Cell projection, growth cone; Cell projection",https://www.proteinatlas.org/search/EXOC8
Q8IYL3,C1orf174,Nucleus,https://www.proteinatlas.org/search/C1orf174
Q8IYQ7,THNSL1,,https://www.proteinatlas.org/search/THNSL1
Q8IYS2,KIAA2013,Membrane,https://www.proteinatlas.org/search/KIAA2013
Q8IYU8,MICU2,Mitochondrion intermembrane space; Mitochondrion inner membrane,https://www.proteinatlas.org/search/MICU2
Q8IZ07,ANKRD13A,Cell membrane; Late endosome,https://www.proteinatlas.org/search/ANKRD13A
Q8IZ21,PHACTR4,"Cytoplasm; Cell projection, lamellipodium",https://www.proteinatlas.org/search/PHACTR4
Q8IZ40,RCOR2,Nucleus,https://www.proteinatlas.org/search/RCOR2
Q8IZ69,TRMT2A,"Cytoplasm, cytosol",https://www.proteinatlas.org/search/TRMT2A
Q8IZ73,RPUSD2,,https://www.proteinatlas.org/search/RPUSD2
Q8IZ83,ALDH16A1,,https://www.proteinatlas.org/search/ALDH16A1
Q8IZH2,XRN1,Cytoplasm,https://www.proteinatlas.org/search/XRN1
Q8IZL8,PELP1,"Nucleus, nucleolus; Nucleus, nucleoplasm; Nucleus; Cytoplasm",https://www.proteinatlas.org/search/PELP1
Q8IZP0,ABI1,"Cytoplasm; Nucleus; Cell projection, lamellipodium; Cell projection, filopodium; Cell projection, growth cone; Postsynaptic density; Cytoplasm, cytoskeleton",https://www.proteinatlas.org/search/ABI1
Q8IZQ5,SELENOH,,https://www.proteinatlas.org/search/SELENOH
Q8IZV5,RDH10,Microsome membrane; Endoplasmic reticulum membrane,https://www.proteinatlas.org/search/RDH10
Q8J0M4,YCL012C,,https://www.proteinatlas.org/search/YCL012C
Q8N0S6,CENPL,"Nucleus; Chromosome, centromere",https://www.proteinatlas.org/search/CENPL
Q8N0T1,RBIS,"Nucleus, nucleolus",https://www.proteinatlas.org/search/RBIS
Q8N0U8,VKORC1L1,Endoplasmic reticulum membrane,https://www.proteinatlas.org/search/VKORC1L1
Q8N0X7,SPART,Cytoplasm; Midbody; Lipid droplet,https://www.proteinatlas.org/search/SPART
Q8N0Y2,ZNF444,Nucleus,https://www.proteinatlas.org/search/ZNF444
Q8N0Z6,TTC5,Nucleus; Cytoplasm; Cytoplasmic vesicle; Mitochondrion matrix,https://www.proteinatlas.org/search/TTC5
Q8N108,MIER1,Nucleus; Nucleus; Nucleus; Cytoplasm; Cytoplasm; Cytoplasm,https://www.proteinatlas.org/search/MIER1
Q8N122,RPTOR,Lysosome membrane; Cytoplasm; Cytoplasmic granule,https://www.proteinatlas.org/search/RPTOR
Q8N128,FAM177A1,Golgi apparatus,https://www.proteinatlas.org/search/FAM177A1
Q8N163,CCAR2,"Nucleus; Cytoplasm; Cytoplasm, cytoskeleton, spindle",https://www.proteinatlas.org/search/CCAR2
Q8N183,NDUFAF2,Mitochondrion,https://www.proteinatlas.org/search/NDUFAF2
Q8N196,SIX5,Cytoplasm; Nucleus,https://www.proteinatlas.org/search/SIX5
Q8N1B4,VPS52,"Golgi apparatus, trans-Golgi network membrane; Endosome membrane; Recycling endosome",https://www.proteinatlas.org/search/VPS52
Q8N1F7,NUP93,"Nucleus membrane; Nucleus, nuclear pore complex; Nucleus envelope",https://www.proteinatlas.org/search/NUP93
Q8N1F8,STK11IP,Cytoplasm,https://www.proteinatlas.org/search/STK11IP
Q8N1G0,ZNF687,Cytoplasm; Nucleus,https://www.proteinatlas.org/search/ZNF687
Q8N1G2,CMTR1,Nucleus,https://www.proteinatlas.org/search/CMTR1
Q8N1G4,LRRC47,,https://www.proteinatlas.org/search/LRRC47
Q8N201,INTS1,Nucleus; Nucleus membrane,https://www.proteinatlas.org/search/INTS1
Q8N2C7,UNC80,Cell membrane,https://www.proteinatlas.org/search/UNC80
Q8N2F6,ARMC10,Endoplasmic reticulum membrane; Mitochondrion outer membrane,https://www.proteinatlas.org/search/ARMC10
Q8N2M8,CLASRP,Nucleus,https://www.proteinatlas.org/search/CLASRP
Q8N2W9,PIAS4,"Nucleus, PML body",https://www.proteinatlas.org/search/PIAS4
Q8N2Z9,CENPS,"Nucleus; Chromosome, centromere; Chromosome, centromere, kinetochore",https://www.proteinatlas.org/search/CENPS
Q8N335,GPD1L,Cytoplasm,https://www.proteinatlas.org/search/GPD1L
Q8N357,SLC35F6,Mitochondrion; Lysosome membrane,https://www.proteinatlas.org/search/SLC35F6
Q8N392,ARHGAP18,Cytoplasm,https://www.proteinatlas.org/search/ARHGAP18
Q8N3C0,ASCC3,"Nucleus; Nucleus speckle; Cytoplasm, cytosol",https://www.proteinatlas.org/search/ASCC3
Q8N3D4,EHBP1L1,Endosome,https://www.proteinatlas.org/search/EHBP1L1
Q8N3P4,VPS8,Early endosome,https://www.proteinatlas.org/search/VPS8
Q8N3U4,STAG2,"Nucleus; Chromosome; Chromosome, centromere",https://www.proteinatlas.org/search/STAG2
Q8N3X1,FNBP4,,https://www.proteinatlas.org/search/FNBP4
Q8N3Z6,ZCCHC7,"Nucleus, nucleolus",https://www.proteinatlas.org/search/ZCCHC7
Q8N442,GUF1,Mitochondrion inner membrane,https://www.proteinatlas.org/search/GUF1
Q8N488,RYBP,"Nucleus; Cytoplasm; Nucleus, nucleoplasm",https://www.proteinatlas.org/search/RYBP
Q8N490,PNKD,Cell membrane; Mitochondrion; Cytoplasm; Mitochondrion; Mitochondrion; Golgi apparatus; Endoplasmic reticulum,https://www.proteinatlas.org/search/PNKD
Q8N4H5,TOMM5,Mitochondrion outer membrane,https://www.proteinatlas.org/search/TOMM5
Q8N4J0,CARNMT1,"Cytoplasm, cytosol; Nucleus",https://www.proteinatlas.org/search/CARNMT1
Q8N4N3,KLHL36,,https://www.proteinatlas.org/search/KLHL36
Q8N4P3,HDDC3,,https://www.proteinatlas.org/search/HDDC3
Q8N4Q1,CHCHD4,Mitochondrion intermembrane space,https://www.proteinatlas.org/search/CHCHD4
Q8N543,OGFOD1,Cytoplasm; Nucleus; Cytoplasm,https://www.proteinatlas.org/search/OGFOD1
Q8N567,ZCCHC9,"Nucleus, nucleolus; Nucleus",https://www.proteinatlas.org/search/ZCCHC9
Q8N573,OXR1,"Mitochondrion; Nucleus, nucleolus; Golgi apparatus, cis-Golgi network membrane; Golgi apparatus, trans-Golgi network membrane",https://www.proteinatlas.org/search/OXR1
Q8N5A5,ZGPAT,Nucleus; Nucleus,https://www.proteinatlas.org/search/ZGPAT
Q8N5C7,DTWD1,Nucleus,https://www.proteinatlas.org/search/DTWD1
Q8N5F7,NKAP,Nucleus,https://www.proteinatlas.org/search/NKAP
Q8N5G0,SMIM20,Mitochondrion inner membrane; Secreted; Secreted,https://www.proteinatlas.org/search/SMIM20
Q8N5I9,NOPCHAP1,Nucleus,https://www.proteinatlas.org/search/NOPCHAP1
Q8N5K1,CISD2,Endoplasmic reticulum membrane; Mitochondrion outer membrane,https://www.proteinatlas.org/search/CISD2
Q8N5L8,RPP25L,Nucleus,https://www.proteinatlas.org/search/RPP25L
Q8N5M1,ATPAF2,Mitochondrion inner membrane,https://www.proteinatlas.org/search/ATPAF2
Q8N5M4,TTC9C,,https://www.proteinatlas.org/search/TTC9C
Q8N5M9,JAGN1,Endoplasmic reticulum membrane,https://www.proteinatlas.org/search/JAGN1
Q8N5N7,MRPL50,Mitochondrion,https://www.proteinatlas.org/search/MRPL50
Q8N5P1,ZC3H8,Nucleus,https://www.proteinatlas.org/search/ZC3H8
Q8N653,LZTR1,Endomembrane system; Recycling endosome; Golgi apparatus,https://www.proteinatlas.org/search/LZTR1
Q8N684,CPSF7,Nucleus; Cytoplasm,https://www.proteinatlas.org/search/CPSF7
Q8N6H7,ARFGAP2,Golgi apparatus membrane; Cytoplasm,https://www.proteinatlas.org/search/ARFGAP2
Q8N6M0,OTUD6B,,https://www.proteinatlas.org/search/OTUD6B
Q8N6N3,C1orf52,,https://www.proteinatlas.org/search/C1orf52
Q8N6R0,METTL13,Cytoplasm; Nucleus; Mitochondrion,https://www.proteinatlas.org/search/METTL13
Q8N6T3,ARFGAP1,Golgi apparatus; Cytoplasm,https://www.proteinatlas.org/search/ARFGAP1
Q8N6T7,SIRT6,"Nucleus; Chromosome; Chromosome, telomere; Endoplasmic reticulum",https://www.proteinatlas.org/search/SIRT6
Q8N766,EMC1,Endoplasmic reticulum membrane,https://www.proteinatlas.org/search/EMC1
Q8N7H5,PAF1,Nucleus,https://www.proteinatlas.org/search/PAF1
Q8N806,UBR7,,https://www.proteinatlas.org/search/UBR7
Q8N8A6,DDX51,"Nucleus, nucleolus",https://www.proteinatlas.org/search/DDX51
Q8N8N7,PTGR2,Cytoplasm,https://www.proteinatlas.org/search/PTGR2
Q8N8R5,C2orf69,Mitochondrion matrix,https://www.proteinatlas.org/search/C2orf69
Q8N954,GPATCH11,"Chromosome, centromere, kinetochore",https://www.proteinatlas.org/search/GPATCH11
Q8N983,MRPL43,Mitochondrion,https://www.proteinatlas.org/search/MRPL43
Q8N999,RLIG1,,https://www.proteinatlas.org/search/RLIG1
Q8N9I0,SYT2,"Cytoplasmic vesicle, secretory vesicle, synaptic vesicle membrane; Cytoplasmic vesicle, secretory vesicle, chromaffin granule membrane; Cytoplasm",https://www.proteinatlas.org/search/SYT2
Q8N9N2,ASCC1,Nucleus; Nucleus speckle,https://www.proteinatlas.org/search/ASCC1
Q8N9N5,BANP,Nucleus; Nucleus speckle; Cytoplasm,https://www.proteinatlas.org/search/BANP
Q8N9N7,LRRC57,Membrane,https://www.proteinatlas.org/search/LRRC57
Q8N9N8,EIF1AD,Nucleus,https://www.proteinatlas.org/search/EIF1AD
Q8N9Q2,SREK1IP1,,https://www.proteinatlas.org/search/SREK1IP1
Q8N9T8,KRI1,,https://www.proteinatlas.org/search/KRI1
Q8N9Z2,CCDC71L,,https://www.proteinatlas.org/search/CCDC71L
Q8NAB2,KBTBD3,,https://www.proteinatlas.org/search/KBTBD3
Q8NAV1,PRPF38A,Nucleus,https://www.proteinatlas.org/search/PRPF38A
Q8NB37,GATD1,Secreted; Early endosome,https://www.proteinatlas.org/search/GATD1
Q8NB46,ANKRD52,,https://www.proteinatlas.org/search/ANKRD52
Q8NB49,ATP11C,Cell membrane; Endoplasmic reticulum membrane; Early endosome membrane; Recycling endosome membrane,https://www.proteinatlas.org/search/ATP11C
Q8NB78,KDM1B,Nucleus; Chromosome,https://www.proteinatlas.org/search/KDM1B
Q8NB90,AFG2A,"Cytoplasm; Mitochondrion; Cytoplasm, cytoskeleton, spindle",https://www.proteinatlas.org/search/AFG2A
Q8NBA8,DTWD2,Cytoplasm; Nucleus; Cytoplasm,https://www.proteinatlas.org/search/DTWD2
Q8NBF2,NHLRC2,"Cytoplasm, cytosol",https://www.proteinatlas.org/search/NHLRC2
Q8NBF6,AVL9,Recycling endosome; Membrane,https://www.proteinatlas.org/search/AVL9
Q8NBI5,SLC43A3,Basolateral cell membrane,https://www.proteinatlas.org/search/SLC43A3
Q8NBJ5,COLGALT1,Endoplasmic reticulum lumen,https://www.proteinatlas.org/search/COLGALT1
Q8NBJ7,SUMF2,Endoplasmic reticulum lumen,https://www.proteinatlas.org/search/SUMF2
Q8NBN3,TMEM87A,"Cell membrane; Golgi apparatus membrane; Cell membrane; Cell projection, ruffle",https://www.proteinatlas.org/search/TMEM87A
Q8NBN7,RDH13,Mitochondrion inner membrane,https://www.proteinatlas.org/search/RDH13
Q8NBQ5,HSD17B11,Endoplasmic reticulum; Lipid droplet,https://www.proteinatlas.org/search/HSD17B11
Q8NBS9,TXNDC5,Endoplasmic reticulum lumen,https://www.proteinatlas.org/search/TXNDC5
Q8NBT2,SPC24,"Nucleus; Chromosome, centromere, kinetochore",https://www.proteinatlas.org/search/SPC24
Q8NBU5,ATAD1,Mitochondrion outer membrane; Peroxisome membrane; Postsynaptic cell membrane,https://www.proteinatlas.org/search/ATAD1
Q8NBX0,SCCPDH,,https://www.proteinatlas.org/search/SCCPDH
Q8NBZ0,INO80E,Nucleus,https://www.proteinatlas.org/search/INO80E
Q8NC51,SERBP1,"Cytoplasm; Nucleus; Cytoplasm, perinuclear region",https://www.proteinatlas.org/search/SERBP1
Q8NC60,NOA1,Mitochondrion inner membrane,https://www.proteinatlas.org/search/NOA1
Q8NC96,NECAP1,"Cytoplasmic vesicle, clathrin-coated vesicle membrane; Cell membrane",https://www.proteinatlas.org/search/NECAP1
Q8NCA5,FAM98A,,https://www.proteinatlas.org/search/FAM98A
Q8NCE0,TSEN2,"Nucleus; Nucleus, nucleolus",https://www.proteinatlas.org/search/TSEN2
Q8NCE2,MTMR14,Cytoplasm,https://www.proteinatlas.org/search/MTMR14
Q8NCF5,NFATC2IP,Nucleus; Cytoplasm,https://www.proteinatlas.org/search/NFATC2IP
Q8NCG7,DAGLB,Cell membrane,https://www.proteinatlas.org/search/DAGLB
Q8NCH0,CHST14,Golgi apparatus membrane,https://www.proteinatlas.org/search/CHST14
Q8NCU4,CCDC191,,https://www.proteinatlas.org/search/CCDC191
Q8NCW5,NAXE,Mitochondrion; Secreted,https://www.proteinatlas.org/search/NAXE
Q8ND04,SMG8,,https://www.proteinatlas.org/search/SMG8
Q8ND24,RNF214,,https://www.proteinatlas.org/search/RNF214
Q8ND56,LSM14A,"Cytoplasm, P-body; Cytoplasm, cytoskeleton, spindle; Cytoplasm, Stress granule",https://www.proteinatlas.org/search/LSM14A
Q8ND76,CCNY,Cell membrane; Nucleus,https://www.proteinatlas.org/search/CCNY
Q8ND82,ZNF280C,Nucleus,https://www.proteinatlas.org/search/ZNF280C
Q8NDC0,MAPK1IP1L,,https://www.proteinatlas.org/search/MAPK1IP1L
Q8NDD1,FSAF1,"Chromosome; Nucleus, nucleolus",https://www.proteinatlas.org/search/FSAF1
Q8NDF8,TENT4B,"Nucleus; Nucleus, nucleolus; Cytoplasm",https://www.proteinatlas.org/search/TENT4B
Q8NDI1,EHBP1,Cytoplasm; Membrane; Endosome,https://www.proteinatlas.org/search/EHBP1
Q8NDV7,TNRC6A,"Cytoplasm, P-body",https://www.proteinatlas.org/search/TNRC6A
Q8NDX1,PSD4,"Cell membrane; Cell projection, ruffle membrane",https://www.proteinatlas.org/search/PSD4
Q8NE71,ABCF1,"Cytoplasm; Nucleus, nucleoplasm; Nucleus envelope",https://www.proteinatlas.org/search/ABCF1
Q8NE86,MCU,Mitochondrion inner membrane,https://www.proteinatlas.org/search/MCU
Q8NEB9,PIK3C3,"Midbody; Late endosome; Cytoplasmic vesicle, autophagosome",https://www.proteinatlas.org/search/PIK3C3
Q8NEC7,GSTCD,Cytoplasm,https://www.proteinatlas.org/search/GSTCD
Q8NEF9,SRFBP1,"Cytoplasm, perinuclear region",https://www.proteinatlas.org/search/SRFBP1
Q8NEJ9,NGDN,"Nucleus; Nucleus, nucleolus; Chromosome, centromere; Cytoplasm; Cell projection, axon; Cell projection, dendrite; Cell projection, filopodium",https://www.proteinatlas.org/search/NGDN
Q8NEM2,SHCBP1,"Midbody; Cytoplasm, cytoskeleton, spindle",https://www.proteinatlas.org/search/SHCBP1
Q8NEY1,NAV1,"Cytoplasm, cytoskeleton",https://www.proteinatlas.org/search/NAV1
Q8NEY8,PPHLN1,Nucleus; Cytoplasm; Chromosome,https://www.proteinatlas.org/search/PPHLN1
Q8NEZ2,VPS37A,Late endosome membrane; Nucleus,https://www.proteinatlas.org/search/VPS37A
Q8NEZ5,FBXO22,"Cytoplasm; Nucleus; Cytoplasm, myofibril, sarcomere, Z line",https://www.proteinatlas.org/search/FBXO22
Q8NF50,DOCK8,"Cytoplasm; Cell membrane; Cell projection, lamellipodium membrane",https://www.proteinatlas.org/search/DOCK8
Q8NFA0,USP32,Golgi apparatus membrane,https://www.proteinatlas.org/search/USP32
Q8NFC6,BOD1L1,Chromosome,https://www.proteinatlas.org/search/BOD1L1
Q8NFD5,ARID1B,Nucleus,https://www.proteinatlas.org/search/ARID1B
Q8NFF5,FLAD1,"Nucleus; Mitochondrion matrix; Cytoplasm, cytosol",https://www.proteinatlas.org/search/FLAD1
Q8NFG4,FLCN,"Lysosome membrane; Cytoplasm, cytosol; Cell projection, cilium; Cytoplasm, cytoskeleton, microtubule organizing center, centrosome; Cytoplasm, cytoskeleton, spindle; Nucleus",https://www.proteinatlas.org/search/FLCN
Q8NFH3,NUP43,"Chromosome, centromere, kinetochore; Nucleus, nuclear pore complex",https://www.proteinatlas.org/search/NUP43
Q8NFH4,NUP37,"Chromosome, centromere, kinetochore; Nucleus, nuclear pore complex",https://www.proteinatlas.org/search/NUP37
Q8NFH5,NUP35,"Nucleus, nuclear pore complex; Nucleus membrane",https://www.proteinatlas.org/search/NUP35
Q8NFU5,IPMK,Nucleus,https://www.proteinatlas.org/search/IPMK
Q8NFV4,ABHD11,Mitochondrion; Mitochondrion matrix,https://www.proteinatlas.org/search/ABHD11
Q8NFW8,CMAS,Nucleus,https://www.proteinatlas.org/search/CMAS
Q8NG11,TSPAN14,Cell membrane,https://www.proteinatlas.org/search/TSPAN14
Q8NG31,KNL1,"Nucleus; Chromosome, centromere, kinetochore; Cytoplasm",https://www.proteinatlas.org/search/KNL1
Q8NHG7,SVIP,Membrane; Smooth endoplasmic reticulum membrane; Golgi apparatus membrane; Cell membrane; Lysosome membrane,https://www.proteinatlas.org/search/SVIP
Q8NHH9,ATL2,Endoplasmic reticulum membrane,https://www.proteinatlas.org/search/ATL2
Q8NHM5,KDM2B,"Nucleus, nucleolus; Nucleus; Chromosome",https://www.proteinatlas.org/search/KDM2B
Q8NHP8,PLBD2,Lysosome lumen,https://www.proteinatlas.org/search/PLBD2
Q8NHQ9,DDX55,"Nucleus, nucleoplasm",https://www.proteinatlas.org/search/DDX55
Q8NHV4,NEDD1,"Cytoplasm, cytoskeleton, microtubule organizing center, centrosome",https://www.proteinatlas.org/search/NEDD1
Q8NHW5,RPLP0P6,,https://www.proteinatlas.org/search/RPLP0P6
Q8NHZ8,CDC26,Nucleus,https://www.proteinatlas.org/search/CDC26
Q8NI22,MCFD2,Endoplasmic reticulum-Golgi intermediate compartment; Endoplasmic reticulum; Golgi apparatus,https://www.proteinatlas.org/search/MCFD2
Q8NI27,THOC2,Nucleus; Nucleus speckle; Cytoplasm,https://www.proteinatlas.org/search/THOC2
Q8NI36,WDR36,"Nucleus, nucleolus",https://www.proteinatlas.org/search/WDR36
Q8NI51,CTCFL,Cytoplasm; Nucleus,https://www.proteinatlas.org/search/CTCFL
Q8NI60,COQ8A,Mitochondrion membrane,https://www.proteinatlas.org/search/COQ8A
Q8TA86,RP9,Nucleus,https://www.proteinatlas.org/search/RP9
Q8TAA5,GRPEL2,Mitochondrion matrix; Mitochondrion matrix,https://www.proteinatlas.org/search/GRPEL2
Q8TAC1,RFESD,,https://www.proteinatlas.org/search/RFESD
Q8TAD8,SNIP1,Nucleus,https://www.proteinatlas.org/search/SNIP1
Q8TAE6,PPP1R14C,Cytoplasm; Membrane,https://www.proteinatlas.org/search/PPP1R14C
Q8TAE8,GADD45GIP1,Mitochondrion; Nucleus,https://www.proteinatlas.org/search/GADD45GIP1
Q8TAF3,WDR48,Nucleus; Cytoplasm; Lysosome; Late endosome,https://www.proteinatlas.org/search/WDR48
Q8TAG9,EXOC6,"Cytoplasm; Cytoplasm, perinuclear region; Cell projection, growth cone; Midbody, Midbody ring",https://www.proteinatlas.org/search/EXOC6
Q8TAP6,CEP76,"Cytoplasm, cytoskeleton, microtubule organizing center, centrosome; Cytoplasm, cytoskeleton, microtubule organizing center, centrosome, centriole",https://www.proteinatlas.org/search/CEP76
Q8TAP8,PPP1R35,"Cytoplasm, cytoskeleton, microtubule organizing center, centrosome; Cytoplasm, cytoskeleton, microtubule organizing center, centrosome, centriole",https://www.proteinatlas.org/search/PPP1R35
Q8TAP9,MPLKIP,"Nucleus; Cytoplasm; Cytoplasm, cytoskeleton, microtubule organizing center, centrosome",https://www.proteinatlas.org/search/MPLKIP
Q8TAQ2,SMARCC2,Nucleus,https://www.proteinatlas.org/search/SMARCC2
Q8TAT6,NPLOC4,"Cytoplasm, cytosol; Endoplasmic reticulum; Nucleus",https://www.proteinatlas.org/search/NPLOC4
Q8TB03,CXorf38,,https://www.proteinatlas.org/search/CXorf38
Q8TB52,FBXO30,,https://www.proteinatlas.org/search/FBXO30
Q8TB61,SLC35B2,Golgi apparatus membrane,https://www.proteinatlas.org/search/SLC35B2
Q8TB72,PUM2,"Cytoplasm; Cytoplasmic granule; Cytoplasm, perinuclear region",https://www.proteinatlas.org/search/PUM2
Q8TBA6,GOLGA5,Golgi apparatus membrane,https://www.proteinatlas.org/search/GOLGA5
Q8TBB5,KLHDC4,,https://www.proteinatlas.org/search/KLHDC4
Q8TBC4,UBA3,,https://www.proteinatlas.org/search/UBA3
Q8TBF2,PRXL2B,"Cytoplasm, cytosol",https://www.proteinatlas.org/search/PRXL2B
Q8TBN0,RAB3IL1,,https://www.proteinatlas.org/search/RAB3IL1
Q8TBP6,SLC25A40,Mitochondrion inner membrane,https://www.proteinatlas.org/search/SLC25A40
Q8TBQ9,TMEM167A,Golgi apparatus membrane,https://www.proteinatlas.org/search/TMEM167A
Q8TBX8,PIP4K2C,Endoplasmic reticulum; Cytoplasm,https://www.proteinatlas.org/search/PIP4K2C
Q8TBZ6,TRMT10A,"Nucleus; Nucleus, nucleolus",https://www.proteinatlas.org/search/TRMT10A
Q8TC07,TBC1D15,Cytoplasm,https://www.proteinatlas.org/search/TBC1D15
Q8TC12,RDH11,Endoplasmic reticulum membrane,https://www.proteinatlas.org/search/RDH11
Q8TCC3,MRPL30,Mitochondrion,https://www.proteinatlas.org/search/MRPL30
Q8TCD5,NT5C,Cytoplasm,https://www.proteinatlas.org/search/NT5C
Q8TCF1,ZFAND1,"Cytoplasm, Stress granule",https://www.proteinatlas.org/search/ZFAND1
Q8TCG1,CIP2A,Cytoplasm; Chromosome,https://www.proteinatlas.org/search/CIP2A
Q8TCS8,PNPT1,Cytoplasm; Mitochondrion matrix; Mitochondrion intermembrane space,https://www.proteinatlas.org/search/PNPT1
Q8TD16,BICD2,"Golgi apparatus; Cytoplasm, cytoskeleton; Cytoplasm; Nucleus envelope; Nucleus, nuclear pore complex",https://www.proteinatlas.org/search/BICD2
Q8TD19,NEK9,Cytoplasm; Nucleus,https://www.proteinatlas.org/search/NEK9
Q8TD26,CHD6,"Nucleus, nucleoplasm",https://www.proteinatlas.org/search/CHD6
Q8TDD1,DDX54,"Nucleus, nucleolus; Nucleus, nucleoplasm",https://www.proteinatlas.org/search/DDX54
Q8TDH9,BLOC1S5,,https://www.proteinatlas.org/search/BLOC1S5
Q8TDN6,BRIX1,"Nucleus, nucleolus",https://www.proteinatlas.org/search/BRIX1
Q8TDP1,RNASEH2C,Nucleus,https://www.proteinatlas.org/search/RNASEH2C
Q8TDX7,NEK7,"Nucleus; Cytoplasm; Cytoplasm, cytoskeleton, spindle pole; Cytoplasm, cytoskeleton, microtubule organizing center, centrosome",https://www.proteinatlas.org/search/NEK7
Q8TE02,ELP5,Nucleus; Cytoplasm,https://www.proteinatlas.org/search/ELP5
Q8TEA1,NSUN6,Cytoplasm,https://www.proteinatlas.org/search/NSUN6
Q8TEA8,DTD1,Nucleus; Cytoplasm,https://www.proteinatlas.org/search/DTD1
Q8TEB1,DCAF11,,https://www.proteinatlas.org/search/DCAF11
Q8TED0,UTP15,"Nucleus, nucleolus",https://www.proteinatlas.org/search/UTP15
Q8TEM1,NUP210,"Nucleus, nuclear pore complex; Nucleus membrane; Endoplasmic reticulum membrane",https://www.proteinatlas.org/search/NUP210
Q8TEQ6,GEMIN5,"Nucleus, nucleoplasm; Nucleus, gem; Cytoplasm",https://www.proteinatlas.org/search/GEMIN5
Q8TEU7,RAPGEF6,Cytoplasm; Cell membrane,https://www.proteinatlas.org/search/RAPGEF6
Q8TEX9,IPO4,Cytoplasm; Nucleus,https://www.proteinatlas.org/search/IPO4
Q8TF01,PNISR,Nucleus speckle,https://www.proteinatlas.org/search/PNISR
Q8TF05,PPP4R1,,https://www.proteinatlas.org/search/PPP4R1
Q8TF46,DIS3L,Cytoplasm,https://www.proteinatlas.org/search/DIS3L
Q8TGU7,YBR126W-A,Endoplasmic reticulum; Membrane,https://www.proteinatlas.org/search/YBR126W-A
Q8WTS1,ABHD5,"Cytoplasm; Lipid droplet; Cytoplasm, cytosol",https://www.proteinatlas.org/search/ABHD5
Q8WTT2,NOC3L,"Nucleus, nucleolus; Nucleus speckle",https://www.proteinatlas.org/search/NOC3L
Q8WU76,SCFD2,,https://www.proteinatlas.org/search/SCFD2
Q8WU79,SMAP2,Cytoplasm,https://www.proteinatlas.org/search/SMAP2
Q8WU90,ZC3H15,Cytoplasm; Nucleus,https://www.proteinatlas.org/search/ZC3H15
Q8WUA2,PPIL4,Nucleus,https://www.proteinatlas.org/search/PPIL4
Q8WUA4,GTF3C2,Nucleus,https://www.proteinatlas.org/search/GTF3C2
Q8WUB8,PHF10,Nucleus,https://www.proteinatlas.org/search/PHF10
Q8WUD4,CCDC12,,https://www.proteinatlas.org/search/CCDC12
Q8WUE5,CT55,"Cytoplasm; Cytoplasmic vesicle, secretory vesicle, acrosome; Cell projection, cilium, flagellum",https://www.proteinatlas.org/search/CT55
Q8WUH1,CHURC1,,https://www.proteinatlas.org/search/CHURC1
Q8WUH6,TMEM263,Membrane,https://www.proteinatlas.org/search/TMEM263
Q8WUI4,HDAC7,Nucleus; Cytoplasm,https://www.proteinatlas.org/search/HDAC7
Q8WUK0,PTPMT1,Mitochondrion inner membrane,https://www.proteinatlas.org/search/PTPMT1
Q8WUM0,NUP133,"Nucleus, nuclear pore complex; Chromosome, centromere, kinetochore",https://www.proteinatlas.org/search/NUP133
Q8WUM4,PDCD6IP,"Cytoplasm, cytosol; Melanosome; Cytoplasm, cytoskeleton, microtubule organizing center, centrosome; Secreted, extracellular exosome; Cell junction, tight junction; Midbody, Midbody ring",https://www.proteinatlas.org/search/PDCD6IP
Q8WUQ7,CACTIN,"Nucleus; Cytoplasm, cytosol",https://www.proteinatlas.org/search/CACTIN
Q8WUR7,C15orf40,,https://www.proteinatlas.org/search/C15orf40
Q8WUU5,GATAD1,Nucleus,https://www.proteinatlas.org/search/GATAD1
Q8WUW1,BRK1,"Cytoplasm, cytoskeleton",https://www.proteinatlas.org/search/BRK1
Q8WUX1,SLC38A5,Cell membrane,https://www.proteinatlas.org/search/SLC38A5
Q8WUX2,CHAC2,"Cytoplasm, cytosol",https://www.proteinatlas.org/search/CHAC2
Q8WUX9,CHMP7,Cytoplasm; Nucleus envelope; Nucleus envelope,https://www.proteinatlas.org/search/CHMP7
Q8WUZ0,BCL7C,,https://www.proteinatlas.org/search/BCL7C
Q8WV22,NSMCE1,"Nucleus; Chromosome, telomere",https://www.proteinatlas.org/search/NSMCE1
Q8WV41,SNX33,"Cytoplasm, cytosol; Membrane; Cytoplasmic vesicle membrane",https://www.proteinatlas.org/search/SNX33
Q8WV44,TRIM41,Cytoplasm; Nucleus,https://www.proteinatlas.org/search/TRIM41
Q8WV60,PTCD2,Mitochondrion,https://www.proteinatlas.org/search/PTCD2
Q8WVB6,CHTF18,Nucleus,https://www.proteinatlas.org/search/CHTF18
Q8WVC0,LEO1,Nucleus,https://www.proteinatlas.org/search/LEO1
Q8WVD3,RNF138,Chromosome,https://www.proteinatlas.org/search/RNF138
Q8WVJ2,NUDCD2,"Chromosome, centromere, kinetochore; Cytoplasm, cytoskeleton, microtubule organizing center, centrosome; Cytoplasm, cytoskeleton, spindle pole",https://www.proteinatlas.org/search/NUDCD2
Q8WVK2,SNRNP27,Nucleus,https://www.proteinatlas.org/search/SNRNP27
Q8WVM0,TFB1M,Mitochondrion,https://www.proteinatlas.org/search/TFB1M
Q8WVM8,SCFD1,"Cytoplasm; Endoplasmic reticulum membrane; Golgi apparatus, Golgi stack membrane",https://www.proteinatlas.org/search/SCFD1
Q8WVT3,TRAPPC12,Endoplasmic reticulum-Golgi intermediate compartment; Nucleus,https://www.proteinatlas.org/search/TRAPPC12
Q8WVV9,HNRNPLL,,https://www.proteinatlas.org/search/HNRNPLL
Q8WVX9,FAR1,Peroxisome membrane,https://www.proteinatlas.org/search/FAR1
Q8WVY7,UBLCP1,Nucleus,https://www.proteinatlas.org/search/UBLCP1
Q8WW01,TSEN15,"Nucleus; Nucleus, nucleolus",https://www.proteinatlas.org/search/TSEN15
Q8WW12,PCNP,Nucleus,https://www.proteinatlas.org/search/PCNP
Q8WW33,GTSF1,Cytoplasm,https://www.proteinatlas.org/search/GTSF1
Q8WW59,SPRYD4,,https://www.proteinatlas.org/search/SPRYD4
Q8WWC4,MAIP1,Mitochondrion matrix,https://www.proteinatlas.org/search/MAIP1
Q8WWH5,TRUB1,"Nucleus; Cytoplasm, cytosol",https://www.proteinatlas.org/search/TRUB1
Q8WWK9,CKAP2,"Cytoplasm, cytoskeleton; Cytoplasm, cytoskeleton, spindle; Cytoplasm, cytoskeleton, spindle pole",https://www.proteinatlas.org/search/CKAP2
Q8WWM7,ATXN2L,Membrane; Cytoplasm; Nucleus speckle; Cytoplasmic granule,https://www.proteinatlas.org/search/ATXN2L
Q8WWQ0,PHIP,Nucleus,https://www.proteinatlas.org/search/PHIP
Q8WWV3,RTN4IP1,Mitochondrion matrix; Mitochondrion outer membrane,https://www.proteinatlas.org/search/RTN4IP1
Q8WWW0,RASSF5,"Cytoplasm; Cytoplasm, cytoskeleton",https://www.proteinatlas.org/search/RASSF5
Q8WWY3,PRPF31,"Nucleus; Nucleus speckle; Nucleus, Cajal body",https://www.proteinatlas.org/search/PRPF31
Q8WWZ3,EDARADD,Cytoplasm,https://www.proteinatlas.org/search/EDARADD
Q8WX92,NELFB,Nucleus,https://www.proteinatlas.org/search/NELFB
Q8WXA9,SREK1,Nucleus,https://www.proteinatlas.org/search/SREK1
Q8WXB1,METTL21A,Cytoplasm,https://www.proteinatlas.org/search/METTL21A
Q8WXD5,GEMIN6,"Nucleus, nucleoplasm; Nucleus, gem; Cytoplasm",https://www.proteinatlas.org/search/GEMIN6
Q8WXD9,CASKIN1,Cytoplasm,https://www.proteinatlas.org/search/CASKIN1
Q8WXE1,ATRIP,Nucleus,https://www.proteinatlas.org/search/ATRIP
Q8WXE9,STON2,"Cytoplasm; Membrane; Synapse, synaptosome",https://www.proteinatlas.org/search/STON2
Q8WXF1,PSPC1,"Nucleus speckle; Nucleus, nucleolus; Nucleus matrix; Cytoplasm",https://www.proteinatlas.org/search/PSPC1
Q8WXG6,MADD,"Cell membrane; Cytoplasm; Cell projection, axon",https://www.proteinatlas.org/search/MADD
Q8WXI9,GATAD2B,Nucleus speckle; Nucleus; Chromosome,https://www.proteinatlas.org/search/GATAD2B
Q8WXW3,PIBF1,"Cytoplasm, cytoskeleton, microtubule organizing center, centrosome; Cytoplasm; Secreted; Nucleus; Cytoplasm, cytoskeleton, microtubule organizing center, centrosome; Cytoplasm, cytoskeleton, microtubule organizing center, centrosome, centriolar satellite; Secreted; Secreted",https://www.proteinatlas.org/search/PIBF1
Q8WXX5,DNAJC9,Nucleus; Cytoplasm; Cell membrane,https://www.proteinatlas.org/search/DNAJC9
Q8WY54,PPM1E,Nucleus; Cytoplasm,https://www.proteinatlas.org/search/PPM1E
Q8WYA6,CTNNBL1,Nucleus; Cytoplasm,https://www.proteinatlas.org/search/CTNNBL1
Q8WYH8,ING5,Nucleus; Chromosome,https://www.proteinatlas.org/search/ING5
Q8WYN0,ATG4A,Cytoplasm,https://www.proteinatlas.org/search/ATG4A
Q8WYP5,AHCTF1,"Cytoplasm; Nucleus; Nucleus envelope; Nucleus matrix; Chromosome, centromere, kinetochore; Nucleus, nucleoplasm; Nucleus, nuclear pore complex",https://www.proteinatlas.org/search/AHCTF1
Q8WYQ3,CHCHD10,Mitochondrion intermembrane space,https://www.proteinatlas.org/search/CHCHD10
Q8WYQ5,DGCR8,"Nucleus; Nucleus, nucleolus",https://www.proteinatlas.org/search/DGCR8
Q8WZ82,OVCA2,,https://www.proteinatlas.org/search/OVCA2
Q8WZA0,LZIC,,https://www.proteinatlas.org/search/LZIC
Q8WZA9,IRGQ,"Lysosome; Cytoplasmic vesicle, autophagosome",https://www.proteinatlas.org/search/IRGQ
Q92317,NCB2,Nucleus,https://www.proteinatlas.org/search/NCB2
Q92325,LAG2,,https://www.proteinatlas.org/search/LAG2
Q92331,VPS5,Cytoplasm; Golgi apparatus membrane; Endosome membrane,https://www.proteinatlas.org/search/VPS5
Q92499,DDX1,"Nucleus; Cytoplasm; Cytoplasmic granule; Cytoplasm, cytosol; Mitochondrion; Cytoplasm",https://www.proteinatlas.org/search/DDX1
Q92504,SLC39A7,"Endoplasmic reticulum membrane; Golgi apparatus, cis-Golgi network membrane",https://www.proteinatlas.org/search/SLC39A7
Q92506,HSD17B8,Mitochondrion matrix,https://www.proteinatlas.org/search/HSD17B8
Q92520,FAM3C,Secreted; Cytoplasmic vesicle,https://www.proteinatlas.org/search/FAM3C
Q92522,H1-10,"Nucleus; Nucleus, nucleolus; Chromosome",https://www.proteinatlas.org/search/H1-10
Q92526,CCT6B,Cytoplasm,https://www.proteinatlas.org/search/CCT6B
Q92530,PSMF1,Cytoplasm; Endoplasmic reticulum,https://www.proteinatlas.org/search/PSMF1
Q92538,GBF1,"Golgi apparatus, cis-Golgi network; Endoplasmic reticulum-Golgi intermediate compartment; Golgi apparatus, trans-Golgi network; Golgi apparatus; Cytoplasm; Lipid droplet; Membrane",https://www.proteinatlas.org/search/GBF1
Q92539,LPIN2,"Nucleus; Cytoplasm, cytosol; Endoplasmic reticulum membrane",https://www.proteinatlas.org/search/LPIN2
Q92540,SMG7,Cytoplasm; Nucleus,https://www.proteinatlas.org/search/SMG7
Q92541,RTF1,"Nucleus, nucleoplasm",https://www.proteinatlas.org/search/RTF1
Q92544,TM9SF4,Membrane; Golgi apparatus; Early endosome,https://www.proteinatlas.org/search/TM9SF4
Q92547,TOPBP1,"Nucleus; Chromosome; Cytoplasm, cytoskeleton, microtubule organizing center, centrosome; Cytoplasm, cytoskeleton, spindle pole",https://www.proteinatlas.org/search/TOPBP1
Q92552,MRPS27,Cytoplasm; Mitochondrion,https://www.proteinatlas.org/search/MRPS27
Q92560,BAP1,Cytoplasm; Nucleus; Chromosome,https://www.proteinatlas.org/search/BAP1
Q92572,AP3S1,Golgi apparatus; Cytoplasmic vesicle membrane,https://www.proteinatlas.org/search/AP3S1
Q92575,UBXN4,Endoplasmic reticulum membrane; Nucleus envelope,https://www.proteinatlas.org/search/UBXN4
Q92576,PHF3,,https://www.proteinatlas.org/search/PHF3
Q92598,HSPH1,Cytoplasm,https://www.proteinatlas.org/search/HSPH1
Q92599,SEPTIN8,"Cytoplasm; Cytoplasm, cytoskeleton; Synapse; Cell projection, axon; Cytoplasmic vesicle, secretory vesicle, synaptic vesicle membrane; Presynapse",https://www.proteinatlas.org/search/SEPTIN8
Q92600,CNOT9,"Nucleus; Cytoplasm, P-body",https://www.proteinatlas.org/search/CNOT9
Q92609,TBC1D5,"Endosome membrane; Cytoplasmic vesicle, autophagosome",https://www.proteinatlas.org/search/TBC1D5
Q92610,ZNF592,Nucleus,https://www.proteinatlas.org/search/ZNF592
Q92614,MYO18A,"Golgi apparatus; Golgi apparatus, trans-Golgi network; Golgi outpost; Cytoplasm, cytoskeleton, microtubule organizing center; Endoplasmic reticulum-Golgi intermediate compartment; Cytoplasm, cytoskeleton; Cytoplasm; Cell surface",https://www.proteinatlas.org/search/MYO18A
Q92615,LARP4B,"Cytoplasm, cytosol",https://www.proteinatlas.org/search/LARP4B
Q92616,GCN1,Cytoplasm,https://www.proteinatlas.org/search/GCN1
Q92620,DHX38,Nucleus,https://www.proteinatlas.org/search/DHX38
Q92621,NUP205,"Nucleus membrane; Nucleus, nuclear pore complex",https://www.proteinatlas.org/search/NUP205
Q92625,ANKS1A,Cytoplasm; Cell projection,https://www.proteinatlas.org/search/ANKS1A
Q92636,NSMAF,,https://www.proteinatlas.org/search/NSMAF
Q92665,MRPS31,Mitochondrion,https://www.proteinatlas.org/search/MRPS31
Q92667,AKAP1,Mitochondrion outer membrane; Mitochondrion,https://www.proteinatlas.org/search/AKAP1
Q92688,ANP32B,Nucleus; Cytoplasm; Cytoplasm,https://www.proteinatlas.org/search/ANP32B
Q92692,NECTIN2,Cell membrane,https://www.proteinatlas.org/search/NECTIN2
Q92696,RABGGTA,,https://www.proteinatlas.org/search/RABGGTA
Q92733,PRCC,Nucleus,https://www.proteinatlas.org/search/PRCC
Q92734,TFG,Endoplasmic reticulum,https://www.proteinatlas.org/search/TFG
Q92747,ARPC1A,"Cytoplasm, cytoskeleton; Nucleus",https://www.proteinatlas.org/search/ARPC1A
Q92759,GTF2H4,Nucleus,https://www.proteinatlas.org/search/GTF2H4
Q92766,RREB1,Nucleus speckle,https://www.proteinatlas.org/search/RREB1
Q92769,HDAC2,Nucleus; Cytoplasm,https://www.proteinatlas.org/search/HDAC2
Q92783,STAM,Cytoplasm; Early endosome membrane,https://www.proteinatlas.org/search/STAM
Q92785,DPF2,Nucleus; Cytoplasm,https://www.proteinatlas.org/search/DPF2
Q92793,CREBBP,Cytoplasm; Nucleus,https://www.proteinatlas.org/search/CREBBP
Q92794,KAT6A,"Nucleus; Nucleus, nucleolus; Nucleus, nucleoplasm; Nucleus, PML body",https://www.proteinatlas.org/search/KAT6A
Q92797,SYMPK,"Cytoplasm, cytoskeleton; Cell junction, tight junction; Cell membrane; Cell junction; Nucleus, nucleoplasm",https://www.proteinatlas.org/search/SYMPK
Q92804,TAF15,Nucleus; Cytoplasm,https://www.proteinatlas.org/search/TAF15
Q92820,GGH,"Secreted, extracellular space; Lysosome; Melanosome",https://www.proteinatlas.org/search/GGH
Q92828,CORO2A,,https://www.proteinatlas.org/search/CORO2A
Q92841,DDX17,"Nucleus; Nucleus, nucleolus; Cytoplasm, cytosol",https://www.proteinatlas.org/search/DDX17
Q92843,BCL2L2,Mitochondrion membrane,https://www.proteinatlas.org/search/BCL2L2
Q92844,TANK,Cytoplasm,https://www.proteinatlas.org/search/TANK
Q92851,CASP10,,https://www.proteinatlas.org/search/CASP10
Q92878,RAD50,"Nucleus; Chromosome, telomere; Chromosome",https://www.proteinatlas.org/search/RAD50
Q92879,CELF1,Nucleus; Cytoplasm,https://www.proteinatlas.org/search/CELF1
Q92882,OSTF1,Cytoplasm,https://www.proteinatlas.org/search/OSTF1
Q92888,ARHGEF1,Cytoplasm; Membrane,https://www.proteinatlas.org/search/ARHGEF1
Q92890,UFD1,"Nucleus; Cytoplasm, cytosol",https://www.proteinatlas.org/search/UFD1
Q92896,GLG1,"Golgi apparatus membrane; Golgi outpost; Cytoplasm, cytoskeleton, microtubule organizing center",https://www.proteinatlas.org/search/GLG1
Q92900,UPF1,"Cytoplasm; Cytoplasm, P-body; Nucleus; Cytoplasm, perinuclear region",https://www.proteinatlas.org/search/UPF1
Q92901,RPL3L,,https://www.proteinatlas.org/search/RPL3L
Q92905,COPS5,"Cytoplasm, cytosol; Nucleus; Cytoplasm, perinuclear region; Cytoplasmic vesicle, secretory vesicle, synaptic vesicle",https://www.proteinatlas.org/search/COPS5
Q92917,GPKOW,Nucleus,https://www.proteinatlas.org/search/GPKOW
Q92922,SMARCC1,Nucleus; Cytoplasm,https://www.proteinatlas.org/search/SMARCC1
Q92925,SMARCD2,Nucleus,https://www.proteinatlas.org/search/SMARCD2
Q92945,KHSRP,Nucleus; Cytoplasm,https://www.proteinatlas.org/search/KHSRP
Q92947,GCDH,Mitochondrion matrix,https://www.proteinatlas.org/search/GCDH
Q92973,TNPO1,Cytoplasm; Nucleus,https://www.proteinatlas.org/search/TNPO1
Q92974,ARHGEF2,"Cytoplasm, cytoskeleton; Cytoplasm; Cell junction, tight junction; Golgi apparatus; Cytoplasm, cytoskeleton, spindle; Cell projection, ruffle membrane; Cytoplasmic vesicle",https://www.proteinatlas.org/search/ARHGEF2
Q92979,EMG1,"Nucleus, nucleolus",https://www.proteinatlas.org/search/EMG1
Q92989,CLP1,Nucleus,https://www.proteinatlas.org/search/CLP1
Q92990,GLMN,,https://www.proteinatlas.org/search/GLMN
Q93008,USP9X,"Cytoplasm, cytosol; Cell projection, growth cone; Cytoplasm, cytoskeleton, cilium axoneme",https://www.proteinatlas.org/search/USP9X
Q93009,USP7,"Nucleus; Cytoplasm; Nucleus, PML body; Chromosome",https://www.proteinatlas.org/search/USP7
Q93034,CUL5,Nucleus,https://www.proteinatlas.org/search/CUL5
Q93050,ATP6V0A1,"Cytoplasmic vesicle, clathrin-coated vesicle membrane; Cytoplasmic vesicle, secretory vesicle, synaptic vesicle membrane; Melanosome",https://www.proteinatlas.org/search/ATP6V0A1
Q93074,MED12,Nucleus,https://www.proteinatlas.org/search/MED12
Q93100,PHKB,Cell membrane,https://www.proteinatlas.org/search/PHKB
Q93K97,nudF,,https://www.proteinatlas.org/search/nudF
Q969E2,SCAMP4,Membrane,https://www.proteinatlas.org/search/SCAMP4
Q969E8,TSR2,,https://www.proteinatlas.org/search/TSR2
Q969F1,GTF3C6,Nucleus,https://www.proteinatlas.org/search/GTF3C6
Q969G3,SMARCE1,Nucleus,https://www.proteinatlas.org/search/SMARCE1
Q969G6,RFK,Cytoplasm,https://www.proteinatlas.org/search/RFK
Q969H8,MYDGF,Secreted; Endoplasmic reticulum-Golgi intermediate compartment; Endoplasmic reticulum; Golgi apparatus,https://www.proteinatlas.org/search/MYDGF
Q969Q0,RPL36AL,Cytoplasm,https://www.proteinatlas.org/search/RPL36AL
Q969Q5,RAB24,"Cytoplasm, cytosol; Membrane; Cytoplasmic vesicle, autophagosome membrane; Cytoplasm, perinuclear region; Cytoplasm, cytoskeleton, spindle",https://www.proteinatlas.org/search/RAB24
Q969S3,ZNF622,Cytoplasm; Nucleus,https://www.proteinatlas.org/search/ZNF622
Q969S9,GFM2,Mitochondrion,https://www.proteinatlas.org/search/GFM2
Q969T4,UBE2E3,Nucleus; Cytoplasm,https://www.proteinatlas.org/search/UBE2E3
Q969T9,WBP2,Cytoplasm; Nucleus,https://www.proteinatlas.org/search/WBP2
Q969U7,PSMG2,Nucleus,https://www.proteinatlas.org/search/PSMG2
Q969X1,TMBIM1,Membrane; Lysosome membrane; Endosome membrane,https://www.proteinatlas.org/search/TMBIM1
Q969X6,UTP4,"Nucleus, nucleolus; Chromosome",https://www.proteinatlas.org/search/UTP4
Q969Y2,GTPBP3,Mitochondrion; Cytoplasm,https://www.proteinatlas.org/search/GTPBP3
Q969Z0,TBRG4,Mitochondrion matrix,https://www.proteinatlas.org/search/TBRG4
Q96A00,PPP1R14A,Cytoplasm,https://www.proteinatlas.org/search/PPP1R14A
Q96A08,H2BC1,Nucleus; Chromosome,https://www.proteinatlas.org/search/H2BC1
Q96A26,FAM162A,Mitochondrion membrane,https://www.proteinatlas.org/search/FAM162A
Q96A33,CCDC47,Endoplasmic reticulum membrane; Rough endoplasmic reticulum membrane,https://www.proteinatlas.org/search/CCDC47
Q96A35,MRPL24,Mitochondrion,https://www.proteinatlas.org/search/MRPL24
Q96A49,SYAP1,"Cytoplasm, perinuclear region; Golgi apparatus; Perikaryon; Cell projection, axon; Cell projection, dendrite; Cell projection, growth cone; Presynaptic cell membrane; Postsynaptic cell membrane; Membrane",https://www.proteinatlas.org/search/SYAP1
Q96A65,EXOC4,"Midbody, Midbody ring; Cell projection; Cytoplasm, cytoskeleton, microtubule organizing center, centrosome",https://www.proteinatlas.org/search/EXOC4
Q96A72,MAGOHB,Nucleus,https://www.proteinatlas.org/search/MAGOHB
Q96A73,KIAA1191,Cytoplasm,https://www.proteinatlas.org/search/KIAA1191
Q96AB3,ISOC2,Cytoplasm; Nucleus,https://www.proteinatlas.org/search/ISOC2
Q96AD5,PNPLA2,Lipid droplet; Cell membrane; Cytoplasm,https://www.proteinatlas.org/search/PNPLA2
Q96AE4,FUBP1,Nucleus,https://www.proteinatlas.org/search/FUBP1
Q96AG4,LRRC59,Microsome membrane; Endoplasmic reticulum membrane; Nucleus envelope,https://www.proteinatlas.org/search/LRRC59
Q96AJ9,VTI1A,Cytoplasmic vesicle; Golgi apparatus membrane,https://www.proteinatlas.org/search/VTI1A
Q96AQ8,MCUR1,Mitochondrion inner membrane,https://www.proteinatlas.org/search/MCUR1
Q96AT1,KIAA1143,,https://www.proteinatlas.org/search/KIAA1143
Q96AT9,RPE,,https://www.proteinatlas.org/search/RPE
Q96AX1,VPS33A,"Cytoplasmic vesicle; Late endosome membrane; Lysosome membrane; Early endosome; Cytoplasmic vesicle, autophagosome; Cytoplasmic vesicle, clathrin-coated vesicle",https://www.proteinatlas.org/search/VPS33A
Q96B23,ARK2N,Nucleus,https://www.proteinatlas.org/search/ARK2N
Q96B26,EXOSC8,"Cytoplasm; Nucleus; Nucleus, nucleolus",https://www.proteinatlas.org/search/EXOSC8
Q96B36,AKT1S1,"Cytoplasm, cytosol",https://www.proteinatlas.org/search/AKT1S1
Q96B49,TOMM6,Mitochondrion outer membrane,https://www.proteinatlas.org/search/TOMM6
Q96B54,ZNF428,,https://www.proteinatlas.org/search/ZNF428
Q96BD8,SKA1,"Cytoplasm, cytoskeleton, spindle; Chromosome, centromere, kinetochore; Cytoplasm, cytoskeleton, microtubule organizing center, centrosome",https://www.proteinatlas.org/search/SKA1
Q96BH1,RNF25,Cytoplasm,https://www.proteinatlas.org/search/RNF25
Q96BJ3,AIDA,,https://www.proteinatlas.org/search/AIDA
Q96BK5,PINX1,"Nucleus; Nucleus, nucleolus; Chromosome, telomere; Chromosome, centromere, kinetochore",https://www.proteinatlas.org/search/PINX1
Q96BN2,TADA1,Nucleus,https://www.proteinatlas.org/search/TADA1
Q96BN8,OTULIN,Cytoplasm,https://www.proteinatlas.org/search/OTULIN
Q96BP2,CHCHD1,Mitochondrion; Nucleus,https://www.proteinatlas.org/search/CHCHD1
Q96BP3,PPWD1,Nucleus,https://www.proteinatlas.org/search/PPWD1
Q96BR5,COA7,Mitochondrion intermembrane space,https://www.proteinatlas.org/search/COA7
Q96BW5,PTER,"Cytoplasm, cytosol",https://www.proteinatlas.org/search/PTER
Q96BW9,TAMM41,Mitochondrion inner membrane,https://www.proteinatlas.org/search/TAMM41
Q96C01,TIMCC,Mitochondrion intermembrane space,https://www.proteinatlas.org/search/TIMCC
Q96C19,EFHD2,Membrane raft,https://www.proteinatlas.org/search/EFHD2
Q96C23,GALM,Cytoplasm,https://www.proteinatlas.org/search/GALM
Q96C36,PYCR2,Cytoplasm; Mitochondrion,https://www.proteinatlas.org/search/PYCR2
Q96C57,CUSTOS,Nucleus envelope,https://www.proteinatlas.org/search/CUSTOS
Q96C86,DCPS,Cytoplasm; Nucleus,https://www.proteinatlas.org/search/DCPS
Q96C90,PPP1R14B,Cytoplasm,https://www.proteinatlas.org/search/PPP1R14B
Q96CB8,INTS12,Nucleus,https://www.proteinatlas.org/search/INTS12
Q96CB9,NSUN4,Mitochondrion,https://www.proteinatlas.org/search/NSUN4
Q96CD2,PPCDC,,https://www.proteinatlas.org/search/PPCDC
Q96CN7,ISOC1,,https://www.proteinatlas.org/search/ISOC1
Q96CP2,FLYWCH2,,https://www.proteinatlas.org/search/FLYWCH2
Q96CS2,HAUS1,"Cytoplasm; Cytoplasm, cytoskeleton, microtubule organizing center, centrosome; Cytoplasm, cytoskeleton, spindle; Cytoplasm, cytoskeleton, spindle pole",https://www.proteinatlas.org/search/HAUS1
Q96CS3,FAF2,Cytoplasm; Lipid droplet; Endoplasmic reticulum,https://www.proteinatlas.org/search/FAF2
Q96CT7,CCDC124,"Cytoplasm, cytoskeleton, microtubule organizing center, centrosome; Midbody",https://www.proteinatlas.org/search/CCDC124
Q96CU9,FOXRED1,Mitochondrion inner membrane,https://www.proteinatlas.org/search/FOXRED1
Q96CW1,AP2M1,"Cell membrane; Membrane, coated pit",https://www.proteinatlas.org/search/AP2M1
Q96CW5,TUBGCP3,"Cytoplasm, cytoskeleton, microtubule organizing center, centrosome",https://www.proteinatlas.org/search/TUBGCP3
Q96CW6,SLC7A6OS,Cytoplasm; Nucleus,https://www.proteinatlas.org/search/SLC7A6OS
Q96D46,NMD3,Cytoplasm; Nucleus,https://www.proteinatlas.org/search/NMD3
Q96D71,REPS1,"Membrane, clathrin-coated pit",https://www.proteinatlas.org/search/REPS1
Q96DA6,DNAJC19,Mitochondrion inner membrane,https://www.proteinatlas.org/search/DNAJC19
Q96DB5,RMDN1,"Cytoplasm; Cytoplasm, cytoskeleton, spindle; Cytoplasm, cytoskeleton, spindle pole",https://www.proteinatlas.org/search/RMDN1
Q96DE0,NUDT16,"Nucleus; Nucleus, nucleoplasm; Nucleus, nucleolus; Cytoplasm",https://www.proteinatlas.org/search/NUDT16
Q96DE5,ANAPC16,"Cytoplasm; Nucleus; Chromosome, centromere, kinetochore",https://www.proteinatlas.org/search/ANAPC16
Q96DF8,ESS2,Nucleus,https://www.proteinatlas.org/search/ESS2
Q96DG6,CMBL,"Cytoplasm, cytosol",https://www.proteinatlas.org/search/CMBL
Q96DH6,MSI2,Cytoplasm,https://www.proteinatlas.org/search/MSI2
Q96DI7,SNRNP40,Nucleus,https://www.proteinatlas.org/search/SNRNP40
Q96DM3,RMC1,Lysosome membrane; Late endosome membrane,https://www.proteinatlas.org/search/RMC1
Q96DT6,ATG4C,Cytoplasm,https://www.proteinatlas.org/search/ATG4C
Q96DV4,MRPL38,Mitochondrion,https://www.proteinatlas.org/search/MRPL38
Q96DX7,TRIM44,,https://www.proteinatlas.org/search/TRIM44
Q96E11,MRRF,Mitochondrion,https://www.proteinatlas.org/search/MRRF
Q96E14,RMI2,Nucleus,https://www.proteinatlas.org/search/RMI2
Q96E29,MTERF3,Mitochondrion,https://www.proteinatlas.org/search/MTERF3
Q96E39,RBMXL1,Nucleus,https://www.proteinatlas.org/search/RBMXL1
Q96E52,OMA1,Mitochondrion inner membrane,https://www.proteinatlas.org/search/OMA1
Q96EA4,SPDL1,"Cytoplasm, cytoskeleton, microtubule organizing center, centrosome; Chromosome, centromere, kinetochore; Nucleus; Cytoplasm, cytoskeleton, spindle pole",https://www.proteinatlas.org/search/SPDL1
Q96EB1,ELP4,Cytoplasm; Nucleus,https://www.proteinatlas.org/search/ELP4
Q96EB6,SIRT1,"Nucleus, PML body; Cytoplasm; Nucleus; Nucleus, nucleoplasm; Cytoplasm; Mitochondrion",https://www.proteinatlas.org/search/SIRT1
Q96EE3,SEH1L,"Chromosome, centromere, kinetochore; Nucleus, nuclear pore complex; Lysosome membrane",https://www.proteinatlas.org/search/SEH1L
Q96EH3,MALSU1,Mitochondrion matrix,https://www.proteinatlas.org/search/MALSU1
Q96EK5,KIFBP,"Cytoplasm, cytoskeleton",https://www.proteinatlas.org/search/KIFBP
Q96EK6,GNPNAT1,Golgi apparatus membrane; Endosome membrane,https://www.proteinatlas.org/search/GNPNAT1
Q96EK7,FAM120B,Nucleus,https://www.proteinatlas.org/search/FAM120B
Q96EK9,KTI12,,https://www.proteinatlas.org/search/KTI12
Q96EL2,MRPS24,Mitochondrion,https://www.proteinatlas.org/search/MRPS24
Q96EL3,MRPL53,Mitochondrion,https://www.proteinatlas.org/search/MRPL53
Q96EM0,L3HYPDH,,https://www.proteinatlas.org/search/L3HYPDH
Q96EP5,DAZAP1,Cytoplasm; Nucleus,https://www.proteinatlas.org/search/DAZAP1
Q96EQ0,SGTB,,https://www.proteinatlas.org/search/SGTB
Q96ER3,SAAL1,Nucleus,https://www.proteinatlas.org/search/SAAL1
Q96ER9,CCDC51,Mitochondrion inner membrane; Mitochondrion inner membrane,https://www.proteinatlas.org/search/CCDC51
Q96ES7,SGF29,Nucleus,https://www.proteinatlas.org/search/SGF29
Q96EU6,RRP36,"Nucleus, nucleolus",https://www.proteinatlas.org/search/RRP36
Q96EV2,RBM33,Nucleus; Cytoplasm,https://www.proteinatlas.org/search/RBM33
Q96EV8,DTNBP1,"Cytoplasm; Cytoplasmic vesicle membrane; Endosome membrane; Melanosome membrane; Postsynaptic density; Endoplasmic reticulum; Nucleus; Cytoplasm; Cytoplasmic vesicle membrane; Cytoplasmic vesicle, secretory vesicle, synaptic vesicle membrane; Endosome membrane; Melanosome membrane; Postsynaptic cell membrane; Endoplasmic reticulum; Nucleus; Cytoplasm; Cytoplasmic vesicle membrane; Cytoplasmic vesicle, secretory vesicle, synaptic vesicle membrane; Endosome membrane; Melanosome membrane; Postsynaptic cell membrane; Endoplasmic reticulum",https://www.proteinatlas.org/search/DTNBP1
Q96EX1,SMIM12,Membrane,https://www.proteinatlas.org/search/SMIM12
Q96EY1,DNAJA3,"Mitochondrion matrix; Cytoplasm, cytosol; Postsynaptic cell membrane",https://www.proteinatlas.org/search/DNAJA3
Q96EY4,TMA16,Nucleus,https://www.proteinatlas.org/search/TMA16
Q96EY5,MVB12A,"Cytoplasm; Nucleus; Endosome; Cytoplasm, cytoskeleton, microtubule organizing center, centrosome; Late endosome membrane",https://www.proteinatlas.org/search/MVB12A
Q96EY7,PTCD3,Mitochondrion,https://www.proteinatlas.org/search/PTCD3
Q96EY8,MMAB,Mitochondrion,https://www.proteinatlas.org/search/MMAB
Q96EY9,ADAT3,Nucleus; Cytoplasm,https://www.proteinatlas.org/search/ADAT3
Q96F24,NRBF2,"Nucleus; Cytoplasm; Cytoplasmic vesicle; Cytoplasmic vesicle, autophagosome",https://www.proteinatlas.org/search/NRBF2
Q96F44,TRIM11,Cytoplasm; Nucleus,https://www.proteinatlas.org/search/TRIM11
Q96F63,CCDC97,Nucleus,https://www.proteinatlas.org/search/CCDC97
Q96F86,EDC3,"Cytoplasm, P-body",https://www.proteinatlas.org/search/EDC3
Q96FF9,CDCA5,Nucleus; Chromosome; Cytoplasm,https://www.proteinatlas.org/search/CDCA5
Q96FJ2,DYNLL2,"Cytoplasm, cytoskeleton",https://www.proteinatlas.org/search/DYNLL2
Q96FK6,WDR89,,https://www.proteinatlas.org/search/WDR89
Q96FS4,SIPA1,"Nucleus; Cytoplasm, perinuclear region; Endomembrane system",https://www.proteinatlas.org/search/SIPA1
Q96FV2,SCRN2,,https://www.proteinatlas.org/search/SCRN2
Q96FV9,THOC1,"Nucleus speckle; Nucleus, nucleoplasm; Nucleus matrix; Cytoplasm; Cytoplasm",https://www.proteinatlas.org/search/THOC1
Q96FW1,OTUB1,Cytoplasm,https://www.proteinatlas.org/search/OTUB1
Q96FX2,DPH3,Cytoplasm; Nucleus,https://www.proteinatlas.org/search/DPH3
Q96FX7,TRMT61A,Nucleus,https://www.proteinatlas.org/search/TRMT61A
Q96FZ2,HMCES,Chromosome,https://www.proteinatlas.org/search/HMCES
Q96FZ7,CHMP6,Endomembrane system; Endosome membrane; Late endosome membrane; Membrane,https://www.proteinatlas.org/search/CHMP6
Q96G03,PGM2,"Cytoplasm, cytosol",https://www.proteinatlas.org/search/PGM2
Q96G21,IMP4,"Nucleus, nucleolus",https://www.proteinatlas.org/search/IMP4
Q96G23,CERS2,Endoplasmic reticulum membrane,https://www.proteinatlas.org/search/CERS2
Q96G25,MED8,Nucleus,https://www.proteinatlas.org/search/MED8
Q96G28,CFAP36,"Nucleus; Cytoplasm; Cell projection, cilium, flagellum",https://www.proteinatlas.org/search/CFAP36
Q96G46,DUS3L,,https://www.proteinatlas.org/search/DUS3L
Q96G74,OTUD5,Nucleus,https://www.proteinatlas.org/search/OTUD5
Q96GA3,LTV1,Cytoplasm,https://www.proteinatlas.org/search/LTV1
Q96GA7,SDSL,,https://www.proteinatlas.org/search/SDSL
Q96GC5,MRPL48,Mitochondrion,https://www.proteinatlas.org/search/MRPL48
Q96GD0,PDXP,"Cytoplasm, cytosol; Cytoplasm, cytoskeleton; Cell projection, ruffle membrane; Cell projection, lamellipodium membrane; Cell membrane",https://www.proteinatlas.org/search/PDXP
Q96GD4,AURKB,"Nucleus; Chromosome; Chromosome, centromere; Chromosome, centromere, kinetochore; Cytoplasm, cytoskeleton, spindle; Midbody",https://www.proteinatlas.org/search/AURKB
Q96GG9,DCUN1D1,Nucleus; Cytoplasm,https://www.proteinatlas.org/search/DCUN1D1
Q96GK7,FAHD2A,Mitochondrion,https://www.proteinatlas.org/search/FAHD2A
Q96GM5,SMARCD1,Nucleus,https://www.proteinatlas.org/search/SMARCD1
Q96GM8,TOE1,"Nucleus, nucleolus; Nucleus speckle",https://www.proteinatlas.org/search/TOE1
Q96GQ7,DDX27,"Nucleus, nucleolus; Chromosome",https://www.proteinatlas.org/search/DDX27
Q96GS4,BORCS6,Lysosome membrane,https://www.proteinatlas.org/search/BORCS6
Q96GU1,PAGE5,,https://www.proteinatlas.org/search/PAGE5
Q96GX2,ATXN7L3B,Cytoplasm,https://www.proteinatlas.org/search/ATXN7L3B
Q96GX9,APIP,Cytoplasm,https://www.proteinatlas.org/search/APIP
Q96H20,SNF8,Cytoplasm; Endosome membrane; Nucleus; Late endosome membrane,https://www.proteinatlas.org/search/SNF8
Q96H55,MYO19,"Mitochondrion outer membrane; Cytoplasm, cytoskeleton",https://www.proteinatlas.org/search/MYO19
Q96HA7,TONSL,Nucleus; Chromosome; Cytoplasm,https://www.proteinatlas.org/search/TONSL
Q96HC4,PDLIM5,"Postsynaptic density; Presynapse; Postsynapse; Cytoplasm, cytosol",https://www.proteinatlas.org/search/PDLIM5
Q96HE7,ERO1A,"Endoplasmic reticulum membrane; Golgi apparatus lumen; Secreted; Cell projection, dendrite",https://www.proteinatlas.org/search/ERO1A
Q96HP4,OXNAD1,,https://www.proteinatlas.org/search/OXNAD1
Q96HR3,MED30,Nucleus,https://www.proteinatlas.org/search/MED30
Q96HR8,NAF1,Cytoplasm; Nucleus,https://www.proteinatlas.org/search/NAF1
Q96HR9,REEP6,"Endoplasmic reticulum membrane; Cytoplasmic vesicle, clathrin-coated vesicle membrane",https://www.proteinatlas.org/search/REEP6
Q96HS1,PGAM5,Mitochondrion outer membrane; Mitochondrion inner membrane,https://www.proteinatlas.org/search/PGAM5
Q96HU8,DIRAS2,Cell membrane,https://www.proteinatlas.org/search/DIRAS2
Q96HW7,INTS4,Nucleus; Cytoplasm,https://www.proteinatlas.org/search/INTS4
Q96HY6,DDRGK1,Endoplasmic reticulum membrane,https://www.proteinatlas.org/search/DDRGK1
Q96I15,SCLY,"Cytoplasm, cytosol",https://www.proteinatlas.org/search/SCLY
Q96I24,FUBP3,Nucleus,https://www.proteinatlas.org/search/FUBP3
Q96I25,RBM17,Nucleus,https://www.proteinatlas.org/search/RBM17
Q96I51,RCC1L,Mitochondrion membrane; Mitochondrion inner membrane; Mitochondrion inner membrane; Mitochondrion inner membrane,https://www.proteinatlas.org/search/RCC1L
Q96I59,NARS2,Mitochondrion matrix; Mitochondrion,https://www.proteinatlas.org/search/NARS2
Q96I99,SUCLG2,Mitochondrion,https://www.proteinatlas.org/search/SUCLG2
Q96IG2,FBXL20,Cytoplasm,https://www.proteinatlas.org/search/FBXL20
Q96II8,LRCH3,Cytoplasm,https://www.proteinatlas.org/search/LRCH3
Q96IJ6,GMPPA,Cytoplasm,https://www.proteinatlas.org/search/GMPPA
Q96IU4,ABHD14B,Cytoplasm; Nucleus,https://www.proteinatlas.org/search/ABHD14B
Q96IV0,NGLY1,Cytoplasm,https://www.proteinatlas.org/search/NGLY1
Q96IX5,ATP5MK,Mitochondrion membrane,https://www.proteinatlas.org/search/ATP5MK
Q96IY1,NSL1,"Nucleus; Chromosome, centromere, kinetochore",https://www.proteinatlas.org/search/NSL1
Q96IZ7,RSRC1,Nucleus; Nucleus speckle; Cytoplasm,https://www.proteinatlas.org/search/RSRC1
Q96J01,THOC3,Nucleus; Nucleus speckle,https://www.proteinatlas.org/search/THOC3
Q96J02,ITCH,Cell membrane; Cytoplasm; Nucleus; Early endosome membrane; Endosome membrane,https://www.proteinatlas.org/search/ITCH
Q96JB2,COG3,"Golgi apparatus, Golgi stack membrane",https://www.proteinatlas.org/search/COG3
Q96JB3,HIC2,Nucleus,https://www.proteinatlas.org/search/HIC2
Q96JB5,CDK5RAP3,"Endoplasmic reticulum membrane; Cytoplasm; Nucleus; Cytoplasm, cytoskeleton, microtubule organizing center, centrosome; Cytoplasm, cytoskeleton",https://www.proteinatlas.org/search/CDK5RAP3
Q96JC1,VPS39,Cytoplasm; Lysosome membrane; Late endosome membrane,https://www.proteinatlas.org/search/VPS39
Q96JC9,EAF1,"Nucleus speckle; Nucleus, Cajal body",https://www.proteinatlas.org/search/EAF1
Q96JG6,VPS50,Recycling endosome; Membrane,https://www.proteinatlas.org/search/VPS50
Q96JH7,VCPIP1,"Nucleus; Cytoplasm; Endoplasmic reticulum; Golgi apparatus, Golgi stack",https://www.proteinatlas.org/search/VCPIP1
Q96JM3,CHAMP1,"Nucleus; Chromosome; Chromosome, centromere, kinetochore; Cytoplasm, cytoskeleton, spindle",https://www.proteinatlas.org/search/CHAMP1
Q96JP5,ZFP91,Nucleus,https://www.proteinatlas.org/search/ZFP91
Q96K17,BTF3L4,,https://www.proteinatlas.org/search/BTF3L4
Q96K37,SLC35E1,Membrane,https://www.proteinatlas.org/search/SLC35E1
Q96K76,USP47,Cytoplasm,https://www.proteinatlas.org/search/USP47
Q96KB5,PBK,,https://www.proteinatlas.org/search/PBK
Q96KC2,ARL5B,,https://www.proteinatlas.org/search/ARL5B
Q96KG9,SCYL1,"Cytoplasm, cytoskeleton, microtubule organizing center, centrosome; Endoplasmic reticulum-Golgi intermediate compartment; Golgi apparatus, cis-Golgi network; Cytoplasm; Cytoplasm; Cytoplasm; Cytoplasm, cytoskeleton, microtubule organizing center, centrosome; Nucleus",https://www.proteinatlas.org/search/SCYL1
Q96KP1,EXOC2,"Midbody, Midbody ring",https://www.proteinatlas.org/search/EXOC2
Q96KP4,CNDP2,"Cytoplasm, cytosol",https://www.proteinatlas.org/search/CNDP2
Q96KQ7,EHMT2,Nucleus; Chromosome,https://www.proteinatlas.org/search/EHMT2
Q96KR1,ZFR,Nucleus; Cytoplasm; Cytoplasmic granule; Chromosome,https://www.proteinatlas.org/search/ZFR
Q96KR6,MIMS2,Mitochondrion inner membrane,https://www.proteinatlas.org/search/MIMS2
Q96L91,EP400,Nucleus,https://www.proteinatlas.org/search/EP400
Q96L92,SNX27,"Early endosome membrane; Cytoplasm, cytosol",https://www.proteinatlas.org/search/SNX27
Q96LA8,PRMT6,Nucleus,https://www.proteinatlas.org/search/PRMT6
Q96LB4,ATP6V1G3,,https://www.proteinatlas.org/search/ATP6V1G3
Q96LI5,CNOT6L,Cytoplasm; Nucleus,https://www.proteinatlas.org/search/CNOT6L
Q96LJ7,DHRS1,Endoplasmic reticulum,https://www.proteinatlas.org/search/DHRS1
Q96LT9,RNPC3,Nucleus,https://www.proteinatlas.org/search/RNPC3
Q96M27,PRRC1,Golgi apparatus; Cytoplasm,https://www.proteinatlas.org/search/PRRC1
Q96ME1,FBXL18,,https://www.proteinatlas.org/search/FBXL18
Q96MF7,NSMCE2,"Nucleus; Chromosome, telomere; Nucleus, PML body",https://www.proteinatlas.org/search/NSMCE2
Q96MG7,NSMCE3,"Cytoplasm; Nucleus; Chromosome, telomere",https://www.proteinatlas.org/search/NSMCE3
Q96MU7,YTHDC1,Nucleus; Nucleus speckle,https://www.proteinatlas.org/search/YTHDC1
Q96MW1,CCDC43,,https://www.proteinatlas.org/search/CCDC43
Q96MX0,CMTM3,Membrane,https://www.proteinatlas.org/search/CMTM3
Q96MX6,DNAAF10,Dynein axonemal particle,https://www.proteinatlas.org/search/DNAAF10
Q96N66,MBOAT7,Endoplasmic reticulum membrane,https://www.proteinatlas.org/search/MBOAT7
Q96NA2,RILP,"Late endosome membrane; Lysosome membrane; Cytoplasmic vesicle, phagosome membrane",https://www.proteinatlas.org/search/RILP
Q96NB3,ZNF830,Nucleus; Chromosome; Nucleus speckle,https://www.proteinatlas.org/search/ZNF830
Q96NC0,ZMAT2,Nucleus,https://www.proteinatlas.org/search/ZMAT2
Q96ND0,MIMS1,Mitochondrion inner membrane; Cytoplasm,https://www.proteinatlas.org/search/MIMS1
Q96NT0,VMA22,"Endosome; Lysosome; Endoplasmic reticulum-Golgi intermediate compartment; Cytoplasmic vesicle, COPI-coated vesicle; Endoplasmic reticulum",https://www.proteinatlas.org/search/VMA22
Q96NT1,NAP1L5,Nucleus,https://www.proteinatlas.org/search/NAP1L5
Q96NW4,ANKRD27,Early endosome; Late endosome; Cytoplasmic vesicle membrane; Lysosome; Cell membrane; Melanosome,https://www.proteinatlas.org/search/ANKRD27
Q96NY7,CLIC6,Cytoplasm; Cell membrane,https://www.proteinatlas.org/search/CLIC6
Q96P11,NSUN5,"Nucleus, nucleolus",https://www.proteinatlas.org/search/NSUN5
Q96P16,RPRD1A,Nucleus,https://www.proteinatlas.org/search/RPRD1A
Q96P47,AGAP3,Cytoplasm,https://www.proteinatlas.org/search/AGAP3
Q96P48,ARAP1,"Cytoplasm; Golgi apparatus, trans-Golgi network; Golgi apparatus, Golgi stack; Cell membrane; Endosome, multivesicular body; Cell projection, ruffle; Cell projection, podosome; Early endosome",https://www.proteinatlas.org/search/ARAP1
Q96P70,IPO9,Cytoplasm; Nucleus,https://www.proteinatlas.org/search/IPO9
Q96PE7,MCEE,Mitochondrion,https://www.proteinatlas.org/search/MCEE
Q96PK6,RBM14,"Nucleus; Nucleus, nucleolus; Cytoplasm",https://www.proteinatlas.org/search/RBM14
Q96PM5,RCHY1,Nucleus; Nucleus speckle; Cytoplasm,https://www.proteinatlas.org/search/RCHY1
Q96PM9,ZNF385A,"Cytoplasm; Nucleus, nucleolus; Cell projection, dendrite",https://www.proteinatlas.org/search/ZNF385A
Q96PU5,NEDD4L,"Cytoplasm; Golgi apparatus; Endosome, multivesicular body",https://www.proteinatlas.org/search/NEDD4L
Q96PU8,QKI,"Nucleus; Cytoplasm; Nucleus; Cytoplasm; Cytoplasm, cytosol; Nucleus; Cytoplasm, cytosol; Cytoplasm, Stress granule; Nucleus",https://www.proteinatlas.org/search/QKI
Q96PV6,LENG8,,https://www.proteinatlas.org/search/LENG8
Q96PZ0,PUS7,Nucleus,https://www.proteinatlas.org/search/PUS7
Q96Q05,TRAPPC9,"Golgi apparatus, cis-Golgi network; Endoplasmic reticulum; Cytoplasm",https://www.proteinatlas.org/search/TRAPPC9
Q96Q11,TRNT1,Mitochondrion; Cytoplasm; Nucleus,https://www.proteinatlas.org/search/TRNT1
Q96Q15,SMG1,Nucleus; Cytoplasm,https://www.proteinatlas.org/search/SMG1
Q96Q83,ALKBH3,Nucleus; Cytoplasm,https://www.proteinatlas.org/search/ALKBH3
Q96Q89,KIF20B,"Nucleus; Cytoplasm, cytoskeleton, microtubule organizing center, centrosome; Nucleus, nucleolus; Nucleus, nucleoplasm; Cytoplasm, cytoskeleton, spindle; Cytoplasm, cytoskeleton, spindle pole; Midbody; Cell projection, axon; Cell projection, growth cone",https://www.proteinatlas.org/search/KIF20B
Q96QC0,PPP1R10,Nucleus; Chromosome,https://www.proteinatlas.org/search/PPP1R10
Q96QD8,SLC38A2,Cell membrane,https://www.proteinatlas.org/search/SLC38A2
Q96QD9,FYTTD1,"Nucleus, nucleoplasm; Nucleus speckle",https://www.proteinatlas.org/search/FYTTD1
Q96QK1,VPS35,Cytoplasm; Membrane; Endosome; Early endosome; Late endosome,https://www.proteinatlas.org/search/VPS35
Q96QR8,PURB,Nucleus,https://www.proteinatlas.org/search/PURB
Q96QU8,XPO6,Nucleus; Cytoplasm,https://www.proteinatlas.org/search/XPO6
Q96QZ7,MAGI1,"Cell junction, tight junction; Cell membrane",https://www.proteinatlas.org/search/MAGI1
Q96R06,SPAG5,"Cytoplasm; Cytoplasm, cytoskeleton; Cytoplasm, cytoskeleton, spindle; Cytoplasm, cytoskeleton, spindle pole; Chromosome, centromere, kinetochore; Midbody; Cytoplasm, cytoskeleton, microtubule organizing center, centrosome; Cytoplasmic granule; Cytoplasm, cytoskeleton, microtubule organizing center, centrosome, centriolar satellite",https://www.proteinatlas.org/search/SPAG5
Q96RD7,PANX1,Cell membrane; Endoplasmic reticulum membrane,https://www.proteinatlas.org/search/PANX1
Q96RE7,NACC1,Nucleus; Cytoplasm,https://www.proteinatlas.org/search/NACC1
Q96RL1,UIMC1,Nucleus,https://www.proteinatlas.org/search/UIMC1
Q96RN5,MED15,Cytoplasm; Nucleus,https://www.proteinatlas.org/search/MED15
Q96RP9,GFM1,Mitochondrion,https://www.proteinatlas.org/search/GFM1
Q96RQ3,MCCC1,Mitochondrion matrix,https://www.proteinatlas.org/search/MCCC1
Q96RS0,TGS1,"Cytoplasm; Nucleus, Cajal body; Nucleus, nucleolus",https://www.proteinatlas.org/search/TGS1
Q96RS6,NUDCD1,Cytoplasm; Nucleus; Cytoplasm; Cytoplasm; Nucleus,https://www.proteinatlas.org/search/NUDCD1
Q96RT1,ERBIN,"Cell junction, hemidesmosome; Nucleus membrane; Basolateral cell membrane; Cytoplasm; Cell membrane",https://www.proteinatlas.org/search/ERBIN
Q96RU2,USP28,"Nucleus, nucleoplasm",https://www.proteinatlas.org/search/USP28
Q96S15,WDR24,Lysosome membrane,https://www.proteinatlas.org/search/WDR24
Q96S19,METTL26,,https://www.proteinatlas.org/search/METTL26
Q96S44,TP53RK,Cytoplasm; Nucleus,https://www.proteinatlas.org/search/TP53RK
Q96S55,WRNIP1,Nucleus; Cytoplasm,https://www.proteinatlas.org/search/WRNIP1
Q96S59,RANBP9,Cytoplasm; Nucleus; Cell membrane,https://www.proteinatlas.org/search/RANBP9
Q96S66,CLCC1,Endoplasmic reticulum membrane,https://www.proteinatlas.org/search/CLCC1
Q96S82,UBL7,,https://www.proteinatlas.org/search/UBL7
Q96S94,CCNL2,"Nucleus speckle; Nucleus, nucleoplasm",https://www.proteinatlas.org/search/CCNL2
Q96S97,MYADM,Membrane,https://www.proteinatlas.org/search/MYADM
Q96S99,PLEKHF1,,https://www.proteinatlas.org/search/PLEKHF1
Q96SB3,PPP1R9B,"Cytoplasm, cytoskeleton; Nucleus; Cell projection, dendritic spine; Postsynaptic density; Synapse; Cell junction, adherens junction; Cytoplasm; Cell membrane; Cell projection, lamellipodium; Cell projection, filopodium; Cell projection, ruffle membrane",https://www.proteinatlas.org/search/PPP1R9B
Q96SB4,SRPK1,"Cytoplasm; Nucleus; Nucleus matrix; Microsome; Cytoplasm; Nucleus matrix; Microsome; Cytoplasm; Nucleus, nucleoplasm; Nucleus speckle; Chromosome",https://www.proteinatlas.org/search/SRPK1
Q96SB8,SMC6,"Nucleus; Nucleus speckle; Chromosome; Nucleus, PML body; Chromosome, telomere",https://www.proteinatlas.org/search/SMC6
Q96SI9,STRBP,Cytoplasm,https://www.proteinatlas.org/search/STRBP
Q96SN8,CDK5RAP2,"Cytoplasm, cytoskeleton, microtubule organizing center, centrosome; Golgi apparatus; Cytoplasm; Cytoplasm, cytoskeleton",https://www.proteinatlas.org/search/CDK5RAP2
Q96ST2,IWS1,Nucleus,https://www.proteinatlas.org/search/IWS1
Q96ST3,SIN3A,"Nucleus; Nucleus, nucleolus",https://www.proteinatlas.org/search/SIN3A
Q96SU4,OSBPL9,"Late endosome membrane; Golgi apparatus, trans-Golgi network membrane; Endoplasmic reticulum-Golgi intermediate compartment membrane",https://www.proteinatlas.org/search/OSBPL9
Q96SW2,CRBN,Cytoplasm; Nucleus; Membrane,https://www.proteinatlas.org/search/CRBN
Q96SY0,INTS14,Nucleus,https://www.proteinatlas.org/search/INTS14
Q96SZ5,ADO,,https://www.proteinatlas.org/search/ADO
Q96SZ6,CDK5RAP1,Mitochondrion,https://www.proteinatlas.org/search/CDK5RAP1
Q96T23,RSF1,Nucleus,https://www.proteinatlas.org/search/RSF1
Q96T37,RBM15,"Nucleus speckle; Nucleus, nucleoplasm; Nucleus envelope; Nucleus membrane",https://www.proteinatlas.org/search/RBM15
Q96T51,RUFY1,Early endosome membrane,https://www.proteinatlas.org/search/RUFY1
Q96T58,SPEN,Nucleus,https://www.proteinatlas.org/search/SPEN
Q96T60,PNKP,Nucleus; Chromosome,https://www.proteinatlas.org/search/PNKP
Q96T76,MMS19,"Nucleus; Cytoplasm, cytoskeleton, spindle; Cytoplasm, cytoskeleton, microtubule organizing center, centrosome",https://www.proteinatlas.org/search/MMS19
Q96T88,UHRF1,Nucleus; Chromosome,https://www.proteinatlas.org/search/UHRF1
Q96TA1,NIBAN2,"Cytoplasm, cytosol; Cell junction, adherens junction; Membrane",https://www.proteinatlas.org/search/NIBAN2
Q96TA2,YME1L1,Mitochondrion inner membrane; Mitochondrion,https://www.proteinatlas.org/search/YME1L1
Q96TC7,RMDN3,"Mitochondrion outer membrane; Cytoplasm; Nucleus; Cytoplasm, cytoskeleton, spindle; Cytoplasm, cytoskeleton, spindle pole",https://www.proteinatlas.org/search/RMDN3
Q96VH4,HBN1,Cytoplasm; Nucleus,https://www.proteinatlas.org/search/HBN1
Q96VH5,MIC10,Mitochondrion inner membrane,https://www.proteinatlas.org/search/MIC10
Q99081,TCF12,Nucleus,https://www.proteinatlas.org/search/TCF12
Q99176,SRN2,Cytoplasm; Endosome; Late endosome membrane,https://www.proteinatlas.org/search/SRN2
Q99186,APM4,"Membrane, clathrin-coated pit; Cytoplasmic vesicle, clathrin-coated vesicle membrane",https://www.proteinatlas.org/search/APM4
Q99189,MTR10,Nucleus,https://www.proteinatlas.org/search/MTR10
Q99190,TSC13,Endoplasmic reticulum membrane,https://www.proteinatlas.org/search/TSC13
Q99207,NOP14,"Nucleus, nucleolus",https://www.proteinatlas.org/search/NOP14
Q99210,YOR111W,Cytoplasm,https://www.proteinatlas.org/search/YOR111W
Q99216,PNO1,"Cytoplasm; Nucleus, nucleolus",https://www.proteinatlas.org/search/PNO1
Q99247,DUF1,Cytoplasm,https://www.proteinatlas.org/search/DUF1
Q99257,MEX67,Nucleus; Cytoplasm,https://www.proteinatlas.org/search/MEX67
Q99258,RIB3,Cytoplasm; Nucleus; Mitochondrion intermembrane space,https://www.proteinatlas.org/search/RIB3
Q99260,YPT6,Cell membrane,https://www.proteinatlas.org/search/YPT6
Q99271,NHA1,Cell membrane,https://www.proteinatlas.org/search/NHA1
Q99287,SEY1,Endoplasmic reticulum membrane,https://www.proteinatlas.org/search/SEY1
Q99288,DET1,Cytoplasm; Nucleus,https://www.proteinatlas.org/search/DET1
Q99312,ISN1,,https://www.proteinatlas.org/search/ISN1
Q99316,MPD2,Endoplasmic reticulum,https://www.proteinatlas.org/search/MPD2
Q99321,DDP1,Cytoplasm; Nucleus,https://www.proteinatlas.org/search/DDP1
Q99369,FSH3,,https://www.proteinatlas.org/search/FSH3
Q99383,HRP1,"Cytoplasm; Nucleus; Cytoplasm, Stress granule",https://www.proteinatlas.org/search/HRP1
Q99385,VCX1,Vacuole membrane,https://www.proteinatlas.org/search/VCX1
Q99394,TRS33,"Golgi apparatus, cis-Golgi network; Endoplasmic reticulum; Preautophagosomal structure",https://www.proteinatlas.org/search/TRS33
Q99395,YPL229W,Cytoplasm,https://www.proteinatlas.org/search/YPL229W
Q99417,MYCBP,Cytoplasm; Nucleus; Mitochondrion,https://www.proteinatlas.org/search/MYCBP
Q99426,TBCB,"Cytoplasm; Cytoplasm, cytoskeleton",https://www.proteinatlas.org/search/TBCB
Q99436,PSMB7,Cytoplasm; Nucleus,https://www.proteinatlas.org/search/PSMB7
Q99439,CNN2,,https://www.proteinatlas.org/search/CNN2
Q99447,PCYT2,,https://www.proteinatlas.org/search/PCYT2
Q99459,CDC5L,Nucleus; Nucleus speckle; Cytoplasm,https://www.proteinatlas.org/search/CDC5L
Q99460,PSMD1,,https://www.proteinatlas.org/search/PSMD1
Q99471,PFDN5,Nucleus; Cytoplasm; Nucleus,https://www.proteinatlas.org/search/PFDN5
Q99496,RNF2,Nucleus; Cytoplasm; Chromosome,https://www.proteinatlas.org/search/RNF2
Q99497,PARK7,Cell membrane; Cytoplasm; Nucleus; Membrane raft; Mitochondrion; Endoplasmic reticulum,https://www.proteinatlas.org/search/PARK7
Q99504,EYA3,Cytoplasm; Nucleus,https://www.proteinatlas.org/search/EYA3
Q99523,SORT1,"Golgi apparatus, Golgi stack membrane; Endosome membrane; Endoplasmic reticulum membrane; Nucleus membrane; Cell membrane; Lysosome membrane",https://www.proteinatlas.org/search/SORT1
Q99536,VAT1,"Cytoplasm, cytosol; Mitochondrion outer membrane",https://www.proteinatlas.org/search/VAT1
Q99541,PLIN2,Membrane; Lipid droplet,https://www.proteinatlas.org/search/PLIN2
Q99543,DNAJC2,"Nucleus; Cytoplasm, cytosol",https://www.proteinatlas.org/search/DNAJC2
Q99547,MPHOSPH6,"Nucleus, nucleolus; Cytoplasm",https://www.proteinatlas.org/search/MPHOSPH6
Q99549,MPHOSPH8,Nucleus; Chromosome,https://www.proteinatlas.org/search/MPHOSPH8
Q99567,NUP88,"Nucleus, nuclear pore complex",https://www.proteinatlas.org/search/NUP88
Q99570,PIK3R4,"Late endosome; Cytoplasmic vesicle, autophagosome; Membrane",https://www.proteinatlas.org/search/PIK3R4
Q99575,POP1,"Nucleus, nucleolus",https://www.proteinatlas.org/search/POP1
Q99584,S100A13,Cytoplasm; Secreted,https://www.proteinatlas.org/search/S100A13
Q99590,SCAF11,Nucleus,https://www.proteinatlas.org/search/SCAF11
Q99595,TIMM17A,Mitochondrion inner membrane,https://www.proteinatlas.org/search/TIMM17A
Q99598,TSNAX,"Cytoplasm, perinuclear region; Golgi apparatus; Nucleus",https://www.proteinatlas.org/search/TSNAX
Q99611,SEPHS2,Cytoplasm,https://www.proteinatlas.org/search/SEPHS2
Q99613,EIF3C,Cytoplasm,https://www.proteinatlas.org/search/EIF3C
Q99614,TTC1,,https://www.proteinatlas.org/search/TTC1
Q99615,DNAJC7,"Cytoplasm; Nucleus; Cytoplasm, cytoskeleton",https://www.proteinatlas.org/search/DNAJC7
Q99618,CDCA3,"Cytoplasm, cytosol",https://www.proteinatlas.org/search/CDCA3
Q99622,C12orf57,Cytoplasm,https://www.proteinatlas.org/search/C12orf57
Q99623,PHB2,Mitochondrion inner membrane; Cytoplasm; Nucleus; Cell membrane; Mitochondrion inner membrane; Mitochondrion inner membrane,https://www.proteinatlas.org/search/PHB2
Q99627,COPS8,Cytoplasm; Nucleus,https://www.proteinatlas.org/search/COPS8
Q99633,PRPF18,Nucleus speckle,https://www.proteinatlas.org/search/PRPF18
Q99638,RAD9A,Nucleus,https://www.proteinatlas.org/search/RAD9A
Q99640,PKMYT1,Endoplasmic reticulum membrane; Golgi apparatus membrane,https://www.proteinatlas.org/search/PKMYT1
Q99643,SDHC,Mitochondrion inner membrane,https://www.proteinatlas.org/search/SDHC
Q99653,CHP1,"Nucleus; Cytoplasm; Cytoplasm, cytoskeleton; Endomembrane system; Endoplasmic reticulum-Golgi intermediate compartment; Endoplasmic reticulum; Cell membrane; Membrane",https://www.proteinatlas.org/search/CHP1
Q99661,KIF2C,"Cytoplasm, cytoskeleton; Nucleus; Chromosome, centromere; Chromosome, centromere, kinetochore",https://www.proteinatlas.org/search/KIF2C
Q99700,ATXN2,Cytoplasm,https://www.proteinatlas.org/search/ATXN2
Q99707,MTR,Cytoplasm,https://www.proteinatlas.org/search/MTR
Q99714,HSD17B10,"Mitochondrion; Mitochondrion matrix, mitochondrion nucleoid",https://www.proteinatlas.org/search/HSD17B10
Q99717,SMAD5,Cytoplasm; Nucleus; Mitochondrion,https://www.proteinatlas.org/search/SMAD5
Q99719,SEPTIN5,"Cytoplasm; Cytoplasm, cytoskeleton",https://www.proteinatlas.org/search/SEPTIN5
Q99729,HNRNPAB,Nucleus; Cytoplasm,https://www.proteinatlas.org/search/HNRNPAB
Q99733,NAP1L4,Nucleus; Chromosome; Cytoplasm,https://www.proteinatlas.org/search/NAP1L4
Q99735,MGST2,Endoplasmic reticulum membrane; Microsome membrane,https://www.proteinatlas.org/search/MGST2
Q99747,NAPG,Membrane; Golgi apparatus,https://www.proteinatlas.org/search/NAPG
Q99755,PIP5K1A,"Cell membrane; Cytoplasm; Nucleus; Nucleus speckle; Cell projection, ruffle; Cell projection, lamellipodium",https://www.proteinatlas.org/search/PIP5K1A
Q99757,TXN2,Mitochondrion,https://www.proteinatlas.org/search/TXN2
Q99797,MIPEP,Mitochondrion matrix,https://www.proteinatlas.org/search/MIPEP
Q99798,ACO2,Mitochondrion,https://www.proteinatlas.org/search/ACO2
Q99805,TM9SF2,"Endosome membrane; Golgi outpost; Cytoplasm, cytoskeleton, microtubule organizing center",https://www.proteinatlas.org/search/TM9SF2
Q99807,COQ7,Mitochondrion inner membrane; Mitochondrion; Nucleus; Chromosome,https://www.proteinatlas.org/search/COQ7
Q99808,SLC29A1,Basolateral cell membrane; Apical cell membrane; Cell membrane,https://www.proteinatlas.org/search/SLC29A1
Q99816,TSG101,"Cytoplasm; Early endosome membrane; Late endosome membrane; Cytoplasm, cytoskeleton, microtubule organizing center, centrosome; Midbody, Midbody ring; Nucleus",https://www.proteinatlas.org/search/TSG101
Q99829,CPNE1,Nucleus; Cytoplasm; Cell membrane,https://www.proteinatlas.org/search/CPNE1
Q99832,CCT7,Cytoplasm,https://www.proteinatlas.org/search/CCT7
Q99836,MYD88,Cytoplasm; Nucleus,https://www.proteinatlas.org/search/MYD88
Q99848,EBNA1BP2,"Nucleus, nucleolus",https://www.proteinatlas.org/search/EBNA1BP2
Q99856,ARID3A,Nucleus; Cytoplasm,https://www.proteinatlas.org/search/ARID3A
Q99871,HAUS7,"Cytoplasm, cytoskeleton, microtubule organizing center, centrosome; Cytoplasm, cytoskeleton, spindle",https://www.proteinatlas.org/search/HAUS7
Q99873,PRMT1,"Nucleus; Nucleus, nucleoplasm; Cytoplasm; Cytoplasm, cytosol; Lysosome membrane",https://www.proteinatlas.org/search/PRMT1
Q99909,SSX3,,https://www.proteinatlas.org/search/SSX3
Q99933,BAG1,Nucleus; Cytoplasm; Cytoplasm; Nucleus; Cytoplasm; Nucleus,https://www.proteinatlas.org/search/BAG1
Q99942,RNF5,Cell membrane; Mitochondrion membrane; Endoplasmic reticulum membrane,https://www.proteinatlas.org/search/RNF5
Q99952,PTPN18,Nucleus; Cytoplasm,https://www.proteinatlas.org/search/PTPN18
Q99956,DUSP9,Cytoplasm,https://www.proteinatlas.org/search/DUSP9
Q99961,SH3GL1,"Cytoplasm; Early endosome membrane; Cell projection, podosome",https://www.proteinatlas.org/search/SH3GL1
Q99986,VRK1,"Nucleus; Cytoplasm; Nucleus, Cajal body",https://www.proteinatlas.org/search/VRK1
Q99996,AKAP9,"Golgi apparatus; Cytoplasm; Cytoplasm, cytoskeleton, microtubule organizing center, centrosome",https://www.proteinatlas.org/search/AKAP9
Q9BPW8,NIPSNAP1,Mitochondrion matrix,https://www.proteinatlas.org/search/NIPSNAP1
Q9BPX3,NCAPG,Nucleus; Cytoplasm; Chromosome,https://www.proteinatlas.org/search/NCAPG
Q9BPX5,ARPC5L,"Cytoplasm, cytoskeleton",https://www.proteinatlas.org/search/ARPC5L
Q9BPX6,MICU1,Mitochondrion intermembrane space; Mitochondrion inner membrane; Mitochondrion intermembrane space; Mitochondrion inner membrane,https://www.proteinatlas.org/search/MICU1
Q9BPY3,SIRAL1,"Nucleus, Cajal body",https://www.proteinatlas.org/search/SIRAL1
Q9BPZ3,PAIP2,Cytoplasm,https://www.proteinatlas.org/search/PAIP2
Q9BQ04,RBM4B,"Nucleus; Nucleus, nucleolus",https://www.proteinatlas.org/search/RBM4B
Q9BQ15,NABP2,Nucleus,https://www.proteinatlas.org/search/NABP2
Q9BQ39,DDX50,"Nucleus, nucleolus; Cytoplasm",https://www.proteinatlas.org/search/DDX50
Q9BQ48,MRPL34,Mitochondrion,https://www.proteinatlas.org/search/MRPL34
Q9BQ52,ELAC2,"Mitochondrion; Mitochondrion matrix, mitochondrion nucleoid; Nucleus",https://www.proteinatlas.org/search/ELAC2
Q9BQ61,TRIR,,https://www.proteinatlas.org/search/TRIR
Q9BQ67,GRWD1,"Nucleus, nucleolus; Nucleus; Chromosome",https://www.proteinatlas.org/search/GRWD1
Q9BQ69,MACROD1,Nucleus,https://www.proteinatlas.org/search/MACROD1
Q9BQ75,CMSS1,,https://www.proteinatlas.org/search/CMSS1
Q9BQ87,TBL1Y,Nucleus,https://www.proteinatlas.org/search/TBL1Y
Q9BQ95,ECSIT,Cytoplasm; Nucleus; Mitochondrion,https://www.proteinatlas.org/search/ECSIT
Q9BQA1,WDR77,Nucleus; Cytoplasm,https://www.proteinatlas.org/search/WDR77
Q9BQC3,DPH2,,https://www.proteinatlas.org/search/DPH2
Q9BQC6,MRPL57,Mitochondrion,https://www.proteinatlas.org/search/MRPL57
Q9BQE3,TUBA1C,"Cytoplasm, cytoskeleton",https://www.proteinatlas.org/search/TUBA1C
Q9BQE5,APOL2,Cytoplasm,https://www.proteinatlas.org/search/APOL2
Q9BQE9,BCL7B,,https://www.proteinatlas.org/search/BCL7B
Q9BQG0,MYBBP1A,"Cytoplasm; Nucleus; Nucleus, nucleolus",https://www.proteinatlas.org/search/MYBBP1A
Q9BQG2,NUDT12,Cytoplasm; Peroxisome; Cytoplasmic granule,https://www.proteinatlas.org/search/NUDT12
Q9BQP7,MGME1,Mitochondrion,https://www.proteinatlas.org/search/MGME1
Q9BQT8,SLC25A21,Mitochondrion inner membrane,https://www.proteinatlas.org/search/SLC25A21
Q9BQY4,RHOXF2,Nucleus,https://www.proteinatlas.org/search/RHOXF2
Q9BR61,ACBD6,Cytoplasm; Nucleus,https://www.proteinatlas.org/search/ACBD6
Q9BR76,CORO1B,"Cytoplasm, cytoskeleton; Cytoplasm, cytoskeleton, stress fiber",https://www.proteinatlas.org/search/CORO1B
Q9BRA2,TXNDC17,Cytoplasm,https://www.proteinatlas.org/search/TXNDC17
Q9BRD0,BUD13,Nucleus,https://www.proteinatlas.org/search/BUD13
Q9BRF8,CPPED1,Cytoplasm,https://www.proteinatlas.org/search/CPPED1
Q9BRG1,VPS25,"Cytoplasm; Endosome membrane; Nucleus, nucleoplasm",https://www.proteinatlas.org/search/VPS25
Q9BRJ2,MRPL45,Mitochondrion,https://www.proteinatlas.org/search/MRPL45
Q9BRJ7,NUDT16L1,Nucleus,https://www.proteinatlas.org/search/NUDT16L1
Q9BRK5,SDF4,"Golgi apparatus lumen; Cytoplasm; Cell membrane; Cell projection, bleb",https://www.proteinatlas.org/search/SDF4
Q9BRL6,SRSF8,Nucleus,https://www.proteinatlas.org/search/SRSF8
Q9BRP1,PDCD2L,"Nucleus, nucleolus; Cytoplasm, cytosol",https://www.proteinatlas.org/search/PDCD2L
Q9BRP4,PAAF1,,https://www.proteinatlas.org/search/PAAF1
Q9BRP8,PYM1,"Cytoplasm; Nucleus, nucleolus; Nucleus, nucleoplasm",https://www.proteinatlas.org/search/PYM1
Q9BRQ8,AIFM2,Lipid droplet; Cell membrane; Cytoplasm; Mitochondrion membrane; Nucleus,https://www.proteinatlas.org/search/AIFM2
Q9BRS2,RIOK1,"Cytoplasm, cytosol",https://www.proteinatlas.org/search/RIOK1
Q9BRT2,UQCC2,"Mitochondrion matrix, mitochondrion nucleoid; Mitochondrion; Mitochondrion intermembrane space; Mitochondrion matrix; Mitochondrion inner membrane",https://www.proteinatlas.org/search/UQCC2
Q9BRT3,MIEN1,"Cytoplasm, cytosol; Cell membrane",https://www.proteinatlas.org/search/MIEN1
Q9BRT6,LLPH,"Nucleus, nucleolus; Chromosome",https://www.proteinatlas.org/search/LLPH
Q9BRT9,GINS4,Nucleus; Chromosome; Cytoplasm,https://www.proteinatlas.org/search/GINS4
Q9BRU9,UTP23,"Nucleus, nucleolus",https://www.proteinatlas.org/search/UTP23
Q9BRX2,PELO,Cytoplasm,https://www.proteinatlas.org/search/PELO
Q9BRX5,GINS3,Nucleus; Chromosome,https://www.proteinatlas.org/search/GINS3
Q9BRX9,WDR83,Cytoplasm; Lysosome; Nucleus,https://www.proteinatlas.org/search/WDR83
Q9BRZ2,TRIM56,Cytoplasm,https://www.proteinatlas.org/search/TRIM56
Q9BS16,CENPK,"Nucleus; Chromosome, centromere; Chromosome, centromere, kinetochore",https://www.proteinatlas.org/search/CENPK
Q9BS18,ANAPC13,Nucleus,https://www.proteinatlas.org/search/ANAPC13
Q9BS26,ERP44,Endoplasmic reticulum lumen,https://www.proteinatlas.org/search/ERP44
Q9BSC4,NOL10,"Nucleus, nucleolus",https://www.proteinatlas.org/search/NOL10
Q9BSD7,NTPCR,,https://www.proteinatlas.org/search/NTPCR
Q9BSF4,TIMM29,Mitochondrion inner membrane,https://www.proteinatlas.org/search/TIMM29
Q9BSH4,TACO1,Mitochondrion,https://www.proteinatlas.org/search/TACO1
Q9BSJ2,TUBGCP2,"Cytoplasm, cytoskeleton, microtubule organizing center, centrosome",https://www.proteinatlas.org/search/TUBGCP2
Q9BSJ8,ESYT1,Endoplasmic reticulum membrane; Cell membrane,https://www.proteinatlas.org/search/ESYT1
Q9BSL1,UBAC1,Cytoplasm,https://www.proteinatlas.org/search/UBAC1
Q9BSR8,YIPF4,"Golgi apparatus, cis-Golgi network membrane",https://www.proteinatlas.org/search/YIPF4
Q9BSU3,NAA11,Cytoplasm; Nucleus,https://www.proteinatlas.org/search/NAA11
Q9BSV6,TSEN34,"Nucleus; Nucleus, nucleolus",https://www.proteinatlas.org/search/TSEN34
Q9BSY4,CHCHD5,Mitochondrion intermembrane space,https://www.proteinatlas.org/search/CHCHD5
Q9BSY9,DESI2,Cytoplasm,https://www.proteinatlas.org/search/DESI2
Q9BT09,CNPY3,Endoplasmic reticulum,https://www.proteinatlas.org/search/CNPY3
Q9BT25,HAUS8,"Cytoplasm; Cytoplasm, cytoskeleton, microtubule organizing center, centrosome; Cytoplasm, cytoskeleton, spindle; Cytoplasm, cytoskeleton, spindle pole",https://www.proteinatlas.org/search/HAUS8
Q9BT73,PSMG3,,https://www.proteinatlas.org/search/PSMG3
Q9BT78,COPS4,"Cytoplasm; Nucleus; Cytoplasmic vesicle, secretory vesicle, synaptic vesicle",https://www.proteinatlas.org/search/COPS4
Q9BTA9,WAC,Nucleus speckle; Nucleus,https://www.proteinatlas.org/search/WAC
Q9BTC0,DIDO1,"Cytoplasm; Nucleus; Cytoplasm, cytoskeleton, spindle",https://www.proteinatlas.org/search/DIDO1
Q9BTC8,MTA3,Nucleus; Cytoplasm,https://www.proteinatlas.org/search/MTA3
Q9BTD8,RBM42,Nucleus; Cytoplasm,https://www.proteinatlas.org/search/RBM42
Q9BTE1,DCTN5,"Cytoplasm, cytoskeleton; Chromosome, centromere, kinetochore",https://www.proteinatlas.org/search/DCTN5
Q9BTE3,MCMBP,Nucleus,https://www.proteinatlas.org/search/MCMBP
Q9BTE6,AARSD1,Cytoplasm,https://www.proteinatlas.org/search/AARSD1
Q9BTE7,DCUN1D5,"Nucleus; Cytoplasm, cytoskeleton, spindle",https://www.proteinatlas.org/search/DCUN1D5
Q9BTK6,PAGR1,Nucleus,https://www.proteinatlas.org/search/PAGR1
Q9BTL3,RAMAC,Nucleus,https://www.proteinatlas.org/search/RAMAC
Q9BTM9,URM1,"Cytoplasm, cytosol; Nucleus",https://www.proteinatlas.org/search/URM1
Q9BTT0,ANP32E,Cytoplasm; Nucleus,https://www.proteinatlas.org/search/ANP32E
Q9BTT4,MED10,Nucleus,https://www.proteinatlas.org/search/MED10
Q9BTU6,PI4K2A,"Golgi apparatus, trans-Golgi network membrane; Membrane raft; Cell projection, dendrite; Presynaptic cell membrane; Synapse, synaptosome; Mitochondrion; Endosome; Endosome membrane; Cytoplasmic vesicle; Membrane; Cell membrane; Perikaryon; Cell projection, neuron projection",https://www.proteinatlas.org/search/PI4K2A
Q9BTV4,TMEM43,Endoplasmic reticulum membrane; Nucleus inner membrane; Cell membrane,https://www.proteinatlas.org/search/TMEM43
Q9BTW9,TBCD,"Cell junction, tight junction; Lateral cell membrane; Cytoplasm; Cell junction, adherens junction; Cytoplasm, cytoskeleton, microtubule organizing center, centrosome",https://www.proteinatlas.org/search/TBCD
Q9BTY7,HGH1,Cytoplasm,https://www.proteinatlas.org/search/HGH1
Q9BTZ2,DHRS4,Peroxisome; Nucleus,https://www.proteinatlas.org/search/DHRS4
Q9BU61,NDUFAF3,Nucleus; Mitochondrion inner membrane,https://www.proteinatlas.org/search/NDUFAF3
Q9BU76,MMTAG2,,https://www.proteinatlas.org/search/MMTAG2
Q9BU89,DOHH,,https://www.proteinatlas.org/search/DOHH
Q9BUB5,MKNK1,Cytoplasm; Cytoplasm; Nucleus,https://www.proteinatlas.org/search/MKNK1
Q9BUB7,TMEM70,Mitochondrion inner membrane,https://www.proteinatlas.org/search/TMEM70
Q9BUE0,MED18,Nucleus,https://www.proteinatlas.org/search/MED18
Q9BUF5,TUBB6,"Cytoplasm, cytoskeleton",https://www.proteinatlas.org/search/TUBB6
Q9BUH6,PAXX,Nucleus; Chromosome; Cytoplasm,https://www.proteinatlas.org/search/PAXX
Q9BUI4,POLR3C,Nucleus,https://www.proteinatlas.org/search/POLR3C
Q9BUJ2,HNRNPUL1,Nucleus,https://www.proteinatlas.org/search/HNRNPUL1
Q9BUK0,CHCHD7,Mitochondrion intermembrane space,https://www.proteinatlas.org/search/CHCHD7
Q9BUK6,MSTO1,Mitochondrion outer membrane; Cytoplasm,https://www.proteinatlas.org/search/MSTO1
Q9BUL5,PHF23,Nucleus; Cytoplasm,https://www.proteinatlas.org/search/PHF23
Q9BUL8,PDCD10,Cytoplasm; Golgi apparatus membrane; Cell membrane,https://www.proteinatlas.org/search/PDCD10
Q9BUL9,RPP25,"Nucleus, nucleolus",https://www.proteinatlas.org/search/RPP25
Q9BUP3,HTATIP2,Cytoplasm,https://www.proteinatlas.org/search/HTATIP2
Q9BUQ8,DDX23,Nucleus; Chromosome,https://www.proteinatlas.org/search/DDX23
Q9BUR4,WRAP53,"Nucleus, Cajal body; Chromosome, telomere; Chromosome",https://www.proteinatlas.org/search/WRAP53
Q9BUR5,APOO,Mitochondrion inner membrane; Secreted; Mitochondrion; Golgi apparatus membrane; Endoplasmic reticulum membrane,https://www.proteinatlas.org/search/APOO
Q9BUT9,MCRIP2,"Cytoplasm, Stress granule; Nucleus",https://www.proteinatlas.org/search/MCRIP2
Q9BUZ4,TRAF4,"Cytoplasm; Nucleus; Cytoplasm, perinuclear region; Cell junction, tight junction; Cell membrane; Cytoplasm, cytoskeleton",https://www.proteinatlas.org/search/TRAF4
Q9BV19,C1orf50,,https://www.proteinatlas.org/search/C1orf50
Q9BV20,MRI1,Nucleus; Cytoplasm; Cell projection,https://www.proteinatlas.org/search/MRI1
Q9BV29,CCDC32,"Membrane, coated pit",https://www.proteinatlas.org/search/CCDC32
Q9BV38,WDR18,"Nucleus, nucleolus; Nucleus, nucleoplasm; Cytoplasm; Dynein axonemal particle",https://www.proteinatlas.org/search/WDR18
Q9BV40,VAMP8,Lysosome membrane; Early endosome membrane; Late endosome membrane; Cell membrane; Zymogen granule membrane,https://www.proteinatlas.org/search/VAMP8
Q9BV44,THUMPD3,Cytoplasm,https://www.proteinatlas.org/search/THUMPD3
Q9BV57,ADI1,Cytoplasm; Nucleus; Cell membrane,https://www.proteinatlas.org/search/ADI1
Q9BV68,RNF126,Cytoplasm; Nucleus,https://www.proteinatlas.org/search/RNF126
Q9BV79,MECR,Mitochondrion; Cytoplasm; Nucleus,https://www.proteinatlas.org/search/MECR
Q9BV86,NTMT1,Nucleus,https://www.proteinatlas.org/search/NTMT1
Q9BVA0,KATNB1,"Cytoplasm; Cytoplasm, cytoskeleton, microtubule organizing center, centrosome; Cytoplasm, cytoskeleton, spindle pole; Cytoplasm, cytoskeleton; Cytoplasm, cytoskeleton, spindle",https://www.proteinatlas.org/search/KATNB1
Q9BVC3,DSCC1,Nucleus,https://www.proteinatlas.org/search/DSCC1
Q9BVC4,MLST8,Lysosome membrane; Cytoplasm,https://www.proteinatlas.org/search/MLST8
Q9BVC5,C2orf49,Nucleus,https://www.proteinatlas.org/search/C2orf49
Q9BVC6,TMEM109,Nucleus outer membrane; Endoplasmic reticulum membrane; Sarcoplasmic reticulum membrane,https://www.proteinatlas.org/search/TMEM109
Q9BVG4,PBDC1,,https://www.proteinatlas.org/search/PBDC1
Q9BVI4,NOC4L,"Nucleus membrane; Nucleus, nucleolus; Nucleus, nucleoplasm; Cytoplasm; Cytoplasmic granule; Early endosome",https://www.proteinatlas.org/search/NOC4L
Q9BVJ6,UTP14A,"Nucleus, nucleolus",https://www.proteinatlas.org/search/UTP14A
Q9BVJ7,DUSP23,"Cytoplasm, cytosol; Nucleus",https://www.proteinatlas.org/search/DUSP23
Q9BVK6,TMED9,"Endoplasmic reticulum membrane; Golgi apparatus, cis-Golgi network membrane; Endoplasmic reticulum-Golgi intermediate compartment membrane; Golgi apparatus, trans-Golgi network membrane",https://www.proteinatlas.org/search/TMED9
Q9BVL2,NUP58,"Nucleus, nuclear pore complex; Nucleus membrane; Nucleus membrane",https://www.proteinatlas.org/search/NUP58
Q9BVL4,SELENOO,Mitochondrion,https://www.proteinatlas.org/search/SELENOO
Q9BVM2,DPCD,,https://www.proteinatlas.org/search/DPCD
Q9BVP2,GNL3,"Nucleus; Nucleus, nucleolus",https://www.proteinatlas.org/search/GNL3
Q9BVQ7,AFG2B,"Cytoplasm; Cytoplasm, cytoskeleton, spindle; Nucleus",https://www.proteinatlas.org/search/AFG2B
Q9BVS4,RIOK2,Cytoplasm,https://www.proteinatlas.org/search/RIOK2
Q9BVT8,TMUB1,"Membrane; Postsynaptic cell membrane; Recycling endosome; Cytoplasm; Nucleus; Nucleus, nucleolus; Cytoplasm; Cytoplasm, cytoskeleton, microtubule organizing center, centrosome; Nucleus, nucleolus; Nucleus",https://www.proteinatlas.org/search/TMUB1
Q9BVV7,TIMM21,Mitochondrion membrane,https://www.proteinatlas.org/search/TIMM21
Q9BVW5,TIPIN,Cytoplasm; Nucleus,https://www.proteinatlas.org/search/TIPIN
Q9BW19,KIFC1,"Nucleus; Cytoplasm, cytoskeleton, microtubule organizing center, centrosome; Cytoplasm, cytoskeleton, spindle; Early endosome",https://www.proteinatlas.org/search/KIFC1
Q9BW27,NUP85,"Nucleus, nuclear pore complex; Chromosome, centromere, kinetochore; Cytoplasm, cytoskeleton, spindle; Cytoplasm; Nucleus membrane",https://www.proteinatlas.org/search/NUP85
Q9BW61,DDA1,,https://www.proteinatlas.org/search/DDA1
Q9BW66,CINP,Nucleus,https://www.proteinatlas.org/search/CINP
Q9BW71,HIRIP3,Nucleus,https://www.proteinatlas.org/search/HIRIP3
Q9BW85,YJU2,Nucleus,https://www.proteinatlas.org/search/YJU2
Q9BW91,NUDT9,Mitochondrion; Mitochondrion; Cytoplasm,https://www.proteinatlas.org/search/NUDT9
Q9BW92,TARS2,Mitochondrion matrix,https://www.proteinatlas.org/search/TARS2
Q9BWD1,ACAT2,"Cytoplasm, cytosol",https://www.proteinatlas.org/search/ACAT2
Q9BWE0,REPIN1,"Nucleus; Cytoplasm, cytosol",https://www.proteinatlas.org/search/REPIN1
Q9BWF3,RBM4,"Nucleus; Nucleus, nucleolus; Nucleus speckle; Cytoplasm; Cytoplasmic granule",https://www.proteinatlas.org/search/RBM4
Q9BWG4,SSBP4,Nucleus,https://www.proteinatlas.org/search/SSBP4
Q9BWH2,FUNDC2,Mitochondrion outer membrane; Nucleus,https://www.proteinatlas.org/search/FUNDC2
Q9BWH6,RPAP1,Nucleus,https://www.proteinatlas.org/search/RPAP1
Q9BWJ5,SF3B5,Nucleus,https://www.proteinatlas.org/search/SF3B5
Q9BWS9,CHID1,Secreted; Lysosome,https://www.proteinatlas.org/search/CHID1
Q9BWT3,PAPOLG,Nucleus,https://www.proteinatlas.org/search/PAPOLG
Q9BWT6,MND1,Nucleus,https://www.proteinatlas.org/search/MND1
Q9BWU0,SLC4A1AP,Nucleus; Cytoplasm,https://www.proteinatlas.org/search/SLC4A1AP
Q9BWW4,SSBP3,Nucleus,https://www.proteinatlas.org/search/SSBP3
Q9BX10,GTPBP2,,https://www.proteinatlas.org/search/GTPBP2
Q9BX40,LSM14B,"Cytoplasm, Cytoplasmic ribonucleoprotein granule",https://www.proteinatlas.org/search/LSM14B
Q9BX68,HINT2,Mitochondrion,https://www.proteinatlas.org/search/HINT2
Q9BXB4,OSBPL11,"Late endosome membrane; Golgi apparatus, trans-Golgi network membrane",https://www.proteinatlas.org/search/OSBPL11
Q9BXJ9,NAA15,Cytoplasm; Nucleus,https://www.proteinatlas.org/search/NAA15
Q9BXK5,BCL2L13,Mitochondrion membrane; Nucleus; Nucleus,https://www.proteinatlas.org/search/BCL2L13
Q9BXL5,HEMGN,Nucleus,https://www.proteinatlas.org/search/HEMGN
Q9BXP5,SRRT,"Nucleus, nucleoplasm; Cytoplasm",https://www.proteinatlas.org/search/SRRT
Q9BXR0,QTRT1,Cytoplasm; Mitochondrion outer membrane,https://www.proteinatlas.org/search/QTRT1
Q9BXS5,AP1M1,"Golgi apparatus; Cytoplasmic vesicle, clathrin-coated vesicle membrane",https://www.proteinatlas.org/search/AP1M1
Q9BXS6,NUSAP1,"Cytoplasm; Nucleus, nucleolus; Cytoplasm, cytoskeleton, spindle; Chromosome",https://www.proteinatlas.org/search/NUSAP1
Q9BXV9,GON7,Nucleus,https://www.proteinatlas.org/search/GON7
Q9BXW7,HDHD5,,https://www.proteinatlas.org/search/HDHD5
Q9BXW9,FANCD2,Nucleus,https://www.proteinatlas.org/search/FANCD2
Q9BXY0,MAK16,"Nucleus, nucleolus",https://www.proteinatlas.org/search/MAK16
Q9BY32,ITPA,Cytoplasm,https://www.proteinatlas.org/search/ITPA
Q9BY42,RTF2,Chromosome,https://www.proteinatlas.org/search/RTF2
Q9BY43,CHMP4A,Cytoplasmic vesicle membrane; Late endosome membrane,https://www.proteinatlas.org/search/CHMP4A
Q9BY44,EIF2A,,https://www.proteinatlas.org/search/EIF2A
Q9BY77,POLDIP3,Nucleus; Nucleus speckle; Cytoplasm,https://www.proteinatlas.org/search/POLDIP3
Q9BYB4,GNB1L,Cytoplasm; Nucleus,https://www.proteinatlas.org/search/GNB1L
Q9BYC8,MRPL32,Mitochondrion,https://www.proteinatlas.org/search/MRPL32
Q9BYC9,MRPL20,Mitochondrion,https://www.proteinatlas.org/search/MRPL20
Q9BYD1,MRPL13,Mitochondrion,https://www.proteinatlas.org/search/MRPL13
Q9BYD2,MRPL9,Mitochondrion,https://www.proteinatlas.org/search/MRPL9
Q9BYD3,MRPL4,Mitochondrion,https://www.proteinatlas.org/search/MRPL4
Q9BYD6,MRPL1,Mitochondrion,https://www.proteinatlas.org/search/MRPL1
Q9BYE7,PCGF6,Nucleus,https://www.proteinatlas.org/search/PCGF6
Q9BYG3,NIFK,"Nucleus, nucleolus; Chromosome",https://www.proteinatlas.org/search/NIFK
Q9BYG5,PARD6B,"Cytoplasm; Cell membrane; Cell junction, tight junction",https://www.proteinatlas.org/search/PARD6B
Q9BYG8,GSDMC,"Cytoplasm, cytosol; Cell membrane",https://www.proteinatlas.org/search/GSDMC
Q9BYJ9,YTHDF1,"Cytoplasm; Cytoplasm, P-body; Cytoplasm, Stress granule",https://www.proteinatlas.org/search/YTHDF1
Q9BYN0,SRXN1,Cytoplasm,https://www.proteinatlas.org/search/SRXN1
Q9BYN8,MRPS26,Mitochondrion,https://www.proteinatlas.org/search/MRPS26
Q9BYT8,NLN,"Mitochondrion intermembrane space; Cytoplasm, cytosol",https://www.proteinatlas.org/search/NLN
Q9BYW2,SETD2,Nucleus; Chromosome,https://www.proteinatlas.org/search/SETD2
Q9BZ95,NSD3,Nucleus; Chromosome,https://www.proteinatlas.org/search/NSD3
Q9BZD4,NUF2,"Nucleus; Chromosome, centromere, kinetochore",https://www.proteinatlas.org/search/NUF2
Q9BZE1,MRPL37,Mitochondrion,https://www.proteinatlas.org/search/MRPL37
Q9BZE2,PUS3,Nucleus,https://www.proteinatlas.org/search/PUS3
Q9BZE4,GTPBP4,"Nucleus, nucleolus",https://www.proteinatlas.org/search/GTPBP4
Q9BZE9,ASPSCR1,Endomembrane system; Endoplasmic reticulum-Golgi intermediate compartment membrane; Cytoplasm; Nucleus,https://www.proteinatlas.org/search/ASPSCR1
Q9BZF1,OSBPL8,Endoplasmic reticulum membrane; Nucleus membrane; Endoplasmic reticulum membrane,https://www.proteinatlas.org/search/OSBPL8
Q9BZF3,OSBPL6,"Cytoplasm, cytosol; Endoplasmic reticulum membrane; Nucleus envelope; Cell membrane; Endosome membrane",https://www.proteinatlas.org/search/OSBPL6
Q9BZG8,DPH1,Nucleus; Cytoplasm,https://www.proteinatlas.org/search/DPH1
Q9BZH6,WDR11,"Cytoplasm, cytoskeleton, cilium basal body; Cytoplasm; Nucleus; Cytoplasm, cytoskeleton, cilium axoneme; Cytoplasmic vesicle; Golgi apparatus, trans-Golgi network",https://www.proteinatlas.org/search/WDR11
Q9BZI7,UPF3B,Nucleus; Cytoplasm,https://www.proteinatlas.org/search/UPF3B
Q9BZJ0,CRNKL1,Nucleus; Nucleus speckle,https://www.proteinatlas.org/search/CRNKL1
Q9BZK3,NACA4P,,https://www.proteinatlas.org/search/NACA4P
Q9BZK7,TBL1XR1,Nucleus,https://www.proteinatlas.org/search/TBL1XR1
Q9BZL1,UBL5,"Cytoplasm; Nucleus; Nucleus, Cajal body",https://www.proteinatlas.org/search/UBL5
Q9BZL4,PPP1R12C,"Cytoplasm; Cytoplasm, cytoskeleton, stress fiber",https://www.proteinatlas.org/search/PPP1R12C
Q9BZL6,PRKD2,"Cytoplasm; Cell membrane; Nucleus; Golgi apparatus, trans-Golgi network",https://www.proteinatlas.org/search/PRKD2
Q9BZM1,PLA2G12A,Secreted; Cytoplasm,https://www.proteinatlas.org/search/PLA2G12A
Q9BZQ8,NIBAN1,Cytoplasm; Membrane,https://www.proteinatlas.org/search/NIBAN1
Q9BZV1,UBXN6,"Cytoplasm; Cytoplasm, cytosol; Membrane; Nucleus; Cytoplasm, cytoskeleton, microtubule organizing center, centrosome; Early endosome membrane; Late endosome membrane; Lysosome membrane",https://www.proteinatlas.org/search/UBXN6
Q9BZX2,UCK2,,https://www.proteinatlas.org/search/UCK2
Q9BZZ5,API5,Nucleus; Cytoplasm; Cytoplasm,https://www.proteinatlas.org/search/API5
Q9C005,DPY30,"Nucleus; Golgi apparatus, trans-Golgi network",https://www.proteinatlas.org/search/DPY30
Q9C035,TRIM5,Cytoplasm; Nucleus,https://www.proteinatlas.org/search/TRIM5
Q9C037,TRIM4,Cytoplasm,https://www.proteinatlas.org/search/TRIM4
Q9C073,FAM117A,,https://www.proteinatlas.org/search/FAM117A
Q9C0B1,FTO,Nucleus; Nucleus speckle; Cytoplasm,https://www.proteinatlas.org/search/FTO
Q9C0B5,ZDHHC5,Cell membrane; Synapse; Golgi apparatus,https://www.proteinatlas.org/search/ZDHHC5
Q9C0C2,CNOT12,"Nucleus; Cytoplasm, cytoskeleton; Chromosome",https://www.proteinatlas.org/search/CNOT12
Q9C0C4,SEMA4C,"Postsynaptic density membrane; Cytoplasmic vesicle, secretory vesicle, synaptic vesicle membrane",https://www.proteinatlas.org/search/SEMA4C
Q9C0C9,UBE2O,Cytoplasm; Nucleus,https://www.proteinatlas.org/search/UBE2O
Q9C0D3,ZYG11B,Cytoplasm,https://www.proteinatlas.org/search/ZYG11B
Q9C0D9,SELENOI,Endoplasmic reticulum membrane,https://www.proteinatlas.org/search/SELENOI
Q9C0E2,XPO4,Cytoplasm; Nucleus,https://www.proteinatlas.org/search/XPO4
Q9C0F1,CEP44,"Cytoplasm, cytoskeleton, microtubule organizing center, centrosome; Cytoplasm, cytoskeleton, microtubule organizing center, centrosome, centriole; Cytoplasm, cytoskeleton, spindle pole; Midbody",https://www.proteinatlas.org/search/CEP44
Q9C0I1,MTMR12,"Cytoplasm; Sarcoplasmic reticulum; Cytoplasm, myofibril, sarcomere",https://www.proteinatlas.org/search/MTMR12
Q9C0J8,WDR33,Nucleus,https://www.proteinatlas.org/search/WDR33
Q9GZL7,WDR12,"Nucleus, nucleolus; Nucleus, nucleoplasm",https://www.proteinatlas.org/search/WDR12
Q9GZM5,YIPF3,"Cell membrane; Cytoplasm; Golgi apparatus, cis-Golgi network membrane",https://www.proteinatlas.org/search/YIPF3
Q9GZN1,ACTR6,"Cytoplasm, cytoskeleton; Nucleus; Nucleus, nucleolus",https://www.proteinatlas.org/search/ACTR6
Q9GZN8,ADISSP,Secreted,https://www.proteinatlas.org/search/ADISSP
Q9GZP4,PITHD1,Cytoplasm,https://www.proteinatlas.org/search/PITHD1
Q9GZQ3,COMMD5,Cytoplasm; Nucleus,https://www.proteinatlas.org/search/COMMD5
Q9GZR1,SENP6,Nucleus,https://www.proteinatlas.org/search/SENP6
Q9GZR2,REXO4,"Nucleus, nucleolus",https://www.proteinatlas.org/search/REXO4
Q9GZR7,DDX24,Cytoplasm; Nucleus,https://www.proteinatlas.org/search/DDX24
Q9GZS1,POLR1E,"Nucleus, nucleolus",https://www.proteinatlas.org/search/POLR1E
Q9GZS3,SKIC8,Nucleus; Cytoplasm,https://www.proteinatlas.org/search/SKIC8
Q9GZT3,SLIRP,Mitochondrion; Nucleus,https://www.proteinatlas.org/search/SLIRP
Q9GZT8,NIF3L1,Cytoplasm; Nucleus,https://www.proteinatlas.org/search/NIF3L1
Q9GZT9,EGLN1,Cytoplasm; Nucleus,https://www.proteinatlas.org/search/EGLN1
Q9GZU8,PSME3IP1,Nucleus,https://www.proteinatlas.org/search/PSME3IP1
Q9GZV4,EIF5A2,Cytoplasm; Nucleus; Endoplasmic reticulum membrane,https://www.proteinatlas.org/search/EIF5A2
Q9GZX9,TWSG1,Secreted,https://www.proteinatlas.org/search/TWSG1
Q9GZY4,COA1,Mitochondrion inner membrane,https://www.proteinatlas.org/search/COA1
Q9GZY8,MFF,"Mitochondrion outer membrane; Peroxisome; Cytoplasmic vesicle, secretory vesicle, synaptic vesicle",https://www.proteinatlas.org/search/MFF
Q9GZZ1,NAA50,Cytoplasm; Nucleus,https://www.proteinatlas.org/search/NAA50
Q9GZZ9,UBA5,Cytoplasm; Nucleus; Endoplasmic reticulum membrane; Golgi apparatus,https://www.proteinatlas.org/search/UBA5
Q9H000,MKRN2,Cytoplasm; Nucleus,https://www.proteinatlas.org/search/MKRN2
Q9H009,NACA2,Cytoplasm; Nucleus,https://www.proteinatlas.org/search/NACA2
Q9H019,MTFR1L,Mitochondrion outer membrane,https://www.proteinatlas.org/search/MTFR1L
Q9H061,TMEM126A,Mitochondrion inner membrane,https://www.proteinatlas.org/search/TMEM126A
Q9H063,MAF1,Nucleus; Cytoplasm,https://www.proteinatlas.org/search/MAF1
Q9H074,PAIP1,Cytoplasm,https://www.proteinatlas.org/search/PAIP1
Q9H078,CLPB,Mitochondrion intermembrane space,https://www.proteinatlas.org/search/CLPB
Q9H081,MIS12,"Chromosome, centromere, kinetochore",https://www.proteinatlas.org/search/MIS12
Q9H089,LSG1,"Cytoplasm; Endoplasmic reticulum; Nucleus, Cajal body",https://www.proteinatlas.org/search/LSG1
Q9H0A0,NAT10,"Nucleus, nucleolus; Midbody",https://www.proteinatlas.org/search/NAT10
Q9H0A8,COMMD4,Cytoplasm; Nucleus,https://www.proteinatlas.org/search/COMMD4
Q9H0B6,KLC2,"Cytoplasm, cytoskeleton; Lysosome membrane",https://www.proteinatlas.org/search/KLC2
Q9H0C8,ILKAP,Cytoplasm,https://www.proteinatlas.org/search/ILKAP
Q9H0D6,XRN2,"Nucleus, nucleolus",https://www.proteinatlas.org/search/XRN2
Q9H0E2,TOLLIP,Cytoplasm; Endosome; Early endosome,https://www.proteinatlas.org/search/TOLLIP
Q9H0E3,SAP130,Nucleus,https://www.proteinatlas.org/search/SAP130
Q9H0E9,BRD8,Nucleus,https://www.proteinatlas.org/search/BRD8
Q9H0G5,NSRP1,Nucleus; Nucleus speckle,https://www.proteinatlas.org/search/NSRP1
Q9H0H0,INTS2,Nucleus; Nucleus membrane; Cytoplasm,https://www.proteinatlas.org/search/INTS2
Q9H0H5,RACGAP1,"Nucleus; Cytoplasm; Cytoplasm, cytoskeleton, spindle; Cytoplasmic vesicle, secretory vesicle, acrosome; Cleavage furrow; Midbody, Midbody ring; Cell membrane; Midbody",https://www.proteinatlas.org/search/RACGAP1
Q9H0K6,PUS7L,,https://www.proteinatlas.org/search/PUS7L
Q9H0L4,CSTF2T,Nucleus,https://www.proteinatlas.org/search/CSTF2T
Q9H0P0,NT5C3A,Cytoplasm; Endoplasmic reticulum,https://www.proteinatlas.org/search/NT5C3A
Q9H0R4,HDHD2,,https://www.proteinatlas.org/search/HDHD2
Q9H0R6,QRSL1,Mitochondrion,https://www.proteinatlas.org/search/QRSL1
Q9H0S4,DDX47,"Nucleus, nucleolus",https://www.proteinatlas.org/search/DDX47
Q9H0U4,RAB1B,"Cytoplasm; Membrane; Preautophagosomal structure membrane; Cytoplasm, perinuclear region",https://www.proteinatlas.org/search/RAB1B
Q9H0U6,MRPL18,Mitochondrion,https://www.proteinatlas.org/search/MRPL18
Q9H0W5,CCDC8,"Cytoplasm; Cytoplasm, cytoskeleton, microtubule organizing center, centrosome",https://www.proteinatlas.org/search/CCDC8
Q9H0W8,SMG9,,https://www.proteinatlas.org/search/SMG9
Q9H0W9,BKGD,Nucleus; Cytoplasm,https://www.proteinatlas.org/search/BKGD
Q9H0Z9,RBM38,"Cytoplasm, cytosol; Nucleus",https://www.proteinatlas.org/search/RBM38
Q9H160,ING2,Nucleus,https://www.proteinatlas.org/search/ING2
Q9H1A4,ANAPC1,,https://www.proteinatlas.org/search/ANAPC1
Q9H1B7,IRF2BPL,Nucleus,https://www.proteinatlas.org/search/IRF2BPL
Q9H1C7,CYSTM1,Membrane,https://www.proteinatlas.org/search/CYSTM1
Q9H1D9,POLR3F,Nucleus,https://www.proteinatlas.org/search/POLR3F
Q9H1E3,NUCKS1,Nucleus; Chromosome,https://www.proteinatlas.org/search/NUCKS1
Q9H1I8,ASCC2,Nucleus; Nucleus speckle,https://www.proteinatlas.org/search/ASCC2
Q9H1K0,RBSN,Cell membrane; Early endosome membrane,https://www.proteinatlas.org/search/RBSN
Q9H1K1,ISCU,Mitochondrion; Cytoplasm; Nucleus,https://www.proteinatlas.org/search/ISCU
Q9H1P3,OSBPL2,"Cytoplasm, cytosol; Lipid droplet; Cell membrane; Cell projection, stereocilium",https://www.proteinatlas.org/search/OSBPL2
Q9H1Y0,ATG5,Cytoplasm; Preautophagosomal structure membrane,https://www.proteinatlas.org/search/ATG5
Q9H204,MED28,Nucleus; Cytoplasm; Membrane,https://www.proteinatlas.org/search/MED28
Q9H223,EHD4,"Early endosome membrane; Recycling endosome membrane; Cell membrane; Cell junction, adherens junction",https://www.proteinatlas.org/search/EHD4
Q9H257,CARD9,Cytoplasm,https://www.proteinatlas.org/search/CARD9
Q9H267,VPS33B,"Late endosome membrane; Lysosome membrane; Early endosome; Cytoplasmic vesicle, clathrin-coated vesicle; Recycling endosome",https://www.proteinatlas.org/search/VPS33B
Q9H269,VPS16,"Late endosome membrane; Lysosome membrane; Early endosome; Cytoplasmic vesicle, clathrin-coated vesicle; Cytoplasmic vesicle, autophagosome",https://www.proteinatlas.org/search/VPS16
Q9H270,VPS11,"Endosome; Late endosome membrane; Lysosome membrane; Early endosome; Cytoplasmic vesicle; Cytoplasmic vesicle, autophagosome; Cytoplasmic vesicle, clathrin-coated vesicle",https://www.proteinatlas.org/search/VPS11
Q9H299,SH3BGRL3,"Cytoplasm, cytosol; Cell projection, ruffle membrane; Nucleus",https://www.proteinatlas.org/search/SH3BGRL3
Q9H2C0,GAN,"Cytoplasm; Cytoplasm, cytoskeleton",https://www.proteinatlas.org/search/GAN
Q9H2D1,SLC25A32,Mitochondrion inner membrane,https://www.proteinatlas.org/search/SLC25A32
Q9H2G2,SLK,Cytoplasm,https://www.proteinatlas.org/search/SLK
Q9H2H8,PPIL3,,https://www.proteinatlas.org/search/PPIL3
Q9H2J4,PDCL3,"Cytoplasm; Cytoplasm, perinuclear region; Endoplasmic reticulum",https://www.proteinatlas.org/search/PDCL3
Q9H2K8,TAOK3,Cytoplasm; Cell membrane; Membrane raft; Lipid droplet,https://www.proteinatlas.org/search/TAOK3
Q9H2M9,RAB3GAP2,Cytoplasm; Endoplasmic reticulum,https://www.proteinatlas.org/search/RAB3GAP2
Q9H2P0,ADNP,Nucleus; Chromosome,https://www.proteinatlas.org/search/ADNP
Q9H2P9,DPH5,,https://www.proteinatlas.org/search/DPH5
Q9H2U1,DHX36,"Nucleus; Cytoplasm; Cytoplasm, cytosol; Cytoplasm, Stress granule; Nucleus speckle; Chromosome, telomere; Mitochondrion; Perikaryon; Cell projection, dendrite; Cell projection, axon; Nucleus; Cytoplasm; Nucleus; Cytoplasm",https://www.proteinatlas.org/search/DHX36
Q9H2U2,PPA2,Mitochondrion,https://www.proteinatlas.org/search/PPA2
Q9H2V7,SPNS1,Lysosome membrane; Mitochondrion inner membrane,https://www.proteinatlas.org/search/SPNS1
Q9H2W6,MRPL46,Mitochondrion,https://www.proteinatlas.org/search/MRPL46
Q9H307,PNN,"Nucleus speckle; Cell junction, desmosome",https://www.proteinatlas.org/search/PNN
Q9H3C7,GGNBP2,Cytoplasmic vesicle,https://www.proteinatlas.org/search/GGNBP2
Q9H3H1,TRIT1,Mitochondrion; Mitochondrion; Cytoplasm; Cytoplasm; Cytoplasm,https://www.proteinatlas.org/search/TRIT1
Q9H3H3,C11orf68,,https://www.proteinatlas.org/search/C11orf68
Q9H3K2,GHITM,Mitochondrion inner membrane,https://www.proteinatlas.org/search/GHITM
Q9H3K6,BOLA2,Cytoplasm; Nucleus,https://www.proteinatlas.org/search/BOLA2
Q9H3M7,TXNIP,Cytoplasm; Nucleus,https://www.proteinatlas.org/search/TXNIP
Q9H3N1,TMX1,Endoplasmic reticulum membrane; Mitochondrion membrane; Secreted,https://www.proteinatlas.org/search/TMX1
Q9H3P2,NELFA,Nucleus,https://www.proteinatlas.org/search/NELFA
Q9H3P7,ACBD3,Golgi apparatus membrane; Mitochondrion,https://www.proteinatlas.org/search/ACBD3
Q9H3R5,CENPH,"Nucleus; Chromosome, centromere, kinetochore",https://www.proteinatlas.org/search/CENPH
Q9H3S7,PTPN23,"Nucleus; Cytoplasm; Cytoplasmic vesicle; Endosome; Cytoplasm, cytoskeleton, cilium basal body; Early endosome",https://www.proteinatlas.org/search/PTPN23
Q9H3U1,UNC45A,"Cytoplasm; Cytoplasm, perinuclear region; Nucleus",https://www.proteinatlas.org/search/UNC45A
Q9H3U5,MFSD1,Lysosome membrane,https://www.proteinatlas.org/search/MFSD1
Q9H3Z4,DNAJC5,"Cytoplasm, cytosol; Membrane; Cytoplasmic vesicle, secretory vesicle, chromaffin granule membrane; Melanosome; Cell membrane",https://www.proteinatlas.org/search/DNAJC5
Q9H410,DSN1,"Nucleus; Chromosome, centromere, kinetochore",https://www.proteinatlas.org/search/DSN1
Q9H444,CHMP4B,"Cytoplasm, cytosol; Late endosome membrane; Midbody; Nucleus envelope",https://www.proteinatlas.org/search/CHMP4B
Q9H446,RWDD1,"Cytoplasm, cytosol",https://www.proteinatlas.org/search/RWDD1
Q9H479,FN3K,,https://www.proteinatlas.org/search/FN3K
Q9H488,POFUT1,Endoplasmic reticulum,https://www.proteinatlas.org/search/POFUT1
Q9H496,TOR1AIP2,,https://www.proteinatlas.org/search/TOR1AIP2
Q9H4A3,WNK1,"Cytoplasm; Nucleus; Cytoplasm, cytoskeleton, spindle",https://www.proteinatlas.org/search/WNK1
Q9H4A4,RNPEP,Secreted,https://www.proteinatlas.org/search/RNPEP
Q9H4A5,GOLPH3L,"Golgi apparatus, Golgi stack membrane; Golgi apparatus, trans-Golgi network membrane",https://www.proteinatlas.org/search/GOLPH3L
Q9H4A6,GOLPH3,"Golgi apparatus, Golgi stack membrane; Golgi apparatus, trans-Golgi network membrane; Mitochondrion intermembrane space; Cell membrane; Endosome",https://www.proteinatlas.org/search/GOLPH3
Q9H4B7,TUBB1,"Cytoplasm, cytoskeleton",https://www.proteinatlas.org/search/TUBB1
Q9H4E7,DEF6,"Cytoplasm; Cell membrane; Nucleus; Cytoplasm, cytoskeleton; Cytoplasm, perinuclear region; Cell projection, filopodium",https://www.proteinatlas.org/search/DEF6
Q9H4H8,SACK1D,"Cytoplasm; Cytoplasm, cytoskeleton, spindle; Cytoplasm, cytoskeleton, spindle pole",https://www.proteinatlas.org/search/SACK1D
Q9H4I3,TRABD,Mitochondrion outer membrane,https://www.proteinatlas.org/search/TRABD
Q9H4L4,SENP3,"Nucleus, nucleolus; Nucleus, nucleoplasm; Cytoplasm",https://www.proteinatlas.org/search/SENP3
Q9H4L5,OSBPL3,"Endoplasmic reticulum membrane; Cytoplasm, cytosol; Cell membrane; Cell projection, filopodium tip; Nucleus membrane",https://www.proteinatlas.org/search/OSBPL3
Q9H4L7,SMARCAD1,Nucleus; Chromosome,https://www.proteinatlas.org/search/SMARCAD1
Q9H4M9,EHD1,"Recycling endosome membrane; Early endosome membrane; Cell membrane; Cell projection, cilium membrane",https://www.proteinatlas.org/search/EHD1
Q9H501,ESF1,"Nucleus, nucleolus; Nucleus, nucleoplasm",https://www.proteinatlas.org/search/ESF1
Q9H553,ALG2,Endoplasmic reticulum membrane,https://www.proteinatlas.org/search/ALG2
Q9H583,HEATR1,"Nucleus, nucleolus",https://www.proteinatlas.org/search/HEATR1
Q9H5H4,ZNF768,Nucleus; Chromosome,https://www.proteinatlas.org/search/ZNF768
Q9H5N1,RABEP2,"Cytoplasm; Early endosome; Cytoplasm, cytoskeleton, microtubule organizing center, centrosome; Cytoplasm, cytoskeleton, cilium basal body",https://www.proteinatlas.org/search/RABEP2
Q9H5Q4,TFB2M,Mitochondrion,https://www.proteinatlas.org/search/TFB2M
Q9H5V9,STEEP1,Cytoplasm; Endoplasmic reticulum membrane; Nucleus,https://www.proteinatlas.org/search/STEEP1
Q9H5X1,CIAO2A,Cytoplasm,https://www.proteinatlas.org/search/CIAO2A
Q9H6D7,HAUS4,"Cytoplasm, cytoskeleton, microtubule organizing center, centrosome; Cytoplasm, cytoskeleton, spindle",https://www.proteinatlas.org/search/HAUS4
Q9H6E4,CCDC134,Endoplasmic reticulum lumen; Secreted; Cytoplasm; Nucleus,https://www.proteinatlas.org/search/CCDC134
Q9H6E5,TUT1,"Nucleus, nucleolus; Nucleus speckle",https://www.proteinatlas.org/search/TUT1
Q9H6F5,CCDC86,"Nucleus; Chromosome; Nucleus, nucleolus",https://www.proteinatlas.org/search/CCDC86
Q9H6K1,ILRUN,Cytoplasm; Nucleus,https://www.proteinatlas.org/search/ILRUN
Q9H6Q4,CIAO3,,https://www.proteinatlas.org/search/CIAO3
Q9H6R0,DHX33,"Nucleus, nucleolus; Nucleus, nucleoplasm; Cytoplasm; Nucleus; Inflammasome",https://www.proteinatlas.org/search/DHX33
Q9H6R4,NOL6,"Nucleus, nucleolus; Chromosome",https://www.proteinatlas.org/search/NOL6
Q9H6R7,WDCP,,https://www.proteinatlas.org/search/WDCP
Q9H6S0,YTHDC2,"Cytoplasm; Cytoplasm, perinuclear region",https://www.proteinatlas.org/search/YTHDC2
Q9H6T3,RPAP3,,https://www.proteinatlas.org/search/RPAP3
Q9H6V9,LDAH,Lipid droplet; Endoplasmic reticulum,https://www.proteinatlas.org/search/LDAH
Q9H6W3,RIOX1,"Nucleus, nucleolus; Nucleus, nucleoplasm",https://www.proteinatlas.org/search/RIOX1
Q9H6Y2,WDR55,"Nucleus, nucleolus; Cytoplasm",https://www.proteinatlas.org/search/WDR55
Q9H6Z4,RANBP3,Cytoplasm; Nucleus,https://www.proteinatlas.org/search/RANBP3
Q9H773,DCTPP1,"Mitochondrion; Nucleus; Cytoplasm, cytosol",https://www.proteinatlas.org/search/DCTPP1
Q9H7B2,RPF2,"Nucleus, nucleolus",https://www.proteinatlas.org/search/RPF2
Q9H7B4,SMYD3,Cytoplasm; Nucleus,https://www.proteinatlas.org/search/SMYD3
Q9H7C9,AAMDC,Cytoplasm,https://www.proteinatlas.org/search/AAMDC
Q9H7D7,WDR26,Cytoplasm; Nucleus; Mitochondrion,https://www.proteinatlas.org/search/WDR26
Q9H7E2,TDRD3,Cytoplasm; Nucleus,https://www.proteinatlas.org/search/TDRD3
Q9H7E9,C8orf33,,https://www.proteinatlas.org/search/C8orf33
Q9H7L9,SUDS3,Nucleus,https://www.proteinatlas.org/search/SUDS3
Q9H7N4,SCAF1,Nucleus,https://www.proteinatlas.org/search/SCAF1
Q9H7Z6,KAT8,Nucleus; Chromosome; Mitochondrion,https://www.proteinatlas.org/search/KAT8
Q9H7Z7,PTGES2,"Golgi apparatus membrane; Cytoplasm, perinuclear region",https://www.proteinatlas.org/search/PTGES2
Q9H814,PHAX,"Nucleus, nucleoplasm; Nucleus, Cajal body; Cytoplasm",https://www.proteinatlas.org/search/PHAX
Q9H832,UBE2Z,Cytoplasm; Nucleus,https://www.proteinatlas.org/search/UBE2Z
Q9H845,ACAD9,Mitochondrion inner membrane,https://www.proteinatlas.org/search/ACAD9
Q9H857,NT5DC2,Cytoplasm,https://www.proteinatlas.org/search/NT5DC2
Q9H869,YY1AP1,"Cytoplasm; Nucleus; Nucleus, nucleoplasm; Nucleus, nucleolus",https://www.proteinatlas.org/search/YY1AP1
Q9H871,RMND5A,"Nucleus, nucleoplasm; Cytoplasm",https://www.proteinatlas.org/search/RMND5A
Q9H8G2,CAAP1,,https://www.proteinatlas.org/search/CAAP1
Q9H8H0,NOL11,"Nucleus, nucleolus",https://www.proteinatlas.org/search/NOL11
Q9H8H2,DDX31,"Nucleus, nucleolus",https://www.proteinatlas.org/search/DDX31
Q9H8H3,TMT1A,"Lipid droplet; Endoplasmic reticulum; Membrane; Microsome; Cytoplasm, cytosol",https://www.proteinatlas.org/search/TMT1A
Q9H8M2,BRD9,Nucleus,https://www.proteinatlas.org/search/BRD9
Q9H8M7,MINDY3,Nucleus,https://www.proteinatlas.org/search/MINDY3
Q9H8V3,ECT2,"Nucleus; Cytoplasm; Cytoplasm, cytoskeleton, spindle; Cleavage furrow; Midbody; Cell junction; Cell junction, tight junction; Cytoplasm, cytoskeleton, microtubule organizing center, centrosome",https://www.proteinatlas.org/search/ECT2
Q9H8W4,PLEKHF2,Early endosome membrane; Endoplasmic reticulum,https://www.proteinatlas.org/search/PLEKHF2
Q9H8Y5,ANKZF1,Cytoplasm,https://www.proteinatlas.org/search/ANKZF1
Q9H8Y8,GORASP2,Golgi apparatus membrane; Endoplasmic reticulum membrane; Golgi apparatus,https://www.proteinatlas.org/search/GORASP2
Q9H900,ZWILCH,"Chromosome, centromere, kinetochore",https://www.proteinatlas.org/search/ZWILCH
Q9H910,JPT2,Cytoplasm; Nucleus,https://www.proteinatlas.org/search/JPT2
Q9H936,SLC25A22,Mitochondrion inner membrane,https://www.proteinatlas.org/search/SLC25A22
Q9H939,PSTPIP2,Cytoplasm; Membrane,https://www.proteinatlas.org/search/PSTPIP2
Q9H944,MED20,Nucleus,https://www.proteinatlas.org/search/MED20
Q9H967,WDR76,,https://www.proteinatlas.org/search/WDR76
Q9H974,QTRT2,Cytoplasm; Mitochondrion outer membrane,https://www.proteinatlas.org/search/QTRT2
Q9H981,ACTR8,Nucleus; Chromosome,https://www.proteinatlas.org/search/ACTR8
Q9H993,DCPH1,,https://www.proteinatlas.org/search/DCPH1
Q9H9A5,CNOT10,Cytoplasm; Nucleus,https://www.proteinatlas.org/search/CNOT10
Q9H9A6,LRRC40,,https://www.proteinatlas.org/search/LRRC40
Q9H9A7,RMI1,Nucleus,https://www.proteinatlas.org/search/RMI1
Q9H9B1,EHMT1,Nucleus; Chromosome,https://www.proteinatlas.org/search/EHMT1
Q9H9B4,SFXN1,Mitochondrion inner membrane,https://www.proteinatlas.org/search/SFXN1
Q9H9E3,COG4,"Cytoplasm, cytosol; Golgi apparatus membrane",https://www.proteinatlas.org/search/COG4
Q9H9F9,ACTR5,Nucleus; Cytoplasm,https://www.proteinatlas.org/search/ACTR5
Q9H9H4,VPS37B,Late endosome membrane,https://www.proteinatlas.org/search/VPS37B
Q9H9J2,MRPL44,Mitochondrion; Mitochondrion matrix,https://www.proteinatlas.org/search/MRPL44
Q9H9J4,USP42,,https://www.proteinatlas.org/search/USP42
Q9H9L3,ISG20L2,"Nucleus, nucleolus",https://www.proteinatlas.org/search/ISG20L2
Q9H9L4,KANSL2,Nucleus; Mitochondrion,https://www.proteinatlas.org/search/KANSL2
Q9H9P8,L2HGDH,Mitochondrion,https://www.proteinatlas.org/search/L2HGDH
Q9H9Q2,COPS7B,Cytoplasm; Nucleus,https://www.proteinatlas.org/search/COPS7B
Q9H9Q4,NHEJ1,Nucleus; Chromosome,https://www.proteinatlas.org/search/NHEJ1
Q9H9T3,ELP3,Cytoplasm; Nucleus; Nucleus; Cytoplasm; Nucleus,https://www.proteinatlas.org/search/ELP3
Q9H9Y2,RPF1,"Nucleus, nucleolus",https://www.proteinatlas.org/search/RPF1
Q9H9Y4,GPN2,Cytoplasm,https://www.proteinatlas.org/search/GPN2
Q9H9Y6,POLR1B,"Nucleus, nucleolus; Chromosome",https://www.proteinatlas.org/search/POLR1B
Q9HA64,FN3KRP,,https://www.proteinatlas.org/search/FN3KRP
Q9HAF1,MEAF6,"Nucleus, nucleolus; Chromosome, centromere, kinetochore",https://www.proteinatlas.org/search/MEAF6
Q9HAN9,NMNAT1,Nucleus,https://www.proteinatlas.org/search/NMNAT1
Q9HAS0,C17orf75,"Golgi apparatus, trans-Golgi network; Cytoplasmic vesicle",https://www.proteinatlas.org/search/C17orf75
Q9HAU0,PLEKHA5,Cytoplasm,https://www.proteinatlas.org/search/PLEKHA5
Q9HAU5,UPF2,"Cytoplasm, perinuclear region; Cytoplasm",https://www.proteinatlas.org/search/UPF2
Q9HAV0,GNB4,,https://www.proteinatlas.org/search/GNB4
Q9HAV4,XPO5,Nucleus; Cytoplasm,https://www.proteinatlas.org/search/XPO5
Q9HAV7,GRPEL1,Mitochondrion matrix,https://www.proteinatlas.org/search/GRPEL1
Q9HAW4,CLSPN,Nucleus,https://www.proteinatlas.org/search/CLSPN
Q9HB09,BCL2L12,,https://www.proteinatlas.org/search/BCL2L12
Q9HB71,CACYBP,Nucleus; Cytoplasm,https://www.proteinatlas.org/search/CACYBP
Q9HB90,RRAGC,Cytoplasm; Nucleus; Lysosome membrane,https://www.proteinatlas.org/search/RRAGC
Q9HBH1,PDF,Mitochondrion,https://www.proteinatlas.org/search/PDF
Q9HBH5,RDH14,,https://www.proteinatlas.org/search/RDH14
Q9HBI1,PARVB,"Cell junction, focal adhesion; Cell membrane; Cytoplasm, cytoskeleton; Cell projection, lamellipodium; Cytoplasm, myofibril, sarcomere; Cytoplasm, myofibril, sarcomere, Z line",https://www.proteinatlas.org/search/PARVB
Q9HBL8,NMRAL1,"Cytoplasm; Cytoplasm, perinuclear region; Nucleus",https://www.proteinatlas.org/search/NMRAL1
Q9HBM1,SPC25,"Nucleus; Chromosome, centromere, kinetochore",https://www.proteinatlas.org/search/SPC25
Q9HBU6,ETNK1,Cytoplasm,https://www.proteinatlas.org/search/ETNK1
Q9HC07,TMEM165,Golgi apparatus membrane,https://www.proteinatlas.org/search/TMEM165
Q9HC21,SLC25A19,Mitochondrion membrane,https://www.proteinatlas.org/search/SLC25A19
Q9HC35,EML4,"Cytoplasm, cytoskeleton; Cytoplasm; Cytoplasm, cytoskeleton, spindle; Cytoplasm, cytoskeleton, microtubule organizing center; Midbody",https://www.proteinatlas.org/search/EML4
Q9HC36,MRM3,Mitochondrion,https://www.proteinatlas.org/search/MRM3
Q9HC38,GLOD4,Mitochondrion,https://www.proteinatlas.org/search/GLOD4
Q9HC44,GPBP1L1,Nucleus,https://www.proteinatlas.org/search/GPBP1L1
Q9HC52,CBX8,Nucleus,https://www.proteinatlas.org/search/CBX8
Q9HCC0,MCCC2,Mitochondrion matrix,https://www.proteinatlas.org/search/MCCC2
Q9HCD5,NCOA5,Nucleus,https://www.proteinatlas.org/search/NCOA5
Q9HCE1,MOV10,"Cytoplasm, P-body; Cytoplasm, Cytoplasmic ribonucleoprotein granule; Cytoplasm, Stress granule; Nucleus; Cytoplasm",https://www.proteinatlas.org/search/MOV10
Q9HCE5,METTL14,Nucleus,https://www.proteinatlas.org/search/METTL14
Q9HCG8,CWC22,Nucleus; Nucleus speckle,https://www.proteinatlas.org/search/CWC22
Q9HCI7,MSL2,Nucleus; Chromosome,https://www.proteinatlas.org/search/MSL2
Q9HCM7,FBRSL1,,https://www.proteinatlas.org/search/FBRSL1
Q9HCN4,GPN1,Cytoplasm; Nucleus,https://www.proteinatlas.org/search/GPN1
Q9HCN8,SDF2L1,Endoplasmic reticulum lumen,https://www.proteinatlas.org/search/SDF2L1
Q9HCS7,XAB2,Nucleus,https://www.proteinatlas.org/search/XAB2
Q9HCU9,BRMS1,Nucleus; Cytoplasm,https://www.proteinatlas.org/search/BRMS1
Q9HD15,SRA1,Nucleus; Cytoplasm,https://www.proteinatlas.org/search/SRA1
Q9HD23,MRS2,Mitochondrion inner membrane,https://www.proteinatlas.org/search/MRS2
Q9HD26,GOPC,"Cytoplasm; Golgi apparatus membrane; Golgi apparatus, trans-Golgi network membrane; Synapse; Postsynaptic density; Cell projection, dendrite",https://www.proteinatlas.org/search/GOPC
Q9HD33,MRPL47,Mitochondrion,https://www.proteinatlas.org/search/MRPL47
Q9HD34,LYRM4,Mitochondrion; Nucleus,https://www.proteinatlas.org/search/LYRM4
Q9HD42,CHMP1A,Cytoplasm; Endosome membrane; Nucleus matrix,https://www.proteinatlas.org/search/CHMP1A
Q9HD45,TM9SF3,Membrane,https://www.proteinatlas.org/search/TM9SF3
Q9NNW5,WDR6,Cytoplasm,https://www.proteinatlas.org/search/WDR6
Q9NNW7,TXNRD2,Mitochondrion,https://www.proteinatlas.org/search/TXNRD2
Q9NP58,ABCB6,"Cell membrane; Mitochondrion outer membrane; Endoplasmic reticulum membrane; Golgi apparatus membrane; Endosome membrane; Lysosome membrane; Late endosome membrane; Early endosome membrane; Secreted, extracellular exosome; Mitochondrion; Endosome, multivesicular body membrane; Melanosome membrane",https://www.proteinatlas.org/search/ABCB6
Q9NP61,ARFGAP3,Golgi apparatus membrane; Cytoplasm,https://www.proteinatlas.org/search/ARFGAP3
Q9NP64,ZCCHC17,"Nucleus, nucleolus",https://www.proteinatlas.org/search/ZCCHC17
Q9NP66,HMG20A,Nucleus,https://www.proteinatlas.org/search/HMG20A
Q9NP72,RAB18,"Endoplasmic reticulum membrane; Golgi apparatus, cis-Golgi network membrane; Lipid droplet; Apical cell membrane",https://www.proteinatlas.org/search/RAB18
Q9NP73,ALG13,Endoplasmic reticulum membrane,https://www.proteinatlas.org/search/ALG13
Q9NP77,SSU72,Nucleus; Cytoplasm,https://www.proteinatlas.org/search/SSU72
Q9NP79,VTA1,Cytoplasm; Endosome membrane,https://www.proteinatlas.org/search/VTA1
Q9NP81,SARS2,Mitochondrion matrix,https://www.proteinatlas.org/search/SARS2
Q9NP92,MRPS30,Mitochondrion,https://www.proteinatlas.org/search/MRPS30
Q9NP97,DYNLRB1,"Cytoplasm, cytoskeleton",https://www.proteinatlas.org/search/DYNLRB1
Q9NPA0,EMC7,Endoplasmic reticulum membrane,https://www.proteinatlas.org/search/EMC7
Q9NPA3,MID1IP1,"Nucleus; Cytoplasm; Cytoplasm, cytoskeleton",https://www.proteinatlas.org/search/MID1IP1
Q9NPA8,ENY2,"Nucleus, nucleoplasm",https://www.proteinatlas.org/search/ENY2
Q9NPD3,EXOSC4,"Cytoplasm; Nucleus, nucleolus; Nucleus; Nucleus, nucleoplasm",https://www.proteinatlas.org/search/EXOSC4
Q9NPD8,UBE2T,Nucleus,https://www.proteinatlas.org/search/UBE2T
Q9NPE3,NOP10,"Nucleus, nucleolus; Nucleus, Cajal body",https://www.proteinatlas.org/search/NOP10
Q9NPF4,OSGEP,Cytoplasm; Nucleus,https://www.proteinatlas.org/search/OSGEP
Q9NPF5,DMAP1,Nucleus; Cytoplasm,https://www.proteinatlas.org/search/DMAP1
Q9NPG3,UBN1,"Nucleus, nucleoplasm; Nucleus, PML body; Cell junction, tight junction",https://www.proteinatlas.org/search/UBN1
Q9NPH2,ISYNA1,Cytoplasm,https://www.proteinatlas.org/search/ISYNA1
Q9NPI1,BRD7,Nucleus; Chromosome; Nucleus,https://www.proteinatlas.org/search/BRD7
Q9NPI6,DCP1A,"Cytoplasm, P-body; Nucleus",https://www.proteinatlas.org/search/DCP1A
Q9NPJ3,ACOT13,"Cytoplasm, cytosol; Mitochondrion; Nucleus; Cytoplasm, cytoskeleton, spindle",https://www.proteinatlas.org/search/ACOT13
Q9NPJ6,MED4,Nucleus,https://www.proteinatlas.org/search/MED4
Q9NPL8,TIMMDC1,Mitochondrion membrane,https://www.proteinatlas.org/search/TIMMDC1
Q9NPQ8,RIC8A,"Cytoplasm, cell cortex; Cytoplasm",https://www.proteinatlas.org/search/RIC8A
Q9NQ29,LUC7L,,https://www.proteinatlas.org/search/LUC7L
Q9NQ48,LZTFL1,Cytoplasm,https://www.proteinatlas.org/search/LZTFL1
Q9NQ50,MRPL40,Mitochondrion,https://www.proteinatlas.org/search/MRPL40
Q9NQ55,PPAN,"Nucleus, nucleolus",https://www.proteinatlas.org/search/PPAN
Q9NQ92,COPRS,Nucleus,https://www.proteinatlas.org/search/COPRS
Q9NQA3,WASH6P,Early endosome membrane; Recycling endosome membrane,https://www.proteinatlas.org/search/WASH6P
Q9NQC3,RTN4,Endoplasmic reticulum membrane; Cell membrane; Synapse; Endoplasmic reticulum membrane; Cell membrane; Cell junction; Endoplasmic reticulum membrane,https://www.proteinatlas.org/search/RTN4
Q9NQE9,HINT3,Cytoplasm; Nucleus,https://www.proteinatlas.org/search/HINT3
Q9NQG5,RPRD1B,Nucleus,https://www.proteinatlas.org/search/RPRD1B
Q9NQG6,MIEF1,Mitochondrion outer membrane,https://www.proteinatlas.org/search/MIEF1
Q9NQH7,XPNPEP3,Mitochondrion; Cytoplasm; Cytoplasm,https://www.proteinatlas.org/search/XPNPEP3
Q9NQP4,PFDN4,Nucleus; Cytoplasm; Mitochondrion,https://www.proteinatlas.org/search/PFDN4
Q9NQR4,NIT2,Cytoplasm,https://www.proteinatlas.org/search/NIT2
Q9NQS7,INCENP,"Nucleus; Chromosome, centromere; Cytoplasm, cytoskeleton, spindle; Midbody; Chromosome, centromere, kinetochore",https://www.proteinatlas.org/search/INCENP
Q9NQT4,EXOSC5,"Nucleus, nucleolus; Cytoplasm; Nucleus",https://www.proteinatlas.org/search/EXOSC5
Q9NQT5,EXOSC3,"Cytoplasm; Nucleus, nucleolus; Nucleus",https://www.proteinatlas.org/search/EXOSC3
Q9NQW6,ANLN,"Nucleus; Cytoplasm, cytoskeleton; Cytoplasm, cell cortex; Cell projection, bleb",https://www.proteinatlas.org/search/ANLN
Q9NQW7,XPNPEP1,"Cytoplasm, cytosol",https://www.proteinatlas.org/search/XPNPEP1
Q9NQX3,GPHN,"Postsynaptic cell membrane; Cell membrane; Cytoplasm, cytosol; Cytoplasm, cytoskeleton; Cell projection, dendrite; Postsynaptic density",https://www.proteinatlas.org/search/GPHN
Q9NQZ2,UTP3,"Nucleus, nucleolus",https://www.proteinatlas.org/search/UTP3
Q9NQZ5,STARD7,"Mitochondrion outer membrane; Mitochondrion intermembrane space; Cytoplasm, cytosol",https://www.proteinatlas.org/search/STARD7
Q9NR09,BIRC6,"Golgi apparatus, trans-Golgi network membrane; Endosome; Cytoplasm, cytoskeleton, spindle pole; Cytoplasm, cytoskeleton, microtubule organizing center, centrosome; Midbody, Midbody ring",https://www.proteinatlas.org/search/BIRC6
Q9NR12,PDLIM7,"Cytoplasm; Cytoplasm, cytoskeleton",https://www.proteinatlas.org/search/PDLIM7
Q9NR19,ACSS2,"Cytoplasm, cytosol; Cytoplasm; Nucleus",https://www.proteinatlas.org/search/ACSS2
Q9NR28,DIABLO,"Mitochondrion; Cytoplasm, cytosol",https://www.proteinatlas.org/search/DIABLO
Q9NR30,DDX21,"Nucleus, nucleolus; Nucleus, nucleoplasm; Cytoplasm, cytosol; Mitochondrion",https://www.proteinatlas.org/search/DDX21
Q9NR31,SAR1A,"Endoplasmic reticulum membrane; Golgi apparatus, Golgi stack membrane; Cytoplasm, cytosol; Lysosome membrane",https://www.proteinatlas.org/search/SAR1A
Q9NR33,POLE4,Nucleus,https://www.proteinatlas.org/search/POLE4
Q9NR45,NANS,,https://www.proteinatlas.org/search/NANS
Q9NR46,SH3GLB2,Cytoplasm,https://www.proteinatlas.org/search/SH3GLB2
Q9NR50,EIF2B3,"Cytoplasm, cytosol",https://www.proteinatlas.org/search/EIF2B3
Q9NR56,MBNL1,Nucleus; Cytoplasm; Cytoplasmic granule,https://www.proteinatlas.org/search/MBNL1
Q9NR77,PXMP2,Peroxisome membrane,https://www.proteinatlas.org/search/PXMP2
Q9NRA8,EIF4ENIF1,"Cytoplasm, P-body; Cytoplasm; Nucleus; Nucleus, PML body; Nucleus speckle",https://www.proteinatlas.org/search/EIF4ENIF1
Q9NRD1,FBXO6,Cytoplasm,https://www.proteinatlas.org/search/FBXO6
Q9NRF8,CTPS2,"Cytoplasm, cytosol; Nucleus",https://www.proteinatlas.org/search/CTPS2
Q9NRF9,POLE3,Nucleus,https://www.proteinatlas.org/search/POLE3
Q9NRG0,CHRAC1,Nucleus,https://www.proteinatlas.org/search/CHRAC1
Q9NRG1,PRTFDC1,,https://www.proteinatlas.org/search/PRTFDC1
Q9NRG4,SMYD2,"Cytoplasm, cytosol; Nucleus",https://www.proteinatlas.org/search/SMYD2
Q9NRG9,AAAS,"Nucleus, nuclear pore complex; Cytoplasm, cytoskeleton, spindle pole; Nucleus envelope",https://www.proteinatlas.org/search/AAAS
Q9NRK6,ABCB10,Mitochondrion inner membrane,https://www.proteinatlas.org/search/ABCB10
Q9NRL2,BAZ1A,Nucleus,https://www.proteinatlas.org/search/BAZ1A
Q9NRL3,STRN4,Cytoplasm,https://www.proteinatlas.org/search/STRN4
Q9NRN7,AASDHPPT,"Cytoplasm, cytosol",https://www.proteinatlas.org/search/AASDHPPT
Q9NRN9,METTL5,Nucleus; Presynapse; Postsynapse,https://www.proteinatlas.org/search/METTL5
Q9NRP0,OSTC,Endoplasmic reticulum; Membrane,https://www.proteinatlas.org/search/OSTC
Q9NRP2,CMC2,Mitochondrion,https://www.proteinatlas.org/search/CMC2
Q9NRP4,SDHAF3,Mitochondrion matrix,https://www.proteinatlas.org/search/SDHAF3
Q9NRR4,DROSHA,"Nucleus; Nucleus, nucleolus; Cytoplasm",https://www.proteinatlas.org/search/DROSHA
Q9NRR5,UBQLN4,"Nucleus; Cytoplasm; Chromosome; Endoplasmic reticulum; Cytoplasm, perinuclear region; Cytoplasmic vesicle, autophagosome",https://www.proteinatlas.org/search/UBQLN4
Q9NRS6,SNX15,Cytoplasm; Membrane; Cytoplasmic vesicle membrane,https://www.proteinatlas.org/search/SNX15
Q9NRW3,APOBEC3C,Nucleus; Cytoplasm,https://www.proteinatlas.org/search/APOBEC3C
Q9NRW7,VPS45,Golgi apparatus membrane; Endosome membrane,https://www.proteinatlas.org/search/VPS45
Q9NRX1,PNO1,"Nucleus, nucleolus",https://www.proteinatlas.org/search/PNO1
Q9NRX2,MRPL17,Mitochondrion,https://www.proteinatlas.org/search/MRPL17
Q9NRX4,PHPT1,Cytoplasm,https://www.proteinatlas.org/search/PHPT1
Q9NRX5,SERINC1,Endoplasmic reticulum membrane,https://www.proteinatlas.org/search/SERINC1
Q9NRY2,INIP,Nucleus,https://www.proteinatlas.org/search/INIP
Q9NRY4,ARHGAP35,"Cytoplasm, cytoskeleton, cilium basal body; Cytoplasm; Nucleus; Cell membrane",https://www.proteinatlas.org/search/ARHGAP35
Q9NRY5,FAM114A2,,https://www.proteinatlas.org/search/FAM114A2
Q9NRZ9,HELLS,Nucleus; Chromosome,https://www.proteinatlas.org/search/HELLS
Q9NS69,TOMM22,Mitochondrion outer membrane,https://www.proteinatlas.org/search/TOMM22
Q9NS86,LANCL2,Nucleus; Cytoplasm; Cell membrane,https://www.proteinatlas.org/search/LANCL2
Q9NS87,KIF15,"Cytoplasm; Cytoplasm, cytoskeleton, spindle",https://www.proteinatlas.org/search/KIF15
Q9NS91,RAD18,"Nucleus; Cytoplasm, cytoskeleton, microtubule organizing center, centrosome",https://www.proteinatlas.org/search/RAD18
Q9NSD9,FARSB,Cytoplasm,https://www.proteinatlas.org/search/FARSB
Q9NSE4,IARS2,Mitochondrion matrix,https://www.proteinatlas.org/search/IARS2
Q9NSG2,FIRRM,"Chromosome; Nucleus; Chromosome, centromere, kinetochore; Chromosome, centromere; Midbody; Cytoplasm, cytoskeleton, spindle",https://www.proteinatlas.org/search/FIRRM
Q9NSI2,SLX9,"Nucleus, nucleolus",https://www.proteinatlas.org/search/SLX9
Q9NSI8,SAMSN1,"Nucleus; Cytoplasm; Cell projection, ruffle",https://www.proteinatlas.org/search/SAMSN1
Q9NSK0,KLC4,"Cytoplasm, cytoskeleton",https://www.proteinatlas.org/search/KLC4
Q9NSY1,BMP2K,Nucleus,https://www.proteinatlas.org/search/BMP2K
Q9NT62,ATG3,Cytoplasm,https://www.proteinatlas.org/search/ATG3
Q9NTG7,SIRT3,Mitochondrion matrix,https://www.proteinatlas.org/search/SIRT3
Q9NTI5,PDS5B,Nucleus,https://www.proteinatlas.org/search/PDS5B
Q9NTJ3,SMC4,Nucleus; Cytoplasm; Chromosome,https://www.proteinatlas.org/search/SMC4
Q9NTJ5,SACM1L,Endoplasmic reticulum membrane; Golgi apparatus membrane,https://www.proteinatlas.org/search/SACM1L
Q9NTK5,OLA1,"Cytoplasm; Nucleus; Nucleus, nucleolus",https://www.proteinatlas.org/search/OLA1
Q9NTM9,CUTC,Cytoplasm; Nucleus,https://www.proteinatlas.org/search/CUTC
Q9NTX5,ECHDC1,"Cytoplasm, cytosol",https://www.proteinatlas.org/search/ECHDC1
Q9NTZ6,RBM12,Nucleus,https://www.proteinatlas.org/search/RBM12
Q9NU22,MDN1,"Nucleus, nucleolus; Nucleus, nucleoplasm; Cytoplasm",https://www.proteinatlas.org/search/MDN1
Q9NUD5,ZCCHC3,Cytoplasm,https://www.proteinatlas.org/search/ZCCHC3
Q9NUG6,PDRG1,Cytoplasm,https://www.proteinatlas.org/search/PDRG1
Q9NUJ1,ABHD10,Mitochondrion,https://www.proteinatlas.org/search/ABHD10
Q9NUL3,STAU2,"Cytoplasm; Nucleus; Nucleus, nucleolus; Endoplasmic reticulum",https://www.proteinatlas.org/search/STAU2
Q9NUL7,DDX28,"Nucleus; Mitochondrion; Mitochondrion matrix, mitochondrion nucleoid; Mitochondrion matrix",https://www.proteinatlas.org/search/DDX28
Q9NUM4,TMEM106B,Late endosome membrane; Lysosome membrane; Cell membrane,https://www.proteinatlas.org/search/TMEM106B
Q9NUN5,LMBRD1,"Endoplasmic reticulum membrane; Lysosome membrane; Cell membrane; Cytoplasmic vesicle, clathrin-coated vesicle",https://www.proteinatlas.org/search/LMBRD1
Q9NUP1,BLOC1S4,Cytoplasm,https://www.proteinatlas.org/search/BLOC1S4
Q9NUP7,TRMT13,,https://www.proteinatlas.org/search/TRMT13
Q9NUP9,LIN7C,"Cell membrane; Basolateral cell membrane; Cell junction; Postsynaptic density membrane; Cell junction, tight junction",https://www.proteinatlas.org/search/LIN7C
Q9NUQ2,AGPAT5,Endoplasmic reticulum membrane; Nucleus envelope; Mitochondrion,https://www.proteinatlas.org/search/AGPAT5
Q9NUQ3,TXLNG,"Nucleus membrane; Cytoplasm, cytosol",https://www.proteinatlas.org/search/TXLNG
Q9NUQ6,SPATS2L,"Cytoplasm; Nucleus, nucleolus",https://www.proteinatlas.org/search/SPATS2L
Q9NUQ7,UFSP2,Endoplasmic reticulum; Cytoplasm; Nucleus,https://www.proteinatlas.org/search/UFSP2
Q9NUQ8,ABCF3,,https://www.proteinatlas.org/search/ABCF3
Q9NUQ9,CYRIB,Membrane; Mitochondrion,https://www.proteinatlas.org/search/CYRIB
Q9NUT2,ABCB8,Mitochondrion inner membrane,https://www.proteinatlas.org/search/ABCB8
Q9NUU7,DDX19A,"Cytoplasm; Nucleus, nucleoplasm",https://www.proteinatlas.org/search/DDX19A
Q9NUW8,TDP1,Nucleus; Cytoplasm,https://www.proteinatlas.org/search/TDP1
Q9NUY8,TBC1D23,"Golgi apparatus, trans-Golgi network; Cytoplasmic vesicle",https://www.proteinatlas.org/search/TBC1D23
Q9NV06,DCAF13,"Nucleus, nucleolus",https://www.proteinatlas.org/search/DCAF13
Q9NV31,IMP3,"Nucleus, nucleolus",https://www.proteinatlas.org/search/IMP3
Q9NV35,NUDT15,,https://www.proteinatlas.org/search/NUDT15
Q9NV56,MRGBP,Nucleus,https://www.proteinatlas.org/search/MRGBP
Q9NV70,EXOC1,"Midbody, Midbody ring; Cytoplasm; Cytoplasm, perinuclear region; Cell membrane",https://www.proteinatlas.org/search/EXOC1
Q9NV88,INTS9,Nucleus; Cytoplasm,https://www.proteinatlas.org/search/INTS9
Q9NV96,CDC50A,"Membrane; Cell membrane; Golgi apparatus; Cytoplasmic vesicle, secretory vesicle membrane; Apical cell membrane",https://www.proteinatlas.org/search/CDC50A
Q9NVA1,UQCC1,Mitochondrion inner membrane; Cytoplasmic vesicle,https://www.proteinatlas.org/search/UQCC1
Q9NVA2,SEPTIN11,"Cytoplasm, cytoskeleton; Synapse; Cell projection, dendritic spine; Cell projection, axon",https://www.proteinatlas.org/search/SEPTIN11
Q9NVA4,TMEM184C,Membrane,https://www.proteinatlas.org/search/TMEM184C
Q9NVC6,MED17,Nucleus,https://www.proteinatlas.org/search/MED17
Q9NVE7,PANK4,Cytoplasm,https://www.proteinatlas.org/search/PANK4
Q9NVG8,TBC1D13,Membrane; Cytoplasm,https://www.proteinatlas.org/search/TBC1D13
Q9NVH1,DNAJC11,Mitochondrion; Mitochondrion outer membrane,https://www.proteinatlas.org/search/DNAJC11
Q9NVH2,INTS7,Nucleus; Chromosome; Cytoplasm,https://www.proteinatlas.org/search/INTS7
Q9NVI1,FANCI,Nucleus; Cytoplasm,https://www.proteinatlas.org/search/FANCI
Q9NVI7,ATAD3A,"Mitochondrion inner membrane; Mitochondrion matrix, mitochondrion nucleoid",https://www.proteinatlas.org/search/ATAD3A
Q9NVJ2,ARL8B,"Late endosome membrane; Lysosome membrane; Cytoplasm, cytoskeleton, spindle; Cell projection, axon; Synapse; Cytolytic granule membrane; Early endosome membrane",https://www.proteinatlas.org/search/ARL8B
Q9NVM4,PRMT7,"Cytoplasm, cytosol; Nucleus",https://www.proteinatlas.org/search/PRMT7
Q9NVM6,DNAJC17,Cytoplasm; Nucleus,https://www.proteinatlas.org/search/DNAJC17
Q9NVM9,INTS13,Nucleus; Cytoplasm,https://www.proteinatlas.org/search/INTS13
Q9NVN8,GNL3L,"Nucleus, nucleolus",https://www.proteinatlas.org/search/GNL3L
Q9NVP1,DDX18,"Nucleus, nucleolus; Chromosome",https://www.proteinatlas.org/search/DDX18
Q9NVP2,ASF1B,"Nucleus; Cytoplasm, cytosol",https://www.proteinatlas.org/search/ASF1B
Q9NVR2,INTS10,Nucleus,https://www.proteinatlas.org/search/INTS10
Q9NVR5,DNAAF2,Cytoplasm; Dynein axonemal particle,https://www.proteinatlas.org/search/DNAAF2
Q9NVS2,MRPS18A,Mitochondrion,https://www.proteinatlas.org/search/MRPS18A
Q9NVS9,PNPO,,https://www.proteinatlas.org/search/PNPO
Q9NVT9,ARMC1,Cytoplasm; Mitochondrion; Mitochondrion outer membrane,https://www.proteinatlas.org/search/ARMC1
Q9NVU0,POLR3E,Nucleus,https://www.proteinatlas.org/search/POLR3E
Q9NVU7,SDAD1,"Nucleus, nucleolus",https://www.proteinatlas.org/search/SDAD1
Q9NVV4,MTPAP,Cytoplasm; Mitochondrion,https://www.proteinatlas.org/search/MTPAP
Q9NVX2,NLE1,"Nucleus, nucleolus",https://www.proteinatlas.org/search/NLE1
Q9NVZ3,NECAP2,"Cytoplasmic vesicle, clathrin-coated vesicle membrane; Cell membrane",https://www.proteinatlas.org/search/NECAP2
Q9NW08,POLR3B,"Nucleus; Cytoplasm, cytosol",https://www.proteinatlas.org/search/POLR3B
Q9NW13,RBM28,"Nucleus, nucleolus",https://www.proteinatlas.org/search/RBM28
Q9NW64,RBM22,Nucleus; Cytoplasm,https://www.proteinatlas.org/search/RBM22
Q9NW68,BSDC1,,https://www.proteinatlas.org/search/BSDC1
Q9NW82,WDR70,,https://www.proteinatlas.org/search/WDR70
Q9NWA0,MED9,Nucleus,https://www.proteinatlas.org/search/MED9
Q9NWB6,ARGLU1,Nucleus; Nucleus speckle; Chromosome,https://www.proteinatlas.org/search/ARGLU1
Q9NWH9,SLTM,Nucleus,https://www.proteinatlas.org/search/SLTM
Q9NWK9,ZNHIT6,,https://www.proteinatlas.org/search/ZNHIT6
Q9NWS0,PIH1D1,Nucleus,https://www.proteinatlas.org/search/PIH1D1
Q9NWS6,SIRAL2,Membrane,https://www.proteinatlas.org/search/SIRAL2
Q9NWS8,RMND1,Mitochondrion,https://www.proteinatlas.org/search/RMND1
Q9NWT1,PAK1IP1,"Nucleus, nucleolus",https://www.proteinatlas.org/search/PAK1IP1
Q9NWT8,AURKAIP1,Mitochondrion matrix; Nucleus,https://www.proteinatlas.org/search/AURKAIP1
Q9NWU1,OXSM,Mitochondrion,https://www.proteinatlas.org/search/OXSM
Q9NWU2,GID8,Cytoplasm; Nucleus,https://www.proteinatlas.org/search/GID8
Q9NWU5,MRPL22,Mitochondrion,https://www.proteinatlas.org/search/MRPL22
Q9NWV4,CZIB,,https://www.proteinatlas.org/search/CZIB
Q9NWV8,BABAM1,Cytoplasm; Nucleus,https://www.proteinatlas.org/search/BABAM1
Q9NWX6,THG1L,Cytoplasm; Mitochondrion outer membrane,https://www.proteinatlas.org/search/THG1L
Q9NWY4,HPF1,Chromosome; Nucleus,https://www.proteinatlas.org/search/HPF1
Q9NWZ3,IRAK4,Cytoplasm,https://www.proteinatlas.org/search/IRAK4
Q9NWZ5,UCKL1,Cytoplasm; Nucleus; Cytoplasm,https://www.proteinatlas.org/search/UCKL1
Q9NWZ8,GEMIN8,"Nucleus, gem; Cytoplasm",https://www.proteinatlas.org/search/GEMIN8
Q9NX01,TXNL4B,Nucleus,https://www.proteinatlas.org/search/TXNL4B
Q9NX02,NLRP2,Cytoplasm,https://www.proteinatlas.org/search/NLRP2
Q9NX07,TRNAU1AP,Nucleus; Cytoplasm,https://www.proteinatlas.org/search/TRNAU1AP
Q9NX08,COMMD8,Cytoplasm; Nucleus,https://www.proteinatlas.org/search/COMMD8
Q9NX14,NDUFB11,Mitochondrion inner membrane,https://www.proteinatlas.org/search/NDUFB11
Q9NX20,MRPL16,Mitochondrion,https://www.proteinatlas.org/search/MRPL16
Q9NX24,NHP2,"Nucleus, nucleolus; Nucleus, Cajal body",https://www.proteinatlas.org/search/NHP2
Q9NX40,OCIAD1,Endosome,https://www.proteinatlas.org/search/OCIAD1
Q9NX46,ADPRS,Nucleus; Cytoplasm; Chromosome; Mitochondrion matrix,https://www.proteinatlas.org/search/ADPRS
Q9NX47,MARCHF5,Mitochondrion outer membrane; Endoplasmic reticulum membrane; Peroxisome membrane,https://www.proteinatlas.org/search/MARCHF5
Q9NX55,HYPK,Nucleus; Cytoplasm,https://www.proteinatlas.org/search/HYPK
Q9NX58,LYAR,"Nucleus; Nucleus, nucleolus; Cytoplasm; Cell projection, cilium, photoreceptor outer segment",https://www.proteinatlas.org/search/LYAR
Q9NX62,BPNT2,"Golgi apparatus; Golgi apparatus, trans-Golgi network membrane",https://www.proteinatlas.org/search/BPNT2
Q9NX63,CHCHD3,Mitochondrion inner membrane; Cytoplasm; Nucleus; Mitochondrion,https://www.proteinatlas.org/search/CHCHD3
Q9NX70,MED29,Nucleus,https://www.proteinatlas.org/search/MED29
Q9NX74,DUS2,Cytoplasm; Endoplasmic reticulum,https://www.proteinatlas.org/search/DUS2
Q9NXA8,SIRT5,"Mitochondrion matrix; Mitochondrion intermembrane space; Cytoplasm, cytosol; Nucleus; Cytoplasm; Mitochondrion; Mitochondrion",https://www.proteinatlas.org/search/SIRT5
Q9NXC5,MIOS,Lysosome membrane,https://www.proteinatlas.org/search/MIOS
Q9NXE8,CWC25,Nucleus,https://www.proteinatlas.org/search/CWC25
Q9NXF1,TEX10,"Nucleus, nucleoplasm; Cytoplasm; Nucleus, nucleolus",https://www.proteinatlas.org/search/TEX10
Q9NXF7,DCAF16,Nucleus,https://www.proteinatlas.org/search/DCAF16
Q9NXG2,THUMPD1,,https://www.proteinatlas.org/search/THUMPD1
Q9NXH8,TOR4A,Membrane,https://www.proteinatlas.org/search/TOR4A
Q9NXH9,TRMT1,Mitochondrion; Nucleus; Cytoplasm,https://www.proteinatlas.org/search/TRMT1
Q9NXJ5,PGPEP1,Cytoplasm,https://www.proteinatlas.org/search/PGPEP1
Q9NXK8,FBXL12,,https://www.proteinatlas.org/search/FBXL12
Q9NXN4,GDAP2,,https://www.proteinatlas.org/search/GDAP2
Q9NXR1,NDE1,"Cytoplasm, cytoskeleton; Cytoplasm, cytoskeleton, microtubule organizing center, centrosome; Chromosome, centromere, kinetochore; Cytoplasm, cytoskeleton, spindle; Cleavage furrow; Cytoplasmic vesicle membrane",https://www.proteinatlas.org/search/NDE1
Q9NXR7,BABAM2,Cytoplasm; Nucleus,https://www.proteinatlas.org/search/BABAM2
Q9NXR8,ING3,Nucleus,https://www.proteinatlas.org/search/ING3
Q9NXU5,ARL15,,https://www.proteinatlas.org/search/ARL15
Q9NXV2,KCTD5,"Cytoplasm, cytosol; Cytoplasm; Nucleus",https://www.proteinatlas.org/search/KCTD5
Q9NXV6,CDKN2AIP,"Nucleus, nucleoplasm",https://www.proteinatlas.org/search/CDKN2AIP
Q9NXW9,ALKBH4,"Cytoplasm; Nucleus; Nucleus, nucleolus; Midbody",https://www.proteinatlas.org/search/ALKBH4
Q9NXX6,NSMCE4A,"Nucleus; Chromosome, telomere",https://www.proteinatlas.org/search/NSMCE4A
Q9NXZ1,SAGE1,Nucleus,https://www.proteinatlas.org/search/SAGE1
Q9NXZ2,DDX43,,https://www.proteinatlas.org/search/DDX43
Q9NY12,GAR1,"Nucleus, nucleolus; Nucleus, Cajal body",https://www.proteinatlas.org/search/GAR1
Q9NY27,PPP4R2,"Cytoplasm, cytoskeleton, microtubule organizing center, centrosome; Nucleus",https://www.proteinatlas.org/search/PPP4R2
Q9NY33,DPP3,"Cytoplasm, cytosol",https://www.proteinatlas.org/search/DPP3
Q9NY61,AATF,"Nucleus, nucleolus",https://www.proteinatlas.org/search/AATF
Q9NY93,DDX56,"Nucleus, nucleolus",https://www.proteinatlas.org/search/DDX56
Q9NYA1,SPHK1,"Cytoplasm; Nucleus; Cell membrane; Endosome membrane; Membrane, clathrin-coated pit; Synapse",https://www.proteinatlas.org/search/SPHK1
Q9NYB0,TERF2IP,"Nucleus; Cytoplasm; Chromosome; Chromosome, telomere",https://www.proteinatlas.org/search/TERF2IP
Q9NYF8,BCLAF1,"Cytoplasm; Nucleus; Nucleus speckle; Nucleus, nucleoplasm",https://www.proteinatlas.org/search/BCLAF1
Q9NYH9,UTP6,"Nucleus, nucleolus",https://www.proteinatlas.org/search/UTP6
Q9NYJ1,COA4,Mitochondrion,https://www.proteinatlas.org/search/COA4
Q9NYK5,MRPL39,Mitochondrion,https://www.proteinatlas.org/search/MRPL39
Q9NYL2,MAP3K20,Cytoplasm; Nucleus,https://www.proteinatlas.org/search/MAP3K20
Q9NYL9,TMOD3,"Cytoplasm, cytoskeleton",https://www.proteinatlas.org/search/TMOD3
Q9NYM9,BET1L,"Golgi apparatus membrane; Golgi apparatus, trans-Golgi network membrane",https://www.proteinatlas.org/search/BET1L
Q9NYP3,DONSON,Nucleus,https://www.proteinatlas.org/search/DONSON
Q9NYP9,MIS18A,"Nucleus; Chromosome; Chromosome, centromere",https://www.proteinatlas.org/search/MIS18A
Q9NYU2,UGGT1,Endoplasmic reticulum lumen; Endoplasmic reticulum-Golgi intermediate compartment,https://www.proteinatlas.org/search/UGGT1
Q9NYV4,CDK12,Nucleus; Nucleus speckle,https://www.proteinatlas.org/search/CDK12
Q9NYY8,FASTKD2,"Mitochondrion matrix, mitochondrion nucleoid; Mitochondrion matrix",https://www.proteinatlas.org/search/FASTKD2
Q9NZ01,TECR,Endoplasmic reticulum membrane,https://www.proteinatlas.org/search/TECR
Q9NZ08,ERAP1,Endoplasmic reticulum membrane,https://www.proteinatlas.org/search/ERAP1
Q9NZ09,UBAP1,"Cytoplasm, cytosol; Endosome",https://www.proteinatlas.org/search/UBAP1
Q9NZ32,ACTR10,"Cytoplasm, cytoskeleton",https://www.proteinatlas.org/search/ACTR10
Q9NZ45,CISD1,Mitochondrion outer membrane,https://www.proteinatlas.org/search/CISD1
Q9NZ52,GGA3,"Golgi apparatus, trans-Golgi network membrane; Endosome membrane; Early endosome membrane; Recycling endosome membrane",https://www.proteinatlas.org/search/GGA3
Q9NZ63,C9orf78,"Nucleus; Chromosome, centromere",https://www.proteinatlas.org/search/C9orf78
Q9NZB2,FAM120A,Cytoplasm; Cell membrane,https://www.proteinatlas.org/search/FAM120A
Q9NZD2,GLTP,Cytoplasm,https://www.proteinatlas.org/search/GLTP
Q9NZD4,AHSP,Cytoplasm,https://www.proteinatlas.org/search/AHSP
Q9NZD8,SPG21,"Cytoplasm, cytosol; Membrane; Endosome membrane; Golgi apparatus, trans-Golgi network membrane",https://www.proteinatlas.org/search/SPG21
Q9NZE8,MRPL35,Mitochondrion,https://www.proteinatlas.org/search/MRPL35
Q9NZI7,UBP1,Nucleus,https://www.proteinatlas.org/search/UBP1
Q9NZI8,IGF2BP1,"Nucleus; Cytoplasm; Cytoplasm, perinuclear region; Cytoplasm, P-body; Cytoplasm, Stress granule; Cell projection, lamellipodium; Cell projection, dendrite; Cell projection, dendritic spine; Cell projection, growth cone; Cell projection, filopodium; Cell projection, axon",https://www.proteinatlas.org/search/IGF2BP1
Q9NZJ0,DTL,"Nucleus; Nucleus membrane; Cytoplasm, cytoskeleton, microtubule organizing center, centrosome; Chromosome",https://www.proteinatlas.org/search/DTL
Q9NZJ6,COQ3,Mitochondrion inner membrane,https://www.proteinatlas.org/search/COQ3
Q9NZJ7,MTCH1,Mitochondrion outer membrane,https://www.proteinatlas.org/search/MTCH1
Q9NZJ9,NUDT4,Cytoplasm,https://www.proteinatlas.org/search/NUDT4
Q9NZL4,HSPBP1,,https://www.proteinatlas.org/search/HSPBP1
Q9NZL9,MAT2B,,https://www.proteinatlas.org/search/MAT2B
Q9NZM5,NOP53,"Nucleus, nucleolus; Nucleus, nucleoplasm",https://www.proteinatlas.org/search/NOP53
Q9NZN4,EHD2,"Cell membrane; Membrane, caveola; Endosome membrane; Cytoplasm, cytosol",https://www.proteinatlas.org/search/EHD2
Q9NZN8,CNOT2,Cytoplasm; Nucleus,https://www.proteinatlas.org/search/CNOT2
Q9NZQ3,NCKIPSD,Nucleus,https://www.proteinatlas.org/search/NCKIPSD
Q9NZT2,OGFR,Cytoplasm; Nucleus,https://www.proteinatlas.org/search/OGFR
Q9NZW5,PALS2,Membrane,https://www.proteinatlas.org/search/PALS2
Q9NZZ3,CHMP5,"Cytoplasm, cytosol; Endosome membrane; Midbody",https://www.proteinatlas.org/search/CHMP5
Q9P000,COMMD9,Nucleus; Cytoplasmic vesicle,https://www.proteinatlas.org/search/COMMD9
Q9P013,CWC15,Nucleus,https://www.proteinatlas.org/search/CWC15
Q9P015,MRPL15,Mitochondrion,https://www.proteinatlas.org/search/MRPL15
Q9P016,THYN1,Nucleus,https://www.proteinatlas.org/search/THYN1
Q9P031,CCDC59,Nucleus,https://www.proteinatlas.org/search/CCDC59
Q9P032,NDUFAF4,Mitochondrion; Membrane,https://www.proteinatlas.org/search/NDUFAF4
Q9P035,HACD3,Endoplasmic reticulum membrane,https://www.proteinatlas.org/search/HACD3
Q9P086,MED11,Nucleus,https://www.proteinatlas.org/search/MED11
Q9P0J0,NDUFA13,Mitochondrion inner membrane; Nucleus,https://www.proteinatlas.org/search/NDUFA13
Q9P0J7,KCMF1,Cytoplasm; Late endosome; Lysosome,https://www.proteinatlas.org/search/KCMF1
Q9P0K7,RAI14,"Cytoplasm, cytoskeleton; Cytoplasm, cytoskeleton, stress fiber; Cytoplasm, cell cortex; Cell junction; Nucleus",https://www.proteinatlas.org/search/RAI14
Q9P0L0,VAPA,"Endoplasmic reticulum membrane; Cell membrane; Cell junction, tight junction; Nucleus membrane",https://www.proteinatlas.org/search/VAPA
Q9P0M9,MRPL27,Mitochondrion,https://www.proteinatlas.org/search/MRPL27
Q9P0P0,RNF181,,https://www.proteinatlas.org/search/RNF181
Q9P0R6,GSKIP,Cytoplasm; Nucleus,https://www.proteinatlas.org/search/GSKIP
Q9P0U3,SENP1,Nucleus; Cytoplasm,https://www.proteinatlas.org/search/SENP1
Q9P0U4,CXXC1,Nucleus speckle; Nucleus,https://www.proteinatlas.org/search/CXXC1
Q9P0V9,SEPTIN10,"Cytoplasm; Cytoplasm, cytoskeleton; Cell projection, cilium, flagellum",https://www.proteinatlas.org/search/SEPTIN10
Q9P0W2,HMG20B,Nucleus; Chromosome,https://www.proteinatlas.org/search/HMG20B
Q9P1F3,ABRACL,"Cell projection, lamellipodium; Cell projection, cilium",https://www.proteinatlas.org/search/ABRACL
Q9P1U0,POLR1H,"Nucleus, nucleolus",https://www.proteinatlas.org/search/POLR1H
Q9P1Y6,PHRF1,,https://www.proteinatlas.org/search/PHRF1
Q9P253,VPS18,"Late endosome membrane; Lysosome membrane; Early endosome; Cytoplasmic vesicle, autophagosome; Cytoplasmic vesicle, clathrin-coated vesicle",https://www.proteinatlas.org/search/VPS18
Q9P258,RCC2,"Nucleus, nucleolus; Nucleus; Cytoplasm, cytoskeleton; Chromosome, centromere; Cytoplasm, cytoskeleton, spindle; Chromosome; Midbody; Cell membrane",https://www.proteinatlas.org/search/RCC2
Q9P265,DIP2B,"Cell projection, dendrite; Cell projection, axon; Perikaryon",https://www.proteinatlas.org/search/DIP2B
Q9P270,SLAIN2,"Cytoplasm, cytoskeleton",https://www.proteinatlas.org/search/SLAIN2
Q9P275,USP36,"Nucleus, nucleolus; Cytoplasm",https://www.proteinatlas.org/search/USP36
Q9P287,BCCIP,"Nucleus; Cytoplasm, cytoskeleton, microtubule organizing center, centrosome, centriole; Cytoplasm, cytoskeleton, spindle pole; Cytoplasm, cytoskeleton, microtubule organizing center, centrosome; Cytoplasm, cytoskeleton, spindle pole; Cytoplasm, cytoskeleton, microtubule organizing center, centrosome; Cytoplasm, cytoskeleton, spindle pole",https://www.proteinatlas.org/search/BCCIP
Q9P289,STK26,Cytoplasm; Golgi apparatus,https://www.proteinatlas.org/search/STK26
Q9P2D3,HEATR5B,"Cytoplasm, perinuclear region; Cytoplasmic vesicle, clathrin-coated vesicle",https://www.proteinatlas.org/search/HEATR5B
Q9P2E9,RRBP1,Endoplasmic reticulum membrane,https://www.proteinatlas.org/search/RRBP1
Q9P2I0,CPSF2,Nucleus,https://www.proteinatlas.org/search/CPSF2
Q9P2J5,LARS1,Cytoplasm,https://www.proteinatlas.org/search/LARS1
Q9P2K3,RCOR3,Nucleus,https://www.proteinatlas.org/search/RCOR3
Q9P2N5,RBM27,Cytoplasm; Nucleus speckle,https://www.proteinatlas.org/search/RBM27
Q9P2N6,KANSL3,"Nucleus; Mitochondrion; Cytoplasm, cytoskeleton, spindle pole",https://www.proteinatlas.org/search/KANSL3
Q9P2R3,ANKFY1,Cytoplasm; Endosome membrane; Early endosome,https://www.proteinatlas.org/search/ANKFY1
Q9P2R6,RERE,Nucleus,https://www.proteinatlas.org/search/RERE
Q9P2R7,SUCLA2,Mitochondrion,https://www.proteinatlas.org/search/SUCLA2
Q9P2S5,WRAP73,"Cytoplasm; Cytoplasm, cytoskeleton, microtubule organizing center, centrosome; Cytoplasm, cytoskeleton, microtubule organizing center, centrosome, centriole; Cytoplasm, cytoskeleton, microtubule organizing center, centrosome, centriolar satellite",https://www.proteinatlas.org/search/WRAP73
Q9P2T1,GMPR2,,https://www.proteinatlas.org/search/GMPR2
Q9P2X0,DPM3,Endoplasmic reticulum membrane,https://www.proteinatlas.org/search/DPM3
Q9P305,IGO2,Cytoplasm; Nucleus,https://www.proteinatlas.org/search/IGO2
Q9UBB4,ATXN10,"Cytoplasm, perinuclear region; Midbody; Cytoplasm, cytoskeleton, cilium basal body; Cytoplasm, cytoskeleton, microtubule organizing center, centrosome, centriole",https://www.proteinatlas.org/search/ATXN10
Q9UBB5,MBD2,Nucleus; Chromosome,https://www.proteinatlas.org/search/MBD2
Q9UBB6,NCDN,"Cytoplasm, cytosol; Endosome membrane; Cell projection, dendrite; Postsynapse",https://www.proteinatlas.org/search/NCDN
Q9UBB9,TFIP11,Cytoplasm; Nucleus,https://www.proteinatlas.org/search/TFIP11
Q9UBC2,EPS15L1,"Cell membrane; Nucleus; Membrane, coated pit",https://www.proteinatlas.org/search/EPS15L1
Q9UBD5,ORC3,Nucleus; Chromosome,https://www.proteinatlas.org/search/ORC3
Q9UBE0,SAE1,Nucleus,https://www.proteinatlas.org/search/SAE1
Q9UBF1,MAGEC2,Cytoplasm; Nucleus,https://www.proteinatlas.org/search/MAGEC2
Q9UBF2,COPG2,"Cytoplasm, cytosol; Golgi apparatus membrane; Cytoplasmic vesicle, COPI-coated vesicle membrane",https://www.proteinatlas.org/search/COPG2
Q9UBF6,RNF7,Cytoplasm; Nucleus,https://www.proteinatlas.org/search/RNF7
Q9UBF8,PI4KB,"Endomembrane system; Mitochondrion outer membrane; Rough endoplasmic reticulum membrane; Golgi apparatus; Golgi apparatus membrane; Cytoplasm, perinuclear region",https://www.proteinatlas.org/search/PI4KB
Q9UBH6,XPR1,Cell membrane,https://www.proteinatlas.org/search/XPR1
Q9UBI1,COMMD3,Cytoplasm; Nucleus,https://www.proteinatlas.org/search/COMMD3
Q9UBK8,MTRR,Cytoplasm; Cytoplasm,https://www.proteinatlas.org/search/MTRR
Q9UBK9,UXT,"Cytoplasm; Nucleus; Cytoplasm; Nucleus; Cytoplasm, cytoskeleton, microtubule organizing center, centrosome; Cytoplasm, cytoskeleton, spindle pole",https://www.proteinatlas.org/search/UXT
Q9UBL3,ASH2L,Nucleus,https://www.proteinatlas.org/search/ASH2L
Q9UBM7,DHCR7,Endoplasmic reticulum membrane,https://www.proteinatlas.org/search/DHCR7
Q9UBN7,HDAC6,"Cytoplasm; Cytoplasm, cytoskeleton; Nucleus; Perikaryon; Cell projection, dendrite; Cell projection, axon; Cell projection, cilium; Cytoplasm, cytoskeleton, microtubule organizing center, centrosome; Cytoplasm, cytoskeleton, cilium basal body",https://www.proteinatlas.org/search/HDAC6
Q9UBP0,SPAST,"Membrane; Endoplasmic reticulum; Midbody; Cytoplasm, cytoskeleton, microtubule organizing center, centrosome; Cytoplasm, cytoskeleton; Cytoplasm, perinuclear region; Nucleus; Cytoplasm, cytoskeleton, spindle; Cytoplasm; Cell projection, axon; Endoplasmic reticulum membrane; Nucleus membrane; Lipid droplet; Cytoplasm, cytoskeleton; Endosome; Cytoplasm; Endosome; Nucleus membrane; Cytoplasm, cytoskeleton, microtubule organizing center, centrosome",https://www.proteinatlas.org/search/SPAST
Q9UBP6,METTL1,Nucleus,https://www.proteinatlas.org/search/METTL1
Q9UBQ0,VPS29,Cytoplasm; Membrane; Endosome membrane; Early endosome; Late endosome,https://www.proteinatlas.org/search/VPS29
Q9UBQ5,EIF3K,Nucleus; Cytoplasm,https://www.proteinatlas.org/search/EIF3K
Q9UBQ7,GRHPR,,https://www.proteinatlas.org/search/GRHPR
Q9UBR2,CTSZ,Lysosome,https://www.proteinatlas.org/search/CTSZ
Q9UBS0,RPS6KB2,Cytoplasm; Nucleus,https://www.proteinatlas.org/search/RPS6KB2
Q9UBS4,DNAJB11,Endoplasmic reticulum lumen,https://www.proteinatlas.org/search/DNAJB11
Q9UBS8,RNF14,Cytoplasm; Nucleus,https://www.proteinatlas.org/search/RNF14
Q9UBT2,UBA2,Cytoplasm; Nucleus,https://www.proteinatlas.org/search/UBA2
Q9UBU8,MORF4L1,Nucleus,https://www.proteinatlas.org/search/MORF4L1
Q9UBU9,NXF1,"Nucleus; Nucleus, nucleoplasm; Nucleus speckle; Nucleus, nuclear pore complex; Nucleus envelope; Cytoplasm; Cytoplasm, Stress granule",https://www.proteinatlas.org/search/NXF1
Q9UBV8,PEF1,"Cytoplasm; Endoplasmic reticulum; Membrane; Cytoplasmic vesicle, COPII-coated vesicle membrane",https://www.proteinatlas.org/search/PEF1
Q9UBW7,ZMYM2,Nucleus,https://www.proteinatlas.org/search/ZMYM2
Q9UBW8,COPS7A,Cytoplasm; Nucleus,https://www.proteinatlas.org/search/COPS7A
Q9UBX3,SLC25A10,Mitochondrion inner membrane,https://www.proteinatlas.org/search/SLC25A10
Q9UDW1,UQCR10,Mitochondrion inner membrane,https://www.proteinatlas.org/search/UQCR10
Q9UDY2,TJP2,"Cell junction, adherens junction; Cell membrane; Cell junction, tight junction; Nucleus",https://www.proteinatlas.org/search/TJP2
Q9UDY4,DNAJB4,"Cytoplasm; Cell membrane; Cytoplasm, myofibril, sarcomere, Z line",https://www.proteinatlas.org/search/DNAJB4
Q9UEE9,CFDP1,"Chromosome, centromere, kinetochore; Nucleus; Chromosome",https://www.proteinatlas.org/search/CFDP1
Q9UER7,DAXX,"Cytoplasm; Nucleus, nucleoplasm; Nucleus, PML body; Nucleus, nucleolus; Chromosome, centromere; Nucleus; Nucleus",https://www.proteinatlas.org/search/DAXX
Q9UET6,FTSJ1,Cytoplasm; Nucleus,https://www.proteinatlas.org/search/FTSJ1
Q9UEU0,VTI1B,Early endosome membrane; Late endosome membrane; Lysosome membrane; Cytoplasmic granule; Recycling endosome membrane,https://www.proteinatlas.org/search/VTI1B
Q9UEY8,ADD3,"Cytoplasm, cytoskeleton; Cell membrane; Cytoplasm",https://www.proteinatlas.org/search/ADD3
Q9UFC0,LRWD1,"Nucleus; Chromosome, centromere; Chromosome, telomere; Cytoplasm, cytoskeleton, microtubule organizing center, centrosome; Chromosome, centromere, kinetochore",https://www.proteinatlas.org/search/LRWD1
Q9UFF9,CNOT8,Cytoplasm; Nucleus,https://www.proteinatlas.org/search/CNOT8
Q9UFG5,C19orf25,,https://www.proteinatlas.org/search/C19orf25
Q9UFN0,NIPSNAP3A,"Cytoplasm, cytosol",https://www.proteinatlas.org/search/NIPSNAP3A
Q9UFW8,CGGBP1,Nucleus,https://www.proteinatlas.org/search/CGGBP1
Q9UG56,PISD,Mitochondrion inner membrane; Mitochondrion inner membrane; Cytoplasm; Mitochondrion inner membrane; Mitochondrion inner membrane; Lipid droplet,https://www.proteinatlas.org/search/PISD
Q9UG63,ABCF2,,https://www.proteinatlas.org/search/ABCF2
Q9UGI8,TES,"Cytoplasm; Cell junction, focal adhesion",https://www.proteinatlas.org/search/TES
Q9UGJ1,TUBGCP4,"Cytoplasm, cytoskeleton, microtubule organizing center, centrosome",https://www.proteinatlas.org/search/TUBGCP4
Q9UGL1,KDM5B,Nucleus,https://www.proteinatlas.org/search/KDM5B
Q9UGM6,WARS2,Mitochondrion matrix; Mitochondrion,https://www.proteinatlas.org/search/WARS2
Q9UGN5,PARP2,Nucleus; Chromosome,https://www.proteinatlas.org/search/PARP2
Q9UGP4,LIMD1,"Cytoplasm; Nucleus; Cytoplasm, P-body; Cell junction, adherens junction; Cell junction, focal adhesion",https://www.proteinatlas.org/search/LIMD1
Q9UGP8,SEC63,Endoplasmic reticulum membrane,https://www.proteinatlas.org/search/SEC63
Q9UGR2,ZC3H7B,Nucleus,https://www.proteinatlas.org/search/ZC3H7B
Q9UGU0,TCF20,Nucleus,https://www.proteinatlas.org/search/TCF20
Q9UGV2,NDRG3,,https://www.proteinatlas.org/search/NDRG3
Q9UH17,APOBEC3B,Nucleus,https://www.proteinatlas.org/search/APOBEC3B
Q9UH65,SWAP70,"Cytoplasm; Cell membrane; Nucleus; Cell projection, lamellipodium; Cytoplasm, cytoskeleton",https://www.proteinatlas.org/search/SWAP70
Q9UHA2,SS18L2,,https://www.proteinatlas.org/search/SS18L2
Q9UHA3,RSL24D1,"Nucleus, nucleolus",https://www.proteinatlas.org/search/RSL24D1
Q9UHA4,LAMTOR3,Late endosome membrane,https://www.proteinatlas.org/search/LAMTOR3
Q9UHB6,LIMA1,"Cytoplasm; Cell junction, focal adhesion; Cytoplasm, cytoskeleton; Cytoplasm, cytoskeleton, stress fiber; Cell membrane; Cell projection, ruffle; Cell projection, lamellipodium",https://www.proteinatlas.org/search/LIMA1
Q9UHB9,SRP68,"Cytoplasm; Nucleus, nucleolus; Endoplasmic reticulum",https://www.proteinatlas.org/search/SRP68
Q9UHC7,MKRN1,,https://www.proteinatlas.org/search/MKRN1
Q9UHD1,CHORDC1,,https://www.proteinatlas.org/search/CHORDC1
Q9UHD2,TBK1,Cytoplasm,https://www.proteinatlas.org/search/TBK1
Q9UHD8,SEPTIN9,"Cytoplasm, cytoskeleton",https://www.proteinatlas.org/search/SEPTIN9
Q9UHD9,UBQLN2,"Cytoplasm; Nucleus; Membrane; Cytoplasmic vesicle, autophagosome",https://www.proteinatlas.org/search/UBQLN2
Q9UHI6,DDX20,"Cytoplasm; Nucleus, gem",https://www.proteinatlas.org/search/DDX20
Q9UHJ6,SHPK,Cytoplasm,https://www.proteinatlas.org/search/SHPK
Q9UHL4,DPP7,Lysosome; Cytoplasmic vesicle; Secreted,https://www.proteinatlas.org/search/DPP7
Q9UHN1,POLG2,"Mitochondrion; Mitochondrion matrix, mitochondrion nucleoid",https://www.proteinatlas.org/search/POLG2
Q9UHP3,USP25,Cytoplasm; Cytoplasm; Nucleus,https://www.proteinatlas.org/search/USP25
Q9UHQ1,NARF,Nucleus,https://www.proteinatlas.org/search/NARF
Q9UHQ9,CYB5R1,Membrane,https://www.proteinatlas.org/search/CYB5R1
Q9UHR4,BAIAP2L1,"Cytoplasm, cytoskeleton",https://www.proteinatlas.org/search/BAIAP2L1
Q9UHR5,SAP30BP,Nucleus; Nucleus speckle,https://www.proteinatlas.org/search/SAP30BP
Q9UHR6,ZNHIT2,,https://www.proteinatlas.org/search/ZNHIT2
Q9UHV9,PFDN2,Nucleus; Cytoplasm; Mitochondrion,https://www.proteinatlas.org/search/PFDN2
Q9UHW5,GPN3,Cytoplasm; Nucleus,https://www.proteinatlas.org/search/GPN3
Q9UHX1,PUF60,Nucleus,https://www.proteinatlas.org/search/PUF60
Q9UHY1,NRBP1,"Cytoplasm, cell cortex; Endomembrane system; Cell projection, lamellipodium",https://www.proteinatlas.org/search/NRBP1
Q9UHY7,ENOPH1,Cytoplasm; Nucleus,https://www.proteinatlas.org/search/ENOPH1
Q9UHY8,FEZ2,,https://www.proteinatlas.org/search/FEZ2
Q9UI09,NDUFA12,Mitochondrion inner membrane,https://www.proteinatlas.org/search/NDUFA12
Q9UI10,EIF2B4,"Cytoplasm, cytosol",https://www.proteinatlas.org/search/EIF2B4
Q9UI12,ATP6V1H,"Cytoplasmic vesicle, clathrin-coated vesicle membrane",https://www.proteinatlas.org/search/ATP6V1H
Q9UI15,TAGLN3,,https://www.proteinatlas.org/search/TAGLN3
Q9UI26,IPO11,Cytoplasm; Nucleus,https://www.proteinatlas.org/search/IPO11
Q9UI30,TRMT112,"Nucleus, nucleoplasm; Cytoplasm, perinuclear region",https://www.proteinatlas.org/search/TRMT112
Q9UI95,MAD2L2,"Nucleus; Cytoplasm, cytoskeleton, spindle; Cytoplasm; Chromosome",https://www.proteinatlas.org/search/MAD2L2
Q9UIA9,XPO7,Cytoplasm; Nucleus,https://www.proteinatlas.org/search/XPO7
Q9UIC8,LCMT1,,https://www.proteinatlas.org/search/LCMT1
Q9UID3,VPS51,"Golgi apparatus, trans-Golgi network; Recycling endosome",https://www.proteinatlas.org/search/VPS51
Q9UIF9,BAZ2A,"Nucleus, nucleolus",https://www.proteinatlas.org/search/BAZ2A
Q9UIG0,BAZ1B,Nucleus,https://www.proteinatlas.org/search/BAZ1B
Q9UII2,ATP5IF1,Mitochondrion,https://www.proteinatlas.org/search/ATP5IF1
Q9UIJ7,AK3,Mitochondrion matrix,https://www.proteinatlas.org/search/AK3
Q9UIL1,SCOC,"Golgi apparatus membrane; Golgi apparatus, trans-Golgi network; Cytoplasm, cytosol",https://www.proteinatlas.org/search/SCOC
Q9UIM3,FKBPL,,https://www.proteinatlas.org/search/FKBPL
Q9UIQ6,LNPEP,Cell membrane; Secreted,https://www.proteinatlas.org/search/LNPEP
Q9UIV1,CNOT7,"Nucleus; Cytoplasm, P-body; Cytoplasm, Cytoplasmic ribonucleoprotein granule",https://www.proteinatlas.org/search/CNOT7
Q9UIW2,PLXNA1,Cell membrane,https://www.proteinatlas.org/search/PLXNA1
Q9UJ41,RABGEF1,Cytoplasm; Early endosome; Recycling endosome,https://www.proteinatlas.org/search/RABGEF1
Q9UJ70,NAGK,,https://www.proteinatlas.org/search/NAGK
Q9UJ83,HACL1,Peroxisome,https://www.proteinatlas.org/search/HACL1
Q9UJA5,TRMT6,Nucleus,https://www.proteinatlas.org/search/TRMT6
Q9UJC5,SH3BGRL2,Nucleus,https://www.proteinatlas.org/search/SH3BGRL2
Q9UJK0,TSR3,Cytoplasm,https://www.proteinatlas.org/search/TSR3
Q9UJS0,SLC25A13,Mitochondrion inner membrane,https://www.proteinatlas.org/search/SLC25A13
Q9UJU2,LEF1,Nucleus,https://www.proteinatlas.org/search/LEF1
Q9UJU6,DBNL,"Cytoplasm, cytoskeleton; Cell projection, lamellipodium; Cell projection, ruffle; Cytoplasm, cell cortex; Cytoplasm, cytosol; Synapse; Perikaryon; Cell projection, neuron projection; Cell membrane; Cytoplasmic vesicle, clathrin-coated vesicle membrane; Golgi apparatus membrane; Cell projection, podosome; Early endosome; Cell projection, dendrite; Postsynaptic density",https://www.proteinatlas.org/search/DBNL
Q9UJV9,DDX41,Nucleus; Cytoplasm,https://www.proteinatlas.org/search/DDX41
Q9UJW0,DCTN4,"Cytoplasm, cytoskeleton; Cytoplasm, cytoskeleton, microtubule organizing center, centrosome; Cytoplasm, cytoskeleton, stress fiber; Cytoplasm, cell cortex; Cytoplasm, myofibril, sarcomere",https://www.proteinatlas.org/search/DCTN4
Q9UJX2,CDC23,,https://www.proteinatlas.org/search/CDC23
Q9UJX3,ANAPC7,"Cytoplasm, cytoskeleton; Nucleus; Cytoplasm, cytoskeleton, spindle",https://www.proteinatlas.org/search/ANAPC7
Q9UJX4,ANAPC5,"Nucleus; Cytoplasm, cytoskeleton, spindle",https://www.proteinatlas.org/search/ANAPC5
Q9UJX5,ANAPC4,Nucleus,https://www.proteinatlas.org/search/ANAPC4
Q9UJX6,ANAPC2,,https://www.proteinatlas.org/search/ANAPC2
Q9UJY4,GGA2,"Golgi apparatus, trans-Golgi network membrane; Endosome membrane; Early endosome membrane",https://www.proteinatlas.org/search/GGA2
Q9UJY5,GGA1,"Golgi apparatus, trans-Golgi network membrane; Endosome membrane; Early endosome membrane",https://www.proteinatlas.org/search/GGA1
Q9UJZ1,STOML2,"Cell membrane; Mitochondrion; Mitochondrion inner membrane; Mitochondrion intermembrane space; Membrane raft; Cytoplasm, cytoskeleton",https://www.proteinatlas.org/search/STOML2
Q9UK39,NOCT,"Cytoplasm; Nucleus; Cytoplasm, perinuclear region; Mitochondrion",https://www.proteinatlas.org/search/NOCT
Q9UK41,VPS28,Cell membrane; Late endosome membrane,https://www.proteinatlas.org/search/VPS28
Q9UK45,LSM7,Nucleus,https://www.proteinatlas.org/search/LSM7
Q9UK53,ING1,Nucleus,https://www.proteinatlas.org/search/ING1
Q9UK58,CCNL1,"Nucleus speckle; Nucleus, nucleoplasm",https://www.proteinatlas.org/search/CCNL1
Q9UK59,DBR1,Nucleus,https://www.proteinatlas.org/search/DBR1
Q9UK61,TASOR,Nucleus; Chromosome,https://www.proteinatlas.org/search/TASOR
Q9UK73,FEM1B,Cytoplasm; Nucleus,https://www.proteinatlas.org/search/FEM1B
Q9UK76,JPT1,Nucleus; Cytoplasm,https://www.proteinatlas.org/search/JPT1
Q9UK99,FBXO3,Nucleus,https://www.proteinatlas.org/search/FBXO3
Q9UKA4,AKAP11,"Cytoplasm; Cytoplasm, cytoskeleton, microtubule organizing center, centrosome",https://www.proteinatlas.org/search/AKAP11
Q9UKA9,PTBP2,Nucleus,https://www.proteinatlas.org/search/PTBP2
Q9UKB3,DNAJC12,Cytoplasm,https://www.proteinatlas.org/search/DNAJC12
Q9UKD2,MRTO4,"Nucleus, nucleolus; Cytoplasm",https://www.proteinatlas.org/search/MRTO4
Q9UKE5,TNIK,"Nucleus; Cytoplasm; Recycling endosome; Cytoplasm, cytoskeleton",https://www.proteinatlas.org/search/TNIK
Q9UKF6,CPSF3,Nucleus,https://www.proteinatlas.org/search/CPSF3
Q9UKI8,TLK1,Nucleus,https://www.proteinatlas.org/search/TLK1
Q9UKJ3,GPATCH8,,https://www.proteinatlas.org/search/GPATCH8
Q9UKK6,NXT1,Nucleus; Nucleus speckle; Cytoplasm,https://www.proteinatlas.org/search/NXT1
Q9UKK9,NUDT5,Nucleus,https://www.proteinatlas.org/search/NUDT5
Q9UKL0,RCOR1,Nucleus,https://www.proteinatlas.org/search/RCOR1
Q9UKL6,PCTP,"Cytoplasm, cytosol",https://www.proteinatlas.org/search/PCTP
Q9UKM9,RALY,Nucleus,https://www.proteinatlas.org/search/RALY
Q9UKN8,GTF3C4,Nucleus,https://www.proteinatlas.org/search/GTF3C4
Q9UKT4,FBXO5,"Nucleus; Cytoplasm; Cytoplasm, cytoskeleton, spindle",https://www.proteinatlas.org/search/FBXO5
Q9UKT5,FBXO4,Cytoplasm,https://www.proteinatlas.org/search/FBXO4
Q9UKU7,ACAD8,Mitochondrion,https://www.proteinatlas.org/search/ACAD8
Q9UKV3,ACIN1,"Nucleus; Nucleus speckle; Nucleus, nucleoplasm",https://www.proteinatlas.org/search/ACIN1
Q9UKV8,AGO2,"Cytoplasm, P-body; Nucleus",https://www.proteinatlas.org/search/AGO2
Q9UKX7,NUP50,"Nucleus, nuclear pore complex; Nucleus membrane",https://www.proteinatlas.org/search/NUP50
Q9UKY1,ZHX1,Nucleus,https://www.proteinatlas.org/search/ZHX1
Q9UKY7,CDV3,Cytoplasm,https://www.proteinatlas.org/search/CDV3
Q9UKZ1,CNOT11,Cytoplasm; Nucleus,https://www.proteinatlas.org/search/CNOT11
Q9UL03,INTS6,Nucleus; Chromosome,https://www.proteinatlas.org/search/INTS6
Q9UL15,BAG5,,https://www.proteinatlas.org/search/BAG5
Q9UL25,RAB21,"Endoplasmic reticulum membrane; Golgi apparatus, trans-Golgi network; Golgi apparatus membrane; Early endosome membrane; Cytoplasmic vesicle membrane; Cleavage furrow; Cell projection, neuron projection",https://www.proteinatlas.org/search/RAB21
Q9UL33,TRAPPC2L,"Cytoplasm, perinuclear region; Endoplasmic reticulum; Golgi apparatus",https://www.proteinatlas.org/search/TRAPPC2L
Q9UL40,ZNF346,"Nucleus, nucleolus; Cytoplasm",https://www.proteinatlas.org/search/ZNF346
Q9UL45,BLOC1S6,Cytoplasm; Membrane,https://www.proteinatlas.org/search/BLOC1S6
Q9UL46,PSME2,,https://www.proteinatlas.org/search/PSME2
Q9UL49,TCFL5,Nucleus,https://www.proteinatlas.org/search/TCFL5
Q9UL54,TAOK2,"Cytoplasmic vesicle membrane; Cytoplasm, cytoskeleton; Nucleus; Cell projection, dendrite",https://www.proteinatlas.org/search/TAOK2
Q9UL63,MKLN1,"Cytoplasm; Cytoplasm, cytosol; Nucleus, nucleoplasm; Cell projection, ruffle; Cytoplasm, cell cortex; Synapse; Postsynapse",https://www.proteinatlas.org/search/MKLN1
Q9ULA0,DNPEP,Cytoplasm,https://www.proteinatlas.org/search/DNPEP
Q9ULC3,RAB23,"Cell membrane; Cytoplasm; Cytoplasmic vesicle, autophagosome; Endosome membrane; Cytoplasmic vesicle, phagosome; Cytoplasmic vesicle, phagosome membrane",https://www.proteinatlas.org/search/RAB23
Q9ULC4,MCTS1,Cytoplasm,https://www.proteinatlas.org/search/MCTS1
Q9ULH0,KIDINS220,Membrane; Late endosome,https://www.proteinatlas.org/search/KIDINS220
Q9ULH1,ASAP1,"Cytoplasm; Membrane; Golgi apparatus; Golgi apparatus, trans-Golgi network",https://www.proteinatlas.org/search/ASAP1
Q9ULI0,ATAD2B,Nucleus,https://www.proteinatlas.org/search/ATAD2B
Q9ULJ6,ZMIZ1,"Nucleus, nucleoplasm; Cytoplasm; Nucleus",https://www.proteinatlas.org/search/ZMIZ1
Q9ULK4,MED23,Nucleus,https://www.proteinatlas.org/search/MED23
Q9ULL0,KIAA1210,"Cytoplasmic vesicle, secretory vesicle, acrosome",https://www.proteinatlas.org/search/KIAA1210
Q9ULM3,YEATS2,Nucleus,https://www.proteinatlas.org/search/YEATS2
Q9ULP9,TBC1D24,"Cell membrane; Cytoplasm; Cytoplasmic vesicle membrane; Presynapse; Postsynapse; Cell projection, neuron projection; Cell projection, dendrite; Perikaryon; Cell projection, growth cone; Cytoplasmic vesicle, clathrin-coated vesicle",https://www.proteinatlas.org/search/TBC1D24
Q9ULR0,ISY1,Nucleus,https://www.proteinatlas.org/search/ISY1
Q9ULR3,PPM1H,Nucleus; Cytoplasm,https://www.proteinatlas.org/search/PPM1H
Q9ULT8,HECTD1,,https://www.proteinatlas.org/search/HECTD1
Q9ULU4,ZMYND8,Nucleus; Chromosome; Cytoplasm,https://www.proteinatlas.org/search/ZMYND8
Q9ULV3,CIZ1,Nucleus,https://www.proteinatlas.org/search/CIZ1
Q9ULV4,CORO1C,"Cell membrane; Cell projection, lamellipodium; Cell projection, ruffle membrane; Cytoplasm, cytoskeleton; Cytoplasm, cell cortex; Endosome membrane; Cell membrane, sarcolemma; Cytoplasm, myofibril, sarcomere; Synapse; Cell membrane; Cytoplasm, cytoskeleton; Cytoplasm, cell cortex",https://www.proteinatlas.org/search/CORO1C
Q9ULW0,TPX2,"Nucleus; Cytoplasm, cytoskeleton, spindle; Cytoplasm, cytoskeleton, spindle pole",https://www.proteinatlas.org/search/TPX2
Q9ULW3,ABT1,"Nucleus; Nucleus, nucleolus",https://www.proteinatlas.org/search/ABT1
Q9ULX3,NOB1,Nucleus,https://www.proteinatlas.org/search/NOB1
Q9ULX6,AKAP8L,"Nucleus; Nucleus matrix; Nucleus speckle; Nucleus, PML body; Cytoplasm",https://www.proteinatlas.org/search/AKAP8L
Q9ULZ3,PYCARD,Cytoplasm; Inflammasome; Endoplasmic reticulum; Mitochondrion; Nucleus; Golgi apparatus membrane,https://www.proteinatlas.org/search/PYCARD
Q9UM00,TMCO1,Endoplasmic reticulum membrane; Golgi apparatus membrane; Mitochondrion membrane,https://www.proteinatlas.org/search/TMCO1
Q9UM13,ANAPC10,,https://www.proteinatlas.org/search/ANAPC10
Q9UM54,MYO6,"Golgi apparatus, trans-Golgi network membrane; Golgi apparatus; Nucleus; Cytoplasm, perinuclear region; Membrane, clathrin-coated pit; Cytoplasmic vesicle, clathrin-coated vesicle; Cell projection, filopodium; Cell projection, ruffle membrane; Cell projection, microvillus; Cytoplasm, cytosol; Cytoplasmic vesicle, autophagosome; Endosome; Cytoplasmic vesicle, clathrin-coated vesicle membrane; Cytoplasmic vesicle, clathrin-coated vesicle membrane; Cell projection, ruffle membrane",https://www.proteinatlas.org/search/MYO6
Q9UMR5,PPT2,Lysosome,https://www.proteinatlas.org/search/PPT2
Q9UMS0,NFU1,"Mitochondrion; Cytoplasm, cytosol",https://www.proteinatlas.org/search/NFU1
Q9UMS4,PRPF19,"Nucleus; Nucleus, nucleoplasm; Cytoplasm, cytoskeleton, spindle; Cytoplasm; Lipid droplet",https://www.proteinatlas.org/search/PRPF19
Q9UMX0,UBQLN1,"Cytoplasm; Nucleus; Endoplasmic reticulum; Cytoplasmic vesicle, autophagosome; Cell membrane",https://www.proteinatlas.org/search/UBQLN1
Q9UMX5,NENF,"Secreted, extracellular space; Mitochondrion; Endoplasmic reticulum",https://www.proteinatlas.org/search/NENF
Q9UMY1,NOL7,"Nucleus, nucleolus",https://www.proteinatlas.org/search/NOL7
Q9UMY4,SNX12,Membrane,https://www.proteinatlas.org/search/SNX12
Q9UMZ2,SYNRG,"Cytoplasm; Golgi apparatus, trans-Golgi network membrane; Cytoplasm, perinuclear region; Cytoplasmic vesicle, clathrin-coated vesicle",https://www.proteinatlas.org/search/SYNRG
Q9UN36,NDRG2,"Cytoplasm; Cytoplasm, perinuclear region; Cell projection, growth cone",https://www.proteinatlas.org/search/NDRG2
Q9UN37,VPS4A,"Late endosome membrane; Midbody; Cytoplasm, cytoskeleton, spindle",https://www.proteinatlas.org/search/VPS4A
Q9UN86,G3BP2,"Cytoplasm; Cytoplasm, Stress granule",https://www.proteinatlas.org/search/G3BP2
Q9UNE7,STUB1,Cytoplasm; Nucleus; Mitochondrion,https://www.proteinatlas.org/search/STUB1
Q9UNF0,PACSIN2,"Cytoplasm; Cytoplasm, cytoskeleton; Cytoplasmic vesicle membrane; Cell projection, ruffle membrane; Early endosome; Recycling endosome membrane; Cell membrane; Cell projection; Membrane, caveola; Cell junction, adherens junction",https://www.proteinatlas.org/search/PACSIN2
Q9UNF1,MAGED2,,https://www.proteinatlas.org/search/MAGED2
Q9UNH7,SNX6,Early endosome; Early endosome membrane; Cytoplasmic vesicle; Cytoplasm; Nucleus,https://www.proteinatlas.org/search/SNX6
Q9UNI6,DUSP12,"Nucleus; Cytoplasm, cytosol",https://www.proteinatlas.org/search/DUSP12
Q9UNL2,SSR3,Endoplasmic reticulum membrane,https://www.proteinatlas.org/search/SSR3
Q9UNM6,PSMD13,,https://www.proteinatlas.org/search/PSMD13
Q9UNN5,FAF1,Nucleus,https://www.proteinatlas.org/search/FAF1
Q9UNP9,PPIE,Nucleus,https://www.proteinatlas.org/search/PPIE
Q9UNQ2,DIMT1,"Nucleus, nucleoplasm; Nucleus, nucleolus",https://www.proteinatlas.org/search/DIMT1
Q9UNS1,TIMELESS,Nucleus; Chromosome,https://www.proteinatlas.org/search/TIMELESS
Q9UNS2,COPS3,Cytoplasm; Nucleus; Cell junction,https://www.proteinatlas.org/search/COPS3
Q9UNW1,MINPP1,Endoplasmic reticulum lumen; Secreted; Cell membrane,https://www.proteinatlas.org/search/MINPP1
Q9UNX3,RPL26L1,,https://www.proteinatlas.org/search/RPL26L1
Q9UNX4,WDR3,"Nucleus, nucleolus",https://www.proteinatlas.org/search/WDR3
Q9UNY4,TTF2,Cytoplasm; Nucleus,https://www.proteinatlas.org/search/TTF2
Q9UNZ2,NSFL1C,"Nucleus; Golgi apparatus, Golgi stack; Chromosome; Cytoplasm, cytoskeleton, microtubule organizing center, centrosome",https://www.proteinatlas.org/search/NSFL1C
Q9UP52,TFR2,Cell membrane; Cytoplasm,https://www.proteinatlas.org/search/TFR2
Q9UP83,COG5,"Cytoplasm, cytosol; Golgi apparatus membrane",https://www.proteinatlas.org/search/COG5
Q9UPN3,MACF1,"Cytoplasm, cytoskeleton; Cytoplasm; Golgi apparatus; Cell membrane; Cell projection, ruffle membrane; Cytoplasm; Golgi apparatus",https://www.proteinatlas.org/search/MACF1
Q9UPN4,CEP131,"Cytoplasm, cytoskeleton, microtubule organizing center, centrosome; Cytoplasm, cytoskeleton, microtubule organizing center, centrosome, centriolar satellite; Cytoplasm, cytoskeleton, microtubule organizing center, centrosome, centriole; Cytoplasm, cytoskeleton, cilium basal body; Cytoplasmic vesicle, secretory vesicle, acrosome",https://www.proteinatlas.org/search/CEP131
Q9UPN6,SCAF8,Nucleus; Nucleus matrix,https://www.proteinatlas.org/search/SCAF8
Q9UPN7,PPP6R1,Cytoplasm,https://www.proteinatlas.org/search/PPP6R1
Q9UPN9,TRIM33,Nucleus,https://www.proteinatlas.org/search/TRIM33
Q9UPR3,SMG5,Cytoplasm; Nucleus,https://www.proteinatlas.org/search/SMG5
Q9UPT5,EXOC7,"Cytoplasm, cytosol; Cell membrane; Midbody, Midbody ring",https://www.proteinatlas.org/search/EXOC7
Q9UPT8,ZC3H4,Chromosome,https://www.proteinatlas.org/search/ZC3H4
Q9UPT9,USP22,Nucleus; Cytoplasm,https://www.proteinatlas.org/search/USP22
Q9UPU5,USP24,,https://www.proteinatlas.org/search/USP24
Q9UPW0,FOXJ3,Nucleus,https://www.proteinatlas.org/search/FOXJ3
Q9UPW6,SATB2,Nucleus matrix,https://www.proteinatlas.org/search/SATB2
Q9UPY8,MAPRE3,"Cytoplasm, cytoskeleton",https://www.proteinatlas.org/search/MAPRE3
Q9UQ13,SHOC2,Cytoplasm; Nucleus,https://www.proteinatlas.org/search/SHOC2
Q9UQ16,DNM3,"Cytoplasm; Cytoplasm, cytoskeleton",https://www.proteinatlas.org/search/DNM3
Q9UQ35,SRRM2,Nucleus; Nucleus speckle,https://www.proteinatlas.org/search/SRRM2
Q9UQ80,PA2G4,"Cytoplasm; Nucleus, nucleolus; Cytoplasm",https://www.proteinatlas.org/search/PA2G4
Q9UQB8,BAIAP2,"Cytoplasm; Membrane; Cell projection, filopodium; Cell projection, ruffle; Cytoplasm, cytoskeleton",https://www.proteinatlas.org/search/BAIAP2
Q9UQC2,GAB2,Cytoplasm; Cell membrane; Membrane raft,https://www.proteinatlas.org/search/GAB2
Q9UQE7,SMC3,"Nucleus; Chromosome; Chromosome, centromere",https://www.proteinatlas.org/search/SMC3
Q9UQN3,CHMP2B,"Cytoplasm, cytosol; Late endosome membrane",https://www.proteinatlas.org/search/CHMP2B
Q9UQR0,SCML2,Nucleus,https://www.proteinatlas.org/search/SCML2
Q9URQ5,HTL1,Nucleus,https://www.proteinatlas.org/search/HTL1
Q9Y217,MTMR6,"Cytoplasm; Endoplasmic reticulum-Golgi intermediate compartment; Endoplasmic reticulum; Cell projection, ruffle membrane; Cytoplasm, perinuclear region",https://www.proteinatlas.org/search/MTMR6
Q9Y221,NIP7,"Nucleus, nucleolus",https://www.proteinatlas.org/search/NIP7
Q9Y223,GNE,"Cytoplasm, cytosol",https://www.proteinatlas.org/search/GNE
Q9Y224,RTRAF,"Nucleus; Cytoplasm, cytosol; Cytoplasm, perinuclear region; Cytoplasm, cytoskeleton, microtubule organizing center, centrosome; Nucleus; Cytoplasm",https://www.proteinatlas.org/search/RTRAF
Q9Y230,RUVBL2,"Nucleus matrix; Nucleus, nucleoplasm; Cytoplasm; Membrane; Dynein axonemal particle",https://www.proteinatlas.org/search/RUVBL2
Q9Y232,CDYL,Nucleus; Chromosome,https://www.proteinatlas.org/search/CDYL
Q9Y237,PIN4,"Nucleus, nucleolus; Cytoplasm, cytoskeleton, spindle; Cytoplasm; Mitochondrion; Mitochondrion matrix",https://www.proteinatlas.org/search/PIN4
Q9Y241,HIGD1A,Mitochondrion membrane; Mitochondrion inner membrane,https://www.proteinatlas.org/search/HIGD1A
Q9Y244,POMP,"Cytoplasm, cytosol; Nucleus; Microsome membrane",https://www.proteinatlas.org/search/POMP
Q9Y248,GINS2,Nucleus; Chromosome,https://www.proteinatlas.org/search/GINS2
Q9Y262,EIF3L,Cytoplasm,https://www.proteinatlas.org/search/EIF3L
Q9Y263,PLAA,Nucleus; Cytoplasm; Synapse,https://www.proteinatlas.org/search/PLAA
Q9Y265,RUVBL1,"Nucleus matrix; Nucleus, nucleoplasm; Cytoplasm; Membrane; Cytoplasm, cytoskeleton, microtubule organizing center, centrosome; Dynein axonemal particle",https://www.proteinatlas.org/search/RUVBL1
Q9Y266,NUDC,"Cytoplasm, cytoskeleton; Nucleus; Cytoplasm, cytoskeleton, spindle; Midbody",https://www.proteinatlas.org/search/NUDC
Q9Y276,BCS1L,Mitochondrion inner membrane,https://www.proteinatlas.org/search/BCS1L
Q9Y277,VDAC3,Mitochondrion outer membrane; Membrane,https://www.proteinatlas.org/search/VDAC3
Q9Y281,CFL2,"Nucleus matrix; Cytoplasm, cytoskeleton",https://www.proteinatlas.org/search/CFL2
Q9Y285,FARSA,Cytoplasm,https://www.proteinatlas.org/search/FARSA
Q9Y289,SLC5A6,Cell membrane; Apical cell membrane; Cell membrane,https://www.proteinatlas.org/search/SLC5A6
Q9Y291,MRPS33,Mitochondrion,https://www.proteinatlas.org/search/MRPS33
Q9Y294,ASF1A,Nucleus; Chromosome,https://www.proteinatlas.org/search/ASF1A
Q9Y295,DRG1,Nucleus; Cytoplasm,https://www.proteinatlas.org/search/DRG1
Q9Y296,TRAPPC4,Postsynaptic cell membrane; Golgi apparatus membrane; Endoplasmic reticulum; Vesicle,https://www.proteinatlas.org/search/TRAPPC4
Q9Y2A7,NCKAP1,"Cell membrane; Cell projection, lamellipodium membrane",https://www.proteinatlas.org/search/NCKAP1
Q9Y2B0,CNPY2,Endoplasmic reticulum,https://www.proteinatlas.org/search/CNPY2
Q9Y2D8,SSX2IP,"Cell junction, adherens junction; Nucleus; Cytoplasm, cytoskeleton, microtubule organizing center, centrosome, centriolar satellite; Cytoplasm, cytoskeleton, cilium basal body",https://www.proteinatlas.org/search/SSX2IP
Q9Y2G4,ANKRD6,,https://www.proteinatlas.org/search/ANKRD6
Q9Y2H0,DLGAP4,Membrane,https://www.proteinatlas.org/search/DLGAP4
Q9Y2I1,NISCH,Cell membrane; Cytoplasm; Early endosome; Recycling endosome,https://www.proteinatlas.org/search/NISCH
Q9Y2K2,SIK3,Cytoplasm,https://www.proteinatlas.org/search/SIK3
Q9Y2K6,USP20,"Cytoplasm; Endoplasmic reticulum; Cytoplasm, perinuclear region; Cytoplasm, cytoskeleton, microtubule organizing center, centrosome",https://www.proteinatlas.org/search/USP20
Q9Y2K7,KDM2A,"Nucleus, nucleoplasm; Chromosome",https://www.proteinatlas.org/search/KDM2A
Q9Y2L1,DIS3,"Cytoplasm; Nucleus, nucleolus; Nucleus, nucleoplasm; Nucleus",https://www.proteinatlas.org/search/DIS3
Q9Y2L5,TRAPPC8,"Golgi apparatus, cis-Golgi network",https://www.proteinatlas.org/search/TRAPPC8
Q9Y2P8,RCL1,"Nucleus, nucleolus",https://www.proteinatlas.org/search/RCL1
Q9Y2Q3,GSTK1,Peroxisome,https://www.proteinatlas.org/search/GSTK1
Q9Y2Q5,LAMTOR2,Late endosome membrane; Lysosome membrane,https://www.proteinatlas.org/search/LAMTOR2
Q9Y2Q9,MRPS28,Mitochondrion,https://www.proteinatlas.org/search/MRPS28
Q9Y2R0,COA3,Mitochondrion inner membrane,https://www.proteinatlas.org/search/COA3
Q9Y2R4,DDX52,"Nucleus, nucleolus",https://www.proteinatlas.org/search/DDX52
Q9Y2R5,MRPS17,Mitochondrion,https://www.proteinatlas.org/search/MRPS17
Q9Y2R9,MRPS7,Mitochondrion,https://www.proteinatlas.org/search/MRPS7
Q9Y2S7,POLDIP2,Mitochondrion matrix; Nucleus,https://www.proteinatlas.org/search/POLDIP2
Q9Y2T2,AP3M1,Golgi apparatus; Cytoplasmic vesicle membrane,https://www.proteinatlas.org/search/AP3M1
Q9Y2U8,LEMD3,Nucleus inner membrane,https://www.proteinatlas.org/search/LEMD3
Q9Y2V2,CARHSP1,"Cytoplasm; Cytoplasm, P-body; Cytoplasmic granule",https://www.proteinatlas.org/search/CARHSP1
Q9Y2V7,COG6,Golgi apparatus membrane,https://www.proteinatlas.org/search/COG6
Q9Y2W1,THRAP3,"Nucleus; Nucleus, nucleoplasm; Nucleus speckle",https://www.proteinatlas.org/search/THRAP3
Q9Y2W2,WBP11,Nucleus; Cytoplasm,https://www.proteinatlas.org/search/WBP11
Q9Y2X0,MED16,Nucleus,https://www.proteinatlas.org/search/MED16
Q9Y2X3,NOP58,"Nucleus, nucleolus; Nucleus, nucleoplasm",https://www.proteinatlas.org/search/NOP58
Q9Y2X7,GIT1,"Cytoplasm; Synapse; Presynapse; Postsynapse; Postsynaptic density; Cell junction, focal adhesion; Cell projection, lamellipodium; Cytoplasm, cytoskeleton, microtubule organizing center, centrosome; Cytoplasm, cytoskeleton, spindle pole",https://www.proteinatlas.org/search/GIT1
Q9Y2X9,ZNF281,Nucleus,https://www.proteinatlas.org/search/ZNF281
Q9Y2Y0,ARL2BP,"Cytoplasm; Mitochondrion intermembrane space; Cytoplasm, cytoskeleton, microtubule organizing center, centrosome; Nucleus; Cytoplasm, cytoskeleton, spindle; Cytoplasm, cytoskeleton, cilium basal body",https://www.proteinatlas.org/search/ARL2BP
Q9Y2Y1,POLR3K,Nucleus,https://www.proteinatlas.org/search/POLR3K
Q9Y2Z0,SUGT1,Cytoplasm; Nucleus,https://www.proteinatlas.org/search/SUGT1
Q9Y2Z2,MTO1,Mitochondrion,https://www.proteinatlas.org/search/MTO1
Q9Y2Z4,YARS2,Mitochondrion matrix,https://www.proteinatlas.org/search/YARS2
Q9Y2Z9,COQ6,Mitochondrion inner membrane; Golgi apparatus; Cell projection,https://www.proteinatlas.org/search/COQ6
Q9Y303,AMDHD2,,https://www.proteinatlas.org/search/AMDHD2
Q9Y305,ACOT9,Mitochondrion; Mitochondrion matrix; Mitochondrion inner membrane,https://www.proteinatlas.org/search/ACOT9
Q9Y312,AAR2,,https://www.proteinatlas.org/search/AAR2
Q9Y314,NOSIP,Cytoplasm; Nucleus,https://www.proteinatlas.org/search/NOSIP
Q9Y316,MEMO1,,https://www.proteinatlas.org/search/MEMO1
Q9Y324,FCF1,"Nucleus, nucleolus",https://www.proteinatlas.org/search/FCF1
Q9Y333,LSM2,Nucleus,https://www.proteinatlas.org/search/LSM2
Q9Y371,SH3GLB1,"Cytoplasm; Golgi apparatus membrane; Mitochondrion outer membrane; Cytoplasmic vesicle, autophagosome membrane; Midbody",https://www.proteinatlas.org/search/SH3GLB1
Q9Y375,NDUFAF1,Mitochondrion; Mitochondrion matrix,https://www.proteinatlas.org/search/NDUFAF1
Q9Y376,CAB39,Cytoplasm,https://www.proteinatlas.org/search/CAB39
Q9Y383,LUC7L2,"Nucleus speckle; Nucleus, nucleoplasm",https://www.proteinatlas.org/search/LUC7L2
Q9Y388,RBMX2,Nucleus,https://www.proteinatlas.org/search/RBMX2
Q9Y399,MRPS2,Mitochondrion,https://www.proteinatlas.org/search/MRPS2
Q9Y3A2,UTP11,"Nucleus, nucleolus",https://www.proteinatlas.org/search/UTP11
Q9Y3A3,MOB4,"Cytoplasm, perinuclear region; Membrane; Golgi apparatus, Golgi stack membrane",https://www.proteinatlas.org/search/MOB4
Q9Y3A4,RRP7A,"Nucleus, nucleolus; Cell projection, cilium; Cytoplasm, cytoskeleton, microtubule organizing center, centrosome",https://www.proteinatlas.org/search/RRP7A
Q9Y3A5,SBDS,"Cytoplasm; Nucleus, nucleolus; Nucleus, nucleoplasm; Cytoplasm, cytoskeleton, spindle",https://www.proteinatlas.org/search/SBDS
Q9Y3A6,TMED5,"Endoplasmic reticulum membrane; Golgi apparatus, cis-Golgi network membrane; Endoplasmic reticulum-Golgi intermediate compartment membrane",https://www.proteinatlas.org/search/TMED5
Q9Y3B2,EXOSC1,"Nucleus, nucleolus; Nucleus; Cytoplasm",https://www.proteinatlas.org/search/EXOSC1
Q9Y3B3,TMED7,"Endoplasmic reticulum membrane; Golgi apparatus, cis-Golgi network membrane; Endoplasmic reticulum-Golgi intermediate compartment membrane; Cytoplasmic vesicle, COPI-coated vesicle membrane; Cytoplasmic vesicle, COPII-coated vesicle membrane",https://www.proteinatlas.org/search/TMED7
Q9Y3B4,SF3B6,Nucleus,https://www.proteinatlas.org/search/SF3B6
Q9Y3B7,MRPL11,Mitochondrion,https://www.proteinatlas.org/search/MRPL11
Q9Y3B8,REXO2,Mitochondrion intermembrane space; Mitochondrion matrix; Mitochondrion; Cytoplasm; Nucleus; Cytoplasm; Nucleus,https://www.proteinatlas.org/search/REXO2
Q9Y3B9,RRP15,,https://www.proteinatlas.org/search/RRP15
Q9Y3C1,NOP16,"Nucleus, nucleolus",https://www.proteinatlas.org/search/NOP16
Q9Y3C4,TPRKB,"Cytoplasm, cytosol; Nucleus",https://www.proteinatlas.org/search/TPRKB
Q9Y3C6,PPIL1,Nucleus,https://www.proteinatlas.org/search/PPIL1
Q9Y3C8,UFC1,,https://www.proteinatlas.org/search/UFC1
Q9Y3D0,CIAO2B,"Nucleus; Cytoplasm, cytoskeleton, spindle; Midbody",https://www.proteinatlas.org/search/CIAO2B
Q9Y3D3,MRPS16,Mitochondrion,https://www.proteinatlas.org/search/MRPS16
Q9Y3D5,MRPS18C,Mitochondrion,https://www.proteinatlas.org/search/MRPS18C
Q9Y3D6,FIS1,Mitochondrion outer membrane; Peroxisome membrane,https://www.proteinatlas.org/search/FIS1
Q9Y3D7,PAM16,Mitochondrion inner membrane,https://www.proteinatlas.org/search/PAM16
Q9Y3D8,AK6,"Cytoplasm; Nucleus, nucleoplasm; Nucleus, Cajal body",https://www.proteinatlas.org/search/AK6
Q9Y3D9,MRPS23,Mitochondrion,https://www.proteinatlas.org/search/MRPS23
Q9Y3E0,GOLT1B,Golgi apparatus membrane,https://www.proteinatlas.org/search/GOLT1B
Q9Y3E1,HDGFL3,Nucleus,https://www.proteinatlas.org/search/HDGFL3
Q9Y3E5,PTRH2,Mitochondrion outer membrane,https://www.proteinatlas.org/search/PTRH2
Q9Y3E7,CHMP3,"Cytoplasm, cytosol; Membrane; Endosome; Late endosome membrane",https://www.proteinatlas.org/search/CHMP3
Q9Y3F4,STRAP,Cytoplasm; Nucleus,https://www.proteinatlas.org/search/STRAP
Q9Y3I0,RTCB,Nucleus; Cytoplasm,https://www.proteinatlas.org/search/RTCB
Q9Y3I1,FBXO7,"Cytoplasm; Nucleus; Mitochondrion; Cytoplasm, cytosol",https://www.proteinatlas.org/search/FBXO7
Q9Y3L3,SH3BP1,"Cell projection; Cell junction, tight junction; Cell junction, adherens junction; Cell projection, phagocytic cup; Nucleus; Cytoplasm, cytosol",https://www.proteinatlas.org/search/SH3BP1
Q9Y3P9,RABGAP1,"Cytoplasm, cytosol; Cytoplasm, cytoskeleton, microtubule organizing center, centrosome",https://www.proteinatlas.org/search/RABGAP1
Q9Y3Q8,TSC22D4,"Nucleus; Cytoplasm; Cell projection, dendrite; Synapse",https://www.proteinatlas.org/search/TSC22D4
Q9Y3S2,ZNF330,"Nucleus; Nucleus, nucleolus; Chromosome, centromere",https://www.proteinatlas.org/search/ZNF330
Q9Y3T6,R3HCC1,,https://www.proteinatlas.org/search/R3HCC1
Q9Y3T9,NOC2L,"Nucleus, nucleoplasm; Nucleus, nucleolus",https://www.proteinatlas.org/search/NOC2L
Q9Y3U8,RPL36,"Cytoplasm, cytosol; Cytoplasm",https://www.proteinatlas.org/search/RPL36
Q9Y3X0,CCDC9,,https://www.proteinatlas.org/search/CCDC9
Q9Y3Y2,CHTOP,"Nucleus; Nucleus, nucleolus; Nucleus, nucleoplasm; Nucleus speckle",https://www.proteinatlas.org/search/CHTOP
Q9Y3Z3,SAMHD1,Nucleus; Chromosome,https://www.proteinatlas.org/search/SAMHD1
Q9Y446,PKP3,"Nucleus; Cell junction, desmosome; Cytoplasm; Cell membrane; Cell junction, adherens junction; Cell junction, desmosome; Cytoplasm; Cell junction, desmosome; Cytoplasm",https://www.proteinatlas.org/search/PKP3
Q9Y448,KNSTRN,"Nucleus; Chromosome, centromere, kinetochore; Cytoplasm, cytoskeleton, spindle pole; Cytoplasm, cytoskeleton, microtubule organizing center",https://www.proteinatlas.org/search/KNSTRN
Q9Y450,HBS1L,Cytoplasm; Cytoplasm,https://www.proteinatlas.org/search/HBS1L
Q9Y467,SALL2,Nucleus,https://www.proteinatlas.org/search/SALL2
Q9Y478,PRKAB1,,https://www.proteinatlas.org/search/PRKAB1
Q9Y483,MTF2,Nucleus,https://www.proteinatlas.org/search/MTF2
Q9Y485,DMXL1,Lysosome,https://www.proteinatlas.org/search/DMXL1
Q9Y487,ATP6V0A2,Cell membrane; Endosome membrane,https://www.proteinatlas.org/search/ATP6V0A2
Q9Y490,TLN1,"Cell projection, ruffle membrane; Cytoplasm, cytoskeleton; Cell surface; Cell junction, focal adhesion",https://www.proteinatlas.org/search/TLN1
Q9Y4A5,TRRAP,Nucleus,https://www.proteinatlas.org/search/TRRAP
Q9Y4B6,DCAF1,"Cytoplasm; Nucleus; Cytoplasm, cytoskeleton, microtubule organizing center, centrosome",https://www.proteinatlas.org/search/DCAF1
Q9Y4C1,KDM3A,Cytoplasm; Nucleus,https://www.proteinatlas.org/search/KDM3A
Q9Y4C2,TCAF1,Cell membrane,https://www.proteinatlas.org/search/TCAF1
Q9Y4C8,RBM19,"Nucleus, nucleolus; Nucleus, nucleoplasm; Cytoplasm; Chromosome",https://www.proteinatlas.org/search/RBM19
Q9Y4E1,WASHC2C,Early endosome membrane; Cell membrane,https://www.proteinatlas.org/search/WASHC2C
Q9Y4E5,ZNF451,"Nucleus; Nucleus, PML body; Nucleus, nucleoplasm",https://www.proteinatlas.org/search/ZNF451
Q9Y4E6,WDR7,,https://www.proteinatlas.org/search/WDR7
Q9Y4E8,USP15,Cytoplasm; Nucleus; Mitochondrion,https://www.proteinatlas.org/search/USP15
Q9Y4K3,TRAF6,"Cytoplasm; Cytoplasm, cell cortex; Nucleus; Lipid droplet",https://www.proteinatlas.org/search/TRAF6
Q9Y4L1,HYOU1,Endoplasmic reticulum lumen,https://www.proteinatlas.org/search/HYOU1
Q9Y4P1,ATG4B,"Cytoplasm; Cytoplasm, cytosol; Cytoplasmic vesicle, autophagosome; Endoplasmic reticulum; Mitochondrion",https://www.proteinatlas.org/search/ATG4B
Q9Y4P3,TBL2,,https://www.proteinatlas.org/search/TBL2
Q9Y4P8,WIPI2,Preautophagosomal structure membrane,https://www.proteinatlas.org/search/WIPI2
Q9Y4R8,TELO2,"Cytoplasm; Membrane; Nucleus; Chromosome, telomere",https://www.proteinatlas.org/search/TELO2
Q9Y4W2,LAS1L,"Nucleus, nucleolus; Nucleus, nucleoplasm; Cytoplasm",https://www.proteinatlas.org/search/LAS1L
Q9Y4W6,AFG3L2,Mitochondrion inner membrane,https://www.proteinatlas.org/search/AFG3L2
Q9Y4X0,AMMECR1,Nucleus,https://www.proteinatlas.org/search/AMMECR1
Q9Y4X5,ARIH1,"Cytoplasm; Nucleus; Nucleus, Cajal body",https://www.proteinatlas.org/search/ARIH1
Q9Y4Y9,LSM5,Nucleus,https://www.proteinatlas.org/search/LSM5
Q9Y4Z0,LSM4,Nucleus,https://www.proteinatlas.org/search/LSM4
Q9Y508,RNF114,Cytoplasm; Nucleus,https://www.proteinatlas.org/search/RNF114
Q9Y512,SAMM50,Mitochondrion outer membrane; Cytoplasm; Mitochondrion,https://www.proteinatlas.org/search/SAMM50
Q9Y520,PRRC2C,"Cytoplasm, Stress granule",https://www.proteinatlas.org/search/PRRC2C
Q9Y530,OARD1,"Nucleus, nucleoplasm; Nucleus, nucleolus; Chromosome",https://www.proteinatlas.org/search/OARD1
Q9Y535,POLR3H,Nucleus,https://www.proteinatlas.org/search/POLR3H
Q9Y547,IFT25,"Cell projection, cilium",https://www.proteinatlas.org/search/IFT25
Q9Y570,PPME1,,https://www.proteinatlas.org/search/PPME1
Q9Y575,ASB3,Cytoplasm,https://www.proteinatlas.org/search/ASB3
Q9Y580,RBM7,"Nucleus, nucleoplasm; Nucleus",https://www.proteinatlas.org/search/RBM7
Q9Y584,TIMM22,Mitochondrion inner membrane,https://www.proteinatlas.org/search/TIMM22
Q9Y587,AP4S1,"Golgi apparatus, trans-Golgi network membrane",https://www.proteinatlas.org/search/AP4S1
Q9Y5A7,NUB1,Nucleus,https://www.proteinatlas.org/search/NUB1
Q9Y5A9,YTHDF2,"Cytoplasm, cytosol; Cytoplasm, P-body; Cytoplasm, Stress granule; Nucleus",https://www.proteinatlas.org/search/YTHDF2
Q9Y5B0,CTDP1,"Nucleus; Cytoplasm, cytoskeleton, microtubule organizing center, centrosome; Cytoplasm, cytoskeleton, spindle pole; Midbody",https://www.proteinatlas.org/search/CTDP1
Q9Y5B6,PAXBP1,Nucleus,https://www.proteinatlas.org/search/PAXBP1
Q9Y5B8,NME7,"Cytoplasm, cytoskeleton, microtubule organizing center, centrosome; Nucleus; Cytoplasm; Cytoplasm, cytoskeleton, spindle; Cytoplasm, cytoskeleton, cilium axoneme; Cytoplasm, cytoskeleton, flagellum axoneme; Cell projection, cilium; Cytoplasm, cytoskeleton, cilium basal body",https://www.proteinatlas.org/search/NME7
Q9Y5B9,SUPT16H,Nucleus; Chromosome,https://www.proteinatlas.org/search/SUPT16H
Q9Y5J1,UTP18,"Nucleus, nucleolus",https://www.proteinatlas.org/search/UTP18
Q9Y5J6,TIMM10B,Mitochondrion inner membrane,https://www.proteinatlas.org/search/TIMM10B
Q9Y5J7,TIMM9,Mitochondrion inner membrane,https://www.proteinatlas.org/search/TIMM9
Q9Y5J9,TIMM8B,Mitochondrion inner membrane,https://www.proteinatlas.org/search/TIMM8B
Q9Y5K5,UCHL5,Cytoplasm; Nucleus,https://www.proteinatlas.org/search/UCHL5
Q9Y5K6,CD2AP,"Cytoplasm, cytoskeleton; Cell projection, ruffle; Cell junction",https://www.proteinatlas.org/search/CD2AP
Q9Y5K8,ATP6V1D,"Membrane; Cytoplasmic vesicle, clathrin-coated vesicle membrane; Lysosome membrane; Cytoplasm, cytoskeleton, microtubule organizing center, centrosome; Cell projection, cilium",https://www.proteinatlas.org/search/ATP6V1D
Q9Y5L0,TNPO3,Nucleus envelope; Cytoplasm,https://www.proteinatlas.org/search/TNPO3
Q9Y5L4,TIMM13,Mitochondrion inner membrane,https://www.proteinatlas.org/search/TIMM13
Q9Y5M8,SRPRB,Endoplasmic reticulum membrane,https://www.proteinatlas.org/search/SRPRB
Q9Y5N6,ORC6,Nucleus,https://www.proteinatlas.org/search/ORC6
Q9Y5P4,CERT1,Cytoplasm; Golgi apparatus; Endoplasmic reticulum,https://www.proteinatlas.org/search/CERT1
Q9Y5P6,GMPPB,Cytoplasm,https://www.proteinatlas.org/search/GMPPB
Q9Y5Q8,GTF3C5,Nucleus,https://www.proteinatlas.org/search/GTF3C5
Q9Y5Q9,GTF3C3,Nucleus,https://www.proteinatlas.org/search/GTF3C3
Q9Y5R8,TRAPPC1,"Golgi apparatus, cis-Golgi network; Endoplasmic reticulum",https://www.proteinatlas.org/search/TRAPPC1
Q9Y5S1,TRPV2,Cell membrane; Cytoplasm; Melanosome,https://www.proteinatlas.org/search/TRPV2
Q9Y5S2,CDC42BPB,"Cytoplasm; Cell membrane; Cell junction; Cell projection, lamellipodium",https://www.proteinatlas.org/search/CDC42BPB
Q9Y5S9,RBM8A,Nucleus; Nucleus speckle; Cytoplasm,https://www.proteinatlas.org/search/RBM8A
Q9Y5T5,USP16,Nucleus; Cytoplasm,https://www.proteinatlas.org/search/USP16
Q9Y5U2,TSSC4,Nucleus; Cytoplasm,https://www.proteinatlas.org/search/TSSC4
Q9Y5U8,MPC1,Mitochondrion inner membrane,https://www.proteinatlas.org/search/MPC1
Q9Y5U9,IER3IP1,Endoplasmic reticulum membrane,https://www.proteinatlas.org/search/IER3IP1
Q9Y5V0,ZNF706,Cytoplasm; Nucleus,https://www.proteinatlas.org/search/ZNF706
Q9Y5X1,SNX9,"Cytoplasmic vesicle membrane; Cell membrane; Cytoplasmic vesicle, clathrin-coated vesicle; Golgi apparatus, trans-Golgi network; Cell projection, ruffle; Cytoplasm",https://www.proteinatlas.org/search/SNX9
Q9Y5X2,SNX8,Early endosome membrane,https://www.proteinatlas.org/search/SNX8
Q9Y5X3,SNX5,"Endosome; Early endosome; Early endosome membrane; Cell membrane; Cytoplasmic vesicle membrane; Cytoplasm; Cell projection, phagocytic cup; Cell projection, ruffle",https://www.proteinatlas.org/search/SNX5
Q9Y5Y2,NUBP2,"Nucleus; Cytoplasm, cytoskeleton, microtubule organizing center, centrosome; Cytoplasm; Cytoplasm, cytoskeleton, cilium axoneme; Cytoplasm, cytoskeleton, microtubule organizing center, centrosome, centriole; Cytoplasm, cytoskeleton, microtubule organizing center",https://www.proteinatlas.org/search/NUBP2
Q9Y5Z4,HEBP2,Cytoplasm; Mitochondrion,https://www.proteinatlas.org/search/HEBP2
Q9Y605,MRFAP1,"Nucleus; Cytoplasm, perinuclear region",https://www.proteinatlas.org/search/MRFAP1
Q9Y606,PUS1,Mitochondrion; Nucleus; Cytoplasm,https://www.proteinatlas.org/search/PUS1
Q9Y608,LRRFIP2,,https://www.proteinatlas.org/search/LRRFIP2
Q9Y613,FHOD1,"Cytoplasm; Cytoplasm, cytoskeleton; Cell projection, bleb",https://www.proteinatlas.org/search/FHOD1
Q9Y617,PSAT1,,https://www.proteinatlas.org/search/PSAT1
Q9Y624,F11R,"Cell junction, tight junction; Cell membrane",https://www.proteinatlas.org/search/F11R
Q9Y657,SPIN1,"Nucleus; Nucleus, nucleolus",https://www.proteinatlas.org/search/SPIN1
Q9Y676,MRPS18B,Mitochondrion,https://www.proteinatlas.org/search/MRPS18B
Q9Y678,COPG1,"Cytoplasm; Golgi apparatus membrane; Cytoplasmic vesicle, COPI-coated vesicle membrane",https://www.proteinatlas.org/search/COPG1
Q9Y679,AUP1,"Endoplasmic reticulum membrane; Lipid droplet; Cytoplasmic vesicle, autophagosome",https://www.proteinatlas.org/search/AUP1
Q9Y692,GMEB1,Nucleus; Cytoplasm,https://www.proteinatlas.org/search/GMEB1
Q9Y696,CLIC4,"Cytoplasm, cytoskeleton, microtubule organizing center, centrosome; Cytoplasmic vesicle membrane; Nucleus; Cell membrane; Mitochondrion; Cell junction; Endoplasmic reticulum membrane",https://www.proteinatlas.org/search/CLIC4
Q9Y697,NFS1,"Mitochondrion; Cytoplasm, cytosol; Nucleus; Cytoplasm, cytoskeleton, microtubule organizing center, centrosome",https://www.proteinatlas.org/search/NFS1
Q9Y6A4,CFAP20,"Nucleus; Cytoplasm, cytoskeleton, microtubule organizing center, centrosome, centriole; Cytoplasm, cytoskeleton, cilium basal body; Cytoplasm, cytoskeleton, cilium axoneme; Cytoplasm, cytoskeleton, flagellum axoneme",https://www.proteinatlas.org/search/CFAP20
Q9Y6A5,TACC3,"Cytoplasm; Cytoplasm, cytoskeleton, microtubule organizing center, centrosome; Cytoplasm, cytoskeleton, spindle; Cytoplasm, cytoskeleton, spindle pole",https://www.proteinatlas.org/search/TACC3
Q9Y6A9,SPCS1,Endoplasmic reticulum membrane,https://www.proteinatlas.org/search/SPCS1
Q9Y6B6,SAR1B,"Endoplasmic reticulum membrane; Golgi apparatus, Golgi stack membrane; Cytoplasm, cytosol; Lysosome membrane",https://www.proteinatlas.org/search/SAR1B
Q9Y6C9,MTCH2,Mitochondrion outer membrane,https://www.proteinatlas.org/search/MTCH2
Q9Y6D5,ARFGEF2,"Cytoplasm; Membrane; Golgi apparatus; Cytoplasm, perinuclear region; Golgi apparatus, trans-Golgi network; Endosome; Cytoplasm, cytoskeleton, microtubule organizing center, centrosome; Cell projection, dendrite; Cytoplasmic vesicle; Synapse; Cytoplasm, cytoskeleton",https://www.proteinatlas.org/search/ARFGEF2
Q9Y6D6,ARFGEF1,"Cytoplasm; Cytoplasm, perinuclear region; Golgi apparatus; Golgi apparatus, trans-Golgi network membrane; Nucleus; Nucleus, nucleolus; Nucleus matrix",https://www.proteinatlas.org/search/ARFGEF1
Q9Y6D9,MAD1L1,"Nucleus; Chromosome, centromere, kinetochore; Nucleus envelope; Cytoplasm, cytoskeleton, microtubule organizing center, centrosome; Cytoplasm, cytoskeleton, spindle; Cytoplasm, cytoskeleton, spindle pole; Cytoplasm",https://www.proteinatlas.org/search/MAD1L1
Q9Y6E0,STK24,Cytoplasm; Nucleus; Membrane,https://www.proteinatlas.org/search/STK24
Q9Y6E2,BZW2,Cytoplasm,https://www.proteinatlas.org/search/BZW2
Q9Y6G3,MRPL42,Mitochondrion,https://www.proteinatlas.org/search/MRPL42
Q9Y6G5,COMMD10,Cytoplasm; Nucleus,https://www.proteinatlas.org/search/COMMD10
Q9Y6G9,DYNC1LI1,"Cytoplasm; Chromosome, centromere, kinetochore; Cytoplasm, cytoskeleton, spindle pole; Recycling endosome membrane",https://www.proteinatlas.org/search/DYNC1LI1
Q9Y6H1,CHCHD2,Nucleus; Mitochondrion; Mitochondrion intermembrane space,https://www.proteinatlas.org/search/CHCHD2
Q9Y6I3,EPN1,"Cytoplasm; Cell membrane; Nucleus; Membrane, clathrin-coated pit",https://www.proteinatlas.org/search/EPN1
Q9Y6I4,USP3,Nucleus; Cytoplasm,https://www.proteinatlas.org/search/USP3
Q9Y6J0,CABIN1,Nucleus,https://www.proteinatlas.org/search/CABIN1
Q9Y6J9,TAF6L,Nucleus,https://www.proteinatlas.org/search/TAF6L
Q9Y6K9,IKBKG,Cytoplasm; Nucleus,https://www.proteinatlas.org/search/IKBKG
Q9Y6M1,IGF2BP2,"Nucleus; Cytoplasm; Cytoplasm, P-body; Cytoplasm, Stress granule",https://www.proteinatlas.org/search/IGF2BP2
Q9Y6M5,SLC30A1,Cell membrane; Basolateral cell membrane; Cytoplasmic vesicle membrane; Cytoplasm; Endoplasmic reticulum membrane; Golgi apparatus membrane; Nucleus membrane; Postsynaptic density,https://www.proteinatlas.org/search/SLC30A1
Q9Y6M9,NDUFB9,Mitochondrion inner membrane,https://www.proteinatlas.org/search/NDUFB9
Q9Y6R0,NUMBL,Cytoplasm,https://www.proteinatlas.org/search/NUMBL
Q9Y6R4,MAP3K4,"Cytoplasm, perinuclear region",https://www.proteinatlas.org/search/MAP3K4
Q9Y6V7,DDX49,"Nucleus, nucleolus",https://www.proteinatlas.org/search/DDX49
Q9Y6W3,CAPN7,Nucleus,https://www.proteinatlas.org/search/CAPN7
Q9Y6W5,WASF2,"Cytoplasm, cytoskeleton; Cell projection, lamellipodium; Basolateral cell membrane",https://www.proteinatlas.org/search/WASF2
Q9Y6X3,MAU2,"Nucleus, nucleoplasm; Nucleus; Chromosome",https://www.proteinatlas.org/search/MAU2
Q9Y6X9,MORC2,"Nucleus; Cytoplasm, cytosol; Chromosome; Nucleus matrix",https://www.proteinatlas.org/search/MORC2
Q9Y6Y0,IVNS1ABP,"Cytoplasm; Cytoplasm, cytoskeleton; Nucleus, nucleoplasm",https://www.proteinatlas.org/search/IVNS1ABP
Q9Y6Y8,SEC23IP,"Cytoplasmic vesicle, COPII-coated vesicle membrane; Endoplasmic reticulum",https://www.proteinatlas.org/search/SEC23IP
